exp,algo,family,n,m,dist,het,inst_seed,run_seed,budget,lb,lb2,maxmin,runtime_s,best,makespan,energy_Wh,evals,gap,gap2,ratio_mm,end_impr_reloc,end_impr_swap,end_tied_crit,wasted,neutral,improving,worse,move_size,gb_impr_per_1k,dup_global_frac,touch_crit_frac,x_frac,x_success,late_improving_frac,last_gb_impr_frac,div_end,purity_end,bsf_005,bsf_010,bsf_015,bsf_020,bsf_025,bsf_030,bsf_035,bsf_040,bsf_045,bsf_050,bsf_055,bsf_060,bsf_065,bsf_070,bsf_075,bsf_080,bsf_085,bsf_090,bsf_095,bsf_100,key
h7_tune,(1+1)-EA+CXM c=0.25 px=0.5,n100 m10 uniform high,100,10,uniform,high,1,0,20000,47.06057394079924,47.06057394079921,47.44932658387582,0.8286888599395752,47.087724874702644,47.087724874702644,28.68548409438489,20000,0.0005769358856005854,0.0005769358856011897,0.9923792025049296,0,0,1,0.3962698134906745,0.0016000800040002,0.01335066753337667,0.5887794389719486,1.2202110105505275,13.35,0.7347867393369668,0.44107205360268015,0.5066753337666884,0.025757426231126025,0.0,0.225,0.0,,47.767213498540514,47.104759991066764,47.102462505263325,47.09438436384783,47.087724874702644,47.087724874702644,47.087724874702644,47.087724874702644,47.087724874702644,47.087724874702644,47.087724874702644,47.087724874702644,47.087724874702644,47.087724874702644,47.087724874702644,47.087724874702644,47.087724874702644,47.087724874702644,47.087724874702644,47.087724874702644,(1+1)-EA+CXM c=0.25 px=0.5|100|10|uniform|high|1|0
h7_tune,(1+1)-EA+CXM c=0.25 px=0.5,n100 m10 uniform high,100,10,uniform,high,1,1,20000,47.06057394079924,47.06057394079921,47.44932658387582,0.8316936492919922,47.10803248338392,47.10803248338392,28.681923039545815,20000,0.001008456519131849,0.0010084565191324536,0.9928071876870876,0,0,1,0.40187009350467523,0.0009000450022501125,0.008200410020501024,0.5890294514725737,1.207960398019901,8.2,0.7757887894394719,0.4338216910845542,0.4976248812440622,0.016177652733118972,0.0,0.126,0.0,,47.21299870686948,47.11545714061484,47.10803248338392,47.10803248338392,47.10803248338392,47.10803248338392,47.10803248338392,47.10803248338392,47.10803248338392,47.10803248338392,47.10803248338392,47.10803248338392,47.10803248338392,47.10803248338392,47.10803248338392,47.10803248338392,47.10803248338392,47.10803248338392,47.10803248338392,47.10803248338392,(1+1)-EA+CXM c=0.25 px=0.5|100|10|uniform|high|1|1
h7_tune,(1+1)-EA+CXM c=0.25 px=0.5,n100 m10 uniform high,100,10,uniform,high,1,2,20000,47.06057394079924,47.06057394079921,47.44932658387582,0.871497631072998,47.0704076245279,47.0704076245279,28.678888182690503,20000,0.00020895800678155126,0.00020895800678215532,0.9920142394712788,0,0,1,0.40177008850442525,0.00120006000300015,0.01175058752937647,0.5852792639631982,1.1979598979948998,11.75,0.5967798389919496,0.44177208860443024,0.49657482874143705,0.02305910784412446,0.0004,0.726,0.0,,47.533103421775635,47.17473857855472,47.11617249002317,47.08777865458187,47.08717856831148,47.08589430823063,47.07677001357097,47.07677001357097,47.07677001357097,47.07677001357097,47.07420458308483,47.07420458308483,47.072861002789296,47.072861002789296,47.0704076245279,47.0704076245279,47.0704076245279,47.0704076245279,47.0704076245279,47.0704076245279,(1+1)-EA+CXM c=0.25 px=0.5|100|10|uniform|high|1|2
h7_tune,(1+1)-EA+CXM c=0.25 px=0.5,n100 m10 uniform high,100,10,uniform,high,1,3,20000,47.06057394079924,47.06057394079921,47.44932658387582,0.844249963760376,47.071893414784185,47.071893414784185,28.67959879568435,20000,0.00024052987537268765,0.00024052987537329172,0.992045552671344,0,0,1,0.39556977848892444,0.0021001050052502626,0.013000650032501625,0.5893294664733236,1.2127106355317765,13.0,0.7335866793339667,0.44332216610830544,0.5030751537576879,0.02524599940363781,0.0,0.249,0.0,,48.764731028348045,47.17934062632901,47.1025798535525,47.078020976457196,47.071893414784185,47.071893414784185,47.071893414784185,47.071893414784185,47.071893414784185,47.071893414784185,47.071893414784185,47.071893414784185,47.071893414784185,47.071893414784185,47.071893414784185,47.071893414784185,47.071893414784185,47.071893414784185,47.071893414784185,47.071893414784185,(1+1)-EA+CXM c=0.25 px=0.5|100|10|uniform|high|1|3
h7_tune,(1+1)-EA+CXM c=0.25 px=0.5,n100 m10 uniform high,100,10,uniform,high,1,4,20000,47.06057394079924,47.06057394079921,47.44932658387582,0.848639726638794,47.07544875619724,47.07544875619724,28.679491319173533,20000,0.0003160780702911602,0.00031607807029176434,0.9921204818994073,0,0,1,0.3975698784939247,0.0011000550027501375,0.010200510025501276,0.5911295564778238,1.215210760538027,10.2,0.6680334016700835,0.4504725236261813,0.5038251912595629,0.020246129416435093,0.0,0.492,0.0,,47.27665768042895,47.10601895115308,47.09565087649593,47.08837819379142,47.086665015734866,47.08422622172306,47.081791619612645,47.081791619612645,47.081791619612645,47.07544875619724,47.07544875619724,47.07544875619724,47.07544875619724,47.07544875619724,47.07544875619724,47.07544875619724,47.07544875619724,47.07544875619724,47.07544875619724,47.07544875619724,(1+1)-EA+CXM c=0.25 px=0.5|100|10|uniform|high|1|4
h7_tune,(1+1)-EA+CXM c=0.25 px=0.5,n100 m10 uniform high,100,10,uniform,high,1,5,20000,47.06057394079924,47.06057394079921,47.44932658387582,0.8425977230072021,47.07837704363065,47.07837704363065,28.68119004583952,20000,0.0003783018637599051,0.0003783018637605093,0.9921821958929291,0,0,1,0.39616980849042455,0.002050102505125256,0.011550577528876444,0.5902295114755738,1.215760788039402,11.55,0.7050852542627132,0.4383219160958048,0.5001750087504375,0.02249325202439268,0.0,0.294,0.0,,47.284889453774376,47.10266077453569,47.08761913351208,47.08141361961789,47.08141361961789,47.07837704363065,47.07837704363065,47.07837704363065,47.07837704363065,47.07837704363065,47.07837704363065,47.07837704363065,47.07837704363065,47.07837704363065,47.07837704363065,47.07837704363065,47.07837704363065,47.07837704363065,47.07837704363065,47.07837704363065,(1+1)-EA+CXM c=0.25 px=0.5|100|10|uniform|high|1|5
h7_tune,(1+1)-EA+CXM c=0.25 px=0.5,n100 m10 uniform high,100,10,uniform,high,1,6,20000,47.06057394079924,47.06057394079921,47.44932658387582,0.8464229106903076,47.09676805189552,47.09676805189552,28.68301113600114,20000,0.0007690962533057309,0.0007690962533063353,0.9925697885014851,0,0,1,0.3970198509925496,0.0016000800040002,0.010750537526876344,0.5906295314765738,1.1396569828491425,10.75,0.7727386369318466,0.45787289364468226,0.4990749537476874,0.020839595230938784,0.0,0.153,0.0,,47.23880914482046,47.09768888665697,47.09768888665697,47.09676805189552,47.09676805189552,47.09676805189552,47.09676805189552,47.09676805189552,47.09676805189552,47.09676805189552,47.09676805189552,47.09676805189552,47.09676805189552,47.09676805189552,47.09676805189552,47.09676805189552,47.09676805189552,47.09676805189552,47.09676805189552,47.09676805189552,(1+1)-EA+CXM c=0.25 px=0.5|100|10|uniform|high|1|6
h7_tune,(1+1)-EA+CXM c=0.25 px=0.5,n100 m10 uniform high,100,10,uniform,high,1,7,20000,47.06057394079924,47.06057394079921,47.44932658387582,0.8224718570709229,47.086723895736874,47.086723895736874,28.684238559750796,20000,0.0005556658737424784,0.0005556658737430828,0.9923581067584177,0,0,1,0.40287014350717537,0.0016500825041252062,0.010050502525126256,0.5854292714635732,1.2061603080154009,10.05,0.7551377568878443,0.4383719185959298,0.4975748787439372,0.019897497738920713,0.0,0.126,0.0,,47.262522156213244,47.111985601372886,47.086723895736874,47.086723895736874,47.086723895736874,47.086723895736874,47.086723895736874,47.086723895736874,47.086723895736874,47.086723895736874,47.086723895736874,47.086723895736874,47.086723895736874,47.086723895736874,47.086723895736874,47.086723895736874,47.086723895736874,47.086723895736874,47.086723895736874,47.086723895736874,(1+1)-EA+CXM c=0.25 px=0.5|100|10|uniform|high|1|7
h7_tune,(1+1)-EA+CXM c=0.25 px=0.5,n100 m10 uniform high,100,10,uniform,high,1,8,20000,47.06057394079924,47.06057394079921,47.44932658387582,0.8271994590759277,47.095318298070495,47.095318298070495,28.686758564254497,20000,0.0007382901303958837,0.0007382901303964882,0.9925392347733418,0,0,1,0.40042002100105006,0.0012500625031251563,0.01135056752837642,0.5869793489674484,1.2046102305115256,11.35,0.6845842292114606,0.440022001100055,0.5002750137506875,0.02208895552223888,0.0,0.432,0.0,,47.38161954139637,47.15055939132087,47.145709729792166,47.11289452562566,47.10107725636653,47.10018920747141,47.10018920747141,47.10008364773585,47.095318298070495,47.095318298070495,47.095318298070495,47.095318298070495,47.095318298070495,47.095318298070495,47.095318298070495,47.095318298070495,47.095318298070495,47.095318298070495,47.095318298070495,47.095318298070495,(1+1)-EA+CXM c=0.25 px=0.5|100|10|uniform|high|1|8
h7_tune,(1+1)-EA+CXM c=0.25 px=0.5,n100 m10 uniform high,100,10,uniform,high,1,9,20000,47.06057394079924,47.06057394079921,47.44932658387582,0.8360743522644043,47.08091610060668,47.08091610060668,28.682219804889396,20000,0.00043225481765333287,0.00043225481765393704,0.9922357068099185,0,0,1,0.3977198859942997,0.0011500575028751438,0.013150657532876643,0.5879793989699486,1.2124106205310266,13.15,0.6660333016650832,0.44452222611130554,0.49872493624681236,0.025666733507118508,0.0,0.459,0.0,,48.32107346794259,47.34438864969078,47.154987397865156,47.09489000966911,47.09053056135185,47.08527209489514,47.08223495411548,47.08223495411548,47.08223495411548,47.08091610060668,47.08091610060668,47.08091610060668,47.08091610060668,47.08091610060668,47.08091610060668,47.08091610060668,47.08091610060668,47.08091610060668,47.08091610060668,47.08091610060668,(1+1)-EA+CXM c=0.25 px=0.5|100|10|uniform|high|1|9
h7_tune,(1+1)-EA+CXM c=0.25 px=1.0,n100 m10 uniform high,100,10,uniform,high,1,0,20000,47.06057394079924,47.06057394079921,47.44932658387582,1.0588281154632568,47.081738508937256,47.081738508937256,28.680974751510057,20000,0.0004497303446541773,0.0004497303446547815,0.9922530391598122,0,0,1,0.0,5.000250012500625e-05,0.0144007200360018,0.9855492774638732,2.192059602980149,14.4,0.5697284864243212,0.8616930846542327,1.0,0.0144007200360018,0.0,0.42,0.0,,47.135837628137345,47.09246607767808,47.08419577199878,47.08419577199878,47.08399048841856,47.08399048841856,47.081784873651635,47.081784873651635,47.081738508937256,47.081738508937256,47.081738508937256,47.081738508937256,47.081738508937256,47.081738508937256,47.081738508937256,47.081738508937256,47.081738508937256,47.081738508937256,47.081738508937256,47.081738508937256,(1+1)-EA+CXM c=0.25 px=1.0|100|10|uniform|high|1|0
h7_tune,(1+1)-EA+CXM c=0.25 px=1.0,n100 m10 uniform high,100,10,uniform,high,1,1,20000,47.06057394079924,47.06057394079921,47.44932658387582,1.0231447219848633,47.07014116042886,47.07014116042886,28.678711990511548,20000,0.00020329585528767137,0.00020329585528827544,0.9920086237098291,0,0,1,5.000250012500625e-05,0.0,0.008700435021751088,0.9912495624781239,2.169608480424021,8.7,0.5970798539926996,0.8666933346667334,1.0,0.008700435021751088,0.0,0.417,0.0,,47.13421411222233,47.09310045794286,47.07300544218457,47.070226827802244,47.070226827802244,47.070226827802244,47.070226827802244,47.070226827802244,47.07014116042886,47.07014116042886,47.07014116042886,47.07014116042886,47.07014116042886,47.07014116042886,47.07014116042886,47.07014116042886,47.07014116042886,47.07014116042886,47.07014116042886,47.07014116042886,(1+1)-EA+CXM c=0.25 px=1.0|100|10|uniform|high|1|1
h7_tune,(1+1)-EA+CXM c=0.25 px=1.0,n100 m10 uniform high,100,10,uniform,high,1,2,20000,47.06057394079924,47.06057394079921,47.44932658387582,1.0344207286834717,47.07967849473123,47.07967849473123,28.681983690223447,20000,0.0004059566709923424,0.00040595667099294655,0.992209624124145,0,0,1,0.0,0.000200010000500025,0.014550727536376819,0.9852492624631232,2.193809690484524,14.55,0.6372818640932046,0.8585429271463573,1.0,0.014550727536376819,0.0,0.27,0.0,,47.220497799273524,47.087143652495456,47.087143652495456,47.087143652495456,47.08433008668626,47.07967849473123,47.07967849473123,47.07967849473123,47.07967849473123,47.07967849473123,47.07967849473123,47.07967849473123,47.07967849473123,47.07967849473123,47.07967849473123,47.07967849473123,47.07967849473123,47.07967849473123,47.07967849473123,47.07967849473123,(1+1)-EA+CXM c=0.25 px=1.0|100|10|uniform|high|1|2
h7_tune,(1+1)-EA+CXM c=0.25 px=1.0,n100 m10 uniform high,100,10,uniform,high,1,3,20000,47.06057394079924,47.06057394079921,47.44932658387582,1.046595573425293,47.07933094893588,47.07933094893588,28.680807143071778,20000,0.00039857159753813623,0.00039857159753874046,0.992202299556646,0,0,1,0.0,0.00025001250062503126,0.019250962548127408,0.9804990249512475,2.1935596779838993,19.25,0.42912145607280366,0.8573928696434822,1.0,0.019250962548127408,0.0002,0.618,0.0,,50.5259523474566,47.214386432106366,47.149999372243286,47.143826938230255,47.12195348140972,47.12195348140972,47.093820826741236,47.0909111773174,47.08850401883713,47.08342417988867,47.08342417988867,47.08342417988867,47.07933094893588,47.07933094893588,47.07933094893588,47.07933094893588,47.07933094893588,47.07933094893588,47.07933094893588,47.07933094893588,(1+1)-EA+CXM c=0.25 px=1.0|100|10|uniform|high|1|3
h7_tune,(1+1)-EA+CXM c=0.25 px=1.0,n100 m10 uniform high,100,10,uniform,high,1,4,20000,47.06057394079924,47.06057394079921,47.44932658387582,1.001215934753418,47.11728561652382,47.11728561652382,28.688320830865617,20000,0.001205078284763954,0.0012050782847645586,0.9930021985293078,0,0,1,5.000250012500625e-05,0.00025001250062503126,0.01215060753037652,0.9875493774688734,2.1930096504825243,12.15,0.6745337266863343,0.8438421921096054,1.0,0.01215060753037652,0.0,0.135,0.0,,48.19297369779822,47.16357314767528,47.11728561652382,47.11728561652382,47.11728561652382,47.11728561652382,47.11728561652382,47.11728561652382,47.11728561652382,47.11728561652382,47.11728561652382,47.11728561652382,47.11728561652382,47.11728561652382,47.11728561652382,47.11728561652382,47.11728561652382,47.11728561652382,47.11728561652382,47.11728561652382,(1+1)-EA+CXM c=0.25 px=1.0|100|10|uniform|high|1|4
h7_tune,(1+1)-EA+CXM c=0.25 px=1.0,n100 m10 uniform high,100,10,uniform,high,1,5,20000,47.06057394079924,47.06057394079921,47.44932658387582,0.9840166568756104,47.07473845494409,47.07473845494409,28.67951982025382,20000,0.00030098473007725355,0.00030098473007785767,0.9921055122190285,0,0,1,0.0,0.00015000750037501875,0.013250662533126656,0.9865993299664984,2.1958097904895246,13.25,0.5775288764438222,0.8500425021251062,1.0,0.013250662533126656,0.0,0.363,0.0,,47.967834755575986,47.1021313346775,47.1021313346775,47.1021313346775,47.0811236563285,47.076210397282814,47.075343725293735,47.07473845494409,47.07473845494409,47.07473845494409,47.07473845494409,47.07473845494409,47.07473845494409,47.07473845494409,47.07473845494409,47.07473845494409,47.07473845494409,47.07473845494409,47.07473845494409,47.07473845494409,(1+1)-EA+CXM c=0.25 px=1.0|100|10|uniform|high|1|5
h7_tune,(1+1)-EA+CXM c=0.25 px=1.0,n100 m10 uniform high,100,10,uniform,high,1,6,20000,47.06057394079924,47.06057394079921,47.44932658387582,1.0087120532989502,47.100904512857404,47.100904512857404,28.6827044394104,20000,0.0008569927793252514,0.0008569927793258558,0.9926569648906921,0,0,1,0.0,5.000250012500625e-05,0.010500525026251312,0.9894494724736237,2.19885994299715,10.5,0.6276813840692035,0.8582429121456073,1.0,0.010500525026251312,0.0,0.24,0.0,,47.156064882514805,47.12257723508121,47.10861801674301,47.10320199866084,47.100904512857404,47.100904512857404,47.100904512857404,47.100904512857404,47.100904512857404,47.100904512857404,47.100904512857404,47.100904512857404,47.100904512857404,47.100904512857404,47.100904512857404,47.100904512857404,47.100904512857404,47.100904512857404,47.100904512857404,47.100904512857404,(1+1)-EA+CXM c=0.25 px=1.0|100|10|uniform|high|1|6
h7_tune,(1+1)-EA+CXM c=0.25 px=1.0,n100 m10 uniform high,100,10,uniform,high,1,7,20000,47.06057394079924,47.06057394079921,47.44932658387582,0.9986743927001953,47.065405497028664,47.065405497028664,28.678293407068633,20000,0.00010266675105799338,0.00010266675105859738,0.9919088190605085,0,0,1,5.000250012500625e-05,0.0001000050002500125,0.014450722536126807,0.9853992699634981,2.191409570478524,14.45,0.6252812640632032,0.8663433171658583,1.0,0.014450722536126807,0.0003,0.681,0.0,,47.21717636846822,47.07950118777093,47.07950118777093,47.07950118777093,47.06836940599424,47.06836940599424,47.06763012601739,47.06763012601739,47.06763012601739,47.06763012601739,47.06763012601739,47.06763012601739,47.06763012601739,47.065405497028664,47.065405497028664,47.065405497028664,47.065405497028664,47.065405497028664,47.065405497028664,47.065405497028664,(1+1)-EA+CXM c=0.25 px=1.0|100|10|uniform|high|1|7
h7_tune,(1+1)-EA+CXM c=0.25 px=1.0,n100 m10 uniform high,100,10,uniform,high,1,8,20000,47.06057394079924,47.06057394079921,47.44932658387582,1.0031356811523438,47.09049425463928,47.09049425463928,28.681936003573938,20000,0.0006357830203618677,0.000635783020362472,0.9924375675047309,0,5,1,0.0,0.0003000150007500375,0.015150757537876893,0.9845492274613731,2.0112005600280014,15.15,0.6946347317365869,0.8850442522126106,1.0,0.015150757537876893,0.0001,0.99,0.0,,47.37342227127483,47.10355259616281,47.09965480586522,47.09965480586522,47.09965480586522,47.09965480586522,47.09965480586522,47.09965480586522,47.09965480586522,47.09965480586522,47.09965480586522,47.09965480586522,47.09965480586522,47.09965480586522,47.09965480586522,47.09965480586522,47.09965480586522,47.09965480586522,47.09965480586522,47.09049425463928,(1+1)-EA+CXM c=0.25 px=1.0|100|10|uniform|high|1|8
h7_tune,(1+1)-EA+CXM c=0.25 px=1.0,n100 m10 uniform high,100,10,uniform,high,1,9,20000,47.06057394079924,47.06057394079921,47.44932658387582,1.0338375568389893,47.09000658500792,47.09000658500792,28.6829239714548,20000,0.0006254204261449958,0.0006254204261456002,0.9924272898113161,0,0,1,0.0,5.000250012500625e-05,0.012200610030501526,0.9877493874693735,2.19945997299865,12.2,0.6977348867443373,0.8736436821841093,1.0,0.012200610030501526,0.0,0.108,0.0,,47.39569435604714,47.11098113127343,47.09000658500792,47.09000658500792,47.09000658500792,47.09000658500792,47.09000658500792,47.09000658500792,47.09000658500792,47.09000658500792,47.09000658500792,47.09000658500792,47.09000658500792,47.09000658500792,47.09000658500792,47.09000658500792,47.09000658500792,47.09000658500792,47.09000658500792,47.09000658500792,(1+1)-EA+CXM c=0.25 px=1.0|100|10|uniform|high|1|9
h7_tune,(1+1)-EA+CXM c=1.0 px=0.5,n100 m10 uniform high,100,10,uniform,high,1,0,20000,47.06057394079924,47.06057394079921,47.44932658387582,0.8580169677734375,47.08757257221104,47.08757257221104,28.683095432958428,20000,0.0005736995780324202,0.0005736995780330245,0.9923759927124505,0,0,1,0.20281014050702534,0.0034501725086254313,0.007950397519875994,0.7857892894644732,1.8378918945947298,7.95,0.3164158207910395,0.3931696584829241,0.4983749187459373,0.015049663890839771,0.0006,0.969,0.0,,47.2596701357792,47.14118625554544,47.11289753412919,47.10818125413864,47.10796898523917,47.10796898523917,47.10540760256103,47.104372978169145,47.09995700641241,47.09822451746118,47.096349903824965,47.09592703165774,47.09592703165774,47.09592703165774,47.09592703165774,47.09592703165774,47.09592703165774,47.09456751100747,47.08996258054433,47.08757257221104,(1+1)-EA+CXM c=1.0 px=0.5|100|10|uniform|high|1|0
h7_tune,(1+1)-EA+CXM c=1.0 px=0.5,n100 m10 uniform high,100,10,uniform,high,1,1,20000,47.06057394079924,47.06057394079921,47.44932658387582,0.8651041984558105,47.07400863646159,47.07400863646159,28.681124043336915,20000,0.0002854766641659533,0.0002854766641665574,0.9920901312108027,0,1,1,0.19980999049952497,0.002450122506125306,0.007800390019500975,0.7899394969748488,1.8572428621431072,7.8,0.31501575078753935,0.3694684734236712,0.5019750987549377,0.01514095029385397,0.0004,0.648,0.0,,47.305667286190655,47.190806249934404,47.14844488463667,47.1350230313022,47.1350230313022,47.13078698404494,47.100859030472876,47.08880934305871,47.08428763111568,47.08428763111568,47.07534032361836,47.07534032361836,47.07400863646159,47.07400863646159,47.07400863646159,47.07400863646159,47.07400863646159,47.07400863646159,47.07400863646159,47.07400863646159,(1+1)-EA+CXM c=1.0 px=0.5|100|10|uniform|high|1|1
h7_tune,(1+1)-EA+CXM c=1.0 px=0.5,n100 m10 uniform high,100,10,uniform,high,1,2,20000,47.06057394079924,47.06057394079921,47.44932658387582,0.8262119293212891,47.09798105205574,47.09798105205574,28.680753784054065,20000,0.0007948715479661615,0.000794871547966766,0.9925953526189878,0,0,1,0.20281014050702534,0.0037501875093754688,0.009500475023751188,0.783939196959848,1.8393419670983548,9.5,0.33966698334916745,0.36371818590929544,0.496174808740437,0.01844200342638315,0.0001,0.531,0.0,,48.101240288623416,47.21033601316772,47.150821425091536,47.13487464030972,47.13251946697167,47.115359061588926,47.115359061588926,47.10431331704575,47.09864041778913,47.09864041778913,47.09798105205574,47.09798105205574,47.09798105205574,47.09798105205574,47.09798105205574,47.09798105205574,47.09798105205574,47.09798105205574,47.09798105205574,47.09798105205574,(1+1)-EA+CXM c=1.0 px=0.5|100|10|uniform|high|1|2
h7_tune,(1+1)-EA+CXM c=1.0 px=0.5,n100 m10 uniform high,100,10,uniform,high,1,3,20000,47.06057394079924,47.06057394079921,47.44932658387582,0.8539285659790039,47.088853561537626,47.088853561537626,28.685437686006335,20000,0.0006009195887403134,0.0006009195887409178,0.9924029897094326,0,2,1,0.20456022801140056,0.00360018000900045,0.009700485024251212,0.7821391069553477,1.8374418720936048,9.7,0.3539176958847942,0.344017200860043,0.4990749537476874,0.01783388438032261,0.0006,0.771,0.0,,47.352229448003825,47.12562165470137,47.10560976694441,47.10405070135999,47.10405070135999,47.10405070135999,47.10405070135999,47.10405070135999,47.10405070135999,47.100491247618095,47.09682093746942,47.09194818659728,47.09194818659728,47.09194818659728,47.09194818659728,47.088853561537626,47.088853561537626,47.088853561537626,47.088853561537626,47.088853561537626,(1+1)-EA+CXM c=1.0 px=0.5|100|10|uniform|high|1|3
h7_tune,(1+1)-EA+CXM c=1.0 px=0.5,n100 m10 uniform high,100,10,uniform,high,1,4,20000,47.06057394079924,47.06057394079921,47.44932658387582,0.8231494426727295,47.14296861111765,47.14296861111765,28.676150849506456,20000,0.0017508216202816573,0.0017508216202822622,0.9935434705861078,0,0,1,0.20516025801290064,0.0023001150057502875,0.007900395019750988,0.7846392319615981,1.8292914645732286,7.9,0.3577178858942947,0.38766938346917346,0.49902495124756235,0.015330661322645291,0.0,0.489,0.0,,47.39016594835888,47.299271243653784,47.28798473092219,47.186496491927144,47.185411417040925,47.17016917259815,47.155420005012495,47.148021375549945,47.146184437238944,47.14296861111765,47.14296861111765,47.14296861111765,47.14296861111765,47.14296861111765,47.14296861111765,47.14296861111765,47.14296861111765,47.14296861111765,47.14296861111765,47.14296861111765,(1+1)-EA+CXM c=1.0 px=0.5|100|10|uniform|high|1|4
h7_tune,(1+1)-EA+CXM c=1.0 px=0.5,n100 m10 uniform high,100,10,uniform,high,1,5,20000,47.06057394079924,47.06057394079921,47.44932658387582,0.8743596076965332,47.07533797736308,47.07533797736308,28.67995789585325,20000,0.00031372410762376627,0.0003137241076243704,0.9921181472227715,0,1,1,0.19660983049152458,0.004300215010750537,0.008750437521876094,0.7903395169758488,1.8845442272113606,8.75,0.3469673483674184,0.36451822591129557,0.5072753637681884,0.016165598817151305,0.0,0.489,0.0,,47.92840866098469,47.146286890877576,47.10628219601985,47.09975044548897,47.09975044548897,47.09079116664364,47.08858984905102,47.0842693491074,47.08189305519268,47.07533797736308,47.07533797736308,47.07533797736308,47.07533797736308,47.07533797736308,47.07533797736308,47.07533797736308,47.07533797736308,47.07533797736308,47.07533797736308,47.07533797736308,(1+1)-EA+CXM c=1.0 px=0.5|100|10|uniform|high|1|5
h7_tune,(1+1)-EA+CXM c=1.0 px=0.5,n100 m10 uniform high,100,10,uniform,high,1,6,20000,47.06057394079924,47.06057394079921,47.44932658387582,0.8282155990600586,47.068944588293924,47.068944588293924,28.67903004266051,20000,0.0001778696431797993,0.00017786964318040337,0.9919834058148433,0,0,1,0.2016600830041502,0.0026501325066253315,0.0088004400220011,0.7868893444672234,1.8443422171108554,8.8,0.34126706335316764,0.376068803440172,0.5009250462523126,0.0164703533639449,0.0002,0.669,0.0,,47.36240745205326,47.261364416225085,47.261364416225085,47.18983609517886,47.08054982899223,47.08054982899223,47.08054982899223,47.07211745896789,47.07211745896789,47.07211745896789,47.07211745896789,47.07211745896789,47.07211745896789,47.068944588293924,47.068944588293924,47.068944588293924,47.068944588293924,47.068944588293924,47.068944588293924,47.068944588293924,(1+1)-EA+CXM c=1.0 px=0.5|100|10|uniform|high|1|6
h7_tune,(1+1)-EA+CXM c=1.0 px=0.5,n100 m10 uniform high,100,10,uniform,high,1,7,20000,47.06057394079924,47.06057394079921,47.44932658387582,0.8564114570617676,47.07091617564527,47.07091617564527,28.678097546712213,20000,0.0002197643160715761,0.00021976431607218015,0.9920249572444061,0,0,1,0.2015100755037752,0.002250112505625281,0.0077003850192509625,0.7885394269713486,1.856642832141607,7.7,0.33961698084904246,0.3696184809240462,0.5007250362518126,0.014979029358897543,0.0002,0.546,0.0,,47.34308151675652,47.17254375196827,47.13910848135422,47.105384044875926,47.10112036721793,47.09048977017967,47.07946878280672,47.075745106575646,47.075745106575646,47.075745106575646,47.07091617564527,47.07091617564527,47.07091617564527,47.07091617564527,47.07091617564527,47.07091617564527,47.07091617564527,47.07091617564527,47.07091617564527,47.07091617564527,(1+1)-EA+CXM c=1.0 px=0.5|100|10|uniform|high|1|7
h7_tune,(1+1)-EA+CXM c=1.0 px=0.5,n100 m10 uniform high,100,10,uniform,high,1,8,20000,47.06057394079924,47.06057394079921,47.44932658387582,0.8159434795379639,47.07655653122323,47.07655653122323,28.68076028452676,20000,0.0003396174140183841,0.0003396174140189882,0.9921438283851374,0,0,1,0.20191009550477523,0.002750137506875344,0.00825041252062603,0.7870893544677234,1.8385419270963548,8.25,0.4016700835041752,0.3246662333116656,0.5002250112505625,0.015593762495002,0.0,0.447,0.0,,47.36486713125334,47.191682410555416,47.12748721209121,47.11968666399185,47.080420329533965,47.0784585480267,47.0784585480267,47.0784585480267,47.07655653122323,47.07655653122323,47.07655653122323,47.07655653122323,47.07655653122323,47.07655653122323,47.07655653122323,47.07655653122323,47.07655653122323,47.07655653122323,47.07655653122323,47.07655653122323,(1+1)-EA+CXM c=1.0 px=0.5|100|10|uniform|high|1|8
h7_tune,(1+1)-EA+CXM c=1.0 px=0.5,n100 m10 uniform high,100,10,uniform,high,1,9,20000,47.06057394079924,47.06057394079921,47.44932658387582,0.8731586933135986,47.07690855422542,47.07690855422542,28.678254145136645,20000,0.00034709762457912056,0.0003470976245797247,0.992151247310284,0,0,1,0.2024101205060253,0.0017500875043752187,0.0076503825191259565,0.7881894094704736,1.8463923196159808,7.65,0.38266913345667286,0.35181759087954395,0.5024751237561879,0.014727833615285103,0.0,0.393,0.0,,47.30982812315388,47.11751865752193,47.10822180892527,47.09305464477449,47.09048954995605,47.08976558138512,47.07773477365367,47.07690855422542,47.07690855422542,47.07690855422542,47.07690855422542,47.07690855422542,47.07690855422542,47.07690855422542,47.07690855422542,47.07690855422542,47.07690855422542,47.07690855422542,47.07690855422542,47.07690855422542,(1+1)-EA+CXM c=1.0 px=0.5|100|10|uniform|high|1|9
h7_tune,(1+1)-EA+CXM c=1.0 px=1.0,n100 m10 uniform high,100,10,uniform,high,1,0,20000,47.06057394079924,47.06057394079921,47.44932658387582,1.0243289470672607,47.08120250240037,47.08120250240037,28.682495912245596,20000,0.00043834062940001085,0.0004383406294006151,0.9922417427605696,0,0,1,0.0,0.00035001750087504374,0.010700535026751338,0.9889494474723736,2.7824391219560978,10.7,0.26441322066103307,0.6461323066153307,1.0,0.010700535026751338,0.0,0.438,0.0,,47.241335695638526,47.141240529878566,47.124076766702935,47.10742046878273,47.09448990803836,47.08400353818583,47.08400353818583,47.08357220900825,47.08120250240037,47.08120250240037,47.08120250240037,47.08120250240037,47.08120250240037,47.08120250240037,47.08120250240037,47.08120250240037,47.08120250240037,47.08120250240037,47.08120250240037,47.08120250240037,(1+1)-EA+CXM c=1.0 px=1.0|100|10|uniform|high|1|0
h7_tune,(1+1)-EA+CXM c=1.0 px=1.0,n100 m10 uniform high,100,10,uniform,high,1,1,20000,47.06057394079924,47.06057394079921,47.44932658387582,1.01265549659729,47.09778252541493,47.09778252541493,28.68668942599896,20000,0.0007906530137626013,0.0007906530137632057,0.9925911686472626,0,0,1,5.000250012500625e-05,0.00040002000100005,0.006550327516375819,0.9929996499824991,2.8038901945097257,6.55,0.3545177258862943,0.5820291014550728,1.0,0.006550327516375819,0.0,0.123,0.0,,47.15665547887605,47.10266083992976,47.09778252541493,47.09778252541493,47.09778252541493,47.09778252541493,47.09778252541493,47.09778252541493,47.09778252541493,47.09778252541493,47.09778252541493,47.09778252541493,47.09778252541493,47.09778252541493,47.09778252541493,47.09778252541493,47.09778252541493,47.09778252541493,47.09778252541493,47.09778252541493,(1+1)-EA+CXM c=1.0 px=1.0|100|10|uniform|high|1|1
h7_tune,(1+1)-EA+CXM c=1.0 px=1.0,n100 m10 uniform high,100,10,uniform,high,1,2,20000,47.06057394079924,47.06057394079921,47.44932658387582,1.038400650024414,47.080867801580354,47.080867801580354,28.680461622723378,20000,0.00043122850151902816,0.0004312285015196323,0.9922346889023989,0,0,1,0.0,0.00025001250062503126,0.009700485024251212,0.9900495024751238,2.793289664483224,9.7,0.1958097904895245,0.6266813340667033,1.0,0.009700485024251212,0.0008,0.894,0.0,,47.20421231620315,47.15641070733207,47.139740841228004,47.1304033458281,47.10697935513632,47.10307034435464,47.10307034435464,47.10307034435464,47.10307034435464,47.10307034435464,47.088000882260474,47.08549478771155,47.08549478771155,47.08315702140333,47.08315702140333,47.08315702140333,47.08315702140333,47.080867801580354,47.080867801580354,47.080867801580354,(1+1)-EA+CXM c=1.0 px=1.0|100|10|uniform|high|1|2
h7_tune,(1+1)-EA+CXM c=1.0 px=1.0,n100 m10 uniform high,100,10,uniform,high,1,3,20000,47.06057394079924,47.06057394079921,47.44932658387582,1.0649755001068115,47.08074454697294,47.08074454697294,28.681306755346956,20000,0.00042860943853073125,0.0004286094385313354,0.9922320912974107,0,0,1,5.000250012500625e-05,0.00025001250062503126,0.011300565028251412,0.9883994199709986,2.7976898844942246,11.3,0.33136656832841643,0.6109805490274514,1.0,0.011300565028251412,0.0,0.165,0.0,,47.19390448563235,47.13715034871553,47.10235401061873,47.08074454697294,47.08074454697294,47.08074454697294,47.08074454697294,47.08074454697294,47.08074454697294,47.08074454697294,47.08074454697294,47.08074454697294,47.08074454697294,47.08074454697294,47.08074454697294,47.08074454697294,47.08074454697294,47.08074454697294,47.08074454697294,47.08074454697294,(1+1)-EA+CXM c=1.0 px=1.0|100|10|uniform|high|1|3
h7_tune,(1+1)-EA+CXM c=1.0 px=1.0,n100 m10 uniform high,100,10,uniform,high,1,4,20000,47.06057394079924,47.06057394079921,47.44932658387582,1.0054378509521484,47.076151096496574,47.076151096496574,28.68031738508239,20000,0.00033100224652873753,0.00033100224652934165,0.9921352838017713,0,0,1,0.0001000050002500125,0.0001000050002500125,0.006250312515625782,0.9935496774838742,2.790939546977349,6.25,0.3047152357617881,0.6068303415170758,1.0,0.006250312515625782,0.0,0.243,0.0,,47.09766224095218,47.08675743483529,47.07938408974522,47.07938408974522,47.076151096496574,47.076151096496574,47.076151096496574,47.076151096496574,47.076151096496574,47.076151096496574,47.076151096496574,47.076151096496574,47.076151096496574,47.076151096496574,47.076151096496574,47.076151096496574,47.076151096496574,47.076151096496574,47.076151096496574,47.076151096496574,(1+1)-EA+CXM c=1.0 px=1.0|100|10|uniform|high|1|4
h7_tune,(1+1)-EA+CXM c=1.0 px=1.0,n100 m10 uniform high,100,10,uniform,high,1,5,20000,47.06057394079924,47.06057394079921,47.44932658387582,1.0036461353302002,47.079458059552984,47.079458059552984,28.679708512858884,20000,0.0004012725976844638,0.000401272597685068,0.9922049784274805,0,0,1,5.000250012500625e-05,0.0005000250012500625,0.01135056752837642,0.9880994049702485,2.814040702035102,11.35,0.2645632281614081,0.5816290814540727,1.0,0.01135056752837642,0.0,0.414,0.0,,47.273044660210964,47.15806077675136,47.111327468752776,47.10123133021951,47.09903001262688,47.08687909643368,47.08687909643368,47.08687909643368,47.079458059552984,47.079458059552984,47.079458059552984,47.079458059552984,47.079458059552984,47.079458059552984,47.079458059552984,47.079458059552984,47.079458059552984,47.079458059552984,47.079458059552984,47.079458059552984,(1+1)-EA+CXM c=1.0 px=1.0|100|10|uniform|high|1|5
h7_tune,(1+1)-EA+CXM c=1.0 px=1.0,n100 m10 uniform high,100,10,uniform,high,1,6,20000,47.06057394079924,47.06057394079921,47.44932658387582,1.0175025463104248,47.086591240440185,47.086591240440185,28.6786091670495,20000,0.0005528470535373618,0.0005528470535379661,0.992355311032825,0,0,1,0.0001000050002500125,0.0005000250012500625,0.007800390019500975,0.991599579978999,2.792089604480224,7.8,0.3024151207560378,0.5890794539726987,1.0,0.007800390019500975,0.0,0.252,0.0,,47.16714277648515,47.102636186645924,47.102636186645924,47.09451584736993,47.0879238484296,47.086591240440185,47.086591240440185,47.086591240440185,47.086591240440185,47.086591240440185,47.086591240440185,47.086591240440185,47.086591240440185,47.086591240440185,47.086591240440185,47.086591240440185,47.086591240440185,47.086591240440185,47.086591240440185,47.086591240440185,(1+1)-EA+CXM c=1.0 px=1.0|100|10|uniform|high|1|6
h7_tune,(1+1)-EA+CXM c=1.0 px=1.0,n100 m10 uniform high,100,10,uniform,high,1,7,20000,47.06057394079924,47.06057394079921,47.44932658387582,1.0611348152160645,47.07394798843211,47.07394798843211,28.6786122937222,20000,0.0002841879414751013,0.00028418794147570543,0.9920888530466252,0,0,1,5.000250012500625e-05,0.00035001750087504374,0.01160058002900145,0.9879993999699985,2.8105405270263515,11.6,0.2383619180959048,0.5892294614730736,1.0,0.01160058002900145,0.0,0.45,0.0,,47.4962966408086,47.12734918825177,47.088482030592736,47.086186132352864,47.084854445196086,47.08398853072967,47.08398853072967,47.07840833487329,47.07394798843211,47.07394798843211,47.07394798843211,47.07394798843211,47.07394798843211,47.07394798843211,47.07394798843211,47.07394798843211,47.07394798843211,47.07394798843211,47.07394798843211,47.07394798843211,(1+1)-EA+CXM c=1.0 px=1.0|100|10|uniform|high|1|7
h7_tune,(1+1)-EA+CXM c=1.0 px=1.0,n100 m10 uniform high,100,10,uniform,high,1,8,20000,47.06057394079924,47.06057394079921,47.44932658387582,1.0744242668151855,47.086686189400226,47.086686189400226,28.681840662232048,20000,0.0005548646438914358,0.0005548646438920401,0.9923573120930481,0,0,1,0.0001000050002500125,0.0005000250012500625,0.008900445022251112,0.9904995249762488,2.7889394469723485,8.9,0.2870143507175359,0.5964798239911996,1.0,0.008900445022251112,0.0,0.342,0.0,,47.14770016714791,47.108040073725526,47.097026991493685,47.096329547557055,47.08964177383932,47.08964177383932,47.086686189400226,47.086686189400226,47.086686189400226,47.086686189400226,47.086686189400226,47.086686189400226,47.086686189400226,47.086686189400226,47.086686189400226,47.086686189400226,47.086686189400226,47.086686189400226,47.086686189400226,47.086686189400226,(1+1)-EA+CXM c=1.0 px=1.0|100|10|uniform|high|1|8
h7_tune,(1+1)-EA+CXM c=1.0 px=1.0,n100 m10 uniform high,100,10,uniform,high,1,9,20000,47.06057394079924,47.06057394079921,47.44932658387582,1.0103209018707275,47.094861647776916,47.094861647776916,28.683381696545023,20000,0.0007285866725894994,0.0007285866725901038,0.9925296108160288,0,0,1,0.0001000050002500125,0.0009000450022501125,0.009100455022751138,0.9898994949747487,2.799989999499975,9.1,0.2753637681884094,0.5544777238861943,1.0,0.009100455022751138,0.0,0.357,0.0,,47.24070583119147,47.138978744086735,47.129083683072224,47.11136369354928,47.105901152667826,47.09857106502038,47.09567650827645,47.094861647776916,47.094861647776916,47.094861647776916,47.094861647776916,47.094861647776916,47.094861647776916,47.094861647776916,47.094861647776916,47.094861647776916,47.094861647776916,47.094861647776916,47.094861647776916,47.094861647776916,(1+1)-EA+CXM c=1.0 px=1.0|100|10|uniform|high|1|9
h7_tune,(1+1)-EA+CXM c=2.0 px=0.5,n100 m10 uniform high,100,10,uniform,high,1,0,20000,47.06057394079924,47.06057394079921,47.44932658387582,0.9313433170318604,47.09407396176046,47.09407396176046,28.681059646775424,20000,0.0007118489673194892,0.0007118489673200936,0.9925130102428875,0,2,1,0.08115405770288514,0.003950197509875494,0.0072503625181259065,0.9076453822691135,2.7148357417870894,7.25,0.15145757287864392,0.3215160758037902,0.5025751287564378,0.013630484528902597,0.0001,0.51,0.0,,47.882454997824944,47.229676491273935,47.115586993192636,47.11272927153817,47.10782813048178,47.0981185551504,47.09678686799363,47.09678686799363,47.095582782624035,47.095582782624035,47.09407396176046,47.09407396176046,47.09407396176046,47.09407396176046,47.09407396176046,47.09407396176046,47.09407396176046,47.09407396176046,47.09407396176046,47.09407396176046,(1+1)-EA+CXM c=2.0 px=0.5|100|10|uniform|high|1|0
h7_tune,(1+1)-EA+CXM c=2.0 px=0.5,n100 m10 uniform high,100,10,uniform,high,1,1,20000,47.06057394079924,47.06057394079921,47.44932658387582,0.9224991798400879,47.08800655597881,47.08800655597881,28.6802148731012,20000,0.0005829213900807905,0.0005829213900813948,0.9923851389701325,0,1,1,0.08030401520076004,0.002750137506875344,0.006300315015750788,0.9106455322766138,2.719585979298965,6.3,0.11870593529676483,0.35061753087654385,0.4973248662433122,0.011461894228835713,0.0006,0.756,0.0,,47.85941258822438,47.31880663025921,47.18431713175662,47.17403574614078,47.13271049519542,47.12737684224757,47.12737684224757,47.11517749760152,47.11517749760152,47.11517749760152,47.114351278173274,47.114351278173274,47.09308564918449,47.09308564918449,47.08978550504355,47.08800655597881,47.08800655597881,47.08800655597881,47.08800655597881,47.08800655597881,(1+1)-EA+CXM c=2.0 px=0.5|100|10|uniform|high|1|1
h7_tune,(1+1)-EA+CXM c=2.0 px=0.5,n100 m10 uniform high,100,10,uniform,high,1,2,20000,47.06057394079924,47.06057394079921,47.44932658387582,0.8444943428039551,47.09991777503596,47.09991777503596,28.682578897543838,20000,0.0008360253805280415,0.0008360253805286459,0.9926361692779303,0,0,1,0.08070403520176009,0.0037501875093754688,0.00680034001700085,0.9087454372718636,2.7191359567978397,6.8,0.16105805290264513,0.3166158307915396,0.4986749337466873,0.01243357064072997,0.0,0.435,0.0,,47.46152323795963,47.175770345142425,47.13796860086883,47.12256322073312,47.12256322073312,47.12256322073312,47.106341952581616,47.10138593773553,47.09991777503596,47.09991777503596,47.09991777503596,47.09991777503596,47.09991777503596,47.09991777503596,47.09991777503596,47.09991777503596,47.09991777503596,47.09991777503596,47.09991777503596,47.09991777503596,(1+1)-EA+CXM c=2.0 px=0.5|100|10|uniform|high|1|2
h7_tune,(1+1)-EA+CXM c=2.0 px=0.5,n100 m10 uniform high,100,10,uniform,high,1,3,20000,47.06057394079924,47.06057394079921,47.44932658387582,0.8189132213592529,47.10766857731373,47.10766857731373,28.682081933722547,20000,0.00100072380276827,0.0010007238027688746,0.9927995183249199,0,1,1,0.08355417770888544,0.00200010000500025,0.005850292514625731,0.9085954297714885,2.6936846842342117,5.85,0.1136056802840142,0.3548177408870444,0.49832491624581227,0.01043548063415613,0.0007,0.93,0.0,,47.58768003831828,47.372311521504564,47.25509225825186,47.23764926411671,47.1443668867731,47.14186025446055,47.14186025446055,47.13782208278796,47.12506171026079,47.12506171026079,47.12506171026079,47.124565320785536,47.124565320785536,47.11278135085735,47.11278135085735,47.10942410244788,47.108219490074944,47.108219490074944,47.10766857731373,47.10766857731373,(1+1)-EA+CXM c=2.0 px=0.5|100|10|uniform|high|1|3
h7_tune,(1+1)-EA+CXM c=2.0 px=0.5,n100 m10 uniform high,100,10,uniform,high,1,4,20000,47.06057394079924,47.06057394079921,47.44932658387582,0.8901581764221191,47.092566044210734,47.092566044210734,28.68359648977484,20000,0.0006798069112319376,0.0006798069112325419,0.992481230707575,0,3,1,0.08170408520426022,0.0021501075053752686,0.004850242512125606,0.9112955647782389,2.704885244262213,4.85,0.1367568378418921,0.3606680334016701,0.49332466623331167,0.009324954388810055,0.0004,0.924,0.0,,47.39994105692433,47.21769402236439,47.1849967324995,47.18013970393062,47.119511873117915,47.11594691361338,47.1002422156211,47.1002422156211,47.1002422156211,47.1002422156211,47.1002422156211,47.1002422156211,47.1002422156211,47.1002422156211,47.09895633301503,47.098174243375915,47.09430800430323,47.09430800430323,47.092566044210734,47.092566044210734,(1+1)-EA+CXM c=2.0 px=0.5|100|10|uniform|high|1|4
h7_tune,(1+1)-EA+CXM c=2.0 px=0.5,n100 m10 uniform high,100,10,uniform,high,1,5,20000,47.06057394079924,47.06057394079921,47.44932658387582,0.8527822494506836,47.099781669736174,47.099781669736174,28.684521423820193,20000,0.0008331332504839174,0.0008331332504845218,0.9926333008431266,0,1,1,0.07790389519475974,0.0027001350067503375,0.006050302515125756,0.9133456672833642,2.726936346817341,6.05,0.12060603030151508,0.3536676833841692,0.4975748787439372,0.010853180584865842,0.0002,0.687,0.0,,47.481053527893984,47.327661859254476,47.2132863609164,47.13705285364868,47.136839405522736,47.117334240799906,47.109249658764654,47.109249658764654,47.10552916928497,47.10198146621751,47.10198146621751,47.100326861554706,47.100326861554706,47.099781669736174,47.099781669736174,47.099781669736174,47.099781669736174,47.099781669736174,47.099781669736174,47.099781669736174,(1+1)-EA+CXM c=2.0 px=0.5|100|10|uniform|high|1|5
h7_tune,(1+1)-EA+CXM c=2.0 px=0.5,n100 m10 uniform high,100,10,uniform,high,1,6,20000,47.06057394079924,47.06057394079921,47.44932658387582,0.8765277862548828,47.079894414043466,47.079894414043466,28.680196160802836,20000,0.0004105447857166557,0.00041054478571725985,0.9922141746484154,0,0,1,0.0831541577078854,0.00360018000900045,0.006150307515375769,0.9070953547677384,2.7014350717535875,6.15,0.11815590779538977,0.38811940597029854,0.4970748537426871,0.011065285182577206,0.0005,0.96,0.0,,48.11085396622487,47.328001340173934,47.19665545082007,47.19665545082007,47.18565587150346,47.119940341295965,47.119940341295965,47.119940341295965,47.107524112687436,47.107524112687436,47.10379870292537,47.10379870292537,47.0983446998084,47.0983446998084,47.0983446998084,47.0983446998084,47.09604721400497,47.09604721400497,47.09604721400497,47.079894414043466,(1+1)-EA+CXM c=2.0 px=0.5|100|10|uniform|high|1|6
h7_tune,(1+1)-EA+CXM c=2.0 px=0.5,n100 m10 uniform high,100,10,uniform,high,1,7,20000,47.06057394079924,47.06057394079921,47.44932658387582,0.865424633026123,47.07520613714354,47.07520613714354,28.681382414501343,20000,0.0003109226071638718,0.0003109226071644759,0.9921153686750231,0,0,1,0.0824041202060103,0.0018500925046252312,0.006650332516625832,0.9090954547727387,2.7132356617830893,6.65,0.12925646282314115,0.3528176408820441,0.5034751737586879,0.011917767404906148,0.0004,0.666,0.0,,47.39078213225961,47.14809537541422,47.136609008396604,47.12050562865614,47.1146868024158,47.108828808061126,47.102894596743255,47.102894596743255,47.10280389718881,47.10280389718881,47.10064883002086,47.10064883002086,47.091123721560784,47.07520613714354,47.07520613714354,47.07520613714354,47.07520613714354,47.07520613714354,47.07520613714354,47.07520613714354,(1+1)-EA+CXM c=2.0 px=0.5|100|10|uniform|high|1|7
h7_tune,(1+1)-EA+CXM c=2.0 px=0.5,n100 m10 uniform high,100,10,uniform,high,1,8,20000,47.06057394079924,47.06057394079921,47.44932658387582,0.8938226699829102,47.08954526387781,47.08954526387781,28.68394195480701,20000,0.0006156177167540973,0.0006156177167547016,0.9924175674155874,0,0,1,0.08465423271163558,0.0028501425071253564,0.006650332516625832,0.9058452922646132,2.7077853892694637,6.65,0.17710885544277213,0.2790139506975349,0.49807490374518726,0.012147374761570124,0.0,0.501,0.0,,47.492033748374006,47.178532284200685,47.10980028768803,47.10560374600185,47.09872501993152,47.09872501993152,47.09872501993152,47.09872501993152,47.09872501993152,47.09224245350984,47.08954526387781,47.08954526387781,47.08954526387781,47.08954526387781,47.08954526387781,47.08954526387781,47.08954526387781,47.08954526387781,47.08954526387781,47.08954526387781,(1+1)-EA+CXM c=2.0 px=0.5|100|10|uniform|high|1|8
h7_tune,(1+1)-EA+CXM c=2.0 px=0.5,n100 m10 uniform high,100,10,uniform,high,1,9,20000,47.06057394079924,47.06057394079921,47.44932658387582,0.892249345779419,47.079042398179524,47.079042398179524,28.682052143231985,20000,0.00039244012203335345,0.0003924401220339576,0.9921962183163601,0,3,1,0.0824041202060103,0.002600130006500325,0.005650282514125706,0.9093454672733636,2.722286114305715,5.65,0.11225561278063903,0.34571728586429323,0.49647482374118707,0.01047436801289153,0.0007,0.822,0.0,,47.431444792019995,47.22948249283888,47.22178139428428,47.20956226059556,47.15728283409227,47.156055758316974,47.144656517102995,47.144656517102995,47.109122429331585,47.10394556592548,47.10394556592548,47.10394556592548,47.09172881792896,47.08496099696881,47.082715230246414,47.082715230246414,47.079042398179524,47.079042398179524,47.079042398179524,47.079042398179524,(1+1)-EA+CXM c=2.0 px=0.5|100|10|uniform|high|1|9
h7_tune,(1+1)-EA+CXM c=2.0 px=1.0,n100 m10 uniform high,100,10,uniform,high,1,0,20000,47.06057394079924,47.06057394079921,47.44932658387582,1.184870958328247,47.1100934733459,47.1100934733459,28.69223786766789,20000,0.0010522509268364457,0.0010522509268370503,0.9928506232869234,0,0,1,5.000250012500625e-05,0.001000050002500125,0.007150357517875894,0.991799589979499,3.623681184059203,7.15,0.1223061153057653,0.4102205110255513,1.0,0.007150357517875894,0.0,0.243,0.0,,47.571501051674204,47.23449840033307,47.17437430595746,47.1275119203573,47.1100934733459,47.1100934733459,47.1100934733459,47.1100934733459,47.1100934733459,47.1100934733459,47.1100934733459,47.1100934733459,47.1100934733459,47.1100934733459,47.1100934733459,47.1100934733459,47.1100934733459,47.1100934733459,47.1100934733459,47.1100934733459,(1+1)-EA+CXM c=2.0 px=1.0|100|10|uniform|high|1|0
h7_tune,(1+1)-EA+CXM c=2.0 px=1.0,n100 m10 uniform high,100,10,uniform,high,1,1,20000,47.06057394079924,47.06057394079921,47.44932658387582,1.0957605838775635,47.08443043340502,47.08443043340502,28.68236997507379,20000,0.0005069316119219291,0.0005069316119225333,0.9923097717767231,0,0,1,0.0001000050002500125,0.00045002250112505623,0.006850342517125857,0.9925996299814991,3.634931746587329,6.85,0.11390569528476424,0.5159757987899395,1.0,0.006850342517125857,0.0,0.24,0.0,,47.30345982392861,47.13619007750806,47.099640936772744,47.090888607090825,47.08443043340502,47.08443043340502,47.08443043340502,47.08443043340502,47.08443043340502,47.08443043340502,47.08443043340502,47.08443043340502,47.08443043340502,47.08443043340502,47.08443043340502,47.08443043340502,47.08443043340502,47.08443043340502,47.08443043340502,47.08443043340502,(1+1)-EA+CXM c=2.0 px=1.0|100|10|uniform|high|1|1
h7_tune,(1+1)-EA+CXM c=2.0 px=1.0,n100 m10 uniform high,100,10,uniform,high,1,2,20000,47.06057394079924,47.06057394079921,47.44932658387582,1.066026210784912,47.092079620872674,47.092079620872674,28.687361080852178,20000,0.0006694707997626628,0.0006694707997632671,0.9924709792799347,0,0,1,5.000250012500625e-05,0.00025001250062503126,0.006350317515875794,0.9933496674833742,3.63833191659583,6.35,0.07870393519675983,0.47877393869693485,1.0,0.006350317515875794,0.0002,0.558,0.0,,47.225771086676,47.13419075471446,47.13419075471446,47.11883002719884,47.118525010014054,47.10423676805568,47.10423676805568,47.10423676805568,47.10423676805568,47.10423676805568,47.09509482656286,47.092079620872674,47.092079620872674,47.092079620872674,47.092079620872674,47.092079620872674,47.092079620872674,47.092079620872674,47.092079620872674,47.092079620872674,(1+1)-EA+CXM c=2.0 px=1.0|100|10|uniform|high|1|2
h7_tune,(1+1)-EA+CXM c=2.0 px=1.0,n100 m10 uniform high,100,10,uniform,high,1,3,20000,47.06057394079924,47.06057394079921,47.44932658387582,1.1078572273254395,47.11508597867851,47.11508597867851,28.691051655264886,20000,0.0011583377191243939,0.0011583377191249987,0.9929558409094282,0,0,1,5.000250012500625e-05,0.000600030001500075,0.006100305015250763,0.9932496624831242,3.6436821841092053,6.1,0.12815640782039103,0.41637081854092706,1.0,0.006100305015250763,0.0,0.144,0.0,,47.27155968100193,47.16050801793495,47.11508597867851,47.11508597867851,47.11508597867851,47.11508597867851,47.11508597867851,47.11508597867851,47.11508597867851,47.11508597867851,47.11508597867851,47.11508597867851,47.11508597867851,47.11508597867851,47.11508597867851,47.11508597867851,47.11508597867851,47.11508597867851,47.11508597867851,47.11508597867851,(1+1)-EA+CXM c=2.0 px=1.0|100|10|uniform|high|1|3
h7_tune,(1+1)-EA+CXM c=2.0 px=1.0,n100 m10 uniform high,100,10,uniform,high,1,4,20000,47.06057394079924,47.06057394079921,47.44932658387582,1.0891470909118652,47.0854733371516,47.0854733371516,28.67994138788165,20000,0.0005290924922352827,0.000529092492235887,0.992331751092799,0,1,1,5.000250012500625e-05,0.00035001750087504374,0.006050302515125756,0.9935496774838742,3.6214310715535776,6.05,0.04410220511025551,0.4984749237461873,1.0,0.006050302515125756,0.0008,0.951,0.0,,47.22555621332703,47.15137429534573,47.140912444231404,47.12766348640835,47.12766348640835,47.11429291065979,47.103637738522096,47.10156064264106,47.09977785922459,47.09977785922459,47.09977785922459,47.09203454850901,47.09069355278346,47.08894464657198,47.08894464657198,47.08894464657198,47.08894464657198,47.08894464657198,47.08803827815565,47.0854733371516,(1+1)-EA+CXM c=2.0 px=1.0|100|10|uniform|high|1|4
h7_tune,(1+1)-EA+CXM c=2.0 px=1.0,n100 m10 uniform high,100,10,uniform,high,1,5,20000,47.06057394079924,47.06057394079921,47.44932658387582,1.1515510082244873,47.100300280772586,47.100300280772586,28.68459839798373,20000,0.0008441533251023134,0.0008441533251029178,0.9926442306302016,0,2,1,0.0,0.0009500475023751188,0.006750337516875844,0.992299614980749,3.624031201560078,6.75,0.05320266013300665,0.5137256862843143,1.0,0.006750337516875844,0.0002,0.957,0.0,,47.33153365825086,47.16252390163817,47.134012404388784,47.111940404556734,47.11171323599699,47.11040059211008,47.103577661361854,47.10334734332073,47.10334734332073,47.10334734332073,47.10334734332073,47.10334734332073,47.10334734332073,47.10227505193023,47.10227505193023,47.10227505193023,47.10227505193023,47.10227505193023,47.10227505193023,47.100300280772586,(1+1)-EA+CXM c=2.0 px=1.0|100|10|uniform|high|1|5
h7_tune,(1+1)-EA+CXM c=2.0 px=1.0,n100 m10 uniform high,100,10,uniform,high,1,6,20000,47.06057394079924,47.06057394079921,47.44932658387582,1.0488402843475342,47.156424875620914,47.156424875620914,28.704585679233727,20000,0.002036756605269074,0.0020367566052696792,0.9938270629038929,0,0,1,0.0001000050002500125,0.001000050002500125,0.007350367518375919,0.991549577478874,3.641882094104705,7.35,0.14065703285164258,0.4105205260263013,1.0,0.007350367518375919,0.0,0.159,0.0,,47.43153903045986,47.22886819887718,47.18269216224553,47.156424875620914,47.156424875620914,47.156424875620914,47.156424875620914,47.156424875620914,47.156424875620914,47.156424875620914,47.156424875620914,47.156424875620914,47.156424875620914,47.156424875620914,47.156424875620914,47.156424875620914,47.156424875620914,47.156424875620914,47.156424875620914,47.156424875620914,(1+1)-EA+CXM c=2.0 px=1.0|100|10|uniform|high|1|6
h7_tune,(1+1)-EA+CXM c=2.0 px=1.0,n100 m10 uniform high,100,10,uniform,high,1,7,20000,47.06057394079924,47.06057394079921,47.44932658387582,1.1648454666137695,47.09112199011681,47.09112199011681,28.678329852624884,20000,0.0006491219031030542,0.0006491219031036585,0.9924507971019185,0,0,1,5.000250012500625e-05,0.0009500475023751188,0.007000350017500875,0.991999599979999,3.6434321716085805,7.0,0.11140557027851393,0.3743187159357968,1.0,0.007000350017500875,0.0,0.147,0.0,,47.24383247543722,47.10158416043642,47.09112199011681,47.09112199011681,47.09112199011681,47.09112199011681,47.09112199011681,47.09112199011681,47.09112199011681,47.09112199011681,47.09112199011681,47.09112199011681,47.09112199011681,47.09112199011681,47.09112199011681,47.09112199011681,47.09112199011681,47.09112199011681,47.09112199011681,47.09112199011681,(1+1)-EA+CXM c=2.0 px=1.0|100|10|uniform|high|1|7
h7_tune,(1+1)-EA+CXM c=2.0 px=1.0,n100 m10 uniform high,100,10,uniform,high,1,8,20000,47.06057394079924,47.06057394079921,47.44932658387582,1.0475521087646484,47.08790401951157,47.08790401951157,28.68237663384983,20000,0.0005807425711958431,0.0005807425711964474,0.9923829780023249,0,0,1,0.0001000050002500125,0.0006500325016250812,0.006600330016500825,0.9926496324816241,3.566028301415071,6.6,0.052202610130506526,0.49322466123306163,1.0,0.006600330016500825,0.0002,0.843,0.0,,47.35396526802102,47.299850851615,47.21221523348844,47.184469835070345,47.12477923118622,47.107639971815225,47.107639971815225,47.09744664253252,47.0941111155443,47.0941111155443,47.0941111155443,47.0941111155443,47.0941111155443,47.0941111155443,47.0941111155443,47.09056469835995,47.08790401951157,47.08790401951157,47.08790401951157,47.08790401951157,(1+1)-EA+CXM c=2.0 px=1.0|100|10|uniform|high|1|8
h7_tune,(1+1)-EA+CXM c=2.0 px=1.0,n100 m10 uniform high,100,10,uniform,high,1,9,20000,47.06057394079924,47.06057394079921,47.44932658387582,1.1053779125213623,47.08590052500923,47.08590052500923,28.68378316081006,20000,0.0005381698965646316,0.0005381698965652358,0.9923407541258954,0,0,1,0.0,0.0009000450022501125,0.006300315015750788,0.992799639981999,3.6219310965548277,6.3,0.06655332766638332,0.45947297364868245,1.0,0.006300315015750788,0.0007,0.69,0.0,,47.352348925038854,47.18534620097515,47.14414894429239,47.14246122799506,47.139800208158505,47.11489954388556,47.11289320156731,47.10113591402706,47.10113591402706,47.10113591402706,47.09273305660311,47.09042161735122,47.09042161735122,47.08590052500923,47.08590052500923,47.08590052500923,47.08590052500923,47.08590052500923,47.08590052500923,47.08590052500923,(1+1)-EA+CXM c=2.0 px=1.0|100|10|uniform|high|1|9
h7_tune,(1+1)-EA+CXM c=0.25 px=0.5,n30 m5 uniform high,30,5,uniform,high,1,0,20000,44.52792459708759,44.52792459708757,45.463277724339434,0.8055849075317383,44.59454794912481,44.59454794912481,10.879795612558215,20000,0.0014962150749234875,0.001496215074923967,0.980891615855723,0,0,1,0.4066703335166758,0.00015000750037501875,0.0024001200060003,0.5907795389769488,1.1831091554577728,2.4,0.895844792239612,0.44512225611280565,0.503875193759688,0.004564850649995038,0.0,0.042,0.0,,44.59454794912481,44.59454794912481,44.59454794912481,44.59454794912481,44.59454794912481,44.59454794912481,44.59454794912481,44.59454794912481,44.59454794912481,44.59454794912481,44.59454794912481,44.59454794912481,44.59454794912481,44.59454794912481,44.59454794912481,44.59454794912481,44.59454794912481,44.59454794912481,44.59454794912481,44.59454794912481,(1+1)-EA+CXM c=0.25 px=0.5|30|5|uniform|high|1|0
h7_tune,(1+1)-EA+CXM c=0.25 px=0.5,n30 m5 uniform high,30,5,uniform,high,1,1,20000,44.52792459708759,44.52792459708757,45.463277724339434,0.7834639549255371,44.56846660125572,44.56846660125572,10.873762827243517,20000,0.0009104849268178723,0.0009104849268183514,0.9803179364121241,0,0,1,0.4134206710335517,0.00015000750037501875,0.0016500825041252062,0.5847792389619481,1.1257562878143907,1.65,0.888244412220611,0.4982249112455623,0.4975248762438122,0.0032160804020100503,0.0,0.444,0.0,,44.57255581073836,44.57255581073836,44.57255581073836,44.57255581073836,44.57255581073836,44.57255581073836,44.57255581073836,44.57255581073836,44.56846660125572,44.56846660125572,44.56846660125572,44.56846660125572,44.56846660125572,44.56846660125572,44.56846660125572,44.56846660125572,44.56846660125572,44.56846660125572,44.56846660125572,44.56846660125572,(1+1)-EA+CXM c=0.25 px=0.5|30|5|uniform|high|1|1
h7_tune,(1+1)-EA+CXM c=0.25 px=0.5,n30 m5 uniform high,30,5,uniform,high,1,2,20000,44.52792459708759,44.52792459708757,45.463277724339434,0.7694437503814697,44.63465515373688,44.63465515373688,10.88436333221682,20000,0.002396935352703817,0.0023969353527042965,0.9817738048799122,0,0,1,0.4053202660133007,0.00040002000100005,0.002200110005500275,0.592079603980199,1.1902095104755237,2.2,0.8752437621881094,0.4918745937296865,0.5084754237711886,0.004326875798996952,0.0,0.306,0.0,,44.76643691360098,44.75651991008251,44.75651991008251,44.75651991008251,44.75651991008251,44.75651991008251,44.63465515373688,44.63465515373688,44.63465515373688,44.63465515373688,44.63465515373688,44.63465515373688,44.63465515373688,44.63465515373688,44.63465515373688,44.63465515373688,44.63465515373688,44.63465515373688,44.63465515373688,44.63465515373688,(1+1)-EA+CXM c=0.25 px=0.5|30|5|uniform|high|1|2
h7_tune,(1+1)-EA+CXM c=0.25 px=0.5,n30 m5 uniform high,30,5,uniform,high,1,3,20000,44.52792459708759,44.52792459708757,45.463277724339434,0.81805419921875,44.658728684524064,44.658728684524064,10.885619580615765,20000,0.002937574311402534,0.002937574311403014,0.9823033208319548,0,0,1,0.41192059602980147,0.000600030001500075,0.002200110005500275,0.5852792639631982,0.9492474623731186,2.2,0.8823441172058603,0.471923596179809,0.5017250862543127,0.004185768387482559,0.0001,0.747,0.0,,44.678837512755976,44.678837512755976,44.678837512755976,44.678837512755976,44.678837512755976,44.678837512755976,44.678837512755976,44.678837512755976,44.678837512755976,44.678837512755976,44.678837512755976,44.678837512755976,44.678837512755976,44.678837512755976,44.658728684524064,44.658728684524064,44.658728684524064,44.658728684524064,44.658728684524064,44.658728684524064,(1+1)-EA+CXM c=0.25 px=0.5|30|5|uniform|high|1|3
h7_tune,(1+1)-EA+CXM c=0.25 px=0.5,n30 m5 uniform high,30,5,uniform,high,1,4,20000,44.52792459708759,44.52792459708757,45.463277724339434,0.7453482151031494,44.56239084332498,44.56239084332498,10.873254246449397,20000,0.0007740366646156344,0.0007740366646161135,0.9801842954114117,0,0,1,0.4165708285414271,0.000200010000500025,0.002250112505625281,0.5809790489524477,1.1138556927846393,2.25,0.8703935196759838,0.47412370618530925,0.4939246962348117,0.004555578052237295,0.0001,0.609,0.0,,44.60191163019691,44.60191163019691,44.60191163019691,44.60191163019691,44.60191163019691,44.60191163019691,44.60191163019691,44.58530834605493,44.58530834605493,44.58530834605493,44.58530834605493,44.58530834605493,44.56239084332498,44.56239084332498,44.56239084332498,44.56239084332498,44.56239084332498,44.56239084332498,44.56239084332498,44.56239084332498,(1+1)-EA+CXM c=0.25 px=0.5|30|5|uniform|high|1|4
h7_tune,(1+1)-EA+CXM c=0.25 px=0.5,n30 m5 uniform high,30,5,uniform,high,1,5,20000,44.52792459708759,44.52792459708757,45.463277724339434,0.757495641708374,44.572003879243795,44.572003879243795,10.875575628732598,20000,0.0009899244699827583,0.0009899244699832375,0.9803957415807157,0,0,1,0.4129206460323016,0.0003000150007500375,0.00200010000500025,0.5847792389619481,1.1728586429321466,2.0,0.8846442322116106,0.4575728786439322,0.49727486374318713,0.003821015585721468,0.0,0.063,0.0,,44.628902779973615,44.572003879243795,44.572003879243795,44.572003879243795,44.572003879243795,44.572003879243795,44.572003879243795,44.572003879243795,44.572003879243795,44.572003879243795,44.572003879243795,44.572003879243795,44.572003879243795,44.572003879243795,44.572003879243795,44.572003879243795,44.572003879243795,44.572003879243795,44.572003879243795,44.572003879243795,(1+1)-EA+CXM c=0.25 px=0.5|30|5|uniform|high|1|5
h7_tune,(1+1)-EA+CXM c=0.25 px=0.5,n30 m5 uniform high,30,5,uniform,high,1,6,20000,44.52792459708759,44.52792459708757,45.463277724339434,0.7816424369812012,44.597719638689725,44.597719638689725,10.880196072824997,20000,0.001567444300035921,0.0015674443000364005,0.9809613796238382,0,0,1,0.40702035101755085,0.0005500275013750688,0.002050102505125256,0.5903795189759488,1.1844592229611481,2.05,0.8784439221961098,0.4664733236661833,0.5030751537576879,0.003975747937580758,0.0,0.351,0.0,,44.747391509885546,44.747391509885546,44.747391509885546,44.747391509885546,44.747391509885546,44.747391509885546,44.62038594643839,44.597719638689725,44.597719638689725,44.597719638689725,44.597719638689725,44.597719638689725,44.597719638689725,44.597719638689725,44.597719638689725,44.597719638689725,44.597719638689725,44.597719638689725,44.597719638689725,44.597719638689725,(1+1)-EA+CXM c=0.25 px=0.5|30|5|uniform|high|1|6
h7_tune,(1+1)-EA+CXM c=0.25 px=0.5,n30 m5 uniform high,30,5,uniform,high,1,7,20000,44.52792459708759,44.52792459708757,45.463277724339434,0.7961361408233643,44.62603229044059,44.62603229044059,10.8706845698967,20000,0.0022032846632923327,0.0022032846632928124,0.9815841383242235,0,0,1,0.41102055102755136,0.00035001750087504374,0.0030501525076253814,0.5855792789639482,1.1137056852842642,3.05,0.8736436821841093,0.48502425121256065,0.4989249462473124,0.0061134495890960115,0.0004,0.876,0.0,,44.792957599794455,44.699463734028136,44.699463734028136,44.699463734028136,44.699463734028136,44.699463734028136,44.699463734028136,44.699463734028136,44.699463734028136,44.699463734028136,44.699463734028136,44.699463734028136,44.699463734028136,44.699463734028136,44.699463734028136,44.699463734028136,44.699463734028136,44.62603229044059,44.62603229044059,44.62603229044059,(1+1)-EA+CXM c=0.25 px=0.5|30|5|uniform|high|1|7
h7_tune,(1+1)-EA+CXM c=0.25 px=0.5,n30 m5 uniform high,30,5,uniform,high,1,8,20000,44.52792459708759,44.52792459708757,45.463277724339434,0.8828752040863037,44.58145108091271,44.58145108091271,10.876370663743215,20000,0.0012020880000461007,0.0012020880000465802,0.9806035400972722,0,0,1,0.4113205660283014,5.000250012500625e-05,0.0013000650032501625,0.5873293664683235,1.1642582129106456,1.3,0.8997949897494875,0.45317265863293166,0.49647482374118707,0.0026185920032228823,0.0,0.021,0.0,,44.58145108091271,44.58145108091271,44.58145108091271,44.58145108091271,44.58145108091271,44.58145108091271,44.58145108091271,44.58145108091271,44.58145108091271,44.58145108091271,44.58145108091271,44.58145108091271,44.58145108091271,44.58145108091271,44.58145108091271,44.58145108091271,44.58145108091271,44.58145108091271,44.58145108091271,44.58145108091271,(1+1)-EA+CXM c=0.25 px=0.5|30|5|uniform|high|1|8
h7_tune,(1+1)-EA+CXM c=0.25 px=0.5,n30 m5 uniform high,30,5,uniform,high,1,9,20000,44.52792459708759,44.52792459708757,45.463277724339434,0.8165476322174072,44.60897840352972,44.60897840352972,10.880012271285054,20000,0.0018202915850120138,0.0018202915850124934,0.9812090248752049,0,0,1,0.4062703135156758,0.000200010000500025,0.00360018000900045,0.5899294964748237,1.1817590879543978,3.6,0.8971948597429872,0.44437221861093057,0.5043252162608131,0.007039460638508824,0.0,0.027,0.0,,44.60897840352972,44.60897840352972,44.60897840352972,44.60897840352972,44.60897840352972,44.60897840352972,44.60897840352972,44.60897840352972,44.60897840352972,44.60897840352972,44.60897840352972,44.60897840352972,44.60897840352972,44.60897840352972,44.60897840352972,44.60897840352972,44.60897840352972,44.60897840352972,44.60897840352972,44.60897840352972,(1+1)-EA+CXM c=0.25 px=0.5|30|5|uniform|high|1|9
h7_tune,(1+1)-EA+CXM c=0.25 px=1.0,n30 m5 uniform high,30,5,uniform,high,1,0,20000,44.52792459708759,44.52792459708757,45.463277724339434,1.0252654552459717,44.59454794912481,44.59454794912481,10.879333956764004,20000,0.0014962150749234875,0.001496215074923967,0.980891615855723,0,0,1,0.0003000150007500375,0.000600030001500075,0.002550127506375319,0.9965498274913746,2.153507675383769,2.55,0.8517925896294815,0.8752937646882344,1.0,0.002550127506375319,0.0,0.027,0.0,,44.59454794912481,44.59454794912481,44.59454794912481,44.59454794912481,44.59454794912481,44.59454794912481,44.59454794912481,44.59454794912481,44.59454794912481,44.59454794912481,44.59454794912481,44.59454794912481,44.59454794912481,44.59454794912481,44.59454794912481,44.59454794912481,44.59454794912481,44.59454794912481,44.59454794912481,44.59454794912481,(1+1)-EA+CXM c=0.25 px=1.0|30|5|uniform|high|1|0
h7_tune,(1+1)-EA+CXM c=0.25 px=1.0,n30 m5 uniform high,30,5,uniform,high,1,1,20000,44.52792459708759,44.52792459708757,45.463277724339434,1.1139817237854004,44.54888625524332,44.54888625524332,10.870988558914528,20000,0.0004707530913555774,0.0004707530913560563,0.9798872515386944,0,0,1,0.0003000150007500375,5.000250012500625e-05,0.0024001200060003,0.9972498624931246,2.1541577078853944,2.4,0.8207910395519776,0.9147957397869894,1.0,0.0024001200060003,0.0005,0.54,0.0,,44.588825435869445,44.588825435869445,44.588825435869445,44.588825435869445,44.588825435869445,44.588825435869445,44.588825435869445,44.588825435869445,44.588825435869445,44.588825435869445,44.54888625524332,44.54888625524332,44.54888625524332,44.54888625524332,44.54888625524332,44.54888625524332,44.54888625524332,44.54888625524332,44.54888625524332,44.54888625524332,(1+1)-EA+CXM c=0.25 px=1.0|30|5|uniform|high|1|1
h7_tune,(1+1)-EA+CXM c=0.25 px=1.0,n30 m5 uniform high,30,5,uniform,high,1,2,20000,44.52792459708759,44.52792459708757,45.463277724339434,0.9607205390930176,44.59539180254562,44.59539180254562,10.878177900956205,20000,0.001515166180964173,0.0015151661809646524,0.9809101770651882,0,0,1,0.00035001750087504374,5.000250012500625e-05,0.002050102505125256,0.9975498774938747,1.9857492874643732,2.05,0.848692434621731,0.9490974548727437,1.0,0.002050102505125256,0.0,0.072,0.0,,44.623118772393376,44.59539180254562,44.59539180254562,44.59539180254562,44.59539180254562,44.59539180254562,44.59539180254562,44.59539180254562,44.59539180254562,44.59539180254562,44.59539180254562,44.59539180254562,44.59539180254562,44.59539180254562,44.59539180254562,44.59539180254562,44.59539180254562,44.59539180254562,44.59539180254562,44.59539180254562,(1+1)-EA+CXM c=0.25 px=1.0|30|5|uniform|high|1|2
h7_tune,(1+1)-EA+CXM c=0.25 px=1.0,n30 m5 uniform high,30,5,uniform,high,1,3,20000,44.52792459708759,44.52792459708757,45.463277724339434,0.9806265830993652,44.66812576017608,44.66812576017608,10.8737834165324,20000,0.0031486121205312463,0.0031486121205317264,0.9825100167879525,0,0,1,0.000200010000500025,0.00040002000100005,0.002550127506375319,0.9968498424921246,2.1490074503725185,2.55,0.8467923396169809,0.8971448572428622,1.0,0.002550127506375319,0.0,0.027,0.0,,44.66812576017608,44.66812576017608,44.66812576017608,44.66812576017608,44.66812576017608,44.66812576017608,44.66812576017608,44.66812576017608,44.66812576017608,44.66812576017608,44.66812576017608,44.66812576017608,44.66812576017608,44.66812576017608,44.66812576017608,44.66812576017608,44.66812576017608,44.66812576017608,44.66812576017608,44.66812576017608,(1+1)-EA+CXM c=0.25 px=1.0|30|5|uniform|high|1|3
h7_tune,(1+1)-EA+CXM c=0.25 px=1.0,n30 m5 uniform high,30,5,uniform,high,1,4,20000,44.52792459708759,44.52792459708757,45.463277724339434,1.0852057933807373,44.61890101495337,44.61890101495337,10.87231324735028,20000,0.002043131780539639,0.0020431317805401188,0.981427280397471,0,0,1,0.0003000150007500375,0.0003000150007500375,0.0019000950047502376,0.9974998749937497,2.1474573728686432,1.9,0.8388919445972298,0.9175958797939897,1.0,0.0019000950047502376,0.0002,0.522,0.0,,44.77280133798392,44.77280133798392,44.77280133798392,44.77280133798392,44.77280133798392,44.77280133798392,44.77280133798392,44.77280133798392,44.77280133798392,44.662855476039056,44.61890101495337,44.61890101495337,44.61890101495337,44.61890101495337,44.61890101495337,44.61890101495337,44.61890101495337,44.61890101495337,44.61890101495337,44.61890101495337,(1+1)-EA+CXM c=0.25 px=1.0|30|5|uniform|high|1|4
h7_tune,(1+1)-EA+CXM c=0.25 px=1.0,n30 m5 uniform high,30,5,uniform,high,1,5,20000,44.52792459708759,44.52792459708757,45.463277724339434,1.0909397602081299,44.58268715394613,44.58268715394613,10.872072607425066,20000,0.001229847502529312,0.0012298475025297915,0.980630728480849,0,0,1,0.000200010000500025,0.00045002250112505623,0.001400070003500175,0.9979498974948747,2.138356917845892,1.4,0.8380919045952298,0.8876443822191109,1.0,0.001400070003500175,0.0001,0.81,0.0,,44.59188094313419,44.59188094313419,44.59188094313419,44.59188094313419,44.59188094313419,44.59188094313419,44.59188094313419,44.59188094313419,44.59188094313419,44.59188094313419,44.59188094313419,44.59188094313419,44.59188094313419,44.59188094313419,44.59188094313419,44.59188094313419,44.58268715394613,44.58268715394613,44.58268715394613,44.58268715394613,(1+1)-EA+CXM c=0.25 px=1.0|30|5|uniform|high|1|5
h7_tune,(1+1)-EA+CXM c=0.25 px=1.0,n30 m5 uniform high,30,5,uniform,high,1,6,20000,44.52792459708759,44.52792459708757,45.463277724339434,0.9908154010772705,44.66317745075981,44.66317745075981,10.872583198129362,20000,0.0030374838911999685,0.0030374838912004486,0.9824011748904043,0,0,1,0.00015000750037501875,0.000200010000500025,0.003000150007500375,0.9966498324916245,2.1454072703635183,3.0,0.8409420471023551,0.9264963248162408,1.0,0.003000150007500375,0.0,0.057,0.0,,44.69051405985002,44.66317745075981,44.66317745075981,44.66317745075981,44.66317745075981,44.66317745075981,44.66317745075981,44.66317745075981,44.66317745075981,44.66317745075981,44.66317745075981,44.66317745075981,44.66317745075981,44.66317745075981,44.66317745075981,44.66317745075981,44.66317745075981,44.66317745075981,44.66317745075981,44.66317745075981,(1+1)-EA+CXM c=0.25 px=1.0|30|5|uniform|high|1|6
h7_tune,(1+1)-EA+CXM c=0.25 px=1.0,n30 m5 uniform high,30,5,uniform,high,1,7,20000,44.52792459708759,44.52792459708757,45.463277724339434,1.014596939086914,44.60897840352972,44.60897840352972,10.881988052786934,20000,0.0018202915850120138,0.0018202915850124934,0.9812090248752049,0,0,1,0.00035001750087504374,0.00015000750037501875,0.0021501075053752686,0.9973498674933746,2.1549577478873942,2.15,0.8519425971298565,0.8751937596879844,1.0,0.0021501075053752686,0.0,0.018,0.0,,44.60897840352972,44.60897840352972,44.60897840352972,44.60897840352972,44.60897840352972,44.60897840352972,44.60897840352972,44.60897840352972,44.60897840352972,44.60897840352972,44.60897840352972,44.60897840352972,44.60897840352972,44.60897840352972,44.60897840352972,44.60897840352972,44.60897840352972,44.60897840352972,44.60897840352972,44.60897840352972,(1+1)-EA+CXM c=0.25 px=1.0|30|5|uniform|high|1|7
h7_tune,(1+1)-EA+CXM c=0.25 px=1.0,n30 m5 uniform high,30,5,uniform,high,1,8,20000,44.52792459708759,44.52792459708757,45.463277724339434,0.9627032279968262,44.77280133798392,44.77280133798392,10.902366328689087,20000,0.005499397133643797,0.0054993971336442776,0.9848124371818916,0,0,1,0.0003000150007500375,0.0007000350017500875,0.0015000750037501875,0.9974998749937497,2.1573578678933947,1.5,0.8620931046552328,0.9006950347517376,1.0,0.0015000750037501875,0.0,0.006,0.0,,44.77280133798392,44.77280133798392,44.77280133798392,44.77280133798392,44.77280133798392,44.77280133798392,44.77280133798392,44.77280133798392,44.77280133798392,44.77280133798392,44.77280133798392,44.77280133798392,44.77280133798392,44.77280133798392,44.77280133798392,44.77280133798392,44.77280133798392,44.77280133798392,44.77280133798392,44.77280133798392,(1+1)-EA+CXM c=0.25 px=1.0|30|5|uniform|high|1|8
h7_tune,(1+1)-EA+CXM c=0.25 px=1.0,n30 m5 uniform high,30,5,uniform,high,1,9,20000,44.52792459708759,44.52792459708757,45.463277724339434,0.9545648097991943,44.60215482569739,44.60215482569739,10.87942411110506,20000,0.001667048920008607,0.0016670489200090865,0.9810589349966505,0,0,1,0.00015000750037501875,5.000250012500625e-05,0.00280014000700035,0.9969998499924996,2.159557977898895,2.8,0.8461923096154808,0.9084454222711136,1.0,0.00280014000700035,0.0,0.03,0.0,,44.60215482569739,44.60215482569739,44.60215482569739,44.60215482569739,44.60215482569739,44.60215482569739,44.60215482569739,44.60215482569739,44.60215482569739,44.60215482569739,44.60215482569739,44.60215482569739,44.60215482569739,44.60215482569739,44.60215482569739,44.60215482569739,44.60215482569739,44.60215482569739,44.60215482569739,44.60215482569739,(1+1)-EA+CXM c=0.25 px=1.0|30|5|uniform|high|1|9
h7_tune,(1+1)-EA+CXM c=1.0 px=0.5,n30 m5 uniform high,30,5,uniform,high,1,0,20000,44.52792459708759,44.52792459708757,45.463277724339434,0.794353723526001,44.59454794912481,44.59454794912481,10.878636860087523,20000,0.0014962150749234875,0.001496215074923967,0.980891615855723,0,0,1,0.2207110355517776,0.0006500325016250812,0.002050102505125256,0.7765888294414721,1.7156357817890895,2.05,0.6729836491824591,0.3496174808740437,0.5008750437521876,0.0036937206748527502,0.0,0.045,0.0,,44.59454794912481,44.59454794912481,44.59454794912481,44.59454794912481,44.59454794912481,44.59454794912481,44.59454794912481,44.59454794912481,44.59454794912481,44.59454794912481,44.59454794912481,44.59454794912481,44.59454794912481,44.59454794912481,44.59454794912481,44.59454794912481,44.59454794912481,44.59454794912481,44.59454794912481,44.59454794912481,(1+1)-EA+CXM c=1.0 px=0.5|30|5|uniform|high|1|0
h7_tune,(1+1)-EA+CXM c=1.0 px=0.5,n30 m5 uniform high,30,5,uniform,high,1,1,20000,44.52792459708759,44.52792459708757,45.463277724339434,0.808967113494873,44.56312144806718,44.56312144806718,10.871883745671317,20000,0.0007904444525108236,0.0007904444525113027,0.9802003656284918,0,0,1,0.21966098304915246,0.00035001750087504374,0.0021001050052502626,0.7778888944447222,1.6977848892444622,2.1,0.5992799639981999,0.4282214110705535,0.5030251512575629,0.004075546719681909,0.0008,0.651,0.0,,44.689503258503066,44.65936232184421,44.65936232184421,44.65936232184421,44.65936232184421,44.65936232184421,44.65936232184421,44.65936232184421,44.65936232184421,44.65936232184421,44.62280017418303,44.62280017418303,44.57926723800924,44.56312144806718,44.56312144806718,44.56312144806718,44.56312144806718,44.56312144806718,44.56312144806718,44.56312144806718,(1+1)-EA+CXM c=1.0 px=0.5|30|5|uniform|high|1|1
h7_tune,(1+1)-EA+CXM c=1.0 px=0.5,n30 m5 uniform high,30,5,uniform,high,1,2,20000,44.52792459708759,44.52792459708757,45.463277724339434,0.7952587604522705,44.61006909259238,44.61006909259238,10.881209445749391,20000,0.0018447860808263469,0.0018447860808268263,0.9812330154257604,0,0,1,0.22931146557327867,0.0012500625031251563,0.0015000750037501875,0.767938396919846,1.7023851192559627,1.5,0.6296314815740787,0.4360218010900545,0.49562478123906195,0.0029257465698143666,0.0003,0.726,0.0,,44.688824729288996,44.688824729288996,44.688824729288996,44.688824729288996,44.688824729288996,44.688824729288996,44.688824729288996,44.688824729288996,44.688824729288996,44.688824729288996,44.688824729288996,44.688824729288996,44.68512231507009,44.68512231507009,44.61006909259238,44.61006909259238,44.61006909259238,44.61006909259238,44.61006909259238,44.61006909259238,(1+1)-EA+CXM c=1.0 px=0.5|30|5|uniform|high|1|2
h7_tune,(1+1)-EA+CXM c=1.0 px=0.5,n30 m5 uniform high,30,5,uniform,high,1,3,20000,44.52792459708759,44.52792459708757,45.463277724339434,0.7881271839141846,44.65288714813276,44.65288714813276,10.876183056736817,20000,0.0028063861537653053,0.0028063861537657854,0.9821748317153821,0,3,1,0.22686134306715336,0.0009500475023751188,0.0019500975048752439,0.7702385119255962,1.6884844242212111,1.95,0.6668833441672084,0.46917345867293364,0.4976748837441872,0.0036169998995277805,0.0006,0.996,0.0,,44.73172739866534,44.73172739866534,44.73172739866534,44.73172739866534,44.73172739866534,44.73172739866534,44.73172739866534,44.73172739866534,44.73172739866534,44.73172739866534,44.73172739866534,44.73172739866534,44.73172739866534,44.73172739866534,44.73172739866534,44.73172739866534,44.73172739866534,44.73172739866534,44.73172739866534,44.65288714813276,(1+1)-EA+CXM c=1.0 px=0.5|30|5|uniform|high|1|3
h7_tune,(1+1)-EA+CXM c=1.0 px=0.5,n30 m5 uniform high,30,5,uniform,high,1,4,20000,44.52792459708759,44.52792459708757,45.463277724339434,0.8359670639038086,44.56728611658401,44.56728611658401,10.872987424048299,20000,0.0008839738176117794,0.0008839738176122586,0.9802919707376104,0,0,1,0.22676133806690335,0.000200010000500025,0.0014500725036251812,0.7715885794289714,1.7056352817640883,1.45,0.6382319115955798,0.5075753787689384,0.4988749437471874,0.0026059937857071266,0.0,0.153,0.0,,44.688418276741196,44.63323408543321,44.5835678111171,44.56728611658401,44.56728611658401,44.56728611658401,44.56728611658401,44.56728611658401,44.56728611658401,44.56728611658401,44.56728611658401,44.56728611658401,44.56728611658401,44.56728611658401,44.56728611658401,44.56728611658401,44.56728611658401,44.56728611658401,44.56728611658401,44.56728611658401,(1+1)-EA+CXM c=1.0 px=0.5|30|5|uniform|high|1|4
h7_tune,(1+1)-EA+CXM c=1.0 px=0.5,n30 m5 uniform high,30,5,uniform,high,1,5,20000,44.52792459708759,44.52792459708757,45.463277724339434,0.8092489242553711,44.802878820651365,44.802878820651365,10.877543762947308,20000,0.006174871747374422,0.0061748717473749035,0.9854740147049601,0,0,1,0.22601130056502824,0.0013000650032501625,0.0015500775038751937,0.7711385569278464,1.7054352717635881,1.55,0.615830791539577,0.46512325616280814,0.4969248462423121,0.0030187160394445564,0.0002,0.543,0.0,,44.921021098235016,44.921021098235016,44.921021098235016,44.921021098235016,44.90591454366112,44.83669494563923,44.83669494563923,44.83669494563923,44.83669494563923,44.83669494563923,44.802878820651365,44.802878820651365,44.802878820651365,44.802878820651365,44.802878820651365,44.802878820651365,44.802878820651365,44.802878820651365,44.802878820651365,44.802878820651365,(1+1)-EA+CXM c=1.0 px=0.5|30|5|uniform|high|1|5
h7_tune,(1+1)-EA+CXM c=1.0 px=0.5,n30 m5 uniform high,30,5,uniform,high,1,6,20000,44.52792459708759,44.52792459708757,45.463277724339434,0.8285064697265625,44.59454794912481,44.59454794912481,10.879711205234328,20000,0.0014962150749234875,0.001496215074923967,0.980891615855723,0,0,1,0.22216110805540276,0.0015000750037501875,0.002200110005500275,0.7741387069353468,1.704835241762088,2.2,0.6083304165208261,0.4095704785239262,0.4991749587479374,0.003906641290193328,0.0005,0.585,0.0,,44.68636145592209,44.68636145592209,44.68636145592209,44.68636145592209,44.68636145592209,44.68636145592209,44.68636145592209,44.67125413224006,44.64424942591154,44.64424942591154,44.61507320572743,44.59454794912481,44.59454794912481,44.59454794912481,44.59454794912481,44.59454794912481,44.59454794912481,44.59454794912481,44.59454794912481,44.59454794912481,(1+1)-EA+CXM c=1.0 px=0.5|30|5|uniform|high|1|6
h7_tune,(1+1)-EA+CXM c=1.0 px=0.5,n30 m5 uniform high,30,5,uniform,high,1,7,20000,44.52792459708759,44.52792459708757,45.463277724339434,0.8021926879882812,44.55842594508014,44.55842594508014,10.8727153174369,20000,0.0006849937038058756,0.0006849937038063546,0.9800970844041262,0,0,1,0.22221111055552778,0.00045002250112505623,0.00200010000500025,0.7753387669383469,1.679933996699835,2.0,0.6054802740137006,0.48132406620331014,0.5005750287514376,0.0034961542303466185,0.0001,0.69,0.0,,44.638734131894,44.638734131894,44.638734131894,44.638734131894,44.592450322464195,44.57087285201413,44.56798013542152,44.56798013542152,44.56798013542152,44.56798013542152,44.56798013542152,44.56798013542152,44.56798013542152,44.55842594508014,44.55842594508014,44.55842594508014,44.55842594508014,44.55842594508014,44.55842594508014,44.55842594508014,(1+1)-EA+CXM c=1.0 px=0.5|30|5|uniform|high|1|7
h7_tune,(1+1)-EA+CXM c=1.0 px=0.5,n30 m5 uniform high,30,5,uniform,high,1,8,20000,44.52792459708759,44.52792459708757,45.463277724339434,0.7961876392364502,44.59454794912481,44.59454794912481,10.879168755877958,20000,0.0014962150749234875,0.001496215074923967,0.980891615855723,0,0,1,0.22116105805290265,0.0006500325016250812,0.0018500925046252312,0.776338816940847,1.711335566778339,1.85,0.6362318115905795,0.3747687384369218,0.5027751387569378,0.0036797613127797116,0.0,0.228,0.0,,44.67685155672193,44.67685155672193,44.6485964116971,44.6485964116971,44.59454794912481,44.59454794912481,44.59454794912481,44.59454794912481,44.59454794912481,44.59454794912481,44.59454794912481,44.59454794912481,44.59454794912481,44.59454794912481,44.59454794912481,44.59454794912481,44.59454794912481,44.59454794912481,44.59454794912481,44.59454794912481,(1+1)-EA+CXM c=1.0 px=0.5|30|5|uniform|high|1|8
h7_tune,(1+1)-EA+CXM c=1.0 px=0.5,n30 m5 uniform high,30,5,uniform,high,1,9,20000,44.52792459708759,44.52792459708757,45.463277724339434,0.7715511322021484,44.567059826998204,44.567059826998204,10.87374532991805,20000,0.0008788918474132708,0.00087889184741375,0.9802869933229336,0,0,1,0.21796089804490223,0.0003000150007500375,0.002750137506875344,0.7789889494474723,1.7387869393469673,2.75,0.6685334266713335,0.4902745137256863,0.5033251662583129,0.004768527717067356,0.0,0.039,0.0,,44.567059826998204,44.567059826998204,44.567059826998204,44.567059826998204,44.567059826998204,44.567059826998204,44.567059826998204,44.567059826998204,44.567059826998204,44.567059826998204,44.567059826998204,44.567059826998204,44.567059826998204,44.567059826998204,44.567059826998204,44.567059826998204,44.567059826998204,44.567059826998204,44.567059826998204,44.567059826998204,(1+1)-EA+CXM c=1.0 px=0.5|30|5|uniform|high|1|9
h7_tune,(1+1)-EA+CXM c=1.0 px=1.0,n30 m5 uniform high,30,5,uniform,high,1,0,20000,44.52792459708759,44.52792459708757,45.463277724339434,0.9173998832702637,44.60442574936951,44.60442574936951,10.880802592597146,20000,0.0017180489091765225,0.0017180489091770021,0.9811088857214066,0,0,1,0.0008500425021251062,0.0015000750037501875,0.0019000950047502376,0.9957497874893745,2.624481224061203,1.9,0.5047752387619381,0.7141357067853392,1.0,0.0019000950047502376,0.0002,0.981,0.0,,44.73469709729298,44.66350524493587,44.66350524493587,44.63549982228647,44.63549982228647,44.63549982228647,44.63549982228647,44.63549982228647,44.63549982228647,44.63549982228647,44.63549982228647,44.63549982228647,44.63549982228647,44.63037262466054,44.63037262466054,44.63037262466054,44.63037262466054,44.63037262466054,44.63037262466054,44.60442574936951,(1+1)-EA+CXM c=1.0 px=1.0|30|5|uniform|high|1|0
h7_tune,(1+1)-EA+CXM c=1.0 px=1.0,n30 m5 uniform high,30,5,uniform,high,1,1,20000,44.52792459708759,44.52792459708757,45.463277724339434,0.921299934387207,44.6572392393141,44.6572392393141,10.874345014129869,20000,0.00290412462284328,0.00290412462284376,0.9822705593311455,0,0,1,0.000600030001500075,0.001000050002500125,0.0018500925046252312,0.9965498274913746,2.6354817740887047,1.85,0.535776788839442,0.7451372568628432,1.0,0.0018500925046252312,0.0,0.249,0.0,,44.69368684619935,44.69368684619935,44.68938542995639,44.664585443729536,44.6572392393141,44.6572392393141,44.6572392393141,44.6572392393141,44.6572392393141,44.6572392393141,44.6572392393141,44.6572392393141,44.6572392393141,44.6572392393141,44.6572392393141,44.6572392393141,44.6572392393141,44.6572392393141,44.6572392393141,44.6572392393141,(1+1)-EA+CXM c=1.0 px=1.0|30|5|uniform|high|1|1
h7_tune,(1+1)-EA+CXM c=1.0 px=1.0,n30 m5 uniform high,30,5,uniform,high,1,2,20000,44.52792459708759,44.52792459708757,45.463277724339434,0.8939487934112549,44.59817149390684,44.59817149390684,10.871426176547384,20000,0.0015775919819951301,0.0015775919819956095,0.9809713185292523,0,0,1,0.0008000400020001,0.0007000350017500875,0.0015500775038751937,0.9969498474923746,2.6221311065553277,1.55,0.5405770288514425,0.7473373668683434,1.0,0.0015500775038751937,0.0,0.369,0.0,,44.84530269480361,44.84530269480361,44.84530269480361,44.84530269480361,44.84530269480361,44.84530269480361,44.84530269480361,44.59817149390684,44.59817149390684,44.59817149390684,44.59817149390684,44.59817149390684,44.59817149390684,44.59817149390684,44.59817149390684,44.59817149390684,44.59817149390684,44.59817149390684,44.59817149390684,44.59817149390684,(1+1)-EA+CXM c=1.0 px=1.0|30|5|uniform|high|1|2
h7_tune,(1+1)-EA+CXM c=1.0 px=1.0,n30 m5 uniform high,30,5,uniform,high,1,3,20000,44.52792459708759,44.52792459708757,45.463277724339434,0.9364252090454102,44.60897840352972,44.60897840352972,10.880263443978386,20000,0.0018202915850120138,0.0018202915850124934,0.9812090248752049,0,0,1,0.0007500375018750937,0.0009000450022501125,0.002600130006500325,0.9957497874893745,2.6292314615730787,2.6,0.5922296114805741,0.64003200160008,1.0,0.002600130006500325,0.0,0.024,0.0,,44.60897840352972,44.60897840352972,44.60897840352972,44.60897840352972,44.60897840352972,44.60897840352972,44.60897840352972,44.60897840352972,44.60897840352972,44.60897840352972,44.60897840352972,44.60897840352972,44.60897840352972,44.60897840352972,44.60897840352972,44.60897840352972,44.60897840352972,44.60897840352972,44.60897840352972,44.60897840352972,(1+1)-EA+CXM c=1.0 px=1.0|30|5|uniform|high|1|3
h7_tune,(1+1)-EA+CXM c=1.0 px=1.0,n30 m5 uniform high,30,5,uniform,high,1,4,20000,44.52792459708759,44.52792459708757,45.463277724339434,0.911278486251831,44.57494600906688,44.57494600906688,10.874467410985103,20000,0.0010559982843297083,0.0010559982843301875,0.9804604560045398,0,0,1,0.0005000250012500625,0.00045002250112505623,0.00200010000500025,0.9970498524926247,2.5702785139256963,2.0,0.5814790739536977,0.7872893644682234,1.0,0.00200010000500025,0.0,0.054,0.0,,44.59122770359996,44.57494600906688,44.57494600906688,44.57494600906688,44.57494600906688,44.57494600906688,44.57494600906688,44.57494600906688,44.57494600906688,44.57494600906688,44.57494600906688,44.57494600906688,44.57494600906688,44.57494600906688,44.57494600906688,44.57494600906688,44.57494600906688,44.57494600906688,44.57494600906688,44.57494600906688,(1+1)-EA+CXM c=1.0 px=1.0|30|5|uniform|high|1|4
h7_tune,(1+1)-EA+CXM c=1.0 px=1.0,n30 m5 uniform high,30,5,uniform,high,1,5,20000,44.52792459708759,44.52792459708757,45.463277724339434,0.9228663444519043,44.72439203794931,44.72439203794931,10.87088000583034,20000,0.004412229912789767,0.004412229912790247,0.9837476371397975,0,0,1,0.0008500425021251062,0.0006500325016250812,0.0018500925046252312,0.9966498324916245,2.5715785789289463,1.85,0.5184759237961898,0.7797889894494725,1.0,0.0018500925046252312,0.0001,0.546,0.0,,44.84950988178481,44.73559207636421,44.73146660388147,44.73146660388147,44.73146660388147,44.73146660388147,44.73146660388147,44.73146660388147,44.73146660388147,44.73146660388147,44.72439203794931,44.72439203794931,44.72439203794931,44.72439203794931,44.72439203794931,44.72439203794931,44.72439203794931,44.72439203794931,44.72439203794931,44.72439203794931,(1+1)-EA+CXM c=1.0 px=1.0|30|5|uniform|high|1|5
h7_tune,(1+1)-EA+CXM c=1.0 px=1.0,n30 m5 uniform high,30,5,uniform,high,1,6,20000,44.52792459708759,44.52792459708757,45.463277724339434,0.9125256538391113,44.559635107080425,44.559635107080425,10.870457315565341,20000,0.0007121488432206912,0.0007121488432211703,0.9801236808586894,0,0,1,0.0007000350017500875,5.000250012500625e-05,0.0027001350067503375,0.9965498274913746,2.6270313515675783,2.7,0.5142757137856893,0.7833391669583479,1.0,0.0027001350067503375,0.0,0.453,0.0,,44.63259910700645,44.6167104759019,44.6167104759019,44.568065279511586,44.568065279511586,44.568065279511586,44.568065279511586,44.568065279511586,44.568065279511586,44.559635107080425,44.559635107080425,44.559635107080425,44.559635107080425,44.559635107080425,44.559635107080425,44.559635107080425,44.559635107080425,44.559635107080425,44.559635107080425,44.559635107080425,(1+1)-EA+CXM c=1.0 px=1.0|30|5|uniform|high|1|6
h7_tune,(1+1)-EA+CXM c=1.0 px=1.0,n30 m5 uniform high,30,5,uniform,high,1,7,20000,44.52792459708759,44.52792459708757,45.463277724339434,0.9420676231384277,44.55530854509249,44.55530854509249,10.871042272537965,20000,0.0006149837041065997,0.0006149837041070787,0.9800285147773045,0,0,1,0.00045002250112505623,0.00035001750087504374,0.0019000950047502376,0.9972998649932496,2.59857992899645,1.9,0.4988749437471874,0.7197359867993399,1.0,0.0019000950047502376,0.0007,0.864,0.0,,44.632805249321834,44.632805249321834,44.632805249321834,44.632805249321834,44.632805249321834,44.632805249321834,44.632805249321834,44.632805249321834,44.632805249321834,44.632805249321834,44.60012999943445,44.590012133685974,44.590012133685974,44.590012133685974,44.590012133685974,44.590012133685974,44.57224636611229,44.55530854509249,44.55530854509249,44.55530854509249,(1+1)-EA+CXM c=1.0 px=1.0|30|5|uniform|high|1|7
h7_tune,(1+1)-EA+CXM c=1.0 px=1.0,n30 m5 uniform high,30,5,uniform,high,1,8,20000,44.52792459708759,44.52792459708757,45.463277724339434,0.9290664196014404,44.59454794912481,44.59454794912481,10.8791165690874,20000,0.0014962150749234875,0.001496215074923967,0.980891615855723,0,0,1,0.0005500275013750688,0.00040002000100005,0.0015500775038751937,0.9974998749937497,2.63793189659483,1.55,0.5573278663933197,0.743787189359468,1.0,0.0015500775038751937,0.0003,0.777,0.0,,44.65741684413571,44.65741684413571,44.65741684413571,44.65741684413571,44.65741684413571,44.65741684413571,44.65741684413571,44.65741684413571,44.65741684413571,44.65741684413571,44.65741684413571,44.65741684413571,44.65741684413571,44.65741684413571,44.65741684413571,44.59454794912481,44.59454794912481,44.59454794912481,44.59454794912481,44.59454794912481,(1+1)-EA+CXM c=1.0 px=1.0|30|5|uniform|high|1|8
h7_tune,(1+1)-EA+CXM c=1.0 px=1.0,n30 m5 uniform high,30,5,uniform,high,1,9,20000,44.52792459708759,44.52792459708757,45.463277724339434,0.9258737564086914,44.77280133798392,44.77280133798392,10.906904617932575,20000,0.005499397133643797,0.0054993971336442776,0.9848124371818916,0,0,1,0.000600030001500075,0.0011000550027501375,0.0018500925046252312,0.9964498224911246,2.657632881644082,1.85,0.575478773938697,0.72043602180109,1.0,0.0018500925046252312,0.0,0.114,0.0,,44.78923219972191,44.78923219972191,44.77280133798392,44.77280133798392,44.77280133798392,44.77280133798392,44.77280133798392,44.77280133798392,44.77280133798392,44.77280133798392,44.77280133798392,44.77280133798392,44.77280133798392,44.77280133798392,44.77280133798392,44.77280133798392,44.77280133798392,44.77280133798392,44.77280133798392,44.77280133798392,(1+1)-EA+CXM c=1.0 px=1.0|30|5|uniform|high|1|9
h7_tune,(1+1)-EA+CXM c=2.0 px=0.5,n30 m5 uniform high,30,5,uniform,high,1,0,20000,44.52792459708759,44.52792459708757,45.463277724339434,0.7268354892730713,44.592134850328684,44.592134850328684,10.870470634740055,20000,0.0014420221427812255,0.001442022142781705,0.980838537879015,0,0,1,0.09775488774438722,0.0005500275013750688,0.001400070003500175,0.9002950147507376,2.4597229861493073,1.4,0.3893694684734237,0.5370268513425671,0.5027251362568128,0.0018897951064253034,0.0,0.159,0.0,,44.69220255068556,44.65344765541564,44.65344765541564,44.592134850328684,44.592134850328684,44.592134850328684,44.592134850328684,44.592134850328684,44.592134850328684,44.592134850328684,44.592134850328684,44.592134850328684,44.592134850328684,44.592134850328684,44.592134850328684,44.592134850328684,44.592134850328684,44.592134850328684,44.592134850328684,44.592134850328684,(1+1)-EA+CXM c=2.0 px=0.5|30|5|uniform|high|1|0
h7_tune,(1+1)-EA+CXM c=2.0 px=0.5,n30 m5 uniform high,30,5,uniform,high,1,1,20000,44.52792459708759,44.52792459708757,45.463277724339434,0.7494630813598633,44.688862115501955,44.688862115501955,10.877270635906534,20000,0.003614305402073259,0.0036143054020737397,0.9829661289814375,0,0,1,0.09785489274463723,0.001000050002500125,0.0012500625031251563,0.8998949947497374,2.4304715235761787,1.25,0.38136906845342267,0.4151707585379269,0.4950747537376869,0.002524997475002525,0.0,0.327,0.0,,44.751864765794046,44.751864765794046,44.751864765794046,44.751864765794046,44.751864765794046,44.751864765794046,44.688862115501955,44.688862115501955,44.688862115501955,44.688862115501955,44.688862115501955,44.688862115501955,44.688862115501955,44.688862115501955,44.688862115501955,44.688862115501955,44.688862115501955,44.688862115501955,44.688862115501955,44.688862115501955,(1+1)-EA+CXM c=2.0 px=0.5|30|5|uniform|high|1|1
h7_tune,(1+1)-EA+CXM c=2.0 px=0.5,n30 m5 uniform high,30,5,uniform,high,1,2,20000,44.52792459708759,44.52792459708757,45.463277724339434,0.753321647644043,44.60985499320442,44.60985499320442,10.872903407963106,20000,0.0018399778758651237,0.0018399778758656032,0.9812283061439251,0,0,1,0.09895494774738738,0.0005000250012500625,0.0016000800040002,0.8989449472473624,2.4417720886044303,1.6,0.34756737836891843,0.5158757937896895,0.49557477873893696,0.0029260417717687417,0.0,0.471,0.0,,44.79232146051726,44.740196521040104,44.740196521040104,44.740196521040104,44.740196521040104,44.740196521040104,44.646713369727486,44.631401225457395,44.631401225457395,44.60985499320442,44.60985499320442,44.60985499320442,44.60985499320442,44.60985499320442,44.60985499320442,44.60985499320442,44.60985499320442,44.60985499320442,44.60985499320442,44.60985499320442,(1+1)-EA+CXM c=2.0 px=0.5|30|5|uniform|high|1|2
h7_tune,(1+1)-EA+CXM c=2.0 px=0.5,n30 m5 uniform high,30,5,uniform,high,1,3,20000,44.52792459708759,44.52792459708757,45.463277724339434,0.8291516304016113,44.601295493444766,44.601295493444766,10.880675098890295,20000,0.0016477501931894368,0.0016477501931899162,0.981040033318293,0,0,1,0.1016050802540127,0.001400070003500175,0.0016500825041252062,0.8953447672383619,2.4299714985749286,1.65,0.3823191159557978,0.44377218860943046,0.49872493624681236,0.00300782033286545,0.0,0.429,0.0,,44.77280133798392,44.77280133798392,44.77280133798392,44.77280133798392,44.77280133798392,44.77280133798392,44.77280133798392,44.678837512755976,44.601295493444766,44.601295493444766,44.601295493444766,44.601295493444766,44.601295493444766,44.601295493444766,44.601295493444766,44.601295493444766,44.601295493444766,44.601295493444766,44.601295493444766,44.601295493444766,(1+1)-EA+CXM c=2.0 px=0.5|30|5|uniform|high|1|3
h7_tune,(1+1)-EA+CXM c=2.0 px=0.5,n30 m5 uniform high,30,5,uniform,high,1,4,20000,44.52792459708759,44.52792459708757,45.463277724339434,0.7471060752868652,44.55282876701864,44.55282876701864,10.871877250572046,20000,0.0005592933009205879,0.0005592933009210669,0.9799739701382469,0,0,1,0.09445472273613681,0.00040002000100005,0.001800090004500225,0.9033451672583629,2.4267713385669283,1.8,0.3238161908095405,0.5474773738686934,0.5024251212560628,0.0033837579617834396,0.0004,0.666,0.0,,44.60897840352972,44.58743410632729,44.57504601176099,44.57504601176099,44.57504601176099,44.57504601176099,44.57504601176099,44.57504601176099,44.563187664788686,44.563187664788686,44.563187664788686,44.560429399998775,44.55943526138458,44.55282876701864,44.55282876701864,44.55282876701864,44.55282876701864,44.55282876701864,44.55282876701864,44.55282876701864,(1+1)-EA+CXM c=2.0 px=0.5|30|5|uniform|high|1|4
h7_tune,(1+1)-EA+CXM c=2.0 px=0.5,n30 m5 uniform high,30,5,uniform,high,1,5,20000,44.52792459708759,44.52792459708757,45.463277724339434,0.9325287342071533,44.60551674946717,44.60551674946717,10.88077060730455,20000,0.0017425503901579817,0.0017425503901584611,0.9811328831134177,0,0,1,0.095954797739887,0.0008500425021251062,0.0016500825041252062,0.9015450772538627,2.4365718285914295,1.65,0.37146857342867146,0.5006250312515625,0.5007750387519376,0.00309535696455317,0.0,0.204,0.0,,44.917247497226484,44.683300607704666,44.63252145579569,44.615505482617706,44.60551674946717,44.60551674946717,44.60551674946717,44.60551674946717,44.60551674946717,44.60551674946717,44.60551674946717,44.60551674946717,44.60551674946717,44.60551674946717,44.60551674946717,44.60551674946717,44.60551674946717,44.60551674946717,44.60551674946717,44.60551674946717,(1+1)-EA+CXM c=2.0 px=0.5|30|5|uniform|high|1|5
h7_tune,(1+1)-EA+CXM c=2.0 px=0.5,n30 m5 uniform high,30,5,uniform,high,1,6,20000,44.52792459708759,44.52792459708757,45.463277724339434,0.7613465785980225,44.599965534417784,44.599965534417784,10.876754289432526,20000,0.0016178822162060812,0.0016178822162065606,0.9810107798395833,0,0,1,0.09590479523976199,0.0008500425021251062,0.0017500875043752187,0.9014950747537377,2.4665733286664335,1.75,0.40922046102305115,0.41632081604080207,0.5061753087654383,0.002963548355230663,0.0,0.099,0.0,,44.80935804367133,44.599965534417784,44.599965534417784,44.599965534417784,44.599965534417784,44.599965534417784,44.599965534417784,44.599965534417784,44.599965534417784,44.599965534417784,44.599965534417784,44.599965534417784,44.599965534417784,44.599965534417784,44.599965534417784,44.599965534417784,44.599965534417784,44.599965534417784,44.599965534417784,44.599965534417784,(1+1)-EA+CXM c=2.0 px=0.5|30|5|uniform|high|1|6
h7_tune,(1+1)-EA+CXM c=2.0 px=0.5,n30 m5 uniform high,30,5,uniform,high,1,7,20000,44.52792459708759,44.52792459708757,45.463277724339434,0.8843302726745605,44.55147023836265,44.55147023836265,10.871068072685876,20000,0.0005287837124256309,0.0005287837124261099,0.979944088248423,0,0,1,0.09955497774888744,0.0007500375018750937,0.0019500975048752439,0.8977448872443622,2.432871643582179,1.95,0.3343667183359168,0.5215760788039402,0.5020251012550627,0.003386454183266932,0.0,0.435,0.0,,45.020088816042446,44.868736000954435,44.868736000954435,44.76910877659206,44.607191791227315,44.5953773727588,44.58854297755206,44.57433796507332,44.55147023836265,44.55147023836265,44.55147023836265,44.55147023836265,44.55147023836265,44.55147023836265,44.55147023836265,44.55147023836265,44.55147023836265,44.55147023836265,44.55147023836265,44.55147023836265,(1+1)-EA+CXM c=2.0 px=0.5|30|5|uniform|high|1|7
h7_tune,(1+1)-EA+CXM c=2.0 px=0.5,n30 m5 uniform high,30,5,uniform,high,1,8,20000,44.52792459708759,44.52792459708757,45.463277724339434,0.7360849380493164,44.545388372435966,44.545388372435966,10.871550282907402,20000,0.000392198277965942,0.00039219827796642095,0.97981031289761,0,0,1,0.09560478023901195,0.00045002250112505623,0.0011000550027501375,0.9028451422571129,2.4701735086754337,1.1,0.3497174858742937,0.528376418820941,0.5007750387519376,0.00199700449326011,0.0,0.387,0.0,,44.591246932107104,44.591246932107104,44.591246932107104,44.58992521199388,44.575101142165046,44.575101142165046,44.575101142165046,44.545388372435966,44.545388372435966,44.545388372435966,44.545388372435966,44.545388372435966,44.545388372435966,44.545388372435966,44.545388372435966,44.545388372435966,44.545388372435966,44.545388372435966,44.545388372435966,44.545388372435966,(1+1)-EA+CXM c=2.0 px=0.5|30|5|uniform|high|1|8
h7_tune,(1+1)-EA+CXM c=2.0 px=0.5,n30 m5 uniform high,30,5,uniform,high,1,9,20000,44.52792459708759,44.52792459708757,45.463277724339434,0.8171236515045166,44.555241216899276,44.555241216899276,10.872938813790928,20000,0.0006134716598372993,0.0006134716598377783,0.9800270338415563,0,0,1,0.09180459022951147,0.00040002000100005,0.0017500875043752187,0.9060453022651133,2.4924246212310615,1.75,0.31406570328516425,0.4995249762488124,0.5024251212560628,0.0028861464968152864,0.0001,0.51,0.0,,44.723176529746226,44.70689617466074,44.67000441294025,44.652732888377045,44.652732888377045,44.652732888377045,44.64299970661174,44.64299970661174,44.62882368667199,44.62882368667199,44.555241216899276,44.555241216899276,44.555241216899276,44.555241216899276,44.555241216899276,44.555241216899276,44.555241216899276,44.555241216899276,44.555241216899276,44.555241216899276,(1+1)-EA+CXM c=2.0 px=0.5|30|5|uniform|high|1|9
h7_tune,(1+1)-EA+CXM c=2.0 px=1.0,n30 m5 uniform high,30,5,uniform,high,1,0,20000,44.52792459708759,44.52792459708757,45.463277724339434,1.0589251518249512,44.56660147210565,44.56660147210565,10.871441508613842,20000,0.00086859819692993,0.0008685981969304092,0.9802769114521249,0,0,1,0.0008000400020001,0.0012500625031251563,0.0024001200060003,0.9955497774888744,3.272713635681784,2.4,0.26136306815340765,0.5593779688984449,1.0,0.0024001200060003,0.0004,0.867,0.0,,44.684814286369125,44.63065100008543,44.59454794912481,44.59454794912481,44.59454794912481,44.59454794912481,44.59454794912481,44.59454794912481,44.59454794912481,44.59454794912481,44.59454794912481,44.59454794912481,44.59454794912481,44.59454794912481,44.59454794912481,44.59454794912481,44.58249010321021,44.56660147210565,44.56660147210565,44.56660147210565,(1+1)-EA+CXM c=2.0 px=1.0|30|5|uniform|high|1|0
h7_tune,(1+1)-EA+CXM c=2.0 px=1.0,n30 m5 uniform high,30,5,uniform,high,1,1,20000,44.52792459708759,44.52792459708757,45.463277724339434,0.8943517208099365,44.537519699051984,44.537519699051984,10.870545047739064,20000,0.00021548504789331623,0.00021548504789379504,0.9796372353330822,0,0,1,0.0009500475023751188,0.00025001250062503126,0.0021501075053752686,0.9966498324916245,3.303815190759538,2.15,0.23796189809490476,0.7012350617530877,1.0,0.0021501075053752686,0.0,0.498,0.0,,44.69327014793515,44.68490364365244,44.56597809848101,44.56597809848101,44.56597809848101,44.56597809848101,44.56597809848101,44.56092111403046,44.551935889839044,44.537519699051984,44.537519699051984,44.537519699051984,44.537519699051984,44.537519699051984,44.537519699051984,44.537519699051984,44.537519699051984,44.537519699051984,44.537519699051984,44.537519699051984,(1+1)-EA+CXM c=2.0 px=1.0|30|5|uniform|high|1|1
h7_tune,(1+1)-EA+CXM c=2.0 px=1.0,n30 m5 uniform high,30,5,uniform,high,1,2,20000,44.52792459708759,44.52792459708757,45.463277724339434,0.9168071746826172,44.5572577653665,44.5572577653665,10.873482085060239,20000,0.0006587589371014334,0.0006587589371019124,0.9800713893866944,0,0,1,0.0005500275013750688,0.000600030001500075,0.0019000950047502376,0.9969498474923746,3.320666033301665,1.9,0.2767638381919096,0.7174358717935897,1.0,0.0019000950047502376,0.0009,0.825,0.0,,44.73916898602259,44.73916898602259,44.73916898602259,44.73916898602259,44.73916898602259,44.73916898602259,44.73916898602259,44.73916898602259,44.73916898602259,44.73916898602259,44.73916898602259,44.73916898602259,44.73916898602259,44.73916898602259,44.73916898602259,44.5966861318487,44.5572577653665,44.5572577653665,44.5572577653665,44.5572577653665,(1+1)-EA+CXM c=2.0 px=1.0|30|5|uniform|high|1|2
h7_tune,(1+1)-EA+CXM c=2.0 px=1.0,n30 m5 uniform high,30,5,uniform,high,1,3,20000,44.52792459708759,44.52792459708757,45.463277724339434,0.974663496017456,44.64317035036336,44.64317035036336,10.87010037094348,20000,0.0025881680837042662,0.002588168083704746,0.981961103223822,0,0,1,0.0005500275013750688,0.0003000150007500375,0.0015500775038751937,0.9975998799939997,3.3013150657532875,1.55,0.2871143557177859,0.7309865493274664,1.0,0.0015500775038751937,0.0,0.255,0.0,,44.69374614818084,44.68119387793093,44.65418917160242,44.65418917160242,44.65418917160242,44.64317035036336,44.64317035036336,44.64317035036336,44.64317035036336,44.64317035036336,44.64317035036336,44.64317035036336,44.64317035036336,44.64317035036336,44.64317035036336,44.64317035036336,44.64317035036336,44.64317035036336,44.64317035036336,44.64317035036336,(1+1)-EA+CXM c=2.0 px=1.0|30|5|uniform|high|1|3
h7_tune,(1+1)-EA+CXM c=2.0 px=1.0,n30 m5 uniform high,30,5,uniform,high,1,4,20000,44.52792459708759,44.52792459708757,45.463277724339434,1.0101783275604248,44.77280133798392,44.77280133798392,10.905780468882918,20000,0.005499397133643797,0.0054993971336442776,0.9848124371818916,0,0,1,0.0008000400020001,0.0024001200060003,0.00120006000300015,0.9955997799889994,3.3388669433471674,1.2,0.3374668733436672,0.6311315565778289,1.0,0.00120006000300015,0.0,0.012,0.0,,44.77280133798392,44.77280133798392,44.77280133798392,44.77280133798392,44.77280133798392,44.77280133798392,44.77280133798392,44.77280133798392,44.77280133798392,44.77280133798392,44.77280133798392,44.77280133798392,44.77280133798392,44.77280133798392,44.77280133798392,44.77280133798392,44.77280133798392,44.77280133798392,44.77280133798392,44.77280133798392,(1+1)-EA+CXM c=2.0 px=1.0|30|5|uniform|high|1|4
h7_tune,(1+1)-EA+CXM c=2.0 px=1.0,n30 m5 uniform high,30,5,uniform,high,1,5,20000,44.52792459708759,44.52792459708757,45.463277724339434,0.9397742748260498,44.557259805326304,44.557259805326304,10.871303156908091,20000,0.0006588047501461983,0.0006588047501466774,0.9800714342571899,0,0,1,0.0008500425021251062,0.00015000750037501875,0.0015000750037501875,0.9974998749937497,3.216410820541027,1.5,0.28111405570278514,0.6463823191159558,1.0,0.0015000750037501875,0.0,0.309,0.0,,44.57354149985939,44.56555627950359,44.56555627950359,44.56555627950359,44.56555627950359,44.56555627950359,44.557259805326304,44.557259805326304,44.557259805326304,44.557259805326304,44.557259805326304,44.557259805326304,44.557259805326304,44.557259805326304,44.557259805326304,44.557259805326304,44.557259805326304,44.557259805326304,44.557259805326304,44.557259805326304,(1+1)-EA+CXM c=2.0 px=1.0|30|5|uniform|high|1|5
h7_tune,(1+1)-EA+CXM c=2.0 px=1.0,n30 m5 uniform high,30,5,uniform,high,1,6,20000,44.52792459708759,44.52792459708757,45.463277724339434,0.9366481304168701,44.597719638689725,44.597719638689725,10.880251449386785,20000,0.001567444300035921,0.0015674443000364005,0.9809613796238382,0,0,1,0.00045002250112505623,0.0006500325016250812,0.0014500725036251812,0.9974498724936247,3.3247162358117905,1.45,0.3319665983299165,0.6196809840492025,1.0,0.0014500725036251812,0.0,0.027,0.0,,44.597719638689725,44.597719638689725,44.597719638689725,44.597719638689725,44.597719638689725,44.597719638689725,44.597719638689725,44.597719638689725,44.597719638689725,44.597719638689725,44.597719638689725,44.597719638689725,44.597719638689725,44.597719638689725,44.597719638689725,44.597719638689725,44.597719638689725,44.597719638689725,44.597719638689725,44.597719638689725,(1+1)-EA+CXM c=2.0 px=1.0|30|5|uniform|high|1|6
h7_tune,(1+1)-EA+CXM c=2.0 px=1.0,n30 m5 uniform high,30,5,uniform,high,1,7,20000,44.52792459708759,44.52792459708757,45.463277724339434,1.0103294849395752,44.77280133798392,44.77280133798392,10.904830092658687,20000,0.005499397133643797,0.0054993971336442776,0.9848124371818916,0,0,1,0.0007500375018750937,0.001000050002500125,0.0007500375018750937,0.9974998749937497,3.3309165458272916,0.75,0.3431171558577929,0.6394319715985799,1.0,0.0007500375018750937,0.0,0.006,0.0,,44.77280133798392,44.77280133798392,44.77280133798392,44.77280133798392,44.77280133798392,44.77280133798392,44.77280133798392,44.77280133798392,44.77280133798392,44.77280133798392,44.77280133798392,44.77280133798392,44.77280133798392,44.77280133798392,44.77280133798392,44.77280133798392,44.77280133798392,44.77280133798392,44.77280133798392,44.77280133798392,(1+1)-EA+CXM c=2.0 px=1.0|30|5|uniform|high|1|7
h7_tune,(1+1)-EA+CXM c=2.0 px=1.0,n30 m5 uniform high,30,5,uniform,high,1,8,20000,44.52792459708759,44.52792459708757,45.463277724339434,0.9382944107055664,44.57379362667549,44.57379362667549,10.874693590879627,20000,0.0010301182910038029,0.001030118291004282,0.9804351084614441,0,0,1,0.0006500325016250812,0.0003000150007500375,0.0018500925046252312,0.9971998599929996,3.310265513275664,1.85,0.25256262813140656,0.6508825441272064,1.0,0.0018500925046252312,0.0001,0.669,0.0,,44.59454794912481,44.59454794912481,44.59454794912481,44.59454794912481,44.59454794912481,44.58821503893758,44.58821503893758,44.58821503893758,44.58821503893758,44.58821503893758,44.58821503893758,44.58821503893758,44.58821503893758,44.57379362667549,44.57379362667549,44.57379362667549,44.57379362667549,44.57379362667549,44.57379362667549,44.57379362667549,(1+1)-EA+CXM c=2.0 px=1.0|30|5|uniform|high|1|8
h7_tune,(1+1)-EA+CXM c=2.0 px=1.0,n30 m5 uniform high,30,5,uniform,high,1,9,20000,44.52792459708759,44.52792459708757,45.463277724339434,1.0027315616607666,44.55619952141583,44.55619952141583,10.871018496182623,20000,0.0006349930876878576,0.0006349930876883366,0.9800481124915024,0,0,1,0.0009000450022501125,0.00025001250062503126,0.0016500825041252062,0.9971998599929996,3.2624631231561576,1.65,0.2993649682484124,0.7155357767888394,1.0,0.0016500825041252062,0.0,0.12,0.0,,44.56121045940076,44.56121045940076,44.55619952141583,44.55619952141583,44.55619952141583,44.55619952141583,44.55619952141583,44.55619952141583,44.55619952141583,44.55619952141583,44.55619952141583,44.55619952141583,44.55619952141583,44.55619952141583,44.55619952141583,44.55619952141583,44.55619952141583,44.55619952141583,44.55619952141583,44.55619952141583,(1+1)-EA+CXM c=2.0 px=1.0|30|5|uniform|high|1|9
h7_tune,(1+1)-EA+CXM c=0.25 px=0.5,n50 m10 bimodal high,50,10,bimodal,high,1,0,20000,25.10693322506205,25.106933225062054,27.05759537385895,0.7747297286987305,26.6136285550893,26.6136285550893,15.963257833536533,20000,0.06001112587192636,0.06001112587192621,0.9835917858687998,0,0,1,0.39781989099454973,0.02120106005300265,0.005800290014500725,0.5751787589379469,1.198809940497025,5.8,0.856242812140607,0.4358217910895545,0.4997749887494375,0.011405702851425713,0.0,0.027,0.0,,26.6136285550893,26.6136285550893,26.6136285550893,26.6136285550893,26.6136285550893,26.6136285550893,26.6136285550893,26.6136285550893,26.6136285550893,26.6136285550893,26.6136285550893,26.6136285550893,26.6136285550893,26.6136285550893,26.6136285550893,26.6136285550893,26.6136285550893,26.6136285550893,26.6136285550893,26.6136285550893,(1+1)-EA+CXM c=0.25 px=0.5|50|10|bimodal|high|1|0
h7_tune,(1+1)-EA+CXM c=0.25 px=0.5,n50 m10 bimodal high,50,10,bimodal,high,1,1,20000,25.10693322506205,25.106933225062054,27.05759537385895,0.8078103065490723,25.481275441811384,25.481275441811384,15.520986580908387,20000,0.014909914062130875,0.014909914062130731,0.9417420539309828,0,0,1,0.4016700835041752,0.00680034001700085,0.008350417520876044,0.5831791589579479,1.1856092804640233,8.35,0.840342017100855,0.41907095354767737,0.4976748837441872,0.01647744398673767,0.0,0.078,0.0,,26.183279343691105,25.481275441811384,25.481275441811384,25.481275441811384,25.481275441811384,25.481275441811384,25.481275441811384,25.481275441811384,25.481275441811384,25.481275441811384,25.481275441811384,25.481275441811384,25.481275441811384,25.481275441811384,25.481275441811384,25.481275441811384,25.481275441811384,25.481275441811384,25.481275441811384,25.481275441811384,(1+1)-EA+CXM c=0.25 px=0.5|50|10|bimodal|high|1|1
h7_tune,(1+1)-EA+CXM c=0.25 px=0.5,n50 m10 bimodal high,50,10,bimodal,high,1,2,20000,25.10693322506205,25.106933225062054,27.05759537385895,0.7692568302154541,25.19066232446084,25.19066232446084,15.4090335666466,20000,0.0033348995135418767,0.0033348995135417344,0.931001516446587,0,0,1,0.4022201110055503,0.003350167508375419,0.008500425021251062,0.5859292964648233,1.0342017100855043,8.5,0.8305915295764789,0.42132106605330266,0.4948247412370618,0.016572352465642683,0.0,0.261,0.0,,25.569035724697272,25.46342501720403,25.46342501720403,25.46342501720403,25.46342501720403,25.19066232446084,25.19066232446084,25.19066232446084,25.19066232446084,25.19066232446084,25.19066232446084,25.19066232446084,25.19066232446084,25.19066232446084,25.19066232446084,25.19066232446084,25.19066232446084,25.19066232446084,25.19066232446084,25.19066232446084,(1+1)-EA+CXM c=0.25 px=0.5|50|10|bimodal|high|1|2
h7_tune,(1+1)-EA+CXM c=0.25 px=0.5,n50 m10 bimodal high,50,10,bimodal,high,1,3,20000,25.10693322506205,25.106933225062054,27.05759537385895,0.7900810241699219,25.721036903033763,25.721036903033763,15.618711689655306,20000,0.024459525680289248,0.024459525680289106,0.9506032057779802,0,0,1,0.39791989599479977,0.020251012550627532,0.00865043252162608,0.5731786589329466,1.2036601830091505,8.65,0.8178408920446022,0.4366718335916796,0.5021751087554378,0.016927212984168077,0.0029,0.921,0.0,,26.70402954617669,26.70402954617669,26.70402954617669,26.70402954617669,26.70402954617669,26.70402954617669,26.70402954617669,26.620960550097294,26.620960550097294,26.620960550097294,26.620960550097294,26.620960550097294,26.620960550097294,26.620960550097294,26.620960550097294,26.620960550097294,26.620960550097294,26.620960550097294,25.721036903033763,25.721036903033763,(1+1)-EA+CXM c=0.25 px=0.5|50|10|bimodal|high|1|3
h7_tune,(1+1)-EA+CXM c=0.25 px=0.5,n50 m10 bimodal high,50,10,bimodal,high,1,4,20000,25.10693322506205,25.106933225062054,27.05759537385895,0.7920422554016113,25.19066232446084,25.19066232446084,15.40258736078079,20000,0.0033348995135418767,0.0033348995135417344,0.931001516446587,0,0,1,0.4028201410070503,0.00200010000500025,0.009850492524626232,0.5853292664633232,0.9969498474923746,9.85,0.8404420221011051,0.42367118355917793,0.4950247512375619,0.019494949494949496,0.0,0.069,0.0,,26.106986794638118,25.19066232446084,25.19066232446084,25.19066232446084,25.19066232446084,25.19066232446084,25.19066232446084,25.19066232446084,25.19066232446084,25.19066232446084,25.19066232446084,25.19066232446084,25.19066232446084,25.19066232446084,25.19066232446084,25.19066232446084,25.19066232446084,25.19066232446084,25.19066232446084,25.19066232446084,(1+1)-EA+CXM c=0.25 px=0.5|50|10|bimodal|high|1|4
h7_tune,(1+1)-EA+CXM c=0.25 px=0.5,n50 m10 bimodal high,50,10,bimodal,high,1,5,20000,25.10693322506205,25.106933225062054,27.05759537385895,0.887779712677002,25.37722383718907,25.37722383718907,15.478174496680955,20000,0.010765576572180186,0.010765576572180042,0.9378964939991183,0,0,1,0.39686984349217463,0.00440022001100055,0.006900345017250863,0.5918295914795739,1.2035101755087754,6.9,0.8304415220761038,0.42542127106355315,0.5027251362568128,0.013725880246667993,0.0,0.159,0.0,,25.760679874946714,25.760679874946714,25.715437136787656,25.37722383718907,25.37722383718907,25.37722383718907,25.37722383718907,25.37722383718907,25.37722383718907,25.37722383718907,25.37722383718907,25.37722383718907,25.37722383718907,25.37722383718907,25.37722383718907,25.37722383718907,25.37722383718907,25.37722383718907,25.37722383718907,25.37722383718907,(1+1)-EA+CXM c=0.25 px=0.5|50|10|bimodal|high|1|5
h7_tune,(1+1)-EA+CXM c=0.25 px=0.5,n50 m10 bimodal high,50,10,bimodal,high,1,6,20000,25.10693322506205,25.106933225062054,27.05759537385895,0.8590855598449707,26.37987249916972,26.37987249916972,15.770749419563474,20000,0.05070070735827692,0.050700707358276774,0.9749525829873267,0,0,1,0.3992699634981749,0.01985099254962748,0.0056002800140007,0.5752787639381969,1.1980099004950246,5.6,0.8269913495674783,0.4287714385719286,0.49517475873793687,0.011006765626577805,0.0006,0.987,0.0,,26.914061026553256,26.914061026553256,26.914061026553256,26.914061026553256,26.914061026553256,26.914061026553256,26.676147024534373,26.676147024534373,26.676147024534373,26.676147024534373,26.676147024534373,26.676147024534373,26.676147024534373,26.676147024534373,26.676147024534373,26.676147024534373,26.676147024534373,26.676147024534373,26.676147024534373,26.37987249916972,(1+1)-EA+CXM c=0.25 px=0.5|50|10|bimodal|high|1|6
h7_tune,(1+1)-EA+CXM c=0.25 px=0.5,n50 m10 bimodal high,50,10,bimodal,high,1,7,20000,25.10693322506205,25.106933225062054,27.05759537385895,0.8165771961212158,26.12823470889463,26.12823470889463,15.671869465811803,20000,0.04067806588233981,0.040678065882339666,0.9656525034053027,0,0,1,0.40042002100105006,0.021001050052502624,0.006300315015750788,0.5722786139306966,1.2011100555027752,6.3,0.8269413470673533,0.4335716785839292,0.5009750487524376,0.012376484679109692,0.0064,0.588,0.0,,27.908524993344948,27.908524993344948,27.908524993344948,27.908524993344948,27.908524993344948,27.908524993344948,27.908524993344948,27.908524993344948,27.908524993344948,27.908524993344948,27.908524993344948,26.12823470889463,26.12823470889463,26.12823470889463,26.12823470889463,26.12823470889463,26.12823470889463,26.12823470889463,26.12823470889463,26.12823470889463,(1+1)-EA+CXM c=0.25 px=0.5|50|10|bimodal|high|1|7
h7_tune,(1+1)-EA+CXM c=0.25 px=0.5,n50 m10 bimodal high,50,10,bimodal,high,1,8,20000,25.10693322506205,25.106933225062054,27.05759537385895,0.7999823093414307,27.29735683508133,27.29735683508133,16.17067333025489,20000,0.08724377407563152,0.08724377407563137,1.0088611518469977,0,0,1,0.39791989599479977,0.023651182559127956,0.006100305015250763,0.5723286164308216,1.2006600330016501,6.1,0.8539426971348567,0.4374218710935547,0.4999749987499375,0.011701170117011701,0.0,0.036,0.0,,27.29735683508133,27.29735683508133,27.29735683508133,27.29735683508133,27.29735683508133,27.29735683508133,27.29735683508133,27.29735683508133,27.29735683508133,27.29735683508133,27.29735683508133,27.29735683508133,27.29735683508133,27.29735683508133,27.29735683508133,27.29735683508133,27.29735683508133,27.29735683508133,27.29735683508133,27.29735683508133,(1+1)-EA+CXM c=0.25 px=0.5|50|10|bimodal|high|1|8
h7_tune,(1+1)-EA+CXM c=0.25 px=0.5,n50 m10 bimodal high,50,10,bimodal,high,1,9,20000,25.10693322506205,25.106933225062054,27.05759537385895,0.7911179065704346,26.36799617011701,26.36799617011701,15.754352271028974,20000,0.05022767750049819,0.05022767750049804,0.9745136552523002,0,0,1,0.3991699584979249,0.019950997549877492,0.0077003850192509625,0.5731786589329466,1.199609980499025,7.7,0.8535926796339817,0.4299714985749287,0.4970748537426871,0.015189618750628709,0.0,0.03,0.0,,26.36799617011701,26.36799617011701,26.36799617011701,26.36799617011701,26.36799617011701,26.36799617011701,26.36799617011701,26.36799617011701,26.36799617011701,26.36799617011701,26.36799617011701,26.36799617011701,26.36799617011701,26.36799617011701,26.36799617011701,26.36799617011701,26.36799617011701,26.36799617011701,26.36799617011701,26.36799617011701,(1+1)-EA+CXM c=0.25 px=0.5|50|10|bimodal|high|1|9
h7_tune,(1+1)-EA+CXM c=0.25 px=1.0,n50 m10 bimodal high,50,10,bimodal,high,1,0,20000,25.10693322506205,25.106933225062054,27.05759537385895,0.9687240123748779,26.6136285550893,26.6136285550893,15.89828662492699,20000,0.06001112587192636,0.06001112587192621,0.9835917858687998,0,0,1,0.0,0.0034501725086254313,0.004050202510125506,0.9924996249812491,2.182659132956648,4.05,0.7827891394569728,0.8637431871593579,1.0,0.004050202510125506,0.0004,0.876,0.0,,26.914061026553256,26.914061026553256,26.914061026553256,26.914061026553256,26.914061026553256,26.914061026553256,26.914061026553256,26.914061026553256,26.803750485748118,26.803750485748118,26.803750485748118,26.803750485748118,26.803750485748118,26.803750485748118,26.803750485748118,26.803750485748118,26.803750485748118,26.6136285550893,26.6136285550893,26.6136285550893,(1+1)-EA+CXM c=0.25 px=1.0|50|10|bimodal|high|1|0
h7_tune,(1+1)-EA+CXM c=0.25 px=1.0,n50 m10 bimodal high,50,10,bimodal,high,1,1,20000,25.10693322506205,25.106933225062054,27.05759537385895,1.0218195915222168,27.05759537385895,27.05759537385895,15.951337421143869,20000,0.07769416245747301,0.07769416245747286,1.0,0,0,1,5.000250012500625e-05,0.005900295014750738,0.00600030001500075,0.9880494024701235,2.1770588529426473,6.0,0.7931896594829742,0.8621431071553578,1.0,0.00600030001500075,0.0,0.021,0.0,,27.05759537385895,27.05759537385895,27.05759537385895,27.05759537385895,27.05759537385895,27.05759537385895,27.05759537385895,27.05759537385895,27.05759537385895,27.05759537385895,27.05759537385895,27.05759537385895,27.05759537385895,27.05759537385895,27.05759537385895,27.05759537385895,27.05759537385895,27.05759537385895,27.05759537385895,27.05759537385895,(1+1)-EA+CXM c=0.25 px=1.0|50|10|bimodal|high|1|1
h7_tune,(1+1)-EA+CXM c=0.25 px=1.0,n50 m10 bimodal high,50,10,bimodal,high,1,2,20000,25.10693322506205,25.106933225062054,27.05759537385895,0.9842433929443359,25.721036903033763,25.721036903033763,15.586801153271375,20000,0.024459525680289248,0.024459525680289106,0.9506032057779802,0,0,1,5.000250012500625e-05,0.0007500375018750937,0.005750287514375719,0.9934496724836241,2.1643582179108956,5.75,0.7941897094854743,0.8345417270863543,1.0,0.005750287514375719,0.0,0.027,0.0,,25.721036903033763,25.721036903033763,25.721036903033763,25.721036903033763,25.721036903033763,25.721036903033763,25.721036903033763,25.721036903033763,25.721036903033763,25.721036903033763,25.721036903033763,25.721036903033763,25.721036903033763,25.721036903033763,25.721036903033763,25.721036903033763,25.721036903033763,25.721036903033763,25.721036903033763,25.721036903033763,(1+1)-EA+CXM c=0.25 px=1.0|50|10|bimodal|high|1|2
h7_tune,(1+1)-EA+CXM c=0.25 px=1.0,n50 m10 bimodal high,50,10,bimodal,high,1,3,20000,25.10693322506205,25.106933225062054,27.05759537385895,0.9523186683654785,26.620960550097294,26.620960550097294,15.855467531284841,20000,0.06030315656091055,0.0603031565609104,0.9838627632009199,0,0,1,0.0001000050002500125,0.00025001250062503126,0.0072503625181259065,0.992399619980999,2.1796089804490224,7.25,0.7899394969748488,0.8455922796139806,1.0,0.0072503625181259065,0.0,0.027,0.0,,26.620960550097294,26.620960550097294,26.620960550097294,26.620960550097294,26.620960550097294,26.620960550097294,26.620960550097294,26.620960550097294,26.620960550097294,26.620960550097294,26.620960550097294,26.620960550097294,26.620960550097294,26.620960550097294,26.620960550097294,26.620960550097294,26.620960550097294,26.620960550097294,26.620960550097294,26.620960550097294,(1+1)-EA+CXM c=0.25 px=1.0|50|10|bimodal|high|1|3
h7_tune,(1+1)-EA+CXM c=0.25 px=1.0,n50 m10 bimodal high,50,10,bimodal,high,1,4,20000,25.10693322506205,25.106933225062054,27.05759537385895,0.9619698524475098,25.597309524314653,25.597309524314653,15.542094051442653,20000,0.019531509279002778,0.019531509279002636,0.946030464667414,0,0,1,0.00015000750037501875,0.0011000550027501375,0.01000050002500125,0.9887494374718736,2.168508425421271,10.0,0.7900895044752237,0.8322916145807291,1.0,0.01000050002500125,0.0,0.036,0.0,,25.597309524314653,25.597309524314653,25.597309524314653,25.597309524314653,25.597309524314653,25.597309524314653,25.597309524314653,25.597309524314653,25.597309524314653,25.597309524314653,25.597309524314653,25.597309524314653,25.597309524314653,25.597309524314653,25.597309524314653,25.597309524314653,25.597309524314653,25.597309524314653,25.597309524314653,25.597309524314653,(1+1)-EA+CXM c=0.25 px=1.0|50|10|bimodal|high|1|4
h7_tune,(1+1)-EA+CXM c=0.25 px=1.0,n50 m10 bimodal high,50,10,bimodal,high,1,5,20000,25.10693322506205,25.106933225062054,27.05759537385895,1.0345771312713623,25.46342501720403,25.46342501720403,15.50795200772442,20000,0.014198938155701392,0.014198938155701248,0.9410823343823418,0,0,1,0.0001000050002500125,0.004150207510375519,0.006200310015500775,0.9895494774738737,2.166758337916896,6.2,0.7909395469773489,0.8336916845842293,1.0,0.006200310015500775,0.0,0.162,0.0,,25.597309524314653,25.597309524314653,25.597309524314653,25.46342501720403,25.46342501720403,25.46342501720403,25.46342501720403,25.46342501720403,25.46342501720403,25.46342501720403,25.46342501720403,25.46342501720403,25.46342501720403,25.46342501720403,25.46342501720403,25.46342501720403,25.46342501720403,25.46342501720403,25.46342501720403,25.46342501720403,(1+1)-EA+CXM c=0.25 px=1.0|50|10|bimodal|high|1|5
h7_tune,(1+1)-EA+CXM c=0.25 px=1.0,n50 m10 bimodal high,50,10,bimodal,high,1,6,20000,25.10693322506205,25.106933225062054,27.05759537385895,0.9544997215270996,25.597309524314653,25.597309524314653,15.532722264960176,20000,0.019531509279002778,0.019531509279002636,0.946030464667414,0,0,1,0.00015000750037501875,0.004450222511125556,0.006900345017250863,0.9884994249712485,2.1733086654332716,6.9,0.7814890744537227,0.8322916145807291,1.0,0.006900345017250863,0.0,0.099,0.0,,25.816823720106726,25.597309524314653,25.597309524314653,25.597309524314653,25.597309524314653,25.597309524314653,25.597309524314653,25.597309524314653,25.597309524314653,25.597309524314653,25.597309524314653,25.597309524314653,25.597309524314653,25.597309524314653,25.597309524314653,25.597309524314653,25.597309524314653,25.597309524314653,25.597309524314653,25.597309524314653,(1+1)-EA+CXM c=0.25 px=1.0|50|10|bimodal|high|1|6
h7_tune,(1+1)-EA+CXM c=0.25 px=1.0,n50 m10 bimodal high,50,10,bimodal,high,1,7,20000,25.10693322506205,25.106933225062054,27.05759537385895,1.0140423774719238,25.481275441811384,25.481275441811384,15.490917426934216,20000,0.014909914062130875,0.014909914062130731,0.9417420539309828,0,0,1,0.00015000750037501875,0.005000250012500625,0.0040002000100005,0.9908495424771239,2.160358017900895,4.0,0.7986899344967249,0.8364918245912296,1.0,0.0040002000100005,0.0,0.201,0.0,,25.597309524314653,25.597309524314653,25.597309524314653,25.597309524314653,25.481275441811384,25.481275441811384,25.481275441811384,25.481275441811384,25.481275441811384,25.481275441811384,25.481275441811384,25.481275441811384,25.481275441811384,25.481275441811384,25.481275441811384,25.481275441811384,25.481275441811384,25.481275441811384,25.481275441811384,25.481275441811384,(1+1)-EA+CXM c=0.25 px=1.0|50|10|bimodal|high|1|7
h7_tune,(1+1)-EA+CXM c=0.25 px=1.0,n50 m10 bimodal high,50,10,bimodal,high,1,8,20000,25.10693322506205,25.106933225062054,27.05759537385895,0.9555742740631104,26.007978445719473,26.007978445719473,15.729685732838247,20000,0.0358883027481026,0.03588830274810245,0.9612080484744946,0,0,1,0.0001000050002500125,0.004700235011750587,0.009050452522626132,0.9861493074653732,2.1774088704435224,9.05,0.7777888894444722,0.8507925396269813,1.0,0.009050452522626132,0.0,0.105,0.0,,26.53241359663938,26.029187757451126,26.007978445719473,26.007978445719473,26.007978445719473,26.007978445719473,26.007978445719473,26.007978445719473,26.007978445719473,26.007978445719473,26.007978445719473,26.007978445719473,26.007978445719473,26.007978445719473,26.007978445719473,26.007978445719473,26.007978445719473,26.007978445719473,26.007978445719473,26.007978445719473,(1+1)-EA+CXM c=0.25 px=1.0|50|10|bimodal|high|1|8
h7_tune,(1+1)-EA+CXM c=0.25 px=1.0,n50 m10 bimodal high,50,10,bimodal,high,1,9,20000,25.10693322506205,25.106933225062054,27.05759537385895,0.9459872245788574,25.47378991833594,25.47378991833594,15.504843946875306,20000,0.014611768390242402,0.014611768390242258,0.941465402463178,0,0,1,0.00015000750037501875,0.0013500675033751687,0.014550727536376819,0.983949197459873,2.1730086504325214,14.55,0.7509375468773438,0.8391919595979799,1.0,0.014550727536376819,0.0,0.201,0.0,,26.419861321157562,25.848183575802828,25.848183575802828,25.848183575802828,25.47378991833594,25.47378991833594,25.47378991833594,25.47378991833594,25.47378991833594,25.47378991833594,25.47378991833594,25.47378991833594,25.47378991833594,25.47378991833594,25.47378991833594,25.47378991833594,25.47378991833594,25.47378991833594,25.47378991833594,25.47378991833594,(1+1)-EA+CXM c=0.25 px=1.0|50|10|bimodal|high|1|9
h7_tune,(1+1)-EA+CXM c=1.0 px=0.5,n50 m10 bimodal high,50,10,bimodal,high,1,0,20000,25.10693322506205,25.106933225062054,27.05759537385895,0.8221495151519775,27.05759537385895,27.05759537385895,15.96478835726551,20000,0.07769416245747301,0.07769416245747286,1.0,0,0,1,0.1983599179958998,0.09165458272913646,0.004550227511375569,0.7054352717635882,1.8330916545827292,4.55,0.5077253862693135,0.34301715085754286,0.5014750737536877,0.008275999601156646,0.0003,0.717,0.0,,29.98325338282059,29.98325338282059,28.523576135178338,27.29735683508133,27.29735683508133,27.29735683508133,27.29735683508133,27.29735683508133,27.29735683508133,27.29735683508133,27.29735683508133,27.29735683508133,27.29735683508133,27.29735683508133,27.05759537385895,27.05759537385895,27.05759537385895,27.05759537385895,27.05759537385895,27.05759537385895,(1+1)-EA+CXM c=1.0 px=0.5|50|10|bimodal|high|1|0
h7_tune,(1+1)-EA+CXM c=1.0 px=0.5,n50 m10 bimodal high,50,10,bimodal,high,1,1,20000,25.10693322506205,25.106933225062054,27.05759537385895,0.8026773929595947,25.46342501720403,25.46342501720403,15.52122562375155,20000,0.014198938155701392,0.014198938155701248,0.9410823343823418,0,0,1,0.20181009050452522,0.02265113255662783,0.003550177508875444,0.7719885994299714,1.824541227061353,3.55,0.5603780189009451,0.28021401070053503,0.5001250062503125,0.00629874025194961,0.0,0.042,0.0,,25.46342501720403,25.46342501720403,25.46342501720403,25.46342501720403,25.46342501720403,25.46342501720403,25.46342501720403,25.46342501720403,25.46342501720403,25.46342501720403,25.46342501720403,25.46342501720403,25.46342501720403,25.46342501720403,25.46342501720403,25.46342501720403,25.46342501720403,25.46342501720403,25.46342501720403,25.46342501720403,(1+1)-EA+CXM c=1.0 px=0.5|50|10|bimodal|high|1|1
h7_tune,(1+1)-EA+CXM c=1.0 px=0.5,n50 m10 bimodal high,50,10,bimodal,high,1,2,20000,25.10693322506205,25.106933225062054,27.05759537385895,0.7909574508666992,25.20658226786725,25.20658226786725,15.414172492888412,20000,0.0039689850573119655,0.003968985057311823,0.9315898888864305,0,0,1,0.2009600480024001,0.005250262513125656,0.007150357517875894,0.7866393319665983,1.7969398469923497,7.15,0.5413270663533176,0.30441522076103805,0.4986749337466873,0.013135465757545373,0.0,0.123,0.0,,25.56031911335355,25.207430219978065,25.20658226786725,25.20658226786725,25.20658226786725,25.20658226786725,25.20658226786725,25.20658226786725,25.20658226786725,25.20658226786725,25.20658226786725,25.20658226786725,25.20658226786725,25.20658226786725,25.20658226786725,25.20658226786725,25.20658226786725,25.20658226786725,25.20658226786725,25.20658226786725,(1+1)-EA+CXM c=1.0 px=0.5|50|10|bimodal|high|1|2
h7_tune,(1+1)-EA+CXM c=1.0 px=0.5,n50 m10 bimodal high,50,10,bimodal,high,1,3,20000,25.10693322506205,25.106933225062054,27.05759537385895,0.7774038314819336,25.37722383718907,25.37722383718907,15.457274868750936,20000,0.010765576572180186,0.010765576572180042,0.9378964939991183,0,0,1,0.20611030551527576,0.044452222611130555,0.004150207510375519,0.7452872643632181,1.8135906795339767,4.15,0.5259762988149408,0.2805140257012851,0.503575178758938,0.007844305431436799,0.0003,0.861,0.0,,26.620960550097294,26.620960550097294,26.620960550097294,26.620960550097294,26.620960550097294,26.620960550097294,26.620960550097294,26.620960550097294,25.597309524314653,25.597309524314653,25.597309524314653,25.597309524314653,25.597309524314653,25.597309524314653,25.597309524314653,25.597309524314653,25.597309524314653,25.37722383718907,25.37722383718907,25.37722383718907,(1+1)-EA+CXM c=1.0 px=0.5|50|10|bimodal|high|1|3
h7_tune,(1+1)-EA+CXM c=1.0 px=0.5,n50 m10 bimodal high,50,10,bimodal,high,1,4,20000,25.10693322506205,25.106933225062054,27.05759537385895,0.7587909698486328,25.707545974255517,25.707545974255517,15.57973674985404,20000,0.02392218690389184,0.023922186903891696,0.9501046053446512,0,0,1,0.20191009550477523,0.03705185259262963,0.005850292514625731,0.7551877593879694,1.800190009500475,5.85,0.536426821341067,0.2929146457322866,0.49947497374868743,0.011212333566923615,0.0,0.288,0.0,,27.05759537385895,27.05759537385895,27.05759537385895,27.05759537385895,27.05759537385895,25.707545974255517,25.707545974255517,25.707545974255517,25.707545974255517,25.707545974255517,25.707545974255517,25.707545974255517,25.707545974255517,25.707545974255517,25.707545974255517,25.707545974255517,25.707545974255517,25.707545974255517,25.707545974255517,25.707545974255517,(1+1)-EA+CXM c=1.0 px=0.5|50|10|bimodal|high|1|4
h7_tune,(1+1)-EA+CXM c=1.0 px=0.5,n50 m10 bimodal high,50,10,bimodal,high,1,5,20000,25.10693322506205,25.106933225062054,27.05759537385895,0.7723455429077148,26.620960550097294,26.620960550097294,15.88666468981521,20000,0.06030315656091055,0.0603031565609104,0.9838627632009199,0,0,1,0.2016600830041502,0.021101055052752636,0.005650282514125706,0.7715885794289714,1.8177408870443523,5.65,0.5640282014100705,0.25706285314265714,0.4992249612480624,0.010416666666666666,0.0,0.039,0.0,,26.620960550097294,26.620960550097294,26.620960550097294,26.620960550097294,26.620960550097294,26.620960550097294,26.620960550097294,26.620960550097294,26.620960550097294,26.620960550097294,26.620960550097294,26.620960550097294,26.620960550097294,26.620960550097294,26.620960550097294,26.620960550097294,26.620960550097294,26.620960550097294,26.620960550097294,26.620960550097294,(1+1)-EA+CXM c=1.0 px=0.5|50|10|bimodal|high|1|5
h7_tune,(1+1)-EA+CXM c=1.0 px=0.5,n50 m10 bimodal high,50,10,bimodal,high,1,6,20000,25.10693322506205,25.106933225062054,27.05759537385895,0.8339779376983643,25.481275441811384,25.481275441811384,15.507548126132987,20000,0.014909914062130875,0.014909914062130731,0.9417420539309828,0,0,1,0.20316015800790038,0.016250812540627033,0.006300315015750788,0.7742887144357218,1.800290014500725,6.3,0.5631781589079454,0.27316365818290916,0.4967248362418121,0.011878397422991745,0.0,0.051,0.0,,25.55197910566338,25.481275441811384,25.481275441811384,25.481275441811384,25.481275441811384,25.481275441811384,25.481275441811384,25.481275441811384,25.481275441811384,25.481275441811384,25.481275441811384,25.481275441811384,25.481275441811384,25.481275441811384,25.481275441811384,25.481275441811384,25.481275441811384,25.481275441811384,25.481275441811384,25.481275441811384,(1+1)-EA+CXM c=1.0 px=0.5|50|10|bimodal|high|1|6
h7_tune,(1+1)-EA+CXM c=1.0 px=0.5,n50 m10 bimodal high,50,10,bimodal,high,1,7,20000,25.10693322506205,25.106933225062054,27.05759537385895,0.8025939464569092,25.721036903033763,25.721036903033763,15.589907066368033,20000,0.024459525680289248,0.024459525680289106,0.9506032057779802,0,0,1,0.20416020801040052,0.04105205260263013,0.0033001650082504124,0.7514875743787189,1.8020901045052253,3.3,0.5745787289364468,0.28621431071553577,0.5009250462523126,0.005989219405070872,0.0,0.027,0.0,,25.721036903033763,25.721036903033763,25.721036903033763,25.721036903033763,25.721036903033763,25.721036903033763,25.721036903033763,25.721036903033763,25.721036903033763,25.721036903033763,25.721036903033763,25.721036903033763,25.721036903033763,25.721036903033763,25.721036903033763,25.721036903033763,25.721036903033763,25.721036903033763,25.721036903033763,25.721036903033763,(1+1)-EA+CXM c=1.0 px=0.5|50|10|bimodal|high|1|7
h7_tune,(1+1)-EA+CXM c=1.0 px=0.5,n50 m10 bimodal high,50,10,bimodal,high,1,8,20000,25.10693322506205,25.106933225062054,27.05759537385895,0.7882664203643799,25.37722383718907,25.37722383718907,15.432610531734882,20000,0.010765576572180186,0.010765576572180042,0.9378964939991183,0,0,1,0.20036001800090006,0.010750537526876344,0.005800290014500725,0.7830891544577229,1.816190809540477,5.8,0.5687784389219461,0.27251362568128407,0.503725186259313,0.011018463371054199,0.0,0.036,0.0,,25.37722383718907,25.37722383718907,25.37722383718907,25.37722383718907,25.37722383718907,25.37722383718907,25.37722383718907,25.37722383718907,25.37722383718907,25.37722383718907,25.37722383718907,25.37722383718907,25.37722383718907,25.37722383718907,25.37722383718907,25.37722383718907,25.37722383718907,25.37722383718907,25.37722383718907,25.37722383718907,(1+1)-EA+CXM c=1.0 px=0.5|50|10|bimodal|high|1|8
h7_tune,(1+1)-EA+CXM c=1.0 px=0.5,n50 m10 bimodal high,50,10,bimodal,high,1,9,20000,25.10693322506205,25.106933225062054,27.05759537385895,0.8138394355773926,25.46342501720403,25.46342501720403,15.438166768399116,20000,0.014198938155701392,0.014198938155701248,0.9410823343823418,0,0,1,0.20141007050352516,0.017250862543127157,0.007050352517625882,0.7742887144357218,1.8115905795289764,7.05,0.5625781289064453,0.27301365068253414,0.4964248212410621,0.012993553585817889,0.0,0.048,0.0,,25.46342501720403,25.46342501720403,25.46342501720403,25.46342501720403,25.46342501720403,25.46342501720403,25.46342501720403,25.46342501720403,25.46342501720403,25.46342501720403,25.46342501720403,25.46342501720403,25.46342501720403,25.46342501720403,25.46342501720403,25.46342501720403,25.46342501720403,25.46342501720403,25.46342501720403,25.46342501720403,(1+1)-EA+CXM c=1.0 px=0.5|50|10|bimodal|high|1|9
h7_tune,(1+1)-EA+CXM c=1.0 px=1.0,n50 m10 bimodal high,50,10,bimodal,high,1,0,20000,25.10693322506205,25.106933225062054,27.05759537385895,1.1045079231262207,25.7948691902419,25.7948691902419,15.5664155806518,20000,0.027400238771222926,0.02740023877122278,0.9533319141568286,0,0,1,0.0001000050002500125,0.015500775038751937,0.00680034001700085,0.9775988799439972,2.7232361618080905,6.8,0.4120706035301765,0.5563778188909445,1.0,0.00680034001700085,0.0,0.171,0.0,,26.914061026553256,26.6136285550893,26.6136285550893,25.7948691902419,25.7948691902419,25.7948691902419,25.7948691902419,25.7948691902419,25.7948691902419,25.7948691902419,25.7948691902419,25.7948691902419,25.7948691902419,25.7948691902419,25.7948691902419,25.7948691902419,25.7948691902419,25.7948691902419,25.7948691902419,25.7948691902419,(1+1)-EA+CXM c=1.0 px=1.0|50|10|bimodal|high|1|0
h7_tune,(1+1)-EA+CXM c=1.0 px=1.0,n50 m10 bimodal high,50,10,bimodal,high,1,1,20000,25.10693322506205,25.106933225062054,27.05759537385895,1.0454895496368408,25.721036903033763,25.721036903033763,15.514311473540635,20000,0.024459525680289248,0.024459525680289106,0.9506032057779802,0,0,1,0.0001000050002500125,0.01775088754437722,0.00440022001100055,0.9777488874443723,2.7316865843292164,4.4,0.42047102355117755,0.544277213860693,1.0,0.00440022001100055,0.0,0.105,0.0,,27.05759537385895,25.7948691902419,25.721036903033763,25.721036903033763,25.721036903033763,25.721036903033763,25.721036903033763,25.721036903033763,25.721036903033763,25.721036903033763,25.721036903033763,25.721036903033763,25.721036903033763,25.721036903033763,25.721036903033763,25.721036903033763,25.721036903033763,25.721036903033763,25.721036903033763,25.721036903033763,(1+1)-EA+CXM c=1.0 px=1.0|50|10|bimodal|high|1|1
h7_tune,(1+1)-EA+CXM c=1.0 px=1.0,n50 m10 bimodal high,50,10,bimodal,high,1,2,20000,25.10693322506205,25.106933225062054,27.05759537385895,1.0045771598815918,25.721036903033763,25.721036903033763,15.570453403079977,20000,0.024459525680289248,0.024459525680289106,0.9506032057779802,0,0,1,0.0003000150007500375,0.010850542527126356,0.007900395019750988,0.9809490474523727,2.7160358017900896,7.9,0.4192709635481774,0.5397269863493175,1.0,0.007900395019750988,0.0,0.213,0.0,,27.908524993344948,27.908524993344948,27.908524993344948,26.12823470889463,25.721036903033763,25.721036903033763,25.721036903033763,25.721036903033763,25.721036903033763,25.721036903033763,25.721036903033763,25.721036903033763,25.721036903033763,25.721036903033763,25.721036903033763,25.721036903033763,25.721036903033763,25.721036903033763,25.721036903033763,25.721036903033763,(1+1)-EA+CXM c=1.0 px=1.0|50|10|bimodal|high|1|2
h7_tune,(1+1)-EA+CXM c=1.0 px=1.0,n50 m10 bimodal high,50,10,bimodal,high,1,3,20000,25.10693322506205,25.106933225062054,27.05759537385895,1.0320007801055908,25.721036903033763,25.721036903033763,15.515577187808175,20000,0.024459525680289248,0.024459525680289106,0.9506032057779802,0,0,1,0.00015000750037501875,0.013300665033251663,0.006200310015500775,0.9803490174508726,2.701835091754588,6.2,0.44192209610480526,0.543627181359068,1.0,0.006200310015500775,0.0,0.048,0.0,,25.721036903033763,25.721036903033763,25.721036903033763,25.721036903033763,25.721036903033763,25.721036903033763,25.721036903033763,25.721036903033763,25.721036903033763,25.721036903033763,25.721036903033763,25.721036903033763,25.721036903033763,25.721036903033763,25.721036903033763,25.721036903033763,25.721036903033763,25.721036903033763,25.721036903033763,25.721036903033763,(1+1)-EA+CXM c=1.0 px=1.0|50|10|bimodal|high|1|3
h7_tune,(1+1)-EA+CXM c=1.0 px=1.0,n50 m10 bimodal high,50,10,bimodal,high,1,4,20000,25.10693322506205,25.106933225062054,27.05759537385895,0.9897830486297607,25.37722383718907,25.37722383718907,15.46672966070672,20000,0.010765576572180186,0.010765576572180042,0.9378964939991183,0,0,1,0.00015000750037501875,0.006250312515625782,0.0074503725186259315,0.9861493074653732,2.7167358367918397,7.45,0.41892094604730234,0.5109255462773139,1.0,0.0074503725186259315,0.0,0.327,0.0,,27.06024893394277,27.06024893394277,25.597309524314653,25.597309524314653,25.597309524314653,25.597309524314653,25.37722383718907,25.37722383718907,25.37722383718907,25.37722383718907,25.37722383718907,25.37722383718907,25.37722383718907,25.37722383718907,25.37722383718907,25.37722383718907,25.37722383718907,25.37722383718907,25.37722383718907,25.37722383718907,(1+1)-EA+CXM c=1.0 px=1.0|50|10|bimodal|high|1|4
h7_tune,(1+1)-EA+CXM c=1.0 px=1.0,n50 m10 bimodal high,50,10,bimodal,high,1,5,20000,25.10693322506205,25.106933225062054,27.05759537385895,1.0263707637786865,25.597309524314653,25.597309524314653,15.548280106718602,20000,0.019531509279002778,0.019531509279002636,0.946030464667414,0,0,1,0.0001000050002500125,0.005100255012750638,0.006150307515375769,0.9886494324716236,2.7252362618130905,6.15,0.43932196609830493,0.4912245612280614,1.0,0.006150307515375769,0.0,0.042,0.0,,25.597309524314653,25.597309524314653,25.597309524314653,25.597309524314653,25.597309524314653,25.597309524314653,25.597309524314653,25.597309524314653,25.597309524314653,25.597309524314653,25.597309524314653,25.597309524314653,25.597309524314653,25.597309524314653,25.597309524314653,25.597309524314653,25.597309524314653,25.597309524314653,25.597309524314653,25.597309524314653,(1+1)-EA+CXM c=1.0 px=1.0|50|10|bimodal|high|1|5
h7_tune,(1+1)-EA+CXM c=1.0 px=1.0,n50 m10 bimodal high,50,10,bimodal,high,1,6,20000,25.10693322506205,25.106933225062054,27.05759537385895,1.0786380767822266,25.481275441811384,25.481275441811384,15.473747812671576,20000,0.014909914062130875,0.014909914062130731,0.9417420539309828,0,0,1,0.00025001250062503126,0.015450772538626931,0.00440022001100055,0.9798989949497475,2.7194859742987147,4.4,0.4122706135306765,0.5047752387619381,1.0,0.00440022001100055,0.0003,0.504,0.0,,26.12823470889463,25.597309524314653,25.597309524314653,25.597309524314653,25.597309524314653,25.597309524314653,25.597309524314653,25.597309524314653,25.597309524314653,25.597309524314653,25.481275441811384,25.481275441811384,25.481275441811384,25.481275441811384,25.481275441811384,25.481275441811384,25.481275441811384,25.481275441811384,25.481275441811384,25.481275441811384,(1+1)-EA+CXM c=1.0 px=1.0|50|10|bimodal|high|1|6
h7_tune,(1+1)-EA+CXM c=1.0 px=1.0,n50 m10 bimodal high,50,10,bimodal,high,1,7,20000,25.10693322506205,25.106933225062054,27.05759537385895,1.066032886505127,25.56031911335355,25.56031911335355,15.461259518499586,20000,0.01805819469177241,0.018058194691772264,0.9446633656902137,0,0,1,0.00025001250062503126,0.011500575028751438,0.005750287514375719,0.9824991249562478,2.72033601680084,5.75,0.4021701085054253,0.5425271263563178,1.0,0.005750287514375719,0.0012,0.756,0.0,,26.803750485748118,26.803750485748118,26.096322168666003,26.096322168666003,26.096322168666003,26.096322168666003,26.096322168666003,26.096322168666003,26.096322168666003,26.096322168666003,26.096322168666003,26.096322168666003,26.096322168666003,25.760679874946714,25.760679874946714,25.56031911335355,25.56031911335355,25.56031911335355,25.56031911335355,25.56031911335355,(1+1)-EA+CXM c=1.0 px=1.0|50|10|bimodal|high|1|7
h7_tune,(1+1)-EA+CXM c=1.0 px=1.0,n50 m10 bimodal high,50,10,bimodal,high,1,8,20000,25.10693322506205,25.106933225062054,27.05759537385895,1.0017659664154053,25.181770082708702,25.181770082708702,15.40545967856323,20000,0.002980724765378702,0.00298072476537856,0.9306728752044785,0,0,1,0.00035001750087504374,0.00920046002300115,0.0077003850192509625,0.9827491374568729,2.7096354817740886,7.7,0.39871993599679983,0.5105755287764389,1.0,0.0077003850192509625,0.0016,0.63,0.0,,26.007978445719473,26.007978445719473,26.007978445719473,26.007978445719473,26.007978445719473,26.007978445719473,26.007978445719473,25.47378991833594,25.47378991833594,25.47378991833594,25.47378991833594,25.47378991833594,25.181770082708702,25.181770082708702,25.181770082708702,25.181770082708702,25.181770082708702,25.181770082708702,25.181770082708702,25.181770082708702,(1+1)-EA+CXM c=1.0 px=1.0|50|10|bimodal|high|1|8
h7_tune,(1+1)-EA+CXM c=1.0 px=1.0,n50 m10 bimodal high,50,10,bimodal,high,1,9,20000,25.10693322506205,25.106933225062054,27.05759537385895,1.0414419174194336,26.620960550097294,26.620960550097294,15.906919307835029,20000,0.06030315656091055,0.0603031565609104,0.9838627632009199,0,0,1,0.00025001250062503126,0.010200510025501276,0.00680034001700085,0.9827491374568729,2.745737286864343,6.8,0.4270713535676784,0.5145757287864393,1.0,0.00680034001700085,0.0,0.051,0.0,,26.663293946794006,26.620960550097294,26.620960550097294,26.620960550097294,26.620960550097294,26.620960550097294,26.620960550097294,26.620960550097294,26.620960550097294,26.620960550097294,26.620960550097294,26.620960550097294,26.620960550097294,26.620960550097294,26.620960550097294,26.620960550097294,26.620960550097294,26.620960550097294,26.620960550097294,26.620960550097294,(1+1)-EA+CXM c=1.0 px=1.0|50|10|bimodal|high|1|9
h7_tune,(1+1)-EA+CXM c=2.0 px=0.5,n50 m10 bimodal high,50,10,bimodal,high,1,0,20000,25.10693322506205,25.106933225062054,27.05759537385895,0.8211987018585205,25.721036903033763,25.721036903033763,15.544585826116831,20000,0.024459525680289248,0.024459525680289106,0.9506032057779802,0,0,1,0.08215410770538527,0.035401770088504425,0.0034501725086254313,0.8789939496974849,2.6497324866243313,3.45,0.2849642482124106,0.21171058552927646,0.5025251262563128,0.006368159203980099,0.0,0.066,0.0,,26.36799617011701,25.721036903033763,25.721036903033763,25.721036903033763,25.721036903033763,25.721036903033763,25.721036903033763,25.721036903033763,25.721036903033763,25.721036903033763,25.721036903033763,25.721036903033763,25.721036903033763,25.721036903033763,25.721036903033763,25.721036903033763,25.721036903033763,25.721036903033763,25.721036903033763,25.721036903033763,(1+1)-EA+CXM c=2.0 px=0.5|50|10|bimodal|high|1|0
h7_tune,(1+1)-EA+CXM c=2.0 px=0.5,n50 m10 bimodal high,50,10,bimodal,high,1,1,20000,25.10693322506205,25.106933225062054,27.05759537385895,0.8053972721099854,25.56031911335355,25.56031911335355,15.461658862639842,20000,0.01805819469177241,0.018058194691772264,0.9446633656902137,0,0,1,0.08050402520126006,0.021051052552627632,0.003150157507875394,0.8952947647382369,2.6711835591779587,3.15,0.2553127656382819,0.18225911295564778,0.5027751387569378,0.005668821481849826,0.0,0.495,0.0,,25.72704608337312,25.597309524314653,25.597309524314653,25.597309524314653,25.597309524314653,25.597309524314653,25.597309524314653,25.597309524314653,25.597309524314653,25.56031911335355,25.56031911335355,25.56031911335355,25.56031911335355,25.56031911335355,25.56031911335355,25.56031911335355,25.56031911335355,25.56031911335355,25.56031911335355,25.56031911335355,(1+1)-EA+CXM c=2.0 px=0.5|50|10|bimodal|high|1|1
h7_tune,(1+1)-EA+CXM c=2.0 px=0.5,n50 m10 bimodal high,50,10,bimodal,high,1,2,20000,25.10693322506205,25.106933225062054,27.05759537385895,0.8464100360870361,26.6136285550893,26.6136285550893,15.794262468482522,20000,0.06001112587192636,0.06001112587192621,0.9835917858687998,0,0,1,0.08185409270463523,0.059652982649132456,0.00440022001100055,0.8540927046352318,2.6695834791739586,4.4,0.2751637581879094,0.2391119555977799,0.495774788739437,0.007564296520423601,0.0,0.12,0.0,,26.914061026553256,26.914061026553256,26.6136285550893,26.6136285550893,26.6136285550893,26.6136285550893,26.6136285550893,26.6136285550893,26.6136285550893,26.6136285550893,26.6136285550893,26.6136285550893,26.6136285550893,26.6136285550893,26.6136285550893,26.6136285550893,26.6136285550893,26.6136285550893,26.6136285550893,26.6136285550893,(1+1)-EA+CXM c=2.0 px=0.5|50|10|bimodal|high|1|2
h7_tune,(1+1)-EA+CXM c=2.0 px=0.5,n50 m10 bimodal high,50,10,bimodal,high,1,3,20000,25.10693322506205,25.106933225062054,27.05759537385895,0.82082200050354,26.007978445719473,26.007978445719473,15.612597757924924,20000,0.0358883027481026,0.03588830274810245,0.9612080484744946,0,0,1,0.08360418020901045,0.04440222011100555,0.004150207510375519,0.8678433921696085,2.661433071653583,4.15,0.26516325816290814,0.2215110755537777,0.4983749187459373,0.007324169760208689,0.0,0.399,0.0,,26.71301190996199,26.71301190996199,26.71301190996199,26.71301190996199,26.71301190996199,26.71301190996199,26.71301190996199,26.007978445719473,26.007978445719473,26.007978445719473,26.007978445719473,26.007978445719473,26.007978445719473,26.007978445719473,26.007978445719473,26.007978445719473,26.007978445719473,26.007978445719473,26.007978445719473,26.007978445719473,(1+1)-EA+CXM c=2.0 px=0.5|50|10|bimodal|high|1|3
h7_tune,(1+1)-EA+CXM c=2.0 px=0.5,n50 m10 bimodal high,50,10,bimodal,high,1,4,20000,25.10693322506205,25.106933225062054,27.05759537385895,0.8589744567871094,25.37722383718907,25.37722383718907,15.45558005730318,20000,0.010765576572180186,0.010765576572180042,0.9378964939991183,0,0,1,0.08055402770138508,0.032051602580129006,0.004100205010250512,0.8832941647082354,2.655282764138207,4.1,0.2385619280964048,0.20601030051502575,0.49832491624581227,0.007224563515954244,0.0,0.381,0.0,,29.98325338282059,29.98325338282059,29.98325338282059,26.71301190996199,25.707545974255517,25.707545974255517,25.597309524314653,25.37722383718907,25.37722383718907,25.37722383718907,25.37722383718907,25.37722383718907,25.37722383718907,25.37722383718907,25.37722383718907,25.37722383718907,25.37722383718907,25.37722383718907,25.37722383718907,25.37722383718907,(1+1)-EA+CXM c=2.0 px=0.5|50|10|bimodal|high|1|4
h7_tune,(1+1)-EA+CXM c=2.0 px=0.5,n50 m10 bimodal high,50,10,bimodal,high,1,5,20000,25.10693322506205,25.106933225062054,27.05759537385895,0.8345928192138672,25.19066232446084,25.19066232446084,15.411968185966426,20000,0.0033348995135418767,0.0033348995135417344,0.931001516446587,0,0,1,0.08025401270063504,0.003150157507875394,0.00440022001100055,0.912195609780489,2.599629981499075,4.4,0.28191409570478526,0.24006200310015502,0.5006750337516875,0.008089483671227405,0.0,0.105,0.0,,25.299875499552208,25.191924261852606,25.19066232446084,25.19066232446084,25.19066232446084,25.19066232446084,25.19066232446084,25.19066232446084,25.19066232446084,25.19066232446084,25.19066232446084,25.19066232446084,25.19066232446084,25.19066232446084,25.19066232446084,25.19066232446084,25.19066232446084,25.19066232446084,25.19066232446084,25.19066232446084,(1+1)-EA+CXM c=2.0 px=0.5|50|10|bimodal|high|1|5
h7_tune,(1+1)-EA+CXM c=2.0 px=0.5,n50 m10 bimodal high,50,10,bimodal,high,1,6,20000,25.10693322506205,25.106933225062054,27.05759537385895,0.8643975257873535,25.721036903033763,25.721036903033763,15.554483127566114,20000,0.024459525680289248,0.024459525680289106,0.9506032057779802,0,0,1,0.08055402770138508,0.043152157607880395,0.0030501525076253814,0.8732436621831091,2.6580829041452074,3.05,0.2526626331316566,0.21811090554527726,0.5006750337516875,0.005492859282932188,0.0,0.435,0.0,,26.676147024534373,26.676147024534373,26.36799617011701,26.36799617011701,26.36799617011701,26.36799617011701,26.36799617011701,26.36799617011701,25.721036903033763,25.721036903033763,25.721036903033763,25.721036903033763,25.721036903033763,25.721036903033763,25.721036903033763,25.721036903033763,25.721036903033763,25.721036903033763,25.721036903033763,25.721036903033763,(1+1)-EA+CXM c=2.0 px=0.5|50|10|bimodal|high|1|6
h7_tune,(1+1)-EA+CXM c=2.0 px=0.5,n50 m10 bimodal high,50,10,bimodal,high,1,7,20000,25.10693322506205,25.106933225062054,27.05759537385895,0.8176934719085693,25.37722383718907,25.37722383718907,15.444827413556348,20000,0.010765576572180186,0.010765576572180042,0.9378964939991183,0,0,1,0.07655382769138457,0.008550427521376068,0.004250212510625531,0.9106455322766138,2.6510825541277065,4.25,0.2822641132056603,0.18660933046652334,0.4951247562378119,0.007372248030700869,0.0,0.072,0.0,,26.122339373953764,25.37722383718907,25.37722383718907,25.37722383718907,25.37722383718907,25.37722383718907,25.37722383718907,25.37722383718907,25.37722383718907,25.37722383718907,25.37722383718907,25.37722383718907,25.37722383718907,25.37722383718907,25.37722383718907,25.37722383718907,25.37722383718907,25.37722383718907,25.37722383718907,25.37722383718907,(1+1)-EA+CXM c=2.0 px=0.5|50|10|bimodal|high|1|7
h7_tune,(1+1)-EA+CXM c=2.0 px=0.5,n50 m10 bimodal high,50,10,bimodal,high,1,8,20000,25.10693322506205,25.106933225062054,27.05759537385895,0.900719165802002,26.029187757451126,26.029187757451126,15.737721916881743,20000,0.03673306190452882,0.03673306190452867,0.961991906442603,0,0,1,0.08000400020001,0.025001250062503127,0.003400170008500425,0.8915945797289865,2.656432821641082,3.4,0.29071453572678635,0.19780989049452471,0.4990749537476874,0.006211802424606753,0.0,0.042,0.0,,26.029187757451126,26.029187757451126,26.029187757451126,26.029187757451126,26.029187757451126,26.029187757451126,26.029187757451126,26.029187757451126,26.029187757451126,26.029187757451126,26.029187757451126,26.029187757451126,26.029187757451126,26.029187757451126,26.029187757451126,26.029187757451126,26.029187757451126,26.029187757451126,26.029187757451126,26.029187757451126,(1+1)-EA+CXM c=2.0 px=0.5|50|10|bimodal|high|1|8
h7_tune,(1+1)-EA+CXM c=2.0 px=0.5,n50 m10 bimodal high,50,10,bimodal,high,1,9,20000,25.10693322506205,25.106933225062054,27.05759537385895,0.8740906715393066,25.56031911335355,25.56031911335355,15.509964467159225,20000,0.01805819469177241,0.018058194691772264,0.9446633656902137,0,0,1,0.07925396269813491,0.02510125506275314,0.005150257512875644,0.8904945247262364,2.6754337716885845,5.15,0.26376318815940797,0.20296014800740036,0.4993249662483124,0.008511916683356699,0.0,0.147,0.0,,27.005482524600794,25.7948691902419,25.56031911335355,25.56031911335355,25.56031911335355,25.56031911335355,25.56031911335355,25.56031911335355,25.56031911335355,25.56031911335355,25.56031911335355,25.56031911335355,25.56031911335355,25.56031911335355,25.56031911335355,25.56031911335355,25.56031911335355,25.56031911335355,25.56031911335355,25.56031911335355,(1+1)-EA+CXM c=2.0 px=0.5|50|10|bimodal|high|1|9
h7_tune,(1+1)-EA+CXM c=2.0 px=1.0,n50 m10 bimodal high,50,10,bimodal,high,1,0,20000,25.10693322506205,25.106933225062054,27.05759537385895,1.031611680984497,25.481275441811384,25.481275441811384,15.510956337519886,20000,0.014909914062130875,0.014909914062130731,0.9417420539309828,0,0,1,0.00015000750037501875,0.009250462523126156,0.00440022001100055,0.9861993099654983,3.498574928746437,4.4,0.17310865543277165,0.30976548827441375,1.0,0.00440022001100055,0.0,0.117,0.0,,26.620960550097294,26.620960550097294,25.481275441811384,25.481275441811384,25.481275441811384,25.481275441811384,25.481275441811384,25.481275441811384,25.481275441811384,25.481275441811384,25.481275441811384,25.481275441811384,25.481275441811384,25.481275441811384,25.481275441811384,25.481275441811384,25.481275441811384,25.481275441811384,25.481275441811384,25.481275441811384,(1+1)-EA+CXM c=2.0 px=1.0|50|10|bimodal|high|1|0
h7_tune,(1+1)-EA+CXM c=2.0 px=1.0,n50 m10 bimodal high,50,10,bimodal,high,1,1,20000,25.10693322506205,25.106933225062054,27.05759537385895,1.0900208950042725,25.47378991833594,25.47378991833594,15.496472148041997,20000,0.014611768390242402,0.014611768390242258,0.941465402463178,0,0,1,0.0001000050002500125,0.013450672533626681,0.005650282514125706,0.9807990399519976,3.5319265963298165,5.65,0.16220811040552027,0.2946647332366618,1.0,0.005650282514125706,0.0005,0.684,0.0,,25.597309524314653,25.597309524314653,25.597309524314653,25.597309524314653,25.597309524314653,25.597309524314653,25.597309524314653,25.597309524314653,25.597309524314653,25.597309524314653,25.597309524314653,25.597309524314653,25.597309524314653,25.47378991833594,25.47378991833594,25.47378991833594,25.47378991833594,25.47378991833594,25.47378991833594,25.47378991833594,(1+1)-EA+CXM c=2.0 px=1.0|50|10|bimodal|high|1|1
h7_tune,(1+1)-EA+CXM c=2.0 px=1.0,n50 m10 bimodal high,50,10,bimodal,high,1,2,20000,25.10693322506205,25.106933225062054,27.05759537385895,1.0375611782073975,25.707545974255517,25.707545974255517,15.547880256114551,20000,0.02392218690389184,0.023922186903891696,0.9501046053446512,0,0,1,5.000250012500625e-05,0.013400670033501675,0.005700285014250713,0.9808490424521226,3.51927596379819,5.7,0.17865893294664734,0.32981649082454123,1.0,0.005700285014250713,0.0,0.045,0.0,,25.707545974255517,25.707545974255517,25.707545974255517,25.707545974255517,25.707545974255517,25.707545974255517,25.707545974255517,25.707545974255517,25.707545974255517,25.707545974255517,25.707545974255517,25.707545974255517,25.707545974255517,25.707545974255517,25.707545974255517,25.707545974255517,25.707545974255517,25.707545974255517,25.707545974255517,25.707545974255517,(1+1)-EA+CXM c=2.0 px=1.0|50|10|bimodal|high|1|2
h7_tune,(1+1)-EA+CXM c=2.0 px=1.0,n50 m10 bimodal high,50,10,bimodal,high,1,3,20000,25.10693322506205,25.106933225062054,27.05759537385895,0.9746277332305908,25.7948691902419,25.7948691902419,15.583256914782115,20000,0.027400238771222926,0.02740023877122278,0.9533319141568286,0,0,1,0.0001000050002500125,0.015250762538126907,0.0056002800140007,0.9790489524476224,3.5428771438571927,5.6,0.16255812790639532,0.35251762588129404,1.0,0.0056002800140007,0.0007,0.936,0.0,,26.37987249916972,26.37987249916972,26.37987249916972,26.37987249916972,26.37987249916972,26.37987249916972,26.37987249916972,26.37987249916972,26.096322168666003,26.096322168666003,26.096322168666003,26.096322168666003,26.096322168666003,26.096322168666003,26.096322168666003,26.096322168666003,26.096322168666003,26.096322168666003,25.7948691902419,25.7948691902419,(1+1)-EA+CXM c=2.0 px=1.0|50|10|bimodal|high|1|3
h7_tune,(1+1)-EA+CXM c=2.0 px=1.0,n50 m10 bimodal high,50,10,bimodal,high,1,4,20000,25.10693322506205,25.106933225062054,27.05759537385895,0.9996507167816162,25.47378991833594,25.47378991833594,15.45975211379369,20000,0.014611768390242402,0.014611768390242258,0.941465402463178,0,0,1,0.00015000750037501875,0.011550577528876444,0.004550227511375569,0.983749187459373,3.510975548777439,4.55,0.1792089604480224,0.3095154757737887,1.0,0.004550227511375569,0.0,0.057,0.0,,25.597309524314653,25.47378991833594,25.47378991833594,25.47378991833594,25.47378991833594,25.47378991833594,25.47378991833594,25.47378991833594,25.47378991833594,25.47378991833594,25.47378991833594,25.47378991833594,25.47378991833594,25.47378991833594,25.47378991833594,25.47378991833594,25.47378991833594,25.47378991833594,25.47378991833594,25.47378991833594,(1+1)-EA+CXM c=2.0 px=1.0|50|10|bimodal|high|1|4
h7_tune,(1+1)-EA+CXM c=2.0 px=1.0,n50 m10 bimodal high,50,10,bimodal,high,1,5,20000,25.10693322506205,25.106933225062054,27.05759537385895,1.0398211479187012,26.36799617011701,26.36799617011701,15.821466923996487,20000,0.05022767750049819,0.05022767750049804,0.9745136552523002,0,0,1,0.0001000050002500125,0.010050502525126256,0.004250212510625531,0.9855992799639982,3.529926496324816,4.25,0.17945897294864743,0.33566678333916694,1.0,0.004250212510625531,0.0,0.102,0.0,,27.06024893394277,26.68234417982634,26.36799617011701,26.36799617011701,26.36799617011701,26.36799617011701,26.36799617011701,26.36799617011701,26.36799617011701,26.36799617011701,26.36799617011701,26.36799617011701,26.36799617011701,26.36799617011701,26.36799617011701,26.36799617011701,26.36799617011701,26.36799617011701,26.36799617011701,26.36799617011701,(1+1)-EA+CXM c=2.0 px=1.0|50|10|bimodal|high|1|5
h7_tune,(1+1)-EA+CXM c=2.0 px=1.0,n50 m10 bimodal high,50,10,bimodal,high,1,6,20000,25.10693322506205,25.106933225062054,27.05759537385895,1.0573434829711914,25.481275441811384,25.481275441811384,15.485593588803424,20000,0.014909914062130875,0.014909914062130731,0.9417420539309828,0,0,1,5.000250012500625e-05,0.009350467523376168,0.0036501825091254563,0.9869493474673734,3.4675233761688085,3.65,0.18585929296464823,0.31401570078503926,1.0,0.0036501825091254563,0.0,0.039,0.0,,25.481275441811384,25.481275441811384,25.481275441811384,25.481275441811384,25.481275441811384,25.481275441811384,25.481275441811384,25.481275441811384,25.481275441811384,25.481275441811384,25.481275441811384,25.481275441811384,25.481275441811384,25.481275441811384,25.481275441811384,25.481275441811384,25.481275441811384,25.481275441811384,25.481275441811384,25.481275441811384,(1+1)-EA+CXM c=2.0 px=1.0|50|10|bimodal|high|1|6
h7_tune,(1+1)-EA+CXM c=2.0 px=1.0,n50 m10 bimodal high,50,10,bimodal,high,1,7,20000,25.10693322506205,25.106933225062054,27.05759537385895,0.984952449798584,25.46342501720403,25.46342501720403,15.520386419083966,20000,0.014198938155701392,0.014198938155701248,0.9410823343823418,0,0,1,0.00035001750087504374,0.006300315015750788,0.0056002800140007,0.9877493874693735,3.536576828841442,5.6,0.17630881544077204,0.31166558327916394,1.0,0.0056002800140007,0.0,0.051,0.0,,25.57336001179994,25.46342501720403,25.46342501720403,25.46342501720403,25.46342501720403,25.46342501720403,25.46342501720403,25.46342501720403,25.46342501720403,25.46342501720403,25.46342501720403,25.46342501720403,25.46342501720403,25.46342501720403,25.46342501720403,25.46342501720403,25.46342501720403,25.46342501720403,25.46342501720403,25.46342501720403,(1+1)-EA+CXM c=2.0 px=1.0|50|10|bimodal|high|1|7
h7_tune,(1+1)-EA+CXM c=2.0 px=1.0,n50 m10 bimodal high,50,10,bimodal,high,1,8,20000,25.10693322506205,25.106933225062054,27.05759537385895,0.9771091938018799,26.71301190996199,26.71301190996199,15.930693186819479,20000,0.06396952867571776,0.0639695286757176,0.9872648156964505,0,0,1,0.00045002250112505623,0.014750737536876843,0.0030501525076253814,0.9817490874543727,3.551027551377569,3.05,0.16750837541877095,0.38501925096254813,1.0,0.0030501525076253814,0.0,0.291,0.0,,27.619094490795767,27.619094490795767,27.619094490795767,27.619094490795767,27.619094490795767,26.71301190996199,26.71301190996199,26.71301190996199,26.71301190996199,26.71301190996199,26.71301190996199,26.71301190996199,26.71301190996199,26.71301190996199,26.71301190996199,26.71301190996199,26.71301190996199,26.71301190996199,26.71301190996199,26.71301190996199,(1+1)-EA+CXM c=2.0 px=1.0|50|10|bimodal|high|1|8
h7_tune,(1+1)-EA+CXM c=2.0 px=1.0,n50 m10 bimodal high,50,10,bimodal,high,1,9,20000,25.10693322506205,25.106933225062054,27.05759537385895,0.9819943904876709,26.029187757451126,26.029187757451126,15.760691050198073,20000,0.03673306190452882,0.03673306190452867,0.961991906442603,0,0,1,0.00015000750037501875,0.003400170008500425,0.005450272513625681,0.9909995499774988,3.534376718835942,5.45,0.18360918045902294,0.3153157657882894,1.0,0.005450272513625681,0.0,0.045,0.0,,26.029187757451126,26.029187757451126,26.029187757451126,26.029187757451126,26.029187757451126,26.029187757451126,26.029187757451126,26.029187757451126,26.029187757451126,26.029187757451126,26.029187757451126,26.029187757451126,26.029187757451126,26.029187757451126,26.029187757451126,26.029187757451126,26.029187757451126,26.029187757451126,26.029187757451126,26.029187757451126,(1+1)-EA+CXM c=2.0 px=1.0|50|10|bimodal|high|1|9
h7_tune,(1+1)-EA+CXM c=0.25 px=0.5,n50 m10 uniform none,50,10,uniform,none,1,0,20000,28.387133832233918,28.387133832233918,28.981955979858835,0.8270418643951416,28.424850060379914,28.424850060379914,15.783201982845284,20000,0.0013286381206674956,0.0013286381206674956,0.9807774906612209,0,0,1,0.4015200760038002,0.0007500375018750937,0.005500275013750688,0.5922296114805741,1.1857592879643981,5.5,0.8214910745537277,0.4304215210760538,0.49647482374118707,0.0109779433981267,0.0,0.174,0.0,,28.45911550978849,28.445241608100176,28.435629342457133,28.424850060379914,28.424850060379914,28.424850060379914,28.424850060379914,28.424850060379914,28.424850060379914,28.424850060379914,28.424850060379914,28.424850060379914,28.424850060379914,28.424850060379914,28.424850060379914,28.424850060379914,28.424850060379914,28.424850060379914,28.424850060379914,28.424850060379914,(1+1)-EA+CXM c=0.25 px=0.5|50|10|uniform|none|1|0
h7_tune,(1+1)-EA+CXM c=0.25 px=0.5,n50 m10 uniform none,50,10,uniform,none,1,1,20000,28.387133832233918,28.387133832233918,28.981955979858835,0.8182387351989746,28.49986373256889,28.49986373256889,15.80820654024161,20000,0.003971161759450563,0.003971161759450563,0.9833657794655069,0,0,1,0.399869993499675,0.0005500275013750688,0.004850242512125606,0.5947297364868244,1.2013100655032751,4.85,0.8340917045852293,0.4378718935946797,0.4993749687484374,0.009512366075898669,0.0,0.081,0.0,,28.614625589612125,28.49986373256889,28.49986373256889,28.49986373256889,28.49986373256889,28.49986373256889,28.49986373256889,28.49986373256889,28.49986373256889,28.49986373256889,28.49986373256889,28.49986373256889,28.49986373256889,28.49986373256889,28.49986373256889,28.49986373256889,28.49986373256889,28.49986373256889,28.49986373256889,28.49986373256889,(1+1)-EA+CXM c=0.25 px=0.5|50|10|uniform|none|1|1
h7_tune,(1+1)-EA+CXM c=0.25 px=0.5,n50 m10 uniform none,50,10,uniform,none,1,2,20000,28.387133832233918,28.387133832233918,28.981955979858835,0.8270368576049805,28.563659234685264,28.563659234685264,15.829471707613736,20000,0.006218500377480875,0.006218500377480875,0.985566993978451,0,0,1,0.3972198609930497,0.000600030001500075,0.0033001650082504124,0.5988799439971999,1.2069103455172758,3.3,0.8541927096354818,0.4349717485874294,0.5033751687584379,0.006556074302175425,0.0,0.03,0.0,,28.563659234685264,28.563659234685264,28.563659234685264,28.563659234685264,28.563659234685264,28.563659234685264,28.563659234685264,28.563659234685264,28.563659234685264,28.563659234685264,28.563659234685264,28.563659234685264,28.563659234685264,28.563659234685264,28.563659234685264,28.563659234685264,28.563659234685264,28.563659234685264,28.563659234685264,28.563659234685264,(1+1)-EA+CXM c=0.25 px=0.5|50|10|uniform|none|1|2
h7_tune,(1+1)-EA+CXM c=0.25 px=0.5,n50 m10 uniform none,50,10,uniform,none,1,3,20000,28.387133832233918,28.387133832233918,28.981955979858835,0.8033697605133057,28.45250190810542,28.45250190810542,15.792419265420452,20000,0.0023027360302671452,0.0023027360302671452,0.9817315963035289,0,0,1,0.3952197609880494,0.000200010000500025,0.0036501825091254563,0.6009300465023251,1.215560778038902,3.65,0.8181409070453523,0.43487174358717934,0.5065753287664383,0.007205606554140756,0.0,0.117,0.0,,28.609548813017483,28.456429114438897,28.45250190810542,28.45250190810542,28.45250190810542,28.45250190810542,28.45250190810542,28.45250190810542,28.45250190810542,28.45250190810542,28.45250190810542,28.45250190810542,28.45250190810542,28.45250190810542,28.45250190810542,28.45250190810542,28.45250190810542,28.45250190810542,28.45250190810542,28.45250190810542,(1+1)-EA+CXM c=0.25 px=0.5|50|10|uniform|none|1|3
h7_tune,(1+1)-EA+CXM c=0.25 px=0.5,n50 m10 uniform none,50,10,uniform,none,1,4,20000,28.387133832233918,28.387133832233918,28.981955979858835,0.8265845775604248,28.56041978363361,28.56041978363361,15.828391890596516,20000,0.00610438350077186,0.00610438350077186,0.9854552192226717,0,0,1,0.40122006100305013,0.0007500375018750937,0.004850242512125606,0.5931796589829491,1.1946097304865244,4.85,0.8104905245262263,0.4297214860743037,0.4973248662433122,0.00955157852402976,0.0,0.195,0.0,,28.703267588064378,28.581094135085486,28.57674802633183,28.56041978363361,28.56041978363361,28.56041978363361,28.56041978363361,28.56041978363361,28.56041978363361,28.56041978363361,28.56041978363361,28.56041978363361,28.56041978363361,28.56041978363361,28.56041978363361,28.56041978363361,28.56041978363361,28.56041978363361,28.56041978363361,28.56041978363361,(1+1)-EA+CXM c=0.25 px=0.5|50|10|uniform|none|1|4
h7_tune,(1+1)-EA+CXM c=0.25 px=0.5,n50 m10 uniform none,50,10,uniform,none,1,5,20000,28.387133832233918,28.387133832233918,28.981955979858835,0.8295505046844482,28.5042914904718,28.5042914904718,15.80968245954258,20000,0.004127139391045134,0.004127139391045134,0.9835185558311181,0,0,1,0.3963198159907995,0.0003000150007500375,0.00360018000900045,0.59977998899945,1.207710385519276,3.6,0.831641582079104,0.4425721286064303,0.5051252562628131,0.006830330627598496,0.0,0.105,0.0,,28.603439365531443,28.53204337142521,28.5042914904718,28.5042914904718,28.5042914904718,28.5042914904718,28.5042914904718,28.5042914904718,28.5042914904718,28.5042914904718,28.5042914904718,28.5042914904718,28.5042914904718,28.5042914904718,28.5042914904718,28.5042914904718,28.5042914904718,28.5042914904718,28.5042914904718,28.5042914904718,(1+1)-EA+CXM c=0.25 px=0.5|50|10|uniform|none|1|5
h7_tune,(1+1)-EA+CXM c=0.25 px=0.5,n50 m10 uniform none,50,10,uniform,none,1,6,20000,28.387133832233918,28.387133832233918,28.981955979858835,0.7846179008483887,28.423200114945967,28.423200114945967,15.78265200103397,20000,0.0012705151187576247,0.0012705151187576247,0.9807205605687491,0,0,1,0.3982699134956748,0.00045002250112505623,0.004600230011500575,0.5966798339916995,1.2044102205110256,4.6,0.8026401320066003,0.4290714535726786,0.49807490374518726,0.0092360204798715,0.0,0.159,0.0,,28.564479099966558,28.51701808975026,28.43571752131782,28.423200114945967,28.423200114945967,28.423200114945967,28.423200114945967,28.423200114945967,28.423200114945967,28.423200114945967,28.423200114945967,28.423200114945967,28.423200114945967,28.423200114945967,28.423200114945967,28.423200114945967,28.423200114945967,28.423200114945967,28.423200114945967,28.423200114945967,(1+1)-EA+CXM c=0.25 px=0.5|50|10|uniform|none|1|6
h7_tune,(1+1)-EA+CXM c=0.25 px=0.5,n50 m10 uniform none,50,10,uniform,none,1,7,20000,28.387133832233918,28.387133832233918,28.981955979858835,0.8620808124542236,28.46635667734781,28.46635667734781,15.797037521834582,20000,0.002790801127795958,0.002790801127795958,0.9822096444122218,0,0,1,0.3991699584979249,0.000200010000500025,0.004150207510375519,0.5964798239911996,1.2041102055102755,4.15,0.8358917945897295,0.4440722036101805,0.5015250762538127,0.008175473579262214,0.0,0.072,0.0,,28.709263265530485,28.46635667734781,28.46635667734781,28.46635667734781,28.46635667734781,28.46635667734781,28.46635667734781,28.46635667734781,28.46635667734781,28.46635667734781,28.46635667734781,28.46635667734781,28.46635667734781,28.46635667734781,28.46635667734781,28.46635667734781,28.46635667734781,28.46635667734781,28.46635667734781,28.46635667734781,(1+1)-EA+CXM c=0.25 px=0.5|50|10|uniform|none|1|7
h7_tune,(1+1)-EA+CXM c=0.25 px=0.5,n50 m10 uniform none,50,10,uniform,none,1,8,20000,28.387133832233918,28.387133832233918,28.981955979858835,0.8706164360046387,28.413842983721445,28.413842983721445,15.779532957292464,20000,0.0009408893354776905,0.0009408893354776905,0.9803976999850458,0,0,1,0.39646982349117454,0.0003000150007500375,0.005350267513375669,0.5978798939946998,1.2070103505175258,5.35,0.7926896344817241,0.43592179608980447,0.504375218760938,0.010409437890353921,0.0,0.21,0.0,,28.702140641463046,28.488620801379078,28.4484391103274,28.413893459180148,28.413842983721445,28.413842983721445,28.413842983721445,28.413842983721445,28.413842983721445,28.413842983721445,28.413842983721445,28.413842983721445,28.413842983721445,28.413842983721445,28.413842983721445,28.413842983721445,28.413842983721445,28.413842983721445,28.413842983721445,28.413842983721445,(1+1)-EA+CXM c=0.25 px=0.5|50|10|uniform|none|1|8
h7_tune,(1+1)-EA+CXM c=0.25 px=0.5,n50 m10 uniform none,50,10,uniform,none,1,9,20000,28.387133832233918,28.387133832233918,28.981955979858835,0.861182451248169,28.454985085480715,28.454985085480715,15.79324699121222,20000,0.0023902114827017546,0.0023902114827017546,0.9818172764203927,0,0,1,0.3983199159957998,0.00040002000100005,0.0056002800140007,0.5956797839891994,1.2034101705085254,5.6,0.831241562078104,0.43172158607930394,0.49902495124756235,0.011022044088176353,0.0,0.087,0.0,,28.574648968356925,28.454985085480715,28.454985085480715,28.454985085480715,28.454985085480715,28.454985085480715,28.454985085480715,28.454985085480715,28.454985085480715,28.454985085480715,28.454985085480715,28.454985085480715,28.454985085480715,28.454985085480715,28.454985085480715,28.454985085480715,28.454985085480715,28.454985085480715,28.454985085480715,28.454985085480715,(1+1)-EA+CXM c=0.25 px=0.5|50|10|uniform|none|1|9
h7_tune,(1+1)-EA+CXM c=0.25 px=1.0,n50 m10 uniform none,50,10,uniform,none,1,0,20000,28.387133832233918,28.387133832233918,28.981955979858835,1.0102994441986084,28.4318465246463,28.4318465246463,15.785534137600747,20000,0.0015751041537561078,0.0015751041537561078,0.9810188982553546,0,0,1,0.0001000050002500125,0.00025001250062503126,0.007000350017500875,0.9926496324816241,2.1797589879493975,7.0,0.7413370668533427,0.8547927396369819,1.0,0.007000350017500875,0.0007,0.555,0.0,,28.485084834420284,28.465141800078648,28.465141800078648,28.465141800078648,28.465141800078648,28.465141800078648,28.465141800078648,28.465141800078648,28.465141800078648,28.465141800078648,28.43456721413776,28.4318465246463,28.4318465246463,28.4318465246463,28.4318465246463,28.4318465246463,28.4318465246463,28.4318465246463,28.4318465246463,28.4318465246463,(1+1)-EA+CXM c=0.25 px=1.0|50|10|uniform|none|1|0
h7_tune,(1+1)-EA+CXM c=0.25 px=1.0,n50 m10 uniform none,50,10,uniform,none,1,1,20000,28.387133832233918,28.387133832233918,28.981955979858835,0.9892895221710205,28.46763226921518,28.46763226921518,15.797462719123708,20000,0.00283573669173516,0.00283573669173516,0.9822536577240996,0,0,1,0.0001000050002500125,0.000200010000500025,0.005900295014750738,0.9937996899844992,2.1800090004500223,5.9,0.7505375268763438,0.8520926046302315,1.0,0.005900295014750738,0.0001,0.669,0.0,,28.548586837005224,28.47426425852641,28.47426425852641,28.47426425852641,28.47426425852641,28.47426425852641,28.47426425852641,28.47426425852641,28.47426425852641,28.47426425852641,28.47426425852641,28.47426425852641,28.47426425852641,28.46763226921518,28.46763226921518,28.46763226921518,28.46763226921518,28.46763226921518,28.46763226921518,28.46763226921518,(1+1)-EA+CXM c=0.25 px=1.0|50|10|uniform|none|1|1
h7_tune,(1+1)-EA+CXM c=0.25 px=1.0,n50 m10 uniform none,50,10,uniform,none,1,2,20000,28.387133832233918,28.387133832233918,28.981955979858835,0.9977371692657471,28.42162471687645,28.42162471687645,15.782126868344129,20000,0.0012150182137574087,0.0012150182137574087,0.9806662026754926,0,0,1,5.000250012500625e-05,0.00015000750037501875,0.002950147507375369,0.9968498424921246,2.1783589179458973,2.95,0.7819390969548478,0.8531926596329816,1.0,0.002950147507375369,0.0,0.054,0.0,,28.436276173409773,28.42162471687645,28.42162471687645,28.42162471687645,28.42162471687645,28.42162471687645,28.42162471687645,28.42162471687645,28.42162471687645,28.42162471687645,28.42162471687645,28.42162471687645,28.42162471687645,28.42162471687645,28.42162471687645,28.42162471687645,28.42162471687645,28.42162471687645,28.42162471687645,28.42162471687645,(1+1)-EA+CXM c=0.25 px=1.0|50|10|uniform|none|1|2
h7_tune,(1+1)-EA+CXM c=0.25 px=1.0,n50 m10 uniform none,50,10,uniform,none,1,3,20000,28.387133832233918,28.387133832233918,28.981955979858835,0.9708707332611084,28.492340112974496,28.492340112974496,15.805698667043476,20000,0.0037061255060951348,0.0037061255060951348,0.9831061827840536,0,0,1,0.00025001250062503126,0.0003000150007500375,0.002750137506875344,0.9966998349917496,2.022851142557128,2.75,0.7890894544727236,0.8633931696584829,1.0,0.002750137506875344,0.0,0.027,0.0,,28.492340112974496,28.492340112974496,28.492340112974496,28.492340112974496,28.492340112974496,28.492340112974496,28.492340112974496,28.492340112974496,28.492340112974496,28.492340112974496,28.492340112974496,28.492340112974496,28.492340112974496,28.492340112974496,28.492340112974496,28.492340112974496,28.492340112974496,28.492340112974496,28.492340112974496,28.492340112974496,(1+1)-EA+CXM c=0.25 px=1.0|50|10|uniform|none|1|3
h7_tune,(1+1)-EA+CXM c=0.25 px=1.0,n50 m10 uniform none,50,10,uniform,none,1,4,20000,28.387133832233918,28.387133832233918,28.981955979858835,1.039095163345337,28.48688618824879,28.48688618824879,15.803880692134912,20000,0.0035139988631610803,0.0035139988631610803,0.982917999325025,0,0,1,0.00025001250062503126,5.000250012500625e-05,0.00360018000900045,0.9960998049902495,2.1799089954497726,3.6,0.7861893094654733,0.8637431871593579,1.0,0.00360018000900045,0.0,0.033,0.0,,28.48688618824879,28.48688618824879,28.48688618824879,28.48688618824879,28.48688618824879,28.48688618824879,28.48688618824879,28.48688618824879,28.48688618824879,28.48688618824879,28.48688618824879,28.48688618824879,28.48688618824879,28.48688618824879,28.48688618824879,28.48688618824879,28.48688618824879,28.48688618824879,28.48688618824879,28.48688618824879,(1+1)-EA+CXM c=0.25 px=1.0|50|10|uniform|none|1|4
h7_tune,(1+1)-EA+CXM c=0.25 px=1.0,n50 m10 uniform none,50,10,uniform,none,1,5,20000,28.387133832233918,28.387133832233918,28.981955979858835,0.96779465675354,28.424652482839505,28.424652482839505,15.78313612366515,20000,0.0013216780118528453,0.0013216780118528453,0.980770673400835,0,0,1,0.0,0.0001000050002500125,0.003000150007500375,0.9968998449922496,2.1787589379468972,3.0,0.7819390969548478,0.8431421571078553,1.0,0.003000150007500375,0.0,0.039,0.0,,28.424652482839505,28.424652482839505,28.424652482839505,28.424652482839505,28.424652482839505,28.424652482839505,28.424652482839505,28.424652482839505,28.424652482839505,28.424652482839505,28.424652482839505,28.424652482839505,28.424652482839505,28.424652482839505,28.424652482839505,28.424652482839505,28.424652482839505,28.424652482839505,28.424652482839505,28.424652482839505,(1+1)-EA+CXM c=0.25 px=1.0|50|10|uniform|none|1|5
h7_tune,(1+1)-EA+CXM c=0.25 px=1.0,n50 m10 uniform none,50,10,uniform,none,1,6,20000,28.387133832233918,28.387133832233918,28.981955979858835,0.9618918895721436,28.437714149455687,28.437714149455687,15.787490012537209,20000,0.0017818043033402122,0.0017818043033402122,0.9812213561161512,0,0,1,0.0,0.00015000750037501875,0.004600230011500575,0.9952497624881244,2.182559127956398,4.6,0.7505375268763438,0.8374418720936047,1.0,0.004600230011500575,0.0,0.099,0.0,,28.553254578933032,28.437714149455687,28.437714149455687,28.437714149455687,28.437714149455687,28.437714149455687,28.437714149455687,28.437714149455687,28.437714149455687,28.437714149455687,28.437714149455687,28.437714149455687,28.437714149455687,28.437714149455687,28.437714149455687,28.437714149455687,28.437714149455687,28.437714149455687,28.437714149455687,28.437714149455687,(1+1)-EA+CXM c=0.25 px=1.0|50|10|uniform|none|1|6
h7_tune,(1+1)-EA+CXM c=0.25 px=1.0,n50 m10 uniform none,50,10,uniform,none,1,7,20000,28.387133832233918,28.387133832233918,28.981955979858835,0.9649949073791504,28.467113771871755,28.467113771871755,15.797289886675898,20000,0.0028174714682543756,0.0028174714682543756,0.982235767373849,0,0,1,0.00015000750037501875,5.000250012500625e-05,0.002750137506875344,0.9970498524926247,2.1715085754287715,2.75,0.7771388569428471,0.8463923196159808,1.0,0.002750137506875344,0.0,0.072,0.0,,28.53127531123531,28.467113771871755,28.467113771871755,28.467113771871755,28.467113771871755,28.467113771871755,28.467113771871755,28.467113771871755,28.467113771871755,28.467113771871755,28.467113771871755,28.467113771871755,28.467113771871755,28.467113771871755,28.467113771871755,28.467113771871755,28.467113771871755,28.467113771871755,28.467113771871755,28.467113771871755,(1+1)-EA+CXM c=0.25 px=1.0|50|10|uniform|none|1|7
h7_tune,(1+1)-EA+CXM c=0.25 px=1.0,n50 m10 uniform none,50,10,uniform,none,1,8,20000,28.387133832233918,28.387133832233918,28.981955979858835,0.96150803565979,28.458158851534833,28.458158851534833,15.794304913230258,20000,0.002502014459109129,0.002502014459109129,0.9819267847660793,0,0,1,5.000250012500625e-05,0.0001000050002500125,0.0039001950097504877,0.9959497974898744,2.1788089404470226,3.9,0.7686884344217211,0.8525426271313565,1.0,0.0039001950097504877,0.0,0.069,0.0,,28.50174221994562,28.458158851534833,28.458158851534833,28.458158851534833,28.458158851534833,28.458158851534833,28.458158851534833,28.458158851534833,28.458158851534833,28.458158851534833,28.458158851534833,28.458158851534833,28.458158851534833,28.458158851534833,28.458158851534833,28.458158851534833,28.458158851534833,28.458158851534833,28.458158851534833,28.458158851534833,(1+1)-EA+CXM c=0.25 px=1.0|50|10|uniform|none|1|8
h7_tune,(1+1)-EA+CXM c=0.25 px=1.0,n50 m10 uniform none,50,10,uniform,none,1,9,20000,28.387133832233918,28.387133832233918,28.981955979858835,1.0310375690460205,28.488298828334425,28.488298828334425,15.804351572163455,20000,0.003563762255759461,0.003563762255759461,0.9829667413797923,0,0,1,0.0001000050002500125,0.0005000250012500625,0.006750337516875844,0.9926496324816241,2.1807590379518977,6.75,0.7606880344017201,0.848742437121856,1.0,0.006750337516875844,0.0,0.069,0.0,,28.55783447384558,28.488298828334425,28.488298828334425,28.488298828334425,28.488298828334425,28.488298828334425,28.488298828334425,28.488298828334425,28.488298828334425,28.488298828334425,28.488298828334425,28.488298828334425,28.488298828334425,28.488298828334425,28.488298828334425,28.488298828334425,28.488298828334425,28.488298828334425,28.488298828334425,28.488298828334425,(1+1)-EA+CXM c=0.25 px=1.0|50|10|uniform|none|1|9
h7_tune,(1+1)-EA+CXM c=1.0 px=0.5,n50 m10 uniform none,50,10,uniform,none,1,0,20000,28.387133832233918,28.387133832233918,28.981955979858835,0.7939090728759766,28.484879804460782,28.484879804460782,15.803211897538908,20000,0.0034433195265339686,0.0034433195265339686,0.982848770602526,0,0,1,0.19890994549727486,0.0017500875043752187,0.0038501925096254812,0.7954897744887245,1.8341917095854792,3.85,0.511275563778189,0.33716685834291715,0.5008750437521876,0.007087950484176899,0.0,0.192,0.0,,28.690729522657687,28.528432367084104,28.486226946570245,28.484879804460782,28.484879804460782,28.484879804460782,28.484879804460782,28.484879804460782,28.484879804460782,28.484879804460782,28.484879804460782,28.484879804460782,28.484879804460782,28.484879804460782,28.484879804460782,28.484879804460782,28.484879804460782,28.484879804460782,28.484879804460782,28.484879804460782,(1+1)-EA+CXM c=1.0 px=0.5|50|10|uniform|none|1|0
h7_tune,(1+1)-EA+CXM c=1.0 px=0.5,n50 m10 uniform none,50,10,uniform,none,1,1,20000,28.387133832233918,28.387133832233918,28.981955979858835,0.8277087211608887,28.467247161417212,28.467247161417212,15.797334349857717,20000,0.0028221704120169086,0.0028221704120169086,0.98224036987706,0,0,1,0.19630981549077453,0.0011500575028751438,0.0035001750087504373,0.7990399519975999,1.815490774538727,3.5,0.5333266663333167,0.3742687134356718,0.5034251712585629,0.006654747715534366,0.0,0.108,0.0,,28.738001642174098,28.49123697706634,28.467247161417212,28.467247161417212,28.467247161417212,28.467247161417212,28.467247161417212,28.467247161417212,28.467247161417212,28.467247161417212,28.467247161417212,28.467247161417212,28.467247161417212,28.467247161417212,28.467247161417212,28.467247161417212,28.467247161417212,28.467247161417212,28.467247161417212,28.467247161417212,(1+1)-EA+CXM c=1.0 px=0.5|50|10|uniform|none|1|1
h7_tune,(1+1)-EA+CXM c=1.0 px=0.5,n50 m10 uniform none,50,10,uniform,none,1,2,20000,28.387133832233918,28.387133832233918,28.981955979858835,0.7966806888580322,28.51633902471411,28.51633902471411,15.813698304290018,20000,0.004551540611453999,0.004551540611453999,0.9839342466923796,0,0,1,0.2025101255062753,0.0009500475023751188,0.002200110005500275,0.7943397169858493,1.8099404970248512,2.2,0.5151757587879394,0.34746737336866845,0.49647482374118707,0.004028603081881358,0.0,0.387,0.0,,28.624805140859397,28.54909810295238,28.54909810295238,28.54909810295238,28.54909810295238,28.54909810295238,28.54909810295238,28.51633902471411,28.51633902471411,28.51633902471411,28.51633902471411,28.51633902471411,28.51633902471411,28.51633902471411,28.51633902471411,28.51633902471411,28.51633902471411,28.51633902471411,28.51633902471411,28.51633902471411,(1+1)-EA+CXM c=1.0 px=0.5|50|10|uniform|none|1|2
h7_tune,(1+1)-EA+CXM c=1.0 px=0.5,n50 m10 uniform none,50,10,uniform,none,1,3,20000,28.387133832233918,28.387133832233918,28.981955979858835,0.789081335067749,28.433930349534528,28.433930349534528,15.786228745896826,20000,0.0016485115255796617,0.0016485115255796617,0.9810907990231866,0,0,1,0.20756037801890095,0.001400070003500175,0.004100205010250512,0.7869393469673484,1.808240412020601,4.1,0.4112705635281764,0.359717985899295,0.4976248812440622,0.008139067524115756,0.0006,0.702,0.0,,28.732595994450236,28.62354887077879,28.585566909144443,28.54989849913694,28.54989849913694,28.54989849913694,28.54989849913694,28.51897442205347,28.480586896645956,28.478003056914304,28.452250972243167,28.452250972243167,28.452250972243167,28.448393418767015,28.433930349534528,28.433930349534528,28.433930349534528,28.433930349534528,28.433930349534528,28.433930349534528,(1+1)-EA+CXM c=1.0 px=0.5|50|10|uniform|none|1|3
h7_tune,(1+1)-EA+CXM c=1.0 px=0.5,n50 m10 uniform none,50,10,uniform,none,1,4,20000,28.387133832233918,28.387133832233918,28.981955979858835,0.8048985004425049,28.439287860891874,28.439287860891874,15.788014583015938,20000,0.0018372417929257204,0.0018372417929257204,0.9812756558134278,0,0,1,0.2017600880044002,0.0016500825041252062,0.0039001950097504877,0.7926896344817241,1.8187909395469775,3.9,0.5217260863043152,0.3413670683534177,0.5011250562528127,0.007184194771502694,0.0,0.198,0.0,,28.517309409355036,28.502189577795285,28.485819836734265,28.439287860891874,28.439287860891874,28.439287860891874,28.439287860891874,28.439287860891874,28.439287860891874,28.439287860891874,28.439287860891874,28.439287860891874,28.439287860891874,28.439287860891874,28.439287860891874,28.439287860891874,28.439287860891874,28.439287860891874,28.439287860891874,28.439287860891874,(1+1)-EA+CXM c=1.0 px=0.5|50|10|uniform|none|1|4
h7_tune,(1+1)-EA+CXM c=1.0 px=0.5,n50 m10 uniform none,50,10,uniform,none,1,5,20000,28.387133832233918,28.387133832233918,28.981955979858835,0.7942678928375244,28.418910373628048,28.418910373628048,15.78122208726133,20000,0.0011193994286963762,0.0011193994286963762,0.9805725463587731,0,0,1,0.19930996549827493,0.0005000250012500625,0.003350167508375419,0.7968398419920996,1.8272913645682285,3.35,0.46827341367068354,0.3160658032901645,0.5004250212510626,0.006594724220623501,0.0,0.354,0.0,,28.690599501123017,28.600508769239546,28.53891543647988,28.522587193781657,28.522587193781657,28.479715695428794,28.466476632476606,28.418910373628048,28.418910373628048,28.418910373628048,28.418910373628048,28.418910373628048,28.418910373628048,28.418910373628048,28.418910373628048,28.418910373628048,28.418910373628048,28.418910373628048,28.418910373628048,28.418910373628048,(1+1)-EA+CXM c=1.0 px=0.5|50|10|uniform|none|1|5
h7_tune,(1+1)-EA+CXM c=1.0 px=0.5,n50 m10 uniform none,50,10,uniform,none,1,6,20000,28.387133832233918,28.387133832233918,28.981955979858835,0.8094494342803955,28.515212352519278,28.515212352519278,15.813322746891737,20000,0.0045118510745852545,0.0045118510745852545,0.9838953717387493,0,0,1,0.20361018050902546,0.0008500425021251062,0.0034501725086254313,0.792089604480224,1.8036401820091004,3.45,0.51977598879944,0.36636831841592077,0.5014750737536877,0.006680626184066208,0.0,0.153,0.0,,28.629159562709567,28.567449934473828,28.52360701462279,28.515212352519278,28.515212352519278,28.515212352519278,28.515212352519278,28.515212352519278,28.515212352519278,28.515212352519278,28.515212352519278,28.515212352519278,28.515212352519278,28.515212352519278,28.515212352519278,28.515212352519278,28.515212352519278,28.515212352519278,28.515212352519278,28.515212352519278,(1+1)-EA+CXM c=1.0 px=0.5|50|10|uniform|none|1|6
h7_tune,(1+1)-EA+CXM c=1.0 px=0.5,n50 m10 uniform none,50,10,uniform,none,1,7,20000,28.387133832233918,28.387133832233918,28.981955979858835,0.8116855621337891,28.46655716519066,28.46655716519066,15.797104351115532,20000,0.0027978637584946038,0.0027978637584946038,0.982216562090345,0,0,1,0.207910395519776,0.0008500425021251062,0.0026501325066253315,0.7885894294714736,1.8122906145307265,2.65,0.5547777388869444,0.343767188359418,0.4948247412370618,0.0050525464834276475,0.0,0.075,0.0,,28.677807940185858,28.46655716519066,28.46655716519066,28.46655716519066,28.46655716519066,28.46655716519066,28.46655716519066,28.46655716519066,28.46655716519066,28.46655716519066,28.46655716519066,28.46655716519066,28.46655716519066,28.46655716519066,28.46655716519066,28.46655716519066,28.46655716519066,28.46655716519066,28.46655716519066,28.46655716519066,(1+1)-EA+CXM c=1.0 px=0.5|50|10|uniform|none|1|7
h7_tune,(1+1)-EA+CXM c=1.0 px=0.5,n50 m10 uniform none,50,10,uniform,none,1,8,20000,28.387133832233918,28.387133832233918,28.981955979858835,0.8005001544952393,28.465746257867956,28.465746257867956,15.796834048674631,20000,0.0027692977423727297,0.0027692977423727297,0.9821885823596715,0,0,1,0.2039101955097755,0.001000050002500125,0.004050202510125506,0.7910395519775989,1.8305415270763539,4.05,0.5113255662783139,0.36426821341067056,0.5000750037501875,0.007699230076992301,0.0,0.228,0.0,,28.640244802605658,28.623269787706093,28.489736073517083,28.489736073517083,28.465746257867956,28.465746257867956,28.465746257867956,28.465746257867956,28.465746257867956,28.465746257867956,28.465746257867956,28.465746257867956,28.465746257867956,28.465746257867956,28.465746257867956,28.465746257867956,28.465746257867956,28.465746257867956,28.465746257867956,28.465746257867956,(1+1)-EA+CXM c=1.0 px=0.5|50|10|uniform|none|1|8
h7_tune,(1+1)-EA+CXM c=1.0 px=0.5,n50 m10 uniform none,50,10,uniform,none,1,9,20000,28.387133832233918,28.387133832233918,28.981955979858835,0.7924647331237793,28.528894778450955,28.528894778450955,15.817883555535634,20000,0.004993844995230397,0.004993844995230397,0.9843674732746562,0,0,1,0.1991599579978999,0.0014500725036251812,0.0037001850092504623,0.7956897844892244,1.8353917695884794,3.7,0.5012750637531876,0.31496574828741436,0.4999749987499375,0.0072007200720072,0.0,0.306,0.0,,28.662066758818767,28.545223021149177,28.531923424689715,28.531923424689715,28.531923424689715,28.531923424689715,28.528894778450955,28.528894778450955,28.528894778450955,28.528894778450955,28.528894778450955,28.528894778450955,28.528894778450955,28.528894778450955,28.528894778450955,28.528894778450955,28.528894778450955,28.528894778450955,28.528894778450955,28.528894778450955,(1+1)-EA+CXM c=1.0 px=0.5|50|10|uniform|none|1|9
h7_tune,(1+1)-EA+CXM c=1.0 px=1.0,n50 m10 uniform none,50,10,uniform,none,1,0,20000,28.387133832233918,28.387133832233918,28.981955979858835,0.9965369701385498,28.482984633901566,28.482984633901566,15.802580174019171,20000,0.0033765579235339556,0.0033765579235339556,0.9827833792065646,0,0,1,0.000200010000500025,0.00045002250112505623,0.004050202510125506,0.9952997649882495,2.7696384819240962,4.05,0.4089204460223011,0.5451272563628181,1.0,0.004050202510125506,0.0,0.072,0.0,,28.500312110522145,28.482984633901566,28.482984633901566,28.482984633901566,28.482984633901566,28.482984633901566,28.482984633901566,28.482984633901566,28.482984633901566,28.482984633901566,28.482984633901566,28.482984633901566,28.482984633901566,28.482984633901566,28.482984633901566,28.482984633901566,28.482984633901566,28.482984633901566,28.482984633901566,28.482984633901566,(1+1)-EA+CXM c=1.0 px=1.0|50|10|uniform|none|1|0
h7_tune,(1+1)-EA+CXM c=1.0 px=1.0,n50 m10 uniform none,50,10,uniform,none,1,1,20000,28.387133832233918,28.387133832233918,28.981955979858835,1.0032479763031006,28.496960494958273,28.496960494958273,15.807238794371406,20000,0.0038688887498619508,0.0038688887498619508,0.9832656054947564,0,0,1,0.0001000050002500125,0.0007500375018750937,0.0031001550077503874,0.9960498024901245,2.7665383269163457,3.1,0.4224211210560528,0.5885794289714485,1.0,0.0031001550077503874,0.0,0.039,0.0,,28.496960494958273,28.496960494958273,28.496960494958273,28.496960494958273,28.496960494958273,28.496960494958273,28.496960494958273,28.496960494958273,28.496960494958273,28.496960494958273,28.496960494958273,28.496960494958273,28.496960494958273,28.496960494958273,28.496960494958273,28.496960494958273,28.496960494958273,28.496960494958273,28.496960494958273,28.496960494958273,(1+1)-EA+CXM c=1.0 px=1.0|50|10|uniform|none|1|1
h7_tune,(1+1)-EA+CXM c=1.0 px=1.0,n50 m10 uniform none,50,10,uniform,none,1,2,20000,28.387133832233918,28.387133832233918,28.981955979858835,0.9834597110748291,28.45429705302841,28.45429705302841,15.793017647061449,20000,0.002365974007500059,0.002365974007500059,0.9817935363921909,0,0,1,0.000200010000500025,0.0005000250012500625,0.0033001650082504124,0.9959997999899995,2.7616880844042204,3.3,0.399869993499675,0.5530276513825692,1.0,0.0033001650082504124,0.0001,0.654,0.0,,28.473086686207076,28.471650811710223,28.471650811710223,28.471650811710223,28.471650811710223,28.471650811710223,28.471650811710223,28.471650811710223,28.471650811710223,28.471650811710223,28.471650811710223,28.471650811710223,28.471650811710223,28.45429705302841,28.45429705302841,28.45429705302841,28.45429705302841,28.45429705302841,28.45429705302841,28.45429705302841,(1+1)-EA+CXM c=1.0 px=1.0|50|10|uniform|none|1|2
h7_tune,(1+1)-EA+CXM c=1.0 px=1.0,n50 m10 uniform none,50,10,uniform,none,1,3,20000,28.387133832233918,28.387133832233918,28.981955979858835,0.9707329273223877,28.44553092298765,28.44553092298765,15.79009560371453,20000,0.0020571675569240533,0.0020571675569240533,0.9814910678477334,0,0,1,0.0001000050002500125,0.00025001250062503126,0.0032001600080004,0.9964498224911246,2.751687584379219,3.2,0.3965698284914246,0.5941297064853243,1.0,0.0032001600080004,0.0,0.183,0.0,,28.544467601417008,28.509782894814393,28.47331167816209,28.44553092298765,28.44553092298765,28.44553092298765,28.44553092298765,28.44553092298765,28.44553092298765,28.44553092298765,28.44553092298765,28.44553092298765,28.44553092298765,28.44553092298765,28.44553092298765,28.44553092298765,28.44553092298765,28.44553092298765,28.44553092298765,28.44553092298765,(1+1)-EA+CXM c=1.0 px=1.0|50|10|uniform|none|1|3
h7_tune,(1+1)-EA+CXM c=1.0 px=1.0,n50 m10 uniform none,50,10,uniform,none,1,4,20000,28.387133832233918,28.387133832233918,28.981955979858835,1.1292495727539062,28.41143377506322,28.41143377506322,15.778729887739718,20000,0.0008560195958110061,0.0008560195958110061,0.9803145721016172,0,0,1,0.000200010000500025,0.000600030001500075,0.005300265013250663,0.9938996949847493,2.7540377018850943,5.3,0.36506825341267063,0.6123806190309515,1.0,0.005300265013250663,0.0,0.375,0.0,,28.56660488563978,28.482404959530992,28.455835961057026,28.455835961057026,28.455835961057026,28.45128621128424,28.415779883816874,28.41143377506322,28.41143377506322,28.41143377506322,28.41143377506322,28.41143377506322,28.41143377506322,28.41143377506322,28.41143377506322,28.41143377506322,28.41143377506322,28.41143377506322,28.41143377506322,28.41143377506322,(1+1)-EA+CXM c=1.0 px=1.0|50|10|uniform|none|1|4
h7_tune,(1+1)-EA+CXM c=1.0 px=1.0,n50 m10 uniform none,50,10,uniform,none,1,5,20000,28.387133832233918,28.387133832233918,28.981955979858835,1.104205846786499,28.463342087939118,28.463342087939118,15.796032658698355,20000,0.002684605503168659,0.002684605503168659,0.9821056283337077,0,0,1,0.00015000750037501875,0.000600030001500075,0.004150207510375519,0.9950997549877494,2.766138306915346,4.15,0.4072703635181759,0.5472273613680684,1.0,0.004150207510375519,0.0,0.072,0.0,,28.75334186538239,28.463342087939118,28.463342087939118,28.463342087939118,28.463342087939118,28.463342087939118,28.463342087939118,28.463342087939118,28.463342087939118,28.463342087939118,28.463342087939118,28.463342087939118,28.463342087939118,28.463342087939118,28.463342087939118,28.463342087939118,28.463342087939118,28.463342087939118,28.463342087939118,28.463342087939118,(1+1)-EA+CXM c=1.0 px=1.0|50|10|uniform|none|1|5
h7_tune,(1+1)-EA+CXM c=1.0 px=1.0,n50 m10 uniform none,50,10,uniform,none,1,6,20000,28.387133832233918,28.387133832233918,28.981955979858835,1.0252156257629395,28.434792476193966,28.434792476193966,15.786516121449967,20000,0.001678881856890082,0.001678881856890082,0.9811205460375026,0,0,1,0.0003000150007500375,0.00040002000100005,0.004100205010250512,0.9951997599879994,2.7470373518675935,4.1,0.39976998849942497,0.5576778838941947,1.0,0.004100205010250512,0.0,0.249,0.0,,28.473000876065175,28.473000876065175,28.473000876065175,28.473000876065175,28.434792476193966,28.434792476193966,28.434792476193966,28.434792476193966,28.434792476193966,28.434792476193966,28.434792476193966,28.434792476193966,28.434792476193966,28.434792476193966,28.434792476193966,28.434792476193966,28.434792476193966,28.434792476193966,28.434792476193966,28.434792476193966,(1+1)-EA+CXM c=1.0 px=1.0|50|10|uniform|none|1|6
h7_tune,(1+1)-EA+CXM c=1.0 px=1.0,n50 m10 uniform none,50,10,uniform,none,1,7,20000,28.387133832233918,28.387133832233918,28.981955979858835,1.057755708694458,28.54299000849228,28.54299000849228,15.822581965549407,20000,0.005490380859845185,0.005490380859845185,0.9848538182974393,0,0,1,0.0,0.0006500325016250812,0.0032001600080004,0.9961498074903745,2.753937696884844,3.2,0.4207710385519276,0.5506775338766938,1.0,0.0032001600080004,0.0,0.087,0.0,,28.571325932895064,28.54299000849228,28.54299000849228,28.54299000849228,28.54299000849228,28.54299000849228,28.54299000849228,28.54299000849228,28.54299000849228,28.54299000849228,28.54299000849228,28.54299000849228,28.54299000849228,28.54299000849228,28.54299000849228,28.54299000849228,28.54299000849228,28.54299000849228,28.54299000849228,28.54299000849228,(1+1)-EA+CXM c=1.0 px=1.0|50|10|uniform|none|1|7
h7_tune,(1+1)-EA+CXM c=1.0 px=1.0,n50 m10 uniform none,50,10,uniform,none,1,8,20000,28.387133832233918,28.387133832233918,28.981955979858835,1.0834519863128662,28.49857978744718,28.49857978744718,15.807778558534373,20000,0.003925931933526687,0.003925931933526687,0.9833214779310416,0,0,1,0.0003000150007500375,0.00045002250112505623,0.002050102505125256,0.9971998599929996,2.7554377718885945,2.05,0.4246712335616781,0.5492774638731936,1.0,0.002050102505125256,0.0,0.045,0.0,,28.49857978744718,28.49857978744718,28.49857978744718,28.49857978744718,28.49857978744718,28.49857978744718,28.49857978744718,28.49857978744718,28.49857978744718,28.49857978744718,28.49857978744718,28.49857978744718,28.49857978744718,28.49857978744718,28.49857978744718,28.49857978744718,28.49857978744718,28.49857978744718,28.49857978744718,28.49857978744718,(1+1)-EA+CXM c=1.0 px=1.0|50|10|uniform|none|1|8
h7_tune,(1+1)-EA+CXM c=1.0 px=1.0,n50 m10 uniform none,50,10,uniform,none,1,9,20000,28.387133832233918,28.387133832233918,28.981955979858835,1.0985815525054932,28.426502780122664,28.426502780122664,15.7837528894262,20000,0.0013868588537826521,0.0013868588537826521,0.9808345164790746,0,0,1,0.00015000750037501875,0.000200010000500025,0.004350217510875544,0.9952997649882495,2.7724886244312215,4.35,0.4016700835041752,0.6350817540877044,1.0,0.004350217510875544,0.0,0.102,0.0,,28.472518365558543,28.43047382647191,28.426502780122664,28.426502780122664,28.426502780122664,28.426502780122664,28.426502780122664,28.426502780122664,28.426502780122664,28.426502780122664,28.426502780122664,28.426502780122664,28.426502780122664,28.426502780122664,28.426502780122664,28.426502780122664,28.426502780122664,28.426502780122664,28.426502780122664,28.426502780122664,(1+1)-EA+CXM c=1.0 px=1.0|50|10|uniform|none|1|9
h7_tune,(1+1)-EA+CXM c=2.0 px=0.5,n50 m10 uniform none,50,10,uniform,none,1,0,20000,28.387133832233918,28.387133832233918,28.981955979858835,0.8539483547210693,28.624812550865617,28.624812550865617,15.84985614634052,20000,0.008372762112454338,0.008372762112454338,0.9876770419069915,0,0,1,0.08045402270113505,0.0016500825041252062,0.002600130006500325,0.9152957647882394,2.694934746737337,2.6,0.27591379568978447,0.31981599079954,0.5075253762688134,0.004729064039408867,0.0,0.069,0.0,,28.884627065444903,28.624812550865617,28.624812550865617,28.624812550865617,28.624812550865617,28.624812550865617,28.624812550865617,28.624812550865617,28.624812550865617,28.624812550865617,28.624812550865617,28.624812550865617,28.624812550865617,28.624812550865617,28.624812550865617,28.624812550865617,28.624812550865617,28.624812550865617,28.624812550865617,28.624812550865617,(1+1)-EA+CXM c=2.0 px=0.5|50|10|uniform|none|1|0
h7_tune,(1+1)-EA+CXM c=2.0 px=0.5,n50 m10 uniform none,50,10,uniform,none,1,1,20000,28.387133832233918,28.387133832233918,28.981955979858835,0.8454928398132324,28.453097543233817,28.453097543233817,15.792617810463256,20000,0.002323718603989403,0.002323718603989403,0.9817521482334542,0,1,1,0.07780389019450973,0.0009500475023751188,0.0028501425071253564,0.9183959197959898,2.698634931746587,2.85,0.15645782289114454,0.3213660683034152,0.49812490624531225,0.005520979722947199,0.0009,0.834,0.0,,28.706011053077763,28.620024603444453,28.620024603444453,28.613434841027228,28.60748757693924,28.592726794706483,28.581546163739873,28.581546163739873,28.581546163739873,28.550634838694457,28.53069180435282,28.526345695599165,28.48761186882876,28.472532244987118,28.472532244987118,28.472532244987118,28.453097543233817,28.453097543233817,28.453097543233817,28.453097543233817,(1+1)-EA+CXM c=2.0 px=0.5|50|10|uniform|none|1|1
h7_tune,(1+1)-EA+CXM c=2.0 px=0.5,n50 m10 uniform none,50,10,uniform,none,1,2,20000,28.387133832233918,28.387133832233918,28.981955979858835,0.8778641223907471,28.420274268564764,28.420274268564764,15.781676718906901,20000,0.001167445664881291,0.001167445664881291,0.9806196064998368,0,0,1,0.08135406770338517,0.0007500375018750937,0.002750137506875344,0.9151457572878644,2.6771338566928344,2.75,0.18270913545677284,0.3318665933296665,0.49557477873893696,0.005246695590757744,0.0008,0.732,0.0,,28.69583776633181,28.58974492848938,28.58974492848938,28.58974492848938,28.58974492848938,28.58974492848938,28.574096331408825,28.547922209042383,28.517313187772153,28.49897066852907,28.458158851534833,28.429604806002096,28.424315190845267,28.424315190845267,28.420274268564764,28.420274268564764,28.420274268564764,28.420274268564764,28.420274268564764,28.420274268564764,(1+1)-EA+CXM c=2.0 px=0.5|50|10|uniform|none|1|2
h7_tune,(1+1)-EA+CXM c=2.0 px=0.5,n50 m10 uniform none,50,10,uniform,none,1,3,20000,28.387133832233918,28.387133832233918,28.981955979858835,0.9233736991882324,28.45543631675882,28.45543631675882,15.793397401638256,20000,0.0024061071092476654,0.0024061071092476654,0.9818328458070282,0,0,1,0.08110405520276014,0.0011500575028751438,0.002950147507375369,0.9147957397869894,2.6696834841742088,2.95,0.2199109955497775,0.31271563578178907,0.4979748987449372,0.005623054523546541,0.0001,0.612,0.0,,28.741026900642947,28.527921291743223,28.480319277017497,28.470425513058913,28.455964662350617,28.455964662350617,28.455964662350617,28.455964662350617,28.455964662350617,28.455964662350617,28.455964662350617,28.455964662350617,28.45543631675882,28.45543631675882,28.45543631675882,28.45543631675882,28.45543631675882,28.45543631675882,28.45543631675882,28.45543631675882,(1+1)-EA+CXM c=2.0 px=0.5|50|10|uniform|none|1|3
h7_tune,(1+1)-EA+CXM c=2.0 px=0.5,n50 m10 uniform none,50,10,uniform,none,1,4,20000,28.387133832233918,28.387133832233918,28.981955979858835,0.9608581066131592,28.464919218865774,28.464919218865774,15.796558369007238,20000,0.0027401634519202377,0.0027401634519202377,0.9821600460178609,0,0,1,0.079953997699885,0.0011000550027501375,0.003000150007500375,0.9159457972898645,2.6865843292164606,3.0,0.2225111255562778,0.28311415570778536,0.5021251062553128,0.005576578370842461,0.0,0.366,0.0,,28.77862543060378,28.545575675874726,28.516286620724433,28.506146833041534,28.482157017392403,28.482157017392403,28.470258953491935,28.464919218865774,28.464919218865774,28.464919218865774,28.464919218865774,28.464919218865774,28.464919218865774,28.464919218865774,28.464919218865774,28.464919218865774,28.464919218865774,28.464919218865774,28.464919218865774,28.464919218865774,(1+1)-EA+CXM c=2.0 px=0.5|50|10|uniform|none|1|4
h7_tune,(1+1)-EA+CXM c=2.0 px=0.5,n50 m10 uniform none,50,10,uniform,none,1,5,20000,28.387133832233918,28.387133832233918,28.981955979858835,0.9005837440490723,28.472459517856475,28.472459517856475,15.799071802004137,20000,0.0030057872741512475,0.0030057872741512475,0.9824202182089974,0,0,1,0.07630381519075954,0.0008000400020001,0.0025001250062503125,0.9203960198009901,2.6695834791739586,2.5,0.2088104405220261,0.34771738586929346,0.4997749887494375,0.004602301150575288,0.0,0.456,0.0,,28.558988132857458,28.53805644424873,28.529432494322297,28.516895467817083,28.516614930159474,28.495065992445937,28.47680562661013,28.47680562661013,28.47680562661013,28.472459517856475,28.472459517856475,28.472459517856475,28.472459517856475,28.472459517856475,28.472459517856475,28.472459517856475,28.472459517856475,28.472459517856475,28.472459517856475,28.472459517856475,(1+1)-EA+CXM c=2.0 px=0.5|50|10|uniform|none|1|5
h7_tune,(1+1)-EA+CXM c=2.0 px=0.5,n50 m10 uniform none,50,10,uniform,none,1,6,20000,28.387133832233918,28.387133832233918,28.981955979858835,0.8358581066131592,28.44869019093155,28.44869019093155,15.791148693029164,20000,0.0021684598051154753,0.0021684598051154753,0.981600075947328,0,0,1,0.08110405520276014,0.0011500575028751438,0.0029001450072503624,0.9148457422871143,2.672333616680834,2.9,0.23376168808440423,0.2858642932146607,0.4954747737386869,0.005752346351801393,0.0,0.306,0.0,,28.843626576722013,28.600490075823615,28.58914784165153,28.50462712179149,28.476291197388704,28.47040476255192,28.44869019093155,28.44869019093155,28.44869019093155,28.44869019093155,28.44869019093155,28.44869019093155,28.44869019093155,28.44869019093155,28.44869019093155,28.44869019093155,28.44869019093155,28.44869019093155,28.44869019093155,28.44869019093155,(1+1)-EA+CXM c=2.0 px=0.5|50|10|uniform|none|1|6
h7_tune,(1+1)-EA+CXM c=2.0 px=0.5,n50 m10 uniform none,50,10,uniform,none,1,7,20000,28.387133832233918,28.387133832233918,28.981955979858835,0.8439772129058838,28.441585102743048,28.441585102743048,15.788780330299662,20000,0.0019181672524930984,0.0019181672524930984,0.9813549203686831,0,0,1,0.08115405770288514,0.0009500475023751188,0.002750137506875344,0.9151457572878644,2.672183609180459,2.75,0.22706135306765338,0.3168658432921646,0.4926246312315616,0.005075111652456354,0.0,0.369,0.0,,29.082991905867036,28.58652929084528,28.532646341995274,28.463438270363902,28.463438270363902,28.463438270363902,28.443522652109305,28.441585102743048,28.441585102743048,28.441585102743048,28.441585102743048,28.441585102743048,28.441585102743048,28.441585102743048,28.441585102743048,28.441585102743048,28.441585102743048,28.441585102743048,28.441585102743048,28.441585102743048,(1+1)-EA+CXM c=2.0 px=0.5|50|10|uniform|none|1|7
h7_tune,(1+1)-EA+CXM c=2.0 px=0.5,n50 m10 uniform none,50,10,uniform,none,1,8,20000,28.387133832233918,28.387133832233918,28.981955979858835,0.8067619800567627,28.470870559926887,28.470870559926887,15.798542149360943,20000,0.002949812692885712,0.002949812692885712,0.9823653924432454,0,0,1,0.07930396519825991,0.00120006000300015,0.0031001550077503874,0.9163958197909895,2.6832841642082106,3.1,0.19370968548427422,0.28281414070703537,0.5008250412520626,0.005890575079872205,0.0003,0.603,0.0,,28.85216638833859,28.647328396528312,28.539024525738103,28.517459124817492,28.517459124817492,28.517459124817492,28.507141836966746,28.49963906180482,28.49963906180482,28.49963906180482,28.48719880262511,28.484249176439814,28.470870559926887,28.470870559926887,28.470870559926887,28.470870559926887,28.470870559926887,28.470870559926887,28.470870559926887,28.470870559926887,(1+1)-EA+CXM c=2.0 px=0.5|50|10|uniform|none|1|8
h7_tune,(1+1)-EA+CXM c=2.0 px=0.5,n50 m10 uniform none,50,10,uniform,none,1,9,20000,28.387133832233918,28.387133832233918,28.981955979858835,0.8246142864227295,28.43143327429763,28.43143327429763,15.785396387484523,20000,0.00156054649002317,0.00156054649002317,0.9810046393713455,0,0,1,0.07990399519975999,0.001400070003500175,0.0033001650082504124,0.9153957697884895,2.703835191759588,3.3,0.1808590429521476,0.3381669083454173,0.5024751237561879,0.006269280525425415,0.001,0.948,0.0,,29.015169965768393,28.562634046729322,28.527340769937226,28.518946107833717,28.506409081328503,28.506409081328503,28.506409081328503,28.506409081328503,28.506409081328503,28.506409081328503,28.506409081328503,28.487004450421466,28.475757977836594,28.44346518299472,28.44346518299472,28.43507052089121,28.43507052089121,28.43507052089121,28.43143327429763,28.43143327429763,(1+1)-EA+CXM c=2.0 px=0.5|50|10|uniform|none|1|9
h7_tune,(1+1)-EA+CXM c=2.0 px=1.0,n50 m10 uniform none,50,10,uniform,none,1,0,20000,28.387133832233918,28.387133832233918,28.981955979858835,1.0070490837097168,28.422466053419257,28.422466053419257,15.782407313858398,20000,0.001244656166915263,0.001244656166915263,0.9806952323428965,0,0,1,0.0001000050002500125,0.000600030001500075,0.003950197509875494,0.9953497674883744,3.576478823941197,3.95,0.1408070403520176,0.503925196259813,1.0,0.003950197509875494,0.0,0.288,0.0,,28.777171511897404,28.512180123862514,28.46686742209239,28.454946114266107,28.43500307992447,28.422466053419257,28.422466053419257,28.422466053419257,28.422466053419257,28.422466053419257,28.422466053419257,28.422466053419257,28.422466053419257,28.422466053419257,28.422466053419257,28.422466053419257,28.422466053419257,28.422466053419257,28.422466053419257,28.422466053419257,(1+1)-EA+CXM c=2.0 px=1.0|50|10|uniform|none|1|0
h7_tune,(1+1)-EA+CXM c=2.0 px=1.0,n50 m10 uniform none,50,10,uniform,none,1,1,20000,28.387133832233918,28.387133832233918,28.981955979858835,0.9827873706817627,28.43869820177323,28.43869820177323,15.78781802997639,20000,0.0018164697374541499,0.0018164697374541499,0.9812553100811021,0,0,1,0.000200010000500025,0.00045002250112505623,0.0025001250062503125,0.9968498424921246,3.5957797889894496,2.5,0.1401570078503925,0.3970198509925496,1.0,0.0025001250062503125,0.0,0.333,0.0,,28.53307629213337,28.53307629213337,28.50442639525867,28.454322466180823,28.454322466180823,28.454322466180823,28.43869820177323,28.43869820177323,28.43869820177323,28.43869820177323,28.43869820177323,28.43869820177323,28.43869820177323,28.43869820177323,28.43869820177323,28.43869820177323,28.43869820177323,28.43869820177323,28.43869820177323,28.43869820177323,(1+1)-EA+CXM c=2.0 px=1.0|50|10|uniform|none|1|1
h7_tune,(1+1)-EA+CXM c=2.0 px=1.0,n50 m10 uniform none,50,10,uniform,none,1,2,20000,28.387133832233918,28.387133832233918,28.981955979858835,0.9715225696563721,28.444359795813074,28.444359795813074,15.789705227989673,20000,0.00201591199440417,0.00201591199440417,0.9814506590093723,0,0,1,0.00015000750037501875,0.0007000350017500875,0.0032001600080004,0.9959497974898744,3.5873293664683232,3.2,0.1641582079103955,0.5207760388019401,1.0,0.0032001600080004,0.0,0.135,0.0,,28.598737789614706,28.464302830154708,28.444359795813074,28.444359795813074,28.444359795813074,28.444359795813074,28.444359795813074,28.444359795813074,28.444359795813074,28.444359795813074,28.444359795813074,28.444359795813074,28.444359795813074,28.444359795813074,28.444359795813074,28.444359795813074,28.444359795813074,28.444359795813074,28.444359795813074,28.444359795813074,(1+1)-EA+CXM c=2.0 px=1.0|50|10|uniform|none|1|2
h7_tune,(1+1)-EA+CXM c=2.0 px=1.0,n50 m10 uniform none,50,10,uniform,none,1,3,20000,28.387133832233918,28.387133832233918,28.981955979858835,0.991769552230835,28.443383285157456,28.443383285157456,15.789379724437797,20000,0.0019815122321248965,0.0019815122321248965,0.9814169652636398,0,0,1,0.0005000250012500625,0.00025001250062503126,0.0027001350067503375,0.9965498274913746,3.5612780639031953,2.7,0.1536076803840192,0.4510725536276814,1.0,0.0027001350067503375,0.0,0.204,0.0,,28.58481016763524,28.456782510611372,28.444748280427635,28.444748280427635,28.443383285157456,28.443383285157456,28.443383285157456,28.443383285157456,28.443383285157456,28.443383285157456,28.443383285157456,28.443383285157456,28.443383285157456,28.443383285157456,28.443383285157456,28.443383285157456,28.443383285157456,28.443383285157456,28.443383285157456,28.443383285157456,(1+1)-EA+CXM c=2.0 px=1.0|50|10|uniform|none|1|3
h7_tune,(1+1)-EA+CXM c=2.0 px=1.0,n50 m10 uniform none,50,10,uniform,none,1,4,20000,28.387133832233918,28.387133832233918,28.981955979858835,1.0799970626831055,28.4484391103274,28.4484391103274,15.791064999494447,20000,0.0021596149317430796,0.0021596149317430796,0.9815914126050634,0,0,1,0.00015000750037501875,0.00045002250112505623,0.0029001450072503624,0.9964998249912496,3.5820791039551976,2.9,0.16450822541127055,0.34436721836091805,1.0,0.0029001450072503624,0.0,0.09,0.0,,28.564834940199287,28.4484391103274,28.4484391103274,28.4484391103274,28.4484391103274,28.4484391103274,28.4484391103274,28.4484391103274,28.4484391103274,28.4484391103274,28.4484391103274,28.4484391103274,28.4484391103274,28.4484391103274,28.4484391103274,28.4484391103274,28.4484391103274,28.4484391103274,28.4484391103274,28.4484391103274,(1+1)-EA+CXM c=2.0 px=1.0|50|10|uniform|none|1|4
h7_tune,(1+1)-EA+CXM c=2.0 px=1.0,n50 m10 uniform none,50,10,uniform,none,1,5,20000,28.387133832233918,28.387133832233918,28.981955979858835,1.0608248710632324,28.45822599255924,28.45822599255924,15.794327293571728,20000,0.002504379651199418,0.002504379651199418,0.9819291014152542,0,0,1,0.0001000050002500125,0.0005000250012500625,0.0029001450072503624,0.9964998249912496,3.578928946447322,2.9,0.14340717035851794,0.5065753287664383,1.0,0.0029001450072503624,0.0,0.285,0.0,,28.62550957712851,28.606674228020314,28.491912370977083,28.487204323133504,28.463576446574294,28.45822599255924,28.45822599255924,28.45822599255924,28.45822599255924,28.45822599255924,28.45822599255924,28.45822599255924,28.45822599255924,28.45822599255924,28.45822599255924,28.45822599255924,28.45822599255924,28.45822599255924,28.45822599255924,28.45822599255924,(1+1)-EA+CXM c=2.0 px=1.0|50|10|uniform|none|1|5
h7_tune,(1+1)-EA+CXM c=2.0 px=1.0,n50 m10 uniform none,50,10,uniform,none,1,6,20000,28.387133832233918,28.387133832233918,28.981955979858835,1.0552875995635986,28.428315690657506,28.428315690657506,15.784357192937815,20000,0.0014507226642524104,0.0014507226642524104,0.980897069556448,0,0,1,0.00015000750037501875,0.0005500275013750688,0.0037001850092504623,0.9955997799889994,3.578578928946447,3.7,0.14095704785239263,0.407920396019801,1.0,0.0037001850092504623,0.0,0.273,0.0,,28.571570337792362,28.484486090298905,28.465735294919764,28.451423117313375,28.44036956536067,28.428315690657506,28.428315690657506,28.428315690657506,28.428315690657506,28.428315690657506,28.428315690657506,28.428315690657506,28.428315690657506,28.428315690657506,28.428315690657506,28.428315690657506,28.428315690657506,28.428315690657506,28.428315690657506,28.428315690657506,(1+1)-EA+CXM c=2.0 px=1.0|50|10|uniform|none|1|6
h7_tune,(1+1)-EA+CXM c=2.0 px=1.0,n50 m10 uniform none,50,10,uniform,none,1,7,20000,28.387133832233918,28.387133832233918,28.981955979858835,1.0399701595306396,28.490242054194834,28.490242054194834,15.804999314116925,20000,0.003632216713750632,0.003632216713750632,0.9830337908867945,0,0,1,0.0,0.0005500275013750688,0.002750137506875344,0.9966998349917496,3.575478773938697,2.75,0.16440822041102054,0.3947197359867993,1.0,0.002750137506875344,0.0,0.087,0.0,,28.637634496489603,28.490242054194834,28.490242054194834,28.490242054194834,28.490242054194834,28.490242054194834,28.490242054194834,28.490242054194834,28.490242054194834,28.490242054194834,28.490242054194834,28.490242054194834,28.490242054194834,28.490242054194834,28.490242054194834,28.490242054194834,28.490242054194834,28.490242054194834,28.490242054194834,28.490242054194834,(1+1)-EA+CXM c=2.0 px=1.0|50|10|uniform|none|1|7
h7_tune,(1+1)-EA+CXM c=2.0 px=1.0,n50 m10 uniform none,50,10,uniform,none,1,8,20000,28.387133832233918,28.387133832233918,28.981955979858835,1.0438835620880127,28.46973698989709,28.46973698989709,15.798164292684344,20000,0.002909880164420658,0.002909880164420658,0.9823262794851488,0,0,1,0.00040002000100005,0.00040002000100005,0.0028501425071253564,0.9963498174908746,3.574428721436072,2.85,0.16185809290464523,0.447722386119306,1.0,0.0028501425071253564,0.0,0.153,0.0,,28.533144083633452,28.493726805546217,28.487836198469196,28.46973698989709,28.46973698989709,28.46973698989709,28.46973698989709,28.46973698989709,28.46973698989709,28.46973698989709,28.46973698989709,28.46973698989709,28.46973698989709,28.46973698989709,28.46973698989709,28.46973698989709,28.46973698989709,28.46973698989709,28.46973698989709,28.46973698989709,(1+1)-EA+CXM c=2.0 px=1.0|50|10|uniform|none|1|8
h7_tune,(1+1)-EA+CXM c=2.0 px=1.0,n50 m10 uniform none,50,10,uniform,none,1,9,20000,28.387133832233918,28.387133832233918,28.981955979858835,1.0410065650939941,28.450901380702145,28.450901380702145,15.791885756286028,20000,0.0022463538885288533,0.0022463538885288533,0.9816763713420258,0,0,1,0.00035001750087504374,0.00035001750087504374,0.0029001450072503624,0.9963998199909996,3.5942797139856992,2.9,0.1383569178458923,0.43297164858242915,1.0,0.0029001450072503624,0.0,0.39,0.0,,28.555111314086172,28.487748106240716,28.487748106240716,28.46699852658979,28.46699852658979,28.46699852658979,28.4552474894558,28.450901380702145,28.450901380702145,28.450901380702145,28.450901380702145,28.450901380702145,28.450901380702145,28.450901380702145,28.450901380702145,28.450901380702145,28.450901380702145,28.450901380702145,28.450901380702145,28.450901380702145,(1+1)-EA+CXM c=2.0 px=1.0|50|10|uniform|none|1|9
