exp,algo,scenario,change,n,m0,seed,budget0,budget,runtime_s,epoch0_gap,post_gap,post_auc,post_ratio_mm,migrations,migr_frac,forced,post_cost_gap,mig_lambda,e0_type,e0_gap,e0_auc,e0_mig,e1_type,e1_gap,e1_auc,e1_mig,e2_type,e2_gap,e2_auc,e2_mig,e3_type,e3_gap,e3_auc,e3_mig,e4_type,e4_gap,e4_auc,e4_mig,e5_type,e5_gap,e5_auc,e5_mig,e6_type,e6_gap,e6_auc,e6_mig,e7_type,e7_gap,e7_auc,e7_mig,e8_type,e8_gap,e8_auc,e8_mig,key
h11_event_elite,Chooser (cheaper of the two),n100 m10 churn20 lam=0.05,churn,100,10,401,20000,4000,0.04721522331237793,0.009018810988076865,0.021340167221012396,0.021340167221012396,1.0119779232381496,0.0,0.0,0.0,0.021340167221012396,0.05,,0.009018810988076865,0.009018810988076865,0,churn,0.00865051805252083,0.00865051805252083,0,churn,0.015219503425591484,0.015219503425591484,0,churn,0.015269498817744389,0.015269498817744389,0,churn,0.051042193058510724,0.051042193058510724,0,churn,0.01800154909747406,0.01800154909747406,0,churn,0.012999807095372365,0.012999807095372365,0,churn,0.02133292402709242,0.02133292402709242,0,churn,0.02820534419379287,0.02820534419379287,0,Chooser (cheaper of the two)|n100 m10 churn20 lam=0.05|401
h11_event_elite,Chooser (cheaper of the two),n100 m10 churn20 lam=0.05,churn,100,10,402,20000,4000,0.02291703224182129,0.009332960487053916,0.015079165243239415,0.020764848567536555,1.005085176018311,9.0,0.1125,0.0,0.020764848567536555,0.05,,0.009332960487053916,0.009332960487053916,0,churn,0.013382897286135346,0.013382897286135346,0,churn,0.010788146541715529,0.056273613136092665,72,churn,0.016592729133548433,0.016592729133548433,0,churn,0.013381320005411396,0.013381320005411396,0,churn,0.010974025536436987,0.010974025536436987,0,churn,0.02101294999451968,0.02101294999451968,0,churn,0.01977568614364916,0.01977568614364916,0,churn,0.014725567304498784,0.014725567304498784,0,Chooser (cheaper of the two)|n100 m10 churn20 lam=0.05|402
h11_event_elite,Chooser (cheaper of the two),n100 m10 churn20 lam=0.05,churn,100,10,403,20000,4000,0.027380943298339844,0.009608071846750561,0.016225647457229368,0.016225647457229368,1.008957730686514,0.0,0.0,0.0,0.016225647457229368,0.05,,0.009608071846750561,0.009608071846750561,0,churn,0.01174853123461784,0.01174853123461784,0,churn,0.020980976684208362,0.020980976684208362,0,churn,0.014537264396589072,0.014537264396589072,0,churn,0.022508313941682415,0.022508313941682415,0,churn,0.02347231561512411,0.02347231561512411,0,churn,0.010850534826272374,0.010850534826272374,0,churn,0.009067491869504497,0.009067491869504497,0,churn,0.016639751089836268,0.016639751089836268,0,Chooser (cheaper of the two)|n100 m10 churn20 lam=0.05|403
h11_event_elite,Chooser (cheaper of the two),n100 m10 churn20 lam=0.05,churn,100,10,404,20000,4000,0.023991107940673828,0.007268534893747241,0.018489141612742652,0.018489141612742652,1.010521783154151,0.0,0.0,0.0,0.018489141612742652,0.05,,0.007268534893747241,0.007268534893747241,0,churn,0.014477643440992822,0.014477643440992822,0,churn,0.01656832619701702,0.01656832619701702,0,churn,0.009925278696386751,0.009925278696386751,0,churn,0.010123627379986715,0.010123627379986715,0,churn,0.020355844518655908,0.020355844518655908,0,churn,0.0290867862118097,0.0290867862118097,0,churn,0.006229574834257916,0.006229574834257916,0,churn,0.04114605162283439,0.04114605162283439,0,Chooser (cheaper of the two)|n100 m10 churn20 lam=0.05|404
h11_event_elite,Chooser (cheaper of the two),n100 m10 churn20 lam=0.05,churn,100,10,405,20000,4000,0.02426290512084961,0.007320026947820328,0.01790999320687757,0.01790999320687757,1.0122924183457576,0.0,0.0,0.0,0.01790999320687757,0.05,,0.007320026947820328,0.007320026947820328,0,churn,0.022157336266939793,0.022157336266939793,0,churn,0.012502289200503978,0.012502289200503978,0,churn,0.023073340612227013,0.023073340612227013,0,churn,0.017070276098592446,0.017070276098592446,0,churn,0.011754427866936628,0.011754427866936628,0,churn,0.00948352642636086,0.00948352642636086,0,churn,0.008899664168881648,0.008899664168881648,0,churn,0.038339085014578195,0.038339085014578195,0,Chooser (cheaper of the two)|n100 m10 churn20 lam=0.05|405
h11_event_elite,Chooser (cheaper of the two),n100 m10 churn20 lam=0.05,churn,100,10,406,20000,4000,0.024590492248535156,0.00933626783458608,0.016974907904978173,0.016974907904978173,1.008201158657251,0.0,0.0,0.0,0.016974907904978173,0.05,,0.00933626783458608,0.00933626783458608,0,churn,0.015357026355430292,0.015357026355430292,0,churn,0.03701478847057416,0.03701478847057416,0,churn,0.026529339058484917,0.026529339058484917,0,churn,0.009123833558866597,0.009123833558866597,0,churn,0.008275861882821317,0.008275861882821317,0,churn,0.015106943696045805,0.015106943696045805,0,churn,0.015260460515142222,0.015260460515142222,0,churn,0.009131009702460084,0.009131009702460084,0,Chooser (cheaper of the two)|n100 m10 churn20 lam=0.05|406
h11_event_elite,Chooser (cheaper of the two),n100 m10 churn20 lam=0.05,churn,100,10,407,20000,4000,0.023336410522460938,0.01446466589151278,0.018584055074712245,0.02434167427789761,1.0077186752863572,9.125,0.1140625,0.0,0.02434167427789761,0.05,,0.01446466589151278,0.01446466589151278,0,churn,0.024958738997734015,0.024958738997734015,0,churn,0.009555147955789262,0.055616101581272136,73,churn,0.013769622751717666,0.013769622751717666,0,churn,0.018636472788373295,0.018636472788373295,0,churn,0.029334982365668852,0.029334982365668852,0,churn,0.022930587925873738,0.022930587925873738,0,churn,0.015253741646675485,0.015253741646675485,0,churn,0.014233146165865655,0.014233146165865655,0,Chooser (cheaper of the two)|n100 m10 churn20 lam=0.05|407
h11_event_elite,Chooser (cheaper of the two),n100 m10 churn20 lam=0.05,churn,100,10,408,20000,4000,0.024686336517333984,0.007860113968795789,0.018575318696058246,0.018575318696058246,1.01001859660208,0.0,0.0,0.0,0.018575318696058246,0.05,,0.007860113968795789,0.007860113968795789,0,churn,0.026178265204131176,0.026178265204131176,0,churn,0.013976939934346308,0.013976939934346308,0,churn,0.018524232555911707,0.018524232555911707,0,churn,0.02115652340355273,0.02115652340355273,0,churn,0.01345083200155876,0.01345083200155876,0,churn,0.014012989547418538,0.014012989547418538,0,churn,0.01731092077245366,0.01731092077245366,0,churn,0.023991846149093103,0.023991846149093103,0,Chooser (cheaper of the two)|n100 m10 churn20 lam=0.05|408
h11_event_elite,Chooser (cheaper of the two),n100 m10 churn20 lam=0.05,churn,100,10,409,20000,4000,0.022732257843017578,0.007106482787213532,0.014960837017764125,0.014960837017764125,1.0053264157292459,0.0,0.0,0.0,0.014960837017764125,0.05,,0.007106482787213532,0.007106482787213532,0,churn,0.014822085005365618,0.014822085005365618,0,churn,0.013627652953436405,0.013627652953436405,0,churn,0.018397073231365375,0.018397073231365375,0,churn,0.010618279647797421,0.010618279647797421,0,churn,0.014272903131583836,0.014272903131583836,0,churn,0.016074647936257118,0.016074647936257118,0,churn,0.011741789318515519,0.011741789318515519,0,churn,0.020132264917791704,0.020132264917791704,0,Chooser (cheaper of the two)|n100 m10 churn20 lam=0.05|409
h11_event_elite,Chooser (cheaper of the two),n100 m10 churn20 lam=0.05,churn,100,10,410,20000,4000,0.023743629455566406,0.007534436806778124,0.023751037735741,0.023751037735741,1.015288073439211,0.0,0.0,0.0,0.023751037735741,0.05,,0.007534436806778124,0.007534436806778124,0,churn,0.012792121504870902,0.012792121504870902,0,churn,0.02040946604935638,0.02040946604935638,0,churn,0.02995786319111058,0.02995786319111058,0,churn,0.035058171730904766,0.035058171730904766,0,churn,0.04126163893953514,0.04126163893953514,0,churn,0.019576647221130044,0.019576647221130044,0,churn,0.019682997082178192,0.019682997082178192,0,churn,0.011269396166841965,0.011269396166841965,0,Chooser (cheaper of the two)|n100 m10 churn20 lam=0.05|410
h11_event_elite,QI-MRFO+CXM continue,n100 m10 churn20 lam=0.05,churn,100,10,401,20000,4000,7.255414009094238,0.0006964543523931145,0.0040328066730679415,0.03949589553921329,0.9948300488858453,35.75,0.446875,0.0,0.026465189252944853,0.05,,0.0006964543523931145,0.02062065328981568,0,churn,0.0030011417907883824,0.033915666495135034,33,churn,0.005362051333979085,0.03668788181035883,39,churn,0.0011663996780731148,0.04376176091647549,42,churn,0.0061060728334905254,0.04986772105642689,34,churn,0.005255457794445386,0.04608532925223258,35,churn,0.004271404430706672,0.03287351839722704,30,churn,0.005036321594800509,0.036782952242461996,36,churn,0.002063603928259861,0.035992334143388455,37,QI-MRFO+CXM continue|n100 m10 churn20 lam=0.05|401
h11_event_elite,QI-MRFO+CXM continue,n100 m10 churn20 lam=0.05,churn,100,10,402,20000,4000,7.360063314437866,0.0010080168741667527,0.0054075983407046125,0.035961080495532524,0.995505877381084,31.25,0.390625,0.0,0.025044418060658526,0.05,,0.0010080168741667527,0.005665959367311206,0,churn,0.005388377674358832,0.03313210756339223,30,churn,0.004676635980904974,0.03234351644908041,30,churn,0.0031032261058999665,0.03606576783160862,32,churn,0.00413809848909454,0.03599308324609069,29,churn,0.012031896278018317,0.03577215631182109,30,churn,0.004857857926950387,0.03316310434766119,32,churn,0.005298371298096441,0.053435416144006626,40,churn,0.0037663229723134406,0.02778349207059931,27,QI-MRFO+CXM continue|n100 m10 churn20 lam=0.05|402
h11_event_elite,QI-MRFO+CXM continue,n100 m10 churn20 lam=0.05,churn,100,10,403,20000,4000,6.795363664627075,0.0006038824825794654,0.0032847150996465585,0.0355306498876693,0.9961046669939007,34.0,0.42500000000000004,0.0,0.024603019955166006,0.05,,0.0006038824825794654,0.01101827496088413,0,churn,0.0051656426850479,0.03026822508664613,30,churn,0.0020672758924282475,0.04532199626325327,41,churn,0.004118769677292723,0.03449872521051781,34,churn,0.0019108574616778053,0.036515824593943626,31,churn,0.0028336027839211625,0.03908466658831347,36,churn,0.006328980863212637,0.0368459472573803,32,churn,0.0020389899258628935,0.030299496613630256,33,churn,0.0018136015077290977,0.031410317487669495,35,QI-MRFO+CXM continue|n100 m10 churn20 lam=0.05|403
h11_event_elite,QI-MRFO+CXM continue,n100 m10 churn20 lam=0.05,churn,100,10,404,20000,4000,6.911567449569702,0.0008216951124264346,0.0035757801936539377,0.03637427865453939,0.9957165192764901,34.25,0.428125,0.0,0.025058461471698816,0.05,,0.0008216951124264346,0.007337636637814061,0,churn,0.0034071228460923622,0.039520583104759484,32,churn,0.0044974811965838414,0.046624490912039136,36,churn,0.004499475089867445,0.029472391784333127,31,churn,0.004201617383027888,0.028856580801495012,26,churn,0.0025590975534078328,0.0271595717452391,28,churn,0.00122160594848047,0.04184501178590729,41,churn,0.0051253068188363326,0.043711974308460286,44,churn,0.003094534712935328,0.033803624794081694,36,QI-MRFO+CXM continue|n100 m10 churn20 lam=0.05|404
h11_event_elite,QI-MRFO+CXM continue,n100 m10 churn20 lam=0.05,churn,100,10,405,20000,4000,6.856843709945679,0.0005619953188864004,0.0037101865083365056,0.033176297186658425,0.9981775880912894,31.5,0.39375000000000004,0.0,0.02346848137677581,0.05,,0.0005619953188864004,0.019383608402145334,0,churn,0.0036473859432459466,0.05262414586561511,47,churn,0.0029166390507406868,0.027951664612493873,26,churn,0.007195985108241322,0.031058969742583733,25,churn,0.0015824219435899196,0.03218752823822383,34,churn,0.004332595967528372,0.031722632363793184,28,churn,0.003973482213072953,0.02531424284164511,26,churn,0.002266009808421731,0.03226558411649476,32,churn,0.00376697203185111,0.03228560971241784,34,QI-MRFO+CXM continue|n100 m10 churn20 lam=0.05|405
h11_event_elite,QI-MRFO+CXM continue,n100 m10 churn20 lam=0.05,churn,100,10,406,20000,4000,7.002110958099365,0.00043881550914861303,0.004712422774515269,0.04382657762278819,0.9960388595472982,36.125,0.4515625,0.0,0.027397648680629196,0.05,,0.00043881550914861303,0.02156546017113554,0,churn,0.0041050211764096355,0.03442799242503153,35,churn,0.005876841929201827,0.06838389996224051,41,churn,0.004580092984380577,0.06016282559712706,42,churn,0.00452412262000728,0.04120539889504605,38,churn,0.004943845333357999,0.040189246512637576,33,churn,0.005626370194128542,0.0375465327220978,35,churn,0.004536105610459857,0.03393543440194281,33,churn,0.003506982348176425,0.03476129046618213,32,QI-MRFO+CXM continue|n100 m10 churn20 lam=0.05|406
h11_event_elite,QI-MRFO+CXM continue,n100 m10 churn20 lam=0.05,churn,100,10,407,20000,4000,6.833148717880249,0.0007947279982161694,0.003270125338094805,0.03977445153713839,0.9925719099474681,36.25,0.453125,0.0,0.025999471400577883,0.05,,0.0007947279982161694,0.013411488746943015,0,churn,0.004716418450939664,0.04480897036245704,40,churn,0.0032586140628071917,0.026968313954236472,27,churn,0.004726814251658787,0.03590802320370898,36,churn,0.0037299513032648347,0.04775205099112561,36,churn,0.002982236105783063,0.045642972708647436,37,churn,0.003066593543625117,0.03727791038688004,32,churn,0.001357949324265639,0.04149657510208952,46,churn,0.0023224256624141426,0.03834079558796203,36,QI-MRFO+CXM continue|n100 m10 churn20 lam=0.05|407
h11_event_elite,QI-MRFO+CXM continue,n100 m10 churn20 lam=0.05,churn,100,10,408,20000,4000,6.710576057434082,0.00101189805004771,0.004340180396443812,0.042749389947803425,0.9959047884407547,37.5,0.46875,0.0,0.02788065291775944,0.05,,0.00101189805004771,0.014891943669681598,0,churn,0.005148264275272408,0.045201022484695604,41,churn,0.004669629724255041,0.041260980104724856,40,churn,0.002671365672006578,0.03596964060238356,29,churn,0.006770728823332597,0.03795136288056049,34,churn,0.0038962788035612366,0.030399886006101103,29,churn,0.004348466528615068,0.05158464496619776,47,churn,0.002799419900544396,0.041122317741842634,36,churn,0.00441728944396317,0.05850526479592138,44,QI-MRFO+CXM continue|n100 m10 churn20 lam=0.05|408
h11_event_elite,QI-MRFO+CXM continue,n100 m10 churn20 lam=0.05,churn,100,10,409,20000,4000,6.685463905334473,0.0004398436053348557,0.0043170564858802715,0.03959743911887213,0.9947852905967258,36.375,0.4546875,0.0,0.027144033125864137,0.05,,0.0004398436053348557,0.00859590819914176,0,churn,0.003024415541848539,0.03712361961410647,37,churn,0.0037264503085049374,0.046270238488838746,41,churn,0.0010372033012598864,0.04301954457044774,41,churn,0.003164724063595291,0.036203873222241806,37,churn,0.006226668783481336,0.04289216754755001,31,churn,0.008808546804165426,0.03376778866738322,29,churn,0.005883856916920447,0.03942864172001522,35,churn,0.00266458616726631,0.03807363912039381,40,QI-MRFO+CXM continue|n100 m10 churn20 lam=0.05|409
h11_event_elite,QI-MRFO+CXM continue,n100 m10 churn20 lam=0.05,churn,100,10,410,20000,4000,6.658590316772461,0.0005543305277006976,0.0038872772591212372,0.038916766043388555,0.9955856981762274,36.5,0.45625000000000004,0.0,0.02678832964082317,0.05,,0.0005543305277006976,0.012170506241167759,0,churn,0.004352577475169104,0.026786295089338705,25,churn,0.00544423519313219,0.04611764943749905,32,churn,0.004241266484681673,0.049035487348290524,44,churn,0.004553585503653302,0.04288089706544947,45,churn,0.004895776235922117,0.03472637727912589,33,churn,0.004235974183194977,0.04505941437862702,44,churn,0.0012673450743703862,0.03965876507595181,41,churn,0.0021074579228461455,0.027069242672825972,28,QI-MRFO+CXM continue|n100 m10 churn20 lam=0.05|410
h11_event_elite,QI-MRFO+CXM continue+elite,n100 m10 churn20 lam=0.05,churn,100,10,401,20000,4000,7.572091579437256,0.0006964543523931145,0.004120142879978489,0.02586882579718947,0.9949167311039124,25.0,0.3125,0.0,0.019811560514168852,0.05,,0.0006964543523931145,0.02062065328981568,0,churn,0.0030011417907883824,0.033915666495135034,33,churn,0.005139315137271709,0.038074658698716006,41,churn,0.005573556080250137,0.024975973215870056,24,churn,0.0028270948831637974,0.01506356128614729,13,churn,0.0023190620982150483,0.01888625176029471,21,churn,0.004099473872172795,0.02295691210989512,22,churn,0.00523958162948807,0.027707534365537415,25,churn,0.004761917548477972,0.025370048445920126,21,QI-MRFO+CXM continue+elite|n100 m10 churn20 lam=0.05|401
h11_event_elite,QI-MRFO+CXM continue+elite,n100 m10 churn20 lam=0.05,churn,100,10,402,20000,4000,6.931869268417358,0.0010080168741667527,0.00510838441880655,0.028884890041169644,0.995209452573449,25.875,0.3234375,0.0,0.021358096750093793,0.05,,0.0010080168741667527,0.005665959367311206,0,churn,0.008039727060574271,0.021898736472129907,16,churn,0.00725938221927206,0.04160277615769336,30,churn,0.003585243378171168,0.02748666705794855,29,churn,0.006236406718367216,0.02143860074940718,19,churn,0.004165121727241219,0.03325853124930032,32,churn,0.0024859941193754328,0.029140590336163227,29,churn,0.005448598359597454,0.022887393405219437,18,churn,0.0036466017678535756,0.033365824901495186,34,QI-MRFO+CXM continue+elite|n100 m10 churn20 lam=0.05|402
h11_event_elite,QI-MRFO+CXM continue+elite,n100 m10 churn20 lam=0.05,churn,100,10,403,20000,4000,6.6906983852386475,0.0006038824825794654,0.007183017665333769,0.03025978868544491,0.9999783843992527,25.625,0.3203125,0.0,0.023307177721556237,0.05,,0.0006038824825794654,0.01101827496088413,0,churn,0.013886656268695514,0.03586218345900591,21,churn,0.003410298392644432,0.035159761735186826,34,churn,0.005588694164573327,0.03549418138535815,37,churn,0.0040670352919880285,0.019324031062309767,21,churn,0.0072197058931772005,0.04070651540555843,35,churn,0.005356974624178125,0.022908752085899993,19,churn,0.0060955814698414315,0.02197040992307939,20,churn,0.011839195217572086,0.030652474427160795,18,QI-MRFO+CXM continue+elite|n100 m10 churn20 lam=0.05|403
h11_event_elite,QI-MRFO+CXM continue+elite,n100 m10 churn20 lam=0.05,churn,100,10,404,20000,4000,6.830496549606323,0.0008216951124264346,0.00540855955434333,0.03375948478914109,0.9975356415970811,29.875,0.3734375,0.0,0.024182539536039886,0.05,,0.0008216951124264346,0.007337636637814061,0,churn,0.0039618530154869516,0.03221858885630983,28,churn,0.003587873477282332,0.04254151034377517,39,churn,0.009472970025347381,0.041709929435826625,34,churn,0.006134319727404221,0.030951538719014852,23,churn,0.006242391264617879,0.03187719876391175,25,churn,0.0059759887319585005,0.034248374776847425,33,churn,0.005282384261353289,0.03409371995136603,34,churn,0.0026106959312960864,0.022435017466077012,23,QI-MRFO+CXM continue+elite|n100 m10 churn20 lam=0.05|404
h11_event_elite,QI-MRFO+CXM continue+elite,n100 m10 churn20 lam=0.05,churn,100,10,405,20000,4000,6.919091463088989,0.0005619953188864004,0.005434676184249774,0.03357704189947158,0.9998916579668259,29.375,0.3671875,0.0,0.023885702925555467,0.05,,0.0005619953188864004,0.019383608402145334,0,churn,0.0033924987449623937,0.04078882263210702,36,churn,0.010395038266753776,0.027457262799601704,18,churn,0.005531521867076709,0.03146855235909302,26,churn,0.0025139854967673255,0.04580025024623637,47,churn,0.004244360462618241,0.025509898630154793,21,churn,0.004117475014547347,0.025646739194724523,22,churn,0.005287911307007739,0.03739355114629688,36,churn,0.007994618314264658,0.034551258187558345,29,QI-MRFO+CXM continue+elite|n100 m10 churn20 lam=0.05|405
h11_event_elite,QI-MRFO+CXM continue+elite,n100 m10 churn20 lam=0.05,churn,100,10,406,20000,4000,7.072127342224121,0.00043881550914861303,0.005007500002182038,0.0280141599705402,0.9963314032561893,24.0,0.30000000000000004,0.0,0.02007679095498633,0.05,,0.00043881550914861303,0.02156546017113554,0,churn,0.007172757949074299,0.02350388386351196,17,churn,0.007994841368840391,0.01986104802777879,15,churn,0.0045270074901429406,0.023054490716399593,21,churn,0.0021981486783654866,0.05368019112842066,47,churn,0.004704685841430365,0.028075632822382166,25,churn,0.006539997888359705,0.030712073541939416,29,churn,0.003953705715010751,0.0252535964835819,27,churn,0.002968855086232365,0.01997236318030711,11,QI-MRFO+CXM continue+elite|n100 m10 churn20 lam=0.05|406
h11_event_elite,QI-MRFO+CXM continue+elite,n100 m10 churn20 lam=0.05,churn,100,10,407,20000,4000,6.493698358535767,0.0007947279982161694,0.004277456454810532,0.031054381789736636,0.9935701655388882,30.125,0.3765625,0.0,0.023182970246310327,0.05,,0.0007947279982161694,0.013411488746943015,0,churn,0.0033038878268202092,0.030693249810664416,33,churn,0.008766473990864809,0.028283414573749475,21,churn,0.0031073420890318807,0.034908528518986535,38,churn,0.002997189008923576,0.024914675750370027,24,churn,0.0033231622021200145,0.039468400339908304,35,churn,0.00385642502732061,0.030007418979758477,30,churn,0.0036424048457928525,0.02345804436093212,24,churn,0.005222766647610304,0.036701321983523716,36,QI-MRFO+CXM continue+elite|n100 m10 churn20 lam=0.05|407
h11_event_elite,QI-MRFO+CXM continue+elite,n100 m10 churn20 lam=0.05,churn,100,10,408,20000,4000,6.819056749343872,0.00101189805004771,0.004943703171919367,0.030431740998161552,0.9965033732986848,28.125,0.3515625,0.0,0.022603572464919043,0.05,,0.00101189805004771,0.014891943669681598,0,churn,0.004014633315929377,0.03537493137558654,33,churn,0.00516346580872344,0.03314004788137696,28,churn,0.004209916742382582,0.03244873996123244,30,churn,0.003562655386439382,0.01408890336474608,13,churn,0.003572285407545804,0.040103738661174344,40,churn,0.00504866939060085,0.037305072367023,35,churn,0.0038151537056060367,0.0284473575261732,30,churn,0.01016284561812746,0.022545136847979857,16,QI-MRFO+CXM continue+elite|n100 m10 churn20 lam=0.05|408
h11_event_elite,QI-MRFO+CXM continue+elite,n100 m10 churn20 lam=0.05,churn,100,10,409,20000,4000,6.585160255432129,0.0004398436053348557,0.004739665833866001,0.03229758400432445,0.9952062768470894,30.625,0.3828125,0.0,0.02396999874205575,0.05,,0.0004398436053348557,0.00859590819914176,0,churn,0.004740057998579213,0.03401932004450804,30,churn,0.0037423266677849135,0.02575944687224632,22,churn,0.003910451630880176,0.024587860089178886,26,churn,0.008351617457047537,0.02937980100144356,27,churn,0.0057273000919738845,0.034426688992760156,31,churn,0.004282365219119844,0.03442460558730204,34,churn,0.0031456148093185208,0.03462482891345211,32,churn,0.004017592796223918,0.041158120533704476,43,QI-MRFO+CXM continue+elite|n100 m10 churn20 lam=0.05|409
h11_event_elite,QI-MRFO+CXM continue+elite,n100 m10 churn20 lam=0.05,churn,100,10,410,20000,4000,7.051825523376465,0.0005543305277006976,0.0038312512897685064,0.024839481636292515,0.9955309246089401,23.125,0.2890625,0.0,0.018340591240500678,0.05,,0.0005543305277006976,0.012170506241167759,0,churn,0.0054217641073340634,0.025995621472576426,21,churn,0.00443798914734218,0.03208978533465453,31,churn,0.0031970347121342163,0.024710021763120652,25,churn,0.0019400573451853345,0.01363231963220933,15,churn,0.0034430764634519957,0.022106264214347835,22,churn,0.004785618314679482,0.023554077434525707,18,churn,0.0041648937806172594,0.030003310785630136,27,churn,0.003259576447403517,0.026624452453275497,26,QI-MRFO+CXM continue+elite|n100 m10 churn20 lam=0.05|410
h11_event_elite,QI-MRFO+CXM continue+event-aware elite,n100 m10 churn20 lam=0.05,churn,100,10,401,20000,4000,7.572720289230347,0.0006964543523931145,0.004120142879978489,0.02586882579718947,0.9949167311039124,25.0,0.3125,0.0,0.019811560514168852,0.05,,0.0006964543523931145,0.02062065328981568,0,churn,0.0030011417907883824,0.033915666495135034,33,churn,0.005139315137271709,0.038074658698716006,41,churn,0.005573556080250137,0.024975973215870056,24,churn,0.0028270948831637974,0.01506356128614729,13,churn,0.0023190620982150483,0.01888625176029471,21,churn,0.004099473872172795,0.02295691210989512,22,churn,0.00523958162948807,0.027707534365537415,25,churn,0.004761917548477972,0.025370048445920126,21,QI-MRFO+CXM continue+event-aware elite|n100 m10 churn20 lam=0.05|401
h11_event_elite,QI-MRFO+CXM continue+event-aware elite,n100 m10 churn20 lam=0.05,churn,100,10,402,20000,4000,7.029422760009766,0.0010080168741667527,0.00510838441880655,0.028884890041169644,0.995209452573449,25.875,0.3234375,0.0,0.021358096750093793,0.05,,0.0010080168741667527,0.005665959367311206,0,churn,0.008039727060574271,0.021898736472129907,16,churn,0.00725938221927206,0.04160277615769336,30,churn,0.003585243378171168,0.02748666705794855,29,churn,0.006236406718367216,0.02143860074940718,19,churn,0.004165121727241219,0.03325853124930032,32,churn,0.0024859941193754328,0.029140590336163227,29,churn,0.005448598359597454,0.022887393405219437,18,churn,0.0036466017678535756,0.033365824901495186,34,QI-MRFO+CXM continue+event-aware elite|n100 m10 churn20 lam=0.05|402
h11_event_elite,QI-MRFO+CXM continue+event-aware elite,n100 m10 churn20 lam=0.05,churn,100,10,403,20000,4000,7.059616565704346,0.0006038824825794654,0.007183017665333769,0.03025978868544491,0.9999783843992527,25.625,0.3203125,0.0,0.023307177721556237,0.05,,0.0006038824825794654,0.01101827496088413,0,churn,0.013886656268695514,0.03586218345900591,21,churn,0.003410298392644432,0.035159761735186826,34,churn,0.005588694164573327,0.03549418138535815,37,churn,0.0040670352919880285,0.019324031062309767,21,churn,0.0072197058931772005,0.04070651540555843,35,churn,0.005356974624178125,0.022908752085899993,19,churn,0.0060955814698414315,0.02197040992307939,20,churn,0.011839195217572086,0.030652474427160795,18,QI-MRFO+CXM continue+event-aware elite|n100 m10 churn20 lam=0.05|403
h11_event_elite,QI-MRFO+CXM continue+event-aware elite,n100 m10 churn20 lam=0.05,churn,100,10,404,20000,4000,6.817206859588623,0.0008216951124264346,0.00540855955434333,0.03375948478914109,0.9975356415970811,29.875,0.3734375,0.0,0.024182539536039886,0.05,,0.0008216951124264346,0.007337636637814061,0,churn,0.0039618530154869516,0.03221858885630983,28,churn,0.003587873477282332,0.04254151034377517,39,churn,0.009472970025347381,0.041709929435826625,34,churn,0.006134319727404221,0.030951538719014852,23,churn,0.006242391264617879,0.03187719876391175,25,churn,0.0059759887319585005,0.034248374776847425,33,churn,0.005282384261353289,0.03409371995136603,34,churn,0.0026106959312960864,0.022435017466077012,23,QI-MRFO+CXM continue+event-aware elite|n100 m10 churn20 lam=0.05|404
h11_event_elite,QI-MRFO+CXM continue+event-aware elite,n100 m10 churn20 lam=0.05,churn,100,10,405,20000,4000,6.8375022411346436,0.0005619953188864004,0.005434676184249774,0.03357704189947158,0.9998916579668259,29.375,0.3671875,0.0,0.023885702925555467,0.05,,0.0005619953188864004,0.019383608402145334,0,churn,0.0033924987449623937,0.04078882263210702,36,churn,0.010395038266753776,0.027457262799601704,18,churn,0.005531521867076709,0.03146855235909302,26,churn,0.0025139854967673255,0.04580025024623637,47,churn,0.004244360462618241,0.025509898630154793,21,churn,0.004117475014547347,0.025646739194724523,22,churn,0.005287911307007739,0.03739355114629688,36,churn,0.007994618314264658,0.034551258187558345,29,QI-MRFO+CXM continue+event-aware elite|n100 m10 churn20 lam=0.05|405
h11_event_elite,QI-MRFO+CXM continue+event-aware elite,n100 m10 churn20 lam=0.05,churn,100,10,406,20000,4000,6.790332794189453,0.00043881550914861303,0.005007500002182038,0.0280141599705402,0.9963314032561893,24.0,0.30000000000000004,0.0,0.02007679095498633,0.05,,0.00043881550914861303,0.02156546017113554,0,churn,0.007172757949074299,0.02350388386351196,17,churn,0.007994841368840391,0.01986104802777879,15,churn,0.0045270074901429406,0.023054490716399593,21,churn,0.0021981486783654866,0.05368019112842066,47,churn,0.004704685841430365,0.028075632822382166,25,churn,0.006539997888359705,0.030712073541939416,29,churn,0.003953705715010751,0.0252535964835819,27,churn,0.002968855086232365,0.01997236318030711,11,QI-MRFO+CXM continue+event-aware elite|n100 m10 churn20 lam=0.05|406
h11_event_elite,QI-MRFO+CXM continue+event-aware elite,n100 m10 churn20 lam=0.05,churn,100,10,407,20000,4000,6.70954155921936,0.0007947279982161694,0.004277456454810532,0.031054381789736636,0.9935701655388882,30.125,0.3765625,0.0,0.023182970246310327,0.05,,0.0007947279982161694,0.013411488746943015,0,churn,0.0033038878268202092,0.030693249810664416,33,churn,0.008766473990864809,0.028283414573749475,21,churn,0.0031073420890318807,0.034908528518986535,38,churn,0.002997189008923576,0.024914675750370027,24,churn,0.0033231622021200145,0.039468400339908304,35,churn,0.00385642502732061,0.030007418979758477,30,churn,0.0036424048457928525,0.02345804436093212,24,churn,0.005222766647610304,0.036701321983523716,36,QI-MRFO+CXM continue+event-aware elite|n100 m10 churn20 lam=0.05|407
h11_event_elite,QI-MRFO+CXM continue+event-aware elite,n100 m10 churn20 lam=0.05,churn,100,10,408,20000,4000,6.972887754440308,0.00101189805004771,0.004943703171919367,0.030431740998161552,0.9965033732986848,28.125,0.3515625,0.0,0.022603572464919043,0.05,,0.00101189805004771,0.014891943669681598,0,churn,0.004014633315929377,0.03537493137558654,33,churn,0.00516346580872344,0.03314004788137696,28,churn,0.004209916742382582,0.03244873996123244,30,churn,0.003562655386439382,0.01408890336474608,13,churn,0.003572285407545804,0.040103738661174344,40,churn,0.00504866939060085,0.037305072367023,35,churn,0.0038151537056060367,0.0284473575261732,30,churn,0.01016284561812746,0.022545136847979857,16,QI-MRFO+CXM continue+event-aware elite|n100 m10 churn20 lam=0.05|408
h11_event_elite,QI-MRFO+CXM continue+event-aware elite,n100 m10 churn20 lam=0.05,churn,100,10,409,20000,4000,6.5950422286987305,0.0004398436053348557,0.004739665833866001,0.03229758400432445,0.9952062768470894,30.625,0.3828125,0.0,0.02396999874205575,0.05,,0.0004398436053348557,0.00859590819914176,0,churn,0.004740057998579213,0.03401932004450804,30,churn,0.0037423266677849135,0.02575944687224632,22,churn,0.003910451630880176,0.024587860089178886,26,churn,0.008351617457047537,0.02937980100144356,27,churn,0.0057273000919738845,0.034426688992760156,31,churn,0.004282365219119844,0.03442460558730204,34,churn,0.0031456148093185208,0.03462482891345211,32,churn,0.004017592796223918,0.041158120533704476,43,QI-MRFO+CXM continue+event-aware elite|n100 m10 churn20 lam=0.05|409
h11_event_elite,QI-MRFO+CXM continue+event-aware elite,n100 m10 churn20 lam=0.05,churn,100,10,410,20000,4000,6.9928483963012695,0.0005543305277006976,0.0038312512897685064,0.024839481636292515,0.9955309246089401,23.125,0.2890625,0.0,0.018340591240500678,0.05,,0.0005543305277006976,0.012170506241167759,0,churn,0.0054217641073340634,0.025995621472576426,21,churn,0.00443798914734218,0.03208978533465453,31,churn,0.0031970347121342163,0.024710021763120652,25,churn,0.0019400573451853345,0.01363231963220933,15,churn,0.0034430764634519957,0.022106264214347835,22,churn,0.004785618314679482,0.023554077434525707,18,churn,0.0041648937806172594,0.030003310785630136,27,churn,0.003259576447403517,0.026624452453275497,26,QI-MRFO+CXM continue+event-aware elite|n100 m10 churn20 lam=0.05|410
h11_event_elite,Chooser (cheaper of the two),n100 m10 churn20 lam=0.2,churn,100,10,401,20000,4000,0.025574922561645508,0.009018810988076865,0.021340167221012396,0.021340167221012396,1.0119779232381496,0.0,0.0,0.0,0.021340167221012396,0.2,,0.009018810988076865,0.009018810988076865,0,churn,0.00865051805252083,0.00865051805252083,0,churn,0.015219503425591484,0.015219503425591484,0,churn,0.015269498817744389,0.015269498817744389,0,churn,0.051042193058510724,0.051042193058510724,0,churn,0.01800154909747406,0.01800154909747406,0,churn,0.012999807095372365,0.012999807095372365,0,churn,0.02133292402709242,0.02133292402709242,0,churn,0.02820534419379287,0.02820534419379287,0,Chooser (cheaper of the two)|n100 m10 churn20 lam=0.2|401
h11_event_elite,Chooser (cheaper of the two),n100 m10 churn20 lam=0.2,churn,100,10,402,20000,4000,0.025188922882080078,0.009332960487053916,0.0220546403815952,0.0220546403815952,1.0119830127356837,0.0,0.0,0.0,0.0220546403815952,0.2,,0.009332960487053916,0.009332960487053916,0,churn,0.013382897286135346,0.013382897286135346,0,churn,0.07100780334339225,0.07100780334339225,0,churn,0.018696741476112732,0.018696741476112732,0,churn,0.011568885511645779,0.011568885511645779,0,churn,0.019689739393197413,0.019689739393197413,0,churn,0.013139296512416925,0.013139296512416925,0,churn,0.011887272679927268,0.011887272679927268,0,churn,0.017064486849933898,0.017064486849933898,0,Chooser (cheaper of the two)|n100 m10 churn20 lam=0.2|402
h11_event_elite,Chooser (cheaper of the two),n100 m10 churn20 lam=0.2,churn,100,10,403,20000,4000,0.02281951904296875,0.009608071846750561,0.016225647457229368,0.016225647457229368,1.008957730686514,0.0,0.0,0.0,0.016225647457229368,0.2,,0.009608071846750561,0.009608071846750561,0,churn,0.01174853123461784,0.01174853123461784,0,churn,0.020980976684208362,0.020980976684208362,0,churn,0.014537264396589072,0.014537264396589072,0,churn,0.022508313941682415,0.022508313941682415,0,churn,0.02347231561512411,0.02347231561512411,0,churn,0.010850534826272374,0.010850534826272374,0,churn,0.009067491869504497,0.009067491869504497,0,churn,0.016639751089836268,0.016639751089836268,0,Chooser (cheaper of the two)|n100 m10 churn20 lam=0.2|403
h11_event_elite,Chooser (cheaper of the two),n100 m10 churn20 lam=0.2,churn,100,10,404,20000,4000,0.024070024490356445,0.007268534893747241,0.018489141612742652,0.018489141612742652,1.010521783154151,0.0,0.0,0.0,0.018489141612742652,0.2,,0.007268534893747241,0.007268534893747241,0,churn,0.014477643440992822,0.014477643440992822,0,churn,0.01656832619701702,0.01656832619701702,0,churn,0.009925278696386751,0.009925278696386751,0,churn,0.010123627379986715,0.010123627379986715,0,churn,0.020355844518655908,0.020355844518655908,0,churn,0.0290867862118097,0.0290867862118097,0,churn,0.006229574834257916,0.006229574834257916,0,churn,0.04114605162283439,0.04114605162283439,0,Chooser (cheaper of the two)|n100 m10 churn20 lam=0.2|404
h11_event_elite,Chooser (cheaper of the two),n100 m10 churn20 lam=0.2,churn,100,10,405,20000,4000,0.02279949188232422,0.007320026947820328,0.01790999320687757,0.01790999320687757,1.0122924183457576,0.0,0.0,0.0,0.01790999320687757,0.2,,0.007320026947820328,0.007320026947820328,0,churn,0.022157336266939793,0.022157336266939793,0,churn,0.012502289200503978,0.012502289200503978,0,churn,0.023073340612227013,0.023073340612227013,0,churn,0.017070276098592446,0.017070276098592446,0,churn,0.011754427866936628,0.011754427866936628,0,churn,0.00948352642636086,0.00948352642636086,0,churn,0.008899664168881648,0.008899664168881648,0,churn,0.038339085014578195,0.038339085014578195,0,Chooser (cheaper of the two)|n100 m10 churn20 lam=0.2|405
h11_event_elite,Chooser (cheaper of the two),n100 m10 churn20 lam=0.2,churn,100,10,406,20000,4000,0.023329496383666992,0.00933626783458608,0.016974907904978173,0.016974907904978173,1.008201158657251,0.0,0.0,0.0,0.016974907904978173,0.2,,0.00933626783458608,0.00933626783458608,0,churn,0.015357026355430292,0.015357026355430292,0,churn,0.03701478847057416,0.03701478847057416,0,churn,0.026529339058484917,0.026529339058484917,0,churn,0.009123833558866597,0.009123833558866597,0,churn,0.008275861882821317,0.008275861882821317,0,churn,0.015106943696045805,0.015106943696045805,0,churn,0.015260460515142222,0.015260460515142222,0,churn,0.009131009702460084,0.009131009702460084,0,Chooser (cheaper of the two)|n100 m10 churn20 lam=0.2|406
h11_event_elite,Chooser (cheaper of the two),n100 m10 churn20 lam=0.2,churn,100,10,407,20000,4000,0.024644136428833008,0.01446466589151278,0.027178264835160327,0.027178264835160327,1.0162292332957836,0.0,0.0,0.0,0.027178264835160327,0.2,,0.01446466589151278,0.01446466589151278,0,churn,0.024958738997734015,0.024958738997734015,0,churn,0.06583565144404281,0.06583565144404281,0,churn,0.008129856605551206,0.008129856605551206,0,churn,0.016610453955937434,0.016610453955937434,0,churn,0.02307743590194087,0.02307743590194087,0,churn,0.03227594290795661,0.03227594290795661,0,churn,0.021051874546669697,0.021051874546669697,0,churn,0.025486164321449983,0.025486164321449983,0,Chooser (cheaper of the two)|n100 m10 churn20 lam=0.2|407
h11_event_elite,Chooser (cheaper of the two),n100 m10 churn20 lam=0.2,churn,100,10,408,20000,4000,0.024251937866210938,0.007860113968795789,0.018575318696058246,0.018575318696058246,1.01001859660208,0.0,0.0,0.0,0.018575318696058246,0.2,,0.007860113968795789,0.007860113968795789,0,churn,0.026178265204131176,0.026178265204131176,0,churn,0.013976939934346308,0.013976939934346308,0,churn,0.018524232555911707,0.018524232555911707,0,churn,0.02115652340355273,0.02115652340355273,0,churn,0.01345083200155876,0.01345083200155876,0,churn,0.014012989547418538,0.014012989547418538,0,churn,0.01731092077245366,0.01731092077245366,0,churn,0.023991846149093103,0.023991846149093103,0,Chooser (cheaper of the two)|n100 m10 churn20 lam=0.2|408
h11_event_elite,Chooser (cheaper of the two),n100 m10 churn20 lam=0.2,churn,100,10,409,20000,4000,0.023770570755004883,0.007106482787213532,0.014960837017764125,0.014960837017764125,1.0053264157292459,0.0,0.0,0.0,0.014960837017764125,0.2,,0.007106482787213532,0.007106482787213532,0,churn,0.014822085005365618,0.014822085005365618,0,churn,0.013627652953436405,0.013627652953436405,0,churn,0.018397073231365375,0.018397073231365375,0,churn,0.010618279647797421,0.010618279647797421,0,churn,0.014272903131583836,0.014272903131583836,0,churn,0.016074647936257118,0.016074647936257118,0,churn,0.011741789318515519,0.011741789318515519,0,churn,0.020132264917791704,0.020132264917791704,0,Chooser (cheaper of the two)|n100 m10 churn20 lam=0.2|409
h11_event_elite,Chooser (cheaper of the two),n100 m10 churn20 lam=0.2,churn,100,10,410,20000,4000,0.025029659271240234,0.007534436806778124,0.023751037735741,0.023751037735741,1.015288073439211,0.0,0.0,0.0,0.023751037735741,0.2,,0.007534436806778124,0.007534436806778124,0,churn,0.012792121504870902,0.012792121504870902,0,churn,0.02040946604935638,0.02040946604935638,0,churn,0.02995786319111058,0.02995786319111058,0,churn,0.035058171730904766,0.035058171730904766,0,churn,0.04126163893953514,0.04126163893953514,0,churn,0.019576647221130044,0.019576647221130044,0,churn,0.019682997082178192,0.019682997082178192,0,churn,0.011269396166841965,0.011269396166841965,0,Chooser (cheaper of the two)|n100 m10 churn20 lam=0.2|410
h11_event_elite,QI-MRFO+CXM continue,n100 m10 churn20 lam=0.2,churn,100,10,401,20000,4000,6.50658917427063,0.0006964543523931145,0.007042453554474019,0.07702079891409958,0.9978137537230168,22.5,0.28125,0.0,0.06369714109898313,0.2,,0.0006964543523931145,0.02062065328981568,0,churn,0.009321294429642591,0.09311589108915949,29,churn,0.006008461100312754,0.08183829381076627,27,churn,0.007363146906789254,0.08456223896309854,23,churn,0.009014173635816766,0.07794349695213201,22,churn,0.007478690469387062,0.07626958031981841,22,churn,0.005630544047542886,0.07804320398175536,23,churn,0.004951684154838873,0.050321480452371864,14,churn,0.006571633691461966,0.0740722057436947,20,QI-MRFO+CXM continue|n100 m10 churn20 lam=0.2|401
h11_event_elite,QI-MRFO+CXM continue,n100 m10 churn20 lam=0.2,churn,100,10,402,20000,4000,6.795418739318848,0.0010080168741667527,0.009022845974845574,0.07225281678749355,0.9990851791415302,20.0,0.25,0.0,0.059470065428638585,0.2,,0.0010080168741667527,0.005665959367311206,0,churn,0.006664292459172663,0.07968871206199206,24,churn,0.01025380569231183,0.09188790333567846,29,churn,0.0071750720505717154,0.06601811885372325,17,churn,0.007982777812903264,0.05217432539564946,13,churn,0.008517197241245245,0.06552844073120656,17,churn,0.009246836666385773,0.07719664551670674,21,churn,0.014128472501170252,0.060263057829218404,15,churn,0.008214313375003855,0.08526533057577351,24,QI-MRFO+CXM continue|n100 m10 churn20 lam=0.2|402
h11_event_elite,QI-MRFO+CXM continue,n100 m10 churn20 lam=0.2,churn,100,10,403,20000,4000,6.921567440032959,0.0006038824825794654,0.00861221649128481,0.08686093569316011,1.001395588385673,23.0,0.2875,0.0,0.06658702934123412,0.2,,0.0006038824825794654,0.01101827496088413,0,churn,0.006205834593102139,0.054506953920166204,15,churn,0.0056055485908142275,0.10080919838054395,29,churn,0.01393557397525077,0.0891187528796409,23,churn,0.003944888514152084,0.08295508903627481,26,churn,0.005929520103474822,0.08267058754665556,24,churn,0.016128641086378362,0.07968157216258476,15,churn,0.003279643291059401,0.09599680190072499,25,churn,0.013868081776046667,0.10914852971868974,27,QI-MRFO+CXM continue|n100 m10 churn20 lam=0.2|403
h11_event_elite,QI-MRFO+CXM continue,n100 m10 churn20 lam=0.2,churn,100,10,404,20000,4000,6.712563753128052,0.0008216951124264346,0.007078289942776228,0.08183353181705297,0.9991926685096753,24.875,0.3109375,0.0,0.0696501664848473,0.2,,0.0008216951124264346,0.007337636637814061,0,churn,0.0033120301260958973,0.0683462495228364,20,churn,0.004346199184944803,0.08247816601111306,26,churn,0.00708195149832049,0.07790429795134729,25,churn,0.006077155646136147,0.08082227647919152,26,churn,0.017286570204209456,0.05543373392430985,11,churn,0.00940914250841381,0.09825240212898687,28,churn,0.00289210450528769,0.11528025760991069,39,churn,0.006221165868801538,0.07615087090872805,24,QI-MRFO+CXM continue|n100 m10 churn20 lam=0.2|404
h11_event_elite,QI-MRFO+CXM continue,n100 m10 churn20 lam=0.2,churn,100,10,405,20000,4000,6.483715534210205,0.0005619953188864004,0.007489107893054493,0.079133742238218,1.0019356316536006,21.875,0.2734375,0.0,0.06258883867297521,0.2,,0.0005619953188864004,0.019383608402145334,0,churn,0.007541860815499412,0.10478935005422613,29,churn,0.0055839913830868755,0.08537099354195693,23,churn,0.0045070263685555185,0.05911690947583637,19,churn,0.00717219968334107,0.09068653112471861,25,churn,0.0075527762648558705,0.06960125097252556,17,churn,0.00726644089742384,0.06255070169232861,16,churn,0.009083515993292136,0.0825157584212829,25,churn,0.011205051738381218,0.07843844262286885,21,QI-MRFO+CXM continue|n100 m10 churn20 lam=0.2|405
h11_event_elite,QI-MRFO+CXM continue,n100 m10 churn20 lam=0.2,churn,100,10,406,20000,4000,6.656089544296265,0.00043881550914861303,0.006858170268474102,0.08617541097440465,0.9981656692730735,23.125,0.2890625,0.0,0.06505779455985594,0.2,,0.00043881550914861303,0.02156546017113554,0,churn,0.0030402285335442694,0.09555837446191363,29,churn,0.008935753414011718,0.07870091144816488,24,churn,0.0055628721087153015,0.09197144000210357,27,churn,0.005248763495579779,0.06351075777762726,16,churn,0.010051596277076948,0.09132307887011104,18,churn,0.007173898124187029,0.0710140463656612,20,churn,0.008569940384318927,0.10184516373675048,25,churn,0.006282309810358839,0.09547951513290505,26,QI-MRFO+CXM continue|n100 m10 churn20 lam=0.2|406
h11_event_elite,QI-MRFO+CXM continue,n100 m10 churn20 lam=0.2,churn,100,10,407,20000,4000,6.649118661880493,0.0007947279982161694,0.009968353819166971,0.07219900539203544,0.999201381004826,18.5,0.23124999999999998,0.0,0.056629561136596965,0.2,,0.0007947279982161694,0.013411488746943015,0,churn,0.004695502074015307,0.10556817069893103,30,churn,0.013651239021637094,0.08308686027795587,21,churn,0.008586479017988563,0.09787173919171994,27,churn,0.003877937968101628,0.04849956696128688,14,churn,0.00979754912368199,0.058881376912377305,11,churn,0.024511759777782544,0.05656999112085795,10,churn,0.008644328095758822,0.05329180239768191,15,churn,0.005982035474369828,0.07382253557547266,20,QI-MRFO+CXM continue|n100 m10 churn20 lam=0.2|407
h11_event_elite,QI-MRFO+CXM continue,n100 m10 churn20 lam=0.2,churn,100,10,408,20000,4000,6.499574661254883,0.00101189805004771,0.007437580679188764,0.08456491005252734,0.9989760522228136,23.75,0.296875,0.0,0.06725797084699679,0.2,,0.00101189805004771,0.014891943669681598,0,churn,0.008643165400079063,0.09577926252577171,28,churn,0.006208029665384631,0.09402457608231969,26,churn,0.008192129161511888,0.08752029507012632,26,churn,0.0019537844822903653,0.06260213977348322,19,churn,0.013339527920902006,0.09046052525513848,24,churn,0.010166731130707521,0.07785800892177049,19,churn,0.004114300184394793,0.09029930154696833,26,churn,0.00688297748823985,0.07797517124464044,22,QI-MRFO+CXM continue|n100 m10 churn20 lam=0.2|408
h11_event_elite,QI-MRFO+CXM continue,n100 m10 churn20 lam=0.2,churn,100,10,409,20000,4000,6.693423748016357,0.0004398436053348557,0.008353952218845488,0.07137094034241141,0.9987783495737552,19.625,0.2453125,0.0,0.057785755769903,0.2,,0.0004398436053348557,0.00859590819914176,0,churn,0.0034610826834410562,0.08503841208855466,26,churn,0.007957809787370202,0.06981847140361838,19,churn,0.013258304800944126,0.08245033005024976,22,churn,0.010875251308663032,0.062363570999218416,17,churn,0.0076192268406272854,0.07946851027608515,19,churn,0.006267793070130769,0.056062385812659925,17,churn,0.015110763081552648,0.05094513996895674,10,churn,0.0022813861780347803,0.08482070213994825,27,QI-MRFO+CXM continue|n100 m10 churn20 lam=0.2|409
h11_event_elite,QI-MRFO+CXM continue,n100 m10 churn20 lam=0.2,churn,100,10,410,20000,4000,6.703823804855347,0.0005543305277006976,0.008029193426313615,0.08456413449836248,0.9996956397543038,23.25,0.290625,0.0,0.066547890636159,0.2,,0.0005543305277006976,0.012170506241167759,0,churn,0.014887770704662458,0.054172095362908415,12,churn,0.005623969958680533,0.07036717497424891,20,churn,0.0037911350188987686,0.11354787244448925,32,churn,0.00577026491653507,0.09547403736910348,30,churn,0.008736496438026917,0.08101592276025141,21,churn,0.005063296158457679,0.10917942630211774,31,churn,0.0028436336435280814,0.08255786950411681,25,churn,0.017516980571719413,0.07019867726966371,15,QI-MRFO+CXM continue|n100 m10 churn20 lam=0.2|410
h11_event_elite,QI-MRFO+CXM continue+elite,n100 m10 churn20 lam=0.2,churn,100,10,401,20000,4000,6.581540107727051,0.0006964543523931145,0.010092901349134108,0.055033754334519944,1.0008364557182836,14.25,0.178125,0.0,0.046039564970126755,0.2,,0.0006964543523931145,0.02062065328981568,0,churn,0.009321294429642591,0.09311589108915949,29,churn,0.004127458677874352,0.06360050099569214,18,churn,0.008219713664269409,0.05595856080747661,15,churn,0.008592817842432552,0.03444107579424918,7,churn,0.017813253596304843,0.038404112831253195,6,churn,0.013611673124215162,0.05657076196038685,13,churn,0.007634380823111828,0.07048519004420498,21,churn,0.01142261863522213,0.027693941153737103,5,QI-MRFO+CXM continue+elite|n100 m10 churn20 lam=0.2|401
h11_event_elite,QI-MRFO+CXM continue+elite,n100 m10 churn20 lam=0.2,churn,100,10,402,20000,4000,6.939510822296143,0.0010080168741667527,0.009090252915911467,0.05752064009581876,0.9991544327449013,15.0,0.1875,0.0,0.04693625166455185,0.2,,0.0010080168741667527,0.005665959367311206,0,churn,0.006760691822903005,0.04239956136421,12,churn,0.005126805349064718,0.046856014382427,14,churn,0.009977928742232934,0.0639724313069098,16,churn,0.015248651044746767,0.0863427336925019,21,churn,0.012485752619968718,0.03469537085205616,8,churn,0.008588579657262122,0.04498628574230043,13,churn,0.0069464878135813354,0.07176840012285578,16,churn,0.007587126277532131,0.06914432330328903,20,QI-MRFO+CXM continue+elite|n100 m10 churn20 lam=0.2|402
h11_event_elite,QI-MRFO+CXM continue+elite,n100 m10 churn20 lam=0.2,churn,100,10,403,20000,4000,6.698642730712891,0.0006038824825794654,0.0068373096031357754,0.05227882431636313,0.9996300513221243,14.5,0.18125000000000002,0.0,0.04334020760781295,0.2,,0.0006038824825794654,0.01101827496088413,0,churn,0.005953608312376156,0.05496328384229229,17,churn,0.011813418271541967,0.06163383714658939,16,churn,0.004957758316811992,0.04003332725471167,11,churn,0.005560633078936252,0.03595259025170926,9,churn,0.006224690772449106,0.04857868756852213,14,churn,0.007650168272532697,0.07546683784149173,22,churn,0.00831880550010367,0.04181054462331517,11,churn,0.004219394300334365,0.05979148600227342,16,QI-MRFO+CXM continue+elite|n100 m10 churn20 lam=0.2|403
h11_event_elite,QI-MRFO+CXM continue+elite,n100 m10 churn20 lam=0.2,churn,100,10,404,20000,4000,6.613760948181152,0.0008216951124264346,0.01026076115535349,0.049230840708152694,1.002348012027932,12.5,0.15625,0.0,0.04180164418178692,0.2,,0.0008216951124264346,0.007337636637814061,0,churn,0.011733800988016572,0.04551709052431999,11,churn,0.008462319096691187,0.0665004000643771,19,churn,0.014499903588556958,0.04944243074431661,11,churn,0.008398445458726244,0.052417000955696895,14,churn,0.008684269950137538,0.04239607129648924,10,churn,0.005552198878413883,0.047266359179439416,13,churn,0.005634044237096834,0.05310149130996907,16,churn,0.01912110704518871,0.03720588159061325,6,QI-MRFO+CXM continue+elite|n100 m10 churn20 lam=0.2|404
h11_event_elite,QI-MRFO+CXM continue+elite,n100 m10 churn20 lam=0.2,churn,100,10,405,20000,4000,6.669878959655762,0.0005619953188864004,0.0070833724988637395,0.05813082947083099,1.0015320434718014,16.25,0.203125,0.0,0.047978742881361544,0.2,,0.0005619953188864004,0.019383608402145334,0,churn,0.00438033701313004,0.09438113390184423,28,churn,0.0034974645774010524,0.03599534166234898,11,churn,0.009909194114102666,0.025985723238439753,3,churn,0.004187655618919664,0.06674646830800739,20,churn,0.007317552989558001,0.05573130289096864,15,churn,0.006527046538548105,0.053541194206888444,15,churn,0.009104578168201212,0.07837277751666938,24,churn,0.011743150971049174,0.054292694041481064,14,QI-MRFO+CXM continue+elite|n100 m10 churn20 lam=0.2|405
h11_event_elite,QI-MRFO+CXM continue+elite,n100 m10 churn20 lam=0.2,churn,100,10,406,20000,4000,6.493121385574341,0.00043881550914861303,0.008667876891127517,0.05598708513505421,0.9999618298505487,14.375,0.1796875,0.0,0.04489236636796126,0.2,,0.00043881550914861303,0.02156546017113554,0,churn,0.00842359769275042,0.049101757136421634,14,churn,0.007653706064440601,0.03978646085437883,9,churn,0.013079279843405716,0.053635797875123216,13,churn,0.013675069918172461,0.05895091817687575,11,churn,0.006369137006186272,0.05928340807196805,19,churn,0.010172682356874865,0.042405267211321054,9,churn,0.004553574749608294,0.06941679498738655,21,churn,0.005415967497581509,0.0753162767669586,19,QI-MRFO+CXM continue+elite|n100 m10 churn20 lam=0.2|406
h11_event_elite,QI-MRFO+CXM continue+elite,n100 m10 churn20 lam=0.2,churn,100,10,407,20000,4000,6.645180940628052,0.0007947279982161694,0.008524018911801715,0.05646604029848604,0.9977748251562314,15.125,0.1890625,0.0,0.04667037179120998,0.2,,0.0007947279982161694,0.013411488746943015,0,churn,0.00217603835676291,0.052338833774212855,16,churn,0.010505377795257509,0.053015697369338706,12,churn,0.01317558284496064,0.06465820270087422,17,churn,0.011311769210948104,0.07712407885983937,19,churn,0.012155862539379846,0.07501700139255771,22,churn,0.0035946461512469355,0.05905790972139265,17,churn,0.008909293939228737,0.040029259986324686,10,churn,0.006363580456629035,0.030487338583348064,8,QI-MRFO+CXM continue+elite|n100 m10 churn20 lam=0.2|407
h11_event_elite,QI-MRFO+CXM continue+elite,n100 m10 churn20 lam=0.2,churn,100,10,408,20000,4000,6.475940704345703,0.00101189805004771,0.011268049380413389,0.055712320855169944,1.0027747603203094,14.0,0.175,0.0,0.04668166488016283,0.2,,0.00101189805004771,0.014891943669681598,0,churn,0.00738552381817356,0.06222982406627593,18,churn,0.010790814901893616,0.056340178179887415,14,churn,0.023645756075544026,0.08948451649965403,20,churn,0.010393882434744112,0.05326053255200515,14,churn,0.015209798924118839,0.04109880481988294,9,churn,0.01119980402263543,0.050058904579025544,12,churn,0.006596301980401026,0.05646802548076139,16,churn,0.004922512885796502,0.03675778066386715,9,QI-MRFO+CXM continue+elite|n100 m10 churn20 lam=0.2|408
h11_event_elite,QI-MRFO+CXM continue+elite,n100 m10 churn20 lam=0.2,churn,100,10,409,20000,4000,6.695073127746582,0.0004398436053348557,0.008934823103452361,0.04797322725031907,0.9993586230170588,12.625,0.1578125,0.0,0.040769413575308666,0.2,,0.0004398436053348557,0.00859590819914176,0,churn,0.0074672759883454036,0.0629450692820961,19,churn,0.005256213804537313,0.05452075344347214,16,churn,0.014075911536933784,0.05121826304522523,10,churn,0.007248425953586084,0.06944569450051388,20,churn,0.006182783465190616,0.030070708996106605,8,churn,0.008376315521355853,0.03266808576203647,8,churn,0.007987120934136581,0.03104009147950775,8,churn,0.014884537623533253,0.05187715149359439,12,QI-MRFO+CXM continue+elite|n100 m10 churn20 lam=0.2|409
h11_event_elite,QI-MRFO+CXM continue+elite,n100 m10 churn20 lam=0.2,churn,100,10,410,20000,4000,6.831336975097656,0.0005543305277006976,0.011459226174880797,0.053059304819850106,1.0030972903170616,13.125,0.1640625,0.0,0.044647895442513276,0.2,,0.0005543305277006976,0.012170506241167759,0,churn,0.0075930189066109694,0.05150163116465781,14,churn,0.014681838401018627,0.07423417795557288,19,churn,0.007843261968675196,0.05124269159280189,11,churn,0.01448882630627728,0.03183224409069063,6,churn,0.011323270325420463,0.04347573403759605,11,churn,0.007856620758321269,0.056223367908078595,14,churn,0.010154670082392118,0.058121624145746384,16,churn,0.017732302650330444,0.05784296766365662,14,QI-MRFO+CXM continue+elite|n100 m10 churn20 lam=0.2|410
h11_event_elite,QI-MRFO+CXM continue+event-aware elite,n100 m10 churn20 lam=0.2,churn,100,10,401,20000,4000,6.736787557601929,0.0006964543523931145,0.010092901349134108,0.055033754334519944,1.0008364557182836,14.25,0.178125,0.0,0.046039564970126755,0.2,,0.0006964543523931145,0.02062065328981568,0,churn,0.009321294429642591,0.09311589108915949,29,churn,0.004127458677874352,0.06360050099569214,18,churn,0.008219713664269409,0.05595856080747661,15,churn,0.008592817842432552,0.03444107579424918,7,churn,0.017813253596304843,0.038404112831253195,6,churn,0.013611673124215162,0.05657076196038685,13,churn,0.007634380823111828,0.07048519004420498,21,churn,0.01142261863522213,0.027693941153737103,5,QI-MRFO+CXM continue+event-aware elite|n100 m10 churn20 lam=0.2|401
h11_event_elite,QI-MRFO+CXM continue+event-aware elite,n100 m10 churn20 lam=0.2,churn,100,10,402,20000,4000,6.73143196105957,0.0010080168741667527,0.009090252915911467,0.05752064009581876,0.9991544327449013,15.0,0.1875,0.0,0.04693625166455185,0.2,,0.0010080168741667527,0.005665959367311206,0,churn,0.006760691822903005,0.04239956136421,12,churn,0.005126805349064718,0.046856014382427,14,churn,0.009977928742232934,0.0639724313069098,16,churn,0.015248651044746767,0.0863427336925019,21,churn,0.012485752619968718,0.03469537085205616,8,churn,0.008588579657262122,0.04498628574230043,13,churn,0.0069464878135813354,0.07176840012285578,16,churn,0.007587126277532131,0.06914432330328903,20,QI-MRFO+CXM continue+event-aware elite|n100 m10 churn20 lam=0.2|402
h11_event_elite,QI-MRFO+CXM continue+event-aware elite,n100 m10 churn20 lam=0.2,churn,100,10,403,20000,4000,6.62027645111084,0.0006038824825794654,0.0068373096031357754,0.05227882431636313,0.9996300513221243,14.5,0.18125000000000002,0.0,0.04334020760781295,0.2,,0.0006038824825794654,0.01101827496088413,0,churn,0.005953608312376156,0.05496328384229229,17,churn,0.011813418271541967,0.06163383714658939,16,churn,0.004957758316811992,0.04003332725471167,11,churn,0.005560633078936252,0.03595259025170926,9,churn,0.006224690772449106,0.04857868756852213,14,churn,0.007650168272532697,0.07546683784149173,22,churn,0.00831880550010367,0.04181054462331517,11,churn,0.004219394300334365,0.05979148600227342,16,QI-MRFO+CXM continue+event-aware elite|n100 m10 churn20 lam=0.2|403
h11_event_elite,QI-MRFO+CXM continue+event-aware elite,n100 m10 churn20 lam=0.2,churn,100,10,404,20000,4000,6.633650779724121,0.0008216951124264346,0.01026076115535349,0.049230840708152694,1.002348012027932,12.5,0.15625,0.0,0.04180164418178692,0.2,,0.0008216951124264346,0.007337636637814061,0,churn,0.011733800988016572,0.04551709052431999,11,churn,0.008462319096691187,0.0665004000643771,19,churn,0.014499903588556958,0.04944243074431661,11,churn,0.008398445458726244,0.052417000955696895,14,churn,0.008684269950137538,0.04239607129648924,10,churn,0.005552198878413883,0.047266359179439416,13,churn,0.005634044237096834,0.05310149130996907,16,churn,0.01912110704518871,0.03720588159061325,6,QI-MRFO+CXM continue+event-aware elite|n100 m10 churn20 lam=0.2|404
h11_event_elite,QI-MRFO+CXM continue+event-aware elite,n100 m10 churn20 lam=0.2,churn,100,10,405,20000,4000,6.925188064575195,0.0005619953188864004,0.0070833724988637395,0.05813082947083099,1.0015320434718014,16.25,0.203125,0.0,0.047978742881361544,0.2,,0.0005619953188864004,0.019383608402145334,0,churn,0.00438033701313004,0.09438113390184423,28,churn,0.0034974645774010524,0.03599534166234898,11,churn,0.009909194114102666,0.025985723238439753,3,churn,0.004187655618919664,0.06674646830800739,20,churn,0.007317552989558001,0.05573130289096864,15,churn,0.006527046538548105,0.053541194206888444,15,churn,0.009104578168201212,0.07837277751666938,24,churn,0.011743150971049174,0.054292694041481064,14,QI-MRFO+CXM continue+event-aware elite|n100 m10 churn20 lam=0.2|405
h11_event_elite,QI-MRFO+CXM continue+event-aware elite,n100 m10 churn20 lam=0.2,churn,100,10,406,20000,4000,6.596420526504517,0.00043881550914861303,0.008667876891127517,0.05598708513505421,0.9999618298505487,14.375,0.1796875,0.0,0.04489236636796126,0.2,,0.00043881550914861303,0.02156546017113554,0,churn,0.00842359769275042,0.049101757136421634,14,churn,0.007653706064440601,0.03978646085437883,9,churn,0.013079279843405716,0.053635797875123216,13,churn,0.013675069918172461,0.05895091817687575,11,churn,0.006369137006186272,0.05928340807196805,19,churn,0.010172682356874865,0.042405267211321054,9,churn,0.004553574749608294,0.06941679498738655,21,churn,0.005415967497581509,0.0753162767669586,19,QI-MRFO+CXM continue+event-aware elite|n100 m10 churn20 lam=0.2|406
h11_event_elite,QI-MRFO+CXM continue+event-aware elite,n100 m10 churn20 lam=0.2,churn,100,10,407,20000,4000,6.644441604614258,0.0007947279982161694,0.008524018911801715,0.05646604029848604,0.9977748251562314,15.125,0.1890625,0.0,0.04667037179120998,0.2,,0.0007947279982161694,0.013411488746943015,0,churn,0.00217603835676291,0.052338833774212855,16,churn,0.010505377795257509,0.053015697369338706,12,churn,0.01317558284496064,0.06465820270087422,17,churn,0.011311769210948104,0.07712407885983937,19,churn,0.012155862539379846,0.07501700139255771,22,churn,0.0035946461512469355,0.05905790972139265,17,churn,0.008909293939228737,0.040029259986324686,10,churn,0.006363580456629035,0.030487338583348064,8,QI-MRFO+CXM continue+event-aware elite|n100 m10 churn20 lam=0.2|407
h11_event_elite,QI-MRFO+CXM continue+event-aware elite,n100 m10 churn20 lam=0.2,churn,100,10,408,20000,4000,6.558119297027588,0.00101189805004771,0.011268049380413389,0.055712320855169944,1.0027747603203094,14.0,0.175,0.0,0.04668166488016283,0.2,,0.00101189805004771,0.014891943669681598,0,churn,0.00738552381817356,0.06222982406627593,18,churn,0.010790814901893616,0.056340178179887415,14,churn,0.023645756075544026,0.08948451649965403,20,churn,0.010393882434744112,0.05326053255200515,14,churn,0.015209798924118839,0.04109880481988294,9,churn,0.01119980402263543,0.050058904579025544,12,churn,0.006596301980401026,0.05646802548076139,16,churn,0.004922512885796502,0.03675778066386715,9,QI-MRFO+CXM continue+event-aware elite|n100 m10 churn20 lam=0.2|408
h11_event_elite,QI-MRFO+CXM continue+event-aware elite,n100 m10 churn20 lam=0.2,churn,100,10,409,20000,4000,6.565004348754883,0.0004398436053348557,0.008934823103452361,0.04797322725031907,0.9993586230170588,12.625,0.1578125,0.0,0.040769413575308666,0.2,,0.0004398436053348557,0.00859590819914176,0,churn,0.0074672759883454036,0.0629450692820961,19,churn,0.005256213804537313,0.05452075344347214,16,churn,0.014075911536933784,0.05121826304522523,10,churn,0.007248425953586084,0.06944569450051388,20,churn,0.006182783465190616,0.030070708996106605,8,churn,0.008376315521355853,0.03266808576203647,8,churn,0.007987120934136581,0.03104009147950775,8,churn,0.014884537623533253,0.05187715149359439,12,QI-MRFO+CXM continue+event-aware elite|n100 m10 churn20 lam=0.2|409
h11_event_elite,QI-MRFO+CXM continue+event-aware elite,n100 m10 churn20 lam=0.2,churn,100,10,410,20000,4000,6.760499477386475,0.0005543305277006976,0.011459226174880797,0.053059304819850106,1.0030972903170616,13.125,0.1640625,0.0,0.044647895442513276,0.2,,0.0005543305277006976,0.012170506241167759,0,churn,0.0075930189066109694,0.05150163116465781,14,churn,0.014681838401018627,0.07423417795557288,19,churn,0.007843261968675196,0.05124269159280189,11,churn,0.01448882630627728,0.03183224409069063,6,churn,0.011323270325420463,0.04347573403759605,11,churn,0.007856620758321269,0.056223367908078595,14,churn,0.010154670082392118,0.058121624145746384,16,churn,0.017732302650330444,0.05784296766365662,14,QI-MRFO+CXM continue+event-aware elite|n100 m10 churn20 lam=0.2|410
h11_event_elite,Chooser (cheaper of the two),n100 m10 churn20 lam=1.0,churn,100,10,401,20000,4000,0.023030757904052734,0.009018810988076865,0.021340167221012396,0.021340167221012396,1.0119779232381496,0.0,0.0,0.0,0.021340167221012396,1.0,,0.009018810988076865,0.009018810988076865,0,churn,0.00865051805252083,0.00865051805252083,0,churn,0.015219503425591484,0.015219503425591484,0,churn,0.015269498817744389,0.015269498817744389,0,churn,0.051042193058510724,0.051042193058510724,0,churn,0.01800154909747406,0.01800154909747406,0,churn,0.012999807095372365,0.012999807095372365,0,churn,0.02133292402709242,0.02133292402709242,0,churn,0.02820534419379287,0.02820534419379287,0,Chooser (cheaper of the two)|n100 m10 churn20 lam=1.0|401
h11_event_elite,Chooser (cheaper of the two),n100 m10 churn20 lam=1.0,churn,100,10,402,20000,4000,0.024150371551513672,0.009332960487053916,0.0220546403815952,0.0220546403815952,1.0119830127356837,0.0,0.0,0.0,0.0220546403815952,1.0,,0.009332960487053916,0.009332960487053916,0,churn,0.013382897286135346,0.013382897286135346,0,churn,0.07100780334339225,0.07100780334339225,0,churn,0.018696741476112732,0.018696741476112732,0,churn,0.011568885511645779,0.011568885511645779,0,churn,0.019689739393197413,0.019689739393197413,0,churn,0.013139296512416925,0.013139296512416925,0,churn,0.011887272679927268,0.011887272679927268,0,churn,0.017064486849933898,0.017064486849933898,0,Chooser (cheaper of the two)|n100 m10 churn20 lam=1.0|402
h11_event_elite,Chooser (cheaper of the two),n100 m10 churn20 lam=1.0,churn,100,10,403,20000,4000,0.023889541625976562,0.009608071846750561,0.016225647457229368,0.016225647457229368,1.008957730686514,0.0,0.0,0.0,0.016225647457229368,1.0,,0.009608071846750561,0.009608071846750561,0,churn,0.01174853123461784,0.01174853123461784,0,churn,0.020980976684208362,0.020980976684208362,0,churn,0.014537264396589072,0.014537264396589072,0,churn,0.022508313941682415,0.022508313941682415,0,churn,0.02347231561512411,0.02347231561512411,0,churn,0.010850534826272374,0.010850534826272374,0,churn,0.009067491869504497,0.009067491869504497,0,churn,0.016639751089836268,0.016639751089836268,0,Chooser (cheaper of the two)|n100 m10 churn20 lam=1.0|403
h11_event_elite,Chooser (cheaper of the two),n100 m10 churn20 lam=1.0,churn,100,10,404,20000,4000,0.023282766342163086,0.007268534893747241,0.018489141612742652,0.018489141612742652,1.010521783154151,0.0,0.0,0.0,0.018489141612742652,1.0,,0.007268534893747241,0.007268534893747241,0,churn,0.014477643440992822,0.014477643440992822,0,churn,0.01656832619701702,0.01656832619701702,0,churn,0.009925278696386751,0.009925278696386751,0,churn,0.010123627379986715,0.010123627379986715,0,churn,0.020355844518655908,0.020355844518655908,0,churn,0.0290867862118097,0.0290867862118097,0,churn,0.006229574834257916,0.006229574834257916,0,churn,0.04114605162283439,0.04114605162283439,0,Chooser (cheaper of the two)|n100 m10 churn20 lam=1.0|404
h11_event_elite,Chooser (cheaper of the two),n100 m10 churn20 lam=1.0,churn,100,10,405,20000,4000,0.02646040916442871,0.007320026947820328,0.01790999320687757,0.01790999320687757,1.0122924183457576,0.0,0.0,0.0,0.01790999320687757,1.0,,0.007320026947820328,0.007320026947820328,0,churn,0.022157336266939793,0.022157336266939793,0,churn,0.012502289200503978,0.012502289200503978,0,churn,0.023073340612227013,0.023073340612227013,0,churn,0.017070276098592446,0.017070276098592446,0,churn,0.011754427866936628,0.011754427866936628,0,churn,0.00948352642636086,0.00948352642636086,0,churn,0.008899664168881648,0.008899664168881648,0,churn,0.038339085014578195,0.038339085014578195,0,Chooser (cheaper of the two)|n100 m10 churn20 lam=1.0|405
h11_event_elite,Chooser (cheaper of the two),n100 m10 churn20 lam=1.0,churn,100,10,406,20000,4000,0.023061275482177734,0.00933626783458608,0.016974907904978173,0.016974907904978173,1.008201158657251,0.0,0.0,0.0,0.016974907904978173,1.0,,0.00933626783458608,0.00933626783458608,0,churn,0.015357026355430292,0.015357026355430292,0,churn,0.03701478847057416,0.03701478847057416,0,churn,0.026529339058484917,0.026529339058484917,0,churn,0.009123833558866597,0.009123833558866597,0,churn,0.008275861882821317,0.008275861882821317,0,churn,0.015106943696045805,0.015106943696045805,0,churn,0.015260460515142222,0.015260460515142222,0,churn,0.009131009702460084,0.009131009702460084,0,Chooser (cheaper of the two)|n100 m10 churn20 lam=1.0|406
h11_event_elite,Chooser (cheaper of the two),n100 m10 churn20 lam=1.0,churn,100,10,407,20000,4000,0.023685455322265625,0.01446466589151278,0.027178264835160327,0.027178264835160327,1.0162292332957836,0.0,0.0,0.0,0.027178264835160327,1.0,,0.01446466589151278,0.01446466589151278,0,churn,0.024958738997734015,0.024958738997734015,0,churn,0.06583565144404281,0.06583565144404281,0,churn,0.008129856605551206,0.008129856605551206,0,churn,0.016610453955937434,0.016610453955937434,0,churn,0.02307743590194087,0.02307743590194087,0,churn,0.03227594290795661,0.03227594290795661,0,churn,0.021051874546669697,0.021051874546669697,0,churn,0.025486164321449983,0.025486164321449983,0,Chooser (cheaper of the two)|n100 m10 churn20 lam=1.0|407
h11_event_elite,Chooser (cheaper of the two),n100 m10 churn20 lam=1.0,churn,100,10,408,20000,4000,0.03932332992553711,0.007860113968795789,0.018575318696058246,0.018575318696058246,1.01001859660208,0.0,0.0,0.0,0.018575318696058246,1.0,,0.007860113968795789,0.007860113968795789,0,churn,0.026178265204131176,0.026178265204131176,0,churn,0.013976939934346308,0.013976939934346308,0,churn,0.018524232555911707,0.018524232555911707,0,churn,0.02115652340355273,0.02115652340355273,0,churn,0.01345083200155876,0.01345083200155876,0,churn,0.014012989547418538,0.014012989547418538,0,churn,0.01731092077245366,0.01731092077245366,0,churn,0.023991846149093103,0.023991846149093103,0,Chooser (cheaper of the two)|n100 m10 churn20 lam=1.0|408
h11_event_elite,Chooser (cheaper of the two),n100 m10 churn20 lam=1.0,churn,100,10,409,20000,4000,0.02385854721069336,0.007106482787213532,0.014960837017764125,0.014960837017764125,1.0053264157292459,0.0,0.0,0.0,0.014960837017764125,1.0,,0.007106482787213532,0.007106482787213532,0,churn,0.014822085005365618,0.014822085005365618,0,churn,0.013627652953436405,0.013627652953436405,0,churn,0.018397073231365375,0.018397073231365375,0,churn,0.010618279647797421,0.010618279647797421,0,churn,0.014272903131583836,0.014272903131583836,0,churn,0.016074647936257118,0.016074647936257118,0,churn,0.011741789318515519,0.011741789318515519,0,churn,0.020132264917791704,0.020132264917791704,0,Chooser (cheaper of the two)|n100 m10 churn20 lam=1.0|409
h11_event_elite,Chooser (cheaper of the two),n100 m10 churn20 lam=1.0,churn,100,10,410,20000,4000,0.023125410079956055,0.007534436806778124,0.023751037735741,0.023751037735741,1.015288073439211,0.0,0.0,0.0,0.023751037735741,1.0,,0.007534436806778124,0.007534436806778124,0,churn,0.012792121504870902,0.012792121504870902,0,churn,0.02040946604935638,0.02040946604935638,0,churn,0.02995786319111058,0.02995786319111058,0,churn,0.035058171730904766,0.035058171730904766,0,churn,0.04126163893953514,0.04126163893953514,0,churn,0.019576647221130044,0.019576647221130044,0,churn,0.019682997082178192,0.019682997082178192,0,churn,0.011269396166841965,0.011269396166841965,0,Chooser (cheaper of the two)|n100 m10 churn20 lam=1.0|410
h11_event_elite,QI-MRFO+CXM continue,n100 m10 churn20 lam=1.0,churn,100,10,401,20000,4000,6.735672235488892,0.0006964543523931145,0.015145015847533985,0.19799870439275086,1.0058424768667527,12.0,0.15,0.0,0.16732028054669823,1.0,,0.0006964543523931145,0.02062065328981568,0,churn,0.014470141859296128,0.2347540396395529,16,churn,0.010352163264431332,0.15622916992361607,8,churn,0.017179656307499507,0.23117025420043325,14,churn,0.017061503250923038,0.18248543045856916,12,churn,0.03175304196267674,0.14402143682148388,6,churn,0.011668865468313234,0.20794446671037323,13,churn,0.005086942509739953,0.15240004694263132,9,churn,0.013587812157391944,0.2749847904453472,18,QI-MRFO+CXM continue|n100 m10 churn20 lam=1.0|401
h11_event_elite,QI-MRFO+CXM continue,n100 m10 churn20 lam=1.0,churn,100,10,402,20000,4000,6.720875978469849,0.0010080168741667527,0.03963143802835742,0.17428465590789582,1.0293721887017728,8.0,0.1,0.0,0.1433011032861693,1.0,,0.0010080168741667527,0.005665959367311206,0,churn,0.07749733843181374,0.20217136422032775,8,churn,0.07601012214056754,0.21260450210016854,9,churn,0.009815024201592751,0.21516547112566192,14,churn,0.011614903739189027,0.17501674428323352,8,churn,0.03508804639646994,0.18626201182181626,7,churn,0.015431958843702706,0.1302363406386953,7,churn,0.060204140150573474,0.1344721187196969,4,churn,0.031389970322950184,0.1383486943535665,7,QI-MRFO+CXM continue|n100 m10 churn20 lam=1.0|402
h11_event_elite,QI-MRFO+CXM continue,n100 m10 churn20 lam=1.0,churn,100,10,403,20000,4000,6.541044235229492,0.0006038824825794654,0.03409790470892973,0.1732623172407857,1.026683072985365,7.875,0.0984375,0.0,0.13516305279366142,1.0,,0.0006038824825794654,0.01101827496088413,0,churn,0.02050821620365796,0.15177948833541094,8,churn,0.02042184978357665,0.16333434478864944,8,churn,0.030043243428380745,0.12083393627005645,6,churn,0.04630874468144447,0.185771966237956,8,churn,0.015751470493817043,0.28696065135993787,18,churn,0.07168569528219074,0.12194320451509498,1,churn,0.048099739124649085,0.19640864526786825,6,churn,0.01996427867372118,0.1590663011513116,8,QI-MRFO+CXM continue|n100 m10 churn20 lam=1.0|403
h11_event_elite,QI-MRFO+CXM continue,n100 m10 churn20 lam=1.0,churn,100,10,404,20000,4000,6.463803052902222,0.0008216951124264346,0.022076532508184595,0.1935974481535011,1.0140691612703,10.0,0.125,0.0,0.14984287993273143,1.0,,0.0008216951124264346,0.007337636637814061,0,churn,0.01866424496933242,0.1699667159021349,9,churn,0.022204275410352206,0.2467505012088317,11,churn,0.015253507989606126,0.2126872131694916,13,churn,0.023962341085398766,0.1229860518599881,4,churn,0.04275243143923767,0.1853832449216745,10,churn,0.016434912571401974,0.18933709108904181,11,churn,0.023174051698695953,0.28106635429825644,16,churn,0.01416649490145167,0.1406024127785898,6,QI-MRFO+CXM continue|n100 m10 churn20 lam=1.0|404
h11_event_elite,QI-MRFO+CXM continue,n100 m10 churn20 lam=1.0,churn,100,10,405,20000,4000,6.57476806640625,0.0005619953188864004,0.037511499603937015,0.1663655574410512,1.0317937761507419,7.625,0.0953125,0.0,0.13589181835856368,1.0,,0.0005619953188864004,0.019383608402145334,0,churn,0.01616302614708984,0.19629431793315633,12,churn,0.02837333697053706,0.13940438359794613,7,churn,0.030764338043871478,0.1521181954448605,7,churn,0.039453937986147415,0.14717554889024104,6,churn,0.058723226356686836,0.19439549388427108,8,churn,0.019522698648107736,0.18872360942277422,10,churn,0.026494648161300878,0.15063315310991718,8,churn,0.08059678451775483,0.16217975724524303,3,QI-MRFO+CXM continue|n100 m10 churn20 lam=1.0|405
h11_event_elite,QI-MRFO+CXM continue,n100 m10 churn20 lam=1.0,churn,100,10,406,20000,4000,6.686125755310059,0.00043881550914861303,0.03162850346897017,0.19415135508470666,1.0227200353098622,9.375,0.1171875,0.0,0.1524243592999459,1.0,,0.00043881550914861303,0.02156546017113554,0,churn,0.05955794889931841,0.2522072752104154,12,churn,0.013911268394529176,0.17487197469063828,8,churn,0.018827477616924965,0.24147003456939523,11,churn,0.0388442556869804,0.13913219937426846,6,churn,0.04130098965652754,0.17618256925851392,9,churn,0.04677764498603899,0.17387280163394467,7,churn,0.014119133308869996,0.2704367519724519,16,churn,0.019689309202571923,0.12503723396802552,6,QI-MRFO+CXM continue|n100 m10 churn20 lam=1.0|406
h11_event_elite,QI-MRFO+CXM continue,n100 m10 churn20 lam=1.0,churn,100,10,407,20000,4000,6.720077991485596,0.0007947279982161694,0.04317024293132925,0.17199848842455412,1.0320536882098295,8.0,0.1,0.0,0.1473203719083399,1.0,,0.0007947279982161694,0.013411488746943015,0,churn,0.031795592055758506,0.20416553779965557,11,churn,0.04093259619248343,0.1640014416645732,8,churn,0.01879452493861374,0.1705443186570237,9,churn,0.07049115380674219,0.1563334020550117,5,churn,0.049974003940387916,0.1631351737223753,7,churn,0.020149699210777257,0.16198913635149056,7,churn,0.05262151215860545,0.16480799319070583,8,churn,0.060602861147265465,0.191010903955597,9,QI-MRFO+CXM continue|n100 m10 churn20 lam=1.0|407
h11_event_elite,QI-MRFO+CXM continue,n100 m10 churn20 lam=1.0,churn,100,10,408,20000,4000,6.783950328826904,0.00101189805004771,0.020703916134671964,0.21606263231147343,1.0121324307505453,11.0,0.13749999999999998,0.0,0.16091854544664352,1.0,,0.00101189805004771,0.014891943669681598,0,churn,0.012107164068057171,0.26523332003893246,14,churn,0.03086541086618451,0.29681107036633125,17,churn,0.034088820311224545,0.17216425454123188,8,churn,0.012253734540944798,0.20581170768585114,12,churn,0.028708111274449718,0.17456135881306936,6,churn,0.02245778340071381,0.16969315969848267,7,churn,0.014540578767546568,0.2109660987902576,10,churn,0.010609725848254587,0.233260088557631,14,QI-MRFO+CXM continue|n100 m10 churn20 lam=1.0|408
h11_event_elite,QI-MRFO+CXM continue,n100 m10 churn20 lam=1.0,churn,100,10,409,20000,4000,6.6522057056427,0.0004398436053348557,0.04073170515539841,0.17845623262812052,1.0308411170123088,8.375,0.10468749999999999,0.0,0.1494925657996069,1.0,,0.0004398436053348557,0.00859590819914176,0,churn,0.04474592456612007,0.19850008966414096,10,churn,0.03268718759328943,0.14117790832413404,5,churn,0.05032484532176832,0.1837773133930531,9,churn,0.06774191246844202,0.14592638678195108,5,churn,0.018808818941607748,0.18852227510158184,10,churn,0.04083205353087817,0.19588270802184057,10,churn,0.0495576272539967,0.202142265623876,8,churn,0.021155271567084858,0.17172091411438653,10,QI-MRFO+CXM continue|n100 m10 churn20 lam=1.0|409
h11_event_elite,QI-MRFO+CXM continue,n100 m10 churn20 lam=1.0,churn,100,10,410,20000,4000,6.713612079620361,0.0005543305277006976,0.028196051152046042,0.15322331287539706,1.0197143226163008,7.375,0.0921875,0.0,0.12240394468067917,1.0,,0.0005543305277006976,0.012170506241167759,0,churn,0.022561786734448027,0.08192909502852007,3,churn,0.018137485559735114,0.16980441132125756,10,churn,0.011425087938026861,0.13685253369541556,7,churn,0.016800409596374733,0.19671504092441205,10,churn,0.027689417072125994,0.12490405356932952,6,churn,0.015246917897681917,0.2096896470879991,13,churn,0.07966548990864057,0.12122539425345706,2,churn,0.03404181450933509,0.18466632712278547,8,QI-MRFO+CXM continue|n100 m10 churn20 lam=1.0|410
h11_event_elite,QI-MRFO+CXM continue+elite,n100 m10 churn20 lam=1.0,churn,100,10,401,20000,4000,6.747251033782959,0.0006964543523931145,0.01590637426964742,0.12657790195744203,1.006597215002428,7.0,0.0875,0.0,0.10475695857004197,1.0,,0.0006964543523931145,0.02062065328981568,0,churn,0.017926255694106264,0.2181041488443685,14,churn,0.010873571888306493,0.16021245753959357,9,churn,0.010737806589468178,0.06575340061946633,4,churn,0.022805156669763155,0.12658887671059627,6,churn,0.008809852127159769,0.1430190525118018,9,churn,0.013955833993135594,0.09908221090819086,5,churn,0.024018365922520993,0.10632176020941926,4,churn,0.01812415127271892,0.09354130831609976,5,QI-MRFO+CXM continue+elite|n100 m10 churn20 lam=1.0|401
h11_event_elite,QI-MRFO+CXM continue+elite,n100 m10 churn20 lam=1.0,churn,100,10,402,20000,4000,6.726153612136841,0.0010080168741667527,0.026421859148123658,0.08950962785418888,1.016312254600034,3.625,0.045312500000000006,0.0,0.0727860497472733,1.0,,0.0010080168741667527,0.005665959367311206,0,churn,0.035439584585538336,0.07780065879900754,2,churn,0.02495234558708154,0.08955527831975592,4,churn,0.03861594302202953,0.08161082761050444,2,churn,0.030753426507442623,0.08681719406254586,4,churn,0.03189500746905256,0.05232331296254638,1,churn,0.013457665170932411,0.08747369566277467,4,churn,0.018416258758383444,0.10384190632330707,4,churn,0.017844642084528854,0.13665414909306914,8,QI-MRFO+CXM continue+elite|n100 m10 churn20 lam=1.0|402
h11_event_elite,QI-MRFO+CXM continue+elite,n100 m10 churn20 lam=1.0,churn,100,10,403,20000,4000,6.380505561828613,0.0006038824825794654,0.014912868619364889,0.09037313098306488,1.0076510780871528,4.25,0.053125,0.0,0.0687407471651078,1.0,,0.0006038824825794654,0.01101827496088413,0,churn,0.00721927069363369,0.1446509684785035,9,churn,0.021702412666957167,0.11468315319342648,4,churn,0.015687773113069424,0.060188319385514215,3,churn,0.010619636349754541,0.07133909825284337,3,churn,0.007566280245996051,0.05216616330147923,2,churn,0.010620934322994081,0.1156896320290855,7,churn,0.018942285049238117,0.0922631297232646,4,churn,0.026944356513276032,0.07200458350040208,2,QI-MRFO+CXM continue+elite|n100 m10 churn20 lam=1.0|403
h11_event_elite,QI-MRFO+CXM continue+elite,n100 m10 churn20 lam=1.0,churn,100,10,404,20000,4000,6.578627347946167,0.0008216951124264346,0.028143992583117103,0.09089162634029294,1.0200985232268371,3.875,0.0484375,0.0,0.07775371395840945,1.0,,0.0008216951124264346,0.007337636637814061,0,churn,0.019369926092724716,0.09826467087292888,5,churn,0.0221509118693135,0.14751077859068287,8,churn,0.030970654047970256,0.08916211862254152,3,churn,0.020107001534277455,0.11630089422457217,6,churn,0.024455491079928896,0.06410766334571678,3,churn,0.027048784712958657,0.08754105412301787,4,churn,0.02349040316506073,0.05344706661577309,1,churn,0.05755876816270261,0.07079876432711034,1,QI-MRFO+CXM continue+elite|n100 m10 churn20 lam=1.0|404
h11_event_elite,QI-MRFO+CXM continue+elite,n100 m10 churn20 lam=1.0,churn,100,10,405,20000,4000,6.635658025741577,0.0005619953188864004,0.020019160746311403,0.10954742263486161,1.0143966184474797,5.25,0.065625,0.0,0.08694466577040906,1.0,,0.0005619953188864004,0.019383608402145334,0,churn,0.025136352960385265,0.1619424305228298,8,churn,0.0151130904027722,0.1461417815143773,8,churn,0.0231888712429349,0.08903552682017649,3,churn,0.026481455200922953,0.11873010369185452,4,churn,0.01214144463767229,0.08806617252365193,5,churn,0.0065279480815638394,0.05238098466531961,3,churn,0.031593764200452734,0.07331171113805568,3,churn,0.01997035924378702,0.14677067020262757,8,QI-MRFO+CXM continue+elite|n100 m10 churn20 lam=1.0|405
h11_event_elite,QI-MRFO+CXM continue+elite,n100 m10 churn20 lam=1.0,churn,100,10,406,20000,4000,6.644924163818359,0.00043881550914861303,0.018440761259675413,0.10489980145569813,1.0096499552408955,5.625,0.0703125,0.0,0.08976904050425577,1.0,,0.00043881550914861303,0.02156546017113554,0,churn,0.017939201660588672,0.0857620357922632,4,churn,0.02040199873868465,0.07413707864635477,3,churn,0.009184893250136928,0.07194815711019632,3,churn,0.008402872744123853,0.13186300062160433,9,churn,0.02411881896335403,0.11751069528092742,7,churn,0.030800104848016013,0.059305155721837394,2,churn,0.02999739649354696,0.08102795413580312,3,churn,0.006680803378952176,0.21764433433659847,14,QI-MRFO+CXM continue+elite|n100 m10 churn20 lam=1.0|406
h11_event_elite,QI-MRFO+CXM continue+elite,n100 m10 churn20 lam=1.0,churn,100,10,407,20000,4000,6.949723243713379,0.0007947279982161694,0.02733799964285885,0.11793251423023761,1.0163895719218048,5.0,0.0625,0.0,0.09158878772530807,1.0,,0.0007947279982161694,0.013411488746943015,0,churn,0.016938539975454445,0.06973011756421597,3,churn,0.04332601512077229,0.05930150787719414,1,churn,0.02754779123329433,0.20231789445460252,8,churn,0.026441676502994258,0.18784284545167998,11,churn,0.02809780630043199,0.09579470552569612,4,churn,0.013126787504861499,0.0981781917718796,5,churn,0.01758014332340157,0.06833449023567799,1,churn,0.04564523718166042,0.1619603609609545,7,QI-MRFO+CXM continue+elite|n100 m10 churn20 lam=1.0|407
h11_event_elite,QI-MRFO+CXM continue+elite,n100 m10 churn20 lam=1.0,churn,100,10,408,20000,4000,7.098923206329346,0.00101189805004771,0.01953273708673174,0.1470260301775546,1.0109696773325645,8.25,0.10312500000000001,0.0,0.12460660094231002,1.0,,0.00101189805004771,0.014891943669681598,0,churn,0.014093898145275435,0.1474872772846413,9,churn,0.015650735564482904,0.13370471867548378,8,churn,0.03902697727909713,0.16170787706156753,7,churn,0.01624888506312828,0.09523230758765709,5,churn,0.01822572747061512,0.15710474169460512,9,churn,0.009284110760637182,0.1931924973490629,11,churn,0.022836977000192354,0.16721511794270458,10,churn,0.020894585410425517,0.12056370382471462,7,QI-MRFO+CXM continue+elite|n100 m10 churn20 lam=1.0|408
h11_event_elite,QI-MRFO+CXM continue+elite,n100 m10 churn20 lam=1.0,churn,100,10,409,20000,4000,6.436875820159912,0.0004398436053348557,0.02271096868807199,0.0973000175809722,1.0130024787907674,4.875,0.0609375,0.0,0.08497333034985165,1.0,,0.0004398436053348557,0.00859590819914176,0,churn,0.020294025758917894,0.14637764748066429,9,churn,0.0182576734546003,0.11443900413096489,6,churn,0.028436406636606,0.09776947721237216,5,churn,0.018681376040288147,0.07451062584288605,4,churn,0.028310215717344763,0.06526910048471882,2,churn,0.020725996464605358,0.0821599700748629,4,churn,0.025917430336332092,0.056513884147019876,2,churn,0.021064625095881355,0.14136043127428863,7,QI-MRFO+CXM continue+elite|n100 m10 churn20 lam=1.0|409
h11_event_elite,QI-MRFO+CXM continue+elite,n100 m10 churn20 lam=1.0,churn,100,10,410,20000,4000,6.379346609115601,0.0005543305277006976,0.026753978204865768,0.09361245984441105,1.018266645167402,3.875,0.0484375,0.0,0.07663022696373673,1.0,,0.0005543305277006976,0.012170506241167759,0,churn,0.011871261658949259,0.0711978766072123,3,churn,0.04914153210745622,0.18487041808033183,8,churn,0.02006205240953691,0.05868384595971495,2,churn,0.03403245148480851,0.03403245148480852,0,churn,0.03756599160470365,0.10723837269043494,5,churn,0.02404430754358408,0.08983839654884307,3,churn,0.017757942045254944,0.062099106465254045,2,churn,0.019556286784632563,0.1409392109186887,8,QI-MRFO+CXM continue+elite|n100 m10 churn20 lam=1.0|410
h11_event_elite,QI-MRFO+CXM continue+event-aware elite,n100 m10 churn20 lam=1.0,churn,100,10,401,20000,4000,6.843900918960571,0.0006964543523931145,0.01590637426964742,0.12657790195744203,1.006597215002428,7.0,0.0875,0.0,0.10475695857004197,1.0,,0.0006964543523931145,0.02062065328981568,0,churn,0.017926255694106264,0.2181041488443685,14,churn,0.010873571888306493,0.16021245753959357,9,churn,0.010737806589468178,0.06575340061946633,4,churn,0.022805156669763155,0.12658887671059627,6,churn,0.008809852127159769,0.1430190525118018,9,churn,0.013955833993135594,0.09908221090819086,5,churn,0.024018365922520993,0.10632176020941926,4,churn,0.01812415127271892,0.09354130831609976,5,QI-MRFO+CXM continue+event-aware elite|n100 m10 churn20 lam=1.0|401
h11_event_elite,QI-MRFO+CXM continue+event-aware elite,n100 m10 churn20 lam=1.0,churn,100,10,402,20000,4000,6.87713623046875,0.0010080168741667527,0.026421859148123658,0.08950962785418888,1.016312254600034,3.625,0.045312500000000006,0.0,0.0727860497472733,1.0,,0.0010080168741667527,0.005665959367311206,0,churn,0.035439584585538336,0.07780065879900754,2,churn,0.02495234558708154,0.08955527831975592,4,churn,0.03861594302202953,0.08161082761050444,2,churn,0.030753426507442623,0.08681719406254586,4,churn,0.03189500746905256,0.05232331296254638,1,churn,0.013457665170932411,0.08747369566277467,4,churn,0.018416258758383444,0.10384190632330707,4,churn,0.017844642084528854,0.13665414909306914,8,QI-MRFO+CXM continue+event-aware elite|n100 m10 churn20 lam=1.0|402
h11_event_elite,QI-MRFO+CXM continue+event-aware elite,n100 m10 churn20 lam=1.0,churn,100,10,403,20000,4000,6.4283342361450195,0.0006038824825794654,0.014912868619364889,0.09037313098306488,1.0076510780871528,4.25,0.053125,0.0,0.0687407471651078,1.0,,0.0006038824825794654,0.01101827496088413,0,churn,0.00721927069363369,0.1446509684785035,9,churn,0.021702412666957167,0.11468315319342648,4,churn,0.015687773113069424,0.060188319385514215,3,churn,0.010619636349754541,0.07133909825284337,3,churn,0.007566280245996051,0.05216616330147923,2,churn,0.010620934322994081,0.1156896320290855,7,churn,0.018942285049238117,0.0922631297232646,4,churn,0.026944356513276032,0.07200458350040208,2,QI-MRFO+CXM continue+event-aware elite|n100 m10 churn20 lam=1.0|403
h11_event_elite,QI-MRFO+CXM continue+event-aware elite,n100 m10 churn20 lam=1.0,churn,100,10,404,20000,4000,6.679616451263428,0.0008216951124264346,0.028143992583117103,0.09089162634029294,1.0200985232268371,3.875,0.0484375,0.0,0.07775371395840945,1.0,,0.0008216951124264346,0.007337636637814061,0,churn,0.019369926092724716,0.09826467087292888,5,churn,0.0221509118693135,0.14751077859068287,8,churn,0.030970654047970256,0.08916211862254152,3,churn,0.020107001534277455,0.11630089422457217,6,churn,0.024455491079928896,0.06410766334571678,3,churn,0.027048784712958657,0.08754105412301787,4,churn,0.02349040316506073,0.05344706661577309,1,churn,0.05755876816270261,0.07079876432711034,1,QI-MRFO+CXM continue+event-aware elite|n100 m10 churn20 lam=1.0|404
h11_event_elite,QI-MRFO+CXM continue+event-aware elite,n100 m10 churn20 lam=1.0,churn,100,10,405,20000,4000,6.709192752838135,0.0005619953188864004,0.020019160746311403,0.10954742263486161,1.0143966184474797,5.25,0.065625,0.0,0.08694466577040906,1.0,,0.0005619953188864004,0.019383608402145334,0,churn,0.025136352960385265,0.1619424305228298,8,churn,0.0151130904027722,0.1461417815143773,8,churn,0.0231888712429349,0.08903552682017649,3,churn,0.026481455200922953,0.11873010369185452,4,churn,0.01214144463767229,0.08806617252365193,5,churn,0.0065279480815638394,0.05238098466531961,3,churn,0.031593764200452734,0.07331171113805568,3,churn,0.01997035924378702,0.14677067020262757,8,QI-MRFO+CXM continue+event-aware elite|n100 m10 churn20 lam=1.0|405
h11_event_elite,QI-MRFO+CXM continue+event-aware elite,n100 m10 churn20 lam=1.0,churn,100,10,406,20000,4000,6.934957981109619,0.00043881550914861303,0.018440761259675413,0.10489980145569813,1.0096499552408955,5.625,0.0703125,0.0,0.08976904050425577,1.0,,0.00043881550914861303,0.02156546017113554,0,churn,0.017939201660588672,0.0857620357922632,4,churn,0.02040199873868465,0.07413707864635477,3,churn,0.009184893250136928,0.07194815711019632,3,churn,0.008402872744123853,0.13186300062160433,9,churn,0.02411881896335403,0.11751069528092742,7,churn,0.030800104848016013,0.059305155721837394,2,churn,0.02999739649354696,0.08102795413580312,3,churn,0.006680803378952176,0.21764433433659847,14,QI-MRFO+CXM continue+event-aware elite|n100 m10 churn20 lam=1.0|406
h11_event_elite,QI-MRFO+CXM continue+event-aware elite,n100 m10 churn20 lam=1.0,churn,100,10,407,20000,4000,6.893468856811523,0.0007947279982161694,0.02733799964285885,0.11793251423023761,1.0163895719218048,5.0,0.0625,0.0,0.09158878772530807,1.0,,0.0007947279982161694,0.013411488746943015,0,churn,0.016938539975454445,0.06973011756421597,3,churn,0.04332601512077229,0.05930150787719414,1,churn,0.02754779123329433,0.20231789445460252,8,churn,0.026441676502994258,0.18784284545167998,11,churn,0.02809780630043199,0.09579470552569612,4,churn,0.013126787504861499,0.0981781917718796,5,churn,0.01758014332340157,0.06833449023567799,1,churn,0.04564523718166042,0.1619603609609545,7,QI-MRFO+CXM continue+event-aware elite|n100 m10 churn20 lam=1.0|407
h11_event_elite,QI-MRFO+CXM continue+event-aware elite,n100 m10 churn20 lam=1.0,churn,100,10,408,20000,4000,6.809344530105591,0.00101189805004771,0.01953273708673174,0.1470260301775546,1.0109696773325645,8.25,0.10312500000000001,0.0,0.12460660094231002,1.0,,0.00101189805004771,0.014891943669681598,0,churn,0.014093898145275435,0.1474872772846413,9,churn,0.015650735564482904,0.13370471867548378,8,churn,0.03902697727909713,0.16170787706156753,7,churn,0.01624888506312828,0.09523230758765709,5,churn,0.01822572747061512,0.15710474169460512,9,churn,0.009284110760637182,0.1931924973490629,11,churn,0.022836977000192354,0.16721511794270458,10,churn,0.020894585410425517,0.12056370382471462,7,QI-MRFO+CXM continue+event-aware elite|n100 m10 churn20 lam=1.0|408
h11_event_elite,QI-MRFO+CXM continue+event-aware elite,n100 m10 churn20 lam=1.0,churn,100,10,409,20000,4000,6.574402809143066,0.0004398436053348557,0.02271096868807199,0.0973000175809722,1.0130024787907674,4.875,0.0609375,0.0,0.08497333034985165,1.0,,0.0004398436053348557,0.00859590819914176,0,churn,0.020294025758917894,0.14637764748066429,9,churn,0.0182576734546003,0.11443900413096489,6,churn,0.028436406636606,0.09776947721237216,5,churn,0.018681376040288147,0.07451062584288605,4,churn,0.028310215717344763,0.06526910048471882,2,churn,0.020725996464605358,0.0821599700748629,4,churn,0.025917430336332092,0.056513884147019876,2,churn,0.021064625095881355,0.14136043127428863,7,QI-MRFO+CXM continue+event-aware elite|n100 m10 churn20 lam=1.0|409
h11_event_elite,QI-MRFO+CXM continue+event-aware elite,n100 m10 churn20 lam=1.0,churn,100,10,410,20000,4000,6.468196868896484,0.0005543305277006976,0.026753978204865768,0.09361245984441105,1.018266645167402,3.875,0.0484375,0.0,0.07663022696373673,1.0,,0.0005543305277006976,0.012170506241167759,0,churn,0.011871261658949259,0.0711978766072123,3,churn,0.04914153210745622,0.18487041808033183,8,churn,0.02006205240953691,0.05868384595971495,2,churn,0.03403245148480851,0.03403245148480852,0,churn,0.03756599160470365,0.10723837269043494,5,churn,0.02404430754358408,0.08983839654884307,3,churn,0.017757942045254944,0.062099106465254045,2,churn,0.019556286784632563,0.1409392109186887,8,QI-MRFO+CXM continue+event-aware elite|n100 m10 churn20 lam=1.0|410
h11_event_elite,Chooser (cheaper of the two),n100 m10 drift lam=0.05,drift,100,10,401,20000,4000,0.024695396423339844,0.009018810988076865,0.007907884933609891,0.05099454709104877,1.0,85.5,0.855,0.0,0.05099454709104877,0.05,,0.009018810988076865,0.009018810988076865,0,drift,0.008582993687684122,0.05144777091941076,85,drift,0.0046394779370530085,0.04532737679350354,81,drift,0.007812566075273015,0.051148506416509636,86,drift,0.01216737912313697,0.053666241667185484,82,drift,0.010902089535911794,0.05335997729642017,84,drift,0.006553910327084504,0.05134555933663985,89,drift,0.007285539492104007,0.05110246046001065,87,drift,0.005319123290631705,0.05055848383871009,90,Chooser (cheaper of the two)|n100 m10 drift lam=0.05|401
h11_event_elite,Chooser (cheaper of the two),n100 m10 drift lam=0.05,drift,100,10,402,20000,4000,0.024382829666137695,0.009332960487053916,0.008948628146951654,0.052650600379052295,1.0,86.625,0.86625,0.0,0.052650600379052295,0.05,,0.009332960487053916,0.009332960487053916,0,drift,0.007146780066854369,0.05045409160972906,86,drift,0.009116582275666679,0.053013153604658324,87,drift,0.00871444401632958,0.04906302177698288,80,drift,0.007064325906786377,0.049864559757824736,85,drift,0.008831024491493252,0.05372400508136464,89,drift,0.012230851988946289,0.05626289405046561,87,drift,0.006140726319165096,0.04940477755088916,86,drift,0.012344290110371586,0.05941829960050391,93,Chooser (cheaper of the two)|n100 m10 drift lam=0.05|402
h11_event_elite,Chooser (cheaper of the two),n100 m10 drift lam=0.05,drift,100,10,403,20000,4000,0.023688793182373047,0.009608071846750561,0.006311814286509069,0.045622462294792165,1.0,78.125,0.78125,0.0,0.045622462294792165,0.05,,0.009608071846750561,0.009608071846750561,0,drift,0.005126829938134767,0.04633702996559821,82,drift,0.005160385476704961,0.039838418775651176,69,drift,0.008349318354646766,0.05221251370307398,87,drift,0.008222628131942827,0.04552686537282465,74,drift,0.00633673443769595,0.042564856877453046,72,drift,0.0066545507962335135,0.049940696480471475,86,drift,0.006439003269607795,0.04669656340039216,80,drift,0.004205063887105974,0.04186275378287261,75,Chooser (cheaper of the two)|n100 m10 drift lam=0.05|403
h11_event_elite,Chooser (cheaper of the two),n100 m10 drift lam=0.05,drift,100,10,404,20000,4000,0.023714542388916016,0.007268534893747241,0.009021508836436674,0.046293932781118124,1.0,73.875,0.73875,0.0,0.046293932781118124,0.05,,0.007268534893747241,0.007268534893747241,0,drift,0.008154959332536247,0.04747300274650508,78,drift,0.008700006809945971,0.04955235708574878,81,drift,0.009693249251153667,0.04907128597194853,78,drift,0.011292176167529176,0.05123821712614673,79,drift,0.007887033708252843,0.041147305820625125,66,drift,0.011718599730544565,0.04662289142124836,69,drift,0.008351980043345017,0.046165179294970486,75,drift,0.006374065648185906,0.039081222781751926,65,Chooser (cheaper of the two)|n100 m10 drift lam=0.05|404
h11_event_elite,Chooser (cheaper of the two),n100 m10 drift lam=0.05,drift,100,10,405,20000,4000,0.025888442993164062,0.007320026947820328,0.007723745497442145,0.05004876544797061,1.0,84.0,0.8400000000000001,0.0,0.05004876544797061,0.05,,0.007320026947820328,0.007320026947820328,0,drift,0.006809350643563448,0.049095343370593125,84,drift,0.00614313552563813,0.046388860946663626,80,drift,0.009704053987129738,0.05514073641655049,90,drift,0.004799494121979617,0.04750347262216377,85,drift,0.009045832084251719,0.05193027994783242,85,drift,0.0071073812426490565,0.04940589125484038,84,drift,0.008796997911181331,0.051166471823451055,84,drift,0.009383718463144125,0.04975906720166996,80,Chooser (cheaper of the two)|n100 m10 drift lam=0.05|405
h11_event_elite,Chooser (cheaper of the two),n100 m10 drift lam=0.05,drift,100,10,406,20000,4000,0.02332472801208496,0.00933626783458608,0.007839446401178243,0.04783545723909301,1.0,79.375,0.79375,0.0,0.04783545723909301,0.05,,0.00933626783458608,0.00933626783458608,0,drift,0.006981929207195538,0.05028215216310487,86,drift,0.006276121446249457,0.05155854691133056,90,drift,0.00685279768508199,0.046120056794800045,78,drift,0.00781807948103135,0.04813080266027274,80,drift,0.007500313551272646,0.04679282577977216,78,drift,0.007910894135976091,0.046211508113143215,76,drift,0.009731183332880897,0.05012043066619623,80,drift,0.009644252369737984,0.043467334824124265,67,Chooser (cheaper of the two)|n100 m10 drift lam=0.05|406
h11_event_elite,Chooser (cheaper of the two),n100 m10 drift lam=0.05,drift,100,10,407,20000,4000,0.02350306510925293,0.01446466589151278,0.009474385209981883,0.049598244992770005,1.0,79.5,0.7949999999999999,0.0,0.049598244992770005,0.05,,0.01446466589151278,0.01446466589151278,0,drift,0.009043253807805159,0.05293663534844484,87,drift,0.007548389478008682,0.04885787344660693,82,drift,0.008119324186687886,0.04743597782996859,78,drift,0.008010508743894704,0.04429888705867498,72,drift,0.014584718719221177,0.05009518387439389,70,drift,0.00836313427098258,0.048697659641821926,80,drift,0.011569474079486412,0.0530438225167453,82,drift,0.008556278393768461,0.05141992022550362,85,Chooser (cheaper of the two)|n100 m10 drift lam=0.05|407
h11_event_elite,Chooser (cheaper of the two),n100 m10 drift lam=0.05,drift,100,10,408,20000,4000,0.04962968826293945,0.007860113968795789,0.007909864673447033,0.04898470541922565,1.0,81.5,0.815,0.0,0.04898470541922565,0.05,,0.007860113968795789,0.007860113968795789,0,drift,0.006467694694198265,0.048739337871354656,84,drift,0.01162811951237823,0.054622314591654356,85,drift,0.0076246065332266685,0.046418153884755925,77,drift,0.006318526762413692,0.04908706414981627,85,drift,0.00679948900122304,0.04254087086076658,71,drift,0.004946989240686108,0.04464239531569335,79,drift,0.009301233450999221,0.05169188525594126,84,drift,0.01019225819245105,0.05413562142382278,87,Chooser (cheaper of the two)|n100 m10 drift lam=0.05|408
h11_event_elite,Chooser (cheaper of the two),n100 m10 drift lam=0.05,drift,100,10,409,20000,4000,0.02331829071044922,0.007106482787213532,0.009761279293049051,0.052425430382480584,1.0,84.5,0.845,0.0,0.052425430382480584,0.05,,0.007106482787213532,0.007106482787213532,0,drift,0.00953218559407349,0.054961133945806734,90,drift,0.006849695891536833,0.04712368372719833,80,drift,0.011023661222487687,0.05348665499383224,84,drift,0.01337329049371911,0.05644165533970225,85,drift,0.010464965888304036,0.055430656870333446,89,drift,0.008184642827075218,0.0505283978258124,84,drift,0.011498116437690655,0.05398103732807366,84,drift,0.007163675989505385,0.04745022302908565,80,Chooser (cheaper of the two)|n100 m10 drift lam=0.05|409
h11_event_elite,Chooser (cheaper of the two),n100 m10 drift lam=0.05,drift,100,10,410,20000,4000,0.0388035774230957,0.007534436806778124,0.010628524862568496,0.049099219000663066,1.0,76.125,0.76125,0.0,0.049099219000663066,0.05,,0.007534436806778124,0.007534436806778124,0,drift,0.012890915404954082,0.057964561140474526,89,drift,0.010610773242600135,0.052551120332168064,83,drift,0.011687527498968828,0.0516491848351782,79,drift,0.010197327069919231,0.04908992416211108,77,drift,0.01112998472241681,0.04651953418770137,70,drift,0.011388243887240357,0.04880960891106813,74,drift,0.008389683246649309,0.0431791273186586,69,drift,0.008733743827799217,0.043030691117944525,68,Chooser (cheaper of the two)|n100 m10 drift lam=0.05|410
h11_event_elite,QI-MRFO+CXM continue,n100 m10 drift lam=0.05,drift,100,10,401,20000,4000,6.7224814891815186,0.0006964543523931145,0.004136063796428476,0.049849626499330404,0.9962655535524731,57.75,0.5775,0.0,0.033124629518727446,0.05,,0.0006964543523931145,0.02062065328981568,0,drift,0.0031011688924570267,0.03991163186752596,59,drift,0.005622907479875133,0.06260623595433228,53,drift,0.008870277575124857,0.041389425116169866,43,drift,0.0032800307350396634,0.06006787452449811,59,drift,0.0013128435467873163,0.04853348027475476,65,drift,0.003022050096401638,0.047222668573764524,54,drift,0.003764066266897049,0.03829097912595764,52,drift,0.004115165778845125,0.0607747165576401,77,QI-MRFO+CXM continue|n100 m10 drift lam=0.05|401
h11_event_elite,QI-MRFO+CXM continue,n100 m10 drift lam=0.05,drift,100,10,402,20000,4000,6.674109935760498,0.0010080168741667527,0.0039033891074929687,0.055793385576744174,0.9950042320434989,55.0,0.5499999999999999,0.0,0.03151053544867134,0.05,,0.0010080168741667527,0.005665959367311206,0,drift,0.0038688168701215674,0.0535269420652232,56,drift,0.005750792007834682,0.05614089333012246,49,drift,0.002229596409464433,0.03663703569705016,50,drift,0.0053259525692720775,0.08017018148873012,63,drift,0.004048284699075461,0.06681898360040667,54,drift,0.004157660990769117,0.042797839847495675,48,drift,0.0029144068725432785,0.054786930771472175,63,drift,0.0029316024408631344,0.055468277813452926,57,QI-MRFO+CXM continue|n100 m10 drift lam=0.05|402
h11_event_elite,QI-MRFO+CXM continue,n100 m10 drift lam=0.05,drift,100,10,403,20000,4000,6.608484983444214,0.0006038824825794654,0.005846884924922545,0.05478045022335324,0.9995397586872802,47.125,0.47125,0.0,0.029543947664265838,0.05,,0.0006038824825794654,0.01101827496088413,0,drift,0.006665510924704242,0.04640408613664428,52,drift,0.004071194843716715,0.08156746091504564,61,drift,0.0073684901993446555,0.05474235367716651,50,drift,0.007423716594439433,0.033232220803055136,37,drift,0.0031310808038180287,0.023122661084316275,32,drift,0.007400239819650363,0.0706358739480768,53,drift,0.0018405296061642993,0.089604035268322,56,drift,0.008874316607542622,0.03893490995419926,36,QI-MRFO+CXM continue|n100 m10 drift lam=0.05|403
h11_event_elite,QI-MRFO+CXM continue,n100 m10 drift lam=0.05,drift,100,10,404,20000,4000,6.479604482650757,0.0008216951124264346,0.00552570371597925,0.05944629353310118,0.9965396667515798,48.625,0.48624999999999996,0.0,0.029968311334463496,0.05,,0.0008216951124264346,0.007337636637814061,0,drift,0.004326573872993853,0.06886899768868456,64,drift,0.0038726985828864587,0.08276551234487634,62,drift,0.004738889421706109,0.04305935751166976,46,drift,0.004009511393990453,0.05011857833150907,49,drift,0.008122276129888417,0.0312830247171242,32,drift,0.004592951923566219,0.03936541445532694,40,drift,0.008129064961371162,0.09746465812372845,53,drift,0.0064136634414313255,0.06264480509189012,43,QI-MRFO+CXM continue|n100 m10 drift lam=0.05|404
h11_event_elite,QI-MRFO+CXM continue,n100 m10 drift lam=0.05,drift,100,10,405,20000,4000,8.593087196350098,0.0005619953188864004,0.003961514895253135,0.04494400506082659,0.9962698378059104,48.125,0.48124999999999996,0.0,0.028119754609102866,0.05,,0.0005619953188864004,0.019383608402145334,0,drift,0.004425451377910778,0.06392778631844338,56,drift,0.003730648029674238,0.03525404360764326,45,drift,0.0019522881069636957,0.04118014596569676,51,drift,0.004207783793940089,0.032289631463060485,41,drift,0.00497424992579056,0.056512241782202446,53,drift,0.0043292959084720185,0.061010426575627504,60,drift,0.005828474764014038,0.03824630448649135,40,drift,0.0022439272552596647,0.031131460287447548,39,QI-MRFO+CXM continue|n100 m10 drift lam=0.05|405
h11_event_elite,QI-MRFO+CXM continue,n100 m10 drift lam=0.05,drift,100,10,406,20000,4000,9.011136531829834,0.00043881550914861303,0.004453650100709493,0.06023395551286878,0.9966406438421391,50.25,0.5025,0.0,0.0296886322585655,0.05,,0.00043881550914861303,0.02156546017113554,0,drift,0.0032810367729948545,0.06106156943601576,62,drift,0.0032164157102918434,0.03747323886052223,46,drift,0.002751624358033064,0.04600756325475966,54,drift,0.0037603731564956853,0.05577573547890925,47,drift,0.005838231495682161,0.040369114242178115,41,drift,0.004571222422236852,0.059920770022395965,47,drift,0.005522021660127759,0.14173993964082396,63,drift,0.0066882752298137215,0.03952371316734527,42,QI-MRFO+CXM continue|n100 m10 drift lam=0.05|406
h11_event_elite,QI-MRFO+CXM continue,n100 m10 drift lam=0.05,drift,100,10,407,20000,4000,9.36565351486206,0.0007947279982161694,0.005591536870041353,0.05566265370075737,0.9961565331183919,48.25,0.48250000000000004,0.0,0.02985139129234421,0.05,,0.0007947279982161694,0.013411488746943015,0,drift,0.005607864651809223,0.12035588623556677,70,drift,0.004439924452985483,0.07154283122493384,57,drift,0.002949676668891066,0.051205729935371355,38,drift,0.006157395258543787,0.031705609262691184,38,drift,0.0067427170402935225,0.042296828640300176,42,drift,0.004863433031461194,0.036184995325234615,44,drift,0.007965267700632408,0.04387457156602592,44,drift,0.006006016155714142,0.04813477741593507,53,QI-MRFO+CXM continue|n100 m10 drift lam=0.05|407
h11_event_elite,QI-MRFO+CXM continue,n100 m10 drift lam=0.05,drift,100,10,408,20000,4000,8.731453657150269,0.00101189805004771,0.004447753905433277,0.04877110904201447,0.9965698904492555,48.375,0.48375,0.0,0.028742904502870537,0.05,,0.00101189805004771,0.014891943669681598,0,drift,0.004504194655960241,0.07121990540316873,65,drift,0.0064735898659071395,0.04952791336584833,46,drift,0.003904324580360835,0.0392689248246759,43,drift,0.0033893008054584357,0.03760289119828571,43,drift,0.004866521020555939,0.03468445999281306,38,drift,0.006565788962251436,0.04851889032168714,57,drift,0.003746022794841253,0.03141897963084017,35,drift,0.0021322885581309334,0.0779269075987967,60,QI-MRFO+CXM continue|n100 m10 drift lam=0.05|408
h11_event_elite,QI-MRFO+CXM continue,n100 m10 drift lam=0.05,drift,100,10,409,20000,4000,7.316141366958618,0.0004398436053348557,0.003697907560623504,0.04631871870728656,0.9940000177546016,49.875,0.49875,0.0,0.028725518374454893,0.05,,0.0004398436053348557,0.00859590819914176,0,drift,0.002106106089098002,0.058608061903014805,63,drift,0.00426764685562117,0.03990680928314126,47,drift,0.004272804360611068,0.038330088041175776,44,drift,0.00415468487028945,0.04691067011930522,49,drift,0.0026552086046534805,0.06629593962958813,57,drift,0.004058347355357458,0.03655053432990657,43,drift,0.0034035702665145833,0.04437398229487875,45,drift,0.004664892082842821,0.039573664057281965,51,QI-MRFO+CXM continue|n100 m10 drift lam=0.05|409
h11_event_elite,QI-MRFO+CXM continue,n100 m10 drift lam=0.05,drift,100,10,410,20000,4000,6.99818754196167,0.0005543305277006976,0.0041649049777201805,0.047230743496682284,0.9936074399805963,45.125,0.45125000000000004,0.0,0.026811921863221164,0.05,,0.0005543305277006976,0.012170506241167759,0,drift,0.004552491867704412,0.03374538166527711,44,drift,0.00600179444792687,0.044079483907302035,43,drift,0.0021898614671269313,0.07063144590755527,58,drift,0.0017712570794221714,0.0453481803680445,54,drift,0.001547045006008644,0.08968030954775472,60,drift,0.004779235286464717,0.03488713731571338,38,drift,0.005615808983678788,0.030531739737124256,34,drift,0.006861745683428913,0.028942269524687016,30,QI-MRFO+CXM continue|n100 m10 drift lam=0.05|410
h11_event_elite,QI-MRFO+CXM continue+elite,n100 m10 drift lam=0.05,drift,100,10,401,20000,4000,6.744905471801758,0.0006964543523931145,0.004191576209469786,0.05195829830627831,0.9963221651708744,51.375,0.51375,0.0,0.02998821860485393,0.05,,0.0006964543523931145,0.02062065328981568,0,drift,0.002276713780138367,0.04195126236166624,58,drift,0.008028775134316718,0.0590668097675032,56,drift,0.004465802983223408,0.03329544427763101,36,drift,0.003028748338849209,0.07877122035969679,61,drift,0.002446054094963863,0.04623465931821249,54,drift,0.006276250732063983,0.07069745397398308,55,drift,0.0014281130274909019,0.036926001396040076,40,drift,0.005582151584711834,0.048723534995493555,51,QI-MRFO+CXM continue+elite|n100 m10 drift lam=0.05|401
h11_event_elite,QI-MRFO+CXM continue+elite,n100 m10 drift lam=0.05,drift,100,10,402,20000,4000,6.529779434204102,0.0010080168741667527,0.004284640835329892,0.05247081911152613,0.9953819501910958,50.25,0.5025,0.0,0.02951711813647559,0.05,,0.0010080168741667527,0.005665959367311206,0,drift,0.0038688168701215674,0.0535269420652232,56,drift,0.0026868639140044366,0.053506552783437314,45,drift,0.004952275518998045,0.0445608881464104,44,drift,0.004901117476934785,0.055435333996652035,53,drift,0.004322519032546684,0.0517918381545248,56,drift,0.004899098897202715,0.05094977804065551,43,drift,0.0045726959436642525,0.04374537594414142,48,drift,0.004073739029166653,0.06624984376116437,57,QI-MRFO+CXM continue+elite|n100 m10 drift lam=0.05|402
h11_event_elite,QI-MRFO+CXM continue+elite,n100 m10 drift lam=0.05,drift,100,10,403,20000,4000,6.494501352310181,0.0006038824825794654,0.003985527149101728,0.0504498666018505,0.997689978074435,47.5,0.47500000000000003,0.0,0.027827007088693727,0.05,,0.0006038824825794654,0.01101827496088413,0,drift,0.004467544899171278,0.03755385255443197,44,drift,0.0032922861422300504,0.081862091966701,58,drift,0.0027748304909287675,0.05987331798217262,57,drift,0.005045351964605799,0.024382598293748545,28,drift,0.00510343132405253,0.030567650939388093,38,drift,0.004516582806284644,0.04619828011782824,54,drift,0.0034453127638676474,0.0877760012771535,57,drift,0.0032388768016731076,0.03538513968338008,44,QI-MRFO+CXM continue+elite|n100 m10 drift lam=0.05|403
h11_event_elite,QI-MRFO+CXM continue+elite,n100 m10 drift lam=0.05,drift,100,10,404,20000,4000,7.635662794113159,0.0008216951124264346,0.004485513745960717,0.05685958936290321,0.9955077659848366,49.0,0.49,0.0,0.02909401183970213,0.05,,0.0008216951124264346,0.007337636637814061,0,drift,0.003132722470118793,0.06645606191290096,63,drift,0.004632073019442003,0.07000373163562443,57,drift,0.004878258023998627,0.04561209393064179,44,drift,0.0061647068952747144,0.058947448756024555,50,drift,0.0027768454135206474,0.035290849395618315,46,drift,0.0027439212315708214,0.03599341459014798,41,drift,0.004823554271887374,0.10175212645389535,53,drift,0.006732028641872759,0.04082098822837229,38,QI-MRFO+CXM continue+elite|n100 m10 drift lam=0.05|404
h11_event_elite,QI-MRFO+CXM continue+elite,n100 m10 drift lam=0.05,drift,100,10,405,20000,4000,8.6741464138031,0.0005619953188864004,0.003887919448258222,0.048052411244540016,0.9961961592719257,47.25,0.47250000000000003,0.0,0.02760485524060903,0.05,,0.0005619953188864004,0.019383608402145334,0,drift,0.004425451377910778,0.06392778631844338,56,drift,0.004528976853062083,0.03887704893192594,43,drift,0.0027485457166173764,0.0441099046511503,45,drift,0.002209647728039638,0.02668601126090794,38,drift,0.0017623989910683056,0.071964662256545,57,drift,0.005596190033226225,0.06829795175802421,56,drift,0.003788900171829266,0.03748253001636556,42,drift,0.006043244714312103,0.0330733947629578,41,QI-MRFO+CXM continue+elite|n100 m10 drift lam=0.05|405
h11_event_elite,QI-MRFO+CXM continue+elite,n100 m10 drift lam=0.05,drift,100,10,406,20000,4000,9.138858795166016,0.00043881550914861303,0.004937593415974932,0.061389755853308525,0.9971219070774888,50.5,0.5049999999999999,0.0,0.030312251354361067,0.05,,0.00043881550914861303,0.02156546017113554,0,drift,0.007036276929206341,0.05031431596202507,48,drift,0.004129985162647881,0.04538392760061798,49,drift,0.005336398579633776,0.06714333265691547,52,drift,0.004062000348495569,0.07378728989576513,57,drift,0.005209436159130586,0.0321762312805118,33,drift,0.0025683298242045348,0.09446033634059983,48,drift,0.008142421356414839,0.08575721023550072,58,drift,0.0030158989680659286,0.04209540285453218,59,QI-MRFO+CXM continue+elite|n100 m10 drift lam=0.05|406
h11_event_elite,QI-MRFO+CXM continue+elite,n100 m10 drift lam=0.05,drift,100,10,407,20000,4000,9.590626001358032,0.0007947279982161694,0.003696590510285533,0.061827603578751,0.9942827655427899,52.125,0.52125,0.0,0.0298547661489774,0.05,,0.0007947279982161694,0.013411488746943015,0,drift,0.003022463490709842,0.1263499036855012,68,drift,0.004356041429076302,0.08183269733999443,62,drift,0.004315946520103739,0.06249366591869627,50,drift,0.00485694292121286,0.03014277214325039,38,drift,0.0022349942592346486,0.043187929064741504,45,drift,0.0020634461149963315,0.05056250014240295,52,drift,0.0033086047991972953,0.049076482356213084,50,drift,0.005414284547753248,0.05097487797920817,52,QI-MRFO+CXM continue+elite|n100 m10 drift lam=0.05|407
h11_event_elite,QI-MRFO+CXM continue+elite,n100 m10 drift lam=0.05,drift,100,10,408,20000,4000,8.02455735206604,0.00101189805004771,0.0052858510357582655,0.046019546267198716,0.9974031368482199,47.375,0.47375,0.0,0.029095704940284385,0.05,,0.00101189805004771,0.014891943669681598,0,drift,0.004061347720206896,0.08086905917872082,63,drift,0.006634638527492544,0.04516637577584374,46,drift,0.002985852852158582,0.03158159653254635,40,drift,0.008220964311125595,0.04533648341447729,45,drift,0.010118414052535357,0.03734307400336682,37,drift,0.006261248196109444,0.048584264437044083,56,drift,0.002200600718106948,0.030259566647069865,41,drift,0.001803741908330753,0.04901595014852079,51,QI-MRFO+CXM continue+elite|n100 m10 drift lam=0.05|408
h11_event_elite,QI-MRFO+CXM continue+elite,n100 m10 drift lam=0.05,drift,100,10,409,20000,4000,8.088918685913086,0.0004398436053348557,0.004881782522211966,0.04035645035903167,0.9951714812850326,45.75,0.4575,0.0,0.02786677198468151,0.05,,0.0004398436053348557,0.00859590819914176,0,drift,0.008540981010269342,0.04608477165662538,45,drift,0.0050720550767911505,0.039471125027788094,43,drift,0.003440749110045485,0.04786673597275259,56,drift,0.007785181014222011,0.04097257974408782,45,drift,0.0016999033022152442,0.047243418647500895,50,drift,0.004235581738840366,0.04481593297800925,57,drift,0.0036791927967184416,0.02802251656584195,37,drift,0.004600616128593683,0.02837452227964734,33,QI-MRFO+CXM continue+elite|n100 m10 drift lam=0.05|409
h11_event_elite,QI-MRFO+CXM continue+elite,n100 m10 drift lam=0.05,drift,100,10,410,20000,4000,6.9300079345703125,0.0005543305277006976,0.005897620495021846,0.04886905705433007,0.9953226200833781,43.375,0.43374999999999997,0.0,0.027704817454142657,0.05,,0.0005543305277006976,0.012170506241167759,0,drift,0.0047255020911734875,0.03462096237533943,46,drift,0.00236987042062187,0.06363871332299564,57,drift,0.007369899163725578,0.09621039060846796,58,drift,0.004092913306676347,0.03996611287263984,44,drift,0.005973401318816651,0.05953110287785865,42,drift,0.005086399987457821,0.034012035513553605,40,drift,0.0153002104023349,0.035861191560916106,28,drift,0.0022627672693681143,0.027111947302869293,32,QI-MRFO+CXM continue+elite|n100 m10 drift lam=0.05|410
h11_event_elite,QI-MRFO+CXM continue+event-aware elite,n100 m10 drift lam=0.05,drift,100,10,401,20000,4000,6.7901222705841064,0.0006964543523931145,0.004191576209469786,0.05195829830627831,0.9963221651708744,51.375,0.51375,0.0,0.02998821860485393,0.05,,0.0006964543523931145,0.02062065328981568,0,drift,0.002276713780138367,0.04195126236166624,58,drift,0.008028775134316718,0.0590668097675032,56,drift,0.004465802983223408,0.03329544427763101,36,drift,0.003028748338849209,0.07877122035969679,61,drift,0.002446054094963863,0.04623465931821249,54,drift,0.006276250732063983,0.07069745397398308,55,drift,0.0014281130274909019,0.036926001396040076,40,drift,0.005582151584711834,0.048723534995493555,51,QI-MRFO+CXM continue+event-aware elite|n100 m10 drift lam=0.05|401
h11_event_elite,QI-MRFO+CXM continue+event-aware elite,n100 m10 drift lam=0.05,drift,100,10,402,20000,4000,6.574538707733154,0.0010080168741667527,0.004284640835329892,0.05247081911152613,0.9953819501910958,50.25,0.5025,0.0,0.02951711813647559,0.05,,0.0010080168741667527,0.005665959367311206,0,drift,0.0038688168701215674,0.0535269420652232,56,drift,0.0026868639140044366,0.053506552783437314,45,drift,0.004952275518998045,0.0445608881464104,44,drift,0.004901117476934785,0.055435333996652035,53,drift,0.004322519032546684,0.0517918381545248,56,drift,0.004899098897202715,0.05094977804065551,43,drift,0.0045726959436642525,0.04374537594414142,48,drift,0.004073739029166653,0.06624984376116437,57,QI-MRFO+CXM continue+event-aware elite|n100 m10 drift lam=0.05|402
h11_event_elite,QI-MRFO+CXM continue+event-aware elite,n100 m10 drift lam=0.05,drift,100,10,403,20000,4000,6.617028474807739,0.0006038824825794654,0.003985527149101728,0.0504498666018505,0.997689978074435,47.5,0.47500000000000003,0.0,0.027827007088693727,0.05,,0.0006038824825794654,0.01101827496088413,0,drift,0.004467544899171278,0.03755385255443197,44,drift,0.0032922861422300504,0.081862091966701,58,drift,0.0027748304909287675,0.05987331798217262,57,drift,0.005045351964605799,0.024382598293748545,28,drift,0.00510343132405253,0.030567650939388093,38,drift,0.004516582806284644,0.04619828011782824,54,drift,0.0034453127638676474,0.0877760012771535,57,drift,0.0032388768016731076,0.03538513968338008,44,QI-MRFO+CXM continue+event-aware elite|n100 m10 drift lam=0.05|403
h11_event_elite,QI-MRFO+CXM continue+event-aware elite,n100 m10 drift lam=0.05,drift,100,10,404,20000,4000,8.027233600616455,0.0008216951124264346,0.004485513745960717,0.05685958936290321,0.9955077659848366,49.0,0.49,0.0,0.02909401183970213,0.05,,0.0008216951124264346,0.007337636637814061,0,drift,0.003132722470118793,0.06645606191290096,63,drift,0.004632073019442003,0.07000373163562443,57,drift,0.004878258023998627,0.04561209393064179,44,drift,0.0061647068952747144,0.058947448756024555,50,drift,0.0027768454135206474,0.035290849395618315,46,drift,0.0027439212315708214,0.03599341459014798,41,drift,0.004823554271887374,0.10175212645389535,53,drift,0.006732028641872759,0.04082098822837229,38,QI-MRFO+CXM continue+event-aware elite|n100 m10 drift lam=0.05|404
h11_event_elite,QI-MRFO+CXM continue+event-aware elite,n100 m10 drift lam=0.05,drift,100,10,405,20000,4000,8.919636011123657,0.0005619953188864004,0.003887919448258222,0.048052411244540016,0.9961961592719257,47.25,0.47250000000000003,0.0,0.02760485524060903,0.05,,0.0005619953188864004,0.019383608402145334,0,drift,0.004425451377910778,0.06392778631844338,56,drift,0.004528976853062083,0.03887704893192594,43,drift,0.0027485457166173764,0.0441099046511503,45,drift,0.002209647728039638,0.02668601126090794,38,drift,0.0017623989910683056,0.071964662256545,57,drift,0.005596190033226225,0.06829795175802421,56,drift,0.003788900171829266,0.03748253001636556,42,drift,0.006043244714312103,0.0330733947629578,41,QI-MRFO+CXM continue+event-aware elite|n100 m10 drift lam=0.05|405
h11_event_elite,QI-MRFO+CXM continue+event-aware elite,n100 m10 drift lam=0.05,drift,100,10,406,20000,4000,9.244473934173584,0.00043881550914861303,0.004937593415974932,0.061389755853308525,0.9971219070774888,50.5,0.5049999999999999,0.0,0.030312251354361067,0.05,,0.00043881550914861303,0.02156546017113554,0,drift,0.007036276929206341,0.05031431596202507,48,drift,0.004129985162647881,0.04538392760061798,49,drift,0.005336398579633776,0.06714333265691547,52,drift,0.004062000348495569,0.07378728989576513,57,drift,0.005209436159130586,0.0321762312805118,33,drift,0.0025683298242045348,0.09446033634059983,48,drift,0.008142421356414839,0.08575721023550072,58,drift,0.0030158989680659286,0.04209540285453218,59,QI-MRFO+CXM continue+event-aware elite|n100 m10 drift lam=0.05|406
h11_event_elite,QI-MRFO+CXM continue+event-aware elite,n100 m10 drift lam=0.05,drift,100,10,407,20000,4000,9.112662553787231,0.0007947279982161694,0.003696590510285533,0.061827603578751,0.9942827655427899,52.125,0.52125,0.0,0.0298547661489774,0.05,,0.0007947279982161694,0.013411488746943015,0,drift,0.003022463490709842,0.1263499036855012,68,drift,0.004356041429076302,0.08183269733999443,62,drift,0.004315946520103739,0.06249366591869627,50,drift,0.00485694292121286,0.03014277214325039,38,drift,0.0022349942592346486,0.043187929064741504,45,drift,0.0020634461149963315,0.05056250014240295,52,drift,0.0033086047991972953,0.049076482356213084,50,drift,0.005414284547753248,0.05097487797920817,52,QI-MRFO+CXM continue+event-aware elite|n100 m10 drift lam=0.05|407
h11_event_elite,QI-MRFO+CXM continue+event-aware elite,n100 m10 drift lam=0.05,drift,100,10,408,20000,4000,8.273971557617188,0.00101189805004771,0.0052858510357582655,0.046019546267198716,0.9974031368482199,47.375,0.47375,0.0,0.029095704940284385,0.05,,0.00101189805004771,0.014891943669681598,0,drift,0.004061347720206896,0.08086905917872082,63,drift,0.006634638527492544,0.04516637577584374,46,drift,0.002985852852158582,0.03158159653254635,40,drift,0.008220964311125595,0.04533648341447729,45,drift,0.010118414052535357,0.03734307400336682,37,drift,0.006261248196109444,0.048584264437044083,56,drift,0.002200600718106948,0.030259566647069865,41,drift,0.001803741908330753,0.04901595014852079,51,QI-MRFO+CXM continue+event-aware elite|n100 m10 drift lam=0.05|408
h11_event_elite,QI-MRFO+CXM continue+event-aware elite,n100 m10 drift lam=0.05,drift,100,10,409,20000,4000,6.795815467834473,0.0004398436053348557,0.004881782522211966,0.04035645035903167,0.9951714812850326,45.75,0.4575,0.0,0.02786677198468151,0.05,,0.0004398436053348557,0.00859590819914176,0,drift,0.008540981010269342,0.04608477165662538,45,drift,0.0050720550767911505,0.039471125027788094,43,drift,0.003440749110045485,0.04786673597275259,56,drift,0.007785181014222011,0.04097257974408782,45,drift,0.0016999033022152442,0.047243418647500895,50,drift,0.004235581738840366,0.04481593297800925,57,drift,0.0036791927967184416,0.02802251656584195,37,drift,0.004600616128593683,0.02837452227964734,33,QI-MRFO+CXM continue+event-aware elite|n100 m10 drift lam=0.05|409
h11_event_elite,QI-MRFO+CXM continue+event-aware elite,n100 m10 drift lam=0.05,drift,100,10,410,20000,4000,6.5861310958862305,0.0005543305277006976,0.005897620495021846,0.04886905705433007,0.9953226200833781,43.375,0.43374999999999997,0.0,0.027704817454142657,0.05,,0.0005543305277006976,0.012170506241167759,0,drift,0.0047255020911734875,0.03462096237533943,46,drift,0.00236987042062187,0.06363871332299564,57,drift,0.007369899163725578,0.09621039060846796,58,drift,0.004092913306676347,0.03996611287263984,44,drift,0.005973401318816651,0.05953110287785865,42,drift,0.005086399987457821,0.034012035513553605,40,drift,0.0153002104023349,0.035861191560916106,28,drift,0.0022627672693681143,0.027111947302869293,32,QI-MRFO+CXM continue+event-aware elite|n100 m10 drift lam=0.05|410
h11_event_elite,Chooser (cheaper of the two),n100 m10 drift lam=0.2,drift,100,10,401,20000,4000,0.023221492767333984,0.009018810988076865,0.007907884933609891,0.1802545335633654,1.0,85.5,0.855,0.0,0.1802545335633654,0.2,,0.009018810988076865,0.009018810988076865,0,drift,0.008582993687684122,0.18004210261459044,85,drift,0.0046394779370530085,0.16739107336285558,81,drift,0.007812566075273015,0.1811563274402199,86,drift,0.01216737912313697,0.17816282929933164,82,drift,0.010902089535911794,0.18073364057794483,84,drift,0.006553910327084504,0.18572050636530543,89,drift,0.007285539492104007,0.18255322336372995,87,drift,0.005319123290631705,0.18627656548294547,90,Chooser (cheaper of the two)|n100 m10 drift lam=0.2|401
h11_event_elite,Chooser (cheaper of the two),n100 m10 drift lam=0.2,drift,100,10,402,20000,4000,0.026871919631958008,0.009332960487053916,0.008948628146951654,0.183756517075354,1.0,86.625,0.86625,0.0,0.183756517075354,0.2,,0.009332960487053916,0.009332960487053916,0,drift,0.007146780066854369,0.18037602623835325,86,drift,0.009116582275666679,0.1847028675916325,87,drift,0.00871444401632958,0.17010875505894232,80,drift,0.007064325906786377,0.17826526131093995,85,drift,0.008831024491493252,0.18840294685097894,89,drift,0.012230851988946289,0.1883590202350229,87,drift,0.006140726319165096,0.17919693124606148,86,drift,0.012344290110371586,0.20064032807090063,93,Chooser (cheaper of the two)|n100 m10 drift lam=0.2|402
h11_event_elite,Chooser (cheaper of the two),n100 m10 drift lam=0.2,drift,100,10,403,20000,4000,0.022296428680419922,0.009608071846750561,0.006311814286509069,0.1635544063196414,1.0,78.125,0.78125,0.0,0.1635544063196414,0.2,,0.009608071846750561,0.009608071846750561,0,drift,0.005126829938134767,0.16996763004798898,82,drift,0.005160385476704961,0.1438725186724902,69,drift,0.008349318354646766,0.18380209974835518,87,drift,0.008222628131942827,0.1574395770954705,74,drift,0.00633673443769595,0.1512492241967242,72,drift,0.0066545507962335135,0.17979913353318572,86,drift,0.006439003269607795,0.16746924379274494,80,drift,0.004205063887105974,0.15483582347017172,75,Chooser (cheaper of the two)|n100 m10 drift lam=0.2|403
h11_event_elite,Chooser (cheaper of the two),n100 m10 drift lam=0.2,drift,100,10,404,20000,4000,0.0244905948638916,0.007268534893747241,0.009021508836436674,0.15811120461516256,1.0,73.875,0.73875,0.0,0.15811120461516256,0.2,,0.007268534893747241,0.007268534893747241,0,drift,0.008154959332536247,0.16542713298841208,78,drift,0.008700006809945971,0.1721094079131572,81,drift,0.009693249251153667,0.1672053961343338,78,drift,0.011292176167529176,0.17107634000199876,79,drift,0.007887033708252843,0.14092812215774242,66,drift,0.011718599730544565,0.1513357664933596,69,drift,0.008351980043345017,0.15960477704984674,75,drift,0.006374065648185906,0.13720269418244999,65,Chooser (cheaper of the two)|n100 m10 drift lam=0.2|404
h11_event_elite,Chooser (cheaper of the two),n100 m10 drift lam=0.2,drift,100,10,405,20000,4000,0.02367877960205078,0.007320026947820328,0.007723745497442145,0.17702382529955582,1.0,84.0,0.8400000000000001,0.0,0.17702382529955582,0.2,,0.007320026947820328,0.007320026947820328,0,drift,0.006809350643563448,0.17595332155168197,84,drift,0.00614313552563813,0.16712603720974012,80,drift,0.009704053987129738,0.19145078370481294,90,drift,0.004799494121979617,0.17561540812271603,85,drift,0.009045832084251719,0.1805836235385744,85,drift,0.0071073812426490565,0.17630142129141407,84,drift,0.008796997911181331,0.17827489356025975,84,drift,0.009383718463144125,0.17088511341724716,80,Chooser (cheaper of the two)|n100 m10 drift lam=0.2|405
h11_event_elite,Chooser (cheaper of the two),n100 m10 drift lam=0.2,drift,100,10,406,20000,4000,0.022542238235473633,0.00933626783458608,0.007839446401178243,0.16782348975283737,1.0,79.375,0.79375,0.0,0.16782348975283737,0.2,,0.00933626783458608,0.00933626783458608,0,drift,0.006981929207195538,0.18018282103083305,86,drift,0.006276121446249457,0.18740582330657424,90,drift,0.00685279768508199,0.16392183412395495,78,drift,0.00781807948103135,0.16906897219799627,80,drift,0.007500313551272646,0.16467036246527128,78,drift,0.007910894135976091,0.16111335004464447,76,drift,0.009731183332880897,0.1712881726661417,80,drift,0.009644252369737984,0.14493658218728284,67,Chooser (cheaper of the two)|n100 m10 drift lam=0.2|406
h11_event_elite,Chooser (cheaper of the two),n100 m10 drift lam=0.2,drift,100,10,407,20000,4000,0.022272109985351562,0.01446466589151278,0.009474385209981883,0.16996982434113445,1.0,79.5,0.7949999999999999,0.0,0.16996982434113445,0.2,,0.01446466589151278,0.01446466589151278,0,drift,0.009043253807805159,0.18461677997036316,87,drift,0.007548389478008682,0.17278632535240215,82,drift,0.008119324186687886,0.1653859387598113,78,drift,0.008010508743894704,0.15316402200301563,72,drift,0.014584718719221177,0.15662657933991223,70,drift,0.00836313427098258,0.1697012357543398,80,drift,0.011569474079486412,0.17746686782852236,82,drift,0.008556278393768461,0.18001084572070908,85,Chooser (cheaper of the two)|n100 m10 drift lam=0.2|407
h11_event_elite,Chooser (cheaper of the two),n100 m10 drift lam=0.2,drift,100,10,408,20000,4000,0.025285959243774414,0.007860113968795789,0.007909864673447033,0.17220922765656116,1.0,81.5,0.815,0.0,0.17220922765656116,0.2,,0.007860113968795789,0.007860113968795789,0,drift,0.006467694694198265,0.17555426740282357,84,drift,0.01162811951237823,0.18360489982948244,85,drift,0.0076246065332266685,0.16279879593934354,77,drift,0.006318526762413692,0.17739267631202402,85,drift,0.00679948900122304,0.14976501643939666,71,drift,0.004946989240686108,0.1637286135407144,79,drift,0.009301233450999221,0.17886384067076697,84,drift,0.01019225819245105,0.18596571111793753,87,Chooser (cheaper of the two)|n100 m10 drift lam=0.2|408
h11_event_elite,Chooser (cheaper of the two),n100 m10 drift lam=0.2,drift,100,10,409,20000,4000,0.023026466369628906,0.007106482787213532,0.009761279293049051,0.18041788365077507,1.0,84.5,0.845,0.0,0.18041788365077507,0.2,,0.007106482787213532,0.007106482787213532,0,drift,0.00953218559407349,0.1912479790010066,90,drift,0.006849695891536833,0.16794564723418268,80,drift,0.011023661222487687,0.18087563630786557,84,drift,0.01337329049371911,0.18564674987765126,85,drift,0.010464965888304036,0.19032772981642201,89,drift,0.008184642827075218,0.17755966282202368,84,drift,0.011498116437690655,0.18142979999922268,84,drift,0.007163675989505385,0.16830986414782617,80,Chooser (cheaper of the two)|n100 m10 drift lam=0.2|409
h11_event_elite,Chooser (cheaper of the two),n100 m10 drift lam=0.2,drift,100,10,410,20000,4000,0.02291560173034668,0.007534436806778124,0.010628524862568496,0.1645113014149468,1.0,76.125,0.76125,0.0,0.1645113014149468,0.2,,0.007534436806778124,0.007534436806778124,0,drift,0.012890915404954082,0.19318549834703574,89,drift,0.010610773242600135,0.1783721616008716,83,drift,0.011687527498968828,0.17153415684380585,79,drift,0.010197327069919231,0.1657677154386868,77,drift,0.01112998472241681,0.15268818258355524,70,drift,0.011388243887240357,0.16107370398255202,74,drift,0.008389683246649309,0.14754745953468684,69,drift,0.008733743827799217,0.14592153298838012,68,Chooser (cheaper of the two)|n100 m10 drift lam=0.2|410
h11_event_elite,QI-MRFO+CXM continue,n100 m10 drift lam=0.2,drift,100,10,401,20000,4000,6.901562929153442,0.0006964543523931145,0.008213820762052699,0.11080685888940403,1.000306205108706,41.625,0.41625,0.0,0.09216184759890739,0.2,,0.0006964543523931145,0.02062065328981568,0,drift,0.0072722974050908745,0.11884675358787294,49,drift,0.005167890330298159,0.08274246068498325,31,drift,0.0060872169269983005,0.09306121653016931,36,drift,0.004425088685085891,0.13639383092722543,45,drift,0.018593934821608205,0.12093730804867117,43,drift,0.010164209594247941,0.12507292314594576,49,drift,0.006854350845501807,0.10299779454457544,41,drift,0.0071455774875904075,0.10640258364578897,39,QI-MRFO+CXM continue|n100 m10 drift lam=0.2|401
h11_event_elite,QI-MRFO+CXM continue,n100 m10 drift lam=0.2,drift,100,10,402,20000,4000,6.9824676513671875,0.0010080168741667527,0.009164627471068566,0.10901297761198471,1.0002206191861438,38.75,0.3875,0.0,0.08734564882565869,0.2,,0.0010080168741667527,0.005665959367311206,0,drift,0.011328024681324465,0.09212842640820405,35,drift,0.0034263064481744707,0.1159581232523659,43,drift,0.011940857736954665,0.1057879068960816,38,drift,0.012714376533665086,0.122005367420518,38,drift,0.008360377647951774,0.11072475532468765,39,drift,0.012225913970241756,0.08215198568061435,27,drift,0.008699290419864373,0.11398565951369527,42,drift,0.004621872330371945,0.12936159639971087,48,QI-MRFO+CXM continue|n100 m10 drift lam=0.2|402
h11_event_elite,QI-MRFO+CXM continue,n100 m10 drift lam=0.2,drift,100,10,403,20000,4000,6.641281366348267,0.0006038824825794654,0.01347099108244907,0.1387919539096697,1.0071138933650903,38.25,0.38249999999999995,0.0,0.09106355809925548,0.2,,0.0006038824825794654,0.01101827496088413,0,drift,0.0028590959908519754,0.09433298157387085,39,drift,0.03748956301637104,0.19505667239118432,41,drift,0.022861915023532766,0.2254249015069987,59,drift,0.016859856931319892,0.08172506670344269,24,drift,0.004918968033863632,0.08640468988061656,37,drift,0.008194303711897607,0.10326755714125899,35,drift,0.006213243488473141,0.23074862025780465,44,drift,0.008370982463282514,0.09337514182218092,27,QI-MRFO+CXM continue|n100 m10 drift lam=0.2|403
h11_event_elite,QI-MRFO+CXM continue,n100 m10 drift lam=0.2,drift,100,10,404,20000,4000,6.772177696228027,0.0008216951124264346,0.006896652751847233,0.11479013368149682,0.9978958804437636,38.875,0.38875000000000004,0.0,0.08519187182603688,0.2,,0.0008216951124264346,0.007337636637814061,0,drift,0.006688779849500625,0.1801985109231371,56,drift,0.006931881364613334,0.14379806445358048,49,drift,0.007665912152319306,0.09440679714323054,35,drift,0.009367850857014578,0.10544955910156296,35,drift,0.005162099965365914,0.06648006314292333,27,drift,0.0056842639915118285,0.0826168411763941,31,drift,0.008382426249233596,0.16074262038652393,46,drift,0.005290007585218691,0.08462861312462215,32,QI-MRFO+CXM continue|n100 m10 drift lam=0.2|404
h11_event_elite,QI-MRFO+CXM continue,n100 m10 drift lam=0.2,drift,100,10,405,20000,4000,6.382563591003418,0.0005619953188864004,0.0059125923471958245,0.10605582144988891,0.9982068549696269,39.125,0.39125,0.0,0.08459336115192795,0.2,,0.0005619953188864004,0.019383608402145334,0,drift,0.0036850139528971466,0.14898719614471798,50,drift,0.011118519809314345,0.08079826945347893,27,drift,0.008727045334527955,0.10171267871424895,38,drift,0.008214298738917256,0.08336504145792377,33,drift,0.0047093262723196675,0.13912118534555878,47,drift,0.002762269979086521,0.11976351684559144,47,drift,0.003298294014142175,0.09296159220292756,37,drift,0.0047859706763615315,0.08173709143466389,34,QI-MRFO+CXM continue|n100 m10 drift lam=0.2|405
h11_event_elite,QI-MRFO+CXM continue,n100 m10 drift lam=0.2,drift,100,10,406,20000,4000,6.535855293273926,0.00043881550914861303,0.00771693982860636,0.11802177862045757,0.9998809987724577,38.0,0.38,0.0,0.08427804845695555,0.2,,0.00043881550914861303,0.02156546017113554,0,drift,0.0050891717767023795,0.1383654359974875,52,drift,0.011475064877786177,0.10797464165421936,38,drift,0.007500127479403269,0.09923263697891825,32,drift,0.0048873494626743355,0.11278057119867022,37,drift,0.012376117258807856,0.08328526910019654,30,drift,0.007381401763177167,0.10781117736085177,38,drift,0.003751353007952214,0.2026582847762796,44,drift,0.009274933002347482,0.09206621189703736,33,QI-MRFO+CXM continue|n100 m10 drift lam=0.2|406
h11_event_elite,QI-MRFO+CXM continue,n100 m10 drift lam=0.2,drift,100,10,407,20000,4000,6.562573432922363,0.0007947279982161694,0.006365839796959818,0.1265764891810414,0.9969277731535058,43.25,0.4325,0.0,0.09339074715179382,0.2,,0.0007947279982161694,0.013411488746943015,0,drift,0.0022542960664180393,0.1959861476853619,60,drift,0.005612569281710145,0.15045327240455442,52,drift,0.004692127455539018,0.13061876091804267,39,drift,0.007310204481367998,0.08146893977819655,32,drift,0.002995685452094927,0.09582623025322963,35,drift,0.011972325661950613,0.09607700359262782,31,drift,0.007800161096025666,0.12809417588899952,50,drift,0.008289348880572138,0.13408738292731864,47,QI-MRFO+CXM continue|n100 m10 drift lam=0.2|407
h11_event_elite,QI-MRFO+CXM continue,n100 m10 drift lam=0.2,drift,100,10,408,20000,4000,6.8326733112335205,0.00101189805004771,0.008032720437786895,0.09932508983492769,1.0001222183497014,33.875,0.33875,0.0,0.076272354720701,0.2,,0.00101189805004771,0.014891943669681598,0,drift,0.002558072371987549,0.13724614970476628,42,drift,0.008649928855950275,0.07739566396954066,29,drift,0.004639057043507952,0.0923332528139468,34,drift,0.006126831959814037,0.08118012060053274,27,drift,0.006760774728219865,0.07458191507221328,28,drift,0.007543025297103249,0.10831010590093762,38,drift,0.020666508572332307,0.06520270565236355,20,drift,0.007317564673379934,0.1583508049651206,53,QI-MRFO+CXM continue|n100 m10 drift lam=0.2|408
h11_event_elite,QI-MRFO+CXM continue,n100 m10 drift lam=0.2,drift,100,10,409,20000,4000,6.7973175048828125,0.0004398436053348557,0.0070298855301759045,0.09970038429215045,0.9972984624616804,37.375,0.37375,0.0,0.0823103377110497,0.2,,0.0004398436053348557,0.00859590819914176,0,drift,0.008285330982212829,0.11536176436718276,46,drift,0.006710657664522456,0.08520855753899581,32,drift,0.006009890096366138,0.0957696381719643,36,drift,0.007863306904189831,0.10882722597145265,43,drift,0.006168012418391295,0.11852061755880015,40,drift,0.005774100062340987,0.08603228351116815,32,drift,0.008753944446208051,0.09939553955066152,35,drift,0.006673841667175654,0.08848744766697829,35,QI-MRFO+CXM continue|n100 m10 drift lam=0.2|409
h11_event_elite,QI-MRFO+CXM continue,n100 m10 drift lam=0.2,drift,100,10,410,20000,4000,6.610379695892334,0.0005543305277006976,0.008850689145886463,0.10102372570596371,0.9982404893875136,32.625,0.32625,0.0,0.07460534349754365,0.2,,0.0005543305277006976,0.012170506241167759,0,drift,0.01734066691612858,0.07549862260780395,22,drift,0.004865042050907641,0.12495315994695286,43,drift,0.004742977183862509,0.14081682782690955,40,drift,0.0042553610228839465,0.09794485807092966,35,drift,0.006426039582979179,0.1424352883603396,45,drift,0.014423564230948073,0.07859709930631514,24,drift,0.006014277458533475,0.08281254242899992,31,drift,0.012737584720848301,0.06513140709945897,21,QI-MRFO+CXM continue|n100 m10 drift lam=0.2|410
h11_event_elite,QI-MRFO+CXM continue+elite,n100 m10 drift lam=0.2,drift,100,10,401,20000,4000,6.730376243591309,0.0006964543523931145,0.007807813739919791,0.10619287317371294,0.9999080211351862,38.25,0.3825,0.0,0.08487561240931224,0.2,,0.0006964543523931145,0.02062065328981568,0,drift,0.004570995792527172,0.11174935660967321,47,drift,0.006873410897155791,0.10802022381173196,35,drift,0.01554027610463437,0.08540765399314676,28,drift,0.0064156717304013,0.1279937753753893,44,drift,0.004669235764900356,0.10369967295591438,42,drift,0.010108462455709073,0.10967824615127143,38,drift,0.009092865159490354,0.09572878014054967,37,drift,0.005191592014539908,0.10726527635202682,35,QI-MRFO+CXM continue+elite|n100 m10 drift lam=0.2|401
h11_event_elite,QI-MRFO+CXM continue+elite,n100 m10 drift lam=0.2,drift,100,10,402,20000,4000,6.834340810775757,0.0010080168741667527,0.009642812931645685,0.11292760603782079,1.0006939575319687,39.75,0.3975,0.0,0.08989471477666716,0.2,,0.0010080168741667527,0.005665959367311206,0,drift,0.011328024681324465,0.09212842640820405,35,drift,0.0034263064481744707,0.1159581232523659,43,drift,0.011940857736954665,0.1057879068960816,38,drift,0.011899618738016487,0.12033828635999652,43,drift,0.005345097613065065,0.11515434573314462,44,drift,0.011083458245270916,0.1120421560668923,32,drift,0.012408159880124517,0.11118249606591546,38,drift,0.009710980110234906,0.13082910751996588,45,QI-MRFO+CXM continue+elite|n100 m10 drift lam=0.2|402
h11_event_elite,QI-MRFO+CXM continue+elite,n100 m10 drift lam=0.2,drift,100,10,403,20000,4000,6.6205432415008545,0.0006038824825794654,0.006699786964722399,0.11702489862204393,1.0003865819362563,38.0,0.38,0.0,0.08322063681923128,0.2,,0.0006038824825794654,0.01101827496088413,0,drift,0.0038259198762943666,0.0933639161255023,39,drift,0.009441252294418665,0.21068151466653345,47,drift,0.008374546094787605,0.13706259794414913,51,drift,0.005458373682405098,0.07038765710950173,28,drift,0.008503841336249898,0.06400736800062756,24,drift,0.0065330256655378146,0.0936994984117948,34,drift,0.007277912020571447,0.17627675087420422,47,drift,0.004183424747514303,0.09071988584403824,34,QI-MRFO+CXM continue+elite|n100 m10 drift lam=0.2|403
h11_event_elite,QI-MRFO+CXM continue+elite,n100 m10 drift lam=0.2,drift,100,10,404,20000,4000,6.7526562213897705,0.0008216951124264346,0.006549795267299284,0.11043055711708816,0.9975551161596036,37.375,0.37375,0.0,0.08178271042433581,0.2,,0.0008216951124264346,0.007337636637814061,0,drift,0.006216879418143195,0.15050673223681005,42,drift,0.006644749219070719,0.13598874954520238,44,drift,0.0074782507969811006,0.09641767674104686,36,drift,0.00412660305516165,0.12581055680648473,44,drift,0.00853044471596807,0.05593132944773909,20,drift,0.0035753767606989026,0.08900992780700656,37,drift,0.009563537572686352,0.1465588816951423,45,drift,0.006262520599684287,0.08322060265727328,31,QI-MRFO+CXM continue+elite|n100 m10 drift lam=0.2|404
h11_event_elite,QI-MRFO+CXM continue+elite,n100 m10 drift lam=0.2,drift,100,10,405,20000,4000,6.317320108413696,0.0005619953188864004,0.006506872276724133,0.10837242748053669,0.9987964712002619,38.375,0.38375000000000004,0.0,0.08376462906797899,0.2,,0.0005619953188864004,0.019383608402145334,0,drift,0.00979633164206436,0.1471397075309819,48,drift,0.0068768147671106426,0.08772395259948199,34,drift,0.005191968464145343,0.09564097222182585,32,drift,0.006675014000046031,0.07116335556588382,26,drift,0.005003491996645704,0.14525077065007175,48,drift,0.006978710728498351,0.13415083432106428,52,drift,0.005465459583594251,0.11250409357991997,37,drift,0.006067187031688376,0.07340573337506388,30,QI-MRFO+CXM continue+elite|n100 m10 drift lam=0.2|405
h11_event_elite,QI-MRFO+CXM continue+elite,n100 m10 drift lam=0.2,drift,100,10,406,20000,4000,6.465831756591797,0.00043881550914861303,0.007777438730093782,0.10980104191181755,0.9999397893713955,37.125,0.37124999999999997,0.0,0.0825968220986491,0.2,,0.00043881550914861303,0.02156546017113554,0,drift,0.008150385762792577,0.12438928914552588,46,drift,0.00852457158281703,0.08891694887720226,33,drift,0.0074843288746979045,0.09068015046493093,28,drift,0.00467402278662289,0.1360450545872973,46,drift,0.007703032952162672,0.07832270372061993,28,drift,0.00926973183952278,0.12659608237453465,38,drift,0.006320030024036169,0.13113967905692392,42,drift,0.010093406018098229,0.10231842706750562,36,QI-MRFO+CXM continue+elite|n100 m10 drift lam=0.2|406
h11_event_elite,QI-MRFO+CXM continue+elite,n100 m10 drift lam=0.2,drift,100,10,407,20000,4000,6.808002233505249,0.0007947279982161694,0.008140633446084282,0.13393091650026748,0.99868515665712,43.0,0.43,0.0,0.0948600639491337,0.2,,0.0007947279982161694,0.013411488746943015,0,drift,0.003951217753342838,0.1837265617403061,52,drift,0.007123113986189884,0.19953202521893454,55,drift,0.006478674116644279,0.15841367252578614,49,drift,0.005532175082653954,0.07607707582853888,31,drift,0.0037721849630824784,0.0922949601608947,30,drift,0.007187619559628268,0.10244577977395407,39,drift,0.012487177446223748,0.11623167153951387,39,drift,0.018592904660908814,0.14272558521421147,49,QI-MRFO+CXM continue+elite|n100 m10 drift lam=0.2|407
h11_event_elite,QI-MRFO+CXM continue+elite,n100 m10 drift lam=0.2,drift,100,10,408,20000,4000,6.749916315078735,0.00101189805004771,0.008602071324243631,0.10319636114720923,1.0006921747174609,35.125,0.35125,0.0,0.07941319295383177,0.2,,0.00101189805004771,0.014891943669681598,0,drift,0.002755230606160521,0.148329150490489,49,drift,0.005994752286628395,0.09660519713421625,34,drift,0.0074090502315092,0.09985791045078878,36,drift,0.009401899963543441,0.07324031177788792,27,drift,0.008344610698092555,0.07597513610989023,27,drift,0.012502699790739893,0.09908550836852953,36,drift,0.0160551595277362,0.09966724279809681,26,drift,0.0063531674895388485,0.13281043204777526,46,QI-MRFO+CXM continue+elite|n100 m10 drift lam=0.2|408
h11_event_elite,QI-MRFO+CXM continue+elite,n100 m10 drift lam=0.2,drift,100,10,409,20000,4000,6.76932954788208,0.0004398436053348557,0.007194789020623724,0.10194272522675049,0.9974627268111957,36.25,0.3625,0.0,0.0801801704286042,0.2,,0.0004398436053348557,0.00859590819914176,0,drift,0.004187082419425732,0.10512339118166043,37,drift,0.00796469427533096,0.07369023029269901,24,drift,0.006885420123749414,0.09349895187414002,36,drift,0.00453202152598921,0.0984175425768169,38,drift,0.0028789126643650707,0.15191834619735411,51,drift,0.006055293793401716,0.1143801222726113,43,drift,0.016510177471528203,0.10257749245448017,31,drift,0.008544709891199488,0.07593572496424199,30,QI-MRFO+CXM continue+elite|n100 m10 drift lam=0.2|409
h11_event_elite,QI-MRFO+CXM continue+elite,n100 m10 drift lam=0.2,drift,100,10,410,20000,4000,6.704492807388306,0.0005543305277006976,0.007809273261266427,0.12036006884233069,0.9972125949083339,38.125,0.38125,0.0,0.08464094857630658,0.2,,0.0005543305277006976,0.012170506241167759,0,drift,0.006560374480126836,0.07700507027527302,31,drift,0.004726818593834513,0.17205178918369557,54,drift,0.009546977000689133,0.15206050945031402,50,drift,0.0048076758778213,0.13185889530672146,49,drift,0.01262826616068728,0.21096017570917572,45,drift,0.006358778991454511,0.08191000948923244,32,drift,0.0066244186234422865,0.07175918457207936,24,drift,0.011220876362075563,0.065274916752154,20,QI-MRFO+CXM continue+elite|n100 m10 drift lam=0.2|410
h11_event_elite,QI-MRFO+CXM continue+event-aware elite,n100 m10 drift lam=0.2,drift,100,10,401,20000,4000,6.53220272064209,0.0006964543523931145,0.007807813739919791,0.10619287317371294,0.9999080211351862,38.25,0.3825,0.0,0.08487561240931224,0.2,,0.0006964543523931145,0.02062065328981568,0,drift,0.004570995792527172,0.11174935660967321,47,drift,0.006873410897155791,0.10802022381173196,35,drift,0.01554027610463437,0.08540765399314676,28,drift,0.0064156717304013,0.1279937753753893,44,drift,0.004669235764900356,0.10369967295591438,42,drift,0.010108462455709073,0.10967824615127143,38,drift,0.009092865159490354,0.09572878014054967,37,drift,0.005191592014539908,0.10726527635202682,35,QI-MRFO+CXM continue+event-aware elite|n100 m10 drift lam=0.2|401
h11_event_elite,QI-MRFO+CXM continue+event-aware elite,n100 m10 drift lam=0.2,drift,100,10,402,20000,4000,6.708055734634399,0.0010080168741667527,0.009642812931645685,0.11292760603782079,1.0006939575319687,39.75,0.3975,0.0,0.08989471477666716,0.2,,0.0010080168741667527,0.005665959367311206,0,drift,0.011328024681324465,0.09212842640820405,35,drift,0.0034263064481744707,0.1159581232523659,43,drift,0.011940857736954665,0.1057879068960816,38,drift,0.011899618738016487,0.12033828635999652,43,drift,0.005345097613065065,0.11515434573314462,44,drift,0.011083458245270916,0.1120421560668923,32,drift,0.012408159880124517,0.11118249606591546,38,drift,0.009710980110234906,0.13082910751996588,45,QI-MRFO+CXM continue+event-aware elite|n100 m10 drift lam=0.2|402
h11_event_elite,QI-MRFO+CXM continue+event-aware elite,n100 m10 drift lam=0.2,drift,100,10,403,20000,4000,6.866748332977295,0.0006038824825794654,0.006699786964722399,0.11702489862204393,1.0003865819362563,38.0,0.38,0.0,0.08322063681923128,0.2,,0.0006038824825794654,0.01101827496088413,0,drift,0.0038259198762943666,0.0933639161255023,39,drift,0.009441252294418665,0.21068151466653345,47,drift,0.008374546094787605,0.13706259794414913,51,drift,0.005458373682405098,0.07038765710950173,28,drift,0.008503841336249898,0.06400736800062756,24,drift,0.0065330256655378146,0.0936994984117948,34,drift,0.007277912020571447,0.17627675087420422,47,drift,0.004183424747514303,0.09071988584403824,34,QI-MRFO+CXM continue+event-aware elite|n100 m10 drift lam=0.2|403
h11_event_elite,QI-MRFO+CXM continue+event-aware elite,n100 m10 drift lam=0.2,drift,100,10,404,20000,4000,6.7845799922943115,0.0008216951124264346,0.006549795267299284,0.11043055711708816,0.9975551161596036,37.375,0.37375,0.0,0.08178271042433581,0.2,,0.0008216951124264346,0.007337636637814061,0,drift,0.006216879418143195,0.15050673223681005,42,drift,0.006644749219070719,0.13598874954520238,44,drift,0.0074782507969811006,0.09641767674104686,36,drift,0.00412660305516165,0.12581055680648473,44,drift,0.00853044471596807,0.05593132944773909,20,drift,0.0035753767606989026,0.08900992780700656,37,drift,0.009563537572686352,0.1465588816951423,45,drift,0.006262520599684287,0.08322060265727328,31,QI-MRFO+CXM continue+event-aware elite|n100 m10 drift lam=0.2|404
h11_event_elite,QI-MRFO+CXM continue+event-aware elite,n100 m10 drift lam=0.2,drift,100,10,405,20000,4000,6.428759574890137,0.0005619953188864004,0.006506872276724133,0.10837242748053669,0.9987964712002619,38.375,0.38375000000000004,0.0,0.08376462906797899,0.2,,0.0005619953188864004,0.019383608402145334,0,drift,0.00979633164206436,0.1471397075309819,48,drift,0.0068768147671106426,0.08772395259948199,34,drift,0.005191968464145343,0.09564097222182585,32,drift,0.006675014000046031,0.07116335556588382,26,drift,0.005003491996645704,0.14525077065007175,48,drift,0.006978710728498351,0.13415083432106428,52,drift,0.005465459583594251,0.11250409357991997,37,drift,0.006067187031688376,0.07340573337506388,30,QI-MRFO+CXM continue+event-aware elite|n100 m10 drift lam=0.2|405
h11_event_elite,QI-MRFO+CXM continue+event-aware elite,n100 m10 drift lam=0.2,drift,100,10,406,20000,4000,6.62712025642395,0.00043881550914861303,0.007777438730093782,0.10980104191181755,0.9999397893713955,37.125,0.37124999999999997,0.0,0.0825968220986491,0.2,,0.00043881550914861303,0.02156546017113554,0,drift,0.008150385762792577,0.12438928914552588,46,drift,0.00852457158281703,0.08891694887720226,33,drift,0.0074843288746979045,0.09068015046493093,28,drift,0.00467402278662289,0.1360450545872973,46,drift,0.007703032952162672,0.07832270372061993,28,drift,0.00926973183952278,0.12659608237453465,38,drift,0.006320030024036169,0.13113967905692392,42,drift,0.010093406018098229,0.10231842706750562,36,QI-MRFO+CXM continue+event-aware elite|n100 m10 drift lam=0.2|406
h11_event_elite,QI-MRFO+CXM continue+event-aware elite,n100 m10 drift lam=0.2,drift,100,10,407,20000,4000,6.869855642318726,0.0007947279982161694,0.008140633446084282,0.13393091650026748,0.99868515665712,43.0,0.43,0.0,0.0948600639491337,0.2,,0.0007947279982161694,0.013411488746943015,0,drift,0.003951217753342838,0.1837265617403061,52,drift,0.007123113986189884,0.19953202521893454,55,drift,0.006478674116644279,0.15841367252578614,49,drift,0.005532175082653954,0.07607707582853888,31,drift,0.0037721849630824784,0.0922949601608947,30,drift,0.007187619559628268,0.10244577977395407,39,drift,0.012487177446223748,0.11623167153951387,39,drift,0.018592904660908814,0.14272558521421147,49,QI-MRFO+CXM continue+event-aware elite|n100 m10 drift lam=0.2|407
h11_event_elite,QI-MRFO+CXM continue+event-aware elite,n100 m10 drift lam=0.2,drift,100,10,408,20000,4000,6.535557746887207,0.00101189805004771,0.008602071324243631,0.10319636114720923,1.0006921747174609,35.125,0.35125,0.0,0.07941319295383177,0.2,,0.00101189805004771,0.014891943669681598,0,drift,0.002755230606160521,0.148329150490489,49,drift,0.005994752286628395,0.09660519713421625,34,drift,0.0074090502315092,0.09985791045078878,36,drift,0.009401899963543441,0.07324031177788792,27,drift,0.008344610698092555,0.07597513610989023,27,drift,0.012502699790739893,0.09908550836852953,36,drift,0.0160551595277362,0.09966724279809681,26,drift,0.0063531674895388485,0.13281043204777526,46,QI-MRFO+CXM continue+event-aware elite|n100 m10 drift lam=0.2|408
h11_event_elite,QI-MRFO+CXM continue+event-aware elite,n100 m10 drift lam=0.2,drift,100,10,409,20000,4000,6.531078577041626,0.0004398436053348557,0.007194789020623724,0.10194272522675049,0.9974627268111957,36.25,0.3625,0.0,0.0801801704286042,0.2,,0.0004398436053348557,0.00859590819914176,0,drift,0.004187082419425732,0.10512339118166043,37,drift,0.00796469427533096,0.07369023029269901,24,drift,0.006885420123749414,0.09349895187414002,36,drift,0.00453202152598921,0.0984175425768169,38,drift,0.0028789126643650707,0.15191834619735411,51,drift,0.006055293793401716,0.1143801222726113,43,drift,0.016510177471528203,0.10257749245448017,31,drift,0.008544709891199488,0.07593572496424199,30,QI-MRFO+CXM continue+event-aware elite|n100 m10 drift lam=0.2|409
h11_event_elite,QI-MRFO+CXM continue+event-aware elite,n100 m10 drift lam=0.2,drift,100,10,410,20000,4000,6.751464366912842,0.0005543305277006976,0.007809273261266427,0.12036006884233069,0.9972125949083339,38.125,0.38125,0.0,0.08464094857630658,0.2,,0.0005543305277006976,0.012170506241167759,0,drift,0.006560374480126836,0.07700507027527302,31,drift,0.004726818593834513,0.17205178918369557,54,drift,0.009546977000689133,0.15206050945031402,50,drift,0.0048076758778213,0.13185889530672146,49,drift,0.01262826616068728,0.21096017570917572,45,drift,0.006358778991454511,0.08191000948923244,32,drift,0.0066244186234422865,0.07175918457207936,24,drift,0.011220876362075563,0.065274916752154,20,QI-MRFO+CXM continue+event-aware elite|n100 m10 drift lam=0.2|410
h11_event_elite,Chooser (cheaper of the two),n100 m10 drift lam=1.0,drift,100,10,401,20000,4000,0.02394390106201172,0.009018810988076865,0.24269814045762472,0.6698001597574632,1.232929852431068,42.375,0.42374999999999996,0.0,0.6698001597574632,1.0,,0.009018810988076865,0.009018810988076865,0,drift,0.30670714986994657,0.30670714986994657,0,drift,0.44807987038581265,0.44807987038581265,0,drift,0.007812566075273015,0.854375121578502,84,drift,0.01216737912313697,0.8421446300041091,82,drift,0.5955229420343421,0.5955229420343421,0,drift,0.006553910327084504,0.8822558123116481,87,drift,0.5594221825547705,0.5594221825547705,0,drift,0.005319123290631705,0.8698935693205748,86,Chooser (cheaper of the two)|n100 m10 drift lam=1.0|401
h11_event_elite,Chooser (cheaper of the two),n100 m10 drift lam=1.0,drift,100,10,402,20000,4000,0.023490190505981445,0.009332960487053916,0.2360291810042421,0.6767591226230362,1.2253550885244038,43.625,0.43625,0.0,0.6767591226230362,1.0,,0.009332960487053916,0.009332960487053916,0,drift,0.5074667947053435,0.5074667947053435,0,drift,0.009116582275666679,0.8870480088554968,87,drift,0.24704470563115388,0.24704470563115388,0,drift,0.007064325906786377,0.832857073150351,82,drift,0.618221419543903,0.618221419543903,0,drift,0.012230851988946289,0.9434832358187769,92,drift,0.47474447787176577,0.47474447787176577,0,drift,0.012344290110371586,0.9032072654074985,88,Chooser (cheaper of the two)|n100 m10 drift lam=1.0|402
h11_event_elite,Chooser (cheaper of the two),n100 m10 drift lam=1.0,drift,100,10,403,20000,4000,0.02287769317626953,0.009608071846750561,0.30266241459093357,0.7292288058183549,1.2945802518655625,42.375,0.42374999999999996,0.0,0.7292288058183549,1.0,,0.009608071846750561,0.009608071846750561,0,drift,0.5387294758416077,0.5387294758416077,0,drift,0.005160385476704961,0.8997531285509723,89,drift,0.008349318354646766,0.8856132253231895,87,drift,0.6038653699992814,0.6038653699992814,0,drift,0.6625833053489177,0.6625833053489177,0,drift,0.0066545507962335135,0.8421778279571075,83,drift,0.006439003269607795,0.8115902058852942,80,drift,0.5895179076404684,0.5895179076404684,0,Chooser (cheaper of the two)|n100 m10 drift lam=1.0|403
h11_event_elite,Chooser (cheaper of the two),n100 m10 drift lam=1.0,drift,100,10,404,20000,4000,0.024354219436645508,0.007268534893747241,0.25258681916690606,0.6398482640666174,1.2413231660613175,38.375,0.38375,0.0,0.6398482640666174,1.0,,0.007268534893747241,0.007268534893747241,0,drift,0.008154959332536247,0.7945158276119144,78,drift,0.008700006809945971,0.8257470123260023,81,drift,0.5620626610691519,0.5620626610691519,0,drift,0.011292176167529176,0.8102129953398772,79,drift,0.22844143204117107,0.22844143204117107,0,drift,0.6713487981742849,0.6713487981742849,0,drift,0.008351980043345017,0.704114846273253,69,drift,0.5223425396972842,0.5223425396972842,0,Chooser (cheaper of the two)|n100 m10 drift lam=1.0|404
h11_event_elite,Chooser (cheaper of the two),n100 m10 drift lam=1.0,drift,100,10,405,20000,4000,0.02354717254638672,0.007320026947820328,0.31252427723710885,0.6324269873189418,1.302258211822112,31.75,0.3175,0.0,0.6324269873189418,1.0,,0.007320026947820328,0.007320026947820328,0,drift,0.006809350643563448,0.8525292051841564,84,drift,0.202628675548443,0.202628675548443,0,drift,0.8224340453554599,0.8224340453554599,0,drift,0.3855641219267358,0.3855641219267358,0,drift,0.7249314215566255,0.7249314215566255,0,drift,0.0071073812426490565,0.8732197291113272,86,drift,0.008796997911181331,0.8561864761565734,84,drift,0.34192222371221276,0.34192222371221276,0,Chooser (cheaper of the two)|n100 m10 drift lam=1.0|405
h11_event_elite,Chooser (cheaper of the two),n100 m10 drift lam=1.0,drift,100,10,406,20000,4000,0.02282857894897461,0.00933626783458608,0.37485182394707495,0.6821551534082533,1.364073792916671,30.5,0.305,0.0,0.6821551534082533,1.0,,0.00933626783458608,0.00933626783458608,0,drift,0.006981929207195538,0.8729863883253837,86,drift,0.4675762846177501,0.4675762846177501,0,drift,0.6328963983286539,0.6328963983286539,0,drift,0.00781807948103135,0.8443070854502875,83,drift,0.6421709367025693,0.6421709367025693,0,drift,0.007910894135976091,0.7638440647379581,75,drift,0.5811232696107698,0.5811232696107698,0,drift,0.6523367994926539,0.6523367994926539,0,Chooser (cheaper of the two)|n100 m10 drift lam=1.0|406
h11_event_elite,Chooser (cheaper of the two),n100 m10 drift lam=1.0,drift,100,10,407,20000,4000,0.020194530487060547,0.01446466589151278,0.22478353612932922,0.6537347930034823,1.2133084213136143,42.5,0.425,0.0,0.6537347930034823,1.0,,0.01446466589151278,0.01446466589151278,0,drift,0.009043253807805159,0.886910884620596,87,drift,0.7790635587085484,0.7790635587085484,0,drift,0.008119324186687886,0.8751019429872393,86,drift,0.2917877440484637,0.2917877440484637,0,drift,0.4153531525276109,0.4153531525276109,0,drift,0.2747755032822629,0.2747755032822629,0,drift,0.011569474079486412,0.8410564428246651,82,drift,0.008556278393768461,0.8658291150284718,85,Chooser (cheaper of the two)|n100 m10 drift lam=1.0|407
h11_event_elite,Chooser (cheaper of the two),n100 m10 drift lam=1.0,drift,100,10,408,20000,4000,0.023334741592407227,0.007860113968795789,0.40462809012240275,0.7133612535543239,1.3936729942868187,30.625,0.30624999999999997,0.0,0.7133612535543239,1.0,,0.007860113968795789,0.007860113968795789,0,drift,0.006467694694198265,0.8519005582373248,84,drift,0.5642450414067632,0.5642450414067632,0,drift,0.0076246065332266685,0.7834955535638112,77,drift,0.6375231219581776,0.6375231219581776,0,drift,0.6532569893788654,0.6532569893788654,0,drift,0.633909775003709,0.633909775003709,0,drift,0.7238052338118307,0.7238052338118307,0,drift,0.01019225819245105,0.8587537550741098,84,Chooser (cheaper of the two)|n100 m10 drift lam=1.0|408
h11_event_elite,Chooser (cheaper of the two),n100 m10 drift lam=1.0,drift,100,10,409,20000,4000,0.0227816104888916,0.007106482787213532,0.43600555554732845,0.649535855159129,1.4222912455813945,21.125,0.21125,0.0,0.649535855159129,1.0,,0.007106482787213532,0.007106482787213532,0,drift,0.5640905334785594,0.5640905334785594,0,drift,0.4611432321591879,0.4611432321591879,0,drift,0.6102361678407509,0.6102361678407509,0,drift,0.01337329049371911,0.8747405874133802,85,drift,0.7720649856344692,0.7720649856344692,0,drift,0.008184642827075218,0.8550597428018184,84,drift,0.3586542346248401,0.3586542346248401,0,drift,0.700297357320026,0.700297357320026,0,Chooser (cheaper of the two)|n100 m10 drift lam=1.0|409
h11_event_elite,Chooser (cheaper of the two),n100 m10 drift lam=1.0,drift,100,10,410,20000,4000,0.0264742374420166,0.007534436806778124,0.2555203352718164,0.6293977398205521,1.2423710380732944,37.0,0.37,0.0,0.6293977398205521,1.0,,0.007534436806778124,0.007534436806778124,0,drift,0.3385121683968381,0.3385121683968381,0,drift,0.8170938087016375,0.8170938087016375,0,drift,0.011687527498968828,0.8210375494981439,80,drift,0.010197327069919231,0.7880492689137569,77,drift,0.01112998472241681,0.7189209740281085,70,drift,0.24052416753903594,0.24052416753903594,0,drift,0.6062839544179156,0.6062839544179156,0,drift,0.008733743827799217,0.7047600270689808,69,Chooser (cheaper of the two)|n100 m10 drift lam=1.0|410
h11_event_elite,QI-MRFO+CXM continue,n100 m10 drift lam=1.0,drift,100,10,401,20000,4000,6.511395692825317,0.0006964543523931145,0.03943234328245236,0.2806773014218363,1.0313036160957616,20.75,0.20750000000000002,0.0,0.25500999579115025,1.0,,0.0006964543523931145,0.02062065328981568,0,drift,0.04587648534684786,0.2312615041322575,16,drift,0.04331666415055318,0.275662976901978,21,drift,0.023323707180265572,0.2313987584089106,18,drift,0.011172987893523249,0.3278957424986492,27,drift,0.038684263216773346,0.3331527713570466,26,drift,0.10223251113662932,0.36607842919122413,21,drift,0.026597049892165353,0.2543147205515381,20,drift,0.024255077442861008,0.22565350833308612,17,QI-MRFO+CXM continue|n100 m10 drift lam=1.0|401
h11_event_elite,QI-MRFO+CXM continue,n100 m10 drift lam=1.0,drift,100,10,402,20000,4000,6.760896444320679,0.0010080168741667527,0.028234553040071192,0.28510739152623177,1.0191271465617486,21.375,0.21375,0.0,0.2465755761973839,1.0,,0.0010080168741667527,0.005665959367311206,0,drift,0.012682794889165615,0.2814853874411081,24,drift,0.013604585895936886,0.3058659209694544,25,drift,0.10680444834818943,0.21987647483206238,9,drift,0.016092759551436374,0.29592750794118794,23,drift,0.020512935371401076,0.3503344718620171,25,drift,0.013454271620521482,0.24651389265961215,20,drift,0.02797226644890538,0.26465988325670564,19,drift,0.014752362195013276,0.316195593247706,26,QI-MRFO+CXM continue|n100 m10 drift lam=1.0|402
h11_event_elite,QI-MRFO+CXM continue,n100 m10 drift lam=1.0,drift,100,10,403,20000,4000,6.660200595855713,0.0006038824825794654,0.0251480086853674,0.2758758823619648,1.0187218338443038,19.25,0.1925,0.0,0.2216486083269169,1.0,,0.0006038824825794654,0.01101827496088413,0,drift,0.045483426765884856,0.2497838319697582,17,drift,0.013128221483061562,0.3659511577496318,27,drift,0.01609748036736448,0.38398671001192686,27,drift,0.02923798479950983,0.13446279824963178,9,drift,0.04495584055233417,0.12475538212026964,7,drift,0.022915391641823747,0.2714304167347418,19,drift,0.00802994085734706,0.44436931010271874,30,drift,0.021335783015613497,0.23226745195703918,18,QI-MRFO+CXM continue|n100 m10 drift lam=1.0|403
h11_event_elite,QI-MRFO+CXM continue,n100 m10 drift lam=1.0,drift,100,10,404,20000,4000,6.944792747497559,0.0008216951124264346,0.07940234437345203,0.37418953761356205,1.0697525067076856,20.625,0.20625,0.0,0.30195036473078524,1.0,,0.0008216951124264346,0.007337636637814061,0,drift,0.15368555200300452,0.3826954077360839,16,drift,0.12523031501823517,0.546137492022338,25,drift,0.07176902617135937,0.39308147091956785,25,drift,0.12269757710335476,0.36071424088850135,18,drift,0.03397448380772044,0.273446226605688,12,drift,0.006381855683516247,0.2542358938492124,22,drift,0.10377416587846064,0.5033215938008326,24,drift,0.017705779321965116,0.2798839750862722,23,QI-MRFO+CXM continue|n100 m10 drift lam=1.0|404
h11_event_elite,QI-MRFO+CXM continue,n100 m10 drift lam=1.0,drift,100,10,405,20000,4000,6.570671558380127,0.0005619953188864004,0.034575601699721015,0.2690869687755345,1.026660519899023,18.625,0.18625,0.0,0.2263423254839808,1.0,,0.0005619953188864004,0.019383608402145334,0,drift,0.03437292251675266,0.4234029447500693,29,drift,0.10249825744482725,0.24330191835519602,12,drift,0.0496069979130518,0.2437965618688065,15,drift,0.02362857559876975,0.17338614347214812,12,drift,0.010053744117879604,0.3539039849789846,26,drift,0.012830415739299703,0.3529664910871035,28,drift,0.014592759823701913,0.2132621445611617,17,drift,0.02902114044348542,0.1486755611308062,10,QI-MRFO+CXM continue|n100 m10 drift lam=1.0|405
h11_event_elite,QI-MRFO+CXM continue,n100 m10 drift lam=1.0,drift,100,10,406,20000,4000,6.639912366867065,0.00043881550914861303,0.0793478646202394,0.30112382847192926,1.0709360190543915,16.875,0.16875,0.0,0.25985776724451315,1.0,,0.00043881550914861303,0.02156546017113554,0,drift,0.0228784835844276,0.3477053008932067,27,drift,0.15214502538642663,0.2686001588799917,10,drift,0.08548731630656452,0.22850790814385788,11,drift,0.008243017981654357,0.3353980745110906,23,drift,0.015733111050706787,0.17918500009471555,15,drift,0.09298301848480818,0.35892451079253057,17,drift,0.23120037665633378,0.462551839105067,17,drift,0.026112567510993365,0.22811783535497393,15,QI-MRFO+CXM continue|n100 m10 drift lam=1.0|406
h11_event_elite,QI-MRFO+CXM continue,n100 m10 drift lam=1.0,drift,100,10,407,20000,4000,6.588336706161499,0.0007947279982161694,0.06878401796604747,0.35841950885474,1.0588017155665643,19.875,0.19875,0.0,0.28262244513933876,1.0,,0.0007947279982161694,0.013411488746943015,0,drift,0.09048631910217649,0.4794142207100177,26,drift,0.13300293495137644,0.4775475968884174,25,drift,0.12573231635297577,0.5451671300813494,23,drift,0.009294183846593942,0.24717854925694127,20,drift,0.020344433078737373,0.24242867945353955,17,drift,0.027127993101972402,0.19807500424596952,12,drift,0.06044335757785436,0.2952605899413159,16,drift,0.08384060571669287,0.3822843002603692,20,QI-MRFO+CXM continue|n100 m10 drift lam=1.0|407
h11_event_elite,QI-MRFO+CXM continue,n100 m10 drift lam=1.0,drift,100,10,408,20000,4000,6.554818868637085,0.00101189805004771,0.03214123712463852,0.2475416741039288,1.0240517651416914,17.625,0.17625,0.0,0.213899853780799,1.0,,0.00101189805004771,0.014891943669681598,0,drift,0.06289723451099767,0.3715107100285616,23,drift,0.021550692649838415,0.24492279926401797,21,drift,0.05051318970435859,0.272831080910744,16,drift,0.029344300767921234,0.13507776253805703,9,drift,0.016110267863976097,0.19413734730024332,15,drift,0.017764054264538896,0.21840983063618108,16,drift,0.04706181192195756,0.18634040212132655,12,drift,0.011888345313519682,0.35710346003229887,29,QI-MRFO+CXM continue|n100 m10 drift lam=1.0|408
h11_event_elite,QI-MRFO+CXM continue,n100 m10 drift lam=1.0,drift,100,10,409,20000,4000,6.673794269561768,0.0004398436053348557,0.03173762393345808,0.22101356002800718,1.0217874064133352,16.0,0.16000000000000003,0.0,0.1957831683377484,1.0,,0.0004398436053348557,0.00859590819914176,0,drift,0.01268015004391623,0.28918361129847747,23,drift,0.09920884193757676,0.19402252908549436,7,drift,0.029730163326342027,0.19945588480515178,15,drift,0.03563126346933879,0.2146927483946224,15,drift,0.014442048938915276,0.2855014369921239,23,drift,0.019295956936580157,0.21753719001964078,17,drift,0.02368989540676924,0.21391323336166654,16,drift,0.01922267140822613,0.1538018462668804,12,QI-MRFO+CXM continue|n100 m10 drift lam=1.0|409
h11_event_elite,QI-MRFO+CXM continue,n100 m10 drift lam=1.0,drift,100,10,410,20000,4000,6.9068825244903564,0.0005543305277006976,0.0928185886406908,0.3152599286809772,1.0812797987830145,16.5,0.16500000000000004,0.0,0.2736056606277083,1.0,,0.0005543305277006976,0.012170506241167759,0,drift,0.03497581050873562,0.15265329469936412,10,drift,0.15820336822782344,0.4278884810671611,16,drift,0.3085211818954321,0.5796845526120425,17,drift,0.010868268947930167,0.3803461815585021,26,drift,0.16305450793624948,0.45202155723658205,20,drift,0.016701901469800242,0.12996280035633045,10,drift,0.01799399052723068,0.21923631559056872,19,drift,0.03222967961232465,0.18028624632726625,14,QI-MRFO+CXM continue|n100 m10 drift lam=1.0|410
h11_event_elite,QI-MRFO+CXM continue+elite,n100 m10 drift lam=1.0,drift,100,10,401,20000,4000,6.68111252784729,0.0006964543523931145,0.04155185863233149,0.2813986503569035,1.0334124268241436,19.625,0.19625,0.0,0.2451848170596075,1.0,,0.0006964543523931145,0.02062065328981568,0,drift,0.044208193045763323,0.2118525610552654,15,drift,0.08569203998113196,0.2635127615154103,14,drift,0.009340716037836119,0.2487865082496515,22,drift,0.0352720366114967,0.3394822020532283,24,drift,0.026167211932610155,0.3268434580315591,24,drift,0.09336175877173924,0.3344193876091799,17,drift,0.017131048236536054,0.26823449318748527,23,drift,0.021241864441538392,0.2580578311534477,18,QI-MRFO+CXM continue+elite|n100 m10 drift lam=1.0|401
h11_event_elite,QI-MRFO+CXM continue+elite,n100 m10 drift lam=1.0,drift,100,10,402,20000,4000,6.7510857582092285,0.0010080168741667527,0.08005426836257859,0.3313810503620291,1.0705090689587768,19.75,0.1975,0.0,0.29287779932274227,1.0,,0.0010080168741667527,0.005665959367311206,0,drift,0.16094443133555636,0.3623683600831143,14,drift,0.09032187578861639,0.4076320011139213,25,drift,0.06337027375389039,0.2305270638059988,14,drift,0.10806839468939045,0.33247582594554326,18,drift,0.07179820433958672,0.3681028278843985,22,drift,0.02557277695144152,0.2692826458820233,20,drift,0.03696597755983651,0.2795596752630425,20,drift,0.08339221248231045,0.4011000029181908,25,QI-MRFO+CXM continue+elite|n100 m10 drift lam=1.0|402
h11_event_elite,QI-MRFO+CXM continue+elite,n100 m10 drift lam=1.0,drift,100,10,403,20000,4000,6.424235582351685,0.0006038824825794654,0.07265680646984918,0.32009703176845195,1.065892382347246,17.25,0.17250000000000001,0.0,0.25877478731116266,1.0,,0.0006038824825794654,0.01101827496088413,0,drift,0.03766894420644634,0.22839274325877518,16,drift,0.08973371226376677,0.39370975714052203,22,drift,0.18406936201275112,0.5480489077617051,22,drift,0.040804340895319015,0.271788809894376,17,drift,0.03787878179256205,0.12789387501599148,7,drift,0.11421757077241382,0.3177813298414626,13,drift,0.05753968357208311,0.4827313061658509,27,drift,0.01934205624345122,0.19042952506893218,14,QI-MRFO+CXM continue+elite|n100 m10 drift lam=1.0|403
h11_event_elite,QI-MRFO+CXM continue+elite,n100 m10 drift lam=1.0,drift,100,10,404,20000,4000,6.866729497909546,0.0008216951124264346,0.07076856363702425,0.3427685358032859,1.061225038340912,20.0,0.2,0.0,0.28605278213771723,1.0,,0.0008216951124264346,0.007337636637814061,0,drift,0.07366464524885435,0.3794068453092686,21,drift,0.013766286850430546,0.4018298925547409,31,drift,0.037594120278243603,0.26413363091732533,18,drift,0.05532083955115728,0.3099555259794056,19,drift,0.012177944312756138,0.14831388475505464,11,drift,0.060289797090518286,0.23456113502859535,14,drift,0.19078299310209101,0.6340164745343402,28,drift,0.12255188266214277,0.36993089734755663,18,QI-MRFO+CXM continue+elite|n100 m10 drift lam=1.0|404
h11_event_elite,QI-MRFO+CXM continue+elite,n100 m10 drift lam=1.0,drift,100,10,405,20000,4000,6.663210391998291,0.0005619953188864004,0.08653049867566592,0.30203144442047664,1.0782347599726636,16.5,0.165,0.0,0.2641224828387234,1.0,,0.0005619953188864004,0.019383608402145334,0,drift,0.015245207033542917,0.2961575766967361,23,drift,0.1920204843211442,0.19202048432114419,0,drift,0.03818645546790516,0.2340080107721392,18,drift,0.06270529825805599,0.16371461775037993,9,drift,0.11599096852117352,0.40608178564148195,19,drift,0.1551812641520448,0.4819997085246393,25,drift,0.09687578230050099,0.42572817772235505,22,drift,0.01603852935095981,0.2165411939349374,16,QI-MRFO+CXM continue+elite|n100 m10 drift lam=1.0|405
h11_event_elite,QI-MRFO+CXM continue+elite,n100 m10 drift lam=1.0,drift,100,10,406,20000,4000,6.546759843826294,0.00043881550914861303,0.04645001111215284,0.3000887215762137,1.0382914064724926,19.75,0.1975,0.0,0.25263296134343527,1.0,,0.00043881550914861303,0.02156546017113554,0,drift,0.0228784835844276,0.3477053008932067,27,drift,0.0557477372822855,0.2656398896573954,17,drift,0.07078905334435512,0.2683340504510227,16,drift,0.015173131026152826,0.34999013671382,24,drift,0.0112352646881441,0.1893155537545254,16,drift,0.012547570805664505,0.3423901908066667,23,drift,0.16137655403685092,0.436976835206394,19,drift,0.021852294129342174,0.20035781512667875,16,QI-MRFO+CXM continue+elite|n100 m10 drift lam=1.0|406
h11_event_elite,QI-MRFO+CXM continue+elite,n100 m10 drift lam=1.0,drift,100,10,407,20000,4000,6.910780668258667,0.0007947279982161694,0.040866026455873845,0.33141537125654436,1.0311299351398007,22.375,0.22375,0.0,0.2742579601823605,1.0,,0.0007947279982161694,0.013411488746943015,0,drift,0.09048631910217649,0.4794142207100177,26,drift,0.12189883091136977,0.4754611227922319,26,drift,0.011912044821629376,0.5093933980216525,36,drift,0.028341386654649383,0.12966325570639994,8,drift,0.023156201910185956,0.1976041969035839,14,drift,0.013724085753973068,0.2309899426901335,20,drift,0.011781024206346852,0.2788338023952072,23,drift,0.025628318286659894,0.3499630308331281,26,QI-MRFO+CXM continue+elite|n100 m10 drift lam=1.0|407
h11_event_elite,QI-MRFO+CXM continue+elite,n100 m10 drift lam=1.0,drift,100,10,408,20000,4000,6.38081693649292,0.00101189805004771,0.038657371198270604,0.2526177544126308,1.030527768333738,17.5,0.175,0.0,0.21989146686413474,1.0,,0.00101189805004771,0.014891943669681598,0,drift,0.13082201050567382,0.3464965531480898,17,drift,0.031406991912272274,0.2476030577400466,20,drift,0.005967973020352499,0.2325352453947404,18,drift,0.04754229672538214,0.24645023322848683,12,drift,0.02681011400875972,0.1949308295590549,15,drift,0.015016490828923031,0.2699277299862345,22,drift,0.03727758707660198,0.1432503866860986,9,drift,0.014415505508199374,0.3397479995582944,27,QI-MRFO+CXM continue+elite|n100 m10 drift lam=1.0|408
h11_event_elite,QI-MRFO+CXM continue+elite,n100 m10 drift lam=1.0,drift,100,10,409,20000,4000,6.798452615737915,0.0004398436053348557,0.050294699450428276,0.26237606194835694,1.040160649643746,17.25,0.1725,0.0,0.22985424552361697,1.0,,0.0004398436053348557,0.00859590819914176,0,drift,0.02652794662968594,0.3280648218413674,25,drift,0.1401016843998605,0.23258843642881938,8,drift,0.03908776135831816,0.237256801641888,18,drift,0.07950539168008988,0.28853703414319437,16,drift,0.01617272809306066,0.36707858166887547,28,drift,0.0383783439700249,0.2564523495468836,15,drift,0.03965444598152067,0.20128101470257842,13,drift,0.022929293490865484,0.1877494556132484,15,QI-MRFO+CXM continue+elite|n100 m10 drift lam=1.0|409
h11_event_elite,QI-MRFO+CXM continue+elite,n100 m10 drift lam=1.0,drift,100,10,410,20000,4000,6.8968000411987305,0.0005543305277006976,0.033249729990796006,0.24153006594017412,1.02237441931227,15.625,0.15625,0.0,0.195240819187043,1.0,,0.0005543305277006976,0.012170506241167759,0,drift,0.029458105681041315,0.1511961225248564,9,drift,0.0200031334485302,0.32152093899839307,20,drift,0.03605590377996589,0.30699636190012786,21,drift,0.01442137267431756,0.20348503417025401,14,drift,0.09875679201962542,0.3958046335810573,21,drift,0.027816998676489374,0.1969222855843493,14,drift,0.015727761219041153,0.1786294224791066,14,drift,0.02375777242735715,0.17768572828324858,12,QI-MRFO+CXM continue+elite|n100 m10 drift lam=1.0|410
h11_event_elite,QI-MRFO+CXM continue+event-aware elite,n100 m10 drift lam=1.0,drift,100,10,401,20000,4000,6.56276273727417,0.0006964543523931145,0.04155185863233149,0.2813986503569035,1.0334124268241436,19.625,0.19625,0.0,0.2451848170596075,1.0,,0.0006964543523931145,0.02062065328981568,0,drift,0.044208193045763323,0.2118525610552654,15,drift,0.08569203998113196,0.2635127615154103,14,drift,0.009340716037836119,0.2487865082496515,22,drift,0.0352720366114967,0.3394822020532283,24,drift,0.026167211932610155,0.3268434580315591,24,drift,0.09336175877173924,0.3344193876091799,17,drift,0.017131048236536054,0.26823449318748527,23,drift,0.021241864441538392,0.2580578311534477,18,QI-MRFO+CXM continue+event-aware elite|n100 m10 drift lam=1.0|401
h11_event_elite,QI-MRFO+CXM continue+event-aware elite,n100 m10 drift lam=1.0,drift,100,10,402,20000,4000,6.82943320274353,0.0010080168741667527,0.08005426836257859,0.3313810503620291,1.0705090689587768,19.75,0.1975,0.0,0.29287779932274227,1.0,,0.0010080168741667527,0.005665959367311206,0,drift,0.16094443133555636,0.3623683600831143,14,drift,0.09032187578861639,0.4076320011139213,25,drift,0.06337027375389039,0.2305270638059988,14,drift,0.10806839468939045,0.33247582594554326,18,drift,0.07179820433958672,0.3681028278843985,22,drift,0.02557277695144152,0.2692826458820233,20,drift,0.03696597755983651,0.2795596752630425,20,drift,0.08339221248231045,0.4011000029181908,25,QI-MRFO+CXM continue+event-aware elite|n100 m10 drift lam=1.0|402
h11_event_elite,QI-MRFO+CXM continue+event-aware elite,n100 m10 drift lam=1.0,drift,100,10,403,20000,4000,6.791001558303833,0.0006038824825794654,0.07265680646984918,0.32009703176845195,1.065892382347246,17.25,0.17250000000000001,0.0,0.25877478731116266,1.0,,0.0006038824825794654,0.01101827496088413,0,drift,0.03766894420644634,0.22839274325877518,16,drift,0.08973371226376677,0.39370975714052203,22,drift,0.18406936201275112,0.5480489077617051,22,drift,0.040804340895319015,0.271788809894376,17,drift,0.03787878179256205,0.12789387501599148,7,drift,0.11421757077241382,0.3177813298414626,13,drift,0.05753968357208311,0.4827313061658509,27,drift,0.01934205624345122,0.19042952506893218,14,QI-MRFO+CXM continue+event-aware elite|n100 m10 drift lam=1.0|403
h11_event_elite,QI-MRFO+CXM continue+event-aware elite,n100 m10 drift lam=1.0,drift,100,10,404,20000,4000,6.727247714996338,0.0008216951124264346,0.07076856363702425,0.3427685358032859,1.061225038340912,20.0,0.2,0.0,0.28605278213771723,1.0,,0.0008216951124264346,0.007337636637814061,0,drift,0.07366464524885435,0.3794068453092686,21,drift,0.013766286850430546,0.4018298925547409,31,drift,0.037594120278243603,0.26413363091732533,18,drift,0.05532083955115728,0.3099555259794056,19,drift,0.012177944312756138,0.14831388475505464,11,drift,0.060289797090518286,0.23456113502859535,14,drift,0.19078299310209101,0.6340164745343402,28,drift,0.12255188266214277,0.36993089734755663,18,QI-MRFO+CXM continue+event-aware elite|n100 m10 drift lam=1.0|404
h11_event_elite,QI-MRFO+CXM continue+event-aware elite,n100 m10 drift lam=1.0,drift,100,10,405,20000,4000,6.353841066360474,0.0005619953188864004,0.08653049867566592,0.30203144442047664,1.0782347599726636,16.5,0.165,0.0,0.2641224828387234,1.0,,0.0005619953188864004,0.019383608402145334,0,drift,0.015245207033542917,0.2961575766967361,23,drift,0.1920204843211442,0.19202048432114419,0,drift,0.03818645546790516,0.2340080107721392,18,drift,0.06270529825805599,0.16371461775037993,9,drift,0.11599096852117352,0.40608178564148195,19,drift,0.1551812641520448,0.4819997085246393,25,drift,0.09687578230050099,0.42572817772235505,22,drift,0.01603852935095981,0.2165411939349374,16,QI-MRFO+CXM continue+event-aware elite|n100 m10 drift lam=1.0|405
h11_event_elite,QI-MRFO+CXM continue+event-aware elite,n100 m10 drift lam=1.0,drift,100,10,406,20000,4000,6.964357614517212,0.00043881550914861303,0.04645001111215284,0.3000887215762137,1.0382914064724926,19.75,0.1975,0.0,0.25263296134343527,1.0,,0.00043881550914861303,0.02156546017113554,0,drift,0.0228784835844276,0.3477053008932067,27,drift,0.0557477372822855,0.2656398896573954,17,drift,0.07078905334435512,0.2683340504510227,16,drift,0.015173131026152826,0.34999013671382,24,drift,0.0112352646881441,0.1893155537545254,16,drift,0.012547570805664505,0.3423901908066667,23,drift,0.16137655403685092,0.436976835206394,19,drift,0.021852294129342174,0.20035781512667875,16,QI-MRFO+CXM continue+event-aware elite|n100 m10 drift lam=1.0|406
h11_event_elite,QI-MRFO+CXM continue+event-aware elite,n100 m10 drift lam=1.0,drift,100,10,407,20000,4000,6.609601974487305,0.0007947279982161694,0.040866026455873845,0.33141537125654436,1.0311299351398007,22.375,0.22375,0.0,0.2742579601823605,1.0,,0.0007947279982161694,0.013411488746943015,0,drift,0.09048631910217649,0.4794142207100177,26,drift,0.12189883091136977,0.4754611227922319,26,drift,0.011912044821629376,0.5093933980216525,36,drift,0.028341386654649383,0.12966325570639994,8,drift,0.023156201910185956,0.1976041969035839,14,drift,0.013724085753973068,0.2309899426901335,20,drift,0.011781024206346852,0.2788338023952072,23,drift,0.025628318286659894,0.3499630308331281,26,QI-MRFO+CXM continue+event-aware elite|n100 m10 drift lam=1.0|407
h11_event_elite,QI-MRFO+CXM continue+event-aware elite,n100 m10 drift lam=1.0,drift,100,10,408,20000,4000,6.686526536941528,0.00101189805004771,0.038657371198270604,0.2526177544126308,1.030527768333738,17.5,0.175,0.0,0.21989146686413474,1.0,,0.00101189805004771,0.014891943669681598,0,drift,0.13082201050567382,0.3464965531480898,17,drift,0.031406991912272274,0.2476030577400466,20,drift,0.005967973020352499,0.2325352453947404,18,drift,0.04754229672538214,0.24645023322848683,12,drift,0.02681011400875972,0.1949308295590549,15,drift,0.015016490828923031,0.2699277299862345,22,drift,0.03727758707660198,0.1432503866860986,9,drift,0.014415505508199374,0.3397479995582944,27,QI-MRFO+CXM continue+event-aware elite|n100 m10 drift lam=1.0|408
h11_event_elite,QI-MRFO+CXM continue+event-aware elite,n100 m10 drift lam=1.0,drift,100,10,409,20000,4000,6.727596759796143,0.0004398436053348557,0.050294699450428276,0.26237606194835694,1.040160649643746,17.25,0.1725,0.0,0.22985424552361697,1.0,,0.0004398436053348557,0.00859590819914176,0,drift,0.02652794662968594,0.3280648218413674,25,drift,0.1401016843998605,0.23258843642881938,8,drift,0.03908776135831816,0.237256801641888,18,drift,0.07950539168008988,0.28853703414319437,16,drift,0.01617272809306066,0.36707858166887547,28,drift,0.0383783439700249,0.2564523495468836,15,drift,0.03965444598152067,0.20128101470257842,13,drift,0.022929293490865484,0.1877494556132484,15,QI-MRFO+CXM continue+event-aware elite|n100 m10 drift lam=1.0|409
h11_event_elite,QI-MRFO+CXM continue+event-aware elite,n100 m10 drift lam=1.0,drift,100,10,410,20000,4000,6.668759822845459,0.0005543305277006976,0.033249729990796006,0.24153006594017412,1.02237441931227,15.625,0.15625,0.0,0.195240819187043,1.0,,0.0005543305277006976,0.012170506241167759,0,drift,0.029458105681041315,0.1511961225248564,9,drift,0.0200031334485302,0.32152093899839307,20,drift,0.03605590377996589,0.30699636190012786,21,drift,0.01442137267431756,0.20348503417025401,14,drift,0.09875679201962542,0.3958046335810573,21,drift,0.027816998676489374,0.1969222855843493,14,drift,0.015727761219041153,0.1786294224791066,14,drift,0.02375777242735715,0.17768572828324858,12,QI-MRFO+CXM continue+event-aware elite|n100 m10 drift lam=1.0|410
h11_event_elite,Chooser (cheaper of the two),n100 m10 mixed lam=0.05,mixed,100,10,401,20000,4000,0.023183822631835938,0.009018810988076865,0.01382968226384191,0.034330443633991445,1.00505161533719,40.625,0.40625,1.125,0.034330443633991445,0.05,,0.009018810988076865,0.009018810988076865,0,vm_add,0.005704934861361754,0.047441689658108376,83,drift,0.012537117729590307,0.05506367667423315,84,churn,0.00951221228314701,0.00951221228314701,0,vm_fail,0.020638292405625952,0.020638292405625952,0,drift,0.01229590762460226,0.05430618779102339,83,drift,0.006199921423618301,0.04393241847700402,75,churn,0.022294504885614196,0.022294504885614196,0,vm_fail,0.0214545668971755,0.0214545668971755,0,Chooser (cheaper of the two)|n100 m10 mixed lam=0.05|401
h11_event_elite,Chooser (cheaper of the two),n100 m10 mixed lam=0.05,mixed,100,10,402,20000,4000,0.024226665496826172,0.009332960487053916,0.017997412630370392,0.035050142575952056,1.009406287625757,33.875,0.33875,1.625,0.035050142575952056,0.05,,0.009332960487053916,0.009332960487053916,0,churn,0.01375469260959433,0.01375469260959433,0,drift,0.010019078243879377,0.054964927225732,89,vm_fail,0.027799246922680862,0.027799246922680862,0,vm_add,0.0025503219179951755,0.04916891188718198,93,vm_add,0.008031474463233677,0.05288887507684758,89,churn,0.018894569568568435,0.018894569568568435,0,vm_fail,0.05101405623142396,0.05101405623142396,0,churn,0.011915861085587303,0.011915861085587303,0,Chooser (cheaper of the two)|n100 m10 mixed lam=0.05|402
h11_event_elite,Chooser (cheaper of the two),n100 m10 mixed lam=0.05,mixed,100,10,403,20000,4000,0.02462482452392578,0.009608071846750561,0.012467409828956819,0.028981889793329146,1.0016349022912694,32.625,0.32625000000000004,3.75,0.028981889793329146,0.05,,0.009608071846750561,0.009608071846750561,0,vm_add,0.008710721411906088,0.04956350562908833,81,churn,0.014926208283232937,0.014926208283232937,0,drift,0.013091096961519938,0.05868019632478827,90,drift,0.014976802989512518,0.060650759124040575,90,vm_fail,0.010015185771982571,0.010015185771982571,0,vm_fail,0.011886281208368774,0.011886281208368774,0,churn,0.019351872938665002,0.019351872938665002,0,churn,0.006781109066466724,0.006781109066466724,0,Chooser (cheaper of the two)|n100 m10 mixed lam=0.05|403
h11_event_elite,Chooser (cheaper of the two),n100 m10 mixed lam=0.05,mixed,100,10,404,20000,4000,0.024288177490234375,0.007268534893747241,0.012707564375797807,0.03188716592873196,1.0041512064267162,37.75,0.37997422680412374,1.875,0.03188716592873196,0.05,,0.007268534893747241,0.007268534893747241,0,vm_add,0.010050965470386508,0.04944295312373154,78,vm_fail,0.007972403457339669,0.04122510130335504,64,drift,0.009917706231989395,0.049809455628153025,79,churn,0.012589837667762753,0.012589837667762753,0,churn,0.012290049515535202,0.012290049515535202,0,vm_fail,0.021523011668904413,0.021523011668904413,0,vm_fail,0.017430676106830703,0.017430676106830703,0,vm_add,0.00988586488763382,0.05078624241558299,81,Chooser (cheaper of the two)|n100 m10 mixed lam=0.05|404
h11_event_elite,Chooser (cheaper of the two),n100 m10 mixed lam=0.05,mixed,100,10,405,20000,4000,0.027516841888427734,0.007320026947820328,0.019913282782643073,0.04121097685058081,1.0097634103692819,42.125,0.42125,1.375,0.04121097685058081,0.05,,0.007320026947820328,0.007320026947820328,0,churn,0.023352523325462875,0.023352523325462875,0,vm_add,0.010061904834383762,0.05399959769467945,87,vm_fail,0.021930916430983806,0.021930916430983806,0,vm_fail,0.03269745818409809,0.03269745818409809,0,vm_add,0.012259505103977247,0.05021923654537638,75,vm_add,0.00871883242335894,0.05310246104998673,88,drift,0.01380458885469355,0.0579050884698728,87,vm_add,0.0364805331041863,0.0364805331041863,0,Chooser (cheaper of the two)|n100 m10 mixed lam=0.05|405
h11_event_elite,Chooser (cheaper of the two),n100 m10 mixed lam=0.05,mixed,100,10,406,20000,4000,0.022862911224365234,0.00933626783458608,0.012384688218305285,0.04416663062079452,1.0035645619387452,63.0,0.63,0.0,0.04416663062079452,0.05,,0.00933626783458608,0.00933626783458608,0,vm_add,0.005276360631682932,0.042974224155371096,75,vm_add,0.008684031825729023,0.05004007713058378,82,churn,0.029336096378417713,0.029336096378417713,0,drift,0.007829967944426449,0.05167057155000904,87,drift,0.0108517547642131,0.05431838021907424,86,drift,0.009753454365371686,0.05216309944871741,84,churn,0.016573478779234003,0.016573478779234003,0,vm_add,0.010772361057367381,0.056257117304948846,90,Chooser (cheaper of the two)|n100 m10 mixed lam=0.05|406
h11_event_elite,Chooser (cheaper of the two),n100 m10 mixed lam=0.05,mixed,100,10,407,20000,4000,0.020313024520874023,0.01446466589151278,0.018229275520118337,0.044476431615666966,1.0051027503620538,51.5,0.51875,1.125,0.044476431615666966,0.05,,0.01446466589151278,0.01446466589151278,0,vm_fail,0.04197645911272814,0.04197645911272814,0,vm_add,0.010428833521211567,0.05438248777938433,87,vm_add,0.012437948144535069,0.052429247096244344,79,vm_add,0.03151373127864363,0.03151373127864363,0,vm_fail,0.012437948144535069,0.012437948144535069,0,vm_fail,0.012038205862654534,0.04998963858250425,72,drift,0.011386528623886278,0.05841600220489704,93,vm_add,0.01361454947275241,0.054665938726398904,81,Chooser (cheaper of the two)|n100 m10 mixed lam=0.05|407
h11_event_elite,Chooser (cheaper of the two),n100 m10 mixed lam=0.05,mixed,100,10,408,20000,4000,0.02333974838256836,0.007860113968795789,0.012159702582241468,0.0320255211037624,1.0034650365166442,39.375,0.39375,6.125,0.0320255211037624,0.05,,0.007860113968795789,0.007860113968795789,0,churn,0.023380168237185237,0.023380168237185237,0,vm_add,0.009339409618791473,0.04567562836506799,72,drift,0.009910323022737954,0.047277004974579144,74,vm_fail,0.009252202122642019,0.009252202122642019,0,churn,0.02144799319598765,0.02144799319598765,0,drift,0.007609435049948795,0.05043283603957159,85,vm_fail,0.00680841120999775,0.00680841120999775,0,drift,0.009529678200640867,0.05192992468506785,84,Chooser (cheaper of the two)|n100 m10 mixed lam=0.05|408
h11_event_elite,Chooser (cheaper of the two),n100 m10 mixed lam=0.05,mixed,100,10,409,20000,4000,0.029322385787963867,0.007106482787213532,0.01567658854839886,0.03190033237801822,1.0074564406447208,32.125,0.32125000000000004,2.0,0.03190033237801822,0.05,,0.007106482787213532,0.007106482787213532,0,vm_add,0.011611244636197565,0.05662794502250832,89,drift,0.01097444073584061,0.05646829056895334,90,churn,0.012979862958337742,0.012979862958337742,0,churn,0.016046924577657513,0.016046924577657513,0,drift,0.007164113270038952,0.04644351368757033,78,vm_fail,0.013878844640684871,0.013878844640684871,0,churn,0.016327988371716978,0.016327988371716978,0,churn,0.03642928919671664,0.03642928919671664,0,Chooser (cheaper of the two)|n100 m10 mixed lam=0.05|409
h11_event_elite,Chooser (cheaper of the two),n100 m10 mixed lam=0.05,mixed,100,10,410,20000,4000,0.025257349014282227,0.007534436806778124,0.015223983033763855,0.04008419661672828,1.0058685627020376,46.875,0.4921875,0.5,0.04008419661672828,0.05,,0.007534436806778124,0.007534436806778124,0,drift,0.0061092020138174665,0.05037800690242547,88,churn,0.004455168192248017,0.05153900420125969,75,churn,0.014106826594666931,0.014106826594666931,0,churn,0.015212848489865259,0.015212848489865259,0,vm_add,0.013287164827320013,0.05736515649730857,87,vm_fail,0.03887195076401377,0.03887195076401377,0,vm_add,0.01403399423422817,0.032793623127561386,37,vm_add,0.015714709153951203,0.06040615635672514,88,Chooser (cheaper of the two)|n100 m10 mixed lam=0.05|410
h11_event_elite,QI-MRFO+CXM continue,n100 m10 mixed lam=0.05,mixed,100,10,401,20000,4000,6.5713536739349365,0.0006964543523931145,0.004058987443375008,0.03967777734198444,0.995364859961742,39.875,0.4214890117581187,1.375,0.025221122521202045,0.05,,0.0006964543523931145,0.02062065328981568,0,vm_add,0.005245705392587236,0.03688692783000446,51,drift,0.004227928974869335,0.08130086595766994,71,churn,0.002246857581682093,0.03689727958721453,33,vm_fail,0.008598677708644692,0.028490359883477555,30,drift,0.004134867223645064,0.04759928665381017,49,drift,0.003554851752699818,0.039251325995390225,45,churn,0.002171496537475592,0.03812650884624401,30,vm_fail,0.0022915143753962346,0.008869663982064633,10,QI-MRFO+CXM continue|n100 m10 mixed lam=0.05|401
h11_event_elite,QI-MRFO+CXM continue,n100 m10 mixed lam=0.05,mixed,100,10,402,20000,4000,6.699484825134277,0.0010080168741667527,0.005454402378806035,0.03343008390734271,0.996984553264513,35.75,0.39037097953216376,1.875,0.025073736180071464,0.05,,0.0010080168741667527,0.005665959367311206,0,churn,0.0037192523980071114,0.029746650484593202,31,drift,0.002666966595965159,0.04540245910878625,57,vm_fail,0.00398383208355992,0.030898898289990102,35,vm_add,0.004906080126251393,0.041327665716987136,39,vm_add,0.006084976720076761,0.0413983602725535,48,churn,0.008363238683052686,0.03048394779469995,29,vm_fail,0.007390648807119487,0.021593792716420437,22,churn,0.006520223616415762,0.026588896874711082,25,QI-MRFO+CXM continue|n100 m10 mixed lam=0.05|402
h11_event_elite,QI-MRFO+CXM continue,n100 m10 mixed lam=0.05,mixed,100,10,403,20000,4000,6.586817264556885,0.0006038824825794654,0.003993328856790674,0.038424357341640666,0.9932544176511131,41.875,0.46542258282623394,3.5,0.02735362995415004,0.05,,0.0006038824825794654,0.01101827496088413,0,vm_add,0.004171065617896855,0.03909447681670865,47,churn,0.0036313770394516363,0.031214647566797548,28,drift,0.0035551216451214077,0.05698701645512532,59,drift,0.004881514448226167,0.044718834314007756,56,vm_fail,0.0034720781722672274,0.03324503716454147,38,vm_fail,0.009380383665076125,0.03487795438661475,31,churn,0.0016110103988472425,0.02644998099315959,28,churn,0.0012440798674387332,0.04080691103617022,48,QI-MRFO+CXM continue|n100 m10 mixed lam=0.05|403
h11_event_elite,QI-MRFO+CXM continue,n100 m10 mixed lam=0.05,mixed,100,10,404,20000,4000,6.68517541885376,0.0008216951124264346,0.0054455671419882355,0.032021507605395225,0.9969469940603564,32.75,0.3518190282655489,1.75,0.023133337756165148,0.05,,0.0008216951124264346,0.007337636637814061,0,vm_add,0.0059316617952904546,0.028740793990086548,39,vm_fail,0.004074225927146583,0.019908656252222677,26,drift,0.008617569095298452,0.05843721790970069,50,churn,0.004179893867837667,0.04504116773069418,36,churn,0.003764608137002674,0.031420178152773356,27,vm_fail,0.010981645511951391,0.031401023683642115,25,vm_fail,0.004086784614016735,0.01671516387070494,21,vm_add,0.0019281481873619306,0.024507859253337306,38,QI-MRFO+CXM continue|n100 m10 mixed lam=0.05|404
h11_event_elite,QI-MRFO+CXM continue,n100 m10 mixed lam=0.05,mixed,100,10,405,20000,4000,6.639259576797485,0.0005619953188864004,0.0041351202592077654,0.03482513956220453,0.9941368959992221,39.875,0.4136103723404255,1.5,0.02490118935855879,0.05,,0.0005619953188864004,0.019383608402145334,0,churn,0.005480765113550382,0.03544576699851035,33,vm_add,0.003165872705472988,0.04686007121720673,54,vm_fail,0.005045959571917565,0.025378805842859817,29,vm_fail,0.0034614468226023005,0.021271354245136934,28,vm_add,0.0027705517892039695,0.026402740404689318,37,vm_add,0.00501709072710283,0.04333241099112061,51,drift,0.004111819367413242,0.04432424087109087,50,vm_add,0.004027455976398842,0.03558572592702163,37,QI-MRFO+CXM continue|n100 m10 mixed lam=0.05|405
h11_event_elite,QI-MRFO+CXM continue,n100 m10 mixed lam=0.05,mixed,100,10,406,20000,4000,6.668160915374756,0.00043881550914861303,0.03865958156528437,0.06887852883362569,1.0295556697864514,35.375,0.37375,0.0,0.05761844990806259,0.05,,0.00043881550914861303,0.02156546017113554,0,vm_add,0.010470978546652741,0.03572441277595549,29,vm_add,0.0046476052649823815,0.021981160514878875,29,churn,0.009873316780454321,0.0423592659367136,30,drift,0.0064365650074724315,0.046915964912503175,50,drift,0.006337360902189715,0.04389907038608573,48,drift,0.006257376242082233,0.05439744659362286,54,churn,0.0054329622653934975,0.04019444311210538,34,vm_add,0.2598204875130477,0.2655564664371404,9,QI-MRFO+CXM continue|n100 m10 mixed lam=0.05|406
h11_event_elite,QI-MRFO+CXM continue,n100 m10 mixed lam=0.05,mixed,100,10,407,20000,4000,6.554408550262451,0.0007947279982161694,0.0053167146435072485,0.03107710342368216,0.9923754237438299,34.625,0.35064178302900106,1.5,0.022944366346925784,0.05,,0.0007947279982161694,0.013411488746943015,0,vm_fail,0.0038004986526504066,0.020227733800059523,25,vm_add,0.007985174203034484,0.036360362961324035,47,vm_add,0.0034504278757300456,0.02033739179241909,29,vm_add,0.006086316256327844,0.03700446370662227,42,vm_fail,0.007645264714675235,0.022878038072083613,20,vm_fail,0.00346288979615999,0.026517230565986788,34,drift,0.005631164101379483,0.0641428716576629,52,vm_add,0.0044719815481005015,0.021148734833299043,28,QI-MRFO+CXM continue|n100 m10 mixed lam=0.05|407
h11_event_elite,QI-MRFO+CXM continue,n100 m10 mixed lam=0.05,mixed,100,10,408,20000,4000,6.751887083053589,0.00101189805004771,0.004910826822389219,0.0471040918765225,0.9962759445197786,43.625,0.48541930379746834,5.125,0.029292218241667348,0.05,,0.00101189805004771,0.014891943669681598,0,churn,0.0038302352857951666,0.05526682202186086,43,vm_add,0.011505503926425426,0.040813944540426556,38,drift,0.006865176105429201,0.030386544113914223,33,vm_fail,0.003699576556673035,0.0409011985658918,33,churn,0.00486768243903721,0.055056313319940445,42,drift,0.002537467038482068,0.053540486778154484,58,vm_fail,0.0025826474013977215,0.03901252530735063,37,drift,0.0033983258258739294,0.061854900364641,65,QI-MRFO+CXM continue|n100 m10 mixed lam=0.05|408
h11_event_elite,QI-MRFO+CXM continue,n100 m10 mixed lam=0.05,mixed,100,10,409,20000,4000,6.79705548286438,0.0004398436053348557,0.00686701941580209,0.04711570567757263,0.9987053742145683,38.875,0.4395220588235294,1.875,0.02898402761554858,0.05,,0.0004398436053348557,0.00859590819914176,0,vm_add,0.012352520120432363,0.06108095771089922,32,drift,0.006914479639291353,0.0415697277801887,47,churn,0.007017347981922029,0.04361652875920517,29,churn,0.011938567952374336,0.04380363885181127,33,drift,0.003125589403328185,0.062138723330846815,61,vm_fail,0.005180459759032556,0.02941459973861891,29,churn,0.004255250825176339,0.03753338838838211,37,churn,0.004151939644859562,0.057768080860628845,43,QI-MRFO+CXM continue|n100 m10 mixed lam=0.05|409
h11_event_elite,QI-MRFO+CXM continue,n100 m10 mixed lam=0.05,mixed,100,10,410,20000,4000,6.772645950317383,0.0005543305277006976,0.005045701783363558,0.03682175750424754,0.9957865891054818,39.375,0.43148026315789473,0.625,0.026727637659005835,0.05,,0.0005543305277006976,0.012170506241167759,0,drift,0.0051022561016588934,0.053035071994966446,57,churn,0.00507905574824427,0.03114346644550866,29,churn,0.00367949440508026,0.04815646717842376,46,churn,0.005123066951189619,0.047242635333314686,39,vm_add,0.00780767219154324,0.03195981728005318,39,vm_fail,0.002991182980218078,0.024693571589936146,32,vm_add,0.005497745847829053,0.027567965481813797,34,vm_add,0.005085140041145051,0.030775064729963705,39,QI-MRFO+CXM continue|n100 m10 mixed lam=0.05|410
h11_event_elite,QI-MRFO+CXM continue+elite,n100 m10 mixed lam=0.05,mixed,100,10,401,20000,4000,7.079308986663818,0.0006964543523931145,0.02242723871448882,0.060399746316473546,1.0136277845159294,31.625,0.3372264767237593,1.125,0.03935165361021275,0.05,,0.0006964543523931145,0.02062065328981568,0,vm_add,0.15216367957729307,0.15216367957729307,0,drift,0.004433988728032828,0.13113627217703286,67,churn,0.005377945326979884,0.049559745950264376,34,vm_fail,0.005213526145571602,0.011549424767466492,10,drift,0.002364743401895596,0.034459306194444116,39,drift,0.0021654194252974366,0.061061288635309435,58,churn,0.004226672348850493,0.030194478857263677,29,vm_fail,0.0034719347619896657,0.013073774372714345,16,QI-MRFO+CXM continue+elite|n100 m10 mixed lam=0.05|401
h11_event_elite,QI-MRFO+CXM continue+elite,n100 m10 mixed lam=0.05,mixed,100,10,402,20000,4000,6.581801891326904,0.0010080168741667527,0.005537836724415306,0.029854003536256786,0.9970642574648371,31.125,0.3363541666666667,1.75,0.02244480419377059,0.05,,0.0010080168741667527,0.005665959367311206,0,churn,0.005826606439651153,0.02005882429657522,16,drift,0.0065739113101168515,0.04222969135524516,41,vm_fail,0.006252592717972275,0.012410869936326247,9,vm_add,0.0026894426004338804,0.04417283541106845,60,vm_add,0.006748732646927279,0.04113709473558527,46,churn,0.0020665813160392387,0.025636972145922008,26,vm_fail,0.006001475218836378,0.021636220824207835,20,churn,0.008143351545345392,0.03154951958512412,31,QI-MRFO+CXM continue+elite|n100 m10 mixed lam=0.05|402
h11_event_elite,QI-MRFO+CXM continue+elite,n100 m10 mixed lam=0.05,mixed,100,10,403,20000,4000,6.889648199081421,0.0006038824825794654,0.010549620395576723,0.035667952082789084,0.9997487218931832,25.75,0.28799461354309164,3.625,0.025033876611263193,0.05,,0.0006038824825794654,0.01101827496088413,0,vm_add,0.04378635903495566,0.04378635903495566,0,churn,0.006707077621448466,0.05759958628282829,37,drift,0.0070640352210420065,0.040624555684523736,41,drift,0.006092525045501172,0.0665254357681764,62,vm_fail,0.0060967125633157055,0.015262463822269418,13,vm_fail,0.006317894658049598,0.009601285930801068,3,churn,0.0036704067377223595,0.023578037159772584,25,churn,0.004661952282578816,0.028365892978985504,25,QI-MRFO+CXM continue+elite|n100 m10 mixed lam=0.05|403
h11_event_elite,QI-MRFO+CXM continue+elite,n100 m10 mixed lam=0.05,mixed,100,10,404,20000,4000,6.6578145027160645,0.0008216951124264346,0.01807748272408858,0.03329286982829354,1.0094551988129945,15.375,0.1742754868270332,2.0,0.026829900096621735,0.05,,0.0008216951124264346,0.007337636637814061,0,vm_add,0.0488845342125726,0.0488845342125726,0,vm_fail,0.02246329412979587,0.022463294129795874,0,drift,0.004128790705832523,0.04227251134938913,43,churn,0.004367770699728178,0.04240269095890412,30,churn,0.005603416140250441,0.03658255116645839,30,vm_fail,0.0028587955621555677,0.010462162155623646,10,vm_fail,0.003401459901107166,0.010363414212338266,10,vm_add,0.052911800441266296,0.05291180044126629,0,QI-MRFO+CXM continue+elite|n100 m10 mixed lam=0.05|404
h11_event_elite,QI-MRFO+CXM continue+elite,n100 m10 mixed lam=0.05,mixed,100,10,405,20000,4000,6.610405206680298,0.0005619953188864004,0.007660592783133729,0.02972280878570701,0.9976232806867943,31.375,0.3248684210526316,1.25,0.02400053776331461,0.05,,0.0005619953188864004,0.019383608402145334,0,churn,0.0026840211570545243,0.028210176262213962,28,vm_add,0.007553485833089361,0.040492096983574186,51,vm_fail,0.006786319958708992,0.0191751299919575,19,vm_fail,0.004957012861222704,0.014828230945167348,17,vm_add,0.004454807389613933,0.02957969030406159,35,vm_add,0.006808317010868434,0.03886031731143358,46,drift,0.005143972256601037,0.04099278063573605,50,vm_add,0.022896805797910837,0.025644047851511875,5,QI-MRFO+CXM continue+elite|n100 m10 mixed lam=0.05|405
h11_event_elite,QI-MRFO+CXM continue+elite,n100 m10 mixed lam=0.05,mixed,100,10,406,20000,4000,6.611652612686157,0.00043881550914861303,0.023332017587047168,0.0575015494990159,1.014435652023321,38.5,0.4103125,0.0,0.043988799541356594,0.05,,0.00043881550914861303,0.02156546017113554,0,vm_add,0.0383623298435934,0.03836232984359339,0,vm_add,0.10616801561245973,0.10616801561245971,0,churn,0.009389099491279147,0.0469170358004087,35,drift,0.005681713494734963,0.05559962137532437,54,drift,0.00992048995228165,0.05353870036959941,49,drift,0.003002005800840311,0.05539229157469655,59,churn,0.005454444666268564,0.04688279924476369,46,vm_add,0.008678041834919577,0.05715160217128136,65,QI-MRFO+CXM continue+elite|n100 m10 mixed lam=0.05|406
h11_event_elite,QI-MRFO+CXM continue+elite,n100 m10 mixed lam=0.05,mixed,100,10,407,20000,4000,6.679741621017456,0.0007947279982161694,0.02410259736684346,0.04278617659709773,1.010895479452614,21.375,0.2158572567783094,1.375,0.03497404018939647,0.05,,0.0007947279982161694,0.013411488746943015,0,vm_fail,0.004493839994220514,0.015160198891148722,9,vm_add,0.0024701226898246726,0.03575749715260639,52,vm_add,0.04421413470701562,0.044214134707015636,0,vm_add,0.057391531194489885,0.06380442105036359,9,vm_fail,0.014635840556727057,0.033234331694957715,21,vm_fail,0.001481781619915234,0.01579496615812452,19,drift,0.0037646475451324607,0.06995498249514302,61,vm_add,0.06436888062742221,0.06436888062742221,0,QI-MRFO+CXM continue+elite|n100 m10 mixed lam=0.05|407
h11_event_elite,QI-MRFO+CXM continue+elite,n100 m10 mixed lam=0.05,mixed,100,10,408,20000,4000,6.475278854370117,0.00101189805004771,0.0066046395385253335,0.03590761108542205,0.9979558094539248,31.5,0.3416907102092581,5.125,0.023790369812741075,0.05,,0.00101189805004771,0.014891943669681598,0,churn,0.00363988844835527,0.02960263946040587,28,vm_add,0.011263608523500387,0.02408667357672203,19,drift,0.013462315517324509,0.046023990017283974,38,vm_fail,0.004492919369871906,0.013003098166535604,12,churn,0.002151359432907432,0.05423551359139242,40,drift,0.006232708431792669,0.04947237108095817,56,vm_fail,0.008201098820035618,0.01338775064180986,6,drift,0.003393217764414882,0.05744885214826845,53,QI-MRFO+CXM continue+elite|n100 m10 mixed lam=0.05|408
h11_event_elite,QI-MRFO+CXM continue+elite,n100 m10 mixed lam=0.05,mixed,100,10,409,20000,4000,6.819645404815674,0.0004398436053348557,0.017491789743216597,0.04804436093765312,1.0092119188640656,31.625,0.3560029069767442,1.75,0.03541690174100603,0.05,,0.0004398436053348557,0.00859590819914176,0,vm_add,0.08985699772135877,0.08985699772135876,0,drift,0.008917752000328337,0.0728850740164181,60,churn,0.006410924735479713,0.021614297157061695,15,churn,0.008122214116981398,0.03704661996539553,26,drift,0.007346871856260854,0.0623076101150586,63,vm_fail,0.00866467147138633,0.013819740372757416,8,churn,0.004820513119618631,0.042246314710631463,41,churn,0.005794372924318722,0.04457823344254343,40,QI-MRFO+CXM continue+elite|n100 m10 mixed lam=0.05|409
h11_event_elite,QI-MRFO+CXM continue+elite,n100 m10 mixed lam=0.05,mixed,100,10,410,20000,4000,6.589889287948608,0.0005543305277006976,0.01127849279313855,0.034211316575579354,1.001932581638461,28.0,0.3024468085106383,0.75,0.02650566566136598,0.05,,0.0005543305277006976,0.012170506241167759,0,drift,0.001835202522119429,0.04110430516341521,54,churn,0.00462022252130631,0.022451472821954775,23,churn,0.007147200082580967,0.023974847820071893,22,churn,0.0048331990384279325,0.025211167481676934,23,vm_add,0.00866370049825479,0.05365668404885354,45,vm_fail,0.004468715223634093,0.016673003126501253,15,vm_add,0.04755314137685671,0.05020066098476302,5,vm_add,0.011106561081928179,0.040418391157398224,37,QI-MRFO+CXM continue+elite|n100 m10 mixed lam=0.05|410
h11_event_elite,QI-MRFO+CXM continue+event-aware elite,n100 m10 mixed lam=0.05,mixed,100,10,401,20000,4000,6.92698073387146,0.0006964543523931145,0.005739056247247271,0.042015787340942856,0.9970268437077261,39.125,0.413180087161942,1.0,0.02651405917319721,0.05,,0.0006964543523931145,0.02062065328981568,0,vm_add,0.005245705392587236,0.03688692783000446,51,drift,0.004227928974869335,0.08130086595766994,71,churn,0.004802092904826541,0.044403368853858094,33,vm_fail,0.006554994268998818,0.012195616081431881,8,drift,0.011660234726487412,0.04411877708810487,42,drift,0.0037822004067345964,0.06214156997732597,55,churn,0.0064802570327956175,0.0379753183333732,34,vm_fail,0.003159036270678607,0.017103854605774405,19,QI-MRFO+CXM continue+event-aware elite|n100 m10 mixed lam=0.05|401
h11_event_elite,QI-MRFO+CXM continue+event-aware elite,n100 m10 mixed lam=0.05,mixed,100,10,402,20000,4000,6.74250054359436,0.0010080168741667527,0.005545186289031547,0.030714126872572425,0.997071359722622,30.875,0.336343085106383,2.0,0.022441232620815193,0.05,,0.0010080168741667527,0.005665959367311206,0,churn,0.005826606439651153,0.02005882429657522,16,drift,0.0065739113101168515,0.04222969135524516,41,vm_fail,0.006252592717972275,0.012410869936326247,9,vm_add,0.0026894426004338804,0.04417283541106845,60,vm_add,0.0036099068889368494,0.033877015240999404,46,churn,0.006326991728707685,0.047423662073738805,36,vm_fail,0.01034997458012278,0.01585005647335873,9,churn,0.0027320640463109006,0.02969006019326739,30,QI-MRFO+CXM continue+event-aware elite|n100 m10 mixed lam=0.05|402
h11_event_elite,QI-MRFO+CXM continue+event-aware elite,n100 m10 mixed lam=0.05,mixed,100,10,403,20000,4000,6.740650653839111,0.0006038824825794654,0.005459346682512321,0.03004882626346802,0.9947041380059722,30.375,0.32911337209302327,3.5,0.021999090431278644,0.05,,0.0006038824825794654,0.01101827496088413,0,vm_add,0.004171065617896855,0.03909447681670865,47,churn,0.007851585109864155,0.02928658832802481,22,drift,0.004944653016313107,0.03928859539523926,48,drift,0.004361080814276404,0.05440449655739659,63,vm_fail,0.006198285843236551,0.011688183613378419,8,vm_fail,0.0058245782999675685,0.007641623966575844,3,churn,0.0055995264472308865,0.036110353381439426,33,churn,0.004723998311313038,0.02287629204898112,19,QI-MRFO+CXM continue+event-aware elite|n100 m10 mixed lam=0.05|403
h11_event_elite,QI-MRFO+CXM continue+event-aware elite,n100 m10 mixed lam=0.05,mixed,100,10,404,20000,4000,6.765448331832886,0.0008216951124264346,0.00606883750584422,0.03154422393114207,0.9975636618608291,29.875,0.32616293510531363,1.875,0.022472192319897562,0.05,,0.0008216951124264346,0.007337636637814061,0,vm_add,0.0059316617952904546,0.028740793990086548,39,vm_fail,0.007230784891960963,0.021049114302598787,20,drift,0.0024753536425189803,0.05461135595606546,49,churn,0.006512000637462026,0.054945544897101496,42,churn,0.006370653161492939,0.04313898554064522,40,vm_fail,0.006060951747036602,0.008508273588798364,4,vm_fail,0.004970400566215822,0.015200065136768718,18,vm_add,0.008998893604775977,0.02615965803707194,27,QI-MRFO+CXM continue+event-aware elite|n100 m10 mixed lam=0.05|404
h11_event_elite,QI-MRFO+CXM continue+event-aware elite,n100 m10 mixed lam=0.05,mixed,100,10,405,20000,4000,6.362985372543335,0.0005619953188864004,0.005708601830132593,0.03152122674092127,0.9956920100712402,33.125,0.3415994623655914,1.75,0.0228819163301893,0.05,,0.0005619953188864004,0.019383608402145334,0,churn,0.0026840211570545243,0.028210176262213962,28,vm_add,0.003926666793168299,0.04108984012654256,55,vm_fail,0.003577791494279297,0.011585798277269917,11,vm_fail,0.009330233111194653,0.013158492092330344,6,vm_add,0.004677990684745213,0.031227999766858278,37,vm_add,0.005454741287332579,0.048490886367923564,43,drift,0.009475901543455421,0.03642490479927745,40,vm_add,0.006541468569830755,0.041981716234954045,45,QI-MRFO+CXM continue+event-aware elite|n100 m10 mixed lam=0.05|405
h11_event_elite,QI-MRFO+CXM continue+event-aware elite,n100 m10 mixed lam=0.05,mixed,100,10,406,20000,4000,6.502979516983032,0.00043881550914861303,0.006855207589833203,0.04357824898031091,0.9980915826307419,41.25,0.42874999999999996,0.0,0.02843182447734579,0.05,,0.00043881550914861303,0.02156546017113554,0,vm_add,0.010470978546652741,0.03572441277595549,29,vm_add,0.0046476052649823815,0.021981160514878875,29,churn,0.009862466571145704,0.03838810781613522,29,drift,0.0034232698036979494,0.038786315806700514,40,drift,0.005696290174484566,0.06160939725970784,57,drift,0.005663371815042527,0.061929076982306756,61,churn,0.009382984240472965,0.03122455954164122,23,vm_add,0.005694694302186799,0.05898296114516136,62,QI-MRFO+CXM continue+event-aware elite|n100 m10 mixed lam=0.05|406
h11_event_elite,QI-MRFO+CXM continue+event-aware elite,n100 m10 mixed lam=0.05,mixed,100,10,407,20000,4000,6.850337505340576,0.0007947279982161694,0.004598855523578934,0.029796403487436098,0.9916640112425414,33.25,0.3351468321769548,1.75,0.021429058990650885,0.05,,0.0007947279982161694,0.013411488746943015,0,vm_fail,0.004493839994220514,0.015160198891148722,9,vm_add,0.003556310860060144,0.03783023036610249,45,vm_add,0.005111986699660409,0.03718419350728145,47,vm_add,0.006929419884934783,0.038217998419494616,42,vm_fail,0.00473265892500955,0.015481879506596533,16,vm_fail,0.005170618984183679,0.016435952456810118,18,drift,0.0013277778302112414,0.050585617523117035,56,vm_add,0.005468231010351157,0.02747515722893781,33,QI-MRFO+CXM continue+event-aware elite|n100 m10 mixed lam=0.05|407
h11_event_elite,QI-MRFO+CXM continue+event-aware elite,n100 m10 mixed lam=0.05,mixed,100,10,408,20000,4000,6.714745998382568,0.00101189805004771,0.0031336311489096515,0.035390840885469566,0.9945155555643446,36.125,0.39030621145731903,5.375,0.022705763041566566,0.05,,0.00101189805004771,0.014891943669681598,0,churn,0.00363988844835527,0.02960263946040587,28,vm_add,0.004907924944933655,0.035118839489167046,37,drift,0.004049420634496435,0.037941645050333525,48,vm_fail,0.003056142427776887,0.009334836173464115,9,churn,0.002033652972025406,0.04801346485530094,43,drift,0.0022073749298368015,0.04438319135397374,57,vm_fail,0.0036743664753911788,0.01236341907080174,11,drift,0.0015002783584615775,0.06636869163030956,56,QI-MRFO+CXM continue+event-aware elite|n100 m10 mixed lam=0.05|408
h11_event_elite,QI-MRFO+CXM continue+event-aware elite,n100 m10 mixed lam=0.05,mixed,100,10,409,20000,4000,6.474313735961914,0.0004398436053348557,0.005563247291156903,0.03765428730340148,0.9974115354265232,33.25,0.37547619047619046,2.0,0.02444385095136009,0.05,,0.0004398436053348557,0.00859590819914176,0,vm_add,0.012352520120432363,0.06108095771089922,32,drift,0.006914479639291353,0.0415697277801887,47,churn,0.0028282614078482234,0.034866821739266925,33,churn,0.003204113314861985,0.026921863184125792,24,drift,0.006507466744985801,0.05300829812057232,49,vm_fail,0.0036003021664994003,0.005789563026174623,2,churn,0.005379161926133523,0.037393762652877444,39,churn,0.003719673009202579,0.04060330421310681,40,QI-MRFO+CXM continue+event-aware elite|n100 m10 mixed lam=0.05|409
h11_event_elite,QI-MRFO+CXM continue+event-aware elite,n100 m10 mixed lam=0.05,mixed,100,10,410,20000,4000,6.367392301559448,0.0005543305277006976,0.005178374150379429,0.029639846918623213,0.9959191952417232,32.875,0.3508552631578947,0.625,0.022805870460137805,0.05,,0.0005543305277006976,0.012170506241167759,0,drift,0.001835202522119429,0.04110430516341521,54,churn,0.00462022252130631,0.022451472821954775,23,churn,0.007147200082580967,0.023974847820071893,22,churn,0.0048331990384279325,0.025211167481676934,23,vm_add,0.008376200629798712,0.034586895867954146,38,vm_fail,0.0058880070698465225,0.017921185297136922,13,vm_add,0.0038158155030475227,0.03272645471403207,48,vm_add,0.004911145835908033,0.03914244618274376,42,QI-MRFO+CXM continue+event-aware elite|n100 m10 mixed lam=0.05|410
h11_event_elite,Chooser (cheaper of the two),n100 m10 mixed lam=0.2,mixed,100,10,401,20000,4000,0.0229952335357666,0.009018810988076865,0.033334780801853585,0.09624138884010508,1.024446069775957,31.125,0.31125,1.125,0.09624138884010508,0.2,,0.009018810988076865,0.009018810988076865,0,vm_add,0.16174572316545516,0.16174572316545516,0,drift,0.012537117729590307,0.19681887315637567,91,churn,0.00951221228314701,0.00951221228314701,0,vm_fail,0.020638292405625952,0.020638292405625952,0,drift,0.01229590762460226,0.1803370282902861,83,drift,0.006199921423618301,0.15712990963716103,75,churn,0.022294504885614196,0.022294504885614196,0,vm_fail,0.0214545668971755,0.0214545668971755,0,Chooser (cheaper of the two)|n100 m10 mixed lam=0.2|401
h11_event_elite,Chooser (cheaper of the two),n100 m10 mixed lam=0.2,mixed,100,10,402,20000,4000,0.026200294494628906,0.009332960487053916,0.03977989735474515,0.08556211683026484,1.031014435624582,22.75,0.2275,1.625,0.08556211683026484,0.2,,0.009332960487053916,0.009332960487053916,0,churn,0.01375469260959433,0.01375469260959433,0,drift,0.010019078243879377,0.18980247417128987,89,vm_fail,0.027799246922680862,0.027799246922680862,0,vm_add,0.0025503219179951755,0.18902468179474216,93,vm_add,0.15484675696265815,0.15484675696265815,0,churn,0.04939793550664469,0.04939793550664469,0,vm_fail,0.044783504609156186,0.044783504609156186,0,churn,0.015087642065352494,0.015087642065352494,0,Chooser (cheaper of the two)|n100 m10 mixed lam=0.2|402
h11_event_elite,Chooser (cheaper of the two),n100 m10 mixed lam=0.2,mixed,100,10,403,20000,4000,0.02650928497314453,0.009608071846750561,0.018323650079219943,0.06370190505387777,1.0074384658483693,22.375,0.22375,3.75,0.06370190505387777,0.2,,0.009608071846750561,0.009608071846750561,0,vm_add,0.05317913693340944,0.05317913693340944,0,churn,0.017307714763834595,0.017307714763834595,0,drift,0.013091096961519938,0.19342131222067038,89,drift,0.014976802989512518,0.19767262752762474,90,vm_fail,0.010015185771982571,0.010015185771982571,0,vm_fail,0.011886281208368774,0.011886281208368774,0,churn,0.019351872938665002,0.019351872938665002,0,churn,0.006781109066466724,0.006781109066466724,0,Chooser (cheaper of the two)|n100 m10 mixed lam=0.2|403
h11_event_elite,Chooser (cheaper of the two),n100 m10 mixed lam=0.2,mixed,100,10,404,20000,4000,0.023108720779418945,0.007268534893747241,0.028259380849939935,0.05047757038704369,1.0195548148174733,11.0,0.11,1.875,0.05047757038704369,0.2,,0.007268534893747241,0.007268534893747241,0,vm_add,0.055640973021000066,0.055640973021000066,0,vm_fail,0.0290495392838798,0.0290495392838798,0,drift,0.009917706231989395,0.18766322252881948,88,churn,0.012589837667762753,0.012589837667762753,0,churn,0.012290049515535202,0.012290049515535202,0,vm_fail,0.021523011668904413,0.021523011668904413,0,vm_fail,0.017430676106830703,0.017430676106830703,0,vm_add,0.06763325330361714,0.06763325330361714,0,Chooser (cheaper of the two)|n100 m10 mixed lam=0.2|404
h11_event_elite,Chooser (cheaper of the two),n100 m10 mixed lam=0.2,mixed,100,10,405,20000,4000,0.024042367935180664,0.007320026947820328,0.030748028032325386,0.09670675887527086,1.0204669356955955,32.625,0.32625,1.375,0.09670675887527086,0.2,,0.007320026947820328,0.007320026947820328,0,churn,0.023352523325462875,0.023352523325462875,0,vm_add,0.010061904834383762,0.1858126762755665,87,vm_fail,0.021930916430983806,0.021930916430983806,0,vm_fail,0.03269745818409809,0.03269745818409809,0,vm_add,0.09893746710143575,0.09893746710143575,0,vm_add,0.00871883242335894,0.18423590926502334,87,drift,0.01380458885469355,0.19020658731541012,87,vm_add,0.0364805331041863,0.0364805331041863,0,Chooser (cheaper of the two)|n100 m10 mixed lam=0.2|405
h11_event_elite,Chooser (cheaper of the two),n100 m10 mixed lam=0.2,mixed,100,10,406,20000,4000,0.02437734603881836,0.00933626783458608,0.04378342411596447,0.13113228181966374,1.0346760643952866,43.25,0.4325,0.0,0.13113228181966374,0.2,,0.00933626783458608,0.00933626783458608,0,vm_add,0.04759705682848322,0.04759705682848322,0,vm_add,0.11600577583353507,0.11600577583353507,0,churn,0.13088354335508484,0.13088354335508484,0,drift,0.007829967944426449,0.18117672243086777,86,drift,0.0108517547642131,0.18471825658365765,86,drift,0.009753454365371686,0.17939203469875414,84,churn,0.016573478779234003,0.016573478779234003,0,vm_add,0.010772361057367381,0.19271138604769336,90,Chooser (cheaper of the two)|n100 m10 mixed lam=0.2|406
h11_event_elite,Chooser (cheaper of the two),n100 m10 mixed lam=0.2,mixed,100,10,407,20000,4000,0.023603439331054688,0.01446466589151278,0.04070305384836497,0.08568892450364471,1.0272725135466216,22.25,0.2225,1.125,0.08568892450364471,0.2,,0.01446466589151278,0.01446466589151278,0,vm_fail,0.04197645911272814,0.04197645911272814,0,vm_add,0.010428833521211567,0.18624345055390226,87,vm_add,0.05250425543588188,0.05250425543588188,0,vm_add,0.07233494526849477,0.07233494526849477,0,vm_fail,0.05250425543588188,0.05250425543588188,0,vm_fail,0.012038205862654534,0.012038205862654534,0,drift,0.011386528623886278,0.19545887683343344,91,vm_add,0.07245094752618073,0.07245094752618073,0,Chooser (cheaper of the two)|n100 m10 mixed lam=0.2|407
h11_event_elite,Chooser (cheaper of the two),n100 m10 mixed lam=0.2,mixed,100,10,408,20000,4000,0.02687978744506836,0.007860113968795789,0.017190567904468143,0.0794956429404364,1.008449351281612,30.875,0.30874999999999997,6.125,0.0794956429404364,0.2,,0.007860113968795789,0.007860113968795789,0,churn,0.023380168237185237,0.023380168237185237,0,vm_add,0.049586332196604875,0.049586332196604875,0,drift,0.009910323022737954,0.16745633341428523,78,vm_fail,0.009252202122642019,0.009252202122642019,0,churn,0.02144799319598765,0.02144799319598765,0,drift,0.007609435049948795,0.17890303900843996,85,vm_fail,0.00680841120999775,0.00680841120999775,0,drift,0.009529678200640867,0.17913066413834847,84,Chooser (cheaper of the two)|n100 m10 mixed lam=0.2|408
h11_event_elite,Chooser (cheaper of the two),n100 m10 mixed lam=0.2,mixed,100,10,409,20000,4000,0.02087092399597168,0.007106482787213532,0.026365118809582325,0.06925723115527244,1.0180222882644034,21.25,0.21250000000000002,2.0,0.06925723115527244,0.2,,0.007106482787213532,0.007106482787213532,0,vm_add,0.09711948672566528,0.09711948672566528,0,drift,0.01097444073584061,0.1969937378312353,92,churn,0.012979862958337742,0.012979862958337742,0,churn,0.016046924577657513,0.016046924577657513,0,drift,0.007164113270038952,0.1642817149401651,78,vm_fail,0.013878844640684871,0.013878844640684871,0,churn,0.016327988371716978,0.016327988371716978,0,churn,0.03642928919671664,0.03642928919671664,0,Chooser (cheaper of the two)|n100 m10 mixed lam=0.2|409
h11_event_elite,Chooser (cheaper of the two),n100 m10 mixed lam=0.2,mixed,100,10,410,20000,4000,0.0234224796295166,0.007534436806778124,0.09373496903171051,0.13897688110926687,1.0835675023801974,22.375,0.22375,0.75,0.13897688110926687,0.2,,0.007534436806778124,0.007534436806778124,0,drift,0.0061092020138174665,0.18318442156824924,88,churn,0.06709546947219605,0.06709546947219605,0,churn,0.07203396576167835,0.07203396576167835,0,churn,0.07896428740647193,0.07896428740647193,0,vm_add,0.1835195406076119,0.1835195406076119,0,vm_fail,0.1367154373229322,0.1367154373229322,0,vm_add,0.1897271405150249,0.1897271405150249,0,vm_add,0.015714709153951203,0.2005747862199703,91,Chooser (cheaper of the two)|n100 m10 mixed lam=0.2|410
h11_event_elite,QI-MRFO+CXM continue,n100 m10 mixed lam=0.2,mixed,100,10,401,20000,4000,6.7517194747924805,0.0006964543523931145,0.010841712623734494,0.09182456232073125,1.0020816614943104,29.25,0.3108761515683264,1.125,0.0736446338058637,0.2,,0.0006964543523931145,0.02062065328981568,0,vm_add,0.00719246147406886,0.09704035687002328,35,drift,0.011616600011614157,0.15018782211664694,46,churn,0.019427478682375193,0.0850794375195025,21,vm_fail,0.020491185903872004,0.05233223363397075,13,drift,0.011013064697530817,0.09797646991580154,36,drift,0.007616240851344079,0.10863242090591028,38,churn,0.004481344603045942,0.11011467674035073,33,vm_fail,0.004895324766024898,0.0332330808636439,12,QI-MRFO+CXM continue|n100 m10 mixed lam=0.2|401
h11_event_elite,QI-MRFO+CXM continue,n100 m10 mixed lam=0.2,mixed,100,10,402,20000,4000,6.64702844619751,0.0010080168741667527,0.011471627811645511,0.09419524413500906,1.0029501799165081,28.5,0.3103198099415205,1.875,0.0742703775251861,0.2,,0.0010080168741667527,0.005665959367311206,0,churn,0.008806836628280051,0.07419340298608763,23,drift,0.017962013617907942,0.13742216485221825,41,vm_fail,0.0035327228964792223,0.0738667432139399,28,vm_add,0.006173798794381466,0.11604841953793937,47,vm_add,0.034688634917041994,0.14812658537906623,30,churn,0.00916892964371601,0.08453280295771813,25,vm_fail,0.006215194946526549,0.05231360815824232,17,churn,0.005224891048830855,0.06705822599486062,17,QI-MRFO+CXM continue|n100 m10 mixed lam=0.2|402
h11_event_elite,QI-MRFO+CXM continue,n100 m10 mixed lam=0.2,mixed,100,10,403,20000,4000,6.791197776794434,0.0006038824825794654,0.007551990289316443,0.09114583462056676,0.9967741736989684,29.125,0.32643895348837204,3.5,0.07334279763239994,0.2,,0.0006038824825794654,0.01101827496088413,0,vm_add,0.011040028845238978,0.09517569790693943,32,churn,0.009537130807049914,0.10966047376639969,33,drift,0.00483448383508215,0.08720810322784245,35,drift,0.008772469908605935,0.11079012251653853,37,vm_fail,0.006997737130849716,0.08091343444088882,23,vm_fail,0.006234760577930819,0.0777511535215755,24,churn,0.007596960846326863,0.09282916302563046,29,churn,0.0054023503634471675,0.07483852855871921,20,QI-MRFO+CXM continue|n100 m10 mixed lam=0.2|403
h11_event_elite,QI-MRFO+CXM continue,n100 m10 mixed lam=0.2,mixed,100,10,404,20000,4000,6.471709489822388,0.0008216951124264346,0.014175590474198037,0.06469683152101102,1.0056091743204978,18.375,0.1961611863222688,2.0,0.05388221485774834,0.2,,0.0008216951124264346,0.007337636637814061,0,vm_add,0.006232086960644449,0.07510932760702749,29,vm_fail,0.01785589917364764,0.032873641950967356,7,drift,0.002860109200321479,0.11766114551478492,42,churn,0.012316689709231847,0.07658517252743705,16,churn,0.05042189414209142,0.10281397519880345,15,vm_fail,0.007025766391838563,0.053581445437918526,19,vm_fail,0.010348726324915637,0.015170463211079838,2,vm_add,0.006343551890893267,0.043779480720069514,17,QI-MRFO+CXM continue|n100 m10 mixed lam=0.2|404
h11_event_elite,QI-MRFO+CXM continue,n100 m10 mixed lam=0.2,mixed,100,10,405,20000,4000,6.478369235992432,0.0005619953188864004,0.011032979403687717,0.07661086892846487,1.0009605469894254,24.75,0.25691496511095857,1.625,0.06293617623675372,0.2,,0.0005619953188864004,0.019383608402145334,0,churn,0.007935005046957159,0.07120415113021067,19,vm_add,0.006831863477068237,0.11704236278480194,45,vm_fail,0.01017073397718042,0.06008686972603804,20,vm_fail,0.006028831800224638,0.05075547213591211,20,vm_add,0.007554785162550991,0.06140282603900747,18,vm_add,0.010634609361406994,0.10273694768279981,34,drift,0.01281196591561184,0.07970182797665515,27,vm_add,0.026296040488501465,0.06995649395229381,15,QI-MRFO+CXM continue|n100 m10 mixed lam=0.2|405
h11_event_elite,QI-MRFO+CXM continue,n100 m10 mixed lam=0.2,mixed,100,10,406,20000,4000,7.125520944595337,0.00043881550914861303,0.015669029052467393,0.10400187735768979,1.0068382277178114,30.875,0.3225,0.0,0.08106116184131519,0.2,,0.00043881550914861303,0.02156546017113554,0,vm_add,0.03817123093353388,0.06456429263428166,12,vm_add,0.009391163135673194,0.0602568471688675,20,churn,0.01506100029475127,0.0929851370518693,28,drift,0.010083580960352605,0.08803123339753455,28,drift,0.009539093361750527,0.09636696119892887,35,drift,0.007494716384456723,0.14504059897739505,52,churn,0.016796020192791302,0.06758292198885063,16,vm_add,0.018815427156429625,0.2171870264437907,56,QI-MRFO+CXM continue|n100 m10 mixed lam=0.2|406
h11_event_elite,QI-MRFO+CXM continue,n100 m10 mixed lam=0.2,mixed,100,10,407,20000,4000,6.5477681159973145,0.0007947279982161694,0.010843176930582205,0.06412833370569782,0.9978290719787573,21.5,0.2165656328320802,1.375,0.05456380063210575,0.2,,0.0007947279982161694,0.013411488746943015,0,vm_fail,0.011007265634137923,0.04207674037387518,10,vm_add,0.012280687023231696,0.0851357547038805,30,vm_add,0.013682368115469985,0.06480989404181006,20,vm_add,0.01272279814929793,0.05960340624252421,21,vm_fail,0.01935226358795752,0.03719050262012113,7,vm_fail,0.007388454961117007,0.039931537154324494,14,drift,0.005064510234823962,0.12111587451564701,46,vm_add,0.005247067738621601,0.06316295999339988,24,QI-MRFO+CXM continue|n100 m10 mixed lam=0.2|407
h11_event_elite,QI-MRFO+CXM continue,n100 m10 mixed lam=0.2,mixed,100,10,408,20000,4000,6.554340362548828,0.00101189805004771,0.004817410461432772,0.09769134644230573,0.9961839162979349,32.25,0.35598663905133204,5.375,0.07635870055995271,0.2,,0.00101189805004771,0.014891943669681598,0,churn,0.004646376473424572,0.10299052499618341,30,vm_add,0.0074714951263226154,0.08392494771238893,30,drift,0.005086642752384404,0.07327857934165259,28,vm_fail,0.005466207175122331,0.09346346200926228,29,churn,0.005400024489654435,0.1163485572139983,31,drift,0.0031956244763768197,0.10503842137767479,37,vm_fail,0.002874371991718249,0.052052786376650846,15,drift,0.004398541206458749,0.15443349251063468,58,QI-MRFO+CXM continue|n100 m10 mixed lam=0.2|408
h11_event_elite,QI-MRFO+CXM continue,n100 m10 mixed lam=0.2,mixed,100,10,409,20000,4000,6.730791091918945,0.0004398436053348557,0.017105877168226983,0.1111906193022465,1.0088281607714369,29.25,0.33594503012048194,2.125,0.08482808804739222,0.2,,0.0004398436053348557,0.00859590819914176,0,vm_add,0.08968519747911852,0.10044506721236901,4,drift,0.010250648669374316,0.1361299158689905,46,churn,0.005134227241576313,0.10707315903941428,32,churn,0.006728973014786494,0.09044513786137295,26,drift,0.00842093258685965,0.1320570377432327,41,vm_fail,0.009065289922781345,0.07484255614116847,22,churn,0.003013067054956585,0.12502832969512215,34,churn,0.004548681376362633,0.12350375085630193,29,QI-MRFO+CXM continue|n100 m10 mixed lam=0.2|409
h11_event_elite,QI-MRFO+CXM continue,n100 m10 mixed lam=0.2,mixed,100,10,410,20000,4000,6.791273832321167,0.0005543305277006976,0.011733395575821738,0.07464628582043228,1.00240019481543,24.125,0.26538659793814434,0.375,0.06532992808038263,0.2,,0.0005543305277006976,0.012170506241167759,0,drift,0.003315240522013994,0.11370123881681295,49,churn,0.010134129859808794,0.08677035642716084,25,churn,0.007687112194209398,0.0891886762526109,27,churn,0.006562165780485432,0.08787197197902978,24,vm_add,0.025959356440216297,0.06735470027709727,19,vm_fail,0.015051617224381772,0.03855509123397509,10,vm_add,0.011766388063043783,0.04939115872167552,18,vm_add,0.013391154522414433,0.06433709285509594,21,QI-MRFO+CXM continue|n100 m10 mixed lam=0.2|410
h11_event_elite,QI-MRFO+CXM continue+elite,n100 m10 mixed lam=0.2,mixed,100,10,401,20000,4000,6.509902000427246,0.0006964543523931145,0.0444536924147187,0.11131386272805523,1.0353957690543878,19.5,0.20228158602150537,1.375,0.08676919262260972,0.2,,0.0006964543523931145,0.02062065328981568,0,vm_add,0.15216367957729307,0.15216367957729307,0,drift,0.09766312012714508,0.31333249168711735,58,churn,0.06911543086613606,0.1178295309749658,12,vm_fail,0.005736070828492358,0.007997501530564777,1,drift,0.009666502478658886,0.12220293130362668,36,drift,0.008300677571471156,0.1296852207723118,38,churn,0.004796503923659709,0.03911199203366908,11,vm_fail,0.008187553944893289,0.00818755394489329,0,QI-MRFO+CXM continue+elite|n100 m10 mixed lam=0.2|401
h11_event_elite,QI-MRFO+CXM continue+elite,n100 m10 mixed lam=0.2,mixed,100,10,402,20000,4000,6.4967200756073,0.0010080168741667527,0.029127720361660295,0.08687710948863123,1.0204646529240726,19.5,0.2137329982259018,2.0,0.07231082143827348,0.2,,0.0010080168741667527,0.005665959367311206,0,churn,0.015545606773179134,0.05275003014444039,13,drift,0.005093871804979157,0.11886262181532056,42,vm_fail,0.0031688863059747222,0.01912729878954793,5,vm_add,0.0071593402059897575,0.12999091490317233,46,vm_add,0.1601559266933996,0.16015592669339962,0,churn,0.016718667507356684,0.11817418335043817,26,vm_fail,0.010525148311130142,0.03145976939687881,7,churn,0.014654315291273172,0.06449613081585197,17,QI-MRFO+CXM continue+elite|n100 m10 mixed lam=0.2|402
h11_event_elite,QI-MRFO+CXM continue+elite,n100 m10 mixed lam=0.2,mixed,100,10,403,20000,4000,6.663644313812256,0.0006038824825794654,0.017841188175929803,0.06436453995669744,1.0069434201162313,15.875,0.1776559196617336,3.25,0.053815534502721515,0.2,,0.0006038824825794654,0.01101827496088413,0,vm_add,0.04378635903495566,0.04378635903495566,0,churn,0.039291773284153855,0.11371766889253525,18,drift,0.004864872624035919,0.07785521224378077,30,drift,0.01321020667101777,0.1110765221782121,35,vm_fail,0.013908077041324745,0.022491256888709996,3,vm_fail,0.019341535561401963,0.021897004969209124,1,churn,0.003947517740066364,0.05293787043614383,17,churn,0.004379163450482138,0.0711544250100329,23,QI-MRFO+CXM continue+elite|n100 m10 mixed lam=0.2|403
h11_event_elite,QI-MRFO+CXM continue+elite,n100 m10 mixed lam=0.2,mixed,100,10,404,20000,4000,6.626832008361816,0.0008216951124264346,0.021447202806660667,0.04943069279204756,1.0127984098209948,9.75,0.1075240015360983,1.5,0.04311794020783917,0.2,,0.0008216951124264346,0.007337636637814061,0,vm_add,0.0488845342125726,0.0488845342125726,0,vm_fail,0.02246329412979587,0.022463294129795874,0,drift,0.007694428476406608,0.09071404858492382,36,churn,0.008911970970748194,0.06663123614938507,14,churn,0.005121405048689284,0.05993993991404122,16,vm_fail,0.014134901799949627,0.02650191133852865,5,vm_fail,0.0073314166833744615,0.023274906875384534,7,vm_add,0.05703567113174869,0.05703567113174869,0,QI-MRFO+CXM continue+elite|n100 m10 mixed lam=0.2|404
h11_event_elite,QI-MRFO+CXM continue+elite,n100 m10 mixed lam=0.2,mixed,100,10,405,20000,4000,6.66434907913208,0.0005619953188864004,0.09215538655775513,0.12971701192060142,1.0812353255912563,13.125,0.1390625,2.125,0.12028008159426562,0.2,,0.0005619953188864004,0.019383608402145334,0,churn,0.0043345744292301825,0.0814911413655457,25,vm_add,0.22734050542289025,0.22734050542289028,0,vm_fail,0.1496707615940989,0.14967076159409892,0,vm_fail,0.10746361342164902,0.10746361342164902,0,vm_add,0.1784993258147742,0.1784993258147742,0,vm_add,0.010745054729480282,0.15390427146983948,46,drift,0.018207416987422793,0.09838463621351841,34,vm_add,0.04098184006249539,0.04098184006249538,0,QI-MRFO+CXM continue+elite|n100 m10 mixed lam=0.2|405
h11_event_elite,QI-MRFO+CXM continue+elite,n100 m10 mixed lam=0.2,mixed,100,10,406,20000,4000,6.861940145492554,0.00043881550914861303,0.05930743818598527,0.12476853295421059,1.0500344694805623,21.625,0.2321875,0.0,0.10623128487446873,0.2,,0.00043881550914861303,0.02156546017113554,0,vm_add,0.0383623298435934,0.03836232984359339,0,vm_add,0.10616801561245973,0.10616801561245971,0,churn,0.011635464793400323,0.10279823784629177,30,drift,0.004667729351640221,0.10626948322065034,41,drift,0.011596712868571463,0.09562492185818666,31,drift,0.010969653673857136,0.1869077072111822,50,churn,0.015607586215061421,0.08656555491202214,21,vm_add,0.2754520131292985,0.2754520131292985,0,QI-MRFO+CXM continue+elite|n100 m10 mixed lam=0.2|406
h11_event_elite,QI-MRFO+CXM continue+elite,n100 m10 mixed lam=0.2,mixed,100,10,407,20000,4000,6.534781217575073,0.0007947279982161694,0.045336183008170654,0.06752425037163512,1.031856074507142,8.625,0.08644736842105263,1.25,0.06286310657305227,0.2,,0.0007947279982161694,0.013411488746943015,0,vm_fail,0.015437508216173004,0.021860038278854303,3,vm_add,0.025324764720028505,0.08454104412006837,28,vm_add,0.0680204703886946,0.06802047038869459,0,vm_add,0.08814350796671205,0.08814350796671205,0,vm_fail,0.0680204703886946,0.06802047038869459,0,vm_fail,0.026957862730094637,0.026957862730094637,0,drift,0.005051475909940374,0.11691720535493501,38,vm_add,0.06573340374502745,0.06573340374502745,0,QI-MRFO+CXM continue+elite|n100 m10 mixed lam=0.2|407
h11_event_elite,QI-MRFO+CXM continue+elite,n100 m10 mixed lam=0.2,mixed,100,10,408,20000,4000,6.417420387268066,0.00101189805004771,0.01360182176891204,0.06154296034755535,1.004891336792344,16.625,0.17855925324675326,5.375,0.04964730440840718,0.2,,0.00101189805004771,0.014891943669681598,0,churn,0.013012734141524216,0.07202412315655268,19,vm_add,0.03223115152760282,0.03885966626448125,3,drift,0.020023691691498896,0.08047194934296195,23,vm_fail,0.015825336424382615,0.021699011497247324,1,churn,0.006275077918607135,0.05649144629259631,17,drift,0.0061246529674417955,0.08147468313477473,27,vm_fail,0.012458913881956126,0.017959588606506278,2,drift,0.002863015598282718,0.12336321448532231,41,QI-MRFO+CXM continue+elite|n100 m10 mixed lam=0.2|408
h11_event_elite,QI-MRFO+CXM continue+elite,n100 m10 mixed lam=0.2,mixed,100,10,409,20000,4000,6.600312232971191,0.0004398436053348557,0.019650387390055472,0.0883038918695494,1.0113578819146563,24.75,0.2778125,2.125,0.07576343872226093,0.2,,0.0004398436053348557,0.00859590819914176,0,vm_add,0.08985699772135877,0.08985699772135876,0,drift,0.005695840929290091,0.13206873137043176,48,churn,0.010555107787156499,0.09711443695210058,25,churn,0.007253526002189383,0.07336631078751228,23,drift,0.018090039086547383,0.1461550054354167,53,vm_fail,0.01157336380405839,0.01157336380405839,0,churn,0.005040150417483016,0.07767543037835575,25,churn,0.009138073372360228,0.07862085850716104,24,QI-MRFO+CXM continue+elite|n100 m10 mixed lam=0.2|409
h11_event_elite,QI-MRFO+CXM continue+elite,n100 m10 mixed lam=0.2,mixed,100,10,410,20000,4000,7.026359558105469,0.0005543305277006976,0.0629093308840295,0.10167760360478051,1.052883884884291,13.625,0.155,0.875,0.09410679485704497,0.2,,0.0005543305277006976,0.012170506241167759,0,drift,0.0028087411096482263,0.11362118888695855,49,churn,0.027666649827236708,0.05962751197942979,10,churn,0.0073351277455837765,0.07989378527463932,24,churn,0.0026566345378813794,0.0974708488453307,26,vm_add,0.0998174206005047,0.0998174206005047,0,vm_fail,0.05632344658327084,0.056323446583270834,0,vm_add,0.10558600006543338,0.10558600006543337,0,vm_add,0.20108062660267698,0.20108062660267695,0,QI-MRFO+CXM continue+elite|n100 m10 mixed lam=0.2|410
h11_event_elite,QI-MRFO+CXM continue+event-aware elite,n100 m10 mixed lam=0.2,mixed,100,10,401,20000,4000,6.61914587020874,0.0006964543523931145,0.021646791310258304,0.09307628407293411,1.0128226155367472,24.625,0.25850378787878786,1.375,0.07458664488055228,0.2,,0.0006964543523931145,0.02062065328981568,0,vm_add,0.00719246147406886,0.09704035687002328,35,drift,0.011406128121269439,0.15332774836438287,49,churn,0.015581470209177469,0.04291459165408154,9,vm_fail,0.010297387723590361,0.015104616441814217,2,drift,0.010826283957368845,0.09732578815442902,33,drift,0.09926563553993864,0.18845137735562106,32,churn,0.009352844723704585,0.1224777142755334,29,vm_fail,0.009252118732948242,0.02796807946758755,8,QI-MRFO+CXM continue+event-aware elite|n100 m10 mixed lam=0.2|401
h11_event_elite,QI-MRFO+CXM continue+event-aware elite,n100 m10 mixed lam=0.2,mixed,100,10,402,20000,4000,6.709739446640015,0.0010080168741667527,0.008622598558536277,0.06727125132183023,1.0001253883481456,22.125,0.23634538857677903,1.875,0.05628221580952389,0.2,,0.0010080168741667527,0.005665959367311206,0,churn,0.015545606773179134,0.05275003014444039,13,drift,0.005093871804979157,0.11886262181532056,42,vm_fail,0.0031688863059747222,0.01912729878954793,5,vm_add,0.00748647326412207,0.1025384511424079,39,vm_add,0.011634867201393463,0.09038935973397594,36,churn,0.011973248937831808,0.04680852796656583,11,vm_fail,0.011048050661070804,0.03640220057132617,11,churn,0.003029783519739056,0.0712915204110572,20,QI-MRFO+CXM continue+event-aware elite|n100 m10 mixed lam=0.2|402
h11_event_elite,QI-MRFO+CXM continue+event-aware elite,n100 m10 mixed lam=0.2,mixed,100,10,403,20000,4000,6.493025302886963,0.0006038824825794654,0.012445744452080023,0.05948403708398327,1.0016115490125448,17.875,0.191875,3.375,0.05125901148686816,0.2,,0.0006038824825794654,0.01101827496088413,0,vm_add,0.011040028845238978,0.09517569790693943,32,churn,0.015931976328434908,0.05419223609399328,13,drift,0.00517273504689881,0.07504781404199054,28,drift,0.01887805543156687,0.1173607344526681,41,vm_fail,0.013898865911307526,0.014299214914782912,0,vm_fail,0.02217007817567114,0.022170078175671144,0,churn,0.009468640754549918,0.050900333137155335,14,churn,0.00300557512297203,0.04672618794866544,15,QI-MRFO+CXM continue+event-aware elite|n100 m10 mixed lam=0.2|403
h11_event_elite,QI-MRFO+CXM continue+event-aware elite,n100 m10 mixed lam=0.2,mixed,100,10,404,20000,4000,6.5208189487457275,0.0008216951124264346,0.010723041711406499,0.0524868475389172,1.0021791911572846,15.75,0.16981581133642992,2.0,0.04497060618721421,0.2,,0.0008216951124264346,0.007337636637814061,0,vm_add,0.006232086960644449,0.07510932760702749,29,vm_fail,0.017444431932937245,0.026068314955256255,4,drift,0.0019861028391618017,0.10470553392592735,37,churn,0.011492752331246534,0.060950670970632885,16,churn,0.01045509718666119,0.07307325231593088,21,vm_fail,0.00900817788248545,0.018175369179948848,4,vm_fail,0.010222436146524867,0.014710292774546573,2,vm_add,0.01894324841159046,0.04710201858206731,13,QI-MRFO+CXM continue+event-aware elite|n100 m10 mixed lam=0.2|404
h11_event_elite,QI-MRFO+CXM continue+event-aware elite,n100 m10 mixed lam=0.2,mixed,100,10,405,20000,4000,6.617593050003052,0.0005619953188864004,0.014567604338490138,0.07152169040792093,1.0044588830730263,21.625,0.22434570084171146,1.875,0.06003903286853983,0.2,,0.0005619953188864004,0.019383608402145334,0,churn,0.0043345744292301825,0.0814911413655457,25,vm_add,0.007699596279964728,0.10660452311465952,41,vm_fail,0.014740060258967552,0.017616001728434912,1,vm_fail,0.011395073844629457,0.017388850274527478,2,vm_add,0.02830783746921669,0.0616243028129963,16,vm_add,0.0229669799251916,0.12312084301885733,35,drift,0.007186052238757663,0.08641001796732022,31,vm_add,0.019910660261963246,0.07791784298102603,22,QI-MRFO+CXM continue+event-aware elite|n100 m10 mixed lam=0.2|405
h11_event_elite,QI-MRFO+CXM continue+event-aware elite,n100 m10 mixed lam=0.2,mixed,100,10,406,20000,4000,6.789128303527832,0.00043881550914861303,0.01329938712879512,0.09734495738106275,1.0044909056958247,31.625,0.330625,0.0,0.08013572930956168,0.2,,0.00043881550914861303,0.02156546017113554,0,vm_add,0.03817123093353388,0.06456429263428166,12,vm_add,0.009391163135673194,0.0602568471688675,20,churn,0.012594594857012175,0.08180339362340053,21,drift,0.007630605374213763,0.09356208451158987,34,drift,0.011413595642544502,0.1449966085724537,48,drift,0.007202125263833715,0.12743637036364114,46,churn,0.013290292524125178,0.0849866082965057,25,vm_add,0.006701489299424552,0.12115345387776182,47,QI-MRFO+CXM continue+event-aware elite|n100 m10 mixed lam=0.2|406
h11_event_elite,QI-MRFO+CXM continue+event-aware elite,n100 m10 mixed lam=0.2,mixed,100,10,407,20000,4000,6.536804437637329,0.0007947279982161694,0.012894356535758596,0.05989979345075298,0.9998465706150305,20.0,0.20071659092964367,1.5,0.053513694772317724,0.2,,0.0007947279982161694,0.013411488746943015,0,vm_fail,0.015437508216173004,0.021860038278854303,3,vm_add,0.009815265497789329,0.07986950322059568,31,vm_add,0.01727698215742606,0.067252054339189,21,vm_add,0.023011972957699484,0.08106578395054795,26,vm_fail,0.008628640644137084,0.01699605877931057,4,vm_fail,0.010550102725575135,0.030951798862758024,7,drift,0.0042388648877067355,0.12493770472966764,49,vm_add,0.014195515199561942,0.05626540544510072,19,QI-MRFO+CXM continue+event-aware elite|n100 m10 mixed lam=0.2|407
h11_event_elite,QI-MRFO+CXM continue+event-aware elite,n100 m10 mixed lam=0.2,mixed,100,10,408,20000,4000,6.420845031738281,0.00101189805004771,0.01068679474955203,0.07360414230541654,1.0020041081051365,22.875,0.2400608766233766,5.25,0.05904344771201047,0.2,,0.00101189805004771,0.014891943669681598,0,churn,0.013012734141524216,0.07202412315655268,19,vm_add,0.011993757880748709,0.06693552203111397,19,drift,0.006627026736632536,0.10358668889913797,43,vm_fail,0.0272967439531566,0.027296743953156594,0,churn,0.0036637731769544072,0.05879225105681312,16,drift,0.008480271983164115,0.09614557547327104,35,vm_fail,0.010986830691757621,0.015933525001256648,1,drift,0.0034332194324780347,0.1481187088720303,50,QI-MRFO+CXM continue+event-aware elite|n100 m10 mixed lam=0.2|408
h11_event_elite,QI-MRFO+CXM continue+event-aware elite,n100 m10 mixed lam=0.2,mixed,100,10,409,20000,4000,6.950390100479126,0.0004398436053348557,0.022011904146771503,0.09364347429473341,1.0136973258055146,23.75,0.2677556818181818,1.5,0.07624448791788736,0.2,,0.0004398436053348557,0.00859590819914176,0,vm_add,0.08968519747911852,0.10044506721236901,4,drift,0.010250648669374316,0.1361299158689905,46,churn,0.012453717466788129,0.11906603326060176,33,churn,0.018082239977122924,0.08955826041950063,20,drift,0.008003158711573644,0.1193268633127347,40,vm_fail,0.01817340757328623,0.03735355898164143,7,churn,0.012538361143675793,0.07019546288871532,17,churn,0.006908502153232459,0.07707263241331397,23,QI-MRFO+CXM continue+event-aware elite|n100 m10 mixed lam=0.2|409
h11_event_elite,QI-MRFO+CXM continue+event-aware elite,n100 m10 mixed lam=0.2,mixed,100,10,410,20000,4000,6.984131097793579,0.0005543305277006976,0.017128812319741442,0.07216274000525118,1.007736538334101,20.625,0.2251595744680851,0.75,0.0626226274286605,0.2,,0.0005543305277006976,0.012170506241167759,0,drift,0.0028087411096482263,0.11362118888695855,49,churn,0.027666649827236708,0.05962751197942979,10,churn,0.0073351277455837765,0.07989378527463932,24,churn,0.0026566345378813794,0.0974708488453307,26,vm_add,0.020726774952365506,0.07939704760040642,25,vm_fail,0.013757033554176465,0.018847647387358384,2,vm_add,0.05155808277713905,0.06207366360491044,5,vm_add,0.010521454053900424,0.06637022646297588,24,QI-MRFO+CXM continue+event-aware elite|n100 m10 mixed lam=0.2|410
h11_event_elite,Chooser (cheaper of the two),n100 m10 mixed lam=1.0,mixed,100,10,401,20000,4000,0.02661609649658203,0.009018810988076865,0.11489292054060309,0.3369777593336035,1.1050135591083294,22.0,0.22,1.125,0.3369777593336035,1.0,,0.009018810988076865,0.009018810988076865,0,vm_add,0.16174572316545516,0.16174572316545516,0,drift,0.012537117729590307,0.9339458948635178,91,churn,0.00951221228314701,0.00951221228314701,0,vm_fail,0.020638292405625952,0.020638292405625952,0,drift,0.6647610255345983,0.6647610255345983,0,drift,0.006199921423618301,0.8614698546336941,85,churn,0.022294504885614196,0.022294504885614196,0,vm_fail,0.0214545668971755,0.0214545668971755,0,Chooser (cheaper of the two)|n100 m10 mixed lam=1.0|401
h11_event_elite,Chooser (cheaper of the two),n100 m10 mixed lam=1.0,mixed,100,10,402,20000,4000,0.02368307113647461,0.009332960487053916,0.5267328525008954,0.5267328525008954,1.5141043456890853,0.0,0.0,1.75,0.5267328525008954,1.0,,0.009332960487053916,0.009332960487053916,0,churn,0.01375469260959433,0.01375469260959433,0,drift,0.4560819871771508,0.4560819871771508,0,vm_fail,0.3181637951694696,0.3181637951694696,0,vm_add,0.6443075635351376,0.6443075635351376,0,vm_add,0.8940927110420382,0.8940927110420382,0,churn,0.7436546582090597,0.7436546582090597,0,vm_fail,0.6811094199313694,0.6811094199313694,0,churn,0.4626979923333438,0.4626979923333438,0,Chooser (cheaper of the two)|n100 m10 mixed lam=1.0|402
h11_event_elite,Chooser (cheaper of the two),n100 m10 mixed lam=1.0,mixed,100,10,403,20000,4000,0.024439096450805664,0.009608071846750561,0.15680484909107703,0.15680484909107703,1.1441173265235327,0.0,0.0,4.0,0.15680484909107703,1.0,,0.009608071846750561,0.009608071846750561,0,vm_add,0.05317913693340944,0.05317913693340944,0,churn,0.017307714763834595,0.017307714763834595,0,drift,0.6178175834565516,0.6178175834565516,0,drift,0.3617958757965112,0.3617958757965112,0,vm_fail,0.13426532375898229,0.13426532375898229,0,vm_fail,0.024430322109627284,0.024430322109627284,0,churn,0.01804178254926877,0.01804178254926877,0,churn,0.02760105336043113,0.02760105336043113,0,Chooser (cheaper of the two)|n100 m10 mixed lam=1.0|403
h11_event_elite,Chooser (cheaper of the two),n100 m10 mixed lam=1.0,mixed,100,10,404,20000,4000,0.024781465530395508,0.007268534893747241,0.17941133287845024,0.17941133287845024,1.169211205810625,0.0,0.0,2.0,0.17941133287845024,1.0,,0.007268534893747241,0.007268534893747241,0,vm_add,0.055640973021000066,0.055640973021000066,0,vm_fail,0.0290495392838798,0.0290495392838798,0,drift,0.6987577030879938,0.6987577030879938,0,churn,0.4842449954751946,0.4842449954751946,0,churn,0.039313894000801985,0.039313894000801985,0,vm_fail,0.009176499032247808,0.009176499032247808,0,vm_fail,0.034042408723380616,0.034042408723380616,0,vm_add,0.08506465040310343,0.08506465040310343,0,Chooser (cheaper of the two)|n100 m10 mixed lam=1.0|404
h11_event_elite,Chooser (cheaper of the two),n100 m10 mixed lam=1.0,mixed,100,10,405,20000,4000,0.023787975311279297,0.007320026947820328,0.15756250480371986,0.2703482653138045,1.14607043313194,11.125,0.11125,1.625,0.2703482653138045,1.0,,0.007320026947820328,0.007320026947820328,0,churn,0.023352523325462875,0.023352523325462875,0,vm_add,0.25058126562839655,0.25058126562839655,0,vm_fail,0.17159689605672931,0.17159689605672931,0,vm_fail,0.1285847873364178,0.1285847873364178,0,vm_add,0.20097526896749485,0.20097526896749485,0,vm_add,0.43512417515637775,0.43512417515637775,0,drift,0.01380458885469355,0.916090672935371,89,vm_add,0.0364805331041863,0.0364805331041863,0,Chooser (cheaper of the two)|n100 m10 mixed lam=1.0|405
h11_event_elite,Chooser (cheaper of the two),n100 m10 mixed lam=1.0,mixed,100,10,406,20000,4000,0.025475502014160156,0.00933626783458608,0.2529476882844247,0.3652827600825723,1.2418576356572983,11.125,0.11125,0.0,0.3652827600825723,1.0,,0.00933626783458608,0.00933626783458608,0,vm_add,0.04759705682848322,0.04759705682848322,0,vm_add,0.11600577583353507,0.11600577583353507,0,churn,0.13088354335508484,0.13088354335508484,0,drift,0.709505327547156,0.709505327547156,0,drift,0.7165978390945503,0.7165978390945503,0,drift,0.009753454365371686,0.9084340287505525,89,churn,0.016573478779234003,0.016573478779234003,0,vm_add,0.27666503047198276,0.27666503047198276,0,Chooser (cheaper of the two)|n100 m10 mixed lam=1.0|406
h11_event_elite,Chooser (cheaper of the two),n100 m10 mixed lam=1.0,mixed,100,10,407,20000,4000,0.02312779426574707,0.01446466589151278,0.28470383610065186,0.3987354729163365,1.2683425035168674,11.25,0.1125,1.25,0.3987354729163365,1.0,,0.01446466589151278,0.01446466589151278,0,vm_fail,0.04197645911272814,0.04197645911272814,0,vm_add,0.23925666514894384,0.23925666514894384,0,vm_add,0.2908607418705079,0.2908607418705079,0,vm_add,0.31518240979433904,0.31518240979433904,0,vm_fail,0.2908607418705079,0.2908607418705079,0,vm_fail,0.24123050569532775,0.24123050569532775,0,drift,0.8446486158401078,0.8446486158401078,0,vm_add,0.01361454947275241,0.9258676439982295,90,Chooser (cheaper of the two)|n100 m10 mixed lam=1.0|407
h11_event_elite,Chooser (cheaper of the two),n100 m10 mixed lam=1.0,mixed,100,10,408,20000,4000,0.02499079704284668,0.007860113968795789,0.19501458145875122,0.3035390218653201,1.1847892526897312,10.75,0.1075,5.25,0.3035390218653201,1.0,,0.007860113968795789,0.007860113968795789,0,churn,0.023380168237185237,0.023380168237185237,0,vm_add,0.049586332196604875,0.049586332196604875,0,drift,0.45826684910385945,0.45826684910385945,0,vm_fail,0.13003418521347931,0.13003418521347931,0,churn,0.014950430807437066,0.014950430807437066,0,drift,0.6697374577949299,0.6697374577949299,0,vm_fail,0.20463155011587317,0.20463155011587317,0,drift,0.009529678200640867,0.877725201453192,86,Chooser (cheaper of the two)|n100 m10 mixed lam=1.0|408
h11_event_elite,Chooser (cheaper of the two),n100 m10 mixed lam=1.0,mixed,100,10,409,20000,4000,0.02443981170654297,0.007106482787213532,0.18217805133095355,0.29044819350748274,1.1723909422218124,10.75,0.1075,2.0,0.29044819350748274,1.0,,0.007106482787213532,0.007106482787213532,0,vm_add,0.09711948672566528,0.09711948672566528,0,drift,0.7283230806414085,0.7283230806414085,0,churn,0.29791466181524445,0.29791466181524445,0,churn,0.26026694598615285,0.26026694598615285,0,drift,0.007164113270038952,0.8733252506822724,86,vm_fail,0.013878844640684871,0.013878844640684871,0,churn,0.016327988371716978,0.016327988371716978,0,churn,0.03642928919671664,0.03642928919671664,0,Chooser (cheaper of the two)|n100 m10 mixed lam=1.0|409
h11_event_elite,Chooser (cheaper of the two),n100 m10 mixed lam=1.0,mixed,100,10,410,20000,4000,0.023645877838134766,0.007534436806778124,0.17018091172885425,0.17018091172885425,1.1595102268566218,0.0,0.0,0.375,0.17018091172885425,1.0,,0.007534436806778124,0.007534436806778124,0,drift,0.4612687348605953,0.4612687348605953,0,churn,0.2671084936543202,0.2671084936543202,0,churn,0.10261388365907348,0.10261388365907348,0,churn,0.014579631719764589,0.014579631719764589,0,vm_add,0.11289579614274568,0.11289579614274568,0,vm_fail,0.06888461761922997,0.06888461761922997,0,vm_add,0.11873297212849179,0.11873297212849179,0,vm_add,0.21536316404661307,0.21536316404661307,0,Chooser (cheaper of the two)|n100 m10 mixed lam=1.0|410
h11_event_elite,QI-MRFO+CXM continue,n100 m10 mixed lam=1.0,mixed,100,10,401,20000,4000,6.828178405761719,0.0006964543523931145,0.052973872376184006,0.23509282558905623,1.0439046667841625,12.875,0.1366263440860215,1.5,0.19695514857545493,1.0,,0.0006964543523931145,0.02062065328981568,0,vm_add,0.15168065226473798,0.2576476347257775,9,drift,0.065447463608693,0.47578124074451056,27,churn,0.021806400174989554,0.18337205229206202,11,vm_fail,0.026509768733399715,0.07520194294495051,4,drift,0.024679349110061498,0.28971886989500534,23,drift,0.098221862836795,0.32410763336587295,16,churn,0.012227997216901085,0.24939241865625636,13,vm_fail,0.02321748506389425,0.02552081208801465,0,QI-MRFO+CXM continue|n100 m10 mixed lam=1.0|401
h11_event_elite,QI-MRFO+CXM continue,n100 m10 mixed lam=1.0,mixed,100,10,402,20000,4000,6.9670422077178955,0.0010080168741667527,0.10352648224229653,0.25081292532893085,1.094348101746201,9.75,0.10751736111111111,1.75,0.2230381478494123,1.0,,0.0010080168741667527,0.005665959367311206,0,churn,0.01907069148577304,0.15894286775397304,9,drift,0.09849184460396607,0.25018081890562266,12,vm_fail,0.010095566982394113,0.11083628475876933,8,vm_add,0.19578435299808675,0.3256212969808417,10,vm_add,0.24935116826984038,0.4226136350167524,12,churn,0.1431968075562663,0.379688457541473,12,vm_fail,0.09044664068589088,0.2249026536959249,9,churn,0.02177478535615483,0.1337173879780899,6,QI-MRFO+CXM continue|n100 m10 mixed lam=1.0|402
h11_event_elite,QI-MRFO+CXM continue,n100 m10 mixed lam=1.0,mixed,100,10,403,20000,4000,6.9727561473846436,0.0006038824825794654,0.0666982743533212,0.2044395412174755,1.0552221583608428,9.5,0.10486063611491109,3.625,0.17842334089998102,1.0,,0.0006038824825794654,0.01101827496088413,0,vm_add,0.043153839539683686,0.25550097144283346,18,churn,0.038009385221295246,0.13146402200837912,6,drift,0.05921290960891741,0.2191574351951512,11,drift,0.16505542381441654,0.2995063756872224,11,vm_fail,0.12348165728123603,0.2549120514403402,8,vm_fail,0.06331355560318098,0.1472102016143418,6,churn,0.009730942781731701,0.17770486032867863,10,churn,0.03162848097610794,0.1500604120228573,6,QI-MRFO+CXM continue|n100 m10 mixed lam=1.0|403
h11_event_elite,QI-MRFO+CXM continue,n100 m10 mixed lam=1.0,mixed,100,10,404,20000,4000,7.027997255325317,0.0008216951124264346,0.022852718092922254,0.15951995294999857,1.0142021160415449,10.5,0.11325808528252179,1.625,0.13871576046851672,1.0,,0.0008216951124264346,0.007337636637814061,0,vm_add,0.045077514974763463,0.22769408139833236,17,vm_fail,0.01875217312101098,0.09255544324606077,7,drift,0.01806616442112344,0.2497116570525612,18,churn,0.018378145158066475,0.2182674316843303,11,churn,0.018595235828179013,0.18610028860661273,11,vm_fail,0.012946493550695468,0.13145549212638136,10,vm_fail,0.03145886522128442,0.04981351106745191,1,vm_add,0.019547152468254773,0.12056171841825784,9,QI-MRFO+CXM continue|n100 m10 mixed lam=1.0|404
h11_event_elite,QI-MRFO+CXM continue,n100 m10 mixed lam=1.0,mixed,100,10,405,20000,4000,6.530167102813721,0.0005619953188864004,0.16679693477074808,0.3135024531949112,1.1551194320531533,10.25,0.10528935738174869,2.125,0.2879915271994863,1.0,,0.0005619953188864004,0.019383608402145334,0,churn,0.04880362313566702,0.18465469441848437,6,vm_add,0.24978181325928628,0.3502859040826397,7,vm_fail,0.2535715299166301,0.30277403045659895,3,vm_fail,0.19099392003829269,0.28833675461898145,5,vm_add,0.19701272402268405,0.31516391476464867,9,vm_add,0.13554139302509255,0.4039486287275619,22,drift,0.13772235016424517,0.42551264869007116,21,vm_add,0.12094812460408691,0.23734304980030363,9,QI-MRFO+CXM continue|n100 m10 mixed lam=1.0|405
h11_event_elite,QI-MRFO+CXM continue,n100 m10 mixed lam=1.0,mixed,100,10,406,20000,4000,6.624112129211426,0.00043881550914861303,0.08535181644471394,0.254032440523443,1.0758041337256445,12.625,0.1328125,0.0,0.2279588726596231,1.0,,0.00043881550914861303,0.02156546017113554,0,vm_add,0.04549099349839949,0.156247562270046,9,vm_add,0.01536825541729904,0.16706847123580276,13,churn,0.043346858986277985,0.13633640117152973,5,drift,0.040829237578242916,0.19948426089894644,14,drift,0.16950993802310788,0.30029446896453965,10,drift,0.06952026300147594,0.3966801238462843,25,churn,0.023824063137550793,0.28184341161108617,16,vm_add,0.27492492191535745,0.3943048241893091,9,QI-MRFO+CXM continue|n100 m10 mixed lam=1.0|406
h11_event_elite,QI-MRFO+CXM continue,n100 m10 mixed lam=1.0,mixed,100,10,407,20000,4000,6.565778970718384,0.0007947279982161694,0.05137486768968029,0.1626210429410916,1.0378591699106412,9.625,0.09658991228070177,1.625,0.15442671244172196,1.0,,0.0007947279982161694,0.013411488746943015,0,vm_fail,0.02785395040242824,0.05229019942831835,2,vm_add,0.036687768433462484,0.247785155399476,20,vm_add,0.018675608583906426,0.15866764926028862,13,vm_add,0.031654165580737866,0.12634522200771345,9,vm_fail,0.0125757853951213,0.013086169672486924,0,vm_fail,0.03656639521608586,0.08193334369764821,4,drift,0.14665942321314995,0.37369899809273555,17,vm_add,0.10032584469255017,0.24716160597006556,12,QI-MRFO+CXM continue|n100 m10 mixed lam=1.0|407
h11_event_elite,QI-MRFO+CXM continue,n100 m10 mixed lam=1.0,mixed,100,10,408,20000,4000,7.065155506134033,0.00101189805004771,0.03922874149836361,0.22054748012789696,1.030303014377612,12.25,0.13442307692307692,5.25,0.17886296601020707,1.0,,0.00101189805004771,0.014891943669681598,0,churn,0.01779031361551118,0.2601533916760509,12,vm_add,0.039246297342581,0.12516456178651283,7,drift,0.06786013401263398,0.1603801982918948,8,vm_fail,0.021179333176185512,0.1396333791946636,7,churn,0.016290078989484043,0.16283084187867197,9,drift,0.11023029114555426,0.35457211618199075,17,vm_fail,0.020262264882299715,0.17084712870773613,9,drift,0.02097121882265924,0.39079822330565467,29,QI-MRFO+CXM continue|n100 m10 mixed lam=1.0|408
h11_event_elite,QI-MRFO+CXM continue,n100 m10 mixed lam=1.0,mixed,100,10,409,20000,4000,6.5496156215667725,0.0004398436053348557,0.050489628252171,0.2573469350685368,1.0419711683570188,13.875,0.15669331395348837,1.75,0.2148712073472488,1.0,,0.0004398436053348557,0.00859590819914176,0,vm_add,0.08964394888645692,0.17683986534768573,8,drift,0.055739720393116046,0.29248552160718594,17,churn,0.06458629585926869,0.19984103757826907,8,churn,0.010484778159325673,0.2212638352345775,14,drift,0.07036103220300172,0.3953166245319206,23,vm_fail,0.025923264353154032,0.2558717868983123,16,churn,0.02144206344058792,0.18245532335910444,9,churn,0.06573592272245703,0.33470148599123895,16,QI-MRFO+CXM continue|n100 m10 mixed lam=1.0|409
h11_event_elite,QI-MRFO+CXM continue,n100 m10 mixed lam=1.0,mixed,100,10,410,20000,4000,6.968809604644775,0.0005543305277006976,0.04065740789670694,0.17930595323391707,1.0310568404866851,10.125,0.11005837912087912,1.125,0.1554399631833121,1.0,,0.0005543305277006976,0.012170506241167759,0,drift,0.09615278016429082,0.30429715568314797,17,churn,0.01876482338465775,0.2207754230119631,12,churn,0.02101717696688044,0.2024947406210892,11,churn,0.03368982736505403,0.12359485729626574,4,vm_add,0.03122150504894898,0.2028320839248349,16,vm_fail,0.01743691946296194,0.06411433553753279,3,vm_add,0.06488596626949777,0.10748140492027766,4,vm_add,0.04209026451136377,0.20885762487622536,14,QI-MRFO+CXM continue|n100 m10 mixed lam=1.0|410
h11_event_elite,QI-MRFO+CXM continue+elite,n100 m10 mixed lam=1.0,mixed,100,10,401,20000,4000,7.027938604354858,0.0006964543523931145,0.07250947411256944,0.21828416953478108,1.0631407667480124,9.875,0.10500000000000001,1.625,0.18645587263983165,1.0,,0.0006964543523931145,0.02062065328981568,0,vm_add,0.15216367957729307,0.15216367957729307,0,drift,0.29231864404578684,0.5631635924496085,18,churn,0.046175987536690374,0.2530111080934594,11,vm_fail,0.013802772093658931,0.013802772093658933,0,drift,0.010994638639564012,0.247046039779204,20,drift,0.041117354373352816,0.32612714285566835,21,churn,0.015742772064394936,0.1831990768595419,9,vm_fail,0.007759944569814611,0.0077599445698146126,0,QI-MRFO+CXM continue+elite|n100 m10 mixed lam=1.0|401
h11_event_elite,QI-MRFO+CXM continue+elite,n100 m10 mixed lam=1.0,mixed,100,10,402,20000,4000,6.67325496673584,0.0010080168741667527,0.22310104500147876,0.2818080922237164,1.2129155011906376,3.75,0.041249999999999995,2.625,0.268995556008125,1.0,,0.0010080168741667527,0.005665959367311206,0,churn,0.026455519132687663,0.08811357885638745,4,drift,0.036205723894235334,0.24239014120576688,18,vm_fail,0.009853547416354217,0.009853547416354216,0,vm_add,0.25971433304767544,0.25971433304767544,0,vm_add,0.4510763005255721,0.4510763005255722,0,churn,0.4166118391326981,0.48785307034752534,3,vm_fail,0.365797691613053,0.36579769161305303,0,churn,0.21909340524955412,0.34966607477739636,5,QI-MRFO+CXM continue+elite|n100 m10 mixed lam=1.0|402
h11_event_elite,QI-MRFO+CXM continue+elite,n100 m10 mixed lam=1.0,mixed,100,10,403,20000,4000,7.064257621765137,0.0006038824825794654,0.04663889975477632,0.10796621716234113,1.0353574155309087,4.625,0.0484375,3.5,0.09906039658701375,1.0,,0.0006038824825794654,0.01101827496088413,0,vm_add,0.04378635903495566,0.04378635903495566,0,churn,0.05862076200729047,0.1399304596634185,5,drift,0.030358934271569066,0.21210639333870213,15,drift,0.15396075394871234,0.339830020178039,15,vm_fail,0.022966687145639195,0.023948220736807975,0,vm_fail,0.018599797677890318,0.018599797677890315,0,churn,0.025424034429619897,0.041753171537104984,1,churn,0.019393869522533625,0.04377531513181054,1,QI-MRFO+CXM continue+elite|n100 m10 mixed lam=1.0|403
h11_event_elite,QI-MRFO+CXM continue+elite,n100 m10 mixed lam=1.0,mixed,100,10,404,20000,4000,6.664688348770142,0.0008216951124264346,0.03476487257973022,0.08819653386584433,1.0259971090480053,3.625,0.0409375,1.875,0.07734335894438099,1.0,,0.0008216951124264346,0.007337636637814061,0,vm_add,0.0488845342125726,0.0488845342125726,0,vm_fail,0.02246329412979587,0.022463294129795874,0,drift,0.0690956681923809,0.24358906766792493,14,churn,0.018296495910960935,0.17056913101792545,10,churn,0.018678966102440204,0.11936622180884458,5,vm_fail,0.027542957082610953,0.027542957082610956,0,vm_fail,0.011620586099827445,0.011620586099827447,0,vm_add,0.06153647890725285,0.06153647890725285,0,QI-MRFO+CXM continue+elite|n100 m10 mixed lam=1.0|404
h11_event_elite,QI-MRFO+CXM continue+elite,n100 m10 mixed lam=1.0,mixed,100,10,405,20000,4000,6.509580373764038,0.0005619953188864004,0.19383945383624052,0.24110912996463635,1.1818950415561478,3.25,0.033125,2.0,0.232099002491572,1.0,,0.0005619953188864004,0.019383608402145334,0,churn,0.019976033839922552,0.05636143958219638,2,vm_add,0.24645504871099802,0.24645504871099802,0,vm_fail,0.1677312832687017,0.1677312832687017,0,vm_fail,0.12486109038827409,0.1248610903882741,0,vm_add,0.19701272402268405,0.197012724022684,0,vm_add,0.43038907011934335,0.4303890701193433,0,drift,0.169070784986057,0.5108427882709498,24,vm_add,0.1952195953539435,0.19521959535394354,0,QI-MRFO+CXM continue+elite|n100 m10 mixed lam=1.0|405
h11_event_elite,QI-MRFO+CXM continue+elite,n100 m10 mixed lam=1.0,mixed,100,10,406,20000,4000,6.482095241546631,0.00043881550914861303,0.11497981775091871,0.22179768843356523,1.1051494907539277,6.625,0.07125000000000001,0.0,0.1924792489455427,1.0,,0.00043881550914861303,0.02156546017113554,0,vm_add,0.0383623298435934,0.03836232984359339,0,vm_add,0.10616801561245973,0.10616801561245971,0,churn,0.0876719064188252,0.2279608749394181,5,drift,0.06717948572567403,0.25413391173483035,14,drift,0.1844898226413782,0.2716309770462432,7,drift,0.11325905520915418,0.3727471980285332,16,churn,0.029637025351706134,0.21030729905888507,11,vm_add,0.29307090120455886,0.2930709012045588,0,QI-MRFO+CXM continue+elite|n100 m10 mixed lam=1.0|406
h11_event_elite,QI-MRFO+CXM continue+elite,n100 m10 mixed lam=1.0,mixed,100,10,407,20000,4000,6.690366744995117,0.0007947279982161694,0.17032150269742172,0.22223477973500147,1.1552628665469724,4.25,0.0425,1.25,0.21335110266909807,1.0,,0.0007947279982161694,0.013411488746943015,0,vm_fail,0.02191499515742879,0.02191499515742879,0,vm_add,0.2153969102554215,0.2153969102554215,0,vm_add,0.2660074392667257,0.2660074392667257,0,vm_add,0.28986083532114987,0.2898608353211498,0,vm_fail,0.2660074392667257,0.2660074392667257,0,vm_fail,0.21733274789816157,0.21733274789816154,0,drift,0.012461175804149526,0.42776739210478754,34,vm_add,0.0735904786096111,0.07359047860961111,0,QI-MRFO+CXM continue+elite|n100 m10 mixed lam=1.0|407
h11_event_elite,QI-MRFO+CXM continue+elite,n100 m10 mixed lam=1.0,mixed,100,10,408,20000,4000,6.763591289520264,0.00101189805004771,0.029280809391000397,0.15664190318571644,1.0204308846708778,9.75,0.1015625,5.375,0.13286297509277517,1.0,,0.00101189805004771,0.014891943669681598,0,churn,0.02851026490066766,0.12221997428330579,6,vm_add,0.05484779759134038,0.05484779759134037,0,drift,0.02740083892615715,0.16460291199390523,10,vm_fail,0.024083423350393176,0.024083423350393183,0,churn,0.06918245556255591,0.20095999190057476,7,drift,0.014745381355170123,0.2636552053787809,20,vm_fail,0.00897222566664842,0.010232248908751199,0,drift,0.006504087775070341,0.4125336720786801,35,QI-MRFO+CXM continue+elite|n100 m10 mixed lam=1.0|408
h11_event_elite,QI-MRFO+CXM continue+elite,n100 m10 mixed lam=1.0,mixed,100,10,409,20000,4000,6.6668829917907715,0.0004398436053348557,0.045968794700548085,0.15643664355410844,1.0374811648757543,8.0,0.08625000000000001,1.75,0.13628911679270475,1.0,,0.0004398436053348557,0.00859590819914176,0,vm_add,0.08985699772135877,0.08985699772135876,0,drift,0.026548720397359307,0.3818384336692826,28,churn,0.023115434818044546,0.1140345461564539,6,churn,0.02429498496841386,0.16357031883387727,10,drift,0.11663415290422197,0.3386384994237384,16,vm_fail,0.02360584681968115,0.02366301024344946,0,churn,0.02766373680647503,0.05705055090737076,1,churn,0.03603048316883008,0.0828407914773363,3,QI-MRFO+CXM continue+elite|n100 m10 mixed lam=1.0|409
h11_event_elite,QI-MRFO+CXM continue+elite,n100 m10 mixed lam=1.0,mixed,100,10,410,20000,4000,7.028690814971924,0.0005543305277006976,0.08666331523955526,0.16255586970386204,1.076442539873604,4.625,0.052500000000000005,0.75,0.14191344196100864,1.0,,0.0005543305277006976,0.012170506241167759,0,drift,0.09615278016429082,0.30429715568314797,17,churn,0.024917263589061853,0.1281423061834073,5,churn,0.033288401372599564,0.13848091207242608,5,churn,0.01613749666874878,0.206716003570174,10,vm_add,0.1146046234230094,0.1146046234230094,0,vm_fail,0.07052586669247897,0.07052586669247896,0,vm_add,0.12045076226547463,0.12045076226547462,0,vm_add,0.21722932774077808,0.21722932774077805,0,QI-MRFO+CXM continue+elite|n100 m10 mixed lam=1.0|410
h11_event_elite,QI-MRFO+CXM continue+event-aware elite,n100 m10 mixed lam=1.0,mixed,100,10,401,20000,4000,6.680639028549194,0.0006964543523931145,0.07114920729482646,0.23615036350527954,1.0617851372204212,11.0,0.11479619565217392,1.5,0.1965434332023106,1.0,,0.0006964543523931145,0.02062065328981568,0,vm_add,0.15168065226473798,0.2576476347257775,9,drift,0.26618232298317235,0.5784096967661541,20,churn,0.05598143188820416,0.311212537149346,9,vm_fail,0.019740852259580537,0.03200915051982735,1,drift,0.033497594465276614,0.24879236641441238,17,drift,0.01639559577767918,0.34172773847969035,26,churn,0.019021162829624252,0.11270973809669221,6,vm_fail,0.006694045890336575,0.006694045890336575,0,QI-MRFO+CXM continue+event-aware elite|n100 m10 mixed lam=1.0|401
h11_event_elite,QI-MRFO+CXM continue+event-aware elite,n100 m10 mixed lam=1.0,mixed,100,10,402,20000,4000,6.973926782608032,0.0010080168741667527,0.14086054374193074,0.23805456556847956,1.1314207816907524,6.875,0.07625000000000001,2.25,0.22722872652759968,1.0,,0.0010080168741667527,0.005665959367311206,0,churn,0.026455519132687663,0.08811357885638745,4,drift,0.036205723894235334,0.24239014120576688,18,vm_fail,0.009853547416354217,0.009853547416354216,0,vm_add,0.25199381439004037,0.35229633823286977,8,vm_add,0.4412375728116809,0.5132994514522652,5,churn,0.18995903269720027,0.41111251680111277,12,vm_fail,0.14727496627938055,0.14727496627938058,0,churn,0.02390417331386675,0.14009598430369952,8,QI-MRFO+CXM continue+event-aware elite|n100 m10 mixed lam=1.0|402
h11_event_elite,QI-MRFO+CXM continue+event-aware elite,n100 m10 mixed lam=1.0,mixed,100,10,403,20000,4000,6.879293918609619,0.0006038824825794654,0.03603727967107287,0.14522832734026805,1.0249251367984868,8.25,0.08625,3.375,0.12670391532025377,1.0,,0.0006038824825794654,0.01101827496088413,0,vm_add,0.043153839539683686,0.25550097144283346,18,churn,0.017012942019303937,0.11294706574630506,6,drift,0.033908963037241495,0.24296401942349113,16,drift,0.09541133555445186,0.344134462126143,20,vm_fail,0.03427086135945092,0.03427086135945093,0,vm_fail,0.01873764108344624,0.02028807856326259,0,churn,0.022046358401570567,0.043532261083378446,0,churn,0.023756296373434193,0.10818889897727978,6,QI-MRFO+CXM continue+event-aware elite|n100 m10 mixed lam=1.0|403
h11_event_elite,QI-MRFO+CXM continue+event-aware elite,n100 m10 mixed lam=1.0,mixed,100,10,404,20000,4000,6.577421426773071,0.0008216951124264346,0.04257857517215217,0.13617636625718355,1.03373393408596,7.375,0.0790625,1.625,0.12657233663030412,1.0,,0.0008216951124264346,0.007337636637814061,0,vm_add,0.045077514974763463,0.22769408139833236,17,vm_fail,0.01875217312101098,0.01875217312101098,0,drift,0.10551966432362163,0.3358281424949838,19,churn,0.056662417510996176,0.20226503929091036,10,churn,0.017490802962012067,0.14400137170901348,7,vm_fail,0.033028250961478274,0.033028250961478274,0,vm_fail,0.012015603357214416,0.012015603357214416,0,vm_add,0.05208217416612034,0.11582626772452463,6,QI-MRFO+CXM continue+event-aware elite|n100 m10 mixed lam=1.0|404
h11_event_elite,QI-MRFO+CXM continue+event-aware elite,n100 m10 mixed lam=1.0,mixed,100,10,405,20000,4000,6.529670000076294,0.0005619953188864004,0.08844529580673711,0.19847533633875464,1.077573219237276,8.875,0.089375,1.75,0.18787394459649567,1.0,,0.0005619953188864004,0.019383608402145334,0,churn,0.019976033839922552,0.05636143958219638,2,vm_add,0.07510347175216409,0.29653024439760217,19,vm_fail,0.015005972511451462,0.015005972511451462,0,vm_fail,0.015393763944647618,0.01539376394464762,0,vm_add,0.05795841145026551,0.15400463479307983,8,vm_add,0.25927216962486177,0.3287777395541309,5,drift,0.1252118710940364,0.4232031569723034,25,vm_add,0.1396406722365476,0.29852573895462553,12,QI-MRFO+CXM continue+event-aware elite|n100 m10 mixed lam=1.0|405
h11_event_elite,QI-MRFO+CXM continue+event-aware elite,n100 m10 mixed lam=1.0,mixed,100,10,406,20000,4000,6.767116069793701,0.00043881550914861303,0.08759703242947975,0.24202233788861113,1.078047508309096,11.5,0.12031249999999999,0.0,0.21769182179546928,1.0,,0.00043881550914861303,0.02156546017113554,0,vm_add,0.04549099349839949,0.156247562270046,9,vm_add,0.01536825541729904,0.16706847123580276,13,churn,0.015424050534435562,0.14837342794419334,10,drift,0.07246722970690535,0.24708562124921082,14,drift,0.14642536966440847,0.31238834545976113,12,drift,0.08935100512083972,0.3510574784238515,19,churn,0.03268667478238042,0.16411506374563917,7,vm_add,0.28356268071116986,0.38984273278038445,8,QI-MRFO+CXM continue+event-aware elite|n100 m10 mixed lam=1.0|406
h11_event_elite,QI-MRFO+CXM continue+event-aware elite,n100 m10 mixed lam=1.0,mixed,100,10,407,20000,4000,6.838268041610718,0.0007947279982161694,0.0511614413208404,0.1593395480917724,1.0376221454480499,8.625,0.08625,1.375,0.14296099923435246,1.0,,0.0007947279982161694,0.013411488746943015,0,vm_fail,0.02191499515742879,0.02191499515742879,0,vm_add,0.01904641571856971,0.24538052180538408,21,vm_add,0.0532011030428277,0.1279164126548664,7,vm_add,0.06929578270352114,0.12398946584543624,5,vm_fail,0.049521296103343056,0.049521296103343056,0,vm_fail,0.013538941591343688,0.013538941591343688,0,drift,0.09395908424216715,0.4683845308125322,24,vm_add,0.08881391200752191,0.2240702207638447,12,QI-MRFO+CXM continue+event-aware elite|n100 m10 mixed lam=1.0|407
h11_event_elite,QI-MRFO+CXM continue+event-aware elite,n100 m10 mixed lam=1.0,mixed,100,10,408,20000,4000,6.651935815811157,0.00101189805004771,0.03748409418292535,0.191298871122851,1.028586292631926,11.125,0.11656249999999999,4.5,0.1593633485282664,1.0,,0.00101189805004771,0.014891943669681598,0,churn,0.02851026490066766,0.12221997428330579,6,vm_add,0.02366762544578524,0.15059290121526847,10,drift,0.02081328302858653,0.17622337583808761,12,vm_fail,0.02031903902245917,0.02031903902245917,0,churn,0.03956003041296886,0.23383360303492465,11,drift,0.1295537339826442,0.379786051399311,20,vm_fail,0.0235115853074343,0.027474587157115933,0,drift,0.013937191362856908,0.4199414370323352,30,QI-MRFO+CXM continue+event-aware elite|n100 m10 mixed lam=1.0|408
h11_event_elite,QI-MRFO+CXM continue+event-aware elite,n100 m10 mixed lam=1.0,mixed,100,10,409,20000,4000,7.122474193572998,0.0004398436053348557,0.05277121708130096,0.15643541872941497,1.04422150206563,7.125,0.07718749999999999,1.75,0.13529232331379995,1.0,,0.0004398436053348557,0.00859590819914176,0,vm_add,0.08964394888645692,0.17683986534768573,8,drift,0.055739720393116046,0.29248552160718594,17,churn,0.028865324841057922,0.11993732403176448,4,churn,0.017833285026701354,0.10676464011771528,5,drift,0.16508049773794758,0.32101050626046174,13,vm_fail,0.02925955224498297,0.029259552244982962,0,churn,0.013254848761710347,0.13057101959738832,7,churn,0.022492558758434488,0.07461492062813536,3,QI-MRFO+CXM continue+event-aware elite|n100 m10 mixed lam=1.0|409
h11_event_elite,QI-MRFO+CXM continue+event-aware elite,n100 m10 mixed lam=1.0,mixed,100,10,410,20000,4000,7.077023267745972,0.0005543305277006976,0.0595405216939704,0.1680221556210529,1.0497146012969352,7.375,0.08000000000000002,0.875,0.14422094971789257,1.0,,0.0005543305277006976,0.012170506241167759,0,drift,0.09615278016429082,0.30429715568314797,17,churn,0.024917263589061853,0.1281423061834073,5,churn,0.033288401372599564,0.13848091207242608,5,churn,0.01613749666874878,0.206716003570174,10,vm_add,0.10973904721891686,0.16924682969126834,5,vm_fail,0.06585270719413758,0.06585270719413756,0,vm_add,0.02796348815746306,0.143367083123443,10,vm_add,0.10227298918654468,0.188074247450419,7,QI-MRFO+CXM continue+event-aware elite|n100 m10 mixed lam=1.0|410
h11_event_elite,Chooser (cheaper of the two),n100 m10 vm_add lam=0.05,vm_add,100,10,401,20000,4000,0.02551126480102539,0.009018810988076865,0.01712302782065555,0.050237289125609506,1.0054231650325614,65.5,0.655,0.0,0.050237289125609506,0.05,,0.009018810988076865,0.009018810988076865,0,vm_add,0.008752954221791696,0.05364246068466135,89,vm_add,0.013074229054500902,0.05764949513289906,88,vm_add,0.00846782643487346,0.0538488786244426,90,vm_add,0.011837172007063723,0.062429030607416953,100,vm_add,0.00855440679191794,0.05040941467378262,83,vm_add,0.02474608946929234,0.02474608946929234,0,vm_add,0.016794573691267495,0.05441597291784434,74,vm_add,0.04475697089453681,0.04475697089453681,0,Chooser (cheaper of the two)|n100 m10 vm_add lam=0.05|401
h11_event_elite,Chooser (cheaper of the two),n100 m10 vm_add lam=0.05,vm_add,100,10,402,20000,4000,0.024507522583007812,0.009332960487053916,0.024309205774465825,0.05058823944947009,1.010942789076119,51.875,0.51875,0.0,0.05058823944947009,0.05,,0.009332960487053916,0.009332960487053916,0,vm_add,0.0316517188799576,0.0316517188799576,0,vm_add,0.01551873516253405,0.060201559509685657,88,vm_add,0.007940128281686361,0.046241853156390414,76,vm_add,0.050719809337753725,0.050719809337753725,0,vm_add,0.00987135247784269,0.04925633522447851,78,vm_add,0.015215544543657564,0.06293067513720949,94,vm_add,0.0471612476897478,0.0471612476897478,0,vm_add,0.01639510982254681,0.056542716660537555,79,Chooser (cheaper of the two)|n100 m10 vm_add lam=0.05|402
h11_event_elite,Chooser (cheaper of the two),n100 m10 vm_add lam=0.05,vm_add,100,10,403,20000,4000,0.04343771934509277,0.009608071846750561,0.02097518145032059,0.05444834634236531,1.008814476187378,66.125,0.66125,0.0,0.05444834634236531,0.05,,0.009608071846750561,0.009608071846750561,0,vm_add,0.007290239933971545,0.05412923609090117,93,vm_add,0.04470266571728525,0.04470266571728525,0,vm_add,0.008347765076794226,0.04767332791478917,78,vm_add,0.008302829734770863,0.05317230565796822,89,vm_add,0.015739510850945392,0.06347926786093974,94,vm_add,0.049775559765387646,0.049775559765387646,0,vm_add,0.012156594927330315,0.052136780426960024,79,vm_add,0.021486285596079457,0.07051762730469127,96,Chooser (cheaper of the two)|n100 m10 vm_add lam=0.05|403
h11_event_elite,Chooser (cheaper of the two),n100 m10 vm_add lam=0.05,vm_add,100,10,404,20000,4000,0.0492551326751709,0.007268534893747241,0.023854199760095864,0.051392652742985566,1.0106114181291002,54.375,0.54375,0.0,0.051392652742985566,0.05,,0.007268534893747241,0.007268534893747241,0,vm_add,0.007200155949933099,0.05353136312363013,92,vm_add,0.04585451005651682,0.04585451005651682,0,vm_add,0.01165703586163022,0.051617488778164695,79,vm_add,0.03156018215303556,0.03156018215303556,0,vm_add,0.010977368281547007,0.0539439064335127,85,vm_add,0.048908940420300306,0.048908940420300306,0,vm_add,0.012740164996136864,0.05831347242096301,90,vm_add,0.021935240361667035,0.06741135855776126,89,Chooser (cheaper of the two)|n100 m10 vm_add lam=0.05|404
h11_event_elite,Chooser (cheaper of the two),n100 m10 vm_add lam=0.05,vm_add,100,10,405,20000,4000,0.02433919906616211,0.007320026947820328,0.015351836342446518,0.0525391921715892,1.0038456948268744,73.5,0.7350000000000001,0.0,0.0525391921715892,0.05,,0.007320026947820328,0.007320026947820328,0,vm_add,0.041012313213921466,0.041012313213921466,0,vm_add,0.010344964387731217,0.05429497033859762,87,vm_add,0.008160484022605285,0.04546242193144165,74,vm_add,0.012036377664781288,0.05757801465969645,90,vm_add,0.013073659224470506,0.05562275291189826,84,vm_add,0.009375154115659482,0.04318922177853419,67,vm_add,0.012047262967903682,0.0586014370644273,92,vm_add,0.016764475142499225,0.06455240547419669,94,Chooser (cheaper of the two)|n100 m10 vm_add lam=0.05|405
h11_event_elite,Chooser (cheaper of the two),n100 m10 vm_add lam=0.05,vm_add,100,10,406,20000,4000,0.060716867446899414,0.00933626783458608,0.01647987579311526,0.05017073655245525,1.0061001864508738,66.625,0.66625,0.0,0.05017073655245525,0.05,,0.00933626783458608,0.00933626783458608,0,vm_add,0.0075460747009655806,0.05439696717456044,93,vm_add,0.03253038045628806,0.03253038045628806,0,vm_add,0.008142510580795244,0.054012994812221556,91,vm_add,0.03103779685456292,0.03103779685456292,0,vm_add,0.011634374032411654,0.051593931806692035,79,vm_add,0.013894139040305876,0.05444990460191822,80,vm_add,0.01095995207712802,0.057969589848714455,93,vm_add,0.01609377860246472,0.0653743268646843,97,Chooser (cheaper of the two)|n100 m10 vm_add lam=0.05|406
h11_event_elite,Chooser (cheaper of the two),n100 m10 vm_add lam=0.05,vm_add,100,10,407,20000,4000,0.026001930236816406,0.01446466589151278,0.018957833106975245,0.057900100081445305,1.0041556252000816,76.75,0.7675000000000001,0.0,0.057900100081445305,0.05,,0.01446466589151278,0.01446466589151278,0,vm_add,0.006148585557458396,0.05092219761476531,89,vm_add,0.013419807654095986,0.058516989094703216,89,vm_add,0.018439050525722717,0.06732412495095742,96,vm_add,0.0476991900039797,0.0476991900039797,0,vm_add,0.015003634770567424,0.06321630742216945,95,vm_add,0.02477927036428629,0.06884477898995058,86,vm_add,0.01558967763448476,0.048596342157605464,65,vm_add,0.01058344834520668,0.05808087041743131,94,Chooser (cheaper of the two)|n100 m10 vm_add lam=0.05|407
h11_event_elite,Chooser (cheaper of the two),n100 m10 vm_add lam=0.05,vm_add,100,10,408,20000,4000,0.02372121810913086,0.007860113968795789,0.021155711927652587,0.04709987363742545,1.0084366876887882,51.25,0.5125,0.0,0.04709987363742545,0.05,,0.007860113968795789,0.007860113968795789,0,vm_add,0.04151172263207348,0.04151172263207348,0,vm_add,0.00601617654849135,0.04877186405180221,85,vm_add,0.012986840954894692,0.05401280801356791,81,vm_add,0.006219219553635083,0.039927563408682,67,vm_add,0.02783450548635006,0.02783450548635006,0,vm_add,0.016651975604894193,0.060368010555904614,86,vm_add,0.018621105717394594,0.0649683660275361,91,vm_add,0.039404148923487245,0.039404148923487245,0,Chooser (cheaper of the two)|n100 m10 vm_add lam=0.05|408
h11_event_elite,Chooser (cheaper of the two),n100 m10 vm_add lam=0.05,vm_add,100,10,409,20000,4000,0.029356718063354492,0.007106482787213532,0.018409881783944433,0.052610688216796736,1.0050578355317312,67.5,0.675,0.0,0.052610688216796736,0.05,,0.007106482787213532,0.007106482787213532,0,vm_add,0.011388178920627295,0.05639495288259515,89,vm_add,0.00806491782726944,0.05090767683492829,85,vm_add,0.0268720403587008,0.0268720403587008,0,vm_add,0.0155085279526615,0.06019090318257863,88,vm_add,0.01260130303425744,0.06120616557990186,96,vm_add,0.0407903081510771,0.0407903081510771,0,vm_add,0.010409980311758561,0.05537322443563174,89,vm_add,0.02164379771520335,0.06915023430896033,93,Chooser (cheaper of the two)|n100 m10 vm_add lam=0.05|409
h11_event_elite,Chooser (cheaper of the two),n100 m10 vm_add lam=0.05,vm_add,100,10,410,20000,4000,0.025315523147583008,0.007534436806778124,0.02711605886427603,0.055526752303685215,1.0079687967677158,55.875,0.5587500000000001,0.0,0.055526752303685215,0.05,,0.007534436806778124,0.007534436806778124,0,vm_add,0.008016921183427103,0.05236966571549791,88,vm_add,0.035713035750803354,0.035713035750803354,0,vm_add,0.012725918689299797,0.05323495543687185,80,vm_add,0.02112281730273994,0.068094466898666,92,vm_add,0.04299875762209899,0.04299875762209899,0,vm_add,0.019745536245126285,0.0656340853761569,90,vm_add,0.021929226982967027,0.07149279449164092,97,vm_add,0.054676257137745786,0.054676257137745786,0,Chooser (cheaper of the two)|n100 m10 vm_add lam=0.05|410
h11_event_elite,QI-MRFO+CXM continue,n100 m10 vm_add lam=0.05,vm_add,100,10,401,20000,4000,7.876615047454834,0.0006964543523931145,0.01714073276900072,0.04716872481178708,1.0054623170937969,37.75,0.3775,0.0,0.03631870324375599,0.05,,0.0006964543523931145,0.02062065328981568,0,vm_add,0.0069218240632550904,0.04511442973097817,61,vm_add,0.002950742510354301,0.034174452659592985,42,vm_add,0.055133279265920654,0.11145556958355331,40,vm_add,0.009730137572049545,0.0449826711409182,51,vm_add,0.009897371754640992,0.03701070841869158,35,vm_add,0.011515320973337063,0.029512796309133407,27,vm_add,0.02046299421102489,0.035607745105014264,23,vm_add,0.020514191801423203,0.0394914255464147,23,QI-MRFO+CXM continue|n100 m10 vm_add lam=0.05|401
h11_event_elite,QI-MRFO+CXM continue,n100 m10 vm_add lam=0.05,vm_add,100,10,402,20000,4000,8.509299993515015,0.0010080168741667527,0.015185838360824239,0.048663524934320086,1.0019504094261265,36.875,0.36875,0.0,0.033898096116477094,0.05,,0.0010080168741667527,0.005665959367311206,0,vm_add,0.007065460124804007,0.04589653579330065,38,vm_add,0.00967528186322749,0.03933575858750506,42,vm_add,0.014358679387360407,0.045747465543915906,45,vm_add,0.006142560561958321,0.04237047576829076,25,vm_add,0.01948145877629948,0.03696416680203273,27,vm_add,0.016594899590257766,0.08572973442960358,55,vm_add,0.026734354892185456,0.04841524200776503,25,vm_add,0.02143401169050098,0.04484882054214695,38,QI-MRFO+CXM continue|n100 m10 vm_add lam=0.05|402
h11_event_elite,QI-MRFO+CXM continue,n100 m10 vm_add lam=0.05,vm_add,100,10,403,20000,4000,10.087361335754395,0.0006038824825794654,0.01256637988437198,0.04896704753134652,1.0004817658911074,42.875,0.42874999999999996,0.0,0.03426636797562435,0.05,,0.0006038824825794654,0.01101827496088413,0,vm_add,0.004603682531727674,0.05513483127081069,48,vm_add,0.00627991411575145,0.041688204583529814,44,vm_add,0.011671183815823561,0.03608877358004684,40,vm_add,0.00830080333491767,0.04540138041390971,42,vm_add,0.005205733057466406,0.038289617217263226,45,vm_add,0.012653598758691516,0.03731406925729277,31,vm_add,0.009359850030185746,0.044702957101887736,51,vm_add,0.042456273430411806,0.0931165468260314,42,QI-MRFO+CXM continue|n100 m10 vm_add lam=0.05|403
h11_event_elite,QI-MRFO+CXM continue,n100 m10 vm_add lam=0.05,vm_add,100,10,404,20000,4000,9.13685131072998,0.0008216951124264346,0.023326553622442042,0.05667542115097739,1.0100434003046956,40.125,0.40125,0.0,0.043798546453382936,0.05,,0.0008216951124264346,0.007337636637814061,0,vm_add,0.009002356729968424,0.04227130412241508,43,vm_add,0.006491737121286732,0.035359299659743375,42,vm_add,0.007962638728068839,0.03234629496961528,36,vm_add,0.010287216519270165,0.04972290297159753,45,vm_add,0.008477697710845623,0.049477758634831295,55,vm_add,0.010768465213245102,0.03583425294240134,36,vm_add,0.06363640982795188,0.1011176106288753,30,vm_add,0.06998590712889957,0.10727394527833986,34,QI-MRFO+CXM continue|n100 m10 vm_add lam=0.05|404
h11_event_elite,QI-MRFO+CXM continue,n100 m10 vm_add lam=0.05,vm_add,100,10,405,20000,4000,8.638742923736572,0.0005619953188864004,0.04732860073320599,0.0887679441361885,1.0354463410919317,35.25,0.35250000000000004,0.0,0.0653406885371122,0.05,,0.0005619953188864004,0.019383608402145334,0,vm_add,0.004417636281383356,0.02969231236285895,39,vm_add,0.004577700699456704,0.02861820347738089,38,vm_add,0.04151024960922176,0.044137611741572165,5,vm_add,0.013227066953283571,0.04590855078544132,45,vm_add,0.007833246005316008,0.04236116562620188,45,vm_add,0.026590853159163604,0.04261708843385638,23,vm_add,0.25147198336333293,0.2564585328656734,7,vm_add,0.029000069794489932,0.22035008779652318,80,QI-MRFO+CXM continue|n100 m10 vm_add lam=0.05|405
h11_event_elite,QI-MRFO+CXM continue,n100 m10 vm_add lam=0.05,vm_add,100,10,406,20000,4000,7.15305233001709,0.00043881550914861303,0.033027161276092606,0.08286992105975874,1.022462549393426,48.125,0.48124999999999996,0.0,0.05783717147485014,0.05,,0.00043881550914861303,0.02156546017113554,0,vm_add,0.004549551858088363,0.07005881316639233,71,vm_add,0.004726225938125528,0.03815103445318055,45,vm_add,0.05429070309512696,0.11002570189705019,37,vm_add,0.06259032890644556,0.08807632298321014,36,vm_add,0.017175867172484826,0.0627766956468913,46,vm_add,0.01790900513193563,0.05000037886515446,43,vm_add,0.06478563712780361,0.15819519191069978,57,vm_add,0.03818997097873035,0.08567522955549114,50,QI-MRFO+CXM continue|n100 m10 vm_add lam=0.05|406
h11_event_elite,QI-MRFO+CXM continue,n100 m10 vm_add lam=0.05,vm_add,100,10,407,20000,4000,6.966756343841553,0.0007947279982161694,0.013153547459100606,0.04746925681675941,0.9984605448159276,42.0,0.42000000000000004,0.0,0.03442774220473359,0.05,,0.0007947279982161694,0.013411488746943015,0,vm_add,0.004220419445448186,0.03178725727468022,41,vm_add,0.011177328562936534,0.04649655395714934,43,vm_add,0.00737107619611691,0.03959800057181708,47,vm_add,0.012143426298782305,0.036365507936035026,37,vm_add,0.01125982790806576,0.07167445766118168,46,vm_add,0.009544869997965746,0.038464809199732185,41,vm_add,0.02339091971842163,0.044239426058524454,32,vm_add,0.02612051154506778,0.0711280418749553,49,QI-MRFO+CXM continue|n100 m10 vm_add lam=0.05|407
h11_event_elite,QI-MRFO+CXM continue,n100 m10 vm_add lam=0.05,vm_add,100,10,408,20000,4000,7.350963592529297,0.00101189805004771,0.015863377257421655,0.046610364954128694,1.0032075823559614,36.25,0.36250000000000004,0.0,0.03422806893995048,0.05,,0.00101189805004771,0.014891943669681598,0,vm_add,0.0025434512310762367,0.03953107206903431,48,vm_add,0.009044160607515336,0.03990348899435988,32,vm_add,0.009237700964189166,0.041298482703712516,34,vm_add,0.02319638799253388,0.056726417195769534,39,vm_add,0.010168479008747221,0.032978240582465325,32,vm_add,0.009192496523906893,0.049906850584772414,48,vm_add,0.02112652105615081,0.06351636980866293,46,vm_add,0.0423978206752537,0.04902199769425266,11,QI-MRFO+CXM continue|n100 m10 vm_add lam=0.05|408
h11_event_elite,QI-MRFO+CXM continue,n100 m10 vm_add lam=0.05,vm_add,100,10,409,20000,4000,7.106843948364258,0.0004398436053348557,0.01616359122012366,0.05641812294991319,1.0028472788632947,42.75,0.4275,0.0,0.03783749772512954,0.05,,0.0004398436053348557,0.00859590819914176,0,vm_add,0.005547922984795126,0.03252578286586237,34,vm_add,0.0036294223251193093,0.04094336374523707,47,vm_add,0.007872793531478123,0.058569568176654756,58,vm_add,0.01315501823145333,0.049709881607842406,44,vm_add,0.01014688979365338,0.06909437337762017,55,vm_add,0.009558519859002884,0.031406049084487714,33,vm_add,0.0483932489302229,0.06395153346959581,18,vm_add,0.03100491410526424,0.10514443127200526,53,QI-MRFO+CXM continue|n100 m10 vm_add lam=0.05|409
h11_event_elite,QI-MRFO+CXM continue,n100 m10 vm_add lam=0.05,vm_add,100,10,410,20000,4000,7.0433759689331055,0.0005543305277006976,0.015793793535378294,0.04891231352422712,0.9968841511872304,39.0,0.39,0.0,0.03561685321717745,0.05,,0.0005543305277006976,0.012170506241167759,0,vm_add,0.0036092718949511144,0.03491714004949537,37,vm_add,0.006684676848454722,0.024617121448936213,27,vm_add,0.008142878759290737,0.03360597541907501,37,vm_add,0.009060679921118421,0.054111410845777023,49,vm_add,0.024430940592348353,0.04257277925025911,28,vm_add,0.015773267408960536,0.0456426521062529,47,vm_add,0.03819367038964027,0.10829621870459219,51,vm_add,0.0204549624682622,0.04753521036942918,36,QI-MRFO+CXM continue|n100 m10 vm_add lam=0.05|410
h11_event_elite,QI-MRFO+CXM continue+elite,n100 m10 vm_add lam=0.05,vm_add,100,10,401,20000,4000,7.600827693939209,0.0006964543523931145,0.18257721199256488,0.22585621169468095,1.1688726112819303,27.0,0.27,0.0,0.19692275610700646,0.05,,0.0006964543523931145,0.02062065328981568,0,vm_add,0.008480531656807839,0.04705005231012633,54,vm_add,0.006740270939563963,0.048338740858889034,51,vm_add,0.11775606130294675,0.12070451123994878,5,vm_add,0.2685748625075363,0.26857486250753626,0,vm_add,0.3470554448275574,0.3470554448275574,0,vm_add,0.3686815407174713,0.3686815407174712,0,vm_add,0.3093511545905099,0.40326559664573874,31,vm_add,0.033977829398125645,0.20317894445017995,75,QI-MRFO+CXM continue+elite|n100 m10 vm_add lam=0.05|401
h11_event_elite,QI-MRFO+CXM continue+elite,n100 m10 vm_add lam=0.05,vm_add,100,10,402,20000,4000,11.228365421295166,0.0010080168741667527,0.10078649438383727,0.11353737700145469,1.0865571356203265,11.5,0.115,0.0,0.10664755043875115,0.05,,0.0010080168741667527,0.005665959367311206,0,vm_add,0.02314269091393397,0.02314269091393397,0,vm_add,0.11677323395769915,0.11677323395769912,0,vm_add,0.15885575791124995,0.15885575791124992,0,vm_add,0.20804070285232065,0.20804070285232065,0,vm_add,0.22851354967822265,0.22851354967822268,0,vm_add,0.020329798093312142,0.10361035033182163,64,vm_add,0.01699249288036863,0.03571900158279846,28,vm_add,0.03364372878359098,0.03364372878359098,0,QI-MRFO+CXM continue+elite|n100 m10 vm_add lam=0.05|402
h11_event_elite,QI-MRFO+CXM continue+elite,n100 m10 vm_add lam=0.05,vm_add,100,10,403,20000,4000,8.900933027267456,0.0006038824825794654,0.15001728272128378,0.16993382783907401,1.1357864622443867,15.25,0.1525,0.0,0.1577278085493922,0.05,,0.0006038824825794654,0.01101827496088413,0,vm_add,0.01333557988111557,0.12054630902702013,58,vm_add,0.011584095831185281,0.04074497495377935,34,vm_add,0.0067030119456842445,0.02966376461950747,30,vm_add,0.08136539637666322,0.08136539637666322,0,vm_add,0.18854844970684,0.18854844970683995,0,vm_add,0.22837509102506168,0.22837509102506173,0,vm_add,0.26303064706546264,0.26303064706546264,0,vm_add,0.4071959899382576,0.4071959899382577,0,QI-MRFO+CXM continue+elite|n100 m10 vm_add lam=0.05|403
h11_event_elite,QI-MRFO+CXM continue+elite,n100 m10 vm_add lam=0.05,vm_add,100,10,404,20000,4000,8.773924827575684,0.0008216951124264346,0.05236944948873311,0.08225152995470898,1.0386946352247235,20.25,0.2025,0.0,0.06266665665080623,0.05,,0.0008216951124264346,0.007337636637814061,0,vm_add,0.006998692557668719,0.07514080656415041,51,vm_add,0.043624968893399875,0.04541900003191754,3,vm_add,0.08279631838717787,0.08279631838717787,0,vm_add,0.10409904526467152,0.10409904526467151,0,vm_add,0.019586911310484484,0.09682399098794854,56,vm_add,0.056515874923353374,0.05757850716558328,2,vm_add,0.021152151656303853,0.1119729383194175,50,vm_add,0.08418163291680515,0.08418163291680514,0,QI-MRFO+CXM continue+elite|n100 m10 vm_add lam=0.05|404
h11_event_elite,QI-MRFO+CXM continue+elite,n100 m10 vm_add lam=0.05,vm_add,100,10,405,20000,4000,8.308164358139038,0.0005619953188864004,0.17084656463172695,0.18323514116650974,1.1575780297090463,9.25,0.0925,0.0,0.17554163807017759,0.05,,0.0005619953188864004,0.019383608402145334,0,vm_add,0.03402824265977395,0.034028242659773944,0,vm_add,0.11609619986376654,0.1160961998637665,0,vm_add,0.15744877986645942,0.15744877986645944,0,vm_add,0.23674305546460692,0.23674305546460697,0,vm_add,0.3077083807683824,0.3077083807683825,0,vm_add,0.3484555108701275,0.3484555108701275,0,vm_add,0.015151013719057351,0.11425962599731951,74,vm_add,0.1511413338416415,0.15114133384164147,0,QI-MRFO+CXM continue+elite|n100 m10 vm_add lam=0.05|405
h11_event_elite,QI-MRFO+CXM continue+elite,n100 m10 vm_add lam=0.05,vm_add,100,10,406,20000,4000,7.22294282913208,0.00043881550914861303,0.06052961060145928,0.0946678770391599,1.0495224085191641,22.125,0.22125,0.0,0.07175257814427077,0.05,,0.00043881550914861303,0.02156546017113554,0,vm_add,0.00408491348329363,0.0812748213046812,55,vm_add,0.028983392185836964,0.02898339218583696,0,vm_add,0.008075518031044648,0.06601834172086797,51,vm_add,0.03096928287942985,0.030969282879429853,0,vm_add,0.08407733856241362,0.08407733856241362,0,vm_add,0.13635360453504908,0.13635360453504905,0,vm_add,0.020859700283314613,0.15694574033989914,68,vm_add,0.1708331348512918,0.17272049478510137,3,QI-MRFO+CXM continue+elite|n100 m10 vm_add lam=0.05|406
h11_event_elite,QI-MRFO+CXM continue+elite,n100 m10 vm_add lam=0.05,vm_add,100,10,407,20000,4000,6.795421361923218,0.0007947279982161694,0.09165543492096878,0.11182878076415709,1.0760506090305992,16.875,0.16874999999999998,0.0,0.10019064819387583,0.05,,0.0007947279982161694,0.013411488746943015,0,vm_add,0.1384807793050122,0.13848077930501224,0,vm_add,0.23089446844710002,0.23089446844710007,0,vm_add,0.008269426781315415,0.09860321189932088,69,vm_add,0.035338074826329176,0.03719278895218861,3,vm_add,0.13355507359854804,0.13355507359854804,0,vm_add,0.012020341237177051,0.07802178341457261,57,vm_add,0.03360804060069013,0.03680486592493603,6,vm_add,0.1410772745715782,0.14107727457157823,0,QI-MRFO+CXM continue+elite|n100 m10 vm_add lam=0.05|407
h11_event_elite,QI-MRFO+CXM continue+elite,n100 m10 vm_add lam=0.05,vm_add,100,10,408,20000,4000,7.027311325073242,0.00101189805004771,0.0967537043357331,0.11782078501301829,1.0832984878191323,13.125,0.13125,0.0,0.10352831739529483,0.05,,0.00101189805004771,0.014891943669681598,0,vm_add,0.03443485049512082,0.034434850495120815,0,vm_add,0.09155187675724274,0.09155187675724276,0,vm_add,0.1449679484230963,0.14496794842309627,0,vm_add,0.17545145579617394,0.17545145579617394,0,vm_add,0.20070213559170735,0.20070213559170735,0,vm_add,0.02707199486052438,0.145639034979397,60,vm_add,0.03932198358568961,0.08929158888509843,45,vm_add,0.06052738917630975,0.06052738917630976,0,QI-MRFO+CXM continue+elite|n100 m10 vm_add lam=0.05|408
h11_event_elite,QI-MRFO+CXM continue+elite,n100 m10 vm_add lam=0.05,vm_add,100,10,409,20000,4000,7.054027318954468,0.0004398436053348557,0.08120229887949118,0.11850382798552143,1.0669231440236602,17.625,0.17625000000000002,0.0,0.09013142759624337,0.05,,0.0004398436053348557,0.00859590819914176,0,vm_add,0.0033485919299416494,0.0684296752359535,52,vm_add,0.07470608860463379,0.0747060886046338,0,vm_add,0.09475651267576092,0.09475651267576092,0,vm_add,0.17168897743684589,0.17168897743684589,0,vm_add,0.019050139576795584,0.2342814931511199,64,vm_add,0.01890895019052945,0.03700874615843526,25,vm_add,0.07667114468722937,0.07667114468722937,0,vm_add,0.19048798593419275,0.19048798593419278,0,QI-MRFO+CXM continue+elite|n100 m10 vm_add lam=0.05|409
h11_event_elite,QI-MRFO+CXM continue+elite,n100 m10 vm_add lam=0.05,vm_add,100,10,410,20000,4000,7.078855276107788,0.0005543305277006976,0.08091007833022149,0.10835047286383276,1.060872068081436,22.625,0.22625,0.0,0.09295866253164392,0.05,,0.0005543305277006976,0.012170506241167759,0,vm_add,0.05651401608448077,0.05651401608448077,0,vm_add,0.08554262921248394,0.08554262921248396,0,vm_add,0.13749491054703714,0.1374949105470371,0,vm_add,0.014572086015961867,0.08837227858048011,61,vm_add,0.036307687284768464,0.036307687284768464,0,vm_add,0.06041930542513102,0.1054908482929778,41,vm_add,0.18744693512164987,0.22064053882497686,25,vm_add,0.06898305695025883,0.13644087408345695,54,QI-MRFO+CXM continue+elite|n100 m10 vm_add lam=0.05|410
h11_event_elite,QI-MRFO+CXM continue+event-aware elite,n100 m10 vm_add lam=0.05,vm_add,100,10,401,20000,4000,10.140695095062256,0.0006964543523931145,0.01714073276900072,0.04716872481178708,1.0054623170937969,37.75,0.3775,0.0,0.03631870324375599,0.05,,0.0006964543523931145,0.02062065328981568,0,vm_add,0.0069218240632550904,0.04511442973097817,61,vm_add,0.002950742510354301,0.034174452659592985,42,vm_add,0.055133279265920654,0.11145556958355331,40,vm_add,0.009730137572049545,0.0449826711409182,51,vm_add,0.009897371754640992,0.03701070841869158,35,vm_add,0.011515320973337063,0.029512796309133407,27,vm_add,0.02046299421102489,0.035607745105014264,23,vm_add,0.020514191801423203,0.0394914255464147,23,QI-MRFO+CXM continue+event-aware elite|n100 m10 vm_add lam=0.05|401
h11_event_elite,QI-MRFO+CXM continue+event-aware elite,n100 m10 vm_add lam=0.05,vm_add,100,10,402,20000,4000,8.87392807006836,0.0010080168741667527,0.015185838360824239,0.048663524934320086,1.0019504094261265,36.875,0.36875,0.0,0.033898096116477094,0.05,,0.0010080168741667527,0.005665959367311206,0,vm_add,0.007065460124804007,0.04589653579330065,38,vm_add,0.00967528186322749,0.03933575858750506,42,vm_add,0.014358679387360407,0.045747465543915906,45,vm_add,0.006142560561958321,0.04237047576829076,25,vm_add,0.01948145877629948,0.03696416680203273,27,vm_add,0.016594899590257766,0.08572973442960358,55,vm_add,0.026734354892185456,0.04841524200776503,25,vm_add,0.02143401169050098,0.04484882054214695,38,QI-MRFO+CXM continue+event-aware elite|n100 m10 vm_add lam=0.05|402
h11_event_elite,QI-MRFO+CXM continue+event-aware elite,n100 m10 vm_add lam=0.05,vm_add,100,10,403,20000,4000,9.055202722549438,0.0006038824825794654,0.01256637988437198,0.04896704753134652,1.0004817658911074,42.875,0.42874999999999996,0.0,0.03426636797562435,0.05,,0.0006038824825794654,0.01101827496088413,0,vm_add,0.004603682531727674,0.05513483127081069,48,vm_add,0.00627991411575145,0.041688204583529814,44,vm_add,0.011671183815823561,0.03608877358004684,40,vm_add,0.00830080333491767,0.04540138041390971,42,vm_add,0.005205733057466406,0.038289617217263226,45,vm_add,0.012653598758691516,0.03731406925729277,31,vm_add,0.009359850030185746,0.044702957101887736,51,vm_add,0.042456273430411806,0.0931165468260314,42,QI-MRFO+CXM continue+event-aware elite|n100 m10 vm_add lam=0.05|403
h11_event_elite,QI-MRFO+CXM continue+event-aware elite,n100 m10 vm_add lam=0.05,vm_add,100,10,404,20000,4000,9.08926510810852,0.0008216951124264346,0.023326553622442042,0.05667542115097739,1.0100434003046956,40.125,0.40125,0.0,0.043798546453382936,0.05,,0.0008216951124264346,0.007337636637814061,0,vm_add,0.009002356729968424,0.04227130412241508,43,vm_add,0.006491737121286732,0.035359299659743375,42,vm_add,0.007962638728068839,0.03234629496961528,36,vm_add,0.010287216519270165,0.04972290297159753,45,vm_add,0.008477697710845623,0.049477758634831295,55,vm_add,0.010768465213245102,0.03583425294240134,36,vm_add,0.06363640982795188,0.1011176106288753,30,vm_add,0.06998590712889957,0.10727394527833986,34,QI-MRFO+CXM continue+event-aware elite|n100 m10 vm_add lam=0.05|404
h11_event_elite,QI-MRFO+CXM continue+event-aware elite,n100 m10 vm_add lam=0.05,vm_add,100,10,405,20000,4000,7.22947359085083,0.0005619953188864004,0.04732860073320599,0.0887679441361885,1.0354463410919317,35.25,0.35250000000000004,0.0,0.0653406885371122,0.05,,0.0005619953188864004,0.019383608402145334,0,vm_add,0.004417636281383356,0.02969231236285895,39,vm_add,0.004577700699456704,0.02861820347738089,38,vm_add,0.04151024960922176,0.044137611741572165,5,vm_add,0.013227066953283571,0.04590855078544132,45,vm_add,0.007833246005316008,0.04236116562620188,45,vm_add,0.026590853159163604,0.04261708843385638,23,vm_add,0.25147198336333293,0.2564585328656734,7,vm_add,0.029000069794489932,0.22035008779652318,80,QI-MRFO+CXM continue+event-aware elite|n100 m10 vm_add lam=0.05|405
h11_event_elite,QI-MRFO+CXM continue+event-aware elite,n100 m10 vm_add lam=0.05,vm_add,100,10,406,20000,4000,7.136544704437256,0.00043881550914861303,0.033027161276092606,0.08286992105975874,1.022462549393426,48.125,0.48124999999999996,0.0,0.05783717147485014,0.05,,0.00043881550914861303,0.02156546017113554,0,vm_add,0.004549551858088363,0.07005881316639233,71,vm_add,0.004726225938125528,0.03815103445318055,45,vm_add,0.05429070309512696,0.11002570189705019,37,vm_add,0.06259032890644556,0.08807632298321014,36,vm_add,0.017175867172484826,0.0627766956468913,46,vm_add,0.01790900513193563,0.05000037886515446,43,vm_add,0.06478563712780361,0.15819519191069978,57,vm_add,0.03818997097873035,0.08567522955549114,50,QI-MRFO+CXM continue+event-aware elite|n100 m10 vm_add lam=0.05|406
h11_event_elite,QI-MRFO+CXM continue+event-aware elite,n100 m10 vm_add lam=0.05,vm_add,100,10,407,20000,4000,7.096483469009399,0.0007947279982161694,0.013153547459100606,0.04746925681675941,0.9984605448159276,42.0,0.42000000000000004,0.0,0.03442774220473359,0.05,,0.0007947279982161694,0.013411488746943015,0,vm_add,0.004220419445448186,0.03178725727468022,41,vm_add,0.011177328562936534,0.04649655395714934,43,vm_add,0.00737107619611691,0.03959800057181708,47,vm_add,0.012143426298782305,0.036365507936035026,37,vm_add,0.01125982790806576,0.07167445766118168,46,vm_add,0.009544869997965746,0.038464809199732185,41,vm_add,0.02339091971842163,0.044239426058524454,32,vm_add,0.02612051154506778,0.0711280418749553,49,QI-MRFO+CXM continue+event-aware elite|n100 m10 vm_add lam=0.05|407
h11_event_elite,QI-MRFO+CXM continue+event-aware elite,n100 m10 vm_add lam=0.05,vm_add,100,10,408,20000,4000,7.135380506515503,0.00101189805004771,0.015863377257421655,0.046610364954128694,1.0032075823559614,36.25,0.36250000000000004,0.0,0.03422806893995048,0.05,,0.00101189805004771,0.014891943669681598,0,vm_add,0.0025434512310762367,0.03953107206903431,48,vm_add,0.009044160607515336,0.03990348899435988,32,vm_add,0.009237700964189166,0.041298482703712516,34,vm_add,0.02319638799253388,0.056726417195769534,39,vm_add,0.010168479008747221,0.032978240582465325,32,vm_add,0.009192496523906893,0.049906850584772414,48,vm_add,0.02112652105615081,0.06351636980866293,46,vm_add,0.0423978206752537,0.04902199769425266,11,QI-MRFO+CXM continue+event-aware elite|n100 m10 vm_add lam=0.05|408
h11_event_elite,QI-MRFO+CXM continue+event-aware elite,n100 m10 vm_add lam=0.05,vm_add,100,10,409,20000,4000,6.8477113246917725,0.0004398436053348557,0.01616359122012366,0.05641812294991319,1.0028472788632947,42.75,0.4275,0.0,0.03783749772512954,0.05,,0.0004398436053348557,0.00859590819914176,0,vm_add,0.005547922984795126,0.03252578286586237,34,vm_add,0.0036294223251193093,0.04094336374523707,47,vm_add,0.007872793531478123,0.058569568176654756,58,vm_add,0.01315501823145333,0.049709881607842406,44,vm_add,0.01014688979365338,0.06909437337762017,55,vm_add,0.009558519859002884,0.031406049084487714,33,vm_add,0.0483932489302229,0.06395153346959581,18,vm_add,0.03100491410526424,0.10514443127200526,53,QI-MRFO+CXM continue+event-aware elite|n100 m10 vm_add lam=0.05|409
h11_event_elite,QI-MRFO+CXM continue+event-aware elite,n100 m10 vm_add lam=0.05,vm_add,100,10,410,20000,4000,7.113759279251099,0.0005543305277006976,0.015793793535378294,0.04891231352422712,0.9968841511872304,39.0,0.39,0.0,0.03561685321717745,0.05,,0.0005543305277006976,0.012170506241167759,0,vm_add,0.0036092718949511144,0.03491714004949537,37,vm_add,0.006684676848454722,0.024617121448936213,27,vm_add,0.008142878759290737,0.03360597541907501,37,vm_add,0.009060679921118421,0.054111410845777023,49,vm_add,0.024430940592348353,0.04257277925025911,28,vm_add,0.015773267408960536,0.0456426521062529,47,vm_add,0.03819367038964027,0.10829621870459219,51,vm_add,0.0204549624682622,0.04753521036942918,36,QI-MRFO+CXM continue+event-aware elite|n100 m10 vm_add lam=0.05|410
h11_event_elite,Chooser (cheaper of the two),n100 m10 vm_add lam=0.2,vm_add,100,10,401,20000,4000,0.02424025535583496,0.009018810988076865,0.058512417780167636,0.1263402794846516,1.0462866928767802,33.625,0.33625,0.0,0.1263402794846516,0.2,,0.009018810988076865,0.009018810988076865,0,vm_add,0.008752954221791696,0.1883109800732705,89,vm_add,0.13494489277330754,0.13494489277330754,0,vm_add,0.00846782643487346,0.17990735692880183,85,vm_add,0.14454036846968063,0.14454036846968063,0,vm_add,0.00855440679191794,0.2001797440823824,95,vm_add,0.02474608946929234,0.02474608946929234,0,vm_add,0.054546109674965364,0.054546109674965364,0,vm_add,0.08354669440551214,0.08354669440551214,0,Chooser (cheaper of the two)|n100 m10 vm_add lam=0.2|401
h11_event_elite,Chooser (cheaper of the two),n100 m10 vm_add lam=0.2,vm_add,100,10,402,20000,4000,0.024051427841186523,0.009332960487053916,0.07558159240702714,0.12129688641507941,1.0616012901148333,22.5,0.225,0.0,0.12129688641507941,0.2,,0.009332960487053916,0.009332960487053916,0,vm_add,0.0316517188799576,0.0316517188799576,0,vm_add,0.12606094598832937,0.12606094598832937,0,vm_add,0.16849345179326958,0.16849345179326958,0,vm_add,0.01457360295169181,0.19110940986528605,87,vm_add,0.03176773384296917,0.03176773384296917,0,vm_add,0.18118783999422877,0.18118783999422877,0,vm_add,0.017131963176473447,0.20631850832729737,93,vm_add,0.033785482629297384,0.033785482629297384,0,Chooser (cheaper of the two)|n100 m10 vm_add lam=0.2|402
h11_event_elite,Chooser (cheaper of the two),n100 m10 vm_add lam=0.2,vm_add,100,10,403,20000,4000,0.025127172470092773,0.009608071846750561,0.09078361882685071,0.1360940284289363,1.0777541229628063,22.375,0.22375,0.0,0.1360940284289363,0.2,,0.009608071846750561,0.009608071846750561,0,vm_add,0.19395790012243336,0.19395790012243336,0,vm_add,0.009342466028982569,0.19102410991419932,90,vm_add,0.048838482459711355,0.048838482459711355,0,vm_add,0.12662585475738822,0.12662585475738822,0,vm_add,0.015739510850945392,0.19654114378241355,89,vm_add,0.049775559765387646,0.049775559765387646,0,vm_add,0.07939237307192712,0.07939237307192712,0,vm_add,0.2025968035580299,0.2025968035580299,0,Chooser (cheaper of the two)|n100 m10 vm_add lam=0.2|403
h11_event_elite,Chooser (cheaper of the two),n100 m10 vm_add lam=0.2,vm_add,100,10,404,20000,4000,0.02454233169555664,0.007268534893747241,0.1059480141901867,0.1514935525978781,1.091612891134948,22.5,0.225,0.0,0.1514935525978781,0.2,,0.007268534893747241,0.007268534893747241,0,vm_add,0.15190491008648366,0.15190491008648366,0,vm_add,0.19611274705767726,0.19611274705767726,0,vm_add,0.01165703586163022,0.19982524453189332,93,vm_add,0.03156018215303556,0.03156018215303556,0,vm_add,0.1472685396129529,0.1472685396129529,0,vm_add,0.012621256271656433,0.18881735486292453,87,vm_add,0.11385402070740945,0.11385402070740945,0,vm_add,0.18260542177064815,0.18260542177064815,0,Chooser (cheaper of the two)|n100 m10 vm_add lam=0.2|404
h11_event_elite,Chooser (cheaper of the two),n100 m10 vm_add lam=0.2,vm_add,100,10,405,20000,4000,0.02420973777770996,0.007320026947820328,0.08439727333731792,0.12943314522669827,1.0721162498468306,22.25,0.2225,0.0,0.12943314522669827,0.2,,0.007320026947820328,0.007320026947820328,0,vm_add,0.041012313213921466,0.041012313213921466,0,vm_add,0.12363457675085629,0.12363457675085629,0,vm_add,0.16526646182900043,0.16526646182900043,0,vm_add,0.012036377664781288,0.18408256186779415,85,vm_add,0.07010785050863355,0.07010785050863355,0,vm_add,0.10345154123420142,0.10345154123420142,0,vm_add,0.012047262967903682,0.20028805387993373,93,vm_add,0.14762180252924523,0.14762180252924523,0,Chooser (cheaper of the two)|n100 m10 vm_add lam=0.2|405
h11_event_elite,Chooser (cheaper of the two),n100 m10 vm_add lam=0.2,vm_add,100,10,406,20000,4000,0.021802663803100586,0.00933626783458608,0.07667531055463753,0.1453555461134362,1.0656347561059039,34.0,0.34,0.0,0.1453555461134362,0.2,,0.00933626783458608,0.00933626783458608,0,vm_add,0.0075460747009655806,0.19494964459534503,93,vm_add,0.03253038045628806,0.03253038045628806,0,vm_add,0.15016854998803128,0.15016854998803128,0,vm_add,0.17628929972200436,0.17628929972200436,0,vm_add,0.011634374032411654,0.1836122176179215,85,vm_add,0.060417302816910184,0.060417302816910184,0,vm_add,0.01095995207712802,0.20102042306762807,94,vm_add,0.16385655064336097,0.16385655064336097,0,Chooser (cheaper of the two)|n100 m10 vm_add lam=0.2|406
h11_event_elite,Chooser (cheaper of the two),n100 m10 vm_add lam=0.2,vm_add,100,10,407,20000,4000,0.024547576904296875,0.01446466589151278,0.09018866419862961,0.1616027200817297,1.0743911373853612,35.25,0.35250000000000004,0.0,0.1616027200817297,0.2,,0.01446466589151278,0.01446466589151278,0,vm_add,0.1540313823511937,0.1540313823511937,0,vm_add,0.013419807654095986,0.20596957110837416,95,vm_add,0.1624138655770889,0.1624138655770889,0,vm_add,0.19581045599719124,0.19581045599719124,0,vm_add,0.015003634770567424,0.19973429629881057,91,vm_add,0.0717920666765064,0.0717920666765064,0,vm_add,0.09845465221718652,0.09845465221718652,0,vm_add,0.01058344834520668,0.20461547042748626,96,Chooser (cheaper of the two)|n100 m10 vm_add lam=0.2|407
h11_event_elite,Chooser (cheaper of the two),n100 m10 vm_add lam=0.2,vm_add,100,10,408,20000,4000,0.02241206169128418,0.007860113968795789,0.0638235586335912,0.10635760735044657,1.0505887588120553,21.0,0.21000000000000002,0.0,0.10635760735044657,0.2,,0.007860113968795789,0.007860113968795789,0,vm_add,0.04151172263207348,0.04151172263207348,0,vm_add,0.09901950321913576,0.09901950321913576,0,vm_add,0.15280100989431503,0.15280100989431503,0,vm_add,0.006219219553635083,0.16721429468221663,80,vm_add,0.02783450548635006,0.02783450548635006,0,vm_add,0.1251772536423383,0.1251772536423383,0,vm_add,0.018621105717394594,0.19789842032365604,88,vm_add,0.039404148923487245,0.039404148923487245,0,Chooser (cheaper of the two)|n100 m10 vm_add lam=0.2|408
h11_event_elite,Chooser (cheaper of the two),n100 m10 vm_add lam=0.2,vm_add,100,10,409,20000,4000,0.023409605026245117,0.007106482787213532,0.0859543521136883,0.13091644372046074,1.071569370204954,22.25,0.2225,0.0,0.13091644372046074,0.2,,0.007106482787213532,0.007106482787213532,0,vm_add,0.1844252133047072,0.1844252133047072,0,vm_add,0.00806491782726944,0.18346821352921416,87,vm_add,0.0268720403587008,0.0268720403587008,0,vm_add,0.09903401988961125,0.09903401988961125,0,vm_add,0.01260130303425744,0.19689474018649217,91,vm_add,0.0407903081510771,0.0407903081510771,0,vm_add,0.09979296211585091,0.09979296211585091,0,vm_add,0.21605405222803226,0.21605405222803226,0,Chooser (cheaper of the two)|n100 m10 vm_add lam=0.2|409
h11_event_elite,Chooser (cheaper of the two),n100 m10 vm_add lam=0.2,vm_add,100,10,410,20000,4000,0.02360701560974121,0.007534436806778124,0.07147985399445221,0.11821497191111784,1.0517009998307774,22.875,0.22875,0.0,0.11821497191111784,0.2,,0.007534436806778124,0.007534436806778124,0,vm_add,0.06388451051201993,0.06388451051201993,0,vm_add,0.09311563418701241,0.09311563418701241,0,vm_add,0.14543034705985544,0.14543034705985544,0,vm_add,0.02112281730273994,0.20492492441723312,90,vm_add,0.04299875762209899,0.04299875762209899,0,vm_add,0.1286812811511782,0.1286812811511782,0,vm_add,0.021929226982967027,0.21200806320179882,93,vm_add,0.054676257137745786,0.054676257137745786,0,Chooser (cheaper of the two)|n100 m10 vm_add lam=0.2|410
h11_event_elite,QI-MRFO+CXM continue,n100 m10 vm_add lam=0.2,vm_add,100,10,401,20000,4000,7.305994749069214,0.0006964543523931145,0.036488986783642666,0.09577686557498277,1.0245549615463547,22.125,0.22125,0.0,0.08210066187618369,0.2,,0.0006964543523931145,0.02062065328981568,0,vm_add,0.010189993596146146,0.09022153192031859,33,vm_add,0.02241423486505508,0.11566485974732704,29,vm_add,0.021408589156614373,0.0970570792910487,31,vm_add,0.07541710667881422,0.15610130892284738,26,vm_add,0.019942444082944155,0.09865573922185106,29,vm_add,0.03294897803569769,0.061523141718137594,12,vm_add,0.04092896618866965,0.06480018347599784,11,vm_add,0.06866158166519999,0.08219108030233403,6,QI-MRFO+CXM continue|n100 m10 vm_add lam=0.2|401
h11_event_elite,QI-MRFO+CXM continue,n100 m10 vm_add lam=0.2,vm_add,100,10,402,20000,4000,6.956029415130615,0.0010080168741667527,0.028351527786146545,0.08413758840060684,1.0149348533367557,20.75,0.20750000000000002,0.0,0.07089475907264031,0.2,,0.0010080168741667527,0.005665959367311206,0,vm_add,0.010159849199944079,0.08965561755424133,30,vm_add,0.026814939408971946,0.09047735550479623,21,vm_add,0.019331489389925682,0.06280102515144911,16,vm_add,0.06241521384814511,0.07755901981498542,7,vm_add,0.02740744163815084,0.0889364465414889,22,vm_add,0.03477222696082988,0.11785332803309526,30,vm_add,0.02572860417956924,0.07219197946997974,19,vm_add,0.02018245766363559,0.0736259351348188,21,QI-MRFO+CXM continue|n100 m10 vm_add lam=0.2|402
h11_event_elite,QI-MRFO+CXM continue,n100 m10 vm_add lam=0.2,vm_add,100,10,403,20000,4000,7.064282178878784,0.0006038824825794654,0.061078222036161166,0.11310946395987728,1.048338952640988,18.625,0.18625,0.0,0.10015991677483363,0.2,,0.0006038824825794654,0.01101827496088413,0,vm_add,0.05364348477609144,0.1875883805935466,33,vm_add,0.013617724084655478,0.10836647228834713,40,vm_add,0.053281033251096434,0.0638138435836074,5,vm_add,0.06220339545667826,0.09445555686790073,14,vm_add,0.038020986576853405,0.11166064547850915,28,vm_add,0.041295347497648564,0.06700774040434908,12,vm_add,0.07009766260906683,0.07867598472250377,4,vm_add,0.1564661420371989,0.19330708774025449,13,QI-MRFO+CXM continue|n100 m10 vm_add lam=0.2|403
h11_event_elite,QI-MRFO+CXM continue,n100 m10 vm_add lam=0.2,vm_add,100,10,404,20000,4000,6.860114574432373,0.0008216951124264346,0.05186953626580934,0.10583728402132325,1.0382434566742376,19.875,0.19874999999999998,0.0,0.09312633631261852,0.2,,0.0008216951124264346,0.007337636637814061,0,vm_add,0.015941183145420763,0.08825206521186049,30,vm_add,0.013993468832291734,0.06649404449304978,21,vm_add,0.033605367778068766,0.0620450012140726,12,vm_add,0.02569630556732046,0.08193137174192056,22,vm_add,0.035950671759764505,0.1130753599334336,27,vm_add,0.06000981136629063,0.08139586727357871,10,vm_add,0.16438935214927392,0.17139333052508102,3,vm_add,0.06537012952804397,0.18211123177758934,34,QI-MRFO+CXM continue|n100 m10 vm_add lam=0.2|404
h11_event_elite,QI-MRFO+CXM continue,n100 m10 vm_add lam=0.2,vm_add,100,10,405,20000,4000,6.591203451156616,0.0005619953188864004,0.04250246514721902,0.09464910188451009,1.0306151681411098,20.5,0.20500000000000002,0.0,0.08471143718168056,0.2,,0.0005619953188864004,0.019383608402145334,0,vm_add,0.031242193458098495,0.06546708514421282,16,vm_add,0.00675383768576086,0.05425711781310205,20,vm_add,0.04291217550818972,0.05360240597611738,5,vm_add,0.04891856355837855,0.09804298903666481,22,vm_add,0.018240082343014632,0.09248962622602985,25,vm_add,0.02532259201221116,0.09031694258998164,26,vm_add,0.017482378494402314,0.13745035697067803,43,vm_add,0.1491478981176964,0.16556629131929415,7,QI-MRFO+CXM continue|n100 m10 vm_add lam=0.2|405
h11_event_elite,QI-MRFO+CXM continue,n100 m10 vm_add lam=0.2,vm_add,100,10,406,20000,4000,6.74907922744751,0.00043881550914861303,0.05339151687287175,0.13833846547710213,1.0425664847767981,29.125,0.29125,0.0,0.11458325792770663,0.2,,0.00043881550914861303,0.02156546017113554,0,vm_add,0.013799042091017543,0.12816006621150017,44,vm_add,0.03149765424735432,0.07882553403666943,21,vm_add,0.03473936114328035,0.128082492193536,30,vm_add,0.015246144902531813,0.09767241607462333,33,vm_add,0.05691375984326242,0.07185559767745284,7,vm_add,0.07991663551829685,0.11223062061438069,12,vm_add,0.14140888163334697,0.24390276839556332,34,vm_add,0.053610655603883686,0.24597822861309115,52,QI-MRFO+CXM continue|n100 m10 vm_add lam=0.2|406
h11_event_elite,QI-MRFO+CXM continue,n100 m10 vm_add lam=0.2,vm_add,100,10,407,20000,4000,6.867476224899292,0.0007947279982161694,0.07117051003303729,0.12373143802681735,1.055505098866235,19.5,0.195,0.0,0.11230472331755709,0.2,,0.0007947279982161694,0.013411488746943015,0,vm_add,0.012848630437995594,0.0751642275284514,28,vm_add,0.015328082393682952,0.07812908305282552,28,vm_add,0.13547783085719708,0.18221727570982182,15,vm_add,0.06959435161085388,0.12863178975297962,20,vm_add,0.03746343303768352,0.10257258752852555,26,vm_add,0.09550846805401583,0.10479326524800688,3,vm_add,0.12276103797702653,0.13216850563406057,4,vm_add,0.08038224589584293,0.1861747697598675,32,QI-MRFO+CXM continue|n100 m10 vm_add lam=0.2|407
h11_event_elite,QI-MRFO+CXM continue,n100 m10 vm_add lam=0.2,vm_add,100,10,408,20000,4000,7.304717779159546,0.00101189805004771,0.034369393733336154,0.08235299410698704,1.021441022406858,19.5,0.195,0.0,0.07461226116410966,0.2,,0.00101189805004771,0.014891943669681598,0,vm_add,0.005880470102448996,0.09958604199694725,36,vm_add,0.020500203077184618,0.07093397125492883,19,vm_add,0.019596411087833065,0.06592883648841287,19,vm_add,0.02090798633248137,0.058472328136173694,17,vm_add,0.03531514343999993,0.04994354129677348,7,vm_add,0.06687779155686975,0.10647347204664874,18,vm_add,0.07142662841416762,0.12180934814921611,22,vm_add,0.03445051585570391,0.08567641348679536,18,QI-MRFO+CXM continue|n100 m10 vm_add lam=0.2|408
h11_event_elite,QI-MRFO+CXM continue,n100 m10 vm_add lam=0.2,vm_add,100,10,409,20000,4000,6.799765586853027,0.0004398436053348557,0.048666474228258566,0.11643048950249535,1.0348495773015607,25.25,0.2525,0.0,0.10109043081445306,0.2,,0.0004398436053348557,0.00859590819914176,0,vm_add,0.014717749807915771,0.10725117087538295,40,vm_add,0.008788593122136057,0.061018856225610985,21,vm_add,0.016098056700719114,0.11147791993312701,37,vm_add,0.08655529078778053,0.09524773311408281,4,vm_add,0.07546404691372402,0.17584405109617574,31,vm_add,0.09344111954691381,0.11802152174790914,10,vm_add,0.03891517359464888,0.13251418850473357,34,vm_add,0.05535176335223039,0.13006847452294062,25,QI-MRFO+CXM continue|n100 m10 vm_add lam=0.2|409
h11_event_elite,QI-MRFO+CXM continue,n100 m10 vm_add lam=0.2,vm_add,100,10,410,20000,4000,6.825398683547974,0.0005543305277006976,0.07185620336185825,0.1105478306373528,1.0517091305499857,15.375,0.15375,0.0,0.10382477825942583,0.2,,0.0005543305277006976,0.012170506241167759,0,vm_add,0.05648043335055762,0.07130917591784224,7,vm_add,0.032641214392964614,0.06392318495365117,14,vm_add,0.01998046749973736,0.08030103272724316,19,vm_add,0.021446584721457076,0.09266611075993078,32,vm_add,0.041904009683510136,0.07761490637523513,16,vm_add,0.02149379116366848,0.08954505403819597,26,vm_add,0.17777839387319225,0.1872006210241778,4,vm_add,0.20312473220977842,0.22182255930254613,5,QI-MRFO+CXM continue|n100 m10 vm_add lam=0.2|410
h11_event_elite,QI-MRFO+CXM continue+elite,n100 m10 vm_add lam=0.2,vm_add,100,10,401,20000,4000,6.874575614929199,0.0006964543523931145,0.24520741221269596,0.286453396213357,1.2309732919705867,8.0,0.08,0.0,0.2627049298342834,0.2,,0.0006964543523931145,0.02062065328981568,0,vm_add,0.20330970427156617,0.2033097042715662,0,vm_add,0.35384010284375594,0.353840102843756,0,vm_add,0.5079693990589055,0.5079693990589055,0,vm_add,0.09359485134921283,0.4235627233545013,64,vm_add,0.16125026790572153,0.16125026790572153,0,vm_add,0.1798933829626019,0.17989338296260188,0,vm_add,0.21420514761742968,0.21420514761742968,0,vm_add,0.24759644169237408,0.24759644169237405,0,QI-MRFO+CXM continue+elite|n100 m10 vm_add lam=0.2|401
h11_event_elite,QI-MRFO+CXM continue+elite,n100 m10 vm_add lam=0.2,vm_add,100,10,402,20000,4000,7.133959054946899,0.0010080168741667527,0.1271515684938233,0.14732436976754332,1.1124978571005988,6.875,0.06875,0.0,0.14205898631146355,0.2,,0.0010080168741667527,0.005665959367311206,0,vm_add,0.02314269091393397,0.02314269091393397,0,vm_add,0.11677323395769915,0.11677323395769912,0,vm_add,0.15885575791124995,0.15885575791124992,0,vm_add,0.20804070285232065,0.20804070285232065,0,vm_add,0.22851354967822265,0.22851354967822268,0,vm_add,0.07941776732340926,0.21122916838144834,43,vm_add,0.10128732077099052,0.11292869690632819,5,vm_add,0.10118152454276015,0.11911115753914363,7,QI-MRFO+CXM continue+elite|n100 m10 vm_add lam=0.2|402
h11_event_elite,QI-MRFO+CXM continue+elite,n100 m10 vm_add lam=0.2,vm_add,100,10,403,20000,4000,7.02545952796936,0.0006038824825794654,0.4277861878892587,0.4374842176457332,1.4101167519005562,1.875,0.01875,0.0,0.4341793301433443,0.2,,0.0006038824825794654,0.01101827496088413,0,vm_add,0.18330958685579546,0.1833095868557955,0,vm_add,0.2272596623572001,0.22725966235720013,0,vm_add,0.2752828749145114,0.2752828749145115,0,vm_add,0.3698645530611629,0.3698645530611629,0,vm_add,0.505643139964207,0.505643139964207,0,vm_add,0.5560951928892568,0.5560951928892568,0,vm_add,0.5999965586491002,0.5999965586491002,0,vm_add,0.7048379344228356,0.7824221724746316,15,QI-MRFO+CXM continue+elite|n100 m10 vm_add lam=0.2|403
h11_event_elite,QI-MRFO+CXM continue+elite,n100 m10 vm_add lam=0.2,vm_add,100,10,404,20000,4000,7.1017515659332275,0.0008216951124264346,0.19046549531190837,0.2266838355952659,1.1751678261814156,9.25,0.0925,0.0,0.21081681079550202,0.2,,0.0008216951124264346,0.007337636637814061,0,vm_add,0.1445323513879955,0.14453235138799556,0,vm_add,0.18845724410732473,0.18845724410732473,0,vm_add,0.23306471849221116,0.2330647184922112,0,vm_add,0.25732379702273184,0.2573237970227318,0,vm_add,0.3983556765637976,0.3983556765637976,0,vm_add,0.12561212043271613,0.35095680582004113,47,vm_add,0.055610824964324,0.12001286184385923,27,vm_add,0.12076722952416591,0.1207672295241659,0,QI-MRFO+CXM continue+elite|n100 m10 vm_add lam=0.2|404
h11_event_elite,QI-MRFO+CXM continue+elite,n100 m10 vm_add lam=0.2,vm_add,100,10,405,20000,4000,6.660711050033569,0.0005619953188864004,0.17102230999720422,0.19726919732459366,1.1577512549130513,8.125,0.08125,0.0,0.18752922030494906,0.2,,0.0005619953188864004,0.019383608402145334,0,vm_add,0.03402824265977395,0.034028242659773944,0,vm_add,0.11609619986376654,0.1160961998637665,0,vm_add,0.15744877986645942,0.15744877986645944,0,vm_add,0.23674305546460692,0.23674305546460697,0,vm_add,0.3077083807683824,0.3077083807683825,0,vm_add,0.3484555108701275,0.3484555108701275,0,vm_add,0.015809865091990723,0.22578496371110632,65,vm_add,0.15188844539252627,0.15188844539252624,0,QI-MRFO+CXM continue+elite|n100 m10 vm_add lam=0.2|405
h11_event_elite,QI-MRFO+CXM continue+elite,n100 m10 vm_add lam=0.2,vm_add,100,10,406,20000,4000,6.912796258926392,0.00043881550914861303,0.46107984127909313,0.4926253247185344,1.4459148197524432,6.625,0.06625,0.0,0.4779756525586405,0.2,,0.00043881550914861303,0.02156546017113554,0,vm_add,0.2933775708472574,0.29337757084725746,0,vm_add,0.32544969290551146,0.32544969290551146,0,vm_add,0.4764607223445785,0.4764607223445784,0,vm_add,0.5099916870199777,0.5099916870199777,0,vm_add,0.587775500686207,0.5877755006862069,0,vm_add,0.2751555682677256,0.5275194357832552,53,vm_add,0.49701076872783434,0.4970107687278343,0,vm_add,0.7234172194336534,0.7234172194336536,0,QI-MRFO+CXM continue+elite|n100 m10 vm_add lam=0.2|406
h11_event_elite,QI-MRFO+CXM continue+elite,n100 m10 vm_add lam=0.2,vm_add,100,10,407,20000,4000,6.890766143798828,0.0007947279982161694,0.2836522698336959,0.3301817197462179,1.2650331547834233,8.0,0.08,0.0,0.3012535398385905,0.2,,0.0007947279982161694,0.013411488746943015,0,vm_add,0.1384807793050122,0.13848077930501224,0,vm_add,0.23089446844710002,0.23089446844710007,0,vm_add,0.41186188229056037,0.4118618822905604,0,vm_add,0.45242520866589053,0.45242520866589053,0,vm_add,0.5902090383199932,0.590209038319993,0,vm_add,0.09934391645624555,0.4648516772221367,61,vm_add,0.11503370524904909,0.12176154378333402,3,vm_add,0.2309691599357164,0.2309691599357164,0,QI-MRFO+CXM continue+elite|n100 m10 vm_add lam=0.2|407
h11_event_elite,QI-MRFO+CXM continue+elite,n100 m10 vm_add lam=0.2,vm_add,100,10,408,20000,4000,7.228083372116089,0.00101189805004771,0.23102258217922916,0.23102258217922916,1.2151052562347324,0.0,0.0,0.0,0.23102258217922916,0.2,,0.00101189805004771,0.014891943669681598,0,vm_add,0.03443485049512082,0.034434850495120815,0,vm_add,0.09155187675724274,0.09155187675724276,0,vm_add,0.1449679484230963,0.14496794842309627,0,vm_add,0.17545145579617394,0.17545145579617394,0,vm_add,0.20070213559170735,0.20070213559170735,0,vm_add,0.31441659543070233,0.31441659543070233,0,vm_add,0.4287523979778297,0.4287523979778296,0,vm_add,0.45790339696196025,0.4579033969619602,0,QI-MRFO+CXM continue+elite|n100 m10 vm_add lam=0.2|408
h11_event_elite,QI-MRFO+CXM continue+elite,n100 m10 vm_add lam=0.2,vm_add,100,10,409,20000,4000,6.995431423187256,0.0004398436053348557,0.1883942211254965,0.2417639775117512,1.1730064222187069,13.625,0.13624999999999998,0.0,0.21840983267828631,0.2,,0.0004398436053348557,0.00859590819914176,0,vm_add,0.17658479556340814,0.17658479556340814,0,vm_add,0.2602627379178352,0.2602627379178353,0,vm_add,0.2837750289564955,0.28377502895649553,0,vm_add,0.3739905024730324,0.3739905024730324,0,vm_add,0.11551602807449043,0.37269468896509267,61,vm_add,0.07161933521484683,0.13663493294019974,21,vm_add,0.13236969417040367,0.1323696941704037,0,vm_add,0.09303564663345976,0.19779943910754208,27,QI-MRFO+CXM continue+elite|n100 m10 vm_add lam=0.2|409
h11_event_elite,QI-MRFO+CXM continue+elite,n100 m10 vm_add lam=0.2,vm_add,100,10,410,20000,4000,6.5569868087768555,0.0005543305277006976,0.16154419394100122,0.19550014024697351,1.139808291201257,8.375,0.08375,0.0,0.17913753116016207,0.2,,0.0005543305277006976,0.012170506241167759,0,vm_add,0.05651401608448077,0.05651401608448077,0,vm_add,0.08554262921248394,0.08554262921248396,0,vm_add,0.13749491054703714,0.1374949105470371,0,vm_add,0.24343322367722675,0.24343322367722678,0,vm_add,0.27007181262201446,0.2700718126220144,0,vm_add,0.3744084258474301,0.37440842584743017,0,vm_add,0.04915874223001953,0.31382198570690106,64,vm_add,0.07572979130731719,0.08271411827821386,3,QI-MRFO+CXM continue+elite|n100 m10 vm_add lam=0.2|410
h11_event_elite,QI-MRFO+CXM continue+event-aware elite,n100 m10 vm_add lam=0.2,vm_add,100,10,401,20000,4000,7.190136194229126,0.0006964543523931145,0.036488986783642666,0.09577686557498277,1.0245549615463547,22.125,0.22125,0.0,0.08210066187618369,0.2,,0.0006964543523931145,0.02062065328981568,0,vm_add,0.010189993596146146,0.09022153192031859,33,vm_add,0.02241423486505508,0.11566485974732704,29,vm_add,0.021408589156614373,0.0970570792910487,31,vm_add,0.07541710667881422,0.15610130892284738,26,vm_add,0.019942444082944155,0.09865573922185106,29,vm_add,0.03294897803569769,0.061523141718137594,12,vm_add,0.04092896618866965,0.06480018347599784,11,vm_add,0.06866158166519999,0.08219108030233403,6,QI-MRFO+CXM continue+event-aware elite|n100 m10 vm_add lam=0.2|401
h11_event_elite,QI-MRFO+CXM continue+event-aware elite,n100 m10 vm_add lam=0.2,vm_add,100,10,402,20000,4000,6.839277267456055,0.0010080168741667527,0.028351527786146545,0.08413758840060684,1.0149348533367557,20.75,0.20750000000000002,0.0,0.07089475907264031,0.2,,0.0010080168741667527,0.005665959367311206,0,vm_add,0.010159849199944079,0.08965561755424133,30,vm_add,0.026814939408971946,0.09047735550479623,21,vm_add,0.019331489389925682,0.06280102515144911,16,vm_add,0.06241521384814511,0.07755901981498542,7,vm_add,0.02740744163815084,0.0889364465414889,22,vm_add,0.03477222696082988,0.11785332803309526,30,vm_add,0.02572860417956924,0.07219197946997974,19,vm_add,0.02018245766363559,0.0736259351348188,21,QI-MRFO+CXM continue+event-aware elite|n100 m10 vm_add lam=0.2|402
h11_event_elite,QI-MRFO+CXM continue+event-aware elite,n100 m10 vm_add lam=0.2,vm_add,100,10,403,20000,4000,6.990735054016113,0.0006038824825794654,0.061078222036161166,0.11310946395987728,1.048338952640988,18.625,0.18625,0.0,0.10015991677483363,0.2,,0.0006038824825794654,0.01101827496088413,0,vm_add,0.05364348477609144,0.1875883805935466,33,vm_add,0.013617724084655478,0.10836647228834713,40,vm_add,0.053281033251096434,0.0638138435836074,5,vm_add,0.06220339545667826,0.09445555686790073,14,vm_add,0.038020986576853405,0.11166064547850915,28,vm_add,0.041295347497648564,0.06700774040434908,12,vm_add,0.07009766260906683,0.07867598472250377,4,vm_add,0.1564661420371989,0.19330708774025449,13,QI-MRFO+CXM continue+event-aware elite|n100 m10 vm_add lam=0.2|403
h11_event_elite,QI-MRFO+CXM continue+event-aware elite,n100 m10 vm_add lam=0.2,vm_add,100,10,404,20000,4000,6.739830493927002,0.0008216951124264346,0.05186953626580934,0.10583728402132325,1.0382434566742376,19.875,0.19874999999999998,0.0,0.09312633631261852,0.2,,0.0008216951124264346,0.007337636637814061,0,vm_add,0.015941183145420763,0.08825206521186049,30,vm_add,0.013993468832291734,0.06649404449304978,21,vm_add,0.033605367778068766,0.0620450012140726,12,vm_add,0.02569630556732046,0.08193137174192056,22,vm_add,0.035950671759764505,0.1130753599334336,27,vm_add,0.06000981136629063,0.08139586727357871,10,vm_add,0.16438935214927392,0.17139333052508102,3,vm_add,0.06537012952804397,0.18211123177758934,34,QI-MRFO+CXM continue+event-aware elite|n100 m10 vm_add lam=0.2|404
h11_event_elite,QI-MRFO+CXM continue+event-aware elite,n100 m10 vm_add lam=0.2,vm_add,100,10,405,20000,4000,6.671154975891113,0.0005619953188864004,0.04250246514721902,0.09464910188451009,1.0306151681411098,20.5,0.20500000000000002,0.0,0.08471143718168056,0.2,,0.0005619953188864004,0.019383608402145334,0,vm_add,0.031242193458098495,0.06546708514421282,16,vm_add,0.00675383768576086,0.05425711781310205,20,vm_add,0.04291217550818972,0.05360240597611738,5,vm_add,0.04891856355837855,0.09804298903666481,22,vm_add,0.018240082343014632,0.09248962622602985,25,vm_add,0.02532259201221116,0.09031694258998164,26,vm_add,0.017482378494402314,0.13745035697067803,43,vm_add,0.1491478981176964,0.16556629131929415,7,QI-MRFO+CXM continue+event-aware elite|n100 m10 vm_add lam=0.2|405
h11_event_elite,QI-MRFO+CXM continue+event-aware elite,n100 m10 vm_add lam=0.2,vm_add,100,10,406,20000,4000,6.770901918411255,0.00043881550914861303,0.05339151687287175,0.13833846547710213,1.0425664847767981,29.125,0.29125,0.0,0.11458325792770663,0.2,,0.00043881550914861303,0.02156546017113554,0,vm_add,0.013799042091017543,0.12816006621150017,44,vm_add,0.03149765424735432,0.07882553403666943,21,vm_add,0.03473936114328035,0.128082492193536,30,vm_add,0.015246144902531813,0.09767241607462333,33,vm_add,0.05691375984326242,0.07185559767745284,7,vm_add,0.07991663551829685,0.11223062061438069,12,vm_add,0.14140888163334697,0.24390276839556332,34,vm_add,0.053610655603883686,0.24597822861309115,52,QI-MRFO+CXM continue+event-aware elite|n100 m10 vm_add lam=0.2|406
h11_event_elite,QI-MRFO+CXM continue+event-aware elite,n100 m10 vm_add lam=0.2,vm_add,100,10,407,20000,4000,6.716209888458252,0.0007947279982161694,0.07117051003303729,0.12373143802681735,1.055505098866235,19.5,0.195,0.0,0.11230472331755709,0.2,,0.0007947279982161694,0.013411488746943015,0,vm_add,0.012848630437995594,0.0751642275284514,28,vm_add,0.015328082393682952,0.07812908305282552,28,vm_add,0.13547783085719708,0.18221727570982182,15,vm_add,0.06959435161085388,0.12863178975297962,20,vm_add,0.03746343303768352,0.10257258752852555,26,vm_add,0.09550846805401583,0.10479326524800688,3,vm_add,0.12276103797702653,0.13216850563406057,4,vm_add,0.08038224589584293,0.1861747697598675,32,QI-MRFO+CXM continue+event-aware elite|n100 m10 vm_add lam=0.2|407
h11_event_elite,QI-MRFO+CXM continue+event-aware elite,n100 m10 vm_add lam=0.2,vm_add,100,10,408,20000,4000,6.984963655471802,0.00101189805004771,0.034369393733336154,0.08235299410698704,1.021441022406858,19.5,0.195,0.0,0.07461226116410966,0.2,,0.00101189805004771,0.014891943669681598,0,vm_add,0.005880470102448996,0.09958604199694725,36,vm_add,0.020500203077184618,0.07093397125492883,19,vm_add,0.019596411087833065,0.06592883648841287,19,vm_add,0.02090798633248137,0.058472328136173694,17,vm_add,0.03531514343999993,0.04994354129677348,7,vm_add,0.06687779155686975,0.10647347204664874,18,vm_add,0.07142662841416762,0.12180934814921611,22,vm_add,0.03445051585570391,0.08567641348679536,18,QI-MRFO+CXM continue+event-aware elite|n100 m10 vm_add lam=0.2|408
h11_event_elite,QI-MRFO+CXM continue+event-aware elite,n100 m10 vm_add lam=0.2,vm_add,100,10,409,20000,4000,6.9842774868011475,0.0004398436053348557,0.048666474228258566,0.11643048950249535,1.0348495773015607,25.25,0.2525,0.0,0.10109043081445306,0.2,,0.0004398436053348557,0.00859590819914176,0,vm_add,0.014717749807915771,0.10725117087538295,40,vm_add,0.008788593122136057,0.061018856225610985,21,vm_add,0.016098056700719114,0.11147791993312701,37,vm_add,0.08655529078778053,0.09524773311408281,4,vm_add,0.07546404691372402,0.17584405109617574,31,vm_add,0.09344111954691381,0.11802152174790914,10,vm_add,0.03891517359464888,0.13251418850473357,34,vm_add,0.05535176335223039,0.13006847452294062,25,QI-MRFO+CXM continue+event-aware elite|n100 m10 vm_add lam=0.2|409
h11_event_elite,QI-MRFO+CXM continue+event-aware elite,n100 m10 vm_add lam=0.2,vm_add,100,10,410,20000,4000,6.766894340515137,0.0005543305277006976,0.07185620336185825,0.1105478306373528,1.0517091305499857,15.375,0.15375,0.0,0.10382477825942583,0.2,,0.0005543305277006976,0.012170506241167759,0,vm_add,0.05648043335055762,0.07130917591784224,7,vm_add,0.032641214392964614,0.06392318495365117,14,vm_add,0.01998046749973736,0.08030103272724316,19,vm_add,0.021446584721457076,0.09266611075993078,32,vm_add,0.041904009683510136,0.07761490637523513,16,vm_add,0.02149379116366848,0.08954505403819597,26,vm_add,0.17777839387319225,0.1872006210241778,4,vm_add,0.20312473220977842,0.22182255930254613,5,QI-MRFO+CXM continue+event-aware elite|n100 m10 vm_add lam=0.2|410
h11_event_elite,Chooser (cheaper of the two),n100 m10 vm_add lam=1.0,vm_add,100,10,401,20000,4000,0.024837493896484375,0.009018810988076865,0.6754451349695766,0.6754451349695766,1.6558732293117546,0.0,0.0,0.0,0.6754451349695766,1.0,,0.009018810988076865,0.009018810988076865,0,vm_add,0.21331710707445506,0.21331710707445506,0,vm_add,0.36509940141981423,0.36509940141981423,0,vm_add,0.520510523872611,0.520510523872611,0,vm_add,0.7256729760109728,0.7256729760109728,0,vm_add,0.832432004629562,0.832432004629562,0,vm_add,0.8618505043624658,0.8618505043624658,0,vm_add,0.9159938509144671,0.9159938509144671,0,vm_add,0.9686847114722648,0.9686847114722648,0,Chooser (cheaper of the two)|n100 m10 vm_add lam=1.0|401
h11_event_elite,Chooser (cheaper of the two),n100 m10 vm_add lam=1.0,vm_add,100,10,402,20000,4000,0.024717092514038086,0.009332960487053916,0.26882379621999214,0.26882379621999214,1.2519298886378571,0.0,0.0,0.0,0.26882379621999214,1.0,,0.009332960487053916,0.009332960487053916,0,vm_add,0.0316517188799576,0.0316517188799576,0,vm_add,0.12606094598832937,0.12606094598832937,0,vm_add,0.16849345179326958,0.16849345179326958,0,vm_add,0.2180874462987144,0.2180874462987144,0,vm_add,0.23873055679138816,0.23873055679138816,0,vm_add,0.41812291925573736,0.41812291925573736,0,vm_add,0.4627468752685213,0.4627468752685213,0,vm_add,0.4866964554840192,0.4866964554840192,0,Chooser (cheaper of the two)|n100 m10 vm_add lam=1.0|402
h11_event_elite,Chooser (cheaper of the two),n100 m10 vm_add lam=1.0,vm_add,100,10,403,20000,4000,0.025859594345092773,0.009608071846750561,0.45044524135698727,0.45044524135698727,1.4324104397215869,0.0,0.0,0.0,0.45044524135698727,1.0,,0.009608071846750561,0.009608071846750561,0,vm_add,0.19395790012243336,0.19395790012243336,0,vm_add,0.23830347159313447,0.23830347159313447,0,vm_add,0.28675883328289675,0.28675883328289675,0,vm_add,0.38219162879509405,0.38219162879509405,0,vm_add,0.5191920539594901,0.5191920539594901,0,vm_add,0.5700981125568159,0.5700981125568159,0,vm_add,0.6143945359589168,0.6143945359589168,0,vm_add,0.7986653945871169,0.7986653945871169,0,Chooser (cheaper of the two)|n100 m10 vm_add lam=1.0|403
h11_event_elite,Chooser (cheaper of the two),n100 m10 vm_add lam=1.0,vm_add,100,10,404,20000,4000,0.023806333541870117,0.007268534893747241,0.37917484111153277,0.37917484111153277,1.3608647793277888,0.0,0.0,0.0,0.37917484111153277,1.0,,0.007268534893747241,0.007268534893747241,0,vm_add,0.15190491008648366,0.15190491008648366,0,vm_add,0.19611274705767726,0.19611274705767726,0,vm_add,0.24100756257616734,0.24100756257616734,0,vm_add,0.2654229070962169,0.2654229070962169,0,vm_add,0.40736325008876456,0.40736325008876456,0,vm_add,0.4601671033905583,0.4601671033905583,0,vm_add,0.6061414758411375,0.6061414758411375,0,vm_add,0.7052787727552569,0.7052787727552569,0,Chooser (cheaper of the two)|n100 m10 vm_add lam=1.0|404
h11_event_elite,Chooser (cheaper of the two),n100 m10 vm_add lam=1.0,vm_add,100,10,405,20000,4000,0.03907132148742676,0.007320026947820328,0.34904850481728483,0.34904850481728483,1.3332483646995348,0.0,0.0,0.0,0.34904850481728483,1.0,,0.007320026947820328,0.007320026947820328,0,vm_add,0.041012313213921466,0.041012313213921466,0,vm_add,0.12363457675085629,0.12363457675085629,0,vm_add,0.16526646182900043,0.16526646182900043,0,vm_add,0.24509630966054555,0.24509630966054555,0,vm_add,0.31654095150363015,0.31654095150363015,0,vm_add,0.35756329732944253,0.35756329732944253,0,vm_add,0.6604214695346454,0.6604214695346454,0,vm_add,0.8828526587162369,0.8828526587162369,0,Chooser (cheaper of the two)|n100 m10 vm_add lam=1.0|405
h11_event_elite,Chooser (cheaper of the two),n100 m10 vm_add lam=1.0,vm_add,100,10,406,20000,4000,0.02510237693786621,0.00933626783458608,0.38887330220800964,0.5063973966369758,1.3747157256736027,11.625,0.11625,0.0,0.5063973966369758,1.0,,0.00933626783458608,0.00933626783458608,0,vm_add,0.30488028855173493,0.30488028855173493,0,vm_add,0.33723764562143116,0.33723764562143116,0,vm_add,0.4895916991557453,0.4895916991557453,0,vm_add,0.5234208731319037,0.5234208731319037,0,vm_add,0.6018964610106656,0.6018964610106656,0,vm_add,0.6791429474721071,0.6791429474721071,0,vm_add,0.01095995207712802,0.9511527075088572,93,vm_add,0.16385655064336097,0.16385655064336097,0,Chooser (cheaper of the two)|n100 m10 vm_add lam=1.0|406
h11_event_elite,Chooser (cheaper of the two),n100 m10 vm_add lam=1.0,vm_add,100,10,407,20000,4000,0.02486276626586914,0.01446466589151278,0.5361864887783792,0.5361864887783792,1.5134704136846726,0.0,0.0,0.0,0.5361864887783792,1.0,,0.01446466589151278,0.01446466589151278,0,vm_add,0.1540313823511937,0.1540313823511937,0,vm_add,0.247707357710146,0.247707357710146,0,vm_add,0.43114662041406016,0.43114662041406016,0,vm_add,0.4722640046164188,0.4722640046164188,0,vm_add,0.6119298349859325,0.6119298349859325,0,vm_add,0.7021156870710253,0.7021156870710253,0,vm_add,0.7444586064839215,0.7444586064839215,0,vm_add,0.9258384165943352,0.9258384165943352,0,Chooser (cheaper of the two)|n100 m10 vm_add lam=1.0|407
h11_event_elite,Chooser (cheaper of the two),n100 m10 vm_add lam=1.0,vm_add,100,10,408,20000,4000,0.02490091323852539,0.007860113968795789,0.23944436863355628,0.23944436863355628,1.2234181475948762,0.0,0.0,0.0,0.23944436863355628,1.0,,0.007860113968795789,0.007860113968795789,0,vm_add,0.04151172263207348,0.04151172263207348,0,vm_add,0.09901950321913576,0.09901950321913576,0,vm_add,0.15280100989431503,0.15280100989431503,0,vm_add,0.1834930638799337,0.1834930638799337,0,vm_add,0.20891649098014134,0.20891649098014134,0,vm_add,0.3234089047830984,0.3234089047830984,0,vm_add,0.43852691208184896,0.43852691208184896,0,vm_add,0.4678773415979037,0.4678773415979037,0,Chooser (cheaper of the two)|n100 m10 vm_add lam=1.0|408
h11_event_elite,Chooser (cheaper of the two),n100 m10 vm_add lam=1.0,vm_add,100,10,409,20000,4000,0.026119470596313477,0.007106482787213532,0.4810448954347494,0.4810448954347494,1.461015172099742,0.0,0.0,0.0,0.4810448954347494,1.0,,0.007106482787213532,0.007106482787213532,0,vm_add,0.1844252133047072,0.1844252133047072,0,vm_add,0.26866076104912817,0.26866076104912817,0,vm_add,0.29232973113420585,0.29232973113420585,0,vm_add,0.38314637424069997,0.38314637424069997,0,vm_add,0.5573595004338119,0.5573595004338119,0,vm_add,0.6007135972485295,0.6007135972485295,0,vm_add,0.6914584377178297,0.6914584377178297,0,vm_add,0.8702655483490824,0.8702655483490824,0,Chooser (cheaper of the two)|n100 m10 vm_add lam=1.0|409
h11_event_elite,Chooser (cheaper of the two),n100 m10 vm_add lam=1.0,vm_add,100,10,410,20000,4000,0.024335622787475586,0.007534436806778124,0.30752945105268453,0.30752945105268453,1.282198038828283,0.0,0.0,0.0,0.30752945105268453,1.0,,0.007534436806778124,0.007534436806778124,0,vm_add,0.06388451051201993,0.06388451051201993,0,vm_add,0.09311563418701241,0.09311563418701241,0,vm_add,0.14543034705985544,0.14543034705985544,0,vm_add,0.25210771119618575,0.25210771119618575,0,vm_add,0.278932137307718,0.278932137307718,0,vm_add,0.3839966276977133,0.3839966276977133,0,vm_add,0.5958159002137412,0.5958159002137412,0,vm_add,0.6469527402472299,0.6469527402472299,0,Chooser (cheaper of the two)|n100 m10 vm_add lam=1.0|410
h11_event_elite,QI-MRFO+CXM continue,n100 m10 vm_add lam=1.0,vm_add,100,10,401,20000,4000,7.2151939868927,0.0006964543523931145,0.2073407385541832,0.3273262982090515,1.1934456170071122,9.375,0.09375,0.0,0.3189363305035561,1.0,,0.0006964543523931145,0.02062065328981568,0,vm_add,0.20280523475657591,0.313476227592008,9,vm_add,0.13630223702518185,0.33238314032378485,15,vm_add,0.14391244005180262,0.3291767007866946,15,vm_add,0.20766017172902107,0.3102088275454176,8,vm_add,0.26822415469532923,0.3360696139155442,5,vm_add,0.27429176228720586,0.3513231497515128,6,vm_add,0.22991560149287765,0.33198644408175565,8,vm_add,0.19561430639547128,0.31398628167569453,9,QI-MRFO+CXM continue|n100 m10 vm_add lam=1.0|401
h11_event_elite,QI-MRFO+CXM continue,n100 m10 vm_add lam=1.0,vm_add,100,10,402,20000,4000,6.903237581253052,0.0010080168741667527,0.1177206372571599,0.20638706697446335,1.1029652626349624,7.5,0.075,0.0,0.20028537390430312,1.0,,0.0010080168741667527,0.005665959367311206,0,vm_add,0.022406601210212203,0.14008613593870153,9,vm_add,0.11514431124219032,0.18265618944016782,6,vm_add,0.07394514583510757,0.21231558019498745,12,vm_add,0.07009918555425887,0.16109462184177556,8,vm_add,0.04892585000999429,0.14616774628419982,9,vm_add,0.19833393520447934,0.2474474699730873,4,vm_add,0.20477214626382995,0.27919076121360276,6,vm_add,0.2081379227372066,0.2821380309091847,6,QI-MRFO+CXM continue|n100 m10 vm_add lam=1.0|402
h11_event_elite,QI-MRFO+CXM continue,n100 m10 vm_add lam=1.0,vm_add,100,10,403,20000,4000,7.1011762619018555,0.0006038824825794654,0.20035472989592584,0.3000695650815818,1.1859812003016539,8.0,0.08,0.0,0.29467975823665077,1.0,,0.0006038824825794654,0.01101827496088413,0,vm_add,0.18326839803723963,0.26609885529514404,7,vm_add,0.22700379053411607,0.3259208260015711,8,vm_add,0.27389389961481597,0.33762314781442415,5,vm_add,0.12143523058428299,0.3694437842377156,19,vm_add,0.1852243053733234,0.280987169675267,8,vm_add,0.1463416864763502,0.24267993679279357,8,vm_add,0.16916463388431807,0.22850915218433332,5,vm_add,0.2965058946629604,0.34929364865140555,4,QI-MRFO+CXM continue|n100 m10 vm_add lam=1.0|403
h11_event_elite,QI-MRFO+CXM continue,n100 m10 vm_add lam=1.0,vm_add,100,10,404,20000,4000,6.81216835975647,0.0008216951124264346,0.11076880073154864,0.21798087667773305,1.0962839827748696,9.375,0.09375,0.0,0.2127217444221172,1.0,,0.0008216951124264346,0.007337636637814061,0,vm_add,0.03347199240126193,0.22377463901756722,18,vm_add,0.04660441635914276,0.14473193373832313,9,vm_add,0.06792534490204702,0.13545297347826118,6,vm_add,0.041120780857486744,0.19867087033017047,14,vm_add,0.15790153447185484,0.2273756265401663,6,vm_add,0.18466088561327523,0.24432465773214446,5,vm_add,0.14755148654029385,0.3226805429913797,14,vm_add,0.20691396470702686,0.246835769593852,3,QI-MRFO+CXM continue|n100 m10 vm_add lam=1.0|404
h11_event_elite,QI-MRFO+CXM continue,n100 m10 vm_add lam=1.0,vm_add,100,10,405,20000,4000,6.938774108886719,0.0005619953188864004,0.16185641744078944,0.26485186984763287,1.1484707627414266,8.375,0.08375,0.0,0.25952475858264457,1.0,,0.0005619953188864004,0.019383608402145334,0,vm_add,0.03328143959464522,0.14001088407402149,10,vm_add,0.11308902965473523,0.16952706859943478,5,vm_add,0.030343407080125364,0.17969406937311977,14,vm_add,0.08942375445268326,0.16825338828888345,7,vm_add,0.14665547451173033,0.2156661919252255,6,vm_add,0.18047179841663458,0.21588595236913358,3,vm_add,0.3273730415680172,0.4894526316194864,10,vm_add,0.3742133942477443,0.5403247725317577,12,QI-MRFO+CXM continue|n100 m10 vm_add lam=1.0|405
h11_event_elite,QI-MRFO+CXM continue,n100 m10 vm_add lam=1.0,vm_add,100,10,406,20000,4000,6.954249143600464,0.00043881550914861303,0.2889443461219997,0.44243706557406526,1.275638065264717,10.5,0.105,0.0,0.423922293246233,1.0,,0.00043881550914861303,0.02156546017113554,0,vm_add,0.2917995012412477,0.4291564106708081,10,vm_add,0.2077444044833876,0.5159813944550931,21,vm_add,0.26573150030065285,0.4067039810771023,9,vm_add,0.23912151034044038,0.3410746164240428,7,vm_add,0.2373057598152661,0.337806710344465,8,vm_add,0.2249496284937194,0.3430436808279797,8,vm_add,0.41291164127941277,0.5195853431139528,7,vm_add,0.4319908230218709,0.6461443876790782,14,QI-MRFO+CXM continue|n100 m10 vm_add lam=1.0|406
h11_event_elite,QI-MRFO+CXM continue,n100 m10 vm_add lam=1.0,vm_add,100,10,407,20000,4000,7.3179826736450195,0.0007947279982161694,0.16904925893857045,0.26453813130145454,1.1520928004686417,8.0,0.08,0.0,0.2601611492714271,1.0,,0.0007947279982161694,0.013411488746943015,0,vm_add,0.1378745009994433,0.21815235042619707,7,vm_add,0.13094239187983442,0.2730782056884703,12,vm_add,0.10842808566035612,0.2994240716965477,17,vm_add,0.058264708990667394,0.19220881821635594,11,vm_add,0.1580214979649997,0.20863244775183498,4,vm_add,0.21571147798544282,0.24002570754515162,2,vm_add,0.21092607388853193,0.2991681754205416,7,vm_add,0.33222533413928795,0.3856152736665369,4,QI-MRFO+CXM continue|n100 m10 vm_add lam=1.0|407
h11_event_elite,QI-MRFO+CXM continue,n100 m10 vm_add lam=1.0,vm_add,100,10,408,20000,4000,6.9507105350494385,0.00101189805004771,0.10234159036405156,0.20447579914353003,1.0883919145254777,8.125,0.08125,0.0,0.1903690354254126,1.0,,0.00101189805004771,0.014891943669681598,0,vm_add,0.034459796701405504,0.2773632654616862,17,vm_add,0.088559342587079,0.15969380362893837,6,vm_add,0.08245418855944495,0.1527919072803416,6,vm_add,0.05250222745195933,0.1559794729690753,8,vm_add,0.045538419989060795,0.1644104566294371,11,vm_add,0.12039942555535038,0.17890838284990923,5,vm_add,0.21785845638281465,0.26795269828491847,4,vm_add,0.17696086568529792,0.278706406043934,8,QI-MRFO+CXM continue|n100 m10 vm_add lam=1.0|408
h11_event_elite,QI-MRFO+CXM continue,n100 m10 vm_add lam=1.0,vm_add,100,10,409,20000,4000,7.032791376113892,0.0004398436053348557,0.1770732524042588,0.3011466613637822,1.1615346634358004,9.125,0.09125,0.0,0.28319297883747574,1.0,,0.0004398436053348557,0.00859590819914176,0,vm_add,0.17617859568225833,0.2682411697727367,7,vm_add,0.11919374614161055,0.2819084472790393,13,vm_add,0.09301517101066165,0.3108044742718175,17,vm_add,0.12100917084881584,0.2172178650351911,8,vm_add,0.1940826185390642,0.2938696175858271,6,vm_add,0.19712719659130415,0.28430699107350804,5,vm_add,0.25402927660716806,0.3170339311698252,5,vm_add,0.26195024381318777,0.4357907947223124,12,QI-MRFO+CXM continue|n100 m10 vm_add lam=1.0|409
h11_event_elite,QI-MRFO+CXM continue,n100 m10 vm_add lam=1.0,vm_add,100,10,410,20000,4000,7.002010107040405,0.0005543305277006976,0.19905380927754074,0.26200382547768797,1.176186147041176,5.0,0.05,0.0,0.25699149535531934,1.0,,0.0005543305277006976,0.012170506241167759,0,vm_add,0.05651401608448077,0.09496710691222512,3,vm_add,0.08550812376463936,0.1180733674775786,3,vm_add,0.13696045407315996,0.19427242160376643,5,vm_add,0.139045246993952,0.29102448587134533,12,vm_add,0.12056364638270105,0.24086342313316775,10,vm_add,0.21261813858163045,0.2489966827390793,3,vm_add,0.3982081081044479,0.42032578945635424,1,vm_add,0.44301274023531434,0.4875073266279872,3,QI-MRFO+CXM continue|n100 m10 vm_add lam=1.0|410
h11_event_elite,QI-MRFO+CXM continue+elite,n100 m10 vm_add lam=1.0,vm_add,100,10,401,20000,4000,7.007127046585083,0.0006964543523931145,0.6616261141694749,0.6616261141694749,1.6422156369975747,0.0,0.0,0.0,0.6616261141694749,1.0,,0.0006964543523931145,0.02062065328981568,0,vm_add,0.20330970427156617,0.2033097042715662,0,vm_add,0.35384010284375594,0.353840102843756,0,vm_add,0.5079693990589055,0.5079693990589055,0,vm_add,0.7114396774970815,0.7114396774970817,0,vm_add,0.8173181608765061,0.817318160876506,0,vm_add,0.8464940177133629,0.8464940177133629,0,vm_add,0.9001907915805458,0.9001907915805457,0,vm_add,0.9524470595140755,0.9524470595140753,0,QI-MRFO+CXM continue+elite|n100 m10 vm_add lam=1.0|401
h11_event_elite,QI-MRFO+CXM continue+elite,n100 m10 vm_add lam=1.0,vm_add,100,10,402,20000,4000,7.144871711730957,0.0010080168741667527,0.25835858110096566,0.25835858110096566,1.2416040138886872,0.0,0.0,0.0,0.25835858110096566,1.0,,0.0010080168741667527,0.005665959367311206,0,vm_add,0.02314269091393397,0.02314269091393397,0,vm_add,0.11677323395769915,0.11677323395769912,0,vm_add,0.15885575791124995,0.15885575791124992,0,vm_add,0.20804070285232065,0.20804070285232065,0,vm_add,0.22851354967822265,0.22851354967822268,0,vm_add,0.4064262900945832,0.4064262900945832,0,vm_add,0.4506821892498846,0.4506821892498845,0,vm_add,0.474434234149831,0.47443423414983105,0,QI-MRFO+CXM continue+elite|n100 m10 vm_add lam=1.0|402
h11_event_elite,QI-MRFO+CXM continue+elite,n100 m10 vm_add lam=1.0,vm_add,100,10,403,20000,4000,7.1237568855285645,0.0006038824825794654,0.4375094457946064,0.4375094457946064,1.4196354875335793,0.0,0.0,0.0,0.4375094457946064,1.0,,0.0006038824825794654,0.01101827496088413,0,vm_add,0.18330958685579546,0.1833095868557955,0,vm_add,0.2272596623572001,0.22725966235720013,0,vm_add,0.2752828749145114,0.2752828749145115,0,vm_add,0.3698645530611629,0.3698645530611629,0,vm_add,0.505643139964207,0.505643139964207,0,vm_add,0.5560951928892568,0.5560951928892568,0,vm_add,0.5999965586491002,0.5999965586491002,0,vm_add,0.7826239976656171,0.7826239976656172,0,QI-MRFO+CXM continue+elite|n100 m10 vm_add lam=1.0|403
h11_event_elite,QI-MRFO+CXM continue+elite,n100 m10 vm_add lam=1.0,vm_add,100,10,404,20000,4000,6.722629547119141,0.0008216951124264346,0.3703476823916264,0.37034768239162646,1.3521548108412875,0.0,0.0,0.0,0.3703476823916264,1.0,,0.0008216951124264346,0.007337636637814061,0,vm_add,0.1445323513879955,0.14453235138799556,0,vm_add,0.18845724410732473,0.18845724410732473,0,vm_add,0.23306471849221116,0.2330647184922112,0,vm_add,0.25732379702273184,0.2573237970227318,0,vm_add,0.3983556765637976,0.3983556765637976,0,vm_add,0.45082156836845294,0.45082156836845294,0,vm_add,0.5958616582928069,0.595861658292807,0,vm_add,0.6943644448976909,0.6943644448976909,0,QI-MRFO+CXM continue+elite|n100 m10 vm_add lam=1.0|404
h11_event_elite,QI-MRFO+CXM continue+elite,n100 m10 vm_add lam=1.0,vm_add,100,10,405,20000,4000,6.955742359161377,0.0005619953188864004,0.33999784343795586,0.3399978434379559,1.3243037052300268,0.0,0.0,0.0,0.33999784343795586,1.0,,0.0005619953188864004,0.019383608402145334,0,vm_add,0.03402824265977395,0.034028242659773944,0,vm_add,0.11609619986376654,0.1160961998637665,0,vm_add,0.15744877986645942,0.15744877986645944,0,vm_add,0.23674305546460692,0.23674305546460697,0,vm_add,0.3077083807683824,0.3077083807683825,0,vm_add,0.3484555108701275,0.3484555108701275,0,vm_add,0.6492818311791207,0.6492818311791206,0,vm_add,0.8702207468314096,0.8702207468314098,0,QI-MRFO+CXM continue+elite|n100 m10 vm_add lam=1.0|405
h11_event_elite,QI-MRFO+CXM continue+elite,n100 m10 vm_add lam=1.0,vm_add,100,10,406,20000,4000,7.029069900512695,0.00043881550914861303,0.6325898794514722,0.632589879451472,1.6150976343505472,0.0,0.0,0.0,0.6325898794514722,1.0,,0.00043881550914861303,0.02156546017113554,0,vm_add,0.2933775708472574,0.29337757084725746,0,vm_add,0.32544969290551146,0.32544969290551146,0,vm_add,0.4764607223445785,0.4764607223445784,0,vm_add,0.5099916870199777,0.5099916870199777,0,vm_add,0.587775500686207,0.5877755006862069,0,vm_add,0.664341047650574,0.6643410476505741,0,vm_add,0.9539078471447837,0.9539078471447834,0,vm_add,1.2494149670128876,1.2494149670128873,0,QI-MRFO+CXM continue+elite|n100 m10 vm_add lam=1.0|406
h11_event_elite,QI-MRFO+CXM continue+elite,n100 m10 vm_add lam=1.0,vm_add,100,10,407,20000,4000,6.950417518615723,0.0007947279982161694,0.5154863356826895,0.5154863356826895,1.4930763602947204,0.0,0.0,0.0,0.5154863356826895,1.0,,0.0007947279982161694,0.013411488746943015,0,vm_add,0.1384807793050122,0.13848077930501224,0,vm_add,0.23089446844710002,0.23089446844710007,0,vm_add,0.41186188229056037,0.4118618822905604,0,vm_add,0.45242520866589053,0.45242520866589053,0,vm_add,0.5902090383199932,0.590209038319993,0,vm_add,0.6791796336905765,0.6791796336905765,0,vm_add,0.720951981157444,0.7209519811574439,0,vm_add,0.89988769358494,0.89988769358494,0,QI-MRFO+CXM continue+elite|n100 m10 vm_add lam=1.0|407
h11_event_elite,QI-MRFO+CXM continue+elite,n100 m10 vm_add lam=1.0,vm_add,100,10,408,20000,4000,7.308283805847168,0.00101189805004771,0.23102258217922916,0.23102258217922916,1.2151052562347324,0.0,0.0,0.0,0.23102258217922916,1.0,,0.00101189805004771,0.014891943669681598,0,vm_add,0.03443485049512082,0.034434850495120815,0,vm_add,0.09155187675724274,0.09155187675724276,0,vm_add,0.1449679484230963,0.14496794842309627,0,vm_add,0.17545145579617394,0.17545145579617394,0,vm_add,0.20070213559170735,0.20070213559170735,0,vm_add,0.31441659543070233,0.31441659543070233,0,vm_add,0.4287523979778297,0.4287523979778296,0,vm_add,0.45790339696196025,0.4579033969619602,0,QI-MRFO+CXM continue+elite|n100 m10 vm_add lam=1.0|408
h11_event_elite,QI-MRFO+CXM continue+elite,n100 m10 vm_add lam=1.0,vm_add,100,10,409,20000,4000,7.0410072803497314,0.0004398436053348557,0.47124097489726946,0.47124097489726946,1.4513438402613414,0.0,0.0,0.0,0.47124097489726946,1.0,,0.0004398436053348557,0.00859590819914176,0,vm_add,0.17658479556340814,0.17658479556340814,0,vm_add,0.2602627379178352,0.2602627379178353,0,vm_add,0.2837750289564955,0.28377502895649553,0,vm_add,0.3739905024730324,0.3739905024730324,0,vm_add,0.5470504079561928,0.5470504079561929,0,vm_add,0.5901175181161129,0.5901175181161129,0,vm_add,0.6802616642999869,0.6802616642999869,0,vm_add,0.8578851438950916,0.8578851438950919,0,QI-MRFO+CXM continue+elite|n100 m10 vm_add lam=1.0|409
h11_event_elite,QI-MRFO+CXM continue+elite,n100 m10 vm_add lam=1.0,vm_add,100,10,410,20000,4000,6.952249765396118,0.0005543305277006976,0.29847100679712424,0.29847100679712424,1.2733150882760305,0.0,0.0,0.0,0.29847100679712424,1.0,,0.0005543305277006976,0.012170506241167759,0,vm_add,0.05651401608448077,0.05651401608448077,0,vm_add,0.08554262921248394,0.08554262921248396,0,vm_add,0.13749491054703714,0.1374949105470371,0,vm_add,0.24343322367722675,0.24343322367722678,0,vm_add,0.27007181262201446,0.2700718126220144,0,vm_add,0.3744084258474301,0.37440842584743017,0,vm_add,0.5847602338479971,0.5847602338479969,0,vm_add,0.6355428025383235,0.6355428025383236,0,QI-MRFO+CXM continue+elite|n100 m10 vm_add lam=1.0|410
h11_event_elite,QI-MRFO+CXM continue+event-aware elite,n100 m10 vm_add lam=1.0,vm_add,100,10,401,20000,4000,7.126701831817627,0.0006964543523931145,0.2073407385541832,0.3273262982090515,1.1934456170071122,9.375,0.09375,0.0,0.3189363305035561,1.0,,0.0006964543523931145,0.02062065328981568,0,vm_add,0.20280523475657591,0.313476227592008,9,vm_add,0.13630223702518185,0.33238314032378485,15,vm_add,0.14391244005180262,0.3291767007866946,15,vm_add,0.20766017172902107,0.3102088275454176,8,vm_add,0.26822415469532923,0.3360696139155442,5,vm_add,0.27429176228720586,0.3513231497515128,6,vm_add,0.22991560149287765,0.33198644408175565,8,vm_add,0.19561430639547128,0.31398628167569453,9,QI-MRFO+CXM continue+event-aware elite|n100 m10 vm_add lam=1.0|401
h11_event_elite,QI-MRFO+CXM continue+event-aware elite,n100 m10 vm_add lam=1.0,vm_add,100,10,402,20000,4000,7.025193452835083,0.0010080168741667527,0.1177206372571599,0.20638706697446335,1.1029652626349624,7.5,0.075,0.0,0.20028537390430312,1.0,,0.0010080168741667527,0.005665959367311206,0,vm_add,0.022406601210212203,0.14008613593870153,9,vm_add,0.11514431124219032,0.18265618944016782,6,vm_add,0.07394514583510757,0.21231558019498745,12,vm_add,0.07009918555425887,0.16109462184177556,8,vm_add,0.04892585000999429,0.14616774628419982,9,vm_add,0.19833393520447934,0.2474474699730873,4,vm_add,0.20477214626382995,0.27919076121360276,6,vm_add,0.2081379227372066,0.2821380309091847,6,QI-MRFO+CXM continue+event-aware elite|n100 m10 vm_add lam=1.0|402
h11_event_elite,QI-MRFO+CXM continue+event-aware elite,n100 m10 vm_add lam=1.0,vm_add,100,10,403,20000,4000,7.080427408218384,0.0006038824825794654,0.20035472989592584,0.3000695650815818,1.1859812003016539,8.0,0.08,0.0,0.29467975823665077,1.0,,0.0006038824825794654,0.01101827496088413,0,vm_add,0.18326839803723963,0.26609885529514404,7,vm_add,0.22700379053411607,0.3259208260015711,8,vm_add,0.27389389961481597,0.33762314781442415,5,vm_add,0.12143523058428299,0.3694437842377156,19,vm_add,0.1852243053733234,0.280987169675267,8,vm_add,0.1463416864763502,0.24267993679279357,8,vm_add,0.16916463388431807,0.22850915218433332,5,vm_add,0.2965058946629604,0.34929364865140555,4,QI-MRFO+CXM continue+event-aware elite|n100 m10 vm_add lam=1.0|403
h11_event_elite,QI-MRFO+CXM continue+event-aware elite,n100 m10 vm_add lam=1.0,vm_add,100,10,404,20000,4000,7.113479852676392,0.0008216951124264346,0.11076880073154864,0.21798087667773305,1.0962839827748696,9.375,0.09375,0.0,0.2127217444221172,1.0,,0.0008216951124264346,0.007337636637814061,0,vm_add,0.03347199240126193,0.22377463901756722,18,vm_add,0.04660441635914276,0.14473193373832313,9,vm_add,0.06792534490204702,0.13545297347826118,6,vm_add,0.041120780857486744,0.19867087033017047,14,vm_add,0.15790153447185484,0.2273756265401663,6,vm_add,0.18466088561327523,0.24432465773214446,5,vm_add,0.14755148654029385,0.3226805429913797,14,vm_add,0.20691396470702686,0.246835769593852,3,QI-MRFO+CXM continue+event-aware elite|n100 m10 vm_add lam=1.0|404
h11_event_elite,QI-MRFO+CXM continue+event-aware elite,n100 m10 vm_add lam=1.0,vm_add,100,10,405,20000,4000,6.806146860122681,0.0005619953188864004,0.16185641744078944,0.26485186984763287,1.1484707627414266,8.375,0.08375,0.0,0.25952475858264457,1.0,,0.0005619953188864004,0.019383608402145334,0,vm_add,0.03328143959464522,0.14001088407402149,10,vm_add,0.11308902965473523,0.16952706859943478,5,vm_add,0.030343407080125364,0.17969406937311977,14,vm_add,0.08942375445268326,0.16825338828888345,7,vm_add,0.14665547451173033,0.2156661919252255,6,vm_add,0.18047179841663458,0.21588595236913358,3,vm_add,0.3273730415680172,0.4894526316194864,10,vm_add,0.3742133942477443,0.5403247725317577,12,QI-MRFO+CXM continue+event-aware elite|n100 m10 vm_add lam=1.0|405
h11_event_elite,QI-MRFO+CXM continue+event-aware elite,n100 m10 vm_add lam=1.0,vm_add,100,10,406,20000,4000,6.992299795150757,0.00043881550914861303,0.2889443461219997,0.44243706557406526,1.275638065264717,10.5,0.105,0.0,0.423922293246233,1.0,,0.00043881550914861303,0.02156546017113554,0,vm_add,0.2917995012412477,0.4291564106708081,10,vm_add,0.2077444044833876,0.5159813944550931,21,vm_add,0.26573150030065285,0.4067039810771023,9,vm_add,0.23912151034044038,0.3410746164240428,7,vm_add,0.2373057598152661,0.337806710344465,8,vm_add,0.2249496284937194,0.3430436808279797,8,vm_add,0.41291164127941277,0.5195853431139528,7,vm_add,0.4319908230218709,0.6461443876790782,14,QI-MRFO+CXM continue+event-aware elite|n100 m10 vm_add lam=1.0|406
h11_event_elite,QI-MRFO+CXM continue+event-aware elite,n100 m10 vm_add lam=1.0,vm_add,100,10,407,20000,4000,7.292699575424194,0.0007947279982161694,0.16904925893857045,0.26453813130145454,1.1520928004686417,8.0,0.08,0.0,0.2601611492714271,1.0,,0.0007947279982161694,0.013411488746943015,0,vm_add,0.1378745009994433,0.21815235042619707,7,vm_add,0.13094239187983442,0.2730782056884703,12,vm_add,0.10842808566035612,0.2994240716965477,17,vm_add,0.058264708990667394,0.19220881821635594,11,vm_add,0.1580214979649997,0.20863244775183498,4,vm_add,0.21571147798544282,0.24002570754515162,2,vm_add,0.21092607388853193,0.2991681754205416,7,vm_add,0.33222533413928795,0.3856152736665369,4,QI-MRFO+CXM continue+event-aware elite|n100 m10 vm_add lam=1.0|407
h11_event_elite,QI-MRFO+CXM continue+event-aware elite,n100 m10 vm_add lam=1.0,vm_add,100,10,408,20000,4000,7.243897438049316,0.00101189805004771,0.10234159036405156,0.20447579914353003,1.0883919145254777,8.125,0.08125,0.0,0.1903690354254126,1.0,,0.00101189805004771,0.014891943669681598,0,vm_add,0.034459796701405504,0.2773632654616862,17,vm_add,0.088559342587079,0.15969380362893837,6,vm_add,0.08245418855944495,0.1527919072803416,6,vm_add,0.05250222745195933,0.1559794729690753,8,vm_add,0.045538419989060795,0.1644104566294371,11,vm_add,0.12039942555535038,0.17890838284990923,5,vm_add,0.21785845638281465,0.26795269828491847,4,vm_add,0.17696086568529792,0.278706406043934,8,QI-MRFO+CXM continue+event-aware elite|n100 m10 vm_add lam=1.0|408
h11_event_elite,QI-MRFO+CXM continue+event-aware elite,n100 m10 vm_add lam=1.0,vm_add,100,10,409,20000,4000,7.065220594406128,0.0004398436053348557,0.1770732524042588,0.3011466613637822,1.1615346634358004,9.125,0.09125,0.0,0.28319297883747574,1.0,,0.0004398436053348557,0.00859590819914176,0,vm_add,0.17617859568225833,0.2682411697727367,7,vm_add,0.11919374614161055,0.2819084472790393,13,vm_add,0.09301517101066165,0.3108044742718175,17,vm_add,0.12100917084881584,0.2172178650351911,8,vm_add,0.1940826185390642,0.2938696175858271,6,vm_add,0.19712719659130415,0.28430699107350804,5,vm_add,0.25402927660716806,0.3170339311698252,5,vm_add,0.26195024381318777,0.4357907947223124,12,QI-MRFO+CXM continue+event-aware elite|n100 m10 vm_add lam=1.0|409
h11_event_elite,QI-MRFO+CXM continue+event-aware elite,n100 m10 vm_add lam=1.0,vm_add,100,10,410,20000,4000,7.123046636581421,0.0005543305277006976,0.19905380927754074,0.26200382547768797,1.176186147041176,5.0,0.05,0.0,0.25699149535531934,1.0,,0.0005543305277006976,0.012170506241167759,0,vm_add,0.05651401608448077,0.09496710691222512,3,vm_add,0.08550812376463936,0.1180733674775786,3,vm_add,0.13696045407315996,0.19427242160376643,5,vm_add,0.139045246993952,0.29102448587134533,12,vm_add,0.12056364638270105,0.24086342313316775,10,vm_add,0.21261813858163045,0.2489966827390793,3,vm_add,0.3982081081044479,0.42032578945635424,1,vm_add,0.44301274023531434,0.4875073266279872,3,QI-MRFO+CXM continue+event-aware elite|n100 m10 vm_add lam=1.0|410
h11_event_elite,Chooser (cheaper of the two),n100 m10 vm_fail lam=0.05,vm_fail,100,10,401,20000,4000,0.02378535270690918,0.009018810988076865,0.009804655042658686,0.009804655042658686,1.0063216825989878,0.0,0.0,15.625,0.009804655042658686,0.05,,0.009018810988076865,0.009018810988076865,0,vm_fail,0.01766783897658831,0.01766783897658831,0,vm_fail,0.038001119658176166,0.038001119658176166,0,vm_fail,0.005831153035746422,0.005831153035746422,0,vm_fail,0.006270326227105559,0.006270326227105559,0,vm_fail,0.0034597272986372847,0.0034597272986372847,0,vm_fail,0.003988143960496356,0.003988143960496356,0,vm_fail,0.0018214703196149662,0.0018214703196149662,0,vm_fail,0.0013974608649044249,0.0013974608649044249,0,Chooser (cheaper of the two)|n100 m10 vm_fail lam=0.05|401
h11_event_elite,Chooser (cheaper of the two),n100 m10 vm_fail lam=0.05,vm_fail,100,10,402,20000,4000,0.023095130920410156,0.009332960487053916,0.01089680463754277,0.01089680463754277,1.007178077258951,0.0,0.0,22.0,0.01089680463754277,0.05,,0.009332960487053916,0.009332960487053916,0,vm_fail,0.040531292730054326,0.040531292730054326,0,vm_fail,0.01481649068777029,0.01481649068777029,0,vm_fail,0.015339926362614048,0.015339926362614048,0,vm_fail,0.005000184748689174,0.005000184748689174,0,vm_fail,0.00503549904409224,0.00503549904409224,0,vm_fail,0.00193912256750174,0.00193912256750174,0,vm_fail,0.004483881652625558,0.004483881652625558,0,vm_fail,2.8039306994780536e-05,2.8039306994780536e-05,0,Chooser (cheaper of the two)|n100 m10 vm_fail lam=0.05|402
h11_event_elite,Chooser (cheaper of the two),n100 m10 vm_fail lam=0.05,vm_fail,100,10,403,20000,4000,0.024184465408325195,0.009608071846750561,0.009865081444360692,0.009865081444360692,1.0064423611278652,0.0,0.0,17.0,0.009865081444360692,0.05,,0.009608071846750561,0.009608071846750561,0,vm_fail,0.019262377924969643,0.019262377924969643,0,vm_fail,0.024155465940717775,0.024155465940717775,0,vm_fail,0.011584295975994145,0.011584295975994145,0,vm_fail,0.010255495664112333,0.010255495664112333,0,vm_fail,0.0033896569944792446,0.0033896569944792446,0,vm_fail,0.0062595830685870865,0.0062595830685870865,0,vm_fail,0.001774609474563575,0.001774609474563575,0,vm_fail,0.0022391665114617205,0.0022391665114617205,0,Chooser (cheaper of the two)|n100 m10 vm_fail lam=0.05|403
h11_event_elite,Chooser (cheaper of the two),n100 m10 vm_fail lam=0.05,vm_fail,100,10,404,20000,4000,0.0207369327545166,0.007268534893747241,0.015084172478452732,0.015084172478452732,1.011278613112601,0.0,0.0,15.75,0.015084172478452732,0.05,,0.007268534893747241,0.007268534893747241,0,vm_fail,0.02141623692799528,0.02141623692799528,0,vm_fail,0.04072761135996073,0.04072761135996073,0,vm_fail,0.025303955053505307,0.025303955053505307,0,vm_fail,0.02336761460069682,0.02336761460069682,0,vm_fail,0.004663735341601464,0.004663735341601464,0,vm_fail,0.002771534244431413,0.002771534244431413,0,vm_fail,0.001218415595139171,0.001218415595139171,0,vm_fail,0.0012042767042916758,0.0012042767042916758,0,Chooser (cheaper of the two)|n100 m10 vm_fail lam=0.05|404
h11_event_elite,Chooser (cheaper of the two),n100 m10 vm_fail lam=0.05,vm_fail,100,10,405,20000,4000,0.02080512046813965,0.007320026947820328,0.010326609581513763,0.010326609581513763,1.0064244517501275,0.0,0.0,21.375,0.010326609581513763,0.05,,0.007320026947820328,0.007320026947820328,0,vm_fail,0.011113733399737447,0.011113733399737447,0,vm_fail,0.026169516706178814,0.026169516706178814,0,vm_fail,0.02060819466926187,0.02060819466926187,0,vm_fail,0.009128235241568118,0.009128235241568118,0,vm_fail,0.008960237087536096,0.008960237087536096,0,vm_fail,0.003781069715272095,0.003781069715272095,0,vm_fail,0.00261179411563076,0.00261179411563076,0,vm_fail,0.0002400957169249165,0.0002400957169249165,0,Chooser (cheaper of the two)|n100 m10 vm_fail lam=0.05|405
h11_event_elite,Chooser (cheaper of the two),n100 m10 vm_fail lam=0.05,vm_fail,100,10,406,20000,4000,0.022334575653076172,0.00933626783458608,0.012716986136024509,0.012716986136024509,1.0087859141255167,0.0,0.0,16.25,0.012716986136024509,0.05,,0.00933626783458608,0.00933626783458608,0,vm_fail,0.023787572302870673,0.023787572302870673,0,vm_fail,0.031919281620003015,0.031919281620003015,0,vm_fail,0.004378016962338503,0.004378016962338503,0,vm_fail,0.02746323322822113,0.02746323322822113,0,vm_fail,0.007047702985511794,0.007047702985511794,0,vm_fail,0.0031631897504026344,0.0031631897504026344,0,vm_fail,0.002899807029192868,0.002899807029192868,0,vm_fail,0.0010770852096554577,0.0010770852096554577,0,Chooser (cheaper of the two)|n100 m10 vm_fail lam=0.05|406
h11_event_elite,Chooser (cheaper of the two),n100 m10 vm_fail lam=0.05,vm_fail,100,10,407,20000,4000,0.024224519729614258,0.01446466589151278,0.011088091970509665,0.01571693221621285,1.006217978899146,8.75,0.09210526315789473,13.875,0.01571693221621285,0.05,,0.01446466589151278,0.01446466589151278,0,vm_fail,0.04193626743724911,0.04193626743724911,0,vm_fail,0.005119596209837752,0.042150318175463206,70,vm_fail,0.009169795074017984,0.009169795074017984,0,vm_fail,0.006391433463817115,0.006391433463817115,0,vm_fail,0.0136796020777605,0.0136796020777605,0,vm_fail,0.0060786237052749,0.0060786237052749,0,vm_fail,0.0054403624270366185,0.0054403624270366185,0,vm_fail,0.0008890553690833542,0.0008890553690833542,0,Chooser (cheaper of the two)|n100 m10 vm_fail lam=0.05|407
h11_event_elite,Chooser (cheaper of the two),n100 m10 vm_fail lam=0.05,vm_fail,100,10,408,20000,4000,0.0238037109375,0.007860113968795789,0.010080069811584593,0.010080069811584593,1.0062112503519152,0.0,0.0,15.375,0.010080069811584593,0.05,,0.007860113968795789,0.007860113968795789,0,vm_fail,0.03747506626652372,0.03747506626652372,0,vm_fail,0.017198447150446092,0.017198447150446092,0,vm_fail,0.0033289050518104787,0.0033289050518104787,0,vm_fail,0.006739156061170639,0.006739156061170639,0,vm_fail,0.010364436107572218,0.010364436107572218,0,vm_fail,0.002621503043508939,0.002621503043508939,0,vm_fail,0.002815427488914395,0.002815427488914395,0,vm_fail,9.761732273026536e-05,9.761732273026536e-05,0,Chooser (cheaper of the two)|n100 m10 vm_fail lam=0.05|408
h11_event_elite,Chooser (cheaper of the two),n100 m10 vm_fail lam=0.05,vm_fail,100,10,409,20000,4000,0.022582530975341797,0.007106482787213532,0.012638163112351103,0.012638163112351103,1.008101893289083,0.0,0.0,21.0,0.012638163112351103,0.05,,0.007106482787213532,0.007106482787213532,0,vm_fail,0.04618500141221708,0.04618500141221708,0,vm_fail,0.01771015192674792,0.01771015192674792,0,vm_fail,0.007948448959271142,0.007948448959271142,0,vm_fail,0.011478893183794813,0.011478893183794813,0,vm_fail,0.009076762485702477,0.009076762485702477,0,vm_fail,0.004296133760559963,0.004296133760559963,0,vm_fail,0.003331151427907576,0.003331151427907576,0,vm_fail,0.0010787617426078458,0.0010787617426078458,0,Chooser (cheaper of the two)|n100 m10 vm_fail lam=0.05|409
h11_event_elite,Chooser (cheaper of the two),n100 m10 vm_fail lam=0.05,vm_fail,100,10,410,20000,4000,0.02353978157043457,0.007534436806778124,0.00796127752257348,0.012048294471746945,1.0036123635462866,7.875,0.08118556701030928,19.5,0.012048294471746945,0.05,,0.007534436806778124,0.007534436806778124,0,vm_fail,0.006833381764637407,0.03952951735802512,63,vm_fail,0.018139458446598162,0.018139458446598162,0,vm_fail,0.01985927830976649,0.01985927830976649,0,vm_fail,0.0085678493031107,0.0085678493031107,0,vm_fail,0.004081484918861181,0.004081484918861181,0,vm_fail,0.0030402123023715115,0.0030402123023715115,0,vm_fail,0.0027937049256795566,0.0027937049256795566,0,vm_fail,0.0003748502095628283,0.0003748502095628283,0,Chooser (cheaper of the two)|n100 m10 vm_fail lam=0.05|410
h11_event_elite,QI-MRFO+CXM continue,n100 m10 vm_fail lam=0.05,vm_fail,100,10,401,20000,4000,6.323376417160034,0.0006964543523931145,0.0013741664925050537,0.017397777661716542,0.9979337401830326,20.125,0.23358679189606962,15.75,0.013079212850545694,0.05,,0.0006964543523931145,0.02062065328981568,0,vm_fail,0.00482703895397552,0.03683359026904976,42,vm_fail,0.003223266224015508,0.024915095668436204,35,vm_fail,0.0016049516679355954,0.018625388237981415,18,vm_fail,0.0006303715081031828,0.026415616574091035,25,vm_fail,0.0003921311366238426,0.011310161314249266,15,vm_fail,8.855718359907155e-05,0.009750636145137364,14,vm_fail,0.0001808674760291254,0.007994288727424687,11,vm_fail,4.614778975858226e-05,0.003337444357362619,1,QI-MRFO+CXM continue|n100 m10 vm_fail lam=0.05|401
h11_event_elite,QI-MRFO+CXM continue,n100 m10 vm_fail lam=0.05,vm_fail,100,10,402,20000,4000,6.307300090789795,0.0010080168741667527,0.0021476576289893375,0.01534184730182196,0.9984736513598099,18.5,0.21927458199509547,20.625,0.013140118860033342,0.05,,0.0010080168741667527,0.005665959367311206,0,vm_fail,0.00633672092181199,0.02433176517735905,30,vm_fail,0.0036381786288900695,0.01889199524007168,21,vm_fail,0.004721358674657036,0.021603751865063813,23,vm_fail,0.0008611167960779941,0.014501048300164025,20,vm_fail,0.0004567356235418774,0.01440003622065139,21,vm_fail,0.0004718172457465323,0.015867132616509128,18,vm_fail,0.000663962645072289,0.01177978676359871,14,vm_fail,3.137049611691127e-05,0.0013592622311578825,1,QI-MRFO+CXM continue|n100 m10 vm_fail lam=0.05|402
h11_event_elite,QI-MRFO+CXM continue,n100 m10 vm_fail lam=0.05,vm_fail,100,10,403,20000,4000,6.296483516693115,0.0006038824825794654,0.001552465056245349,0.015224766772439596,0.9981709798901743,16.75,0.1974769134394439,17.375,0.011445455339847631,0.05,,0.0006038824825794654,0.01101827496088413,0,vm_fail,0.003631912206921765,0.021038502280789368,26,vm_fail,0.00245641119118433,0.015417692613623897,20,vm_fail,0.0025078951922606544,0.020889884722517304,23,vm_fail,0.001861534324247547,0.012992956570155636,18,vm_fail,0.0010421186131117446,0.01542576970275644,19,vm_fail,0.00029824297943802417,0.013492704676364974,17,vm_fail,0.00041672050407017686,0.006293021416772047,9,vm_fail,0.000204885438728549,0.01624760219653711,2,QI-MRFO+CXM continue|n100 m10 vm_fail lam=0.05|403
h11_event_elite,QI-MRFO+CXM continue,n100 m10 vm_fail lam=0.05,vm_fail,100,10,404,20000,4000,6.423445224761963,0.0008216951124264346,0.0018680905271406967,0.013045854314113123,0.998128137949603,15.75,0.18003747225728162,15.625,0.010891073636876258,0.05,,0.0008216951124264346,0.007337636637814061,0,vm_fail,0.004253792416866686,0.031090169911218317,38,vm_fail,0.0056558840349301785,0.013247706376218403,13,vm_fail,0.0027402644481145065,0.013404373140556558,15,vm_fail,0.000612453139090095,0.010634990200459214,16,vm_fail,0.0006650282137544195,0.01577679106247254,21,vm_fail,0.0003050619514113423,0.012181287398642762,13,vm_fail,0.000689782931105539,0.0071959459091797805,10,vm_fail,2.245708185280675e-05,0.0008355705141574153,0,QI-MRFO+CXM continue|n100 m10 vm_fail lam=0.05|404
h11_event_elite,QI-MRFO+CXM continue,n100 m10 vm_fail lam=0.05,vm_fail,100,10,405,20000,4000,6.296957731246948,0.0005619953188864004,0.0016222824443725531,0.014376623696430824,0.9977582593009511,16.75,0.19332638285883924,21.25,0.01130844588349234,0.05,,0.0005619953188864004,0.019383608402145334,0,vm_fail,0.0035061127577837837,0.02336002468031137,28,vm_fail,0.004565062540126208,0.017139288870271236,17,vm_fail,0.0016223101722909554,0.020414089720591316,25,vm_fail,0.00237772457081916,0.016868648343268712,23,vm_fail,0.0002773118972580446,0.013023044221813414,18,vm_fail,0.0004927494310203262,0.01490667436131153,14,vm_fail,0.00012338975050062986,0.008345865417995521,9,vm_fail,1.3598435181317602e-05,0.0009553539558835053,0,QI-MRFO+CXM continue|n100 m10 vm_fail lam=0.05|405
h11_event_elite,QI-MRFO+CXM continue,n100 m10 vm_fail lam=0.05,vm_fail,100,10,406,20000,4000,6.490073919296265,0.00043881550914861303,0.0017182271789256463,0.013370143401109452,0.9978515382503961,14.25,0.17009433956995876,16.125,0.010240395643267383,0.05,,0.00043881550914861303,0.02156546017113554,0,vm_fail,0.004347931941786409,0.02121842842691328,22,vm_fail,0.002606687367412615,0.014856229274910773,19,vm_fail,0.0012760191020481611,0.028711810708284023,31,vm_fail,0.0025717285256181385,0.009979479108487725,12,vm_fail,0.0010977748147655408,0.00806461721189712,9,vm_fail,0.0010796597463034905,0.014745450854739876,11,vm_fail,0.0007046548234655074,0.0073520753150885625,9,vm_fail,6.136111000531033e-05,0.0020330563085542556,1,QI-MRFO+CXM continue|n100 m10 vm_fail lam=0.05|406
h11_event_elite,QI-MRFO+CXM continue,n100 m10 vm_fail lam=0.05,vm_fail,100,10,407,20000,4000,6.671166658401489,0.0007947279982161694,0.0012521436477789779,0.01389439305784949,0.9964642997872136,17.625,0.2003711514000897,13.875,0.01128761784700634,0.05,,0.0007947279982161694,0.013411488746943015,0,vm_fail,0.0036711841921185343,0.024551936665387804,28,vm_fail,0.002332976099574167,0.020565007099127834,29,vm_fail,0.0015868276640994008,0.01577950959599372,21,vm_fail,0.0007915136166792097,0.025315229647258238,31,vm_fail,0.001079395646558205,0.010074693885864534,15,vm_fail,0.00010544671401176439,0.009501722369654277,11,vm_fail,0.00042441026680927553,0.003914947749065972,4,vm_fail,2.5394982381267088e-05,0.0014520974504435445,2,QI-MRFO+CXM continue|n100 m10 vm_fail lam=0.05|407
h11_event_elite,QI-MRFO+CXM continue,n100 m10 vm_fail lam=0.05,vm_fail,100,10,408,20000,4000,6.658462762832642,0.00101189805004771,0.001534033923886064,0.012449724543360402,0.9977103433565938,15.875,0.17746386046321422,15.0,0.010424274307119757,0.05,,0.00101189805004771,0.014891943669681598,0,vm_fail,0.003648553673744689,0.020143983433599227,27,vm_fail,0.001844712260498527,0.014536915197285349,20,vm_fail,0.001985619649473358,0.023665744103719678,29,vm_fail,0.002423058635189881,0.010435394397465294,13,vm_fail,0.00040288911462813004,0.009618283661099262,16,vm_fail,0.0007628767570810949,0.014526231671644326,18,vm_fail,0.0011736201921933873,0.00448841821688623,4,vm_fail,3.094110827944462e-05,0.0021828256651838596,0,QI-MRFO+CXM continue|n100 m10 vm_fail lam=0.05|408
h11_event_elite,QI-MRFO+CXM continue,n100 m10 vm_fail lam=0.05,vm_fail,100,10,409,20000,4000,6.458181142807007,0.0004398436053348557,0.0018819543326383309,0.014768829719742593,0.997414419580047,16.625,0.20151284956104154,21.5,0.011981531213600558,0.05,,0.0004398436053348557,0.00859590819914176,0,vm_fail,0.00284411154410735,0.01937649153903641,26,vm_fail,0.003094663722791812,0.024797008077374585,24,vm_fail,0.0033630143472522488,0.023718939515390898,25,vm_fail,0.0040511476331244875,0.016748158455187512,15,vm_fail,0.0009611566957283931,0.013428296690419618,17,vm_fail,0.000357922493258942,0.01123056963538351,17,vm_fail,0.00036523862125248483,0.006127198097954372,7,vm_fail,1.837960359092742e-05,0.002723975747193827,2,QI-MRFO+CXM continue|n100 m10 vm_fail lam=0.05|409
h11_event_elite,QI-MRFO+CXM continue,n100 m10 vm_fail lam=0.05,vm_fail,100,10,410,20000,4000,6.563161849975586,0.0005543305277006976,0.001916965755927911,0.013425787811181734,0.997613263277586,12.75,0.14811125078119003,20.0,0.009340046513345874,0.05,,0.0005543305277006976,0.012170506241167759,0,vm_fail,0.004994210905275935,0.017941692287087144,21,vm_fail,0.002419977642458954,0.015354960694145577,18,vm_fail,0.0031138688864111156,0.015044052604351744,15,vm_fail,0.004052331268019265,0.013195402931704837,13,vm_fail,0.0004392818847545653,0.01111210852513465,12,vm_fail,0.00013901496564696185,0.011689250984531096,13,vm_fail,0.00016696573017889062,0.013337221596866717,10,vm_fail,1.00747646776003e-05,0.009731612865632108,0,QI-MRFO+CXM continue|n100 m10 vm_fail lam=0.05|410
h11_event_elite,QI-MRFO+CXM continue+elite,n100 m10 vm_fail lam=0.05,vm_fail,100,10,401,20000,4000,6.114214897155762,0.0006964543523931145,0.0025122665395320345,0.006668001913767695,0.9990669646936554,6.0,0.07020903905918832,15.375,0.006034842215289388,0.05,,0.0006964543523931145,0.02062065328981568,0,vm_fail,0.007173588848189856,0.01364859232908051,9,vm_fail,0.005783956762573406,0.011951548847614225,11,vm_fail,0.0020793852446126973,0.008208793145634385,9,vm_fail,0.001544784221629051,0.011442075831340123,12,vm_fail,0.0014156257197139878,0.0027722400695198986,2,vm_fail,0.0007102087518964491,0.0025205323587997436,3,vm_fail,0.00138415663191141,0.002503493346208531,2,vm_fail,6.426135729416884e-06,0.0002967393819441373,0,QI-MRFO+CXM continue+elite|n100 m10 vm_fail lam=0.05|401
h11_event_elite,QI-MRFO+CXM continue+elite,n100 m10 vm_fail lam=0.05,vm_fail,100,10,402,20000,4000,6.499364137649536,0.0010080168741667527,0.0017586950807910386,0.005536812094309616,0.9980870773922099,5.75,0.0635058606801133,21.375,0.004943534086222678,0.05,,0.0010080168741667527,0.005665959367311206,0,vm_fail,0.004591207428769875,0.01577442215433581,19,vm_fail,0.003239546443476721,0.009764918505431913,8,vm_fail,0.0013837075405517632,0.007313308496783952,10,vm_fail,0.0017041723423473663,0.005517701940606038,5,vm_fail,0.0018321791564606931,0.0036589234026612886,3,vm_fail,0.000729696362805743,0.0016291363464983645,1,vm_fail,0.0005721701345773916,0.0005721701345773915,0,vm_fail,1.688123733875549e-05,6.39157735821761e-05,0,QI-MRFO+CXM continue+elite|n100 m10 vm_fail lam=0.05|402
h11_event_elite,QI-MRFO+CXM continue+elite,n100 m10 vm_fail lam=0.05,vm_fail,100,10,403,20000,4000,6.542659282684326,0.0006038824825794654,0.0036385973934113533,0.005621689753921203,1.0002460982518977,2.875,0.033582078927429426,18.125,0.005324898985472966,0.05,,0.0006038824825794654,0.01101827496088413,0,vm_fail,0.005031254097235602,0.0117018918320585,10,vm_fail,0.012713145938851873,0.013794459445476411,2,vm_fail,0.0028209931987870003,0.00737684733658627,6,vm_fail,0.001547281358549368,0.004226358471452656,4,vm_fail,0.004364214331618522,0.004385906615175544,0,vm_fail,0.0012600513999421142,0.0020174308985402047,1,vm_fail,0.0013097356901584625,0.0013097356901584625,0,vm_fail,6.210313214788667e-05,0.00016088774192157728,0,QI-MRFO+CXM continue+elite|n100 m10 vm_fail lam=0.05|403
h11_event_elite,QI-MRFO+CXM continue+elite,n100 m10 vm_fail lam=0.05,vm_fail,100,10,404,20000,4000,6.354242324829102,0.0008216951124264346,0.002172132443607154,0.006619441280079482,0.9984303987909754,6.875,0.0745803089302495,15.5,0.005915017384311607,0.05,,0.0008216951124264346,0.007337636637814061,0,vm_fail,0.005356372683776282,0.017184384337768924,18,vm_fail,0.0050559974140176045,0.014482888497825395,16,vm_fail,0.0025675613032745763,0.006096997306364125,6,vm_fail,0.0010636243156854736,0.008105649116362735,11,vm_fail,0.0018050090787134349,0.00307031247709938,1,vm_fail,0.0008444213625630584,0.0013447810374266351,0,vm_fail,0.0006793385136749737,0.0018408889391561243,2,vm_fail,4.734877151826709e-06,0.0008296285286325437,1,QI-MRFO+CXM continue+elite|n100 m10 vm_fail lam=0.05|404
h11_event_elite,QI-MRFO+CXM continue+elite,n100 m10 vm_fail lam=0.05,vm_fail,100,10,405,20000,4000,6.611031532287598,0.0005619953188864004,0.0029972931151770747,0.0067561566865710024,0.9991228140863342,4.75,0.0529461521901038,21.875,0.005658006402779899,0.05,,0.0005619953188864004,0.019383608402145334,0,vm_fail,0.010889453441866311,0.017395473126819078,7,vm_fail,0.005749237610171848,0.017578680620490252,13,vm_fail,0.00309360338012851,0.008894512683596928,10,vm_fail,0.0015813095159398925,0.00529731016312739,5,vm_fail,0.0014311679903213595,0.002920040560756182,2,vm_fail,0.0006354913722219398,0.000649860790189465,0,vm_fail,0.000591106620830245,0.0012643306813051435,1,vm_fail,6.974989936490093e-06,4.904486628357847e-05,0,QI-MRFO+CXM continue+elite|n100 m10 vm_fail lam=0.05|405
h11_event_elite,QI-MRFO+CXM continue+elite,n100 m10 vm_fail lam=0.05,vm_fail,100,10,406,20000,4000,6.68891716003418,0.00043881550914861303,0.0014793849556422596,0.004547550547907771,0.9976132207102217,4.125,0.045766777634510196,15.875,0.003773438993060966,0.05,,0.00043881550914861303,0.02156546017113554,0,vm_fail,0.002250711660369137,0.009386334007453012,11,vm_fail,0.004315877608671612,0.009715486133365661,8,vm_fail,0.0022049010351937273,0.008829553423720351,7,vm_fail,0.0019561116298261174,0.00472463359734563,4,vm_fail,0.0004323643420183925,0.0016030387172880534,2,vm_fail,0.00011268347042404422,0.0007579312222947327,0,vm_fail,0.0003522706237940809,0.0010911557384819292,1,vm_fail,0.00021015927484096522,0.000272271543312794,0,QI-MRFO+CXM continue+elite|n100 m10 vm_fail lam=0.05|406
h11_event_elite,QI-MRFO+CXM continue+elite,n100 m10 vm_fail lam=0.05,vm_fail,100,10,407,20000,4000,6.576772451400757,0.0007947279982161694,0.002257062584809459,0.007550957127732056,0.9974641288172187,7.625,0.0844816053596377,13.875,0.006494236839058893,0.05,,0.0007947279982161694,0.013411488746943015,0,vm_fail,0.002847560534251419,0.020036779573582065,26,vm_fail,0.006506431554619474,0.013316895110788549,11,vm_fail,0.0044953500698362795,0.007419403862992877,4,vm_fail,0.0017172606624800166,0.010549479715103682,13,vm_fail,0.001529821856071979,0.004769163288550957,3,vm_fail,0.0007415198502629065,0.0028487198909407842,3,vm_fail,7.233151677279113e-05,0.0007639179880506385,1,vm_fail,0.00014622463418080588,0.0007032975918468936,0,QI-MRFO+CXM continue+elite|n100 m10 vm_fail lam=0.05|407
h11_event_elite,QI-MRFO+CXM continue+elite,n100 m10 vm_fail lam=0.05,vm_fail,100,10,408,20000,4000,6.466177701950073,0.00101189805004771,0.0019248057834769425,0.006042684395914808,0.9980978552309274,6.625,0.07189083459017451,15.25,0.005528553800688323,0.05,,0.00101189805004771,0.014891943669681598,0,vm_fail,0.004357250579622332,0.015127890693887288,19,vm_fail,0.005617018134656317,0.007633414606029872,3,vm_fail,0.0017738169366289254,0.008101268508278265,9,vm_fail,0.0019884148495314686,0.00508941383203488,5,vm_fail,0.0009024953863275821,0.008019390777113411,13,vm_fail,0.00040577416976647726,0.003198355481968758,3,vm_fail,0.0002948577885353265,0.0009235711946667663,1,vm_fail,5.881842274711068e-05,0.00024817007333922773,0,QI-MRFO+CXM continue+elite|n100 m10 vm_fail lam=0.05|408
h11_event_elite,QI-MRFO+CXM continue+elite,n100 m10 vm_fail lam=0.05,vm_fail,100,10,409,20000,4000,6.7874205112457275,0.0004398436053348557,0.0030365760244710767,0.005354148966935592,0.9985601660084478,3.0,0.0361376657176094,21.875,0.004849666534597275,0.05,,0.0004398436053348557,0.00859590819914176,0,vm_fail,0.008869010834146332,0.014465757755838244,6,vm_fail,0.007693566170550235,0.007693566170550236,0,vm_fail,0.003764845062176245,0.007805986665901226,6,vm_fail,0.0017920264476277731,0.0036432579767615983,2,vm_fail,0.0009462986062714254,0.004832997584895363,6,vm_fail,0.0010212727213151933,0.0025698534072543895,2,vm_fail,0.00017056591494438443,0.0016319610319042886,2,vm_fail,3.5022438737020975e-05,0.00018981114237938908,0,QI-MRFO+CXM continue+elite|n100 m10 vm_fail lam=0.05|409
h11_event_elite,QI-MRFO+CXM continue+elite,n100 m10 vm_fail lam=0.05,vm_fail,100,10,410,20000,4000,6.43748664855957,0.0005543305277006976,0.0022683474348560387,0.006185270664842116,0.9979627448731403,5.875,0.06425776714293581,20.0,0.005491384196843091,0.05,,0.0005543305277006976,0.012170506241167759,0,vm_fail,0.003667597488838125,0.01664002805829016,20,vm_fail,0.003738268073478954,0.012944897580676731,13,vm_fail,0.0034253289354622906,0.0067969501205375205,6,vm_fail,0.004059208992732117,0.0053323983683787384,2,vm_fail,0.0004959023110945186,0.0032707076282679523,4,vm_fail,0.002643629432317956,0.002643629432317956,0,vm_fail,7.194286838469889e-05,0.0017823551406590259,2,vm_fail,4.490137653964771e-05,7.119898960884217e-05,0,QI-MRFO+CXM continue+elite|n100 m10 vm_fail lam=0.05|410
h11_event_elite,QI-MRFO+CXM continue+event-aware elite,n100 m10 vm_fail lam=0.05,vm_fail,100,10,401,20000,4000,6.394972562789917,0.0006964543523931145,0.0025122665395320345,0.006668001913767695,0.9990669646936554,6.0,0.07020903905918832,15.375,0.006034842215289388,0.05,,0.0006964543523931145,0.02062065328981568,0,vm_fail,0.007173588848189856,0.01364859232908051,9,vm_fail,0.005783956762573406,0.011951548847614225,11,vm_fail,0.0020793852446126973,0.008208793145634385,9,vm_fail,0.001544784221629051,0.011442075831340123,12,vm_fail,0.0014156257197139878,0.0027722400695198986,2,vm_fail,0.0007102087518964491,0.0025205323587997436,3,vm_fail,0.00138415663191141,0.002503493346208531,2,vm_fail,6.426135729416884e-06,0.0002967393819441373,0,QI-MRFO+CXM continue+event-aware elite|n100 m10 vm_fail lam=0.05|401
h11_event_elite,QI-MRFO+CXM continue+event-aware elite,n100 m10 vm_fail lam=0.05,vm_fail,100,10,402,20000,4000,6.281294345855713,0.0010080168741667527,0.0017586950807910386,0.005536812094309616,0.9980870773922099,5.75,0.0635058606801133,21.375,0.004943534086222678,0.05,,0.0010080168741667527,0.005665959367311206,0,vm_fail,0.004591207428769875,0.01577442215433581,19,vm_fail,0.003239546443476721,0.009764918505431913,8,vm_fail,0.0013837075405517632,0.007313308496783952,10,vm_fail,0.0017041723423473663,0.005517701940606038,5,vm_fail,0.0018321791564606931,0.0036589234026612886,3,vm_fail,0.000729696362805743,0.0016291363464983645,1,vm_fail,0.0005721701345773916,0.0005721701345773915,0,vm_fail,1.688123733875549e-05,6.39157735821761e-05,0,QI-MRFO+CXM continue+event-aware elite|n100 m10 vm_fail lam=0.05|402
h11_event_elite,QI-MRFO+CXM continue+event-aware elite,n100 m10 vm_fail lam=0.05,vm_fail,100,10,403,20000,4000,6.3629865646362305,0.0006038824825794654,0.0036385973934113533,0.005621689753921203,1.0002460982518977,2.875,0.033582078927429426,18.125,0.005324898985472966,0.05,,0.0006038824825794654,0.01101827496088413,0,vm_fail,0.005031254097235602,0.0117018918320585,10,vm_fail,0.012713145938851873,0.013794459445476411,2,vm_fail,0.0028209931987870003,0.00737684733658627,6,vm_fail,0.001547281358549368,0.004226358471452656,4,vm_fail,0.004364214331618522,0.004385906615175544,0,vm_fail,0.0012600513999421142,0.0020174308985402047,1,vm_fail,0.0013097356901584625,0.0013097356901584625,0,vm_fail,6.210313214788667e-05,0.00016088774192157728,0,QI-MRFO+CXM continue+event-aware elite|n100 m10 vm_fail lam=0.05|403
h11_event_elite,QI-MRFO+CXM continue+event-aware elite,n100 m10 vm_fail lam=0.05,vm_fail,100,10,404,20000,4000,6.553557395935059,0.0008216951124264346,0.002172132443607154,0.006619441280079482,0.9984303987909754,6.875,0.0745803089302495,15.5,0.005915017384311607,0.05,,0.0008216951124264346,0.007337636637814061,0,vm_fail,0.005356372683776282,0.017184384337768924,18,vm_fail,0.0050559974140176045,0.014482888497825395,16,vm_fail,0.0025675613032745763,0.006096997306364125,6,vm_fail,0.0010636243156854736,0.008105649116362735,11,vm_fail,0.0018050090787134349,0.00307031247709938,1,vm_fail,0.0008444213625630584,0.0013447810374266351,0,vm_fail,0.0006793385136749737,0.0018408889391561243,2,vm_fail,4.734877151826709e-06,0.0008296285286325437,1,QI-MRFO+CXM continue+event-aware elite|n100 m10 vm_fail lam=0.05|404
h11_event_elite,QI-MRFO+CXM continue+event-aware elite,n100 m10 vm_fail lam=0.05,vm_fail,100,10,405,20000,4000,6.42230224609375,0.0005619953188864004,0.0029972931151770747,0.0067561566865710024,0.9991228140863342,4.75,0.0529461521901038,21.875,0.005658006402779899,0.05,,0.0005619953188864004,0.019383608402145334,0,vm_fail,0.010889453441866311,0.017395473126819078,7,vm_fail,0.005749237610171848,0.017578680620490252,13,vm_fail,0.00309360338012851,0.008894512683596928,10,vm_fail,0.0015813095159398925,0.00529731016312739,5,vm_fail,0.0014311679903213595,0.002920040560756182,2,vm_fail,0.0006354913722219398,0.000649860790189465,0,vm_fail,0.000591106620830245,0.0012643306813051435,1,vm_fail,6.974989936490093e-06,4.904486628357847e-05,0,QI-MRFO+CXM continue+event-aware elite|n100 m10 vm_fail lam=0.05|405
h11_event_elite,QI-MRFO+CXM continue+event-aware elite,n100 m10 vm_fail lam=0.05,vm_fail,100,10,406,20000,4000,6.579171419143677,0.00043881550914861303,0.0014793849556422596,0.004547550547907771,0.9976132207102217,4.125,0.045766777634510196,15.875,0.003773438993060966,0.05,,0.00043881550914861303,0.02156546017113554,0,vm_fail,0.002250711660369137,0.009386334007453012,11,vm_fail,0.004315877608671612,0.009715486133365661,8,vm_fail,0.0022049010351937273,0.008829553423720351,7,vm_fail,0.0019561116298261174,0.00472463359734563,4,vm_fail,0.0004323643420183925,0.0016030387172880534,2,vm_fail,0.00011268347042404422,0.0007579312222947327,0,vm_fail,0.0003522706237940809,0.0010911557384819292,1,vm_fail,0.00021015927484096522,0.000272271543312794,0,QI-MRFO+CXM continue+event-aware elite|n100 m10 vm_fail lam=0.05|406
h11_event_elite,QI-MRFO+CXM continue+event-aware elite,n100 m10 vm_fail lam=0.05,vm_fail,100,10,407,20000,4000,6.648147344589233,0.0007947279982161694,0.002257062584809459,0.007550957127732056,0.9974641288172187,7.625,0.0844816053596377,13.875,0.006494236839058893,0.05,,0.0007947279982161694,0.013411488746943015,0,vm_fail,0.002847560534251419,0.020036779573582065,26,vm_fail,0.006506431554619474,0.013316895110788549,11,vm_fail,0.0044953500698362795,0.007419403862992877,4,vm_fail,0.0017172606624800166,0.010549479715103682,13,vm_fail,0.001529821856071979,0.004769163288550957,3,vm_fail,0.0007415198502629065,0.0028487198909407842,3,vm_fail,7.233151677279113e-05,0.0007639179880506385,1,vm_fail,0.00014622463418080588,0.0007032975918468936,0,QI-MRFO+CXM continue+event-aware elite|n100 m10 vm_fail lam=0.05|407
h11_event_elite,QI-MRFO+CXM continue+event-aware elite,n100 m10 vm_fail lam=0.05,vm_fail,100,10,408,20000,4000,6.674079179763794,0.00101189805004771,0.0019248057834769425,0.006042684395914808,0.9980978552309274,6.625,0.07189083459017451,15.25,0.005528553800688323,0.05,,0.00101189805004771,0.014891943669681598,0,vm_fail,0.004357250579622332,0.015127890693887288,19,vm_fail,0.005617018134656317,0.007633414606029872,3,vm_fail,0.0017738169366289254,0.008101268508278265,9,vm_fail,0.0019884148495314686,0.00508941383203488,5,vm_fail,0.0009024953863275821,0.008019390777113411,13,vm_fail,0.00040577416976647726,0.003198355481968758,3,vm_fail,0.0002948577885353265,0.0009235711946667663,1,vm_fail,5.881842274711068e-05,0.00024817007333922773,0,QI-MRFO+CXM continue+event-aware elite|n100 m10 vm_fail lam=0.05|408
h11_event_elite,QI-MRFO+CXM continue+event-aware elite,n100 m10 vm_fail lam=0.05,vm_fail,100,10,409,20000,4000,6.8131444454193115,0.0004398436053348557,0.0030365760244710767,0.005354148966935592,0.9985601660084478,3.0,0.0361376657176094,21.875,0.004849666534597275,0.05,,0.0004398436053348557,0.00859590819914176,0,vm_fail,0.008869010834146332,0.014465757755838244,6,vm_fail,0.007693566170550235,0.007693566170550236,0,vm_fail,0.003764845062176245,0.007805986665901226,6,vm_fail,0.0017920264476277731,0.0036432579767615983,2,vm_fail,0.0009462986062714254,0.004832997584895363,6,vm_fail,0.0010212727213151933,0.0025698534072543895,2,vm_fail,0.00017056591494438443,0.0016319610319042886,2,vm_fail,3.5022438737020975e-05,0.00018981114237938908,0,QI-MRFO+CXM continue+event-aware elite|n100 m10 vm_fail lam=0.05|409
h11_event_elite,QI-MRFO+CXM continue+event-aware elite,n100 m10 vm_fail lam=0.05,vm_fail,100,10,410,20000,4000,6.472306489944458,0.0005543305277006976,0.0022683474348560387,0.006185270664842116,0.9979627448731403,5.875,0.06425776714293581,20.0,0.005491384196843091,0.05,,0.0005543305277006976,0.012170506241167759,0,vm_fail,0.003667597488838125,0.01664002805829016,20,vm_fail,0.003738268073478954,0.012944897580676731,13,vm_fail,0.0034253289354622906,0.0067969501205375205,6,vm_fail,0.004059208992732117,0.0053323983683787384,2,vm_fail,0.0004959023110945186,0.0032707076282679523,4,vm_fail,0.002643629432317956,0.002643629432317956,0,vm_fail,7.194286838469889e-05,0.0017823551406590259,2,vm_fail,4.490137653964771e-05,7.119898960884217e-05,0,QI-MRFO+CXM continue+event-aware elite|n100 m10 vm_fail lam=0.05|410
h11_event_elite,Chooser (cheaper of the two),n100 m10 vm_fail lam=0.2,vm_fail,100,10,401,20000,4000,0.022624969482421875,0.009018810988076865,0.009804655042658686,0.009804655042658686,1.0063216825989878,0.0,0.0,15.625,0.009804655042658686,0.2,,0.009018810988076865,0.009018810988076865,0,vm_fail,0.01766783897658831,0.01766783897658831,0,vm_fail,0.038001119658176166,0.038001119658176166,0,vm_fail,0.005831153035746422,0.005831153035746422,0,vm_fail,0.006270326227105559,0.006270326227105559,0,vm_fail,0.0034597272986372847,0.0034597272986372847,0,vm_fail,0.003988143960496356,0.003988143960496356,0,vm_fail,0.0018214703196149662,0.0018214703196149662,0,vm_fail,0.0013974608649044249,0.0013974608649044249,0,Chooser (cheaper of the two)|n100 m10 vm_fail lam=0.2|401
h11_event_elite,Chooser (cheaper of the two),n100 m10 vm_fail lam=0.2,vm_fail,100,10,402,20000,4000,0.024638652801513672,0.009332960487053916,0.01089680463754277,0.01089680463754277,1.007178077258951,0.0,0.0,22.0,0.01089680463754277,0.2,,0.009332960487053916,0.009332960487053916,0,vm_fail,0.040531292730054326,0.040531292730054326,0,vm_fail,0.01481649068777029,0.01481649068777029,0,vm_fail,0.015339926362614048,0.015339926362614048,0,vm_fail,0.005000184748689174,0.005000184748689174,0,vm_fail,0.00503549904409224,0.00503549904409224,0,vm_fail,0.00193912256750174,0.00193912256750174,0,vm_fail,0.004483881652625558,0.004483881652625558,0,vm_fail,2.8039306994780536e-05,2.8039306994780536e-05,0,Chooser (cheaper of the two)|n100 m10 vm_fail lam=0.2|402
h11_event_elite,Chooser (cheaper of the two),n100 m10 vm_fail lam=0.2,vm_fail,100,10,403,20000,4000,0.022881269454956055,0.009608071846750561,0.009865081444360692,0.009865081444360692,1.0064423611278652,0.0,0.0,17.0,0.009865081444360692,0.2,,0.009608071846750561,0.009608071846750561,0,vm_fail,0.019262377924969643,0.019262377924969643,0,vm_fail,0.024155465940717775,0.024155465940717775,0,vm_fail,0.011584295975994145,0.011584295975994145,0,vm_fail,0.010255495664112333,0.010255495664112333,0,vm_fail,0.0033896569944792446,0.0033896569944792446,0,vm_fail,0.0062595830685870865,0.0062595830685870865,0,vm_fail,0.001774609474563575,0.001774609474563575,0,vm_fail,0.0022391665114617205,0.0022391665114617205,0,Chooser (cheaper of the two)|n100 m10 vm_fail lam=0.2|403
h11_event_elite,Chooser (cheaper of the two),n100 m10 vm_fail lam=0.2,vm_fail,100,10,404,20000,4000,0.021972179412841797,0.007268534893747241,0.015084172478452732,0.015084172478452732,1.011278613112601,0.0,0.0,15.75,0.015084172478452732,0.2,,0.007268534893747241,0.007268534893747241,0,vm_fail,0.02141623692799528,0.02141623692799528,0,vm_fail,0.04072761135996073,0.04072761135996073,0,vm_fail,0.025303955053505307,0.025303955053505307,0,vm_fail,0.02336761460069682,0.02336761460069682,0,vm_fail,0.004663735341601464,0.004663735341601464,0,vm_fail,0.002771534244431413,0.002771534244431413,0,vm_fail,0.001218415595139171,0.001218415595139171,0,vm_fail,0.0012042767042916758,0.0012042767042916758,0,Chooser (cheaper of the two)|n100 m10 vm_fail lam=0.2|404
h11_event_elite,Chooser (cheaper of the two),n100 m10 vm_fail lam=0.2,vm_fail,100,10,405,20000,4000,0.022855520248413086,0.007320026947820328,0.010326609581513763,0.010326609581513763,1.0064244517501275,0.0,0.0,21.375,0.010326609581513763,0.2,,0.007320026947820328,0.007320026947820328,0,vm_fail,0.011113733399737447,0.011113733399737447,0,vm_fail,0.026169516706178814,0.026169516706178814,0,vm_fail,0.02060819466926187,0.02060819466926187,0,vm_fail,0.009128235241568118,0.009128235241568118,0,vm_fail,0.008960237087536096,0.008960237087536096,0,vm_fail,0.003781069715272095,0.003781069715272095,0,vm_fail,0.00261179411563076,0.00261179411563076,0,vm_fail,0.0002400957169249165,0.0002400957169249165,0,Chooser (cheaper of the two)|n100 m10 vm_fail lam=0.2|405
h11_event_elite,Chooser (cheaper of the two),n100 m10 vm_fail lam=0.2,vm_fail,100,10,406,20000,4000,0.02076578140258789,0.00933626783458608,0.012716986136024509,0.012716986136024509,1.0087859141255167,0.0,0.0,16.25,0.012716986136024509,0.2,,0.00933626783458608,0.00933626783458608,0,vm_fail,0.023787572302870673,0.023787572302870673,0,vm_fail,0.031919281620003015,0.031919281620003015,0,vm_fail,0.004378016962338503,0.004378016962338503,0,vm_fail,0.02746323322822113,0.02746323322822113,0,vm_fail,0.007047702985511794,0.007047702985511794,0,vm_fail,0.0031631897504026344,0.0031631897504026344,0,vm_fail,0.002899807029192868,0.002899807029192868,0,vm_fail,0.0010770852096554577,0.0010770852096554577,0,Chooser (cheaper of the two)|n100 m10 vm_fail lam=0.2|406
h11_event_elite,Chooser (cheaper of the two),n100 m10 vm_fail lam=0.2,vm_fail,100,10,407,20000,4000,0.023723840713500977,0.01446466589151278,0.016500855097795,0.016500855097795,1.0116031228665463,0.0,0.0,13.875,0.016500855097795,0.2,,0.01446466589151278,0.01446466589151278,0,vm_fail,0.04193626743724911,0.04193626743724911,0,vm_fail,0.06031056091303211,0.06031056091303211,0,vm_fail,0.005559420486768032,0.005559420486768032,0,vm_fail,0.005947738139454892,0.005947738139454892,0,vm_fail,0.010564467450065403,0.010564467450065403,0,vm_fail,0.0027267187566549383,0.0027267187566549383,0,vm_fail,0.002324081945824104,0.002324081945824104,0,vm_fail,0.0026375856533114167,0.0026375856533114167,0,Chooser (cheaper of the two)|n100 m10 vm_fail lam=0.2|407
h11_event_elite,Chooser (cheaper of the two),n100 m10 vm_fail lam=0.2,vm_fail,100,10,408,20000,4000,0.024657487869262695,0.007860113968795789,0.010080069811584593,0.010080069811584593,1.0062112503519152,0.0,0.0,15.375,0.010080069811584593,0.2,,0.007860113968795789,0.007860113968795789,0,vm_fail,0.03747506626652372,0.03747506626652372,0,vm_fail,0.017198447150446092,0.017198447150446092,0,vm_fail,0.0033289050518104787,0.0033289050518104787,0,vm_fail,0.006739156061170639,0.006739156061170639,0,vm_fail,0.010364436107572218,0.010364436107572218,0,vm_fail,0.002621503043508939,0.002621503043508939,0,vm_fail,0.002815427488914395,0.002815427488914395,0,vm_fail,9.761732273026536e-05,9.761732273026536e-05,0,Chooser (cheaper of the two)|n100 m10 vm_fail lam=0.2|408
h11_event_elite,Chooser (cheaper of the two),n100 m10 vm_fail lam=0.2,vm_fail,100,10,409,20000,4000,0.025249242782592773,0.007106482787213532,0.012638163112351103,0.012638163112351103,1.008101893289083,0.0,0.0,21.0,0.012638163112351103,0.2,,0.007106482787213532,0.007106482787213532,0,vm_fail,0.04618500141221708,0.04618500141221708,0,vm_fail,0.01771015192674792,0.01771015192674792,0,vm_fail,0.007948448959271142,0.007948448959271142,0,vm_fail,0.011478893183794813,0.011478893183794813,0,vm_fail,0.009076762485702477,0.009076762485702477,0,vm_fail,0.004296133760559963,0.004296133760559963,0,vm_fail,0.003331151427907576,0.003331151427907576,0,vm_fail,0.0010787617426078458,0.0010787617426078458,0,Chooser (cheaper of the two)|n100 m10 vm_fail lam=0.2|409
h11_event_elite,Chooser (cheaper of the two),n100 m10 vm_fail lam=0.2,vm_fail,100,10,410,20000,4000,0.022833824157714844,0.007534436806778124,0.012649461925045275,0.012649461925045275,1.0082666046208213,0.0,0.0,19.875,0.012649461925045275,0.2,,0.007534436806778124,0.007534436806778124,0,vm_fail,0.04349479831737197,0.04349479831737197,0,vm_fail,0.018571810421425607,0.018571810421425607,0,vm_fail,0.022066157991533754,0.022066157991533754,0,vm_fail,0.0037747101614887695,0.0037747101614887695,0,vm_fail,0.005411871438530904,0.005411871438530904,0,vm_fail,0.004745238261387338,0.004745238261387338,0,vm_fail,0.0004967737618383814,0.0004967737618383814,0,vm_fail,0.0026343350467854776,0.0026343350467854776,0,Chooser (cheaper of the two)|n100 m10 vm_fail lam=0.2|410
h11_event_elite,QI-MRFO+CXM continue,n100 m10 vm_fail lam=0.2,vm_fail,100,10,401,20000,4000,6.198412895202637,0.0006964543523931145,0.003041268712988313,0.03646083351306734,0.99959306915898,11.5,0.13489258151039102,14.625,0.030108896230618118,0.2,,0.0006964543523931145,0.02062065328981568,0,vm_fail,0.0031715411883864904,0.08282120022342997,31,vm_fail,0.009786017799464997,0.033097987814252716,9,vm_fail,0.0010798319234003697,0.06284375335545611,20,vm_fail,0.0042474636703501555,0.04456675689165224,12,vm_fail,0.0033077581503715195,0.037796799284797934,13,vm_fail,0.0016826193536194068,0.01616682003728067,5,vm_fail,0.000878359012845646,0.008191675219868105,2,vm_fail,0.00017655860546791785,0.006201675277800918,0,QI-MRFO+CXM continue|n100 m10 vm_fail lam=0.2|401
h11_event_elite,QI-MRFO+CXM continue,n100 m10 vm_fail lam=0.2,vm_fail,100,10,402,20000,4000,6.5617711544036865,0.0010080168741667527,0.004480204258185627,0.028966400539505843,1.0007953926955746,8.375,0.09719673160144218,21.75,0.02403707862392184,0.2,,0.0010080168741667527,0.005665959367311206,0,vm_fail,0.0056049449430914805,0.04431337739978999,13,vm_fail,0.008722203951871338,0.05589609508692853,19,vm_fail,0.01359008053167135,0.035178074334569015,9,vm_fail,0.0032291408919589088,0.035891175395230915,12,vm_fail,0.003687445605798245,0.02323724076854665,5,vm_fail,0.0008442322925448477,0.025167803823684564,6,vm_fail,0.00012503171237611594,0.010142042076111751,3,vm_fail,3.855413617273423e-05,0.0019053954311853121,0,QI-MRFO+CXM continue|n100 m10 vm_fail lam=0.2|402
h11_event_elite,QI-MRFO+CXM continue,n100 m10 vm_fail lam=0.2,vm_fail,100,10,403,20000,4000,6.126084804534912,0.0006038824825794654,0.0044505594930145855,0.03069203158472665,1.0010550225156256,8.25,0.09737149905648154,18.625,0.02402400570707558,0.2,,0.0006038824825794654,0.01101827496088413,0,vm_fail,0.009782600687460319,0.0436786358513555,12,vm_fail,0.003866647135474217,0.043496453695756256,16,vm_fail,0.014799311795927935,0.037427135548861165,7,vm_fail,0.0037065398782401443,0.023515071700802852,7,vm_fail,0.0019981522927595106,0.0321592993252987,10,vm_fail,0.001159112936040784,0.029941574080838765,8,vm_fail,0.00028402076763163844,0.017667045893477725,5,vm_fail,8.090450582131914e-06,0.017651036581422263,1,QI-MRFO+CXM continue|n100 m10 vm_fail lam=0.2|403
h11_event_elite,QI-MRFO+CXM continue,n100 m10 vm_fail lam=0.2,vm_fail,100,10,404,20000,4000,6.240727424621582,0.0008216951124264346,0.0024203289007102623,0.028803720316450836,0.9986784990631381,9.125,0.10320063777678343,15.625,0.023123791092287595,0.2,,0.0008216951124264346,0.007337636637814061,0,vm_fail,0.0037523755206004847,0.07074963315120485,23,vm_fail,0.005455153892405976,0.032941654385578535,12,vm_fail,0.004140098956014257,0.02598709994123116,7,vm_fail,0.0023938313003991863,0.0327205672244084,11,vm_fail,0.0016946071202881385,0.030392274060502752,9,vm_fail,0.0010144901635113356,0.02578993272316971,8,vm_fail,0.0004945319435029254,0.009400075599256931,3,vm_fail,0.0004175423089597937,0.0024485254462543416,0,QI-MRFO+CXM continue|n100 m10 vm_fail lam=0.2|404
h11_event_elite,QI-MRFO+CXM continue,n100 m10 vm_fail lam=0.2,vm_fail,100,10,405,20000,4000,6.386777877807617,0.0005619953188864004,0.0027721600391136503,0.03702903257169016,0.9989032874522624,11.875,0.13555741836000984,20.625,0.029969726008226297,0.2,,0.0005619953188864004,0.019383608402145334,0,vm_fail,0.0038294894045558434,0.06595336507006297,25,vm_fail,0.008001877758726211,0.04192158425965441,13,vm_fail,0.003655859826774038,0.05090873462766977,17,vm_fail,0.0011774643537414502,0.055930690528482964,20,vm_fail,0.003941098434284818,0.019298763477231317,3,vm_fail,0.000826724610947163,0.026145001722514202,6,vm_fail,0.0007384812547312899,0.03601281218286663,11,vm_fail,6.284669148389964e-06,6.130870503897724e-05,0,QI-MRFO+CXM continue|n100 m10 vm_fail lam=0.2|405
h11_event_elite,QI-MRFO+CXM continue,n100 m10 vm_fail lam=0.2,vm_fail,100,10,406,20000,4000,6.440439224243164,0.00043881550914861303,0.0023714914496334822,0.02791639486544885,0.9985009551804402,9.125,0.10426003488398736,16.375,0.023292684419214397,0.2,,0.00043881550914861303,0.02156546017113554,0,vm_fail,0.005809601329014574,0.05531092314379259,18,vm_fail,0.004322103047635734,0.03681765969165679,13,vm_fail,0.0018147175100922351,0.053697134241762076,19,vm_fail,0.004213199057557095,0.028823733244679097,10,vm_fail,0.0011530481146568381,0.020996522721108784,7,vm_fail,0.0003656328076542151,0.015295011331230577,3,vm_fail,0.0012860188934243906,0.012195369817012818,3,vm_fail,7.610837032775002e-06,0.00019480473234806972,0,QI-MRFO+CXM continue|n100 m10 vm_fail lam=0.2|406
h11_event_elite,QI-MRFO+CXM continue,n100 m10 vm_fail lam=0.2,vm_fail,100,10,407,20000,4000,6.146127700805664,0.0007947279982161694,0.003127717902593109,0.03103866396229412,0.9983276607253866,10.125,0.11683832855982604,14.25,0.026583477367549103,0.2,,0.0007947279982161694,0.013411488746943015,0,vm_fail,0.0075757351980718455,0.05468620253662317,19,vm_fail,0.0071420777398803715,0.03368718647653341,10,vm_fail,0.002244267315474549,0.0642656754211082,24,vm_fail,0.0020498349002650864,0.044060269037226596,16,vm_fail,0.0038545556763010668,0.013793220095664284,3,vm_fail,0.0004280822950413511,0.01875486866599012,7,vm_fail,0.0014859745309671972,0.014984665665004084,2,vm_fail,0.00024121556474340745,0.0040772238002030935,0,QI-MRFO+CXM continue|n100 m10 vm_fail lam=0.2|407
h11_event_elite,QI-MRFO+CXM continue,n100 m10 vm_fail lam=0.2,vm_fail,100,10,408,20000,4000,6.290450096130371,0.00101189805004771,0.003738814832894019,0.027802574237061537,0.9999036797329957,8.625,0.09613371046483521,15.625,0.023083612914542553,0.2,,0.00101189805004771,0.014891943669681598,0,vm_fail,0.005919374101879895,0.042825868280574615,15,vm_fail,0.008558653785769638,0.06453954142166134,23,vm_fail,0.00802894864954887,0.05069432379694905,13,vm_fail,0.005543847391189509,0.02036706035219961,6,vm_fail,0.0010288065329229824,0.014704028568827304,5,vm_fail,0.0003678330948872132,0.012508306170568619,3,vm_fail,0.0003961127079789426,0.008581128464697645,3,vm_fail,6.694239897510425e-05,0.00820033684101412,1,QI-MRFO+CXM continue|n100 m10 vm_fail lam=0.2|408
h11_event_elite,QI-MRFO+CXM continue,n100 m10 vm_fail lam=0.2,vm_fail,100,10,409,20000,4000,6.20112419128418,0.0004398436053348557,0.0025859348040501487,0.0304028440977944,0.9981128011368364,9.625,0.11714419305239732,21.375,0.02608581566146365,0.2,,0.0004398436053348557,0.00859590819914176,0,vm_fail,0.00931650790467328,0.036074853817201866,11,vm_fail,0.0031673252699547273,0.04638459340766957,15,vm_fail,0.003420458618961807,0.04618483102879833,15,vm_fail,0.0017618976779723067,0.044755521221378484,14,vm_fail,0.00081153373281035,0.04262308232896951,15,vm_fail,0.001889309871007925,0.008555331455321478,2,vm_fail,0.0003117101527130316,0.01503250035491905,5,vm_fail,8.735204307761812e-06,0.003612039168096916,0,QI-MRFO+CXM continue|n100 m10 vm_fail lam=0.2|409
h11_event_elite,QI-MRFO+CXM continue,n100 m10 vm_fail lam=0.2,vm_fail,100,10,410,20000,4000,6.466526985168457,0.0005543305277006976,0.00488552061409353,0.022946011486925752,1.000564650637882,5.75,0.06699374084847046,20.625,0.018354222509215708,0.2,,0.0005543305277006976,0.012170506241167759,0,vm_fail,0.01327225546151213,0.02977545971298638,7,vm_fail,0.007188922853098592,0.02966231808853575,7,vm_fail,0.004547264029771115,0.032738826694200494,12,vm_fail,0.0071260660449110275,0.016945142944208062,2,vm_fail,0.004266840500384099,0.02202481434264195,6,vm_fail,0.0013029771796971039,0.024131207363481965,8,vm_fail,0.0013608738660825868,0.02319567717701282,4,vm_fail,1.896497729158665e-05,0.005094645572338593,0,QI-MRFO+CXM continue|n100 m10 vm_fail lam=0.2|410
h11_event_elite,QI-MRFO+CXM continue+elite,n100 m10 vm_fail lam=0.2,vm_fail,100,10,401,20000,4000,6.281961679458618,0.0006964543523931145,0.00728203581072245,0.00985189948617377,1.0038163404748621,1.0,0.011212504194960336,15.5,0.009548792279592056,0.2,,0.0006964543523931145,0.02062065328981568,0,vm_fail,0.013566348507017309,0.02285381734429865,4,vm_fail,0.01458855077641997,0.018911881522937688,2,vm_fail,0.002704379361020485,0.008605275693247056,2,vm_fail,0.020870969971702936,0.02110444594919323,0,vm_fail,0.0023851065106122245,0.0029839278990186524,0,vm_fail,0.0029091108625843476,0.0029694188429118655,0,vm_fail,0.0010362475662507222,0.0010430220406872311,0,vm_fail,0.0001955729301716102,0.00034340659709578415,0,QI-MRFO+CXM continue+elite|n100 m10 vm_fail lam=0.2|401
h11_event_elite,QI-MRFO+CXM continue+elite,n100 m10 vm_fail lam=0.2,vm_fail,100,10,402,20000,4000,6.39837121963501,0.0010080168741667527,0.003998639767230125,0.010023838511618654,1.0003152570705132,2.375,0.025981719048421528,20.625,0.0092353830994732,0.2,,0.0010080168741667527,0.005665959367311206,0,vm_fail,0.012991313379742525,0.0296860762835161,7,vm_fail,0.006926424091376591,0.023578889813992084,7,vm_fail,0.0030418267468045952,0.009912015163749104,3,vm_fail,0.005219654949899785,0.005219654949899785,0,vm_fail,0.002858680229333451,0.005550654433017012,1,vm_fail,0.0005077737870604131,0.0034229075202255013,1,vm_fail,0.00040168597215739645,0.0026527177410923305,0,vm_fail,4.17589814662422e-05,0.0001677921874573168,0,QI-MRFO+CXM continue+elite|n100 m10 vm_fail lam=0.2|402
h11_event_elite,QI-MRFO+CXM continue+elite,n100 m10 vm_fail lam=0.2,vm_fail,100,10,403,20000,4000,6.270862102508545,0.0006038824825794654,0.004221824464229675,0.007299804336071622,1.000826367289062,1.125,0.012867862487178298,17.875,0.006810517359026232,0.2,,0.0006038824825794654,0.01101827496088413,0,vm_fail,0.011718770644047386,0.014270094033543831,1,vm_fail,0.007951442383786792,0.02043129008031985,5,vm_fail,0.00654188485340256,0.006989172618719467,0,vm_fail,0.0030145087990577934,0.003464800391097868,0,vm_fail,0.0007409832264575273,0.005928441952848472,2,vm_fail,0.0020249491019352786,0.0053879850387583686,1,vm_fail,0.0015634031720636833,0.0016822119944525824,0,vm_fail,0.00021865353308638186,0.0002444385788325409,0,QI-MRFO+CXM continue+elite|n100 m10 vm_fail lam=0.2|403
h11_event_elite,QI-MRFO+CXM continue+elite,n100 m10 vm_fail lam=0.2,vm_fail,100,10,404,20000,4000,6.403798818588257,0.0008216951124264346,0.004309219664537187,0.011632900215947657,1.0005532602925544,3.125,0.03339041504143739,15.75,0.011046371818774117,0.2,,0.0008216951124264346,0.007337636637814061,0,vm_fail,0.014280411056141818,0.0365255638041387,10,vm_fail,0.006901830712005052,0.022611589320077584,7,vm_fail,0.005502112140001752,0.012038908891849475,3,vm_fail,0.002518549012722363,0.014225344065494935,5,vm_fail,0.002169812809859243,0.0034354900126648915,0,vm_fail,0.00229693273275261,0.0024669674825521684,0,vm_fail,0.0006956338796719468,0.0014461695591426018,0,vm_fail,0.00010847497314271149,0.0003131685916609012,0,QI-MRFO+CXM continue+elite|n100 m10 vm_fail lam=0.2|404
h11_event_elite,QI-MRFO+CXM continue+elite,n100 m10 vm_fail lam=0.2,vm_fail,100,10,405,20000,4000,6.079965829849243,0.0005619953188864004,0.0044205863010045665,0.007858435124046891,1.0005375057697687,1.375,0.015520526470192768,22.0,0.0075450080865624766,0.2,,0.0005619953188864004,0.019383608402145334,0,vm_fail,0.015433649930777555,0.021151781074706437,2,vm_fail,0.005893312718979449,0.01041503812662799,2,vm_fail,0.005895776051304826,0.01492471894880541,4,vm_fail,0.002941810500124083,0.007647443221625214,2,vm_fail,0.002794197994929985,0.0031574185563575277,0,vm_fail,0.0006448105379109733,0.0036030566251645394,1,vm_fail,0.0017512049523950145,0.0019335101261792652,0,vm_fail,9.927721614642788e-06,3.451431290874427e-05,0,QI-MRFO+CXM continue+elite|n100 m10 vm_fail lam=0.2|405
h11_event_elite,QI-MRFO+CXM continue+elite,n100 m10 vm_fail lam=0.2,vm_fail,100,10,406,20000,4000,6.609040260314941,0.00043881550914861303,0.0046934779964623525,0.007411106737032179,1.0008113867186843,1.0,0.010806282299741602,15.875,0.006874370476723403,0.2,,0.00043881550914861303,0.02156546017113554,0,vm_fail,0.010185019455376828,0.014420021425108115,1,vm_fail,0.008998901358747988,0.01980871946799961,5,vm_fail,0.008753989474481201,0.013489257566480598,2,vm_fail,0.00515519358873917,0.00515519358873917,0,vm_fail,0.0025155879846663143,0.0032402941423201573,0,vm_fail,0.0009240434648261477,0.0009411921407900944,0,vm_fail,0.0004514706932057176,0.0013770199003226304,0,vm_fail,0.0005636179516554518,0.0008571556644970556,0,QI-MRFO+CXM continue+elite|n100 m10 vm_fail lam=0.2|406
h11_event_elite,QI-MRFO+CXM continue+elite,n100 m10 vm_fail lam=0.2,vm_fail,100,10,407,20000,4000,6.466717958450317,0.0007947279982161694,0.007397645554128723,0.01011998805437225,1.0025625973547598,1.125,0.011996904024767802,14.125,0.009841696950997143,0.2,,0.0007947279982161694,0.013411488746943015,0,vm_fail,0.020253582651058886,0.03767923812458276,8,vm_fail,0.01952519180365541,0.019525191803655414,0,vm_fail,0.006906999850249142,0.00928799308397309,1,vm_fail,0.0036656057435059722,0.004947078587833763,0,vm_fail,0.006979048503773995,0.006979048503773993,0,vm_fail,0.0010628596824962548,0.0017338262567328704,0,vm_fail,0.000719502962781198,0.0007195029627811979,0,vm_fail,6.837323550892863e-05,8.802511164492097e-05,0,QI-MRFO+CXM continue+elite|n100 m10 vm_fail lam=0.2|407
h11_event_elite,QI-MRFO+CXM continue+elite,n100 m10 vm_fail lam=0.2,vm_fail,100,10,408,20000,4000,6.139225482940674,0.00101189805004771,0.004839380496106896,0.009210806193733365,1.0009975238409032,1.75,0.01859586759629678,15.0,0.00858763436943385,0.2,,0.00101189805004771,0.014891943669681598,0,vm_fail,0.01370883023019993,0.026642708529022462,6,vm_fail,0.010881658005820196,0.010881658005820196,0,vm_fail,0.004313356387209352,0.009162702593199989,2,vm_fail,0.005055339876957906,0.010660404527860705,2,vm_fail,0.0025221103749373756,0.01278046851798724,4,vm_fail,0.001844851737127751,0.002155547256859719,0,vm_fail,0.00038719998256238016,0.0013068456609035834,0,vm_fail,1.6973740402765797e-06,9.611445821301219e-05,0,QI-MRFO+CXM continue+elite|n100 m10 vm_fail lam=0.2|408
h11_event_elite,QI-MRFO+CXM continue+elite,n100 m10 vm_fail lam=0.2,vm_fail,100,10,409,20000,4000,6.183669567108154,0.0004398436053348557,0.003974704045739566,0.006238768681694524,0.9994936408895172,0.75,0.008464922915277525,21.5,0.0056787582088910615,0.2,,0.0004398436053348557,0.00859590819914176,0,vm_fail,0.00881189044989894,0.01961911807057925,4,vm_fail,0.007129081206690296,0.0071290812066902975,0,vm_fail,0.008671405890115143,0.008727056980938074,0,vm_fail,0.001667556450724085,0.004866754476041019,1,vm_fail,0.0037608472762033045,0.007273990699337655,1,vm_fail,0.0014104882269534468,0.001410488226953447,0,vm_fail,0.0003054877487563658,0.0007764516358220539,0,vm_fail,4.087511657494715e-05,0.0001072081571943924,0,QI-MRFO+CXM continue+elite|n100 m10 vm_fail lam=0.2|409
h11_event_elite,QI-MRFO+CXM continue+elite,n100 m10 vm_fail lam=0.2,vm_fail,100,10,410,20000,4000,6.667948484420776,0.0005543305277006976,0.004624883403857761,0.0077099894392322855,1.0002981319292752,1.125,0.011982630805897352,19.75,0.007044373828342778,0.2,,0.0005543305277006976,0.012170506241167759,0,vm_fail,0.011519479139568726,0.02586579089965986,6,vm_fail,0.00857278560893309,0.013372129746079056,2,vm_fail,0.010315354635031896,0.010315354635031897,0,vm_fail,0.0018851182266569357,0.0023771926962949733,0,vm_fail,0.0017331559974344266,0.005082830927525038,1,vm_fail,0.002328373365278553,0.0024738340835968277,0,vm_fail,0.000596769456715148,0.0019531494012553835,0,vm_fail,4.8030801243308354e-05,0.00023963312441525363,0,QI-MRFO+CXM continue+elite|n100 m10 vm_fail lam=0.2|410
h11_event_elite,QI-MRFO+CXM continue+event-aware elite,n100 m10 vm_fail lam=0.2,vm_fail,100,10,401,20000,4000,6.174795389175415,0.0006964543523931145,0.00728203581072245,0.00985189948617377,1.0038163404748621,1.0,0.011212504194960336,15.5,0.009548792279592056,0.2,,0.0006964543523931145,0.02062065328981568,0,vm_fail,0.013566348507017309,0.02285381734429865,4,vm_fail,0.01458855077641997,0.018911881522937688,2,vm_fail,0.002704379361020485,0.008605275693247056,2,vm_fail,0.020870969971702936,0.02110444594919323,0,vm_fail,0.0023851065106122245,0.0029839278990186524,0,vm_fail,0.0029091108625843476,0.0029694188429118655,0,vm_fail,0.0010362475662507222,0.0010430220406872311,0,vm_fail,0.0001955729301716102,0.00034340659709578415,0,QI-MRFO+CXM continue+event-aware elite|n100 m10 vm_fail lam=0.2|401
h11_event_elite,QI-MRFO+CXM continue+event-aware elite,n100 m10 vm_fail lam=0.2,vm_fail,100,10,402,20000,4000,6.241717338562012,0.0010080168741667527,0.003998639767230125,0.010023838511618654,1.0003152570705132,2.375,0.025981719048421528,20.625,0.0092353830994732,0.2,,0.0010080168741667527,0.005665959367311206,0,vm_fail,0.012991313379742525,0.0296860762835161,7,vm_fail,0.006926424091376591,0.023578889813992084,7,vm_fail,0.0030418267468045952,0.009912015163749104,3,vm_fail,0.005219654949899785,0.005219654949899785,0,vm_fail,0.002858680229333451,0.005550654433017012,1,vm_fail,0.0005077737870604131,0.0034229075202255013,1,vm_fail,0.00040168597215739645,0.0026527177410923305,0,vm_fail,4.17589814662422e-05,0.0001677921874573168,0,QI-MRFO+CXM continue+event-aware elite|n100 m10 vm_fail lam=0.2|402
h11_event_elite,QI-MRFO+CXM continue+event-aware elite,n100 m10 vm_fail lam=0.2,vm_fail,100,10,403,20000,4000,6.175163745880127,0.0006038824825794654,0.004221824464229675,0.007299804336071622,1.000826367289062,1.125,0.012867862487178298,17.875,0.006810517359026232,0.2,,0.0006038824825794654,0.01101827496088413,0,vm_fail,0.011718770644047386,0.014270094033543831,1,vm_fail,0.007951442383786792,0.02043129008031985,5,vm_fail,0.00654188485340256,0.006989172618719467,0,vm_fail,0.0030145087990577934,0.003464800391097868,0,vm_fail,0.0007409832264575273,0.005928441952848472,2,vm_fail,0.0020249491019352786,0.0053879850387583686,1,vm_fail,0.0015634031720636833,0.0016822119944525824,0,vm_fail,0.00021865353308638186,0.0002444385788325409,0,QI-MRFO+CXM continue+event-aware elite|n100 m10 vm_fail lam=0.2|403
h11_event_elite,QI-MRFO+CXM continue+event-aware elite,n100 m10 vm_fail lam=0.2,vm_fail,100,10,404,20000,4000,6.160270929336548,0.0008216951124264346,0.004309219664537187,0.011632900215947657,1.0005532602925544,3.125,0.03339041504143739,15.75,0.011046371818774117,0.2,,0.0008216951124264346,0.007337636637814061,0,vm_fail,0.014280411056141818,0.0365255638041387,10,vm_fail,0.006901830712005052,0.022611589320077584,7,vm_fail,0.005502112140001752,0.012038908891849475,3,vm_fail,0.002518549012722363,0.014225344065494935,5,vm_fail,0.002169812809859243,0.0034354900126648915,0,vm_fail,0.00229693273275261,0.0024669674825521684,0,vm_fail,0.0006956338796719468,0.0014461695591426018,0,vm_fail,0.00010847497314271149,0.0003131685916609012,0,QI-MRFO+CXM continue+event-aware elite|n100 m10 vm_fail lam=0.2|404
h11_event_elite,QI-MRFO+CXM continue+event-aware elite,n100 m10 vm_fail lam=0.2,vm_fail,100,10,405,20000,4000,6.4344072341918945,0.0005619953188864004,0.0044205863010045665,0.007858435124046891,1.0005375057697687,1.375,0.015520526470192768,22.0,0.0075450080865624766,0.2,,0.0005619953188864004,0.019383608402145334,0,vm_fail,0.015433649930777555,0.021151781074706437,2,vm_fail,0.005893312718979449,0.01041503812662799,2,vm_fail,0.005895776051304826,0.01492471894880541,4,vm_fail,0.002941810500124083,0.007647443221625214,2,vm_fail,0.002794197994929985,0.0031574185563575277,0,vm_fail,0.0006448105379109733,0.0036030566251645394,1,vm_fail,0.0017512049523950145,0.0019335101261792652,0,vm_fail,9.927721614642788e-06,3.451431290874427e-05,0,QI-MRFO+CXM continue+event-aware elite|n100 m10 vm_fail lam=0.2|405
h11_event_elite,QI-MRFO+CXM continue+event-aware elite,n100 m10 vm_fail lam=0.2,vm_fail,100,10,406,20000,4000,6.459253787994385,0.00043881550914861303,0.0046934779964623525,0.007411106737032179,1.0008113867186843,1.0,0.010806282299741602,15.875,0.006874370476723403,0.2,,0.00043881550914861303,0.02156546017113554,0,vm_fail,0.010185019455376828,0.014420021425108115,1,vm_fail,0.008998901358747988,0.01980871946799961,5,vm_fail,0.008753989474481201,0.013489257566480598,2,vm_fail,0.00515519358873917,0.00515519358873917,0,vm_fail,0.0025155879846663143,0.0032402941423201573,0,vm_fail,0.0009240434648261477,0.0009411921407900944,0,vm_fail,0.0004514706932057176,0.0013770199003226304,0,vm_fail,0.0005636179516554518,0.0008571556644970556,0,QI-MRFO+CXM continue+event-aware elite|n100 m10 vm_fail lam=0.2|406
h11_event_elite,QI-MRFO+CXM continue+event-aware elite,n100 m10 vm_fail lam=0.2,vm_fail,100,10,407,20000,4000,6.282633543014526,0.0007947279982161694,0.007397645554128723,0.01011998805437225,1.0025625973547598,1.125,0.011996904024767802,14.125,0.009841696950997143,0.2,,0.0007947279982161694,0.013411488746943015,0,vm_fail,0.020253582651058886,0.03767923812458276,8,vm_fail,0.01952519180365541,0.019525191803655414,0,vm_fail,0.006906999850249142,0.00928799308397309,1,vm_fail,0.0036656057435059722,0.004947078587833763,0,vm_fail,0.006979048503773995,0.006979048503773993,0,vm_fail,0.0010628596824962548,0.0017338262567328704,0,vm_fail,0.000719502962781198,0.0007195029627811979,0,vm_fail,6.837323550892863e-05,8.802511164492097e-05,0,QI-MRFO+CXM continue+event-aware elite|n100 m10 vm_fail lam=0.2|407
h11_event_elite,QI-MRFO+CXM continue+event-aware elite,n100 m10 vm_fail lam=0.2,vm_fail,100,10,408,20000,4000,6.1552064418792725,0.00101189805004771,0.004839380496106896,0.009210806193733365,1.0009975238409032,1.75,0.01859586759629678,15.0,0.00858763436943385,0.2,,0.00101189805004771,0.014891943669681598,0,vm_fail,0.01370883023019993,0.026642708529022462,6,vm_fail,0.010881658005820196,0.010881658005820196,0,vm_fail,0.004313356387209352,0.009162702593199989,2,vm_fail,0.005055339876957906,0.010660404527860705,2,vm_fail,0.0025221103749373756,0.01278046851798724,4,vm_fail,0.001844851737127751,0.002155547256859719,0,vm_fail,0.00038719998256238016,0.0013068456609035834,0,vm_fail,1.6973740402765797e-06,9.611445821301219e-05,0,QI-MRFO+CXM continue+event-aware elite|n100 m10 vm_fail lam=0.2|408
h11_event_elite,QI-MRFO+CXM continue+event-aware elite,n100 m10 vm_fail lam=0.2,vm_fail,100,10,409,20000,4000,6.610697031021118,0.0004398436053348557,0.003974704045739566,0.006238768681694524,0.9994936408895172,0.75,0.008464922915277525,21.5,0.0056787582088910615,0.2,,0.0004398436053348557,0.00859590819914176,0,vm_fail,0.00881189044989894,0.01961911807057925,4,vm_fail,0.007129081206690296,0.0071290812066902975,0,vm_fail,0.008671405890115143,0.008727056980938074,0,vm_fail,0.001667556450724085,0.004866754476041019,1,vm_fail,0.0037608472762033045,0.007273990699337655,1,vm_fail,0.0014104882269534468,0.001410488226953447,0,vm_fail,0.0003054877487563658,0.0007764516358220539,0,vm_fail,4.087511657494715e-05,0.0001072081571943924,0,QI-MRFO+CXM continue+event-aware elite|n100 m10 vm_fail lam=0.2|409
h11_event_elite,QI-MRFO+CXM continue+event-aware elite,n100 m10 vm_fail lam=0.2,vm_fail,100,10,410,20000,4000,6.753977060317993,0.0005543305277006976,0.004624883403857761,0.0077099894392322855,1.0002981319292752,1.125,0.011982630805897352,19.75,0.007044373828342778,0.2,,0.0005543305277006976,0.012170506241167759,0,vm_fail,0.011519479139568726,0.02586579089965986,6,vm_fail,0.00857278560893309,0.013372129746079056,2,vm_fail,0.010315354635031896,0.010315354635031897,0,vm_fail,0.0018851182266569357,0.0023771926962949733,0,vm_fail,0.0017331559974344266,0.005082830927525038,1,vm_fail,0.002328373365278553,0.0024738340835968277,0,vm_fail,0.000596769456715148,0.0019531494012553835,0,vm_fail,4.8030801243308354e-05,0.00023963312441525363,0,QI-MRFO+CXM continue+event-aware elite|n100 m10 vm_fail lam=0.2|410
h11_event_elite,Chooser (cheaper of the two),n100 m10 vm_fail lam=1.0,vm_fail,100,10,401,20000,4000,0.02341008186340332,0.009018810988076865,0.009804655042658686,0.009804655042658686,1.0063216825989878,0.0,0.0,15.625,0.009804655042658686,1.0,,0.009018810988076865,0.009018810988076865,0,vm_fail,0.01766783897658831,0.01766783897658831,0,vm_fail,0.038001119658176166,0.038001119658176166,0,vm_fail,0.005831153035746422,0.005831153035746422,0,vm_fail,0.006270326227105559,0.006270326227105559,0,vm_fail,0.0034597272986372847,0.0034597272986372847,0,vm_fail,0.003988143960496356,0.003988143960496356,0,vm_fail,0.0018214703196149662,0.0018214703196149662,0,vm_fail,0.0013974608649044249,0.0013974608649044249,0,Chooser (cheaper of the two)|n100 m10 vm_fail lam=1.0|401
h11_event_elite,Chooser (cheaper of the two),n100 m10 vm_fail lam=1.0,vm_fail,100,10,402,20000,4000,0.021930694580078125,0.009332960487053916,0.01089680463754277,0.01089680463754277,1.007178077258951,0.0,0.0,22.0,0.01089680463754277,1.0,,0.009332960487053916,0.009332960487053916,0,vm_fail,0.040531292730054326,0.040531292730054326,0,vm_fail,0.01481649068777029,0.01481649068777029,0,vm_fail,0.015339926362614048,0.015339926362614048,0,vm_fail,0.005000184748689174,0.005000184748689174,0,vm_fail,0.00503549904409224,0.00503549904409224,0,vm_fail,0.00193912256750174,0.00193912256750174,0,vm_fail,0.004483881652625558,0.004483881652625558,0,vm_fail,2.8039306994780536e-05,2.8039306994780536e-05,0,Chooser (cheaper of the two)|n100 m10 vm_fail lam=1.0|402
h11_event_elite,Chooser (cheaper of the two),n100 m10 vm_fail lam=1.0,vm_fail,100,10,403,20000,4000,0.022106409072875977,0.009608071846750561,0.009865081444360692,0.009865081444360692,1.0064423611278652,0.0,0.0,17.0,0.009865081444360692,1.0,,0.009608071846750561,0.009608071846750561,0,vm_fail,0.019262377924969643,0.019262377924969643,0,vm_fail,0.024155465940717775,0.024155465940717775,0,vm_fail,0.011584295975994145,0.011584295975994145,0,vm_fail,0.010255495664112333,0.010255495664112333,0,vm_fail,0.0033896569944792446,0.0033896569944792446,0,vm_fail,0.0062595830685870865,0.0062595830685870865,0,vm_fail,0.001774609474563575,0.001774609474563575,0,vm_fail,0.0022391665114617205,0.0022391665114617205,0,Chooser (cheaper of the two)|n100 m10 vm_fail lam=1.0|403
h11_event_elite,Chooser (cheaper of the two),n100 m10 vm_fail lam=1.0,vm_fail,100,10,404,20000,4000,0.02344655990600586,0.007268534893747241,0.015084172478452732,0.015084172478452732,1.011278613112601,0.0,0.0,15.75,0.015084172478452732,1.0,,0.007268534893747241,0.007268534893747241,0,vm_fail,0.02141623692799528,0.02141623692799528,0,vm_fail,0.04072761135996073,0.04072761135996073,0,vm_fail,0.025303955053505307,0.025303955053505307,0,vm_fail,0.02336761460069682,0.02336761460069682,0,vm_fail,0.004663735341601464,0.004663735341601464,0,vm_fail,0.002771534244431413,0.002771534244431413,0,vm_fail,0.001218415595139171,0.001218415595139171,0,vm_fail,0.0012042767042916758,0.0012042767042916758,0,Chooser (cheaper of the two)|n100 m10 vm_fail lam=1.0|404
h11_event_elite,Chooser (cheaper of the two),n100 m10 vm_fail lam=1.0,vm_fail,100,10,405,20000,4000,0.02225208282470703,0.007320026947820328,0.010326609581513763,0.010326609581513763,1.0064244517501275,0.0,0.0,21.375,0.010326609581513763,1.0,,0.007320026947820328,0.007320026947820328,0,vm_fail,0.011113733399737447,0.011113733399737447,0,vm_fail,0.026169516706178814,0.026169516706178814,0,vm_fail,0.02060819466926187,0.02060819466926187,0,vm_fail,0.009128235241568118,0.009128235241568118,0,vm_fail,0.008960237087536096,0.008960237087536096,0,vm_fail,0.003781069715272095,0.003781069715272095,0,vm_fail,0.00261179411563076,0.00261179411563076,0,vm_fail,0.0002400957169249165,0.0002400957169249165,0,Chooser (cheaper of the two)|n100 m10 vm_fail lam=1.0|405
h11_event_elite,Chooser (cheaper of the two),n100 m10 vm_fail lam=1.0,vm_fail,100,10,406,20000,4000,0.02594304084777832,0.00933626783458608,0.012716986136024509,0.012716986136024509,1.0087859141255167,0.0,0.0,16.25,0.012716986136024509,1.0,,0.00933626783458608,0.00933626783458608,0,vm_fail,0.023787572302870673,0.023787572302870673,0,vm_fail,0.031919281620003015,0.031919281620003015,0,vm_fail,0.004378016962338503,0.004378016962338503,0,vm_fail,0.02746323322822113,0.02746323322822113,0,vm_fail,0.007047702985511794,0.007047702985511794,0,vm_fail,0.0031631897504026344,0.0031631897504026344,0,vm_fail,0.002899807029192868,0.002899807029192868,0,vm_fail,0.0010770852096554577,0.0010770852096554577,0,Chooser (cheaper of the two)|n100 m10 vm_fail lam=1.0|406
h11_event_elite,Chooser (cheaper of the two),n100 m10 vm_fail lam=1.0,vm_fail,100,10,407,20000,4000,0.022413969039916992,0.01446466589151278,0.016500855097795,0.016500855097795,1.0116031228665463,0.0,0.0,13.875,0.016500855097795,1.0,,0.01446466589151278,0.01446466589151278,0,vm_fail,0.04193626743724911,0.04193626743724911,0,vm_fail,0.06031056091303211,0.06031056091303211,0,vm_fail,0.005559420486768032,0.005559420486768032,0,vm_fail,0.005947738139454892,0.005947738139454892,0,vm_fail,0.010564467450065403,0.010564467450065403,0,vm_fail,0.0027267187566549383,0.0027267187566549383,0,vm_fail,0.002324081945824104,0.002324081945824104,0,vm_fail,0.0026375856533114167,0.0026375856533114167,0,Chooser (cheaper of the two)|n100 m10 vm_fail lam=1.0|407
h11_event_elite,Chooser (cheaper of the two),n100 m10 vm_fail lam=1.0,vm_fail,100,10,408,20000,4000,0.024113178253173828,0.007860113968795789,0.010080069811584593,0.010080069811584593,1.0062112503519152,0.0,0.0,15.375,0.010080069811584593,1.0,,0.007860113968795789,0.007860113968795789,0,vm_fail,0.03747506626652372,0.03747506626652372,0,vm_fail,0.017198447150446092,0.017198447150446092,0,vm_fail,0.0033289050518104787,0.0033289050518104787,0,vm_fail,0.006739156061170639,0.006739156061170639,0,vm_fail,0.010364436107572218,0.010364436107572218,0,vm_fail,0.002621503043508939,0.002621503043508939,0,vm_fail,0.002815427488914395,0.002815427488914395,0,vm_fail,9.761732273026536e-05,9.761732273026536e-05,0,Chooser (cheaper of the two)|n100 m10 vm_fail lam=1.0|408
h11_event_elite,Chooser (cheaper of the two),n100 m10 vm_fail lam=1.0,vm_fail,100,10,409,20000,4000,0.023129940032958984,0.007106482787213532,0.012638163112351103,0.012638163112351103,1.008101893289083,0.0,0.0,21.0,0.012638163112351103,1.0,,0.007106482787213532,0.007106482787213532,0,vm_fail,0.04618500141221708,0.04618500141221708,0,vm_fail,0.01771015192674792,0.01771015192674792,0,vm_fail,0.007948448959271142,0.007948448959271142,0,vm_fail,0.011478893183794813,0.011478893183794813,0,vm_fail,0.009076762485702477,0.009076762485702477,0,vm_fail,0.004296133760559963,0.004296133760559963,0,vm_fail,0.003331151427907576,0.003331151427907576,0,vm_fail,0.0010787617426078458,0.0010787617426078458,0,Chooser (cheaper of the two)|n100 m10 vm_fail lam=1.0|409
h11_event_elite,Chooser (cheaper of the two),n100 m10 vm_fail lam=1.0,vm_fail,100,10,410,20000,4000,0.02252650260925293,0.007534436806778124,0.012649461925045275,0.012649461925045275,1.0082666046208213,0.0,0.0,19.875,0.012649461925045275,1.0,,0.007534436806778124,0.007534436806778124,0,vm_fail,0.04349479831737197,0.04349479831737197,0,vm_fail,0.018571810421425607,0.018571810421425607,0,vm_fail,0.022066157991533754,0.022066157991533754,0,vm_fail,0.0037747101614887695,0.0037747101614887695,0,vm_fail,0.005411871438530904,0.005411871438530904,0,vm_fail,0.004745238261387338,0.004745238261387338,0,vm_fail,0.0004967737618383814,0.0004967737618383814,0,vm_fail,0.0026343350467854776,0.0026343350467854776,0,Chooser (cheaper of the two)|n100 m10 vm_fail lam=1.0|410
h11_event_elite,QI-MRFO+CXM continue,n100 m10 vm_fail lam=1.0,vm_fail,100,10,401,20000,4000,6.347120761871338,0.0006964543523931145,0.005627225940802486,0.08266333825245888,1.0021674809766363,5.0,0.05823019597606113,15.375,0.06431762786290598,1.0,,0.0006964543523931145,0.02062065328981568,0,vm_fail,0.011831256934906888,0.21563052435299737,17,vm_fail,0.009768891792326276,0.06761414916388016,4,vm_fail,0.01318808076822524,0.13061818676832104,4,vm_fail,0.0022633456763269453,0.13956330884120996,9,vm_fail,0.0016607534875715726,0.06113430916147158,5,vm_fail,0.003019095714822233,0.02441754451789424,1,vm_fail,0.003272364166972334,0.021437105831085598,0,vm_fail,1.4018985268404539e-05,0.0008915773828110612,0,QI-MRFO+CXM continue|n100 m10 vm_fail lam=1.0|401
h11_event_elite,QI-MRFO+CXM continue,n100 m10 vm_fail lam=1.0,vm_fail,100,10,402,20000,4000,6.250633239746094,0.0010080168741667527,0.009128351007679107,0.06461735606385613,1.0054181814786394,3.5,0.03983173149997985,21.75,0.049458019136499255,1.0,,0.0010080168741667527,0.005665959367311206,0,vm_fail,0.02953069812012083,0.08831796467208315,5,vm_fail,0.016624267604822388,0.08988498939105209,6,vm_fail,0.013077075823029175,0.07680667898147672,4,vm_fail,0.003562273595972972,0.07753121708969199,4,vm_fail,0.00565415429169589,0.11804266541654651,8,vm_fail,0.00445386606877687,0.05203825271718079,1,vm_fail,0.00010063013506014638,0.010423841244382313,0,vm_fail,2.3842421954570124e-05,0.0038932389984354704,0,QI-MRFO+CXM continue|n100 m10 vm_fail lam=1.0|402
h11_event_elite,QI-MRFO+CXM continue,n100 m10 vm_fail lam=1.0,vm_fail,100,10,403,20000,4000,6.140472412109375,0.0006038824825794654,0.008744078653863447,0.06205986076388772,1.0053243801834224,3.125,0.03703034314982411,18.875,0.04614215879393255,1.0,,0.0006038824825794654,0.01101827496088413,0,vm_fail,0.028597444261087564,0.06906278766056015,2,vm_fail,0.018756807652043905,0.08833071966829972,6,vm_fail,0.00617132664815518,0.11177178764848215,7,vm_fail,0.006252857107210167,0.08204956377892918,5,vm_fail,0.003884229393249082,0.04615991930249135,2,vm_fail,0.00591139095942414,0.04394976588316314,1,vm_fail,0.0003501283788104575,0.023979196814432426,1,vm_fail,2.844483092708009e-05,0.03117514535474359,1,QI-MRFO+CXM continue|n100 m10 vm_fail lam=1.0|403
h11_event_elite,QI-MRFO+CXM continue,n100 m10 vm_fail lam=1.0,vm_fail,100,10,404,20000,4000,6.469219923019409,0.0008216951124264346,0.00867474898346091,0.05091077967739086,1.0048947582506365,3.0,0.03399431907329003,15.75,0.043135246483527526,1.0,,0.0008216951124264346,0.007337636637814061,0,vm_fail,0.02245673336092857,0.12653764585335842,8,vm_fail,0.013933597127599843,0.060104989650681034,4,vm_fail,0.007726107167646673,0.033462603596171196,2,vm_fail,0.018207962945688275,0.0654871590856909,4,vm_fail,0.0027582147523693367,0.0722181358315044,4,vm_fail,0.00330239372808672,0.04623432630057242,2,vm_fail,0.0009930968275072805,0.002206118616992634,0,vm_fail,1.9885957860575078e-05,0.0010352584841559088,0,QI-MRFO+CXM continue|n100 m10 vm_fail lam=1.0|404
h11_event_elite,QI-MRFO+CXM continue,n100 m10 vm_fail lam=1.0,vm_fail,100,10,405,20000,4000,6.275286912918091,0.0005619953188864004,0.007626116012079732,0.06445493646531991,1.0037320736492217,3.625,0.04218617759502198,20.75,0.05015869209199712,1.0,,0.0005619953188864004,0.019383608402145334,0,vm_fail,0.01303403781619538,0.16473986400555832,8,vm_fail,0.022178100812792968,0.05671054787667897,3,vm_fail,0.016447195452617646,0.06830738552378546,3,vm_fail,0.0022443406418411697,0.062182620585749415,5,vm_fail,0.004412700438325678,0.03713786938007203,2,vm_fail,0.0007757240207895018,0.0897938997024724,6,vm_fail,0.001915185190959,0.03645950418057168,2,vm_fail,1.643723116505539e-06,0.00030780046767104333,0,QI-MRFO+CXM continue|n100 m10 vm_fail lam=1.0|405
h11_event_elite,QI-MRFO+CXM continue,n100 m10 vm_fail lam=1.0,vm_fail,100,10,406,20000,4000,6.390512704849243,0.00043881550914861303,0.008597446777333392,0.057132018194095156,1.004696101851517,3.125,0.035040310816753975,16.625,0.04411168526658439,1.0,,0.00043881550914861303,0.02156546017113554,0,vm_fail,0.014735554531427135,0.12104993382936287,9,vm_fail,0.017637363319681337,0.07119722454703296,5,vm_fail,0.013956474341723986,0.11174533591519777,6,vm_fail,0.008226459434026423,0.047815713089994404,3,vm_fail,0.011094106713307132,0.05624461075298309,1,vm_fail,0.0025527712420247437,0.03329474183379274,0,vm_fail,0.0005480692389133798,0.014407213567932092,1,vm_fail,2.8775397563002882e-05,0.0013013720164652793,0,QI-MRFO+CXM continue|n100 m10 vm_fail lam=1.0|406
h11_event_elite,QI-MRFO+CXM continue,n100 m10 vm_fail lam=1.0,vm_fail,100,10,407,20000,4000,6.441459894180298,0.0007947279982161694,0.009832458745616678,0.03221937644237362,1.0049896947830532,1.5,0.01693752564437316,13.875,0.026975536309762387,1.0,,0.0007947279982161694,0.013411488746943015,0,vm_fail,0.016932145191102733,0.0668042008193066,4,vm_fail,0.025504378727404527,0.0489582180955085,2,vm_fail,0.006578129563962684,0.044551870864745734,3,vm_fail,0.005310544837868357,0.04356697066862873,2,vm_fail,0.02057280463636582,0.021416939992275657,0,vm_fail,0.0024581064539148066,0.025669569855322188,1,vm_fail,0.0012518235545361017,0.0037881348755265665,0,vm_fail,5.1736999778395584e-05,0.00299910636767496,0,QI-MRFO+CXM continue|n100 m10 vm_fail lam=1.0|407
h11_event_elite,QI-MRFO+CXM continue,n100 m10 vm_fail lam=1.0,vm_fail,100,10,408,20000,4000,6.750562429428101,0.00101189805004771,0.008275559540619164,0.052108639905394084,1.0044188140458816,2.5,0.02803727002066043,14.875,0.036659780480337315,1.0,,0.00101189805004771,0.014891943669681598,0,vm_fail,0.01705496416022027,0.0816333389585386,5,vm_fail,0.017007352794982663,0.05993564691297262,2,vm_fail,0.01299013385781558,0.14909876300022346,8,vm_fail,0.004550769541471536,0.045370930748822376,3,vm_fail,0.010701758355394726,0.025585926435408097,1,vm_fail,0.0023788056391987064,0.03155250587411882,1,vm_fail,0.0014997159091138447,0.00888388508204111,0,vm_fail,2.09760667559915e-05,0.014808122231027605,0,QI-MRFO+CXM continue|n100 m10 vm_fail lam=1.0|408
h11_event_elite,QI-MRFO+CXM continue,n100 m10 vm_fail lam=1.0,vm_fail,100,10,409,20000,4000,6.397928237915039,0.0004398436053348557,0.00992362173160338,0.051616416091525244,1.0054036033269895,2.375,0.029197869606713996,21.625,0.03941678262361824,1.0,,0.0004398436053348557,0.00859590819914176,0,vm_fail,0.03274763644370772,0.07500700636234536,3,vm_fail,0.01966822049937039,0.06257993746833394,2,vm_fail,0.005935689367836731,0.10502193390113969,6,vm_fail,0.014279946236420872,0.04409379418961708,1,vm_fail,0.002011817656658179,0.04516472581240951,3,vm_fail,0.0027625587206388156,0.0374510204558664,2,vm_fail,0.001964137675549457,0.04017046762720528,2,vm_fail,1.8967252644868188e-05,0.0034424429152846796,0,QI-MRFO+CXM continue|n100 m10 vm_fail lam=1.0|409
h11_event_elite,QI-MRFO+CXM continue,n100 m10 vm_fail lam=1.0,vm_fail,100,10,410,20000,4000,6.511345863342285,0.0005543305277006976,0.011185137278850298,0.06219899572713182,1.006821748604052,2.375,0.027704845291133748,20.875,0.03927353570835225,1.0,,0.0005543305277006976,0.012170506241167759,0,vm_fail,0.02098030048608982,0.0662003586854173,4,vm_fail,0.020111412655615384,0.05923745579928721,3,vm_fail,0.014183263573321104,0.04099222946869602,2,vm_fail,0.003921434923093865,0.050800968525624914,2,vm_fail,0.005208822339033781,0.11227628690213304,5,vm_fail,0.02141825282968358,0.0916095743624096,3,vm_fail,0.0036257241099498863,0.06130724776103433,0,vm_fail,3.188731401496241e-05,0.015167844312452184,0,QI-MRFO+CXM continue|n100 m10 vm_fail lam=1.0|410
h11_event_elite,QI-MRFO+CXM continue+elite,n100 m10 vm_fail lam=1.0,vm_fail,100,10,401,20000,4000,6.422061204910278,0.0006964543523931145,0.009916250457480428,0.01032976664959512,1.0064370658223387,0.0,0.0,15.5,0.009916250457480428,1.0,,0.0006964543523931145,0.02062065328981568,0,vm_fail,0.0309483500698694,0.030948350069869398,0,vm_fail,0.020538771729864957,0.02053877172986495,0,vm_fail,0.004951858490463931,0.006712243144961785,0,vm_fail,0.013100182261335558,0.014237154573738853,0,vm_fail,0.0031958115020248212,0.003365659113004493,0,vm_fail,0.004786002611823492,0.004786002611823491,0,vm_fail,0.001679652836204676,0.0018462406348239107,0,vm_fail,0.00012937415825659308,0.00020371131867408736,0,QI-MRFO+CXM continue+elite|n100 m10 vm_fail lam=1.0|401
h11_event_elite,QI-MRFO+CXM continue+elite,n100 m10 vm_fail lam=1.0,vm_fail,100,10,402,20000,4000,6.202510833740234,0.0010080168741667527,0.011912743801553684,0.012057957321299655,1.0081858993647224,0.0,0.0,21.375,0.011912743801553684,1.0,,0.0010080168741667527,0.005665959367311206,0,vm_fail,0.03676889729419327,0.03676889729419327,0,vm_fail,0.026205925182247153,0.026205925182247146,0,vm_fail,0.023416272498900888,0.023416272498900888,0,vm_fail,0.004386693571205717,0.005222196117745088,0,vm_fail,0.0031163208399472985,0.003116320839947299,0,vm_fail,0.0013259053074510647,0.0013760778753479507,0,vm_fail,7.429679066021915e-05,0.0002854901199428883,0,vm_fail,7.638927823869675e-06,7.247864207271672e-05,0,QI-MRFO+CXM continue+elite|n100 m10 vm_fail lam=1.0|402
h11_event_elite,QI-MRFO+CXM continue+elite,n100 m10 vm_fail lam=1.0,vm_fail,100,10,403,20000,4000,6.801584959030151,0.0006038824825794654,0.0071526343055364535,0.007895850595700558,1.0037391773497053,0.0,0.0,18.0,0.0071526343055364535,1.0,,0.0006038824825794654,0.01101827496088413,0,vm_fail,0.01496846511414421,0.018555948476760713,0,vm_fail,0.02632256059748554,0.026322560597485542,0,vm_fail,0.005461916641650187,0.005461916641650188,0,vm_fail,0.0018501045508773132,0.0018501045508773132,0,vm_fail,0.00339105677484395,0.003486789599449272,0,vm_fail,0.0031630718197634597,0.0052393202014878485,0,vm_fail,0.002001886045359873,0.002188151797726478,0,vm_fail,6.201290016709524e-05,6.201290016709526e-05,0,QI-MRFO+CXM continue+elite|n100 m10 vm_fail lam=1.0|403
h11_event_elite,QI-MRFO+CXM continue+elite,n100 m10 vm_fail lam=1.0,vm_fail,100,10,404,20000,4000,6.474797248840332,0.0008216951124264346,0.010904211625932914,0.012726525724288009,1.007102573843828,0.125,0.001388888888888889,15.375,0.0123002135473833,1.0,,0.0008216951124264346,0.007337636637814061,0,vm_fail,0.043621861457722795,0.043621861457722795,0,vm_fail,0.01892604219356265,0.018926042193562653,0,vm_fail,0.013161414257358487,0.013161414257358485,0,vm_fail,0.005121383444278267,0.018778266567853148,1,vm_fail,0.0035356165872477184,0.003657368219243164,0,vm_fail,0.002604928889569411,0.0031727446509873694,0,vm_fail,3.0195717953735554e-05,3.0195717953735554e-05,0,vm_fail,0.00023225045977025123,0.00046431272962272984,0,QI-MRFO+CXM continue+elite|n100 m10 vm_fail lam=1.0|404
h11_event_elite,QI-MRFO+CXM continue+elite,n100 m10 vm_fail lam=1.0,vm_fail,100,10,405,20000,4000,6.256486177444458,0.0005619953188864004,0.008561857578002626,0.008823179179213462,1.0046587591115053,0.0,0.0,21.75,0.008561857578002626,1.0,,0.0005619953188864004,0.019383608402145334,0,vm_fail,0.023467090644225023,0.02346709064422502,0,vm_fail,0.018718523120260445,0.018718523120260445,0,vm_fail,0.011378154375191905,0.011378154375191908,0,vm_fail,0.00859387758262403,0.00954891458524405,0,vm_fail,0.0029998907027990874,0.003081365721973633,0,vm_fail,0.0022660216063870916,0.0029104222179008802,0,vm_fail,0.001067611609471578,0.0014419037202357914,0,vm_fail,3.6909830618342395e-06,3.9059048675962024e-05,0,QI-MRFO+CXM continue+elite|n100 m10 vm_fail lam=1.0|405
h11_event_elite,QI-MRFO+CXM continue+elite,n100 m10 vm_fail lam=1.0,vm_fail,100,10,406,20000,4000,6.707719802856445,0.00043881550914861303,0.008679781391232981,0.009812728736170985,1.0047776902721222,0.0,0.0,15.75,0.008679781391232981,1.0,,0.00043881550914861303,0.02156546017113554,0,vm_fail,0.02379125627420719,0.02379125627420719,0,vm_fail,0.018189554128888678,0.018189554128888674,0,vm_fail,0.017446786308312003,0.022437096171782436,0,vm_fail,0.0036444328653143197,0.005507758926997682,0,vm_fail,0.004214050533245096,0.0049325607195301385,0,vm_fail,0.0011580717648336436,0.0023098720944354557,0,vm_fail,0.0004629936936946203,0.0006408861686163622,0,vm_fail,0.000531105561368292,0.0006928454049099405,0,QI-MRFO+CXM continue+elite|n100 m10 vm_fail lam=1.0|406
h11_event_elite,QI-MRFO+CXM continue+elite,n100 m10 vm_fail lam=1.0,vm_fail,100,10,407,20000,4000,6.620522975921631,0.0007947279982161694,0.009489012748988017,0.013377782788523711,1.004635017675638,0.25,0.002631578947368421,14.125,0.012185708314148969,1.0,,0.0007947279982161694,0.013411488746943015,0,vm_fail,0.029752346279284754,0.04648818238035108,1,vm_fail,0.019736283243037916,0.031194219791190133,1,vm_fail,0.00797747298207623,0.008031107912518105,0,vm_fail,0.0076200045634221315,0.007620004563422132,0,vm_fail,0.009616363141080454,0.009847956015361998,0,vm_fail,0.0010532057117751024,0.0025788853062066633,0,vm_fail,0.0001527765439625067,0.0010959557032792066,0,vm_fail,3.649527265045782e-06,0.00016595063586037514,0,QI-MRFO+CXM continue+elite|n100 m10 vm_fail lam=1.0|407
h11_event_elite,QI-MRFO+CXM continue+elite,n100 m10 vm_fail lam=1.0,vm_fail,100,10,408,20000,4000,6.647525787353516,0.00101189805004771,0.007085444353748117,0.010268107778805706,1.0032315964915375,0.25,0.0026044492674986435,15.5,0.009726525691823527,1.0,,0.00101189805004771,0.014891943669681598,0,vm_fail,0.02178040188259821,0.033398510390909845,1,vm_fail,0.016928417805305844,0.016928417805305844,0,vm_fail,0.0059116712689273355,0.006294166623901129,0,vm_fail,0.0026137034143295583,0.005019345150388162,0,vm_fail,0.006509052206933488,0.017146999679510926,1,vm_fail,0.00173782119423766,0.0018035780654316726,0,vm_fail,0.0011858894341714773,0.0013379621781880353,0,vm_fail,1.6597623481356794e-05,0.00021588233681002825,0,QI-MRFO+CXM continue+elite|n100 m10 vm_fail lam=1.0|408
h11_event_elite,QI-MRFO+CXM continue+elite,n100 m10 vm_fail lam=1.0,vm_fail,100,10,409,20000,4000,6.427167892456055,0.0004398436053348557,0.006817455957985175,0.007103397889192998,1.002317294494814,0.0,0.0,21.75,0.006817455957985175,1.0,,0.0004398436053348557,0.00859590819914176,0,vm_fail,0.02631451420014803,0.026314514200148024,0,vm_fail,0.009193028813724118,0.009637095425935388,0,vm_fail,0.007319501221846794,0.0073195012218467935,0,vm_fail,0.0035018841918742455,0.003806871092104061,0,vm_fail,0.0013868496115955228,0.0026662949568520837,0,vm_fail,0.004609133624304412,0.004763177946539902,0,vm_fail,0.002182713087678729,0.0022009626895328933,0,vm_fail,3.2022912709543766e-05,0.00011876558058484369,0,QI-MRFO+CXM continue+elite|n100 m10 vm_fail lam=1.0|409
h11_event_elite,QI-MRFO+CXM continue+elite,n100 m10 vm_fail lam=1.0,vm_fail,100,10,410,20000,4000,6.553381681442261,0.0005543305277006976,0.011021490362964929,0.013349879760194442,1.006646348370239,0.125,0.001288659793814433,19.625,0.012348427543473818,1.0,,0.0005543305277006976,0.012170506241167759,0,vm_fail,0.02970325207489472,0.04365798766853355,1,vm_fail,0.03230776481105998,0.03230776481105998,0,vm_fail,0.008955594128545403,0.008955594128545403,0,vm_fail,0.010987448838237714,0.010987448838237716,0,vm_fail,0.0020106859466358547,0.0035480497199564544,0,vm_fail,0.002244424301763252,0.003926010072838007,0,vm_fail,0.0019307506394929373,0.0033512083322335415,0,vm_fail,3.200216308956645e-05,6.497451015088842e-05,0,QI-MRFO+CXM continue+elite|n100 m10 vm_fail lam=1.0|410
h11_event_elite,QI-MRFO+CXM continue+event-aware elite,n100 m10 vm_fail lam=1.0,vm_fail,100,10,401,20000,4000,6.268749952316284,0.0006964543523931145,0.009916250457480428,0.01032976664959512,1.0064370658223387,0.0,0.0,15.5,0.009916250457480428,1.0,,0.0006964543523931145,0.02062065328981568,0,vm_fail,0.0309483500698694,0.030948350069869398,0,vm_fail,0.020538771729864957,0.02053877172986495,0,vm_fail,0.004951858490463931,0.006712243144961785,0,vm_fail,0.013100182261335558,0.014237154573738853,0,vm_fail,0.0031958115020248212,0.003365659113004493,0,vm_fail,0.004786002611823492,0.004786002611823491,0,vm_fail,0.001679652836204676,0.0018462406348239107,0,vm_fail,0.00012937415825659308,0.00020371131867408736,0,QI-MRFO+CXM continue+event-aware elite|n100 m10 vm_fail lam=1.0|401
h11_event_elite,QI-MRFO+CXM continue+event-aware elite,n100 m10 vm_fail lam=1.0,vm_fail,100,10,402,20000,4000,6.401597023010254,0.0010080168741667527,0.011912743801553684,0.012057957321299655,1.0081858993647224,0.0,0.0,21.375,0.011912743801553684,1.0,,0.0010080168741667527,0.005665959367311206,0,vm_fail,0.03676889729419327,0.03676889729419327,0,vm_fail,0.026205925182247153,0.026205925182247146,0,vm_fail,0.023416272498900888,0.023416272498900888,0,vm_fail,0.004386693571205717,0.005222196117745088,0,vm_fail,0.0031163208399472985,0.003116320839947299,0,vm_fail,0.0013259053074510647,0.0013760778753479507,0,vm_fail,7.429679066021915e-05,0.0002854901199428883,0,vm_fail,7.638927823869675e-06,7.247864207271672e-05,0,QI-MRFO+CXM continue+event-aware elite|n100 m10 vm_fail lam=1.0|402
h11_event_elite,QI-MRFO+CXM continue+event-aware elite,n100 m10 vm_fail lam=1.0,vm_fail,100,10,403,20000,4000,6.530149221420288,0.0006038824825794654,0.0071526343055364535,0.007895850595700558,1.0037391773497053,0.0,0.0,18.0,0.0071526343055364535,1.0,,0.0006038824825794654,0.01101827496088413,0,vm_fail,0.01496846511414421,0.018555948476760713,0,vm_fail,0.02632256059748554,0.026322560597485542,0,vm_fail,0.005461916641650187,0.005461916641650188,0,vm_fail,0.0018501045508773132,0.0018501045508773132,0,vm_fail,0.00339105677484395,0.003486789599449272,0,vm_fail,0.0031630718197634597,0.0052393202014878485,0,vm_fail,0.002001886045359873,0.002188151797726478,0,vm_fail,6.201290016709524e-05,6.201290016709526e-05,0,QI-MRFO+CXM continue+event-aware elite|n100 m10 vm_fail lam=1.0|403
h11_event_elite,QI-MRFO+CXM continue+event-aware elite,n100 m10 vm_fail lam=1.0,vm_fail,100,10,404,20000,4000,6.287172079086304,0.0008216951124264346,0.010904211625932914,0.012726525724288009,1.007102573843828,0.125,0.001388888888888889,15.375,0.0123002135473833,1.0,,0.0008216951124264346,0.007337636637814061,0,vm_fail,0.043621861457722795,0.043621861457722795,0,vm_fail,0.01892604219356265,0.018926042193562653,0,vm_fail,0.013161414257358487,0.013161414257358485,0,vm_fail,0.005121383444278267,0.018778266567853148,1,vm_fail,0.0035356165872477184,0.003657368219243164,0,vm_fail,0.002604928889569411,0.0031727446509873694,0,vm_fail,3.0195717953735554e-05,3.0195717953735554e-05,0,vm_fail,0.00023225045977025123,0.00046431272962272984,0,QI-MRFO+CXM continue+event-aware elite|n100 m10 vm_fail lam=1.0|404
h11_event_elite,QI-MRFO+CXM continue+event-aware elite,n100 m10 vm_fail lam=1.0,vm_fail,100,10,405,20000,4000,6.574985504150391,0.0005619953188864004,0.008561857578002626,0.008823179179213462,1.0046587591115053,0.0,0.0,21.75,0.008561857578002626,1.0,,0.0005619953188864004,0.019383608402145334,0,vm_fail,0.023467090644225023,0.02346709064422502,0,vm_fail,0.018718523120260445,0.018718523120260445,0,vm_fail,0.011378154375191905,0.011378154375191908,0,vm_fail,0.00859387758262403,0.00954891458524405,0,vm_fail,0.0029998907027990874,0.003081365721973633,0,vm_fail,0.0022660216063870916,0.0029104222179008802,0,vm_fail,0.001067611609471578,0.0014419037202357914,0,vm_fail,3.6909830618342395e-06,3.9059048675962024e-05,0,QI-MRFO+CXM continue+event-aware elite|n100 m10 vm_fail lam=1.0|405
h11_event_elite,QI-MRFO+CXM continue+event-aware elite,n100 m10 vm_fail lam=1.0,vm_fail,100,10,406,20000,4000,6.573395013809204,0.00043881550914861303,0.008679781391232981,0.009812728736170985,1.0047776902721222,0.0,0.0,15.75,0.008679781391232981,1.0,,0.00043881550914861303,0.02156546017113554,0,vm_fail,0.02379125627420719,0.02379125627420719,0,vm_fail,0.018189554128888678,0.018189554128888674,0,vm_fail,0.017446786308312003,0.022437096171782436,0,vm_fail,0.0036444328653143197,0.005507758926997682,0,vm_fail,0.004214050533245096,0.0049325607195301385,0,vm_fail,0.0011580717648336436,0.0023098720944354557,0,vm_fail,0.0004629936936946203,0.0006408861686163622,0,vm_fail,0.000531105561368292,0.0006928454049099405,0,QI-MRFO+CXM continue+event-aware elite|n100 m10 vm_fail lam=1.0|406
h11_event_elite,QI-MRFO+CXM continue+event-aware elite,n100 m10 vm_fail lam=1.0,vm_fail,100,10,407,20000,4000,6.428003311157227,0.0007947279982161694,0.009489012748988017,0.013377782788523711,1.004635017675638,0.25,0.002631578947368421,14.125,0.012185708314148969,1.0,,0.0007947279982161694,0.013411488746943015,0,vm_fail,0.029752346279284754,0.04648818238035108,1,vm_fail,0.019736283243037916,0.031194219791190133,1,vm_fail,0.00797747298207623,0.008031107912518105,0,vm_fail,0.0076200045634221315,0.007620004563422132,0,vm_fail,0.009616363141080454,0.009847956015361998,0,vm_fail,0.0010532057117751024,0.0025788853062066633,0,vm_fail,0.0001527765439625067,0.0010959557032792066,0,vm_fail,3.649527265045782e-06,0.00016595063586037514,0,QI-MRFO+CXM continue+event-aware elite|n100 m10 vm_fail lam=1.0|407
h11_event_elite,QI-MRFO+CXM continue+event-aware elite,n100 m10 vm_fail lam=1.0,vm_fail,100,10,408,20000,4000,6.530238628387451,0.00101189805004771,0.007085444353748117,0.010268107778805706,1.0032315964915375,0.25,0.0026044492674986435,15.5,0.009726525691823527,1.0,,0.00101189805004771,0.014891943669681598,0,vm_fail,0.02178040188259821,0.033398510390909845,1,vm_fail,0.016928417805305844,0.016928417805305844,0,vm_fail,0.0059116712689273355,0.006294166623901129,0,vm_fail,0.0026137034143295583,0.005019345150388162,0,vm_fail,0.006509052206933488,0.017146999679510926,1,vm_fail,0.00173782119423766,0.0018035780654316726,0,vm_fail,0.0011858894341714773,0.0013379621781880353,0,vm_fail,1.6597623481356794e-05,0.00021588233681002825,0,QI-MRFO+CXM continue+event-aware elite|n100 m10 vm_fail lam=1.0|408
h11_event_elite,QI-MRFO+CXM continue+event-aware elite,n100 m10 vm_fail lam=1.0,vm_fail,100,10,409,20000,4000,6.314680099487305,0.0004398436053348557,0.006817455957985175,0.007103397889192998,1.002317294494814,0.0,0.0,21.75,0.006817455957985175,1.0,,0.0004398436053348557,0.00859590819914176,0,vm_fail,0.02631451420014803,0.026314514200148024,0,vm_fail,0.009193028813724118,0.009637095425935388,0,vm_fail,0.007319501221846794,0.0073195012218467935,0,vm_fail,0.0035018841918742455,0.003806871092104061,0,vm_fail,0.0013868496115955228,0.0026662949568520837,0,vm_fail,0.004609133624304412,0.004763177946539902,0,vm_fail,0.002182713087678729,0.0022009626895328933,0,vm_fail,3.2022912709543766e-05,0.00011876558058484369,0,QI-MRFO+CXM continue+event-aware elite|n100 m10 vm_fail lam=1.0|409
h11_event_elite,QI-MRFO+CXM continue+event-aware elite,n100 m10 vm_fail lam=1.0,vm_fail,100,10,410,20000,4000,6.360502243041992,0.0005543305277006976,0.011021490362964929,0.013349879760194442,1.006646348370239,0.125,0.001288659793814433,19.625,0.012348427543473818,1.0,,0.0005543305277006976,0.012170506241167759,0,vm_fail,0.02970325207489472,0.04365798766853355,1,vm_fail,0.03230776481105998,0.03230776481105998,0,vm_fail,0.008955594128545403,0.008955594128545403,0,vm_fail,0.010987448838237714,0.010987448838237716,0,vm_fail,0.0020106859466358547,0.0035480497199564544,0,vm_fail,0.002244424301763252,0.003926010072838007,0,vm_fail,0.0019307506394929373,0.0033512083322335415,0,vm_fail,3.200216308956645e-05,6.497451015088842e-05,0,QI-MRFO+CXM continue+event-aware elite|n100 m10 vm_fail lam=1.0|410
h11_event_elite,Chooser (cheaper of the two),n200 m20 lognormal mixed lam=0.05,mixed,200,20,401,20000,4000,0.07265734672546387,0.0037337218013993724,0.006859461951747366,0.0415101809269338,1.003681484938838,137.0,0.6907565789473684,1.25,0.0415101809269338,0.05,,0.0037337218013993724,0.0037337218013993724,0,vm_add,0.0040855472964867025,0.049771439698476985,182,drift,0.001855417584712927,0.04869215835679836,187,churn,0.02450809900036112,0.02450809900036112,0,drift,0.0028578545901278107,0.049741459292216364,187,churn,0.01079254504716123,0.01079254504716123,0,vm_fail,0.003951047768306692,0.05018563549447874,175,vm_add,0.0024720150317225553,0.04633016568936039,175,drift,0.004353169295099888,0.05205994483661724,190,Chooser (cheaper of the two)|n200 m20 lognormal mixed lam=0.05|401
h11_event_elite,Chooser (cheaper of the two),n200 m20 lognormal mixed lam=0.05,mixed,200,20,402,20000,4000,0.07105588912963867,0.002598130210532907,0.013254670187596677,0.0366653354978972,1.0099721146100311,88.75,0.466875,0.0,0.0366653354978972,0.05,,0.002598130210532907,0.002598130210532907,0,churn,0.004588888264067044,0.004588888264067044,0,vm_add,0.0036350859612727933,0.049551391144001,183,churn,0.005680745316375077,0.005680745316375077,0,drift,0.0018837623149262459,0.04922277008430649,189,churn,0.041788180291656055,0.041788180291656055,0,drift,0.0029878231498951403,0.05062974474951521,190,churn,0.0029856849875832974,0.04937377291825901,148,vm_add,0.04248719121499776,0.04248719121499776,0,Chooser (cheaper of the two)|n200 m20 lognormal mixed lam=0.05|402
h11_event_elite,Chooser (cheaper of the two),n200 m20 lognormal mixed lam=0.05,mixed,200,20,403,20000,4000,0.06536436080932617,0.0020906527791240827,0.010753525395274542,0.043796034665832706,1.0082103137302747,125.0,0.6592263296950797,3.25,0.043796034665832706,0.05,,0.0020906527791240827,0.0020906527791240827,0,vm_add,0.03139300694603048,0.03139300694603048,0,churn,0.0033080855004252833,0.05127875333841429,153,drift,0.0015964605267029038,0.048671494171457864,188,vm_fail,0.0019393934751482213,0.04227387675094262,157,vm_fail,0.002687477628755396,0.044420956427357716,154,vm_add,0.002566023416802222,0.04542572091787055,171,vm_fail,0.03990017134615521,0.03990017134615521,0,vm_add,0.0026375843221766323,0.047004297428432894,177,Chooser (cheaper of the two)|n200 m20 lognormal mixed lam=0.05|403
h11_event_elite,Chooser (cheaper of the two),n200 m20 lognormal mixed lam=0.05,mixed,200,20,404,20000,4000,0.07100868225097656,0.0021844609067147025,0.01166924558755722,0.04070603585374805,1.00823454533822,113.5,0.5788607138898128,2.5,0.04070603585374805,0.05,,0.0021844609067147025,0.0021844609067147025,0,vm_add,0.026267266656057373,0.026267266656057373,0,vm_fail,0.0032441488704014285,0.049091327716629427,170,drift,0.0035601764242392166,0.050727504716178345,188,churn,0.03912263246752041,0.03912263246752041,0,vm_fail,0.0034820609082098363,0.048483576010794616,174,vm_add,0.003484068966821628,0.05014607817377878,186,vm_add,0.002448224880368438,0.050064515562186045,190,vm_add,0.011745385526839429,0.011745385526839429,0,Chooser (cheaper of the two)|n200 m20 lognormal mixed lam=0.05|404
h11_event_elite,Chooser (cheaper of the two),n200 m20 lognormal mixed lam=0.05,mixed,200,20,405,20000,4000,0.06931018829345703,0.003888865398456303,0.007655238013393148,0.04237924467458458,1.0054429302356769,136.875,0.6928885135135135,1.875,0.04237924467458458,0.05,,0.003888865398456303,0.003888865398456303,0,churn,0.009050337367120588,0.009050337367120588,0,vm_fail,0.0013749568755991855,0.04684279275535614,168,drift,0.002808263617479626,0.05094306027111873,192,drift,0.0017727255631775924,0.04810471412047442,185,churn,0.03843308033300448,0.03843308033300448,0,vm_add,0.002598756582877137,0.04921959876398098,186,drift,0.002237604475757074,0.04808997488052289,183,drift,0.002966179292129495,0.04835039890509841,181,Chooser (cheaper of the two)|n200 m20 lognormal mixed lam=0.05|405
h11_event_elite,Chooser (cheaper of the two),n200 m20 lognormal mixed lam=0.05,mixed,200,20,406,20000,4000,0.06932306289672852,0.0,0.0005041622539039502,0.01212130850185978,1.0,46.375,0.231875,1.125,0.01212130850185978,0.05,,0.0,0.0,0,vm_add,0.0,0.0,0,vm_add,0.0,0.0,0,churn,0.0,0.0,0,vm_fail,0.0,0.0,0,vm_fail,0.0,0.0,0,vm_add,0.0,0.0,0,drift,0.0021172789742559535,0.04921679108604597,188,drift,0.0019160190569756487,0.04775367692883226,183,Chooser (cheaper of the two)|n200 m20 lognormal mixed lam=0.05|406
h11_event_elite,Chooser (cheaper of the two),n200 m20 lognormal mixed lam=0.05,mixed,200,20,407,20000,4000,0.07345962524414062,0.0023509575166861317,0.01721820857264075,0.04000741329620182,1.01428314356449,89.125,0.4545380434782609,2.375,0.04000741329620182,0.05,,0.0023509575166861317,0.0023509575166861317,0,vm_fail,0.0023455162852233937,0.04701526211967346,164,vm_add,0.002458040633629791,0.049072339523093506,186,vm_add,0.03106519157319062,0.03106519157319062,0,vm_add,0.0445481113268573,0.0445481113268573,0,vm_fail,0.03106519157319062,0.03106519157319062,0,vm_fail,0.020100839928464787,0.020100839928464787,0,drift,0.002909574134959711,0.04854195975810056,182,vm_add,0.003253203125609775,0.048650410567043695,181,Chooser (cheaper of the two)|n200 m20 lognormal mixed lam=0.05|407
h11_event_elite,Chooser (cheaper of the two),n200 m20 lognormal mixed lam=0.05,mixed,200,20,408,20000,4000,0.06779170036315918,0.0011665453378310311,0.00811465421355368,0.03190280911679454,1.0052557880735598,94.875,0.474375,0.0,0.03190280911679454,0.05,,0.0011665453378310311,0.0011665453378310311,0,churn,0.008622921409294259,0.008622921409294259,0,churn,0.013898288521709209,0.013898288521709209,0,vm_add,0.0014843108931947813,0.04880444458289824,189,vm_add,0.0037077772971415737,0.052136677551728496,193,drift,0.003522045517351427,0.05118934267942574,190,vm_add,0.02133473318118996,0.02133473318118996,0,drift,0.002971296675126129,0.049860204794688286,187,vm_add,0.009375860213422113,0.009375860213422113,0,Chooser (cheaper of the two)|n200 m20 lognormal mixed lam=0.05|408
h11_event_elite,Chooser (cheaper of the two),n200 m20 lognormal mixed lam=0.05,mixed,200,20,409,20000,4000,0.06567764282226562,0.0036996915389636543,0.007706780137010176,0.04732287035647872,1.003526476799259,156.5,0.7890746339065033,1.5,0.04732287035647872,0.05,,0.0036996915389636543,0.0036996915389636543,0,vm_add,0.004728593744132901,0.05144847335323502,186,drift,0.0041352074141734925,0.052082663568200245,191,churn,0.03265432716940996,0.03265432716940996,0,drift,0.0036940931018023203,0.05162048604741336,191,vm_fail,0.004604319311974682,0.05141572476682598,178,vm_add,0.0023082511586416214,0.04891558483751849,186,drift,0.004716287691488737,0.0499285206376056,180,vm_fail,0.00481316150445769,0.04051718247162109,140,Chooser (cheaper of the two)|n200 m20 lognormal mixed lam=0.05|409
h11_event_elite,Chooser (cheaper of the two),n200 m20 lognormal mixed lam=0.05,mixed,200,20,410,20000,4000,0.07018232345581055,0.0,0.01616253069328194,0.03365802918654711,1.015126175553652,69.0,0.3492389896373057,1.125,0.03365802918654711,0.05,,0.0,0.0,0,drift,0.002528036113537459,0.04964685381087365,188,churn,0.006814588217740419,0.006814588217740419,0,vm_add,0.003380212290686958,0.047779786684549776,177,vm_add,0.03885913630809689,0.03885913630809689,0,vm_add,0.03885913630809689,0.03885913630809689,0,vm_add,0.03885913630809689,0.03885913630809689,0,vm_fail,0.0,0.04844559585492239,187,vm_fail,0.0,0.0,0,Chooser (cheaper of the two)|n200 m20 lognormal mixed lam=0.05|410
h11_event_elite,QI-MRFO+CXM continue,n200 m20 lognormal mixed lam=0.05,mixed,200,20,401,20000,4000,10.403108358383179,0.0011780822576891081,0.01802490245213842,0.07155771220965976,1.014807095986037,82.125,0.4396915479274611,0.875,0.04030316468964269,0.05,,0.0011780822576891081,0.034391595322419304,0,vm_add,0.05550372221304875,0.05790340564919838,9,drift,0.012236465519662407,0.08512207041097772,114,churn,0.007723745769071857,0.06710996238205136,90,drift,0.013864417865401407,0.12597283671701023,125,churn,0.022196854256608268,0.09209602943835671,85,vm_fail,0.01072085126801198,0.04208796964283737,76,vm_add,0.012023680719741144,0.03705540367237908,62,drift,0.009929482005561556,0.06511401976446715,96,QI-MRFO+CXM continue|n200 m20 lognormal mixed lam=0.05|401
h11_event_elite,QI-MRFO+CXM continue,n200 m20 lognormal mixed lam=0.05,mixed,200,20,402,20000,4000,10.524214267730713,0.0009722410245489321,0.012184736150842061,0.06786376414931247,1.0089045586198249,82.75,0.45953125,0.0,0.035433753076264514,0.05,,0.0009722410245489321,0.028618772428935447,0,churn,0.014497301635368186,0.07330710107686118,80,vm_add,0.02037833935904487,0.04922328755212993,51,churn,0.01421160613197961,0.061169947366386826,71,drift,0.017401078260590525,0.08623262752766442,124,churn,0.008564646603318482,0.06719401875354147,69,drift,0.0058632373501631176,0.11183820949753104,129,churn,0.009102278671634515,0.05627855515559753,73,vm_add,0.007459401194637186,0.0376663662647874,65,QI-MRFO+CXM continue|n200 m20 lognormal mixed lam=0.05|402
h11_event_elite,QI-MRFO+CXM continue,n200 m20 lognormal mixed lam=0.05,mixed,200,20,403,20000,4000,10.36126184463501,0.0014377334539900227,0.013347880272607391,0.04908114303309658,1.0107965595326398,59.5,0.31500728413838724,4.375,0.029301495454379982,0.05,,0.0014377334539900227,0.04454483058639003,0,vm_add,0.02873721298439882,0.0346279922737935,22,churn,0.013717960488381791,0.07453308122114036,76,drift,0.017370115652457944,0.11237590990991124,106,vm_fail,0.006393092024678102,0.02241716242347317,37,vm_fail,0.009386714737894881,0.035502050760315956,53,vm_add,0.01396051434408217,0.03778874279060054,55,vm_fail,0.006878293855932762,0.024188721644059222,47,vm_add,0.010339138093032652,0.051215483241478656,80,QI-MRFO+CXM continue|n200 m20 lognormal mixed lam=0.05|403
h11_event_elite,QI-MRFO+CXM continue,n200 m20 lognormal mixed lam=0.05,mixed,200,20,404,20000,4000,10.330954313278198,0.001459885106468843,0.042558312370219724,0.08653361986819907,1.0390353449434075,68.25,0.3595676256613757,2.375,0.06117675352139862,0.05,,0.001459885106468843,0.03508484805790958,0,vm_add,0.02506002997815976,0.028942791442500004,15,vm_fail,0.006520624216961239,0.03244746209964087,64,drift,0.029818784514647423,0.08151389429905452,104,churn,0.028980737039007803,0.13065583995710062,91,vm_fail,0.010222424263540858,0.03920869790716123,68,vm_add,0.06985382240832702,0.10287001258374709,60,vm_add,0.14393456480434097,0.17185422711967066,39,vm_add,0.026075511736772722,0.10477603353671759,105,QI-MRFO+CXM continue|n200 m20 lognormal mixed lam=0.05|404
h11_event_elite,QI-MRFO+CXM continue,n200 m20 lognormal mixed lam=0.05,mixed,200,20,405,20000,4000,10.38439130783081,0.0018851159019129798,0.011289571187851937,0.08214227464678647,1.0090696449122534,96.625,0.5161761675824177,2.25,0.03740006275055287,0.05,,0.0018851159019129798,0.03573948394384279,0,churn,0.030841949144088856,0.12138988324695965,95,vm_fail,0.011980566373440287,0.04080366433514531,62,drift,0.01080258674477517,0.05768594266119087,88,drift,0.005255474785610704,0.08580242316542948,120,churn,0.005502904438233027,0.07761002100427616,92,vm_add,0.006831346700498445,0.03538105990151242,67,drift,0.013342882912437687,0.1681775477645483,141,drift,0.005758858403731321,0.07028765509522959,108,QI-MRFO+CXM continue|n200 m20 lognormal mixed lam=0.05|405
h11_event_elite,QI-MRFO+CXM continue,n200 m20 lognormal mixed lam=0.05,mixed,200,20,406,20000,4000,10.327916622161865,0.01439158961859261,0.02037975907139386,0.05027333669199024,1.0198572255452403,38.5,0.1985387723751002,1.625,0.030625932983329125,0.05,,0.01439158961859261,0.034244975525746235,0,vm_add,0.01439158961859261,0.020371709216243802,13,vm_add,0.01439158961859261,0.01602652757837569,6,churn,0.01439158961859261,0.031844276407701,36,vm_fail,0.01439158961859261,0.01799048273508113,12,vm_fail,0.01439158961859261,0.014906509207231383,2,vm_add,0.01439158961859261,0.016420372797829798,8,drift,0.04216492780006272,0.16856924522548192,130,drift,0.03452360705953251,0.11605757036797718,101,QI-MRFO+CXM continue|n200 m20 lognormal mixed lam=0.05|406
h11_event_elite,QI-MRFO+CXM continue,n200 m20 lognormal mixed lam=0.05,mixed,200,20,407,20000,4000,10.058007717132568,0.001282611963826846,0.054570095175317884,0.0809409485895147,1.0515263987921637,51.375,0.2620016013025821,2.75,0.06809665443612797,0.05,,0.001282611963826846,0.05523409555599096,0,vm_fail,0.005026638075259705,0.040176179229429496,85,vm_add,0.1276733662892474,0.12936595605290008,6,vm_add,0.0985417884771417,0.12722463440191495,59,vm_add,0.10131279943746464,0.11415791297416845,38,vm_fail,0.012241857044128123,0.05627067653265794,65,vm_fail,0.0060799794774581166,0.020457411444043137,44,drift,0.010679606551399856,0.08278731826990403,107,vm_add,0.07500472605044357,0.07708749981109951,7,QI-MRFO+CXM continue|n200 m20 lognormal mixed lam=0.05|407
h11_event_elite,QI-MRFO+CXM continue,n200 m20 lognormal mixed lam=0.05,mixed,200,20,408,20000,4000,10.368873834609985,0.0012202311824221297,0.0413205002855052,0.084102285013025,1.0383747100057446,67.75,0.35984375,0.0,0.059847230157648965,0.05,,0.0012202311824221297,0.020564466408802936,0,churn,0.008640706670074645,0.052513071856401194,66,churn,0.008170787631189034,0.04799282725136149,69,vm_add,0.102405655090954,0.10341712118963088,3,vm_add,0.05867231710772555,0.14108141413703554,96,drift,0.049806517142689244,0.13233282619558573,107,vm_add,0.06844076208115936,0.07284673347747071,15,drift,0.021746107849830304,0.08041113090300384,114,vm_add,0.012681148710419466,0.04222315509371064,72,QI-MRFO+CXM continue|n200 m20 lognormal mixed lam=0.05|408
h11_event_elite,QI-MRFO+CXM continue,n200 m20 lognormal mixed lam=0.05,mixed,200,20,409,20000,4000,10.665231227874756,0.0015025591475930817,0.03096147404945366,0.07799371421725709,1.0266917871749295,70.875,0.36788352272727265,1.25,0.04984015054980883,0.05,,0.0015025591475930817,0.055490643669426444,0,vm_add,0.06329223836336742,0.0651544271525051,7,drift,0.04138745287333053,0.0887587757230266,94,churn,0.01954077871535064,0.07097786259131789,74,drift,0.014393385741085077,0.09280183398815992,113,vm_fail,0.01522794409010269,0.046459589969108504,66,vm_add,0.05722552210073478,0.10449542142508658,59,drift,0.024272821731399427,0.12962791828399392,118,vm_fail,0.012351648780258686,0.025673884604858258,36,QI-MRFO+CXM continue|n200 m20 lognormal mixed lam=0.05|409
h11_event_elite,QI-MRFO+CXM continue,n200 m20 lognormal mixed lam=0.05,mixed,200,20,410,20000,4000,10.8391273021698,0.015671586889975955,0.010584557892123064,0.05286116604776918,1.0095206077595595,48.875,0.2552043370405326,0.5,0.023461095017796498,0.05,,0.015671586889975955,0.022430123367052655,0,drift,0.01693663678209328,0.22220823466281556,142,churn,0.008254553734458981,0.04823170405615908,68,vm_add,0.05711369693151195,0.05896464828455225,7,vm_add,0.0023715756889203083,0.047989165889568794,91,vm_add,0.0,0.003782391790013795,15,vm_add,0.0,0.001749999999999861,7,vm_fail,0.0,0.03945556948584618,59,vm_fail,0.0,0.0005076142131979224,2,QI-MRFO+CXM continue|n200 m20 lognormal mixed lam=0.05|410
h11_event_elite,QI-MRFO+CXM continue+elite,n200 m20 lognormal mixed lam=0.05,mixed,200,20,401,20000,4000,11.06125545501709,0.0011780822576891081,0.0256040353071028,0.07334602203180132,1.0223647373519045,69.125,0.37054889896373056,0.875,0.04440953236437704,0.05,,0.0011780822576891081,0.034391595322419304,0,vm_add,0.05570865952371797,0.05570865952371797,0,drift,0.01803306672672744,0.09523245183928926,123,churn,0.011146940815739201,0.0921432493871291,94,drift,0.008893018653277497,0.08650028922745076,119,churn,0.010458977965179772,0.046585670231705886,60,vm_fail,0.011548090563077987,0.026431853214347156,38,vm_add,0.06322505167250819,0.0632250516725082,0,drift,0.025818476536594314,0.12094095115826217,119,QI-MRFO+CXM continue+elite|n200 m20 lognormal mixed lam=0.05|401
h11_event_elite,QI-MRFO+CXM continue+elite,n200 m20 lognormal mixed lam=0.05,mixed,200,20,402,20000,4000,10.905109405517578,0.0009722410245489321,0.029042618927837775,0.08419130129729033,1.0257083760300318,72.75,0.4153125,0.0,0.05015596253057744,0.05,,0.0009722410245489321,0.028618772428935447,0,churn,0.008066694780868317,0.0701918453590225,88,vm_add,0.05404236843744792,0.054042368437447925,0,churn,0.011120253433392954,0.07540795638714387,78,drift,0.007909158659371656,0.0914316836644933,130,churn,0.01681176465092751,0.07755323418858374,82,drift,0.022706665996513154,0.101461567833112,122,churn,0.03545194534639202,0.1272096543907307,82,vm_add,0.07623210011778866,0.07623210011778866,0,QI-MRFO+CXM continue+elite|n200 m20 lognormal mixed lam=0.05|402
h11_event_elite,QI-MRFO+CXM continue+elite,n200 m20 lognormal mixed lam=0.05,mixed,200,20,403,20000,4000,10.512304782867432,0.0014377334539900227,0.033356691329043564,0.05512455413221908,1.0307539781113868,38.0,0.20556593258067907,3.75,0.043859034518777845,0.05,,0.0014377334539900227,0.04454483058639003,0,vm_add,0.03072099546266259,0.030720995462662583,0,churn,0.018469670527260156,0.07981293976316908,83,drift,0.01441438997117361,0.07733947671880068,107,vm_fail,0.007945382340207786,0.021014739646062697,36,vm_fail,0.009443682099535871,0.01873375914502494,22,vm_add,0.07296473108315919,0.07296473108315919,0,vm_fail,0.023250261863994436,0.03889684550655053,28,vm_add,0.08964441728435486,0.10151294573232297,28,QI-MRFO+CXM continue+elite|n200 m20 lognormal mixed lam=0.05|403
h11_event_elite,QI-MRFO+CXM continue+elite,n200 m20 lognormal mixed lam=0.05,mixed,200,20,404,20000,4000,10.560450553894043,0.001459885106468843,0.0827925385188248,0.10298680554975741,1.0791547253882945,33.75,0.18334118716931214,2.375,0.09204383161404843,0.05,,0.001459885106468843,0.03508484805790958,0,vm_add,0.025525279072922555,0.025525279072922555,0,vm_fail,0.013092075848699375,0.02659755006083006,31,drift,0.012647051003005845,0.07873357546880914,122,churn,0.004858437769562268,0.0750212153570081,80,vm_fail,0.0061548991888588376,0.01795425917093992,37,vm_add,0.12065885132673132,0.12065885132673132,0,vm_add,0.23397961296246975,0.23397961296246977,0,vm_add,0.24542410097834838,0.24542410097834833,0,QI-MRFO+CXM continue+elite|n200 m20 lognormal mixed lam=0.05|404
h11_event_elite,QI-MRFO+CXM continue+elite,n200 m20 lognormal mixed lam=0.05,mixed,200,20,405,20000,4000,10.232831954956055,0.0018851159019129798,0.016515475741930376,0.08088952959467627,1.0142793945697106,90.25,0.48244087837837835,1.875,0.04086865590458455,0.05,,0.0018851159019129798,0.03573948394384279,0,churn,0.006766165980176825,0.07546900449215853,91,vm_fail,0.007984750124333176,0.042769291431067495,79,drift,0.011878627479289623,0.08504993071122227,135,drift,0.01380922827092918,0.10827210613861653,125,churn,0.008302262555571985,0.062452512395340935,83,vm_add,0.06452738844113245,0.06452738844113245,0,drift,0.004611071138983346,0.14708224589197946,127,drift,0.014244311945026423,0.06149375725589247,82,QI-MRFO+CXM continue+elite|n200 m20 lognormal mixed lam=0.05|405
h11_event_elite,QI-MRFO+CXM continue+elite,n200 m20 lognormal mixed lam=0.05,mixed,200,20,406,20000,4000,10.742471694946289,0.01439158961859261,0.026854651737195336,0.0478982968918748,1.0263160588723095,32.625,0.16796875,1.5,0.03575781082817571,0.05,,0.01439158961859261,0.034244975525746235,0,vm_add,0.01439158961859261,0.014391589618592611,0,vm_add,0.01439158961859261,0.014391589618592611,0,churn,0.01439158961859261,0.03007242266964883,31,vm_fail,0.01439158961859261,0.014391589618592611,0,vm_fail,0.01439158961859261,0.014391589618592611,0,vm_add,0.001441485269900603,0.004590783780466228,8,drift,0.06536849445555769,0.15077463595936716,122,drift,0.07606928607914135,0.14018217425114576,100,QI-MRFO+CXM continue+elite|n200 m20 lognormal mixed lam=0.05|406
h11_event_elite,QI-MRFO+CXM continue+elite,n200 m20 lognormal mixed lam=0.05,mixed,200,20,407,20000,4000,10.140111207962036,0.001282611963826846,0.05787739068676525,0.07657297649663733,1.0548210697629476,28.875,0.14609203296703296,2.0,0.06534270465908422,0.05,,0.001282611963826846,0.05523409555599096,0,vm_fail,0.008563865440085042,0.02508767054336427,45,vm_add,0.04824006616111445,0.07319155901309266,55,vm_add,0.07815369902959049,0.07815369902959049,0,vm_add,0.0922523805920579,0.0922523805920579,0,vm_fail,0.07815369902959049,0.07815369902959049,0,vm_fail,0.06511438181997986,0.0665779343487885,5,drift,0.013871965913726548,0.1204978019086372,126,vm_add,0.07866906750797721,0.07866906750797718,0,QI-MRFO+CXM continue+elite|n200 m20 lognormal mixed lam=0.05|407
h11_event_elite,QI-MRFO+CXM continue+elite,n200 m20 lognormal mixed lam=0.05,mixed,200,20,408,20000,4000,10.367445230484009,0.0012202311824221297,0.05812951442558992,0.1103754760700108,1.0551238916027317,54.25,0.29421875,0.0,0.07312950284987801,0.05,,0.0012202311824221297,0.020564466408802936,0,churn,0.011844613884156495,0.05769815972983764,66,churn,0.030644581575973884,0.0955751201592244,81,vm_add,0.12713537050389803,0.12713537050389806,0,vm_add,0.22325405656283726,0.2232540565628372,0,drift,0.02184257017094145,0.2377687650605373,139,vm_add,0.017690212384411104,0.033078617851843045,33,drift,0.013374246523572409,0.08873169443371369,113,vm_add,0.01925046379892876,0.019762024258195086,2,QI-MRFO+CXM continue+elite|n200 m20 lognormal mixed lam=0.05|408
h11_event_elite,QI-MRFO+CXM continue+elite,n200 m20 lognormal mixed lam=0.05,mixed,200,20,409,20000,4000,10.683539390563965,0.0015025591475930817,0.03185023465702531,0.07825517293261655,1.0275894103910612,59.0,0.30627736175115206,2.25,0.047410618687116865,0.05,,0.0015025591475930817,0.055490643669426444,0,vm_add,0.06329223836336742,0.06329223836336742,0,drift,0.012090643947905596,0.0988708013160241,118,churn,0.013987404748679554,0.05686026380820169,62,drift,0.012667855366973894,0.09574030785471953,116,vm_fail,0.007002539812503317,0.01898441186612323,30,vm_add,0.10978221945197524,0.10978221945197524,0,drift,0.026916404573642562,0.16809081669395573,132,vm_fail,0.009062570991154872,0.014420324106565458,14,QI-MRFO+CXM continue+elite|n200 m20 lognormal mixed lam=0.05|409
h11_event_elite,QI-MRFO+CXM continue+elite,n200 m20 lognormal mixed lam=0.05,mixed,200,20,410,20000,4000,10.654460668563843,0.015671586889975955,0.09488986659767978,0.14846955361812167,1.093812438232626,37.75,0.20037833121827414,0.875,0.10525743129311357,0.05,,0.015671586889975955,0.022430123367052655,0,drift,0.0661541301255938,0.25541048903213365,144,churn,0.005493873578681795,0.05530459927203846,69,vm_add,0.05421923660429613,0.054219236604296124,0,vm_add,0.0914957981061288,0.09149579810612883,0,vm_add,0.0914957981061288,0.09149579810612883,0,vm_add,0.0914957981061288,0.09149579810612883,0,vm_fail,0.34596262977425324,0.3459626297742532,0,vm_fail,0.012801668380226922,0.20237207994386547,89,QI-MRFO+CXM continue+elite|n200 m20 lognormal mixed lam=0.05|410
h11_event_elite,QI-MRFO+CXM continue+event-aware elite,n200 m20 lognormal mixed lam=0.05,mixed,200,20,401,20000,4000,10.95400333404541,0.0011780822576891081,0.027241660797710673,0.07763380128813085,1.0239974627465007,73.25,0.3905208333333334,0.625,0.04720232112899818,0.05,,0.0011780822576891081,0.034391595322419304,0,vm_add,0.05550372221304875,0.05790340564919838,9,drift,0.008211433674689994,0.07957693115919053,122,churn,0.009664625530482038,0.064039539647019,71,drift,0.052787193696876594,0.14162262997973973,111,churn,0.017448001125933567,0.09550318313481358,79,vm_fail,0.008274883505800357,0.026498521040387444,52,vm_add,0.047217392331047596,0.058799039957359515,30,drift,0.018826034303806513,0.09712715973733871,112,QI-MRFO+CXM continue+event-aware elite|n200 m20 lognormal mixed lam=0.05|401
h11_event_elite,QI-MRFO+CXM continue+event-aware elite,n200 m20 lognormal mixed lam=0.05,mixed,200,20,402,20000,4000,10.601853847503662,0.0009722410245489321,0.0184118709894186,0.07027459835655057,1.015114158606714,83.75,0.46921875,0.0,0.0422965098653429,0.05,,0.0009722410245489321,0.028618772428935447,0,churn,0.008066694780868317,0.0701918453590225,88,vm_add,0.01646216504058271,0.0356188756271159,58,churn,0.012648828526620151,0.04806767426499471,59,drift,0.01421285036789082,0.08812344249405168,116,churn,0.008981614729766772,0.06447824213473569,96,drift,0.029204028281334563,0.09973308730818274,116,churn,0.032077405206404515,0.10303749268088118,80,vm_add,0.025641380981880943,0.0529461269834202,57,QI-MRFO+CXM continue+event-aware elite|n200 m20 lognormal mixed lam=0.05|402
h11_event_elite,QI-MRFO+CXM continue+event-aware elite,n200 m20 lognormal mixed lam=0.05,mixed,200,20,403,20000,4000,10.528332471847534,0.0014377334539900227,0.014542016652095263,0.04545543845032859,1.0119886148467527,52.75,0.2777108775691127,3.0,0.02861293772674551,0.05,,0.0014377334539900227,0.04454483058639003,0,vm_add,0.02873721298439882,0.0346279922737935,22,churn,0.01224087019523842,0.08260881470030103,79,drift,0.01587944492292377,0.09678938807417527,116,vm_fail,0.008715600310660142,0.020660707874893602,29,vm_fail,0.011872479701962063,0.022440368621282302,28,vm_add,0.007899473533532417,0.04036400033800938,73,vm_fail,0.01710936202133153,0.018451629451282814,5,vm_add,0.013881689546714935,0.04770060626889077,70,QI-MRFO+CXM continue+event-aware elite|n200 m20 lognormal mixed lam=0.05|403
h11_event_elite,QI-MRFO+CXM continue+event-aware elite,n200 m20 lognormal mixed lam=0.05,mixed,200,20,404,20000,4000,10.216578245162964,0.001459885106468843,0.01252215491801759,0.049552921331181055,1.0090853384626461,63.375,0.32943296032431396,2.25,0.029188671218318626,0.05,,0.001459885106468843,0.03508484805790958,0,vm_add,0.02506002997815976,0.028942791442500004,15,vm_fail,0.007314894380414608,0.020744217214215793,35,drift,0.012108486085363931,0.08011365644601863,120,churn,0.00994074965665417,0.07028230166665231,67,vm_fail,0.0090130653504773,0.020487013677529416,36,vm_add,0.016727557008208445,0.06961078110274262,87,vm_add,0.011644419036598495,0.07164966014382132,86,vm_add,0.008368037848264008,0.03459294895596832,61,QI-MRFO+CXM continue+event-aware elite|n200 m20 lognormal mixed lam=0.05|404
h11_event_elite,QI-MRFO+CXM continue+event-aware elite,n200 m20 lognormal mixed lam=0.05,mixed,200,20,405,20000,4000,10.208593845367432,0.0018851159019129798,0.010126340966604103,0.07864011307105859,1.0079073768519828,98.75,0.5249408783783784,1.875,0.03664919893972332,0.05,,0.0018851159019129798,0.03573948394384279,0,churn,0.006766165980176825,0.07546900449215853,91,vm_fail,0.007984750124333176,0.042769291431067495,79,drift,0.011878627479289623,0.08504993071122227,135,drift,0.01380922827092918,0.10827210613861653,125,churn,0.008302262555571985,0.062452512395340935,83,vm_add,0.0074125328260116995,0.038985176006517824,63,drift,0.013776766149655844,0.15353548230190486,128,drift,0.0110803943468645,0.0625874010916402,86,QI-MRFO+CXM continue+event-aware elite|n200 m20 lognormal mixed lam=0.05|405
h11_event_elite,QI-MRFO+CXM continue+event-aware elite,n200 m20 lognormal mixed lam=0.05,mixed,200,20,406,20000,4000,9.995107650756836,0.01439158961859261,0.01921090707266322,0.05948186579795751,1.0186905492003429,37.625,0.193125,1.75,0.029163727421054112,0.05,,0.01439158961859261,0.034244975525746235,0,vm_add,0.01439158961859261,0.020371709216243802,13,vm_add,0.01439158961859261,0.01602652757837569,6,churn,0.01439158961859261,0.030652891375223753,32,vm_fail,0.01439158961859261,0.014391589618592611,0,vm_fail,0.01439158961859261,0.014391589618592611,0,vm_add,0.01439158961859261,0.016378106481595676,7,drift,0.044543810677483274,0.2443102724305516,138,drift,0.02279390819226683,0.11933224006448427,105,QI-MRFO+CXM continue+event-aware elite|n200 m20 lognormal mixed lam=0.05|406
h11_event_elite,QI-MRFO+CXM continue+event-aware elite,n200 m20 lognormal mixed lam=0.05,mixed,200,20,407,20000,4000,10.48839783668518,0.001282611963826846,0.009612095028779783,0.040656090927088336,1.0067019995443718,56.125,0.2829345062767375,2.625,0.023893899863483965,0.05,,0.001282611963826846,0.05523409555599096,0,vm_fail,0.008563865440085042,0.02508767054336427,45,vm_add,0.009013557711776385,0.06866279756945898,95,vm_add,0.009765687293037896,0.02510286699128033,43,vm_add,0.009605303632945301,0.022595163193115598,38,vm_fail,0.010679698700719413,0.015299767845110678,15,vm_fail,0.006644313939951947,0.01647512249029191,30,drift,0.0068487509598562715,0.0969622101614222,110,vm_add,0.01577558255186601,0.055063128622662716,73,QI-MRFO+CXM continue+event-aware elite|n200 m20 lognormal mixed lam=0.05|407
h11_event_elite,QI-MRFO+CXM continue+event-aware elite,n200 m20 lognormal mixed lam=0.05,mixed,200,20,408,20000,4000,10.559029817581177,0.0012202311824221297,0.020445103174618624,0.06738528886021153,1.0175468586500398,77.25,0.40921874999999996,0.0,0.04133628740559289,0.05,,0.0012202311824221297,0.020564466408802936,0,churn,0.011844613884156495,0.05769815972983764,66,churn,0.030644581575973884,0.0955751201592244,81,vm_add,0.013228041421565074,0.053624318303535694,76,vm_add,0.03858922107847447,0.07861728973028198,77,drift,0.01749388976188885,0.10254943443426136,112,vm_add,0.02045354144913232,0.038830972296226465,54,drift,0.020809538215614147,0.08115677149852728,102,vm_add,0.010497398010143736,0.031030244729797485,50,QI-MRFO+CXM continue+event-aware elite|n200 m20 lognormal mixed lam=0.05|408
h11_event_elite,QI-MRFO+CXM continue+event-aware elite,n200 m20 lognormal mixed lam=0.05,mixed,200,20,409,20000,4000,10.969300031661987,0.0015025591475930817,0.028487770756789096,0.06692830773442411,1.0242315136128024,61.25,0.3175908866239433,2.125,0.044785665977996436,0.05,,0.0015025591475930817,0.055490643669426444,0,vm_add,0.06329223836336742,0.0651544271525051,7,drift,0.04138745287333053,0.0887587757230266,94,churn,0.014402655758147982,0.0562567857537635,67,drift,0.016759455819481538,0.09434228061833695,109,vm_fail,0.011532618136397242,0.022840554237661678,21,vm_add,0.06293908151099063,0.09068904635233575,63,drift,0.014682414787445716,0.11217469579945843,121,vm_fail,0.0029062488051517085,0.005209896238304857,8,QI-MRFO+CXM continue+event-aware elite|n200 m20 lognormal mixed lam=0.05|409
h11_event_elite,QI-MRFO+CXM continue+event-aware elite,n200 m20 lognormal mixed lam=0.05,mixed,200,20,410,20000,4000,10.388270616531372,0.015671586889975955,0.016443193712811544,0.06512217506658875,1.0153741558389158,49.875,0.2604263505025126,0.25,0.029843740721417794,0.05,,0.015671586889975955,0.022430123367052655,0,drift,0.0661541301255938,0.25541048903213365,144,churn,0.005493873578681795,0.05530459927203846,69,vm_add,0.03429420923776291,0.056362014980935134,30,vm_add,0.0,0.019168734377332484,56,vm_add,0.0,0.0022500000000000337,9,vm_add,0.0,0.0012499999999999861,5,vm_fail,0.012801668380226922,0.11842989449004337,86,vm_fail,0.012801668380226922,0.012801668380226918,0,QI-MRFO+CXM continue+event-aware elite|n200 m20 lognormal mixed lam=0.05|410
h11_event_elite,Chooser (cheaper of the two),n200 m20 lognormal mixed lam=0.2,mixed,200,20,401,20000,4000,0.06879615783691406,0.0037337218013993724,0.033115947353877205,0.10382888342379515,1.0298531182382127,70.5,0.3525,1.25,0.10382888342379515,0.2,,0.0037337218013993724,0.0037337218013993724,0,vm_add,0.0584034955820864,0.0584034955820864,0,drift,0.001855417584712927,0.19120609150822385,189,churn,0.02450809900036112,0.02450809900036112,0,drift,0.0028578545901278107,0.19039227339848175,187,churn,0.01079254504716123,0.01079254504716123,0,vm_fail,0.0541517711166325,0.0541517711166325,0,vm_add,0.10800522661483575,0.10800522661483575,0,drift,0.004353169295099888,0.1931715651225787,188,Chooser (cheaper of the two)|n200 m20 lognormal mixed lam=0.2|401
h11_event_elite,Chooser (cheaper of the two),n200 m20 lognormal mixed lam=0.2,mixed,200,20,402,20000,4000,0.06471371650695801,0.002598130210532907,0.04013346940644967,0.0864968148583455,1.0367638234570804,46.25,0.23125,0.0,0.0864968148583455,0.2,,0.002598130210532907,0.002598130210532907,0,churn,0.004588888264067044,0.004588888264067044,0,vm_add,0.050405946921971444,0.050405946921971444,0,churn,0.032154452586816956,0.032154452586816956,0,drift,0.0018837623149262459,0.18222283953161286,180,churn,0.041788180291656055,0.041788180291656055,0,drift,0.0029878231498951403,0.1935555095483751,190,churn,0.07250953689727023,0.07250953689727023,0,vm_add,0.11474916482499425,0.11474916482499425,0,Chooser (cheaper of the two)|n200 m20 lognormal mixed lam=0.2|402
h11_event_elite,Chooser (cheaper of the two),n200 m20 lognormal mixed lam=0.2,mixed,200,20,403,20000,4000,0.06957674026489258,0.0020906527791240827,0.06857752256489519,0.11229351119317985,1.0658900616164066,43.625,0.218125,3.375,0.11229351119317985,0.2,,0.0020906527791240827,0.0020906527791240827,0,vm_add,0.03139300694603048,0.03139300694603048,0,churn,0.07473626194607443,0.07473626194607443,0,drift,0.0015964605267029038,0.18689180572414307,185,vm_fail,0.04326925046060661,0.04326925046060661,0,vm_fail,0.09509778653961402,0.09509778653961402,0,vm_add,0.16400877322879634,0.16400877322879634,0,vm_fail,0.13588105654916005,0.13588105654916005,0,vm_add,0.0026375843221766323,0.1670701481510138,164,Chooser (cheaper of the two)|n200 m20 lognormal mixed lam=0.2|403
h11_event_elite,Chooser (cheaper of the two),n200 m20 lognormal mixed lam=0.2,mixed,200,20,404,20000,4000,0.06335806846618652,0.0021844609067147025,0.0546466385988137,0.10181218787893583,1.0510841326652325,47.0,0.235,2.5,0.10181218787893583,0.2,,0.0021844609067147025,0.0021844609067147025,0,vm_add,0.026267266656057373,0.026267266656057373,0,vm_fail,0.06862045651505068,0.06862045651505068,0,drift,0.0035601764242392166,0.19323304976842048,189,churn,0.03912263246752041,0.03912263246752041,0,vm_fail,0.07595835417685882,0.07595835417685882,0,vm_add,0.003484068966821628,0.19113558986361737,187,vm_add,0.10495614394309467,0.10495614394309467,0,vm_add,0.11520400964086679,0.11520400964086679,0,Chooser (cheaper of the two)|n200 m20 lognormal mixed lam=0.2|404
h11_event_elite,Chooser (cheaper of the two),n200 m20 lognormal mixed lam=0.2,mixed,200,20,405,20000,4000,0.07269644737243652,0.003888865398456303,0.01937268920460359,0.13470773535769848,1.017130009552578,113.375,0.5753885135135135,1.875,0.13470773535769848,0.2,,0.003888865398456303,0.003888865398456303,0,churn,0.009050337367120588,0.009050337367120588,0,vm_fail,0.0013749568755991855,0.18324630039462683,168,drift,0.002808263617479626,0.19534745023203565,192,drift,0.0017727255631775924,0.1871006797923655,185,churn,0.03843308033300448,0.03843308033300448,0,vm_add,0.09633836611256068,0.09633836611256068,0,drift,0.002237604475757074,0.18364261088586917,181,drift,0.002966179292129495,0.184503057744005,181,Chooser (cheaper of the two)|n200 m20 lognormal mixed lam=0.2|405
h11_event_elite,Chooser (cheaper of the two),n200 m20 lognormal mixed lam=0.2,mixed,200,20,406,20000,4000,0.06394100189208984,0.0,0.0005041622539039502,0.046972747245727295,1.0,46.375,0.231875,1.125,0.046972747245727295,0.2,,0.0,0.0,0,vm_add,0.0,0.0,0,vm_add,0.0,0.0,0,churn,0.0,0.0,0,vm_fail,0.0,0.0,0,vm_fail,0.0,0.0,0,vm_add,0.0,0.0,0,drift,0.0021172789742559535,0.19051532742141603,188,drift,0.0019160190569756487,0.1852666505444023,183,Chooser (cheaper of the two)|n200 m20 lognormal mixed lam=0.2|406
h11_event_elite,Chooser (cheaper of the two),n200 m20 lognormal mixed lam=0.2,mixed,200,20,407,20000,4000,0.07277989387512207,0.0023509575166861317,0.03352741624865774,0.07852299320924713,1.030546994115731,44.875,0.224375,2.375,0.07852299320924713,0.2,,0.0023509575166861317,0.0023509575166861317,0,vm_fail,0.06906631743301901,0.06906631743301901,0,vm_add,0.002458040633629791,0.17989311382578238,177,vm_add,0.03106519157319062,0.03106519157319062,0,vm_add,0.0445481113268573,0.0445481113268573,0,vm_fail,0.03106519157319062,0.03106519157319062,0,vm_fail,0.020100839928464787,0.020100839928464787,0,drift,0.002909574134959711,0.1854391166275223,182,vm_add,0.06700606338595008,0.06700606338595008,0,Chooser (cheaper of the two)|n200 m20 lognormal mixed lam=0.2|407
h11_event_elite,Chooser (cheaper of the two),n200 m20 lognormal mixed lam=0.2,mixed,200,20,408,20000,4000,0.0777289867401123,0.0011665453378310311,0.02153177279501526,0.09252247167447844,1.0186530209962554,70.75,0.35375,0.0,0.09252247167447844,0.2,,0.0011665453378310311,0.0011665453378310311,0,churn,0.008622921409294259,0.008622921409294259,0,churn,0.013898288521709209,0.013898288521709209,0,vm_add,0.1088212595448874,0.1088212595448874,0,vm_add,0.0037077772971415737,0.19340854720630135,189,drift,0.003522045517351427,0.19419123416564824,190,vm_add,0.02133473318118996,0.02133473318118996,0,drift,0.002971296675126129,0.19052692915337488,187,vm_add,0.009375860213422113,0.009375860213422113,0,Chooser (cheaper of the two)|n200 m20 lognormal mixed lam=0.2|408
h11_event_elite,Chooser (cheaper of the two),n200 m20 lognormal mixed lam=0.2,mixed,200,20,409,20000,4000,0.06984782218933105,0.0036996915389636543,0.05070164561209489,0.1223751377286946,1.0463725883011525,71.375,0.356875,1.5,0.1223751377286946,0.2,,0.0036996915389636543,0.0036996915389636543,0,vm_add,0.0656249271788503,0.0656249271788503,0,drift,0.0041352074141734925,0.19391676161545243,189,churn,0.03265432716940996,0.03265432716940996,0,drift,0.0036940931018023203,0.19539966488424673,191,vm_fail,0.06964502148733727,0.06964502148733727,0,vm_add,0.17881830386743355,0.17881830386743355,0,drift,0.004716287691488737,0.19661709864056312,191,vm_fail,0.04632499698626344,0.04632499698626344,0,Chooser (cheaper of the two)|n200 m20 lognormal mixed lam=0.2|409
h11_event_elite,Chooser (cheaper of the two),n200 m20 lognormal mixed lam=0.2,mixed,200,20,410,20000,4000,0.07179903984069824,0.0,0.04296687558513221,0.09007891601274773,1.0419085288658847,45.875,0.23526315789473684,1.5,0.09007891601274773,0.2,,0.0,0.0,0,drift,0.002528036113537459,0.1910033069028825,188,churn,0.006814588217740419,0.006814588217740419,0,vm_add,0.05560395193190429,0.05560395193190429,0,vm_add,0.09292947613929183,0.09292947613929183,0,vm_add,0.09292947613929183,0.09292947613929183,0,vm_add,0.09292947613929183,0.09292947613929183,0,vm_fail,0.0,0.1884210526315791,179,vm_fail,0.0,0.0,0,Chooser (cheaper of the two)|n200 m20 lognormal mixed lam=0.2|410
h11_event_elite,QI-MRFO+CXM continue,n200 m20 lognormal mixed lam=0.2,mixed,200,20,401,20000,4000,10.064913749694824,0.0011780822576891081,0.04006179266080072,0.12627384220107649,1.0367786852166283,53.0,0.2826302083333333,1.0,0.09864232865443079,0.2,,0.0011780822576891081,0.034391595322419304,0,vm_add,0.05550372221304875,0.06508209148969878,9,drift,0.025525410571628666,0.1605105872102121,95,churn,0.019210117399629613,0.11156687116825738,47,drift,0.026169436712322115,0.19017749118309984,95,churn,0.07562060231694752,0.19906264402617765,60,vm_fail,0.015775610783422114,0.06323072898712287,35,vm_add,0.06207267217407093,0.07639533537290552,13,drift,0.040616769115336016,0.14416498817113774,70,QI-MRFO+CXM continue|n200 m20 lognormal mixed lam=0.2|401
h11_event_elite,QI-MRFO+CXM continue,n200 m20 lognormal mixed lam=0.2,mixed,200,20,402,20000,4000,10.505898714065552,0.0009722410245489321,0.03797240580323095,0.1255249522490927,1.0346124108288608,49.375,0.27953125,0.0,0.09555419920295713,0.2,,0.0009722410245489321,0.028618772428935447,0,churn,0.007985989928194664,0.1280576342463666,66,vm_add,0.05395798281643995,0.06396940712288787,9,churn,0.0359019363383251,0.13173644446032995,46,drift,0.02789057638005058,0.1713571334662785,85,churn,0.031217577573557174,0.10654261606873201,43,drift,0.03435107970414575,0.17474312044996443,82,churn,0.038353851903611194,0.14253466674180726,54,vm_add,0.07412025178152316,0.08525859543637504,10,QI-MRFO+CXM continue|n200 m20 lognormal mixed lam=0.2|402
h11_event_elite,QI-MRFO+CXM continue,n200 m20 lognormal mixed lam=0.2,mixed,200,20,403,20000,4000,10.222347021102905,0.0014377334539900227,0.056335224417822766,0.10104316742398955,1.0536819772571522,31.375,0.16537657076719575,3.0,0.09120659840998674,0.2,,0.0014377334539900227,0.04454483058639003,0,vm_add,0.03071988190599841,0.04621105238329928,15,churn,0.049227918454953085,0.12033604180989489,39,drift,0.06909005225111321,0.19454847829989932,80,vm_fail,0.03345354968789049,0.0652539692686809,26,vm_fail,0.019335405172681494,0.07704620775825127,44,vm_add,0.0824296845399672,0.0911137226909356,8,vm_fail,0.055569787651255594,0.07426814548663502,15,vm_add,0.11085551567872261,0.1395677216943201,24,QI-MRFO+CXM continue|n200 m20 lognormal mixed lam=0.2|403
h11_event_elite,QI-MRFO+CXM continue,n200 m20 lognormal mixed lam=0.2,mixed,200,20,404,20000,4000,10.144292831420898,0.001459885106468843,0.042893272315453104,0.12419559559679638,1.0393685860587907,50.375,0.26674107142857145,2.375,0.09838030358480612,0.2,,0.001459885106468843,0.03508484805790958,0,vm_add,0.025359643901808872,0.03484979807835499,8,vm_fail,0.013924352504788332,0.07340625777066774,45,drift,0.036494305458746205,0.1918590046137173,95,churn,0.03168485471920025,0.20712631549781887,79,vm_fail,0.019248202366685657,0.06415463896716604,34,vm_add,0.019574557478227856,0.0905875830994087,56,vm_add,0.10985547268515418,0.13085721112476245,17,vm_add,0.08700478940901349,0.20072395562247486,69,QI-MRFO+CXM continue|n200 m20 lognormal mixed lam=0.2|404
h11_event_elite,QI-MRFO+CXM continue,n200 m20 lognormal mixed lam=0.2,mixed,200,20,405,20000,4000,10.332803726196289,0.0018851159019129798,0.023573213004477307,0.1590910565364425,1.0213250675291796,72.875,0.39026710893854744,2.625,0.103216567448318,0.2,,0.0018851159019129798,0.03573948394384279,0,churn,0.03780033075880347,0.19529683873989467,76,vm_fail,0.024000958548265765,0.0844398507693264,42,drift,0.012540562705868409,0.15442754258029992,81,drift,0.018259565767477576,0.1675498227212308,91,churn,0.009184648178884827,0.16081585199378123,70,vm_add,0.05138502035722796,0.07274710828932969,18,drift,0.01683901140437573,0.2879162856423862,122,drift,0.01857560631491472,0.1495351515552911,83,QI-MRFO+CXM continue|n200 m20 lognormal mixed lam=0.2|405
h11_event_elite,QI-MRFO+CXM continue,n200 m20 lognormal mixed lam=0.2,mixed,200,20,406,20000,4000,10.56916332244873,0.01439158961859261,0.02682504366610425,0.07734629159373621,1.0262869093460112,31.5,0.16308433489375132,1.25,0.061048432682999434,0.2,,0.01439158961859261,0.034244975525746235,0,vm_add,0.01439158961859261,0.030303586198968138,13,vm_add,0.01439158961859261,0.022683472385247632,8,churn,0.01439158961859261,0.06605077440795294,35,vm_fail,0.01439158961859261,0.018694532541960632,4,vm_fail,0.01439158961859261,0.01749686999497599,3,vm_add,0.001441485269900603,0.01434816800068595,11,drift,0.04932769049727438,0.22423279534977728,107,drift,0.09187322546869597,0.22496013387032104,71,QI-MRFO+CXM continue|n200 m20 lognormal mixed lam=0.2|406
h11_event_elite,QI-MRFO+CXM continue,n200 m20 lognormal mixed lam=0.2,mixed,200,20,407,20000,4000,10.034826040267944,0.001282611963826846,0.08448397522293172,0.12739270172293948,1.0813488287189905,29.875,0.1523278787925355,2.5,0.11668319182288686,0.2,,0.001282611963826846,0.05523409555599096,0,vm_fail,0.015696428981909944,0.09774489523772159,64,vm_add,0.09667287686197332,0.1473933478454517,33,vm_add,0.12631810054850817,0.1355063269622356,8,vm_add,0.14104661305277286,0.15131603257024767,9,vm_fail,0.08312644167166884,0.1199160176375416,23,vm_fail,0.06256204070774697,0.0888760104574722,21,drift,0.04364407773983918,0.1609550933206086,73,vm_add,0.10680522221903445,0.11743388975223706,8,QI-MRFO+CXM continue|n200 m20 lognormal mixed lam=0.2|407
h11_event_elite,QI-MRFO+CXM continue,n200 m20 lognormal mixed lam=0.2,mixed,200,20,408,20000,4000,10.528493404388428,0.0012202311824221297,0.07685718501759993,0.17563895104628213,1.0738076142798896,58.375,0.31046874999999996,0.0,0.1430638063016468,0.2,,0.0012202311824221297,0.020564466408802936,0,churn,0.019222025369974267,0.12489719733325125,53,churn,0.06611815673273456,0.2047909469533346,66,vm_add,0.15483069839925936,0.17111145220322868,14,vm_add,0.14469813215886823,0.24142283192782438,57,drift,0.04258914855638985,0.23348178829575783,114,vm_add,0.038609957323182245,0.08700884799883336,38,drift,0.07638980307243813,0.23758611664783935,97,vm_add,0.07239955852795273,0.10481242701018754,28,QI-MRFO+CXM continue|n200 m20 lognormal mixed lam=0.2|408
h11_event_elite,QI-MRFO+CXM continue,n200 m20 lognormal mixed lam=0.2,mixed,200,20,409,20000,4000,10.418855428695679,0.0015025591475930817,0.037987087047442386,0.11352301817675203,1.0337038262654512,47.5,0.24777916918378304,1.75,0.08885551821447205,0.2,,0.0015025591475930817,0.055490643669426444,0,vm_add,0.06329223836336742,0.07073671888452472,7,drift,0.02917715291287304,0.13937068592218352,73,churn,0.01680260455368905,0.11889144041880738,57,drift,0.0359502568826997,0.15919671183214987,81,vm_fail,0.014022806518994908,0.06380234160362425,39,vm_add,0.11639305397885609,0.13003318796986924,12,drift,0.017467164578070946,0.19580307704307523,97,vm_fail,0.01079141859098798,0.030349981739782036,14,QI-MRFO+CXM continue|n200 m20 lognormal mixed lam=0.2|409
h11_event_elite,QI-MRFO+CXM continue,n200 m20 lognormal mixed lam=0.2,mixed,200,20,410,20000,4000,10.31189489364624,0.015671586889975955,0.027627937287165803,0.09692847711069977,1.0265519259478684,38.0,0.19875084862443532,0.375,0.06871479769531609,0.2,,0.015671586889975955,0.022430123367052655,0,drift,0.052594884964923136,0.3528686089231992,111,churn,0.01706644131290344,0.10827951577508883,55,vm_add,0.05287441356623239,0.08089353430318423,26,vm_add,0.06753709458997223,0.09930869943145246,25,vm_add,0.030950663863295216,0.05678195187652161,20,vm_add,0.0,0.02163031647709305,19,vm_fail,0.0,0.05364498807885663,46,vm_fail,0.0,0.0020202020202020623,2,QI-MRFO+CXM continue|n200 m20 lognormal mixed lam=0.2|410
h11_event_elite,QI-MRFO+CXM continue+elite,n200 m20 lognormal mixed lam=0.2,mixed,200,20,401,20000,4000,10.035263299942017,0.0011780822576891081,0.04002189326075061,0.12459210363499496,1.0367352476986187,48.75,0.26212920984455956,0.875,0.09424818702909968,0.2,,0.0011780822576891081,0.034391595322419304,0,vm_add,0.05570865952371797,0.05570865952371797,0,drift,0.046627673399489984,0.1808044993613494,86,churn,0.021719216334654446,0.12421047431598085,55,drift,0.02505909798450227,0.22860976208816186,103,churn,0.01567498346447303,0.13153233826110505,59,vm_fail,0.01286962283763781,0.04343492161014389,25,vm_add,0.06461409707135188,0.06461409707135188,0,drift,0.0779017954701775,0.1678220768481487,62,QI-MRFO+CXM continue+elite|n200 m20 lognormal mixed lam=0.2|401
h11_event_elite,QI-MRFO+CXM continue+elite,n200 m20 lognormal mixed lam=0.2,mixed,200,20,402,20000,4000,10.390392541885376,0.0009722410245489321,0.03579207858165815,0.1276295971067142,1.0324397060423167,50.875,0.29109375000000004,0.0,0.09571993494806082,0.2,,0.0009722410245489321,0.028618772428935447,0,churn,0.008436655050494858,0.15287555345926293,75,vm_add,0.054429201769849285,0.05442920176984927,0,churn,0.034047892854092994,0.13995318664528422,53,drift,0.033462106474490036,0.14099008434078708,77,churn,0.037286025531249364,0.11729488472704988,35,drift,0.057386872086448895,0.22058697921283693,95,churn,0.010740477276815003,0.14435948908881854,72,vm_add,0.050547397609824796,0.050547397609824796,0,QI-MRFO+CXM continue+elite|n200 m20 lognormal mixed lam=0.2|402
h11_event_elite,QI-MRFO+CXM continue+elite,n200 m20 lognormal mixed lam=0.2,mixed,200,20,403,20000,4000,10.329733848571777,0.0014377334539900227,0.055995869495895044,0.08373085609579006,1.0533374486941538,16.125,0.08817145270270271,3.5,0.07438866574097003,0.2,,0.0014377334539900227,0.04454483058639003,0,vm_add,0.03072099546266259,0.030720995462662583,0,churn,0.054653709997889606,0.14516156783879194,47,drift,0.03551024114926352,0.1622159759448193,78,vm_fail,0.015837510112236525,0.015837510112236525,0,vm_fail,0.020197690484430257,0.024863990647132322,4,vm_add,0.08439545467812491,0.08439545467812491,0,vm_fail,0.05819155585933457,0.058191555859334575,0,vm_add,0.14845979822321836,0.1484597982232184,0,QI-MRFO+CXM continue+elite|n200 m20 lognormal mixed lam=0.2|403
h11_event_elite,QI-MRFO+CXM continue+elite,n200 m20 lognormal mixed lam=0.2,mixed,200,20,404,20000,4000,10.373804330825806,0.001459885106468843,0.09390750315416974,0.13742224079936274,1.090233699640424,21.5,0.11945229828042328,2.375,0.11840920575183991,0.2,,0.001459885106468843,0.03508484805790958,0,vm_add,0.025525279072922555,0.025525279072922555,0,vm_fail,0.01752210722655908,0.029766996756239974,10,drift,0.031214747215465966,0.14821803348766927,77,churn,0.02307247776039827,0.2268169170205638,72,vm_fail,0.01657594150648591,0.03170122760598046,13,vm_add,0.132265844765529,0.13226584476552902,0,vm_add,0.24676030287029402,0.246760302870294,0,vm_add,0.25832332481570297,0.25832332481570297,0,QI-MRFO+CXM continue+elite|n200 m20 lognormal mixed lam=0.2|404
h11_event_elite,QI-MRFO+CXM continue+elite,n200 m20 lognormal mixed lam=0.2,mixed,200,20,405,20000,4000,10.075930833816528,0.0018851159019129798,0.030671520651005903,0.13456592759080654,1.0284015294839695,60.75,0.3244397444751381,2.375,0.09706588891786541,0.2,,0.0018851159019129798,0.03573948394384279,0,churn,0.034459592082997724,0.15266992406453236,61,vm_fail,0.01391682524377241,0.08324007961854167,51,drift,0.034746275744190855,0.11690591514646562,61,drift,0.009673969504790875,0.1482207350921027,91,churn,0.019321416232045686,0.12767165605692699,50,vm_add,0.07616099407870937,0.07616099407870937,0,drift,0.018157404830418278,0.2224929520623512,109,drift,0.03893568749112204,0.14916516460682236,63,QI-MRFO+CXM continue+elite|n200 m20 lognormal mixed lam=0.2|405
h11_event_elite,QI-MRFO+CXM continue+elite,n200 m20 lognormal mixed lam=0.2,mixed,200,20,406,20000,4000,10.154569387435913,0.01439158961859261,0.04838943087264806,0.09540685492049009,1.0478113177317327,23.0,0.11937500000000001,1.5,0.07525291368612512,0.2,,0.01439158961859261,0.034244975525746235,0,vm_add,0.01439158961859261,0.014391589618592611,0,vm_add,0.01439158961859261,0.014391589618592611,0,churn,0.01439158961859261,0.05587929148505047,28,vm_fail,0.01439158961859261,0.014391589618592611,0,vm_fail,0.01439158961859261,0.014391589618592611,0,vm_add,0.01439158961859261,0.014391589618592611,0,drift,0.1225909287022577,0.3214435061507252,79,drift,0.17817498056737116,0.31397409363518197,77,QI-MRFO+CXM continue+elite|n200 m20 lognormal mixed lam=0.2|406
h11_event_elite,QI-MRFO+CXM continue+elite,n200 m20 lognormal mixed lam=0.2,mixed,200,20,407,20000,4000,9.938911437988281,0.001282611963826846,0.13737838640428032,0.16929540435298884,1.1340883979889216,17.375,0.08767526455026456,1.875,0.15625173836784262,0.2,,0.001282611963826846,0.05523409555599096,0,vm_fail,0.0215768499809844,0.04920846701829219,22,vm_add,0.14315537494435165,0.14658551762777589,3,vm_add,0.17577760653195298,0.17577760653195298,0,vm_add,0.19115288565745653,0.19115288565745656,0,vm_fail,0.17577760653195298,0.17577760653195298,0,vm_fail,0.1632743824493511,0.16327438244935108,0,drift,0.08301005939361288,0.3010833101633528,109,vm_add,0.14530232574457994,0.15150345884377617,5,QI-MRFO+CXM continue+elite|n200 m20 lognormal mixed lam=0.2|407
h11_event_elite,QI-MRFO+CXM continue+elite,n200 m20 lognormal mixed lam=0.2,mixed,200,20,408,20000,4000,10.296083688735962,0.0012202311824221297,0.12888051349351237,0.21057224711586445,1.1256597927446115,40.625,0.21890625000000002,0.0,0.17754164549830587,0.2,,0.0012202311824221297,0.020564466408802936,0,churn,0.026414618992167137,0.1274693796636139,51,churn,0.02090670887879335,0.11661081600044904,50,vm_add,0.1164858207496336,0.11648582074963361,0,vm_add,0.21169634550311972,0.21169634550311975,0,drift,0.21007803532583538,0.43909079665862,106,vm_add,0.22266745674194738,0.2302966450617113,5,drift,0.11219474638513381,0.32451361184098704,106,vm_add,0.11060037537146854,0.11841456144878088,7,QI-MRFO+CXM continue+elite|n200 m20 lognormal mixed lam=0.2|408
h11_event_elite,QI-MRFO+CXM continue+elite,n200 m20 lognormal mixed lam=0.2,mixed,200,20,409,20000,4000,10.54556131362915,0.0015025591475930817,0.05847726802052997,0.1392357457342152,1.0541001857828483,46.375,0.24256383952794358,2.0,0.10976999525520736,0.2,,0.0015025591475930817,0.055490643669426444,0,vm_add,0.06329223836336742,0.06329223836336742,0,drift,0.056364980726643164,0.17290431964255282,82,churn,0.04255132010064476,0.17578296180081565,63,drift,0.026412517452172043,0.17638774139201238,81,vm_fail,0.015305803142012183,0.028389546258908965,11,vm_add,0.11893295506802669,0.11893295506802669,0,drift,0.09869598410998336,0.29504881636226077,109,vm_fail,0.04626234520139018,0.08314738698577694,25,QI-MRFO+CXM continue+elite|n200 m20 lognormal mixed lam=0.2|409
h11_event_elite,QI-MRFO+CXM continue+elite,n200 m20 lognormal mixed lam=0.2,mixed,200,20,410,20000,4000,10.906517505645752,0.015671586889975955,0.1349548250662245,0.17664224451412502,1.1338883920133973,19.75,0.10421875,1.5,0.1560807286715548,0.2,,0.015671586889975955,0.022430123367052655,0,drift,0.01372998908303728,0.2848714665331152,123,churn,0.012992918524092165,0.07535079665721868,35,vm_add,0.06208167877858273,0.06208167877858273,0,vm_add,0.09963625153185912,0.09963625153185911,0,vm_add,0.09963625153185912,0.09963625153185911,0,vm_add,0.09963625153185912,0.09963625153185911,0,vm_fail,0.34596262977425324,0.3459626297742532,0,vm_fail,0.34596262977425324,0.3459626297742532,0,QI-MRFO+CXM continue+elite|n200 m20 lognormal mixed lam=0.2|410
h11_event_elite,QI-MRFO+CXM continue+event-aware elite,n200 m20 lognormal mixed lam=0.2,mixed,200,20,401,20000,4000,10.09714150428772,0.0011780822576891081,0.02948754541134501,0.11028000581815142,1.0262356354667972,49.75,0.2635078534031413,1.125,0.08351344135166609,0.2,,0.0011780822576891081,0.034391595322419304,0,vm_add,0.05550372221304875,0.06508209148969878,9,drift,0.025525410571628666,0.1605105872102121,95,churn,0.019817815536098547,0.13279881995735415,53,drift,0.025642133975860387,0.181724128314244,87,churn,0.013504849664813027,0.0796350884393277,39,vm_fail,0.02093348186068788,0.03555982939873663,13,vm_add,0.04690679234792907,0.06690141619092521,17,drift,0.028066157120693738,0.16002808554471273,85,QI-MRFO+CXM continue+event-aware elite|n200 m20 lognormal mixed lam=0.2|401
h11_event_elite,QI-MRFO+CXM continue+event-aware elite,n200 m20 lognormal mixed lam=0.2,mixed,200,20,402,20000,4000,10.1570565700531,0.0009722410245489321,0.048831550420652625,0.15083656440600524,1.0454378163685785,53.625,0.30593750000000003,0.0,0.11237195579193668,0.2,,0.0009722410245489321,0.028618772428935447,0,churn,0.008436655050494858,0.15287555345926293,75,vm_add,0.054429201769849285,0.06400284507226355,8,churn,0.03121545140596704,0.16289777176488415,56,drift,0.023460555235784126,0.1355151686208194,79,churn,0.05945478987161411,0.164326819425635,57,drift,0.04466696893893296,0.19923778964255454,91,churn,0.06387453848643711,0.21110636844565867,54,vm_add,0.10511424260614156,0.1167301988169637,9,QI-MRFO+CXM continue+event-aware elite|n200 m20 lognormal mixed lam=0.2|402
h11_event_elite,QI-MRFO+CXM continue+event-aware elite,n200 m20 lognormal mixed lam=0.2,mixed,200,20,403,20000,4000,10.308526992797852,0.0014377334539900227,0.03677943325703052,0.07565916200322653,1.0341660992893744,25.875,0.13708402883292672,4.375,0.06536333190618338,0.2,,0.0014377334539900227,0.04454483058639003,0,vm_add,0.03071988190599841,0.04621105238329928,15,churn,0.057863874414593446,0.13214045317390224,42,drift,0.034576756288403024,0.1541016307087483,76,vm_fail,0.008349010962934183,0.014300792590618994,5,vm_fail,0.019475504899598414,0.030460198527724185,8,vm_add,0.07386817060561886,0.09044519333765823,12,vm_fail,0.01373245323653133,0.04093697936716441,15,vm_add,0.055649813742566494,0.09667699593669664,34,QI-MRFO+CXM continue+event-aware elite|n200 m20 lognormal mixed lam=0.2|403
h11_event_elite,QI-MRFO+CXM continue+event-aware elite,n200 m20 lognormal mixed lam=0.2,mixed,200,20,404,20000,4000,10.448713779449463,0.001459885106468843,0.033616568666454676,0.08830150381312452,1.0301095519771435,34.625,0.18377025462962962,2.375,0.0714521511017122,0.2,,0.001459885106468843,0.03508484805790958,0,vm_add,0.025359643901808872,0.03484979807835499,8,vm_fail,0.018120433032211496,0.026627880566245862,7,drift,0.030856959987365158,0.15523965378908663,85,churn,0.022933087512595738,0.14718412010940646,66,vm_fail,0.006060163207035014,0.012018935878676628,3,vm_add,0.11171711750314563,0.12674934360305976,13,vm_add,0.022423420885640616,0.14487979312821245,73,vm_add,0.03146172330183488,0.05886250535195332,22,QI-MRFO+CXM continue+event-aware elite|n200 m20 lognormal mixed lam=0.2|404
h11_event_elite,QI-MRFO+CXM continue+event-aware elite,n200 m20 lognormal mixed lam=0.2,mixed,200,20,405,20000,4000,10.314475536346436,0.0018851159019129798,0.02703278237763856,0.1269001096953874,1.0247728916480878,61.875,0.3300647444751381,2.375,0.09446931298019122,0.2,,0.0018851159019129798,0.03573948394384279,0,churn,0.034459592082997724,0.15266992406453236,61,vm_fail,0.01391682524377241,0.08324007961854167,51,drift,0.034746275744190855,0.11690591514646562,61,drift,0.009673969504790875,0.1482207350921027,91,churn,0.019321416232045686,0.12767165605692699,50,vm_add,0.0712569611320698,0.08843245240610878,16,drift,0.013336097380840592,0.180769482798623,96,drift,0.019551121700400558,0.11729063237979825,69,QI-MRFO+CXM continue+event-aware elite|n200 m20 lognormal mixed lam=0.2|405
h11_event_elite,QI-MRFO+CXM continue+event-aware elite,n200 m20 lognormal mixed lam=0.2,mixed,200,20,406,20000,4000,10.082923412322998,0.01439158961859261,0.04135193051601327,0.0966474027902351,1.0407852930409516,32.5,0.168125,1.25,0.07816257188369098,0.2,,0.01439158961859261,0.034244975525746235,0,vm_add,0.01439158961859261,0.030303586198968138,13,vm_add,0.01439158961859261,0.022683472385247632,8,churn,0.01439158961859261,0.06732002082790318,36,vm_fail,0.01439158961859261,0.014391589618592611,0,vm_fail,0.01439158961859261,0.014391589618592611,0,vm_add,0.01439158961859261,0.021900778007795878,7,drift,0.2017139649487203,0.3854058482102108,101,drift,0.04275194146783022,0.21678233745457007,95,QI-MRFO+CXM continue+event-aware elite|n200 m20 lognormal mixed lam=0.2|406
h11_event_elite,QI-MRFO+CXM continue+event-aware elite,n200 m20 lognormal mixed lam=0.2,mixed,200,20,407,20000,4000,10.424423933029175,0.001282611963826846,0.038790722903528654,0.08431924188593781,1.0357936357712618,28.375,0.14267526455026455,2.125,0.06827842800354345,0.2,,0.001282611963826846,0.05523409555599096,0,vm_fail,0.0215768499809844,0.04920846701829219,22,vm_add,0.027598675783122053,0.10153622913486932,51,vm_add,0.0479293059137073,0.06210938532058347,13,vm_add,0.06163275246066327,0.06694091622296655,5,vm_fail,0.0479293059137073,0.047929305913707296,0,vm_fail,0.036785621205158256,0.036785621205158256,0,drift,0.03809142840421567,0.2251172780925902,93,vm_add,0.028781843566670986,0.08492673217933536,43,QI-MRFO+CXM continue+event-aware elite|n200 m20 lognormal mixed lam=0.2|407
h11_event_elite,QI-MRFO+CXM continue+event-aware elite,n200 m20 lognormal mixed lam=0.2,mixed,200,20,408,20000,4000,10.44992733001709,0.0012202311824221297,0.07103461520856244,0.1651502917735187,1.0680021043049108,52.625,0.27890625,0.0,0.13070068077264052,0.2,,0.0012202311824221297,0.020564466408802936,0,churn,0.026414618992167137,0.1274693796636139,51,churn,0.02090670887879335,0.11661081600044904,50,vm_add,0.11632729283718345,0.13012207122732602,12,vm_add,0.06803343859886703,0.16681864710669178,62,drift,0.10951860763297991,0.30334587148624337,99,vm_add,0.07888082469987474,0.1580819832202825,49,drift,0.08380625159915767,0.22465473912494713,75,vm_add,0.06438917842947617,0.09409882635859572,23,QI-MRFO+CXM continue+event-aware elite|n200 m20 lognormal mixed lam=0.2|408
h11_event_elite,QI-MRFO+CXM continue+event-aware elite,n200 m20 lognormal mixed lam=0.2,mixed,200,20,409,20000,4000,10.265061140060425,0.0015025591475930817,0.04820332504914184,0.11704312869659211,1.0438649325981246,42.875,0.22167162698412698,1.75,0.0945113947638866,0.2,,0.0015025591475930817,0.055490643669426444,0,vm_add,0.06329223836336742,0.07073671888452472,7,drift,0.02917715291287304,0.13937068592218352,73,churn,0.04765640137392711,0.13983616501162216,46,drift,0.028929336054944466,0.19573749982390595,102,vm_fail,0.015876079219093554,0.01914332896983249,3,vm_add,0.09172524893561966,0.12200541230727117,22,drift,0.06063984030548254,0.20118491542557002,90,vm_fail,0.04833030322782696,0.048330303227826964,0,QI-MRFO+CXM continue+event-aware elite|n200 m20 lognormal mixed lam=0.2|409
h11_event_elite,QI-MRFO+CXM continue+event-aware elite,n200 m20 lognormal mixed lam=0.2,mixed,200,20,410,20000,4000,10.733921766281128,0.015671586889975955,0.10149176392047946,0.16177850548063982,1.1004272591617856,34.25,0.17675957914572865,0.625,0.13800481866618156,0.2,,0.015671586889975955,0.022430123367052655,0,drift,0.01372998908303728,0.2848714665331152,123,churn,0.012992918524092165,0.07535079665721868,35,vm_add,0.057502529280410754,0.07569637115821425,16,vm_add,0.033930773798024234,0.09091909641994061,45,vm_add,0.0018526411297646558,0.048745011012351125,35,vm_add,0.0,0.007146040716358015,7,vm_fail,0.34596262977425324,0.36553663157366745,13,vm_fail,0.34596262977425324,0.3459626297742532,0,QI-MRFO+CXM continue+event-aware elite|n200 m20 lognormal mixed lam=0.2|410
h11_event_elite,Chooser (cheaper of the two),n200 m20 lognormal mixed lam=1.0,mixed,200,20,401,20000,4000,0.07124972343444824,0.0037337218013993724,0.5624243400916027,0.6816912789453957,1.557685143749163,23.75,0.11875,1.25,0.6816912789453957,1.0,,0.0037337218013993724,0.0037337218013993724,0,vm_add,0.0584034955820864,0.0584034955820864,0,drift,0.72337897575663,0.72337897575663,0,churn,0.7010639400371711,0.7010639400371711,0,drift,0.7953075163452632,0.7953075163452632,0,churn,0.7627534971552153,0.7627534971552153,0,vm_fail,0.6840505157624436,0.6840505157624436,0,vm_add,0.7700836107989123,0.7700836107989123,0,drift,0.004353169295099888,0.9584886801254446,190,Chooser (cheaper of the two)|n200 m20 lognormal mixed lam=1.0|401
h11_event_elite,Chooser (cheaper of the two),n200 m20 lognormal mixed lam=1.0,mixed,200,20,402,20000,4000,0.07269430160522461,0.002598130210532907,0.180427029977539,0.297651231808183,1.1767560002822357,23.375,0.116875,0.0,0.297651231808183,1.0,,0.002598130210532907,0.002598130210532907,0,churn,0.004588888264067044,0.004588888264067044,0,vm_add,0.050405946921971444,0.050405946921971444,0,churn,0.032154452586816956,0.032154452586816956,0,drift,0.8753840792418658,0.8753840792418658,0,churn,0.2906363479334313,0.2906363479334313,0,drift,0.0029878231498951403,0.9407814377950471,187,churn,0.07250953689727023,0.07250953689727023,0,vm_add,0.11474916482499425,0.11474916482499425,0,Chooser (cheaper of the two)|n200 m20 lognormal mixed lam=1.0|402
h11_event_elite,Chooser (cheaper of the two),n200 m20 lognormal mixed lam=1.0,mixed,200,20,403,20000,4000,0.07669878005981445,0.0020906527791240827,0.5509919331502279,0.5509919331502279,1.5472499940197402,0.0,0.0,3.25,0.5509919331502279,1.0,,0.0020906527791240827,0.0020906527791240827,0,vm_add,0.03139300694603048,0.03139300694603048,0,churn,0.07473626194607443,0.07473626194607443,0,drift,0.7773705421475614,0.7773705421475614,0,vm_fail,0.7436038721144412,0.7436038721144412,0,vm_fail,0.6045921136738582,0.6045921136738582,0,vm_add,0.7055639420768246,0.7055639420768246,0,vm_fail,0.6643498031071771,0.6643498031071771,0,vm_add,0.8063259231898553,0.8063259231898553,0,Chooser (cheaper of the two)|n200 m20 lognormal mixed lam=1.0|403
h11_event_elite,Chooser (cheaper of the two),n200 m20 lognormal mixed lam=1.0,mixed,200,20,404,20000,4000,0.06909751892089844,0.0021844609067147025,0.13291887647759126,0.2514644223177045,1.1291253258501293,23.625,0.118125,2.5,0.2514644223177045,1.0,,0.0021844609067147025,0.0021844609067147025,0,vm_add,0.026267266656057373,0.026267266656057373,0,vm_fail,0.06862045651505068,0.06862045651505068,0,drift,0.0035601764242392166,0.9519245431451451,189,churn,0.03912263246752041,0.03912263246752041,0,vm_fail,0.07595835417685882,0.07595835417685882,0,vm_add,0.19840618401730742,0.19840618401730742,0,vm_add,0.31958873779898994,0.31958873779898994,0,vm_add,0.33182720376470626,0.33182720376470626,0,Chooser (cheaper of the two)|n200 m20 lognormal mixed lam=1.0|404
h11_event_elite,Chooser (cheaper of the two),n200 m20 lognormal mixed lam=1.0,mixed,200,20,405,20000,4000,0.06858992576599121,0.003888865398456303,0.2574216115460212,0.48349917217819866,1.2545434668357287,45.125,0.22562500000000002,1.875,0.48349917217819866,1.0,,0.003888865398456303,0.003888865398456303,0,churn,0.009050337367120588,0.009050337367120588,0,vm_fail,0.27088051817034975,0.27088051817034975,0,drift,0.775713930432181,0.775713930432181,0,drift,0.0017727255631775924,0.9033681785700373,180,churn,0.03843308033300448,0.03843308033300448,0,vm_add,0.09633836611256068,0.09633836611256068,0,drift,0.002237604475757074,0.9092626365263172,181,drift,0.8649463299140184,0.8649463299140184,0,Chooser (cheaper of the two)|n200 m20 lognormal mixed lam=1.0|405
h11_event_elite,Chooser (cheaper of the two),n200 m20 lognormal mixed lam=1.0,mixed,200,20,406,20000,4000,0.07109951972961426,0.0,0.05328562288963289,0.17103440316910795,1.0526805237482957,23.5,0.1175,1.125,0.17103440316910795,1.0,,0.0,0.0,0,vm_add,0.0,0.0,0,vm_add,0.0,0.0,0,churn,0.0,0.0,0,vm_fail,0.0,0.0,0,vm_fail,0.0,0.0,0,vm_add,0.0,0.0,0,drift,0.0021172789742559535,0.9441075212100565,188,drift,0.4241677041428072,0.4241677041428072,0,Chooser (cheaper of the two)|n200 m20 lognormal mixed lam=1.0|406
h11_event_elite,Chooser (cheaper of the two),n200 m20 lognormal mixed lam=1.0,mixed,200,20,407,20000,4000,0.06994438171386719,0.0023509575166861317,0.15985833829256302,0.2795806687049239,1.1565091566262105,23.875,0.119375,2.375,0.2795806687049239,1.0,,0.0023509575166861317,0.0023509575166861317,0,vm_fail,0.06906631743301901,0.06906631743301901,0,vm_add,0.19997894181079665,0.19997894181079665,0,vm_add,0.23422274785676148,0.23422274785676148,0,vm_add,0.25036229597021503,0.25036229597021503,0,vm_fail,0.23422274785676148,0.23422274785676148,0,vm_fail,0.22109801789204062,0.22109801789204062,0,drift,0.002909574134959711,0.9606882174338465,191,vm_add,0.06700606338595008,0.06700606338595008,0,Chooser (cheaper of the two)|n200 m20 lognormal mixed lam=1.0|407
h11_event_elite,Chooser (cheaper of the two),n200 m20 lognormal mixed lam=1.0,mixed,200,20,408,20000,4000,0.0646066665649414,0.0011665453378310311,0.2005019669665839,0.31904300859332096,1.1971022185064082,23.625,0.118125,0.0,0.31904300859332096,1.0,,0.0011665453378310311,0.0011665453378310311,0,churn,0.008622921409294259,0.008622921409294259,0,churn,0.013898288521709209,0.013898288521709209,0,vm_add,0.1088212595448874,0.1088212595448874,0,vm_add,0.20337817376365205,0.20337817376365205,0,drift,0.003522045517351427,0.9518503785312482,189,vm_add,0.02133473318118996,0.02133473318118996,0,drift,0.6170562278133008,0.6170562278133008,0,vm_add,0.627382085981286,0.627382085981286,0,Chooser (cheaper of the two)|n200 m20 lognormal mixed lam=1.0|408
h11_event_elite,Chooser (cheaper of the two),n200 m20 lognormal mixed lam=1.0,mixed,200,20,409,20000,4000,0.06875085830688477,0.0036996915389636543,0.1651881400472605,0.4024328940217052,1.160378773694458,47.25,0.23625000000000002,1.5,0.4024328940217052,1.0,,0.0036996915389636543,0.0036996915389636543,0,vm_add,0.0656249271788503,0.0656249271788503,0,drift,0.5356679090953264,0.5356679090953264,0,churn,0.41701358096958235,0.41701358096958235,0,drift,0.0036940931018023203,0.9421480701519876,187,vm_fail,0.06964502148733727,0.06964502148733727,0,vm_add,0.17881830386743355,0.17881830386743355,0,drift,0.004716287691488737,0.9642203424368605,191,vm_fail,0.04632499698626344,0.04632499698626344,0,Chooser (cheaper of the two)|n200 m20 lognormal mixed lam=1.0|409
h11_event_elite,Chooser (cheaper of the two),n200 m20 lognormal mixed lam=1.0,mixed,200,20,410,20000,4000,0.06937408447265625,0.0,0.1294575330286955,0.24725457727203615,1.1283991863094482,23.5,0.1175,1.5,0.24725457727203615,1.0,,0.0,0.0,0,drift,0.002528036113537459,0.9449043900602625,188,churn,0.006814588217740419,0.006814588217740419,0,vm_add,0.05560395193190429,0.05560395193190429,0,vm_add,0.09292947613929183,0.09292947613929183,0,vm_add,0.09292947613929183,0.09292947613929183,0,vm_add,0.09292947613929183,0.09292947613929183,0,vm_fail,0.34596262977425324,0.34596262977425324,0,vm_fail,0.34596262977425324,0.34596262977425324,0,Chooser (cheaper of the two)|n200 m20 lognormal mixed lam=1.0|410
h11_event_elite,QI-MRFO+CXM continue,n200 m20 lognormal mixed lam=1.0,mixed,200,20,401,20000,4000,10.753803014755249,0.0011780822576891081,0.10061606955481998,0.26531677917178964,1.097167020028974,23.0,0.12322916666666665,1.0,0.23795634339670949,1.0,,0.0011780822576891081,0.034391595322419304,0,vm_add,0.05569576660037909,0.09851216783082245,6,drift,0.18292575241645997,0.3787293098206776,29,churn,0.09701248385964356,0.32316001355854646,28,drift,0.19064467561216203,0.43078478467651854,35,churn,0.06698386906097861,0.26615280952052495,22,vm_fail,0.04023653788791726,0.13927280665174152,16,vm_add,0.07633870430190415,0.13597888246153572,11,drift,0.09509076669911522,0.34994345885395,37,QI-MRFO+CXM continue|n200 m20 lognormal mixed lam=1.0|401
h11_event_elite,QI-MRFO+CXM continue,n200 m20 lognormal mixed lam=1.0,mixed,200,20,402,20000,4000,11.11863112449646,0.0009722410245489321,0.10994794087445392,0.2842049437764244,1.1063622040115657,22.5,0.12593749999999998,0.0,0.24875902423099153,1.0,,0.0009722410245489321,0.028618772428935447,0,churn,0.06253701760638708,0.40016929874493995,39,vm_add,0.10078054294795961,0.15691534677042793,10,churn,0.11433354516196373,0.2135973878031068,12,drift,0.11676194517209762,0.366993272480731,37,churn,0.10696495878138605,0.22157894401712872,14,drift,0.11427360943486212,0.41794155894448504,39,churn,0.1132076917320791,0.29796059982990214,21,vm_add,0.15072421615889608,0.19848314162067357,8,QI-MRFO+CXM continue|n200 m20 lognormal mixed lam=1.0|402
h11_event_elite,QI-MRFO+CXM continue,n200 m20 lognormal mixed lam=1.0,mixed,200,20,403,20000,4000,10.33770203590393,0.0014377334539900227,0.12594673009855276,0.2287296224751382,1.1231487160485432,14.75,0.07893695352471947,4.0,0.21481475946044104,1.0,,0.0014377334539900227,0.04454483058639003,0,vm_add,0.03072099546266259,0.09787338448405872,12,churn,0.07952457191875545,0.2815465077572955,24,drift,0.24062227786219195,0.4594586769738664,31,vm_fail,0.21558481501896334,0.2280523515832604,2,vm_fail,0.07245655932004627,0.22669556942730743,23,vm_add,0.11549183231218939,0.16903902958377343,9,vm_fail,0.0849321110221087,0.13219382462907317,6,vm_add,0.16824067787150437,0.23497763536247054,11,QI-MRFO+CXM continue|n200 m20 lognormal mixed lam=1.0|403
h11_event_elite,QI-MRFO+CXM continue,n200 m20 lognormal mixed lam=1.0,mixed,200,20,404,20000,4000,11.021247386932373,0.001459885106468843,0.10129595257224756,0.2375576757686682,1.0975950904439449,19.875,0.10718562900306322,2.625,0.2163324886896455,1.0,,0.001459885106468843,0.03508484805790958,0,vm_add,0.025359643901808872,0.08704064792517593,12,vm_fail,0.030488815526410754,0.1292731746939339,16,drift,0.07469023491401183,0.40416291777211205,52,churn,0.03216571283342335,0.4008822631790056,45,vm_fail,0.03252521039483392,0.06921358902791931,6,vm_add,0.12623200787200886,0.17999112907306974,9,vm_add,0.2388537304790734,0.2669539550068049,4,vm_add,0.25005226465640956,0.3629437294713242,15,QI-MRFO+CXM continue|n200 m20 lognormal mixed lam=1.0|404
h11_event_elite,QI-MRFO+CXM continue,n200 m20 lognormal mixed lam=1.0,mixed,200,20,405,20000,4000,10.263990879058838,0.0018851159019129798,0.10169658560910173,0.3553306631362789,1.0992734714345942,33.875,0.1808945741758242,2.25,0.30283000408680766,1.0,,0.0018851159019129798,0.03573948394384279,0,churn,0.08098829840849908,0.32420025124018836,27,vm_fail,0.06299135887823941,0.16934552396533128,17,drift,0.04522121478409007,0.28084711251444305,40,drift,0.1381245250981509,0.44232499381643997,41,churn,0.0304423827390126,0.3539652871250771,40,vm_add,0.0830231584893714,0.134779193437894,9,drift,0.23645531743373407,0.7106898422561818,55,drift,0.13632642904171635,0.4264931007346759,42,QI-MRFO+CXM continue|n200 m20 lognormal mixed lam=1.0|405
h11_event_elite,QI-MRFO+CXM continue,n200 m20 lognormal mixed lam=1.0,mixed,200,20,406,20000,4000,10.76546859741211,0.01439158961859261,0.08625945645980677,0.16360664777728148,1.0856014844103656,11.375,0.05937700774754347,1.875,0.15440151485625436,1.0,,0.01439158961859261,0.034244975525746235,0,vm_add,0.01439158961859261,0.07275593686372142,10,vm_add,0.01439158961859261,0.07364203268940232,11,churn,0.01439158961859261,0.12441952123072324,15,vm_fail,0.01439158961859261,0.036161628202310926,4,vm_fail,0.01439158961859261,0.019567056912564995,1,vm_add,0.001441485269900603,0.03582251332118128,6,drift,0.2958935816178935,0.5255563235531805,30,drift,0.32078263669769713,0.42092816944516714,14,QI-MRFO+CXM continue|n200 m20 lognormal mixed lam=1.0|406
h11_event_elite,QI-MRFO+CXM continue,n200 m20 lognormal mixed lam=1.0,mixed,200,20,407,20000,4000,10.441325902938843,0.001282611963826846,0.143006074110394,0.2344617975440495,1.1396995082363166,13.75,0.06973413160913161,2.25,0.22213299907828102,1.0,,0.001282611963826846,0.05523409555599096,0,vm_fail,0.05334696926058663,0.2096037696900973,26,vm_add,0.1258884616858734,0.2017350164739064,13,vm_add,0.14362071895522743,0.19164245575200864,8,vm_add,0.1540707810747159,0.20175515257692833,8,vm_fail,0.13679464922334142,0.14266285949950033,1,vm_fail,0.12432135826230448,0.13585285937268698,2,drift,0.16783528896917616,0.5130308658653612,46,vm_add,0.2381703654519268,0.27941140112190677,6,QI-MRFO+CXM continue|n200 m20 lognormal mixed lam=1.0|407
h11_event_elite,QI-MRFO+CXM continue,n200 m20 lognormal mixed lam=1.0,mixed,200,20,408,20000,4000,10.62657117843628,0.0012202311824221297,0.2472059878246105,0.428549990830118,1.2436602526104905,20.625,0.11046875,0.0,0.3833434749132046,1.0,,0.0012202311824221297,0.020564466408802936,0,churn,0.16489427086497438,0.3648080363568856,23,churn,0.1245503945763713,0.3489535383725091,24,vm_add,0.21730913803874657,0.2706376170247763,8,vm_add,0.312741312999173,0.3543143504584908,5,drift,0.2631081249898889,0.8601010575761509,58,vm_add,0.23290257027790284,0.33518060288496787,15,drift,0.3281957599552237,0.5201370318696232,26,vm_add,0.3339463308946035,0.3742676920975408,6,QI-MRFO+CXM continue|n200 m20 lognormal mixed lam=1.0|408
h11_event_elite,QI-MRFO+CXM continue,n200 m20 lognormal mixed lam=1.0,mixed,200,20,409,20000,4000,10.785568952560425,0.0015025591475930817,0.11382561964473571,0.2636572299913649,1.1092311015118554,20.625,0.10606747977688485,1.375,0.232194796394455,1.0,,0.0015025591475930817,0.055490643669426444,0,vm_add,0.06329223836336742,0.09817442429445067,5,drift,0.1079948545707107,0.3058127268613335,30,churn,0.08380329084828285,0.27132848656230896,17,drift,0.13138212013266234,0.3681363743319349,35,vm_fail,0.09557780469949191,0.14623218063349153,7,vm_add,0.19583979700165488,0.23198079008623848,6,drift,0.12287332793598746,0.5187063221629967,55,vm_fail,0.10984152360572812,0.16888653499816456,10,QI-MRFO+CXM continue|n200 m20 lognormal mixed lam=1.0|409
h11_event_elite,QI-MRFO+CXM continue,n200 m20 lognormal mixed lam=1.0,mixed,200,20,410,20000,4000,10.794894933700562,0.015671586889975955,0.2205810195782269,0.3284013492850858,1.2193548430721375,13.0,0.06916694518716576,2.125,0.30431787626809187,1.0,,0.015671586889975955,0.022430123367052655,0,drift,0.29657425743412164,0.7164556949393233,42,churn,0.11098819668369035,0.32083313233378646,25,vm_add,0.16087211191903214,0.2195838269843346,10,vm_add,0.17305169913627466,0.2427655498030724,11,vm_add,0.16531942340968234,0.20838423411903534,7,vm_add,0.16591720849450764,0.18389839514327516,3,vm_fail,0.34596262977425324,0.38932733118360613,6,vm_fail,0.34596262977425324,0.3459626297742532,0,QI-MRFO+CXM continue|n200 m20 lognormal mixed lam=1.0|410
h11_event_elite,QI-MRFO+CXM continue+elite,n200 m20 lognormal mixed lam=1.0,mixed,200,20,401,20000,4000,10.880247592926025,0.0011780822576891081,0.172562229557835,0.32035267529008193,1.1688914548675242,19.375,0.10369243421052632,1.25,0.296368276973691,1.0,,0.0011780822576891081,0.034391595322419304,0,vm_add,0.05570865952371797,0.05570865952371797,0,drift,0.20151808018047057,0.4299623273366235,32,churn,0.09618168341059266,0.3299428983191069,25,drift,0.30435779481591974,0.5816413247078932,37,churn,0.22589612481626764,0.4026615631858053,18,vm_fail,0.1527444881106406,0.17106566997203498,3,vm_add,0.19928293023507382,0.211354628679019,2,drift,0.14480807536999724,0.3804843305964548,38,QI-MRFO+CXM continue+elite|n200 m20 lognormal mixed lam=1.0|401
h11_event_elite,QI-MRFO+CXM continue+elite,n200 m20 lognormal mixed lam=1.0,mixed,200,20,402,20000,4000,10.725884437561035,0.0009722410245489321,0.13771507488607138,0.30494002268187353,1.1340536769760665,20.625,0.1190625,0.0,0.2732649472653095,1.0,,0.0009722410245489321,0.028618772428935447,0,churn,0.07102647616224803,0.39415189635880893,39,vm_add,0.11987360502835535,0.11987360502835535,0,churn,0.09492031216058985,0.253545719924665,18,drift,0.17689762777812756,0.39404008116296413,34,churn,0.10669097680765716,0.22117234899291088,14,drift,0.35341939847118103,0.5717840843259784,29,churn,0.0684070729291246,0.37446731591001836,31,vm_add,0.11048512975128746,0.11048512975128744,0,QI-MRFO+CXM continue+elite|n200 m20 lognormal mixed lam=1.0|402
h11_event_elite,QI-MRFO+CXM continue+elite,n200 m20 lognormal mixed lam=1.0,mixed,200,20,403,20000,4000,10.577634572982788,0.0014377334539900227,0.07618510727686884,0.1284343116826896,1.073483297380942,7.5,0.040534539473684204,4.125,0.12061822960465715,1.0,,0.0014377334539900227,0.04454483058639003,0,vm_add,0.03072099546266259,0.030720995462662583,0,churn,0.09437959618741174,0.24993504513328643,19,drift,0.09976244801061863,0.34962567312182813,39,vm_fail,0.07886904687889901,0.07886904687889902,0,vm_fail,0.025709133602613874,0.02570913360261387,0,vm_add,0.09025371521117653,0.09025371521117653,0,vm_fail,0.05010380023316663,0.06267876142264854,2,vm_add,0.1396821226284017,0.1396821226284017,0,QI-MRFO+CXM continue+elite|n200 m20 lognormal mixed lam=1.0|403
h11_event_elite,QI-MRFO+CXM continue+elite,n200 m20 lognormal mixed lam=1.0,mixed,200,20,404,20000,4000,10.866756200790405,0.001459885106468843,0.10409281780549332,0.1661966062391008,1.1003858191339775,9.375,0.05026537698412698,3.125,0.15659251164814716,1.0,,0.001459885106468843,0.03508484805790958,0,vm_add,0.025525279072922555,0.025525279072922555,0,vm_fail,0.02994138344931008,0.04882399894031372,3,drift,0.04343075616039984,0.3485142365051744,51,churn,0.04818614851475801,0.2210503601478394,21,vm_fail,0.02350763294432097,0.023507632944320966,0,vm_add,0.13998638697104626,0.1399863869710463,0,vm_add,0.2552615445027014,0.25526154450270133,0,vm_add,0.26690341082848756,0.2669034108284875,0,QI-MRFO+CXM continue+elite|n200 m20 lognormal mixed lam=1.0|404
h11_event_elite,QI-MRFO+CXM continue+elite,n200 m20 lognormal mixed lam=1.0,mixed,200,20,405,20000,4000,10.129018783569336,0.0018851159019129798,0.06926726737459696,0.2592665168956487,1.0669147386483244,25.75,0.13488719919786096,1.625,0.2148003796175288,1.0,,0.0018851159019129798,0.03573948394384279,0,churn,0.0825776030568324,0.2891127742724496,23,vm_fail,0.02234771212099332,0.029707803331374415,1,drift,0.03914327717215984,0.3040232205779687,39,drift,0.08230438235104284,0.30590488462196047,32,churn,0.035634937418056116,0.16794376623972682,16,vm_add,0.09338419266641028,0.09338419266641028,0,drift,0.12414148399015776,0.5236924790486525,54,drift,0.07460455022112307,0.3603630144066469,41,QI-MRFO+CXM continue+elite|n200 m20 lognormal mixed lam=1.0|405
h11_event_elite,QI-MRFO+CXM continue+elite,n200 m20 lognormal mixed lam=1.0,mixed,200,20,406,20000,4000,10.701827049255371,0.01439158961859261,0.08396683653017127,0.15487308063914465,1.0833149717210975,9.75,0.050624999999999996,1.75,0.1465828787890969,1.0,,0.01439158961859261,0.034244975525746235,0,vm_add,0.01439158961859261,0.014391589618592611,0,vm_add,0.01439158961859261,0.014391589618592611,0,churn,0.01439158961859261,0.10874354620903844,12,vm_fail,0.01439158961859261,0.014391589618592611,0,vm_fail,0.01439158961859261,0.014391589618592611,0,vm_add,0.01439158961859261,0.014391589618592611,0,drift,0.3506786321785317,0.5789332070192961,30,drift,0.23470652235128286,0.47934994379185963,36,QI-MRFO+CXM continue+elite|n200 m20 lognormal mixed lam=1.0|406
h11_event_elite,QI-MRFO+CXM continue+elite,n200 m20 lognormal mixed lam=1.0,mixed,200,20,407,20000,4000,10.690595626831055,0.001282611963826846,0.20480654066359172,0.2518301352204546,1.2013110976649977,5.75,0.029077380952380952,2.0,0.24108038632708348,1.0,,0.001282611963826846,0.05523409555599096,0,vm_fail,0.030430665001966773,0.08723840254035685,9,vm_add,0.1566121566409996,0.15661215664099962,0,vm_add,0.18961840448619252,0.18961840448619255,0,vm_add,0.2051746754342005,0.2051746754342005,0,vm_fail,0.18961840448619252,0.18961840448619255,0,vm_fail,0.17696799729911367,0.17696799729911367,0,drift,0.30336561298961395,0.6227466319061269,37,vm_add,0.38666440897045407,0.3866644089704541,0,QI-MRFO+CXM continue+elite|n200 m20 lognormal mixed lam=1.0|407
h11_event_elite,QI-MRFO+CXM continue+elite,n200 m20 lognormal mixed lam=1.0,mixed,200,20,408,20000,4000,10.684568166732788,0.0012202311824221297,0.3668551509992509,0.5039161455520629,1.3629413877092498,14.75,0.07984375,0.0,0.474754059976883,1.0,,0.0012202311824221297,0.020564466408802936,0,churn,0.1072627319314807,0.3327318449627462,23,churn,0.17465535427063802,0.30931325168375806,16,vm_add,0.2846286892865452,0.2846286892865453,0,vm_add,0.39417792793091355,0.3941779279309136,0,drift,0.4954196847598017,0.8737917849470573,41,vm_add,0.5219636395139293,0.5219636395139293,0,drift,0.473661491068861,0.8316503368597149,38,vm_add,0.48307168923183763,0.4830716892318377,0,QI-MRFO+CXM continue+elite|n200 m20 lognormal mixed lam=1.0|408
h11_event_elite,QI-MRFO+CXM continue+elite,n200 m20 lognormal mixed lam=1.0,mixed,200,20,409,20000,4000,10.603277444839478,0.0015025591475930817,0.12773988888553606,0.24179302949398696,1.1230905922509586,15.625,0.080625,2.0,0.21902138079281983,1.0,,0.0015025591475930817,0.055490643669426444,0,vm_add,0.06329223836336742,0.06329223836336742,0,drift,0.12039733196301922,0.3510178364486302,29,churn,0.08497413905672242,0.21656263335997564,16,drift,0.15791533682517325,0.3175105847557254,26,vm_fail,0.10436287359789542,0.10436287359789542,0,vm_add,0.2170796323612371,0.2170796323612371,0,drift,0.1435848682618049,0.5342057464099956,54,vm_fail,0.13031269065506879,0.13031269065506879,0,QI-MRFO+CXM continue+elite|n200 m20 lognormal mixed lam=1.0|409
h11_event_elite,QI-MRFO+CXM continue+elite,n200 m20 lognormal mixed lam=1.0,mixed,200,20,410,20000,4000,10.582273244857788,0.015671586889975955,0.14659104672979992,0.24180298021592944,1.1453966141534997,11.75,0.0617752659574468,2.125,0.21519487140066865,1.0,,0.015671586889975955,0.022430123367052655,0,drift,0.1411445536980511,0.6379054689315723,59,churn,0.1321240316661346,0.2548554599135202,14,vm_add,0.18698578257528906,0.18698578257528906,0,vm_add,0.22895688971282357,0.2289568897128236,0,vm_add,0.22895688971282357,0.2289568897128236,0,vm_add,0.22895688971282357,0.2289568897128236,0,vm_fail,0.012801668380226922,0.1550047927883561,21,vm_fail,0.012801668380226922,0.012801668380226918,0,QI-MRFO+CXM continue+elite|n200 m20 lognormal mixed lam=1.0|410
h11_event_elite,QI-MRFO+CXM continue+event-aware elite,n200 m20 lognormal mixed lam=1.0,mixed,200,20,401,20000,4000,10.754591941833496,0.0011780822576891081,0.146445291956257,0.3215240253798811,1.1428556037374935,23.625,0.125,1.5,0.29122350667038555,1.0,,0.0011780822576891081,0.034391595322419304,0,vm_add,0.05569576660037909,0.09851216783082245,6,drift,0.1676018520821423,0.4089880412572254,38,churn,0.08966379606957374,0.3641749216270673,30,drift,0.2694651164662296,0.6228928296300731,48,churn,0.205455551986587,0.35993288509907573,14,vm_fail,0.14998792537337763,0.1499879253733776,0,vm_add,0.15625782582116504,0.22618920776664825,12,drift,0.07743450125060153,0.3415142244547591,41,QI-MRFO+CXM continue+event-aware elite|n200 m20 lognormal mixed lam=1.0|401
h11_event_elite,QI-MRFO+CXM continue+event-aware elite,n200 m20 lognormal mixed lam=1.0,mixed,200,20,402,20000,4000,10.50690484046936,0.0009722410245489321,0.1183677746702288,0.2795183226499477,1.114753931067762,21.25,0.1196875,0.0,0.25022467001982174,1.0,,0.0009722410245489321,0.028618772428935447,0,churn,0.07102647616224803,0.39415189635880893,39,vm_add,0.11944233003440638,0.17623253203802727,10,churn,0.05931182951050904,0.2124846647775028,18,drift,0.09726696984058027,0.30318248481283416,32,churn,0.0771989733628113,0.19455967545943942,15,drift,0.1253575963975391,0.36467394761684385,36,churn,0.1758806081759629,0.33147119405601144,14,vm_add,0.22145741387777337,0.2593901860801139,6,QI-MRFO+CXM continue+event-aware elite|n200 m20 lognormal mixed lam=1.0|402
h11_event_elite,QI-MRFO+CXM continue+event-aware elite,n200 m20 lognormal mixed lam=1.0,mixed,200,20,403,20000,4000,10.796772480010986,0.0014377334539900227,0.05604368450188168,0.14742042771711675,1.053385806520484,13.5,0.0714095744680851,3.75,0.13205836580581465,1.0,,0.0014377334539900227,0.04454483058639003,0,vm_add,0.03072099546266259,0.09787338448405872,12,churn,0.07952457191875545,0.2815465077572955,24,drift,0.057905469669462785,0.37424486041991023,46,vm_fail,0.03780727175660686,0.037807271756606864,0,vm_fail,0.029051716290624474,0.05231693355438707,4,vm_add,0.06503473182721811,0.1347508092494994,13,vm_fail,0.03929867563950408,0.03929867563950409,0,vm_add,0.1090060434502191,0.16152497887567216,9,QI-MRFO+CXM continue+event-aware elite|n200 m20 lognormal mixed lam=1.0|403
h11_event_elite,QI-MRFO+CXM continue+event-aware elite,n200 m20 lognormal mixed lam=1.0,mixed,200,20,404,20000,4000,10.773568391799927,0.001459885106468843,0.11405213357738067,0.18453895439624407,1.1103108544015612,10.75,0.055505125661375665,2.375,0.17563362298365393,1.0,,0.001459885106468843,0.03508484805790958,0,vm_add,0.025359643901808872,0.08704064792517593,12,vm_fail,0.038852656814471455,0.04470578347759656,1,drift,0.056701049624965395,0.28585028319831207,36,churn,0.06865736089654223,0.15795926108307173,11,vm_fail,0.043496870693807824,0.04349687069380783,0,vm_add,0.15888621544424905,0.18677589930714247,4,vm_add,0.2550924692580995,0.3082133225906889,8,vm_add,0.2653708019851011,0.36226956689415707,14,QI-MRFO+CXM continue+event-aware elite|n200 m20 lognormal mixed lam=1.0|404
h11_event_elite,QI-MRFO+CXM continue+event-aware elite,n200 m20 lognormal mixed lam=1.0,mixed,200,20,405,20000,4000,10.377968072891235,0.0018851159019129798,0.109161606024018,0.3213494620457076,1.106705012997773,28.125,0.14676219919786093,1.625,0.2780919649056403,1.0,,0.0018851159019129798,0.03573948394384279,0,churn,0.0825776030568324,0.2891127742724496,23,vm_fail,0.02234771212099332,0.029707803331374415,1,drift,0.03914327717215984,0.3040232205779687,39,drift,0.08230438235104284,0.30590488462196047,32,churn,0.035634937418056116,0.16794376623972682,16,vm_add,0.06576657566089558,0.15227104394440247,15,drift,0.29170134758097827,0.7231865309878777,55,drift,0.25381701283118563,0.5986456723899005,44,QI-MRFO+CXM continue+event-aware elite|n200 m20 lognormal mixed lam=1.0|405
h11_event_elite,QI-MRFO+CXM continue+event-aware elite,n200 m20 lognormal mixed lam=1.0,mixed,200,20,406,20000,4000,10.351366519927979,0.01439158961859261,0.06788015059010614,0.1608149445557635,1.0672635369426018,13.25,0.06796875,2.0,0.14451725193918916,1.0,,0.01439158961859261,0.034244975525746235,0,vm_add,0.01439158961859261,0.07275593686372142,10,vm_add,0.01439158961859261,0.07364203268940232,11,churn,0.01439158961859261,0.11285491607663707,11,vm_fail,0.01439158961859261,0.014391589618592611,0,vm_fail,0.01439158961859261,0.014391589618592611,0,vm_add,0.01439158961859261,0.054967253203336404,8,drift,0.17157385509937326,0.5303022241398483,49,drift,0.2851178119099203,0.4132140142359774,17,QI-MRFO+CXM continue+event-aware elite|n200 m20 lognormal mixed lam=1.0|406
h11_event_elite,QI-MRFO+CXM continue+event-aware elite,n200 m20 lognormal mixed lam=1.0,mixed,200,20,407,20000,4000,10.565117120742798,0.001282611963826846,0.12351341630308368,0.21085694291700557,1.1202650576554638,13.5,0.06782738095238094,2.125,0.19981451818258367,1.0,,0.001282611963826846,0.05523409555599096,0,vm_fail,0.030430665001966773,0.08723840254035685,9,vm_add,0.12936729818777276,0.1951177616901556,11,vm_add,0.13560520496035397,0.21283218739369328,13,vm_add,0.1399498325802218,0.17282396043949427,5,vm_fail,0.1252354772056656,0.12523547720566558,0,vm_fail,0.11326971834188379,0.11326971834188379,0,drift,0.12345291756589176,0.5219080320127861,59,vm_add,0.19079621658091314,0.2584300037120091,11,QI-MRFO+CXM continue+event-aware elite|n200 m20 lognormal mixed lam=1.0|407
h11_event_elite,QI-MRFO+CXM continue+event-aware elite,n200 m20 lognormal mixed lam=1.0,mixed,200,20,408,20000,4000,10.772066593170166,0.0012202311824221297,0.30937929966976147,0.4729934289900841,1.305637186230745,18.5,0.09859375,0.0,0.43749850512940036,1.0,,0.0012202311824221297,0.020564466408802936,0,churn,0.1072627319314807,0.3327318449627462,23,churn,0.17465535427063802,0.30931325168375806,16,vm_add,0.2846286892865452,0.30389811962584323,3,vm_add,0.3585377687784984,0.42736468154510254,9,drift,0.42525596234430707,0.7471322991320134,37,vm_add,0.44136087937755636,0.49119796553610706,5,drift,0.3368329348405581,0.7341012274669595,43,vm_add,0.34650007652850795,0.4382080419681431,12,QI-MRFO+CXM continue+event-aware elite|n200 m20 lognormal mixed lam=1.0|408
h11_event_elite,QI-MRFO+CXM continue+event-aware elite,n200 m20 lognormal mixed lam=1.0,mixed,200,20,409,20000,4000,10.634066343307495,0.0015025591475930817,0.13573703268793177,0.26569426379492833,1.1310263881616298,18.5,0.0959375,1.875,0.2456503631993206,1.0,,0.0015025591475930817,0.055490643669426444,0,vm_add,0.06329223836336742,0.09817442429445067,5,drift,0.10468712345371767,0.3256997063463351,35,churn,0.09878714244389486,0.2920911645523739,22,drift,0.13200925416096135,0.3703750078082708,35,vm_fail,0.0796549221744717,0.0796549221744717,0,vm_add,0.15464376776633426,0.22013621884832582,11,drift,0.2335691636813701,0.5201700168758615,40,vm_fail,0.21925264945933692,0.21925264945933687,0,QI-MRFO+CXM continue+event-aware elite|n200 m20 lognormal mixed lam=1.0|409
h11_event_elite,QI-MRFO+CXM continue+event-aware elite,n200 m20 lognormal mixed lam=1.0,mixed,200,20,410,20000,4000,10.497518062591553,0.015671586889975955,0.12756787716456436,0.2509801842130437,1.1263762007336549,16.625,0.08600328947368421,1.5,0.22464272336669677,1.0,,0.015671586889975955,0.022430123367052655,0,drift,0.1411445536980511,0.6379054689315723,59,churn,0.1321240316661346,0.2548554599135202,14,vm_add,0.18044072206584907,0.2371088147686671,8,vm_add,0.2166322027607114,0.26040566727821746,7,vm_add,0.19173887246813587,0.25752252415500254,11,vm_add,0.13057808041068594,0.2128193326286711,13,vm_fail,0.013942277123473394,0.13328192890522564,21,vm_fail,0.013942277123473394,0.013942277123473392,0,QI-MRFO+CXM continue+event-aware elite|n200 m20 lognormal mixed lam=1.0|410
