exp,algo,scenario,change,n,m0,seed,budget0,budget,runtime_s,epoch0_gap,post_gap,post_auc,post_ratio_mm,migrations,migr_frac,forced,post_cost_gap,mig_lambda,e0_type,e0_gap,e0_auc,e0_mig,e1_type,e1_gap,e1_auc,e1_mig,e2_type,e2_gap,e2_auc,e2_mig,e3_type,e3_gap,e3_auc,e3_mig,e4_type,e4_gap,e4_auc,e4_mig,e5_type,e5_gap,e5_auc,e5_mig,e6_type,e6_gap,e6_auc,e6_mig,e7_type,e7_gap,e7_auc,e7_mig,e8_type,e8_gap,e8_auc,e8_mig,key
h13_event_gamma,Chooser (cheaper of the two),n100 m10 churn20 lam=0.05,churn,100,10,601,20000,4000,0.06566381454467773,0.00954770683726473,0.014860464817500212,0.014860464817500212,1.0058679062820342,0.0,0.0,0.0,0.014860464817500212,0.05,,0.00954770683726473,0.00954770683726473,0,churn,0.012993313764620151,0.012993313764620151,0,churn,0.00975717238909297,0.00975717238909297,0,churn,0.01795324405710418,0.01795324405710418,0,churn,0.03391777519423104,0.03391777519423104,0,churn,0.02054489841467855,0.02054489841467855,0,churn,0.006614561874563683,0.006614561874563683,0,churn,0.011002040986805845,0.011002040986805845,0,churn,0.006100711858905285,0.006100711858905285,0,Chooser (cheaper of the two)|n100 m10 churn20 lam=0.05|601
h13_event_gamma,Chooser (cheaper of the two),n100 m10 churn20 lam=0.05,churn,100,10,602,20000,4000,0.0444941520690918,0.01352893455368545,0.01958206438037248,0.024720864896103156,1.0089695253164086,8.125,0.1015625,0.0,0.024720864896103156,0.05,,0.01352893455368545,0.01352893455368545,0,churn,0.011948409251583641,0.05305881337742904,65,churn,0.01934998857032127,0.01934998857032127,0,churn,0.009220529769836255,0.009220529769836255,0,churn,0.022154739856089584,0.022154739856089584,0,churn,0.04040937490787301,0.04040937490787301,0,churn,0.029989098483110887,0.029989098483110887,0,churn,0.01144392264908547,0.01144392264908547,0,churn,0.012140451555079718,0.012140451555079718,0,Chooser (cheaper of the two)|n100 m10 churn20 lam=0.05|602
h13_event_gamma,Chooser (cheaper of the two),n100 m10 churn20 lam=0.05,churn,100,10,603,20000,4000,0.037994384765625,0.00991078955176043,0.01914232243941495,0.01914232243941495,1.0090338650423583,0.0,0.0,0.0,0.01914232243941495,0.05,,0.00991078955176043,0.00991078955176043,0,churn,0.022244849408015546,0.022244849408015546,0,churn,0.022894669251291185,0.022894669251291185,0,churn,0.026652107465584298,0.026652107465584298,0,churn,0.02580235689985629,0.02580235689985629,0,churn,0.01372740544434326,0.01372740544434326,0,churn,0.012254522349041732,0.012254522349041732,0,churn,0.015319360446088079,0.015319360446088079,0,churn,0.014243308251099214,0.014243308251099214,0,Chooser (cheaper of the two)|n100 m10 churn20 lam=0.05|603
h13_event_gamma,Chooser (cheaper of the two),n100 m10 churn20 lam=0.05,churn,100,10,604,20000,4000,0.039381980895996094,0.005446266044979927,0.017680088995520715,0.022865210731732404,1.0125339006293412,8.25,0.103125,0.0,0.022865210731732404,0.05,,0.005446266044979927,0.005446266044979927,0,churn,0.016553872072625618,0.016553872072625618,0,churn,0.005599367022872123,0.047080340912565646,66,churn,0.012680840098297747,0.012680840098297747,0,churn,0.01936023075856069,0.01936023075856069,0,churn,0.02332174053078188,0.02332174053078188,0,churn,0.01915686403415698,0.01915686403415698,0,churn,0.026796261333879724,0.026796261333879724,0,churn,0.017971536112990953,0.017971536112990953,0,Chooser (cheaper of the two)|n100 m10 churn20 lam=0.05|604
h13_event_gamma,Chooser (cheaper of the two),n100 m10 churn20 lam=0.05,churn,100,10,605,20000,4000,0.03842926025390625,0.010728903253768242,0.017015751859240973,0.017015751859240973,1.0065311965332084,0.0,0.0,0.0,0.017015751859240973,0.05,,0.010728903253768242,0.010728903253768242,0,churn,0.01663976850812747,0.01663976850812747,0,churn,0.015706173177645066,0.015706173177645066,0,churn,0.022952739105200202,0.022952739105200202,0,churn,0.01352134908772834,0.01352134908772834,0,churn,0.010646200680425074,0.010646200680425074,0,churn,0.008787563099940466,0.008787563099940466,0,churn,0.023340238958576304,0.023340238958576304,0,churn,0.024531982256284834,0.024531982256284834,0,Chooser (cheaper of the two)|n100 m10 churn20 lam=0.05|605
h13_event_gamma,Chooser (cheaper of the two),n100 m10 churn20 lam=0.05,churn,100,10,606,20000,4000,0.037938833236694336,0.00868146237657879,0.020715965654818133,0.020715965654818133,1.0108047131636662,0.0,0.0,0.0,0.020715965654818133,0.05,,0.00868146237657879,0.00868146237657879,0,churn,0.030155224543101804,0.030155224543101804,0,churn,0.01800711034126876,0.01800711034126876,0,churn,0.03791145303162104,0.03791145303162104,0,churn,0.025214003853873117,0.025214003853873117,0,churn,0.00870355791725002,0.00870355791725002,0,churn,0.010076101792251827,0.010076101792251827,0,churn,0.025139740792080083,0.025139740792080083,0,churn,0.010520532967098413,0.010520532967098413,0,Chooser (cheaper of the two)|n100 m10 churn20 lam=0.05|606
h13_event_gamma,Chooser (cheaper of the two),n100 m10 churn20 lam=0.05,churn,100,10,607,20000,4000,0.03946328163146973,0.011543350314852156,0.019220103755498437,0.019220103755498437,1.0071680027629424,0.0,0.0,0.0,0.019220103755498437,0.05,,0.011543350314852156,0.011543350314852156,0,churn,0.04491671456381904,0.04491671456381904,0,churn,0.013983213479709305,0.013983213479709305,0,churn,0.028392899595142917,0.028392899595142917,0,churn,0.008164690895016601,0.008164690895016601,0,churn,0.012312944565116689,0.012312944565116689,0,churn,0.009381102331412603,0.009381102331412603,0,churn,0.017507279662147726,0.017507279662147726,0,churn,0.019101984951622623,0.019101984951622623,0,Chooser (cheaper of the two)|n100 m10 churn20 lam=0.05|607
h13_event_gamma,Chooser (cheaper of the two),n100 m10 churn20 lam=0.05,churn,100,10,608,20000,4000,0.03846383094787598,0.007004692944569671,0.01906773839428322,0.024576906884152136,1.0108173236393294,8.75,0.109375,0.0,0.024576906884152136,0.05,,0.007004692944569671,0.007004692944569671,0,churn,0.03346862823348748,0.03346862823348748,0,churn,0.007390809576032,0.05146415749498333,70,churn,0.014893762197550085,0.014893762197550085,0,churn,0.013080956624257766,0.013080956624257766,0,churn,0.02632626839217383,0.02632626839217383,0,churn,0.011388614975333783,0.011388614975333783,0,churn,0.021170635266037862,0.021170635266037862,0,churn,0.024822231889392966,0.024822231889392966,0,Chooser (cheaper of the two)|n100 m10 churn20 lam=0.05|608
h13_event_gamma,Chooser (cheaper of the two),n100 m10 churn20 lam=0.05,churn,100,10,609,20000,4000,0.037999629974365234,0.012217991958425711,0.01675520485095945,0.01675520485095945,1.009127589218187,0.0,0.0,0.0,0.01675520485095945,0.05,,0.012217991958425711,0.012217991958425711,0,churn,0.01082419989883709,0.01082419989883709,0,churn,0.02856948424773786,0.02856948424773786,0,churn,0.016697952731881457,0.016697952731881457,0,churn,0.02169372747575017,0.02169372747575017,0,churn,0.010929834575370034,0.010929834575370034,0,churn,0.01311105193184771,0.01311105193184771,0,churn,0.01872958050032575,0.01872958050032575,0,churn,0.013485807445925556,0.013485807445925556,0,Chooser (cheaper of the two)|n100 m10 churn20 lam=0.05|609
h13_event_gamma,Chooser (cheaper of the two),n100 m10 churn20 lam=0.05,churn,100,10,610,20000,4000,0.03819751739501953,0.008918877279033004,0.01787325574632711,0.01787325574632711,1.0091247069184686,0.0,0.0,0.0,0.01787325574632711,0.05,,0.008918877279033004,0.008918877279033004,0,churn,0.031448549740248376,0.031448549740248376,0,churn,0.009526973313073587,0.009526973313073587,0,churn,0.018515794775900138,0.018515794775900138,0,churn,0.012947799371696617,0.012947799371696617,0,churn,0.014795817839695096,0.014795817839695096,0,churn,0.010105733768954217,0.010105733768954217,0,churn,0.02084490861742467,0.02084490861742467,0,churn,0.02480046854362416,0.02480046854362416,0,Chooser (cheaper of the two)|n100 m10 churn20 lam=0.05|610
h13_event_gamma,H12 swarm (c = 1),n100 m10 churn20 lam=0.05,churn,100,10,601,20000,4000,12.179960012435913,0.0006910863892909312,0.005093133550313169,0.008206174258699255,0.9961840033733337,3.875,0.0484375,0.0,0.007526911806738427,0.05,,0.0006910863892909312,0.013107798800482165,0,churn,0.0036400573288315656,0.005798457880324131,3,churn,0.0058565494771950265,0.012300660629784542,9,churn,0.010043377277559301,0.011426789847988068,2,churn,0.006477984890781006,0.008673616185008346,2,churn,0.005616720824490556,0.008942589134779877,4,churn,0.003365134846791857,0.006169630129342297,4,churn,0.0025266866700705986,0.005623487671261399,4,churn,0.003218557086785435,0.006714162591105377,3,H12 swarm (c = 1)|n100 m10 churn20 lam=0.05|601
h13_event_gamma,H12 swarm (c = 1),n100 m10 churn20 lam=0.05,churn,100,10,602,20000,4000,11.921074628829956,0.0004921075407164687,0.006384998970533235,0.013409405027853746,0.9959143298358534,9.0,0.1125,0.0,0.012044501344498658,0.05,,0.0004921075407164687,0.0239080648063383,0,churn,0.005889778689778047,0.02230703045185392,19,churn,0.007089253673373843,0.012633885608557273,8,churn,0.0049560104634492055,0.008256703720617887,5,churn,0.005948916358746047,0.009577219612507468,5,churn,0.006316028188359497,0.009824801100990797,3,churn,0.010012414262000436,0.015209786428164054,7,churn,0.004723358080612711,0.017385202198665267,17,churn,0.006144232047946091,0.012080611101473302,8,H12 swarm (c = 1)|n100 m10 churn20 lam=0.05|602
h13_event_gamma,H12 swarm (c = 1),n100 m10 churn20 lam=0.05,churn,100,10,603,20000,4000,11.935051679611206,0.0008334994675289358,0.005847515285634263,0.010013830638114559,0.9958772859206777,5.375,0.0671875,0.0,0.009227029536032447,0.05,,0.0008334994675289358,0.009161062079556146,0,churn,0.005545769801600625,0.009460166965168998,5,churn,0.0032559880382322173,0.005064205691472284,2,churn,0.004314522202859472,0.009066008097513125,7,churn,0.008824931809329216,0.01284126166404799,6,churn,0.004863087675018469,0.011024440610547425,6,churn,0.007510791004086498,0.010924524934667305,5,churn,0.006421238853290651,0.008322757782152263,3,churn,0.006043792900656951,0.013407279359347076,9,H12 swarm (c = 1)|n100 m10 churn20 lam=0.05|603
h13_event_gamma,H12 swarm (c = 1),n100 m10 churn20 lam=0.05,churn,100,10,604,20000,4000,11.926275491714478,0.0008614391877108207,0.004141391400746991,0.008854631746274837,0.9990630524075663,6.125,0.07656249999999999,0.0,0.007984533997093621,0.05,,0.0008614391877108207,0.02310671613892095,0,churn,0.008418393774196549,0.011937701615520746,4,churn,0.003940336541430054,0.00934433263417248,6,churn,0.0034657028138114438,0.008161393846443578,7,churn,0.004024299833991333,0.008540748739368581,6,churn,0.003996474194487539,0.009335371858875537,8,churn,0.0024196375873124574,0.006957725910954541,6,churn,0.002841434403880891,0.008985315412676024,7,churn,0.004024852056865662,0.007574463952187212,5,H12 swarm (c = 1)|n100 m10 churn20 lam=0.05|604
h13_event_gamma,H12 swarm (c = 1),n100 m10 churn20 lam=0.05,churn,100,10,605,20000,4000,12.041490316390991,0.0008015564668455525,0.005010624279541336,0.01032321156488295,0.9946504449840752,6.625,0.08281250000000001,0.0,0.00917017755659409,0.05,,0.0008015564668455525,0.014997820392013443,0,churn,0.004140803695214677,0.009011451788211076,6,churn,0.004622547564936157,0.010482949702840309,8,churn,0.003970696683473674,0.010435143895572126,8,churn,0.003207216126678487,0.010350878606990023,9,churn,0.0032695712190639274,0.007938088617008073,5,churn,0.004177358161861991,0.0077917473423061885,4,churn,0.011457010231009758,0.013529931449079905,3,churn,0.005239790554092023,0.013045501117055902,10,H12 swarm (c = 1)|n100 m10 churn20 lam=0.05|605
h13_event_gamma,H12 swarm (c = 1),n100 m10 churn20 lam=0.05,churn,100,10,606,20000,4000,11.89600157737732,0.0011341750938532132,0.004847615874169282,0.012526964104184439,0.9950920196205024,9.625,0.1203125,0.0,0.010890615643119453,0.05,,0.0011341750938532132,0.006629112996451638,0,churn,0.002887243427068646,0.015699980765059154,12,churn,0.005384746649149576,0.012440155201610457,11,churn,0.002787736467952975,0.010114549058988587,10,churn,0.008077697416684527,0.013057350405637366,7,churn,0.004866676338762443,0.009720897021733812,7,churn,0.002459373432540307,0.012446994195587193,13,churn,0.007518446616451948,0.015740729862954574,9,churn,0.004799006644743829,0.01099505632190437,8,H12 swarm (c = 1)|n100 m10 churn20 lam=0.05|606
h13_event_gamma,H12 swarm (c = 1),n100 m10 churn20 lam=0.05,churn,100,10,607,20000,4000,11.587522506713867,0.0004911222434193251,0.004942462001269004,0.011660126656667987,0.9930621011014884,8.5,0.10625000000000001,0.0,0.01027884062147099,0.05,,0.0004911222434193251,0.008204047167754537,0,churn,0.0024749113823895703,0.015414582354497686,17,churn,0.005163293371243722,0.00851462352353849,5,churn,0.0054064418357621805,0.012647136309768115,9,churn,0.004289892784680783,0.008597785165543813,5,churn,0.008161470062367344,0.014865442119857143,7,churn,0.004573893078955091,0.01445223312021443,13,churn,0.003294715835414832,0.009694846138593954,8,churn,0.006175077659338503,0.009094364521330257,4,H12 swarm (c = 1)|n100 m10 churn20 lam=0.05|607
h13_event_gamma,H12 swarm (c = 1),n100 m10 churn20 lam=0.05,churn,100,10,608,20000,4000,11.69037652015686,0.0006756984310903283,0.005798889280678867,0.011365082287964928,0.9976567533397793,7.125,0.0890625,0.0,0.010276519191848826,0.05,,0.0006756984310903283,0.013619621398387863,0,churn,0.004567248901767956,0.0136016743114185,12,churn,0.006174719754105994,0.016223574024260824,13,churn,0.009119531965981063,0.012488130411742024,4,churn,0.004860744128891809,0.010408112780832268,8,churn,0.008049290382548997,0.012650029478056731,6,churn,0.004267770055321793,0.005267675985550045,1,churn,0.0032287855621095213,0.010938417180767301,10,churn,0.006123023494703805,0.009343044131091733,3,H12 swarm (c = 1)|n100 m10 churn20 lam=0.05|608
h13_event_gamma,H12 swarm (c = 1),n100 m10 churn20 lam=0.05,churn,100,10,609,20000,4000,11.303619384765625,0.00025655863405486156,0.0063105420398030555,0.010881483698518674,0.9987596586710017,6.0,0.07500000000000001,0.0,0.010081982459450809,0.05,,0.00025655863405486156,0.010364632278111527,0,churn,0.008000711286351088,0.008935304284614903,1,churn,0.007822334751938604,0.014948878616558694,9,churn,0.008539763799429749,0.009807719605917429,2,churn,0.0058897967344893505,0.01424557478282997,10,churn,0.004191689436811546,0.009812419884659874,8,churn,0.007129329805717493,0.00918287859568646,3,churn,0.004116619012585844,0.01127706051531686,10,churn,0.004794091491100776,0.0088420333025652,5,H12 swarm (c = 1)|n100 m10 churn20 lam=0.05|609
h13_event_gamma,H12 swarm (c = 1),n100 m10 churn20 lam=0.05,churn,100,10,610,20000,4000,11.670346736907959,0.00036567805905041053,0.005713139822148911,0.012560432646656747,0.9970681602390518,8.625,0.1078125,0.0,0.011130192072334715,0.05,,0.00036567805905041053,0.0068499866289539755,0,churn,0.012290643480575219,0.01357763738914672,2,churn,0.0023762207931391837,0.008959859374513412,9,churn,0.006268264482982231,0.007913511944250232,2,churn,0.0036638818665957586,0.012780826674934655,11,churn,0.0062282765946160695,0.01736620639678731,13,churn,0.00388170808061137,0.010813156354903349,9,churn,0.005819849125954472,0.011085844348864416,7,churn,0.005176274152716986,0.017986418689853883,16,H12 swarm (c = 1)|n100 m10 churn20 lam=0.05|610
h13_event_gamma,"H12 swarm, c = 0 after every change",n100 m10 churn20 lam=0.05,churn,100,10,601,20000,4000,10.527626752853394,0.0006910863892909312,0.0036282154258531103,0.008108858959630821,0.9947327444396012,5.625,0.0703125,0.0,0.007156498398646088,0.05,,0.0006910863892909312,0.013107798800482165,0,churn,0.003398414995352528,0.005567759235527199,3,churn,0.0029490687592375045,0.008963270832610086,8,churn,0.004511126658613667,0.01367241484069496,10,churn,0.0025686041898782958,0.009003150188458549,9,churn,0.0042291220264297855,0.006955967029928151,4,churn,0.003786687969253428,0.005634841623622639,2,churn,0.00518489311868495,0.008775664485968228,5,churn,0.0023978056893747242,0.006297803440236754,4,"H12 swarm, c = 0 after every change|n100 m10 churn20 lam=0.05|601"
h13_event_gamma,"H12 swarm, c = 0 after every change",n100 m10 churn20 lam=0.05,churn,100,10,602,20000,4000,10.338338851928711,0.0004921075407164687,0.0034185368272132994,0.010477051847103614,0.9929790035910501,8.375,0.1046875,0.0,0.008668137573493606,0.05,,0.0004921075407164687,0.0239080648063383,0,churn,0.0029608838533549077,0.018835134782976874,19,churn,0.005600348021697522,0.008466423957963602,3,churn,0.0026366114531144744,0.00544137625019047,4,churn,0.004168450812796079,0.011089342728925726,8,churn,0.0017226760664542252,0.009191387993833905,9,churn,0.005423770099178582,0.007713153553561669,2,churn,0.0026852870595472527,0.0098978439901388,8,churn,0.0021502672515633535,0.013181751519237872,14,"H12 swarm, c = 0 after every change|n100 m10 churn20 lam=0.05|602"
h13_event_gamma,"H12 swarm, c = 0 after every change",n100 m10 churn20 lam=0.05,churn,100,10,603,20000,4000,9.954107761383057,0.0008334994675289358,0.0027108484947191416,0.010568196140054638,0.9927712382213028,10.625,0.1328125,0.0,0.009370310414821587,0.05,,0.0008334994675289358,0.009161062079556146,0,churn,0.004527427271687962,0.010376313369103251,9,churn,0.0027537974826844737,0.010216932655123972,9,churn,0.0022757979345812644,0.01094127264116143,12,churn,0.0018246616975839912,0.008729324042410277,10,churn,0.0019833052770099734,0.008349134696601304,9,churn,0.003934973363764004,0.015456681780647769,16,churn,0.0016586332938562697,0.006315396526059676,5,churn,0.002728191636585194,0.01416051340932943,15,"H12 swarm, c = 0 after every change|n100 m10 churn20 lam=0.05|603"
h13_event_gamma,"H12 swarm, c = 0 after every change",n100 m10 churn20 lam=0.05,churn,100,10,604,20000,4000,10.624993562698364,0.0008614391877108207,0.003660496998018119,0.008922764362026058,0.9985849155822524,6.75,0.084375,0.0,0.007892609701612718,0.05,,0.0008614391877108207,0.02310671613892095,0,churn,0.00209133027679133,0.01008650112426226,11,churn,0.0021939566747978556,0.012321927353882023,13,churn,0.0024288722490947126,0.006112389501118813,3,churn,0.004656722761307869,0.006861981155742901,3,churn,0.002763248748850095,0.007772416915571393,7,churn,0.0035053712271482557,0.009834966765099143,8,churn,0.007348330127252129,0.009983059163505642,4,churn,0.0042961439189027045,0.008408872917026286,5,"H12 swarm, c = 0 after every change|n100 m10 churn20 lam=0.05|604"
h13_event_gamma,"H12 swarm, c = 0 after every change",n100 m10 churn20 lam=0.05,churn,100,10,605,20000,4000,10.335433959960938,0.0008015564668455525,0.003408428165147008,0.00869632109740031,0.9930649243340649,7.0,0.0875,0.0,0.007798424474459016,0.05,,0.0008015564668455525,0.014997820392013443,0,churn,0.001427550547387993,0.007015469443211311,7,churn,0.002756564463145518,0.009372751299947973,9,churn,0.002055718518570095,0.007496615432005689,8,churn,0.0049137771621163865,0.009860604383948068,6,churn,0.003255490654338512,0.00731026630961716,5,churn,0.003250644500951508,0.005191054739281804,3,churn,0.005441883724378453,0.011684147628752835,8,churn,0.004165795750287596,0.011639659542437644,10,"H12 swarm, c = 0 after every change|n100 m10 churn20 lam=0.05|605"
h13_event_gamma,"H12 swarm, c = 0 after every change",n100 m10 churn20 lam=0.05,churn,100,10,606,20000,4000,10.065797090530396,0.0011341750938532132,0.00450095230476459,0.01027302423788275,0.994748352265167,7.5,0.09375,0.0,0.009205345627532715,0.05,,0.0011341750938532132,0.006629112996451638,0,churn,0.0014624186806687228,0.013337030461257306,16,churn,0.003410276719600998,0.010801568728354414,9,churn,0.003866895305737218,0.010727489733922724,9,churn,0.004178633193723393,0.0075358527248983315,4,churn,0.003671246315312329,0.005663928501089001,3,churn,0.007613005570532831,0.010251081788070325,4,churn,0.003134345671479697,0.012560536295606321,11,churn,0.008670796981061534,0.011306705669863581,4,"H12 swarm, c = 0 after every change|n100 m10 churn20 lam=0.05|606"
h13_event_gamma,"H12 swarm, c = 0 after every change",n100 m10 churn20 lam=0.05,churn,100,10,607,20000,4000,10.01881718635559,0.0004911222434193251,0.004220519817910028,0.010121123873660093,0.9923479867709116,7.125,0.0890625,0.0,0.008688950476428363,0.05,,0.0004911222434193251,0.008204047167754537,0,churn,0.0018709688823479128,0.01579717181805371,17,churn,0.007624301512382456,0.008257795184025587,1,churn,0.004964623243383031,0.008587888279820067,5,churn,0.004005046550118474,0.009342902682668096,6,churn,0.00295924984661762,0.0074144357653645404,6,churn,0.004261104092722817,0.011147493078176368,7,churn,0.004221582155055202,0.009870999224654892,6,churn,0.0038572822606527096,0.010550304956517483,9,"H12 swarm, c = 0 after every change|n100 m10 churn20 lam=0.05|607"
h13_event_gamma,"H12 swarm, c = 0 after every change",n100 m10 churn20 lam=0.05,churn,100,10,608,20000,4000,10.15659785270691,0.0006756984310903283,0.0028914634380922052,0.009369097594061553,0.9947735972518041,8.25,0.103125,0.0,0.00806171998988455,0.05,,0.0006756984310903283,0.013619621398387863,0,churn,0.0016805497139888686,0.01141865352955259,13,churn,0.002060515486052694,0.013799198116758064,15,churn,0.0036331841587714914,0.010117916544346066,7,churn,0.0031160714803375685,0.0062930909773065155,5,churn,0.0036345674480968747,0.010857150215740075,10,churn,0.0031687595672938635,0.008770041148074779,7,churn,0.0022009518466397475,0.005209092849041527,4,churn,0.0036371078035565335,0.008487637371672805,5,"H12 swarm, c = 0 after every change|n100 m10 churn20 lam=0.05|608"
h13_event_gamma,"H12 swarm, c = 0 after every change",n100 m10 churn20 lam=0.05,churn,100,10,609,20000,4000,9.84498143196106,0.00025655863405486156,0.003218537247977533,0.008999612427034079,0.9956900927811926,7.625,0.0953125,0.0,0.007999100291725389,0.05,,0.00025655863405486156,0.010364632278111527,0,churn,0.0034821822949159115,0.009698319266911013,8,churn,0.0020684256844140515,0.010499192228234599,11,churn,0.0029678757467237506,0.006718621874977862,5,churn,0.0029723178565572834,0.010771770956054682,11,churn,0.0028406227189466822,0.007285112100435428,5,churn,0.00446845080375505,0.008454071664499904,6,churn,0.003452529413583882,0.009910667200244102,9,churn,0.003495893464923654,0.008659144124915035,6,"H12 swarm, c = 0 after every change|n100 m10 churn20 lam=0.05|609"
h13_event_gamma,"H12 swarm, c = 0 after every change",n100 m10 churn20 lam=0.05,churn,100,10,610,20000,4000,10.382818222045898,0.00036567805905041053,0.004228945843072753,0.009012837503126378,0.9955965167281229,6.5,0.08125,0.0,0.008305737911088188,0.05,,0.00036567805905041053,0.0068499866289539755,0,churn,0.0043797769951430905,0.00962227636241674,7,churn,0.0034072968726312097,0.006819610307912909,4,churn,0.002795107933137212,0.00972804961152604,9,churn,0.004317707606202834,0.010590125289715483,9,churn,0.004018294353467477,0.007917033655621781,6,churn,0.004357357297249722,0.00649143693055164,3,churn,0.008921864196635938,0.010281154544009751,2,churn,0.0016341614901145382,0.010653013323256676,12,"H12 swarm, c = 0 after every change|n100 m10 churn20 lam=0.05|610"
h13_event_gamma,"H12 swarm, event-aware gamma",n100 m10 churn20 lam=0.05,churn,100,10,601,20000,4000,9.938524961471558,0.0006910863892909312,0.0036282154258531103,0.008108858959630821,0.9947327444396012,5.625,0.0703125,0.0,0.007156498398646088,0.05,,0.0006910863892909312,0.013107798800482165,0,churn,0.003398414995352528,0.005567759235527199,3,churn,0.0029490687592375045,0.008963270832610086,8,churn,0.004511126658613667,0.01367241484069496,10,churn,0.0025686041898782958,0.009003150188458549,9,churn,0.0042291220264297855,0.006955967029928151,4,churn,0.003786687969253428,0.005634841623622639,2,churn,0.00518489311868495,0.008775664485968228,5,churn,0.0023978056893747242,0.006297803440236754,4,"H12 swarm, event-aware gamma|n100 m10 churn20 lam=0.05|601"
h13_event_gamma,"H12 swarm, event-aware gamma",n100 m10 churn20 lam=0.05,churn,100,10,602,20000,4000,10.161902666091919,0.0004921075407164687,0.0034185368272132994,0.010477051847103614,0.9929790035910501,8.375,0.1046875,0.0,0.008668137573493606,0.05,,0.0004921075407164687,0.0239080648063383,0,churn,0.0029608838533549077,0.018835134782976874,19,churn,0.005600348021697522,0.008466423957963602,3,churn,0.0026366114531144744,0.00544137625019047,4,churn,0.004168450812796079,0.011089342728925726,8,churn,0.0017226760664542252,0.009191387993833905,9,churn,0.005423770099178582,0.007713153553561669,2,churn,0.0026852870595472527,0.0098978439901388,8,churn,0.0021502672515633535,0.013181751519237872,14,"H12 swarm, event-aware gamma|n100 m10 churn20 lam=0.05|602"
h13_event_gamma,"H12 swarm, event-aware gamma",n100 m10 churn20 lam=0.05,churn,100,10,603,20000,4000,10.242685317993164,0.0008334994675289358,0.0027108484947191416,0.010568196140054638,0.9927712382213028,10.625,0.1328125,0.0,0.009370310414821587,0.05,,0.0008334994675289358,0.009161062079556146,0,churn,0.004527427271687962,0.010376313369103251,9,churn,0.0027537974826844737,0.010216932655123972,9,churn,0.0022757979345812644,0.01094127264116143,12,churn,0.0018246616975839912,0.008729324042410277,10,churn,0.0019833052770099734,0.008349134696601304,9,churn,0.003934973363764004,0.015456681780647769,16,churn,0.0016586332938562697,0.006315396526059676,5,churn,0.002728191636585194,0.01416051340932943,15,"H12 swarm, event-aware gamma|n100 m10 churn20 lam=0.05|603"
h13_event_gamma,"H12 swarm, event-aware gamma",n100 m10 churn20 lam=0.05,churn,100,10,604,20000,4000,10.271784782409668,0.0008614391877108207,0.003660496998018119,0.008922764362026058,0.9985849155822524,6.75,0.084375,0.0,0.007892609701612718,0.05,,0.0008614391877108207,0.02310671613892095,0,churn,0.00209133027679133,0.01008650112426226,11,churn,0.0021939566747978556,0.012321927353882023,13,churn,0.0024288722490947126,0.006112389501118813,3,churn,0.004656722761307869,0.006861981155742901,3,churn,0.002763248748850095,0.007772416915571393,7,churn,0.0035053712271482557,0.009834966765099143,8,churn,0.007348330127252129,0.009983059163505642,4,churn,0.0042961439189027045,0.008408872917026286,5,"H12 swarm, event-aware gamma|n100 m10 churn20 lam=0.05|604"
h13_event_gamma,"H12 swarm, event-aware gamma",n100 m10 churn20 lam=0.05,churn,100,10,605,20000,4000,10.445436954498291,0.0008015564668455525,0.003408428165147008,0.00869632109740031,0.9930649243340649,7.0,0.0875,0.0,0.007798424474459016,0.05,,0.0008015564668455525,0.014997820392013443,0,churn,0.001427550547387993,0.007015469443211311,7,churn,0.002756564463145518,0.009372751299947973,9,churn,0.002055718518570095,0.007496615432005689,8,churn,0.0049137771621163865,0.009860604383948068,6,churn,0.003255490654338512,0.00731026630961716,5,churn,0.003250644500951508,0.005191054739281804,3,churn,0.005441883724378453,0.011684147628752835,8,churn,0.004165795750287596,0.011639659542437644,10,"H12 swarm, event-aware gamma|n100 m10 churn20 lam=0.05|605"
h13_event_gamma,"H12 swarm, event-aware gamma",n100 m10 churn20 lam=0.05,churn,100,10,606,20000,4000,9.943387031555176,0.0011341750938532132,0.00450095230476459,0.01027302423788275,0.994748352265167,7.5,0.09375,0.0,0.009205345627532715,0.05,,0.0011341750938532132,0.006629112996451638,0,churn,0.0014624186806687228,0.013337030461257306,16,churn,0.003410276719600998,0.010801568728354414,9,churn,0.003866895305737218,0.010727489733922724,9,churn,0.004178633193723393,0.0075358527248983315,4,churn,0.003671246315312329,0.005663928501089001,3,churn,0.007613005570532831,0.010251081788070325,4,churn,0.003134345671479697,0.012560536295606321,11,churn,0.008670796981061534,0.011306705669863581,4,"H12 swarm, event-aware gamma|n100 m10 churn20 lam=0.05|606"
h13_event_gamma,"H12 swarm, event-aware gamma",n100 m10 churn20 lam=0.05,churn,100,10,607,20000,4000,9.951423168182373,0.0004911222434193251,0.004220519817910028,0.010121123873660093,0.9923479867709116,7.125,0.0890625,0.0,0.008688950476428363,0.05,,0.0004911222434193251,0.008204047167754537,0,churn,0.0018709688823479128,0.01579717181805371,17,churn,0.007624301512382456,0.008257795184025587,1,churn,0.004964623243383031,0.008587888279820067,5,churn,0.004005046550118474,0.009342902682668096,6,churn,0.00295924984661762,0.0074144357653645404,6,churn,0.004261104092722817,0.011147493078176368,7,churn,0.004221582155055202,0.009870999224654892,6,churn,0.0038572822606527096,0.010550304956517483,9,"H12 swarm, event-aware gamma|n100 m10 churn20 lam=0.05|607"
h13_event_gamma,"H12 swarm, event-aware gamma",n100 m10 churn20 lam=0.05,churn,100,10,608,20000,4000,10.100893497467041,0.0006756984310903283,0.0028914634380922052,0.009369097594061553,0.9947735972518041,8.25,0.103125,0.0,0.00806171998988455,0.05,,0.0006756984310903283,0.013619621398387863,0,churn,0.0016805497139888686,0.01141865352955259,13,churn,0.002060515486052694,0.013799198116758064,15,churn,0.0036331841587714914,0.010117916544346066,7,churn,0.0031160714803375685,0.0062930909773065155,5,churn,0.0036345674480968747,0.010857150215740075,10,churn,0.0031687595672938635,0.008770041148074779,7,churn,0.0022009518466397475,0.005209092849041527,4,churn,0.0036371078035565335,0.008487637371672805,5,"H12 swarm, event-aware gamma|n100 m10 churn20 lam=0.05|608"
h13_event_gamma,"H12 swarm, event-aware gamma",n100 m10 churn20 lam=0.05,churn,100,10,609,20000,4000,10.331944704055786,0.00025655863405486156,0.003218537247977533,0.008999612427034079,0.9956900927811926,7.625,0.0953125,0.0,0.007999100291725389,0.05,,0.00025655863405486156,0.010364632278111527,0,churn,0.0034821822949159115,0.009698319266911013,8,churn,0.0020684256844140515,0.010499192228234599,11,churn,0.0029678757467237506,0.006718621874977862,5,churn,0.0029723178565572834,0.010771770956054682,11,churn,0.0028406227189466822,0.007285112100435428,5,churn,0.00446845080375505,0.008454071664499904,6,churn,0.003452529413583882,0.009910667200244102,9,churn,0.003495893464923654,0.008659144124915035,6,"H12 swarm, event-aware gamma|n100 m10 churn20 lam=0.05|609"
h13_event_gamma,"H12 swarm, event-aware gamma",n100 m10 churn20 lam=0.05,churn,100,10,610,20000,4000,10.089722633361816,0.00036567805905041053,0.004228945843072753,0.009012837503126378,0.9955965167281229,6.5,0.08125,0.0,0.008305737911088188,0.05,,0.00036567805905041053,0.0068499866289539755,0,churn,0.0043797769951430905,0.00962227636241674,7,churn,0.0034072968726312097,0.006819610307912909,4,churn,0.002795107933137212,0.00972804961152604,9,churn,0.004317707606202834,0.010590125289715483,9,churn,0.004018294353467477,0.007917033655621781,6,churn,0.004357357297249722,0.00649143693055164,3,churn,0.008921864196635938,0.010281154544009751,2,churn,0.0016341614901145382,0.010653013323256676,12,"H12 swarm, event-aware gamma|n100 m10 churn20 lam=0.05|610"
h13_event_gamma,Chooser (cheaper of the two),n100 m10 churn20 lam=0.2,churn,100,10,601,20000,4000,0.03766202926635742,0.00954770683726473,0.014860464817500212,0.014860464817500212,1.0058679062820342,0.0,0.0,0.0,0.014860464817500212,0.2,,0.00954770683726473,0.00954770683726473,0,churn,0.012993313764620151,0.012993313764620151,0,churn,0.00975717238909297,0.00975717238909297,0,churn,0.01795324405710418,0.01795324405710418,0,churn,0.03391777519423104,0.03391777519423104,0,churn,0.02054489841467855,0.02054489841467855,0,churn,0.006614561874563683,0.006614561874563683,0,churn,0.011002040986805845,0.011002040986805845,0,churn,0.006100711858905285,0.006100711858905285,0,Chooser (cheaper of the two)|n100 m10 churn20 lam=0.2|601
h13_event_gamma,Chooser (cheaper of the two),n100 m10 churn20 lam=0.2,churn,100,10,602,20000,4000,0.03741002082824707,0.01352893455368545,0.035454980759574414,0.035454980759574414,1.0246662989901862,0.0,0.0,0.0,0.035454980759574414,0.2,,0.01352893455368545,0.01352893455368545,0,churn,0.06845953422321939,0.06845953422321939,0,churn,0.010697207530485782,0.010697207530485782,0,churn,0.009997885602626398,0.009997885602626398,0,churn,0.02148155645698909,0.02148155645698909,0,churn,0.07808842837739559,0.07808842837739559,0,churn,0.04180235775880297,0.04180235775880297,0,churn,0.031304693619806534,0.031304693619806534,0,churn,0.021808182507269538,0.021808182507269538,0,Chooser (cheaper of the two)|n100 m10 churn20 lam=0.2|602
h13_event_gamma,Chooser (cheaper of the two),n100 m10 churn20 lam=0.2,churn,100,10,603,20000,4000,0.043627023696899414,0.00991078955176043,0.01914232243941495,0.01914232243941495,1.0090338650423583,0.0,0.0,0.0,0.01914232243941495,0.2,,0.00991078955176043,0.00991078955176043,0,churn,0.022244849408015546,0.022244849408015546,0,churn,0.022894669251291185,0.022894669251291185,0,churn,0.026652107465584298,0.026652107465584298,0,churn,0.02580235689985629,0.02580235689985629,0,churn,0.01372740544434326,0.01372740544434326,0,churn,0.012254522349041732,0.012254522349041732,0,churn,0.015319360446088079,0.015319360446088079,0,churn,0.014243308251099214,0.014243308251099214,0,Chooser (cheaper of the two)|n100 m10 churn20 lam=0.2|603
h13_event_gamma,Chooser (cheaper of the two),n100 m10 churn20 lam=0.2,churn,100,10,604,20000,4000,0.03815126419067383,0.005446266044979927,0.022915031207967666,0.022915031207967666,1.017741353003015,0.0,0.0,0.0,0.022915031207967666,0.2,,0.005446266044979927,0.005446266044979927,0,churn,0.016553872072625618,0.016553872072625618,0,churn,0.06195908676366334,0.06195908676366334,0,churn,0.03831009877532769,0.03831009877532769,0,churn,0.020485368437059018,0.020485368437059018,0,churn,0.006618936452110066,0.006618936452110066,0,churn,0.011789465510784311,0.011789465510784311,0,churn,0.016462182662395373,0.016462182662395373,0,churn,0.011141238989775933,0.011141238989775933,0,Chooser (cheaper of the two)|n100 m10 churn20 lam=0.2|604
h13_event_gamma,Chooser (cheaper of the two),n100 m10 churn20 lam=0.2,churn,100,10,605,20000,4000,0.04146742820739746,0.010728903253768242,0.017015751859240973,0.017015751859240973,1.0065311965332084,0.0,0.0,0.0,0.017015751859240973,0.2,,0.010728903253768242,0.010728903253768242,0,churn,0.01663976850812747,0.01663976850812747,0,churn,0.015706173177645066,0.015706173177645066,0,churn,0.022952739105200202,0.022952739105200202,0,churn,0.01352134908772834,0.01352134908772834,0,churn,0.010646200680425074,0.010646200680425074,0,churn,0.008787563099940466,0.008787563099940466,0,churn,0.023340238958576304,0.023340238958576304,0,churn,0.024531982256284834,0.024531982256284834,0,Chooser (cheaper of the two)|n100 m10 churn20 lam=0.2|605
h13_event_gamma,Chooser (cheaper of the two),n100 m10 churn20 lam=0.2,churn,100,10,606,20000,4000,0.039305925369262695,0.00868146237657879,0.020715965654818133,0.020715965654818133,1.0108047131636662,0.0,0.0,0.0,0.020715965654818133,0.2,,0.00868146237657879,0.00868146237657879,0,churn,0.030155224543101804,0.030155224543101804,0,churn,0.01800711034126876,0.01800711034126876,0,churn,0.03791145303162104,0.03791145303162104,0,churn,0.025214003853873117,0.025214003853873117,0,churn,0.00870355791725002,0.00870355791725002,0,churn,0.010076101792251827,0.010076101792251827,0,churn,0.025139740792080083,0.025139740792080083,0,churn,0.010520532967098413,0.010520532967098413,0,Chooser (cheaper of the two)|n100 m10 churn20 lam=0.2|606
h13_event_gamma,Chooser (cheaper of the two),n100 m10 churn20 lam=0.2,churn,100,10,607,20000,4000,0.03985786437988281,0.011543350314852156,0.019220103755498437,0.019220103755498437,1.0071680027629424,0.0,0.0,0.0,0.019220103755498437,0.2,,0.011543350314852156,0.011543350314852156,0,churn,0.04491671456381904,0.04491671456381904,0,churn,0.013983213479709305,0.013983213479709305,0,churn,0.028392899595142917,0.028392899595142917,0,churn,0.008164690895016601,0.008164690895016601,0,churn,0.012312944565116689,0.012312944565116689,0,churn,0.009381102331412603,0.009381102331412603,0,churn,0.017507279662147726,0.017507279662147726,0,churn,0.019101984951622623,0.019101984951622623,0,Chooser (cheaper of the two)|n100 m10 churn20 lam=0.2|607
h13_event_gamma,Chooser (cheaper of the two),n100 m10 churn20 lam=0.2,churn,100,10,608,20000,4000,0.03821587562561035,0.007004692944569671,0.026928441141567203,0.026928441141567203,1.018620932252789,0.0,0.0,0.0,0.026928441141567203,0.2,,0.007004692944569671,0.007004692944569671,0,churn,0.03346862823348748,0.03346862823348748,0,churn,0.08530905546208156,0.08530905546208156,0,churn,0.011376270125177985,0.011376270125177985,0,churn,0.024469261726728826,0.024469261726728826,0,churn,0.020906996956811173,0.020906996956811173,0,churn,0.009328218842498168,0.009328218842498168,0,churn,0.013797804095502459,0.013797804095502459,0,churn,0.016771293690249982,0.016771293690249982,0,Chooser (cheaper of the two)|n100 m10 churn20 lam=0.2|608
h13_event_gamma,Chooser (cheaper of the two),n100 m10 churn20 lam=0.2,churn,100,10,609,20000,4000,0.038225412368774414,0.012217991958425711,0.01675520485095945,0.01675520485095945,1.009127589218187,0.0,0.0,0.0,0.01675520485095945,0.2,,0.012217991958425711,0.012217991958425711,0,churn,0.01082419989883709,0.01082419989883709,0,churn,0.02856948424773786,0.02856948424773786,0,churn,0.016697952731881457,0.016697952731881457,0,churn,0.02169372747575017,0.02169372747575017,0,churn,0.010929834575370034,0.010929834575370034,0,churn,0.01311105193184771,0.01311105193184771,0,churn,0.01872958050032575,0.01872958050032575,0,churn,0.013485807445925556,0.013485807445925556,0,Chooser (cheaper of the two)|n100 m10 churn20 lam=0.2|609
h13_event_gamma,Chooser (cheaper of the two),n100 m10 churn20 lam=0.2,churn,100,10,610,20000,4000,0.03789067268371582,0.008918877279033004,0.01787325574632711,0.01787325574632711,1.0091247069184686,0.0,0.0,0.0,0.01787325574632711,0.2,,0.008918877279033004,0.008918877279033004,0,churn,0.031448549740248376,0.031448549740248376,0,churn,0.009526973313073587,0.009526973313073587,0,churn,0.018515794775900138,0.018515794775900138,0,churn,0.012947799371696617,0.012947799371696617,0,churn,0.014795817839695096,0.014795817839695096,0,churn,0.010105733768954217,0.010105733768954217,0,churn,0.02084490861742467,0.02084490861742467,0,churn,0.02480046854362416,0.02480046854362416,0,Chooser (cheaper of the two)|n100 m10 churn20 lam=0.2|610
h13_event_gamma,H12 swarm (c = 1),n100 m10 churn20 lam=0.2,churn,100,10,601,20000,4000,11.45148253440857,0.0006910863892909312,0.0081230949024552,0.013212268120230564,0.9991872105016522,1.625,0.0203125,0.0,0.012217405639518852,0.2,,0.0006910863892909312,0.013107798800482165,0,churn,0.006480141325167711,0.006480141325167711,0,churn,0.009245517961449283,0.014412932493444596,2,churn,0.0066021292488536755,0.014611164545801818,3,churn,0.005898464931555698,0.01806714368811348,3,churn,0.00910822513234068,0.013005863827166814,1,churn,0.010041031999959201,0.015156688030849989,2,churn,0.008305625503701397,0.014660587934686152,2,churn,0.009303623116613953,0.009303623116613953,0,H12 swarm (c = 1)|n100 m10 churn20 lam=0.2|601
h13_event_gamma,H12 swarm (c = 1),n100 m10 churn20 lam=0.2,churn,100,10,602,20000,4000,11.704193830490112,0.0004921075407164687,0.007171422852246211,0.014974136197015818,0.9966932865841089,2.75,0.034375,0.0,0.014084761344894215,0.2,,0.0004921075407164687,0.0239080648063383,0,churn,0.004596098747952427,0.03269388796983884,10,churn,0.008653240738366666,0.008745165367946369,0,churn,0.005983621209346694,0.006705980743701143,0,churn,0.010506810348246763,0.016068174681836016,2,churn,0.006286829653313433,0.023405447225765666,6,churn,0.008787268376889831,0.008817632565581645,0,churn,0.008060616149392068,0.00806061614939207,0,churn,0.004496897594461807,0.015296184872064793,4,H12 swarm (c = 1)|n100 m10 churn20 lam=0.2|602
h13_event_gamma,H12 swarm (c = 1),n100 m10 churn20 lam=0.2,churn,100,10,603,20000,4000,11.899285554885864,0.0008334994675289358,0.008759383515195528,0.01243447571993718,0.9987618664291555,1.25,0.015625,0.0,0.011908412656847599,0.2,,0.0008334994675289358,0.009161062079556146,0,churn,0.0072435838837328435,0.013117317616140016,2,churn,0.007362364545126367,0.008502280981598833,0,churn,0.006021968613165477,0.011543345121195632,2,churn,0.007850029958254439,0.015479855263998319,3,churn,0.01285745271253803,0.012857452712538032,0,churn,0.008387101868198306,0.013841760555402387,2,churn,0.01031471185871548,0.011193250522594018,0,churn,0.01003785468183328,0.012940542986030194,1,H12 swarm (c = 1)|n100 m10 churn20 lam=0.2|603
h13_event_gamma,H12 swarm (c = 1),n100 m10 churn20 lam=0.2,churn,100,10,604,20000,4000,12.017834663391113,0.0008614391877108207,0.00963260221273691,0.017323715860471094,1.0045267928223378,2.375,0.029687500000000002,0.0,0.01562342567927821,0.2,,0.0008614391877108207,0.02310671613892095,0,churn,0.010047737030639771,0.012615298896862123,1,churn,0.00995609239871213,0.03098197607009677,5,churn,0.014477855766860784,0.014477855766860783,0,churn,0.011246643624490335,0.018703371779271345,2,churn,0.010161859028721704,0.015351714389227021,2,churn,0.005321262348289886,0.01083947330176433,2,churn,0.009799261392516303,0.021518202854862545,4,churn,0.006050106111664368,0.01410183382482384,3,H12 swarm (c = 1)|n100 m10 churn20 lam=0.2|604
h13_event_gamma,H12 swarm (c = 1),n100 m10 churn20 lam=0.2,churn,100,10,605,20000,4000,11.26149868965149,0.0008015564668455525,0.01030733659677557,0.017034756330191435,0.9998952791468093,2.125,0.026562500000000003,0.0,0.01566208677690433,0.2,,0.0008015564668455525,0.014997820392013443,0,churn,0.008040026560708487,0.014978206677372924,2,churn,0.0069689661334937595,0.014575945058978948,3,churn,0.00310872100102599,0.015663772880493594,4,churn,0.024346100505961477,0.02434610050596148,0,churn,0.008222489300413685,0.009339285421775189,0,churn,0.008027831034025816,0.014282580889516658,2,churn,0.012627577068126554,0.019657955731204328,2,churn,0.011116981170448797,0.02343420347622837,4,H12 swarm (c = 1)|n100 m10 churn20 lam=0.2|605
h13_event_gamma,H12 swarm (c = 1),n100 m10 churn20 lam=0.2,churn,100,10,606,20000,4000,11.812647104263306,0.0011341750938532132,0.011590559776163212,0.017410302591652528,1.0017720940839472,1.625,0.020312499999999997,0.0,0.015691001131100727,0.2,,0.0011341750938532132,0.006629112996451638,0,churn,0.025886697603188867,0.025886697603188874,0,churn,0.010435971844033385,0.010435971844033385,0,churn,0.007007458051049158,0.03063434527140247,5,churn,0.005079573035170693,0.0077423205241933446,1,churn,0.007059366977795975,0.00771889025693454,0,churn,0.015235379792286233,0.018505180339785845,1,churn,0.00865908018711153,0.01685641546537238,3,churn,0.013360950718669842,0.0215025994283094,3,H12 swarm (c = 1)|n100 m10 churn20 lam=0.2|606
h13_event_gamma,H12 swarm (c = 1),n100 m10 churn20 lam=0.2,churn,100,10,607,20000,4000,12.006741285324097,0.0004911222434193251,0.010544421778003465,0.01505074866800772,0.9985978697207193,1.375,0.0171875,0.0,0.01401007901241798,0.2,,0.0004911222434193251,0.008204047167754537,0,churn,0.006232342732317069,0.02558636544914084,6,churn,0.008725722741206818,0.012770615719564046,1,churn,0.010514380306542226,0.01051438030654223,0,churn,0.014899557452527367,0.015619826731492452,0,churn,0.011114069911830875,0.014171643442705483,1,churn,0.011939132488819455,0.014643534620788396,1,churn,0.01154424252031883,0.014263991111178645,1,churn,0.009385926070465083,0.012835631962649674,1,H12 swarm (c = 1)|n100 m10 churn20 lam=0.2|607
h13_event_gamma,H12 swarm (c = 1),n100 m10 churn20 lam=0.2,churn,100,10,608,20000,4000,12.030112981796265,0.0006756984310903283,0.008336642630578142,0.01619356378585008,1.0001734160004694,2.75,0.034375,0.0,0.015266052131302853,0.2,,0.0006756984310903283,0.013619621398387863,0,churn,0.006856520659182668,0.020422045684881214,5,churn,0.00995124456183725,0.023863012886662524,5,churn,0.010500387386176861,0.015800748394892036,2,churn,0.006768076656835792,0.012978920771764707,2,churn,0.007355166504649169,0.015552130445007565,3,churn,0.008038166325999109,0.013091077437713953,2,churn,0.011425973629247054,0.012382372282846837,0,churn,0.005797605320697224,0.015458202383031808,3,H12 swarm (c = 1)|n100 m10 churn20 lam=0.2|608
h13_event_gamma,H12 swarm (c = 1),n100 m10 churn20 lam=0.2,churn,100,10,609,20000,4000,11.721616506576538,0.00025655863405486156,0.010194547513364894,0.016141976282251117,1.0026193603023088,2.125,0.026562500000000003,0.0,0.01554460700918466,0.2,,0.00025655863405486156,0.010364632278111527,0,churn,0.008000711286351088,0.010769542099171449,1,churn,0.014092957858897087,0.01680062800109064,1,churn,0.007269397717396768,0.010618452418878594,1,churn,0.013613985824947739,0.01361398582494774,0,churn,0.01591773473688528,0.01591773473688528,0,churn,0.009588861112037125,0.017422074296675305,3,churn,0.005130753326258303,0.030636796796144505,9,churn,0.007941978244145774,0.013356596084215425,2,H12 swarm (c = 1)|n100 m10 churn20 lam=0.2|609
h13_event_gamma,H12 swarm (c = 1),n100 m10 churn20 lam=0.2,churn,100,10,610,20000,4000,11.818150281906128,0.00036567805905041053,0.00842942452253285,0.011876185821660688,0.9997605720642142,1.125,0.014062500000000002,0.0,0.011263204726101154,0.2,,0.00036567805905041053,0.0068499866289539755,0,churn,0.01170696801062748,0.014731937920481981,1,churn,0.004998754104655528,0.008330678605746971,1,churn,0.006595897080627671,0.009203483108874706,1,churn,0.0067123448151748715,0.015123149129075586,3,churn,0.006507229471914358,0.006507229471914356,0,churn,0.017391240115360074,0.018511448982376066,0,churn,0.008219332592380876,0.01706599152146047,3,churn,0.005303629989521936,0.005535567833355364,0,H12 swarm (c = 1)|n100 m10 churn20 lam=0.2|610
h13_event_gamma,"H12 swarm, c = 0 after every change",n100 m10 churn20 lam=0.2,churn,100,10,601,20000,4000,10.093037605285645,0.0006910863892909312,0.0063145270711196305,0.012972931720702664,0.9973943485468173,2.375,0.0296875,0.0,0.012288015114585146,0.2,,0.0006910863892909312,0.013107798800482165,0,churn,0.006480141325167711,0.006480141325167711,0,churn,0.004073733403678997,0.014335633160983378,4,churn,0.006902319615730891,0.020449252282324942,5,churn,0.004374101510102354,0.014696761061223215,4,churn,0.009211172705919129,0.017851635110745535,3,churn,0.005959163394615387,0.011459265132092108,2,churn,0.006208628164825852,0.007638971563180836,0,churn,0.007306956448916727,0.01087179412990359,1,"H12 swarm, c = 0 after every change|n100 m10 churn20 lam=0.2|601"
h13_event_gamma,"H12 swarm, c = 0 after every change",n100 m10 churn20 lam=0.2,churn,100,10,602,20000,4000,9.756351232528687,0.0004921075407164687,0.00780354035234453,0.018889761545796677,0.9973167114589001,3.75,0.046875,0.0,0.017256466046086827,0.2,,0.0004921075407164687,0.0239080648063383,0,churn,0.014238954338666508,0.0373262360951571,8,churn,0.008653240738366666,0.011525452137980894,1,churn,0.005913880065779309,0.009017257076064863,1,churn,0.011987718004681293,0.01578905752617626,1,churn,0.006123804759707223,0.026872509858698126,7,churn,0.006462086504588406,0.016937481423488075,4,churn,0.006517425950042109,0.021256032694439115,5,churn,0.0025312124569247217,0.012394065554368961,3,"H12 swarm, c = 0 after every change|n100 m10 churn20 lam=0.2|602"
h13_event_gamma,"H12 swarm, c = 0 after every change",n100 m10 churn20 lam=0.2,churn,100,10,603,20000,4000,10.520460844039917,0.0008334994675289358,0.006544814486584873,0.01209126164941752,0.9965683288918431,1.875,0.0234375,0.0,0.01126549433748061,0.2,,0.0008334994675289358,0.009161062079556146,0,churn,0.006189463380260589,0.011703684548319992,1,churn,0.0036780986240089204,0.004640068242272807,0,churn,0.004141864170546224,0.009988992400166223,2,churn,0.009723881471591912,0.02006484991700622,4,churn,0.008501028254953599,0.00881086228591632,0,churn,0.008898790291175586,0.013948993727180316,2,churn,0.004946167062094966,0.01051244154404756,2,churn,0.006279222638047184,0.017060200530430725,4,"H12 swarm, c = 0 after every change|n100 m10 churn20 lam=0.2|603"
h13_event_gamma,"H12 swarm, c = 0 after every change",n100 m10 churn20 lam=0.2,churn,100,10,604,20000,4000,10.468351364135742,0.0008614391877108207,0.008938600623890413,0.015184535153677296,1.003836438163506,1.875,0.0234375,0.0,0.013662211585412691,0.2,,0.0008614391877108207,0.02310671613892095,0,churn,0.010047737030639771,0.015121288547449473,2,churn,0.006002990375406231,0.029835868787061147,7,churn,0.012281103427168446,0.012281103427168446,0,churn,0.0075420774883770995,0.01006395341522981,1,churn,0.01051847362002972,0.01957787360246899,3,churn,0.004340782177639485,0.008611019051841315,1,churn,0.01000038965607448,0.013528922544996864,1,churn,0.010775251215788073,0.012456251853202318,0,"H12 swarm, c = 0 after every change|n100 m10 churn20 lam=0.2|604"
h13_event_gamma,"H12 swarm, c = 0 after every change",n100 m10 churn20 lam=0.2,churn,100,10,605,20000,4000,9.968755960464478,0.0008015564668455525,0.0077259040469460916,0.015515589478502134,0.9973374650603676,2.5,0.03125,0.0,0.014014859469583058,0.2,,0.0008015564668455525,0.014997820392013443,0,churn,0.0071403078864899164,0.014508477618384882,2,churn,0.014493392404015246,0.014493392404015249,0,churn,0.0065325547224873125,0.020227065188183267,5,churn,0.01126083894324588,0.018177391838910237,2,churn,0.00479385643493214,0.011623479408427662,2,churn,0.002855452251947927,0.014552388113170453,4,churn,0.008246851880323619,0.011015322282806434,1,churn,0.006483977852126695,0.01952719897411888,4,"H12 swarm, c = 0 after every change|n100 m10 churn20 lam=0.2|605"
h13_event_gamma,"H12 swarm, c = 0 after every change",n100 m10 churn20 lam=0.2,churn,100,10,606,20000,4000,10.190269231796265,0.0011341750938532132,0.009940036561327064,0.015103449409406567,1.000135216748976,1.625,0.0203125,0.0,0.014023507690685274,0.2,,0.0011341750938532132,0.006629112996451638,0,churn,0.025886697603188867,0.025886697603188874,0,churn,0.008815953328550785,0.009707469724115677,0,churn,0.005504870090198366,0.020269337721509066,5,churn,0.005416990301016319,0.012617811222871542,2,churn,0.009748582769758226,0.009748582769758228,0,churn,0.014265974914440626,0.01536979355643761,0,churn,0.004493417963217992,0.016455327132514314,4,churn,0.005387805520245326,0.010772575544857225,2,"H12 swarm, c = 0 after every change|n100 m10 churn20 lam=0.2|606"
h13_event_gamma,"H12 swarm, c = 0 after every change",n100 m10 churn20 lam=0.2,churn,100,10,607,20000,4000,10.235585689544678,0.0004911222434193251,0.007069973552110841,0.015634419008100208,0.9951640262053963,2.875,0.0359375,0.0,0.014295146017993927,0.2,,0.0004911222434193251,0.008204047167754537,0,churn,0.004185786610233238,0.036960199047389224,11,churn,0.006179725189160188,0.012172188515997757,2,churn,0.00408665984686212,0.011373882845275404,2,churn,0.0069900530431592075,0.009728413507422502,1,churn,0.011424789821088431,0.011424789821088428,0,churn,0.007492539187029622,0.020977798101454347,5,churn,0.011438875187778417,0.011582676504869256,0,churn,0.004761359531575503,0.010855403721304748,2,"H12 swarm, c = 0 after every change|n100 m10 churn20 lam=0.2|607"
h13_event_gamma,"H12 swarm, c = 0 after every change",n100 m10 churn20 lam=0.2,churn,100,10,608,20000,4000,10.786730527877808,0.0006756984310903283,0.007098823172703163,0.013075548677031574,0.998946101567624,2.0,0.025,0.0,0.012129341446503718,0.2,,0.0006756984310903283,0.013619621398387863,0,churn,0.006860880118755206,0.017307789208782905,3,churn,0.006876657274208216,0.007570529495739496,0,churn,0.0075210656887451065,0.01607145156886397,3,churn,0.0054335236942449515,0.013277648550745086,3,churn,0.007295048208749222,0.013319684392639846,2,churn,0.009148827130019827,0.01178756342877106,1,churn,0.01003629723963768,0.011527530687545763,0,churn,0.0036182860272650995,0.01374219208316447,4,"H12 swarm, c = 0 after every change|n100 m10 churn20 lam=0.2|608"
h13_event_gamma,"H12 swarm, c = 0 after every change",n100 m10 churn20 lam=0.2,churn,100,10,609,20000,4000,9.798046112060547,0.00025655863405486156,0.007386861365065175,0.014169662802724168,0.9998266045504516,2.0,0.025,0.0,0.012421828735011992,0.2,,0.00025655863405486156,0.010364632278111527,0,churn,0.007966247204045181,0.011022349788574377,1,churn,0.009129431759483995,0.016140435025393206,2,churn,0.011208327139461698,0.013953171151810296,1,churn,0.0069422389353573834,0.01490569591235826,3,churn,0.004756315038242284,0.011945302291252282,2,churn,0.005870661282635067,0.012896484151968942,2,churn,0.006386602319509351,0.022021140924359577,4,churn,0.006835067241786437,0.0104727231760764,1,"H12 swarm, c = 0 after every change|n100 m10 churn20 lam=0.2|609"
h13_event_gamma,"H12 swarm, c = 0 after every change",n100 m10 churn20 lam=0.2,churn,100,10,610,20000,4000,10.115903854370117,0.00036567805905041053,0.007533091388122656,0.013719100044539776,0.9988715932602981,2.0,0.025,0.0,0.012573057553538077,0.2,,0.00036567805905041053,0.0068499866289539755,0,churn,0.012290643480575219,0.01485750364502197,1,churn,0.006610915653120633,0.010468742085744893,1,churn,0.007901762068471674,0.016319753995278914,3,churn,0.005755038738156709,0.014603875088967253,3,churn,0.008693453257123744,0.018655276318675355,3,churn,0.003648717670962399,0.01118679194658586,2,churn,0.011547324220827089,0.01984398126030017,3,churn,0.0038168760157437876,0.003816876015743787,0,"H12 swarm, c = 0 after every change|n100 m10 churn20 lam=0.2|610"
h13_event_gamma,"H12 swarm, event-aware gamma",n100 m10 churn20 lam=0.2,churn,100,10,601,20000,4000,10.149895906448364,0.0006910863892909312,0.0063145270711196305,0.012972931720702664,0.9973943485468173,2.375,0.0296875,0.0,0.012288015114585146,0.2,,0.0006910863892909312,0.013107798800482165,0,churn,0.006480141325167711,0.006480141325167711,0,churn,0.004073733403678997,0.014335633160983378,4,churn,0.006902319615730891,0.020449252282324942,5,churn,0.004374101510102354,0.014696761061223215,4,churn,0.009211172705919129,0.017851635110745535,3,churn,0.005959163394615387,0.011459265132092108,2,churn,0.006208628164825852,0.007638971563180836,0,churn,0.007306956448916727,0.01087179412990359,1,"H12 swarm, event-aware gamma|n100 m10 churn20 lam=0.2|601"
h13_event_gamma,"H12 swarm, event-aware gamma",n100 m10 churn20 lam=0.2,churn,100,10,602,20000,4000,10.332166194915771,0.0004921075407164687,0.00780354035234453,0.018889761545796677,0.9973167114589001,3.75,0.046875,0.0,0.017256466046086827,0.2,,0.0004921075407164687,0.0239080648063383,0,churn,0.014238954338666508,0.0373262360951571,8,churn,0.008653240738366666,0.011525452137980894,1,churn,0.005913880065779309,0.009017257076064863,1,churn,0.011987718004681293,0.01578905752617626,1,churn,0.006123804759707223,0.026872509858698126,7,churn,0.006462086504588406,0.016937481423488075,4,churn,0.006517425950042109,0.021256032694439115,5,churn,0.0025312124569247217,0.012394065554368961,3,"H12 swarm, event-aware gamma|n100 m10 churn20 lam=0.2|602"
h13_event_gamma,"H12 swarm, event-aware gamma",n100 m10 churn20 lam=0.2,churn,100,10,603,20000,4000,10.34423828125,0.0008334994675289358,0.006544814486584873,0.01209126164941752,0.9965683288918431,1.875,0.0234375,0.0,0.01126549433748061,0.2,,0.0008334994675289358,0.009161062079556146,0,churn,0.006189463380260589,0.011703684548319992,1,churn,0.0036780986240089204,0.004640068242272807,0,churn,0.004141864170546224,0.009988992400166223,2,churn,0.009723881471591912,0.02006484991700622,4,churn,0.008501028254953599,0.00881086228591632,0,churn,0.008898790291175586,0.013948993727180316,2,churn,0.004946167062094966,0.01051244154404756,2,churn,0.006279222638047184,0.017060200530430725,4,"H12 swarm, event-aware gamma|n100 m10 churn20 lam=0.2|603"
h13_event_gamma,"H12 swarm, event-aware gamma",n100 m10 churn20 lam=0.2,churn,100,10,604,20000,4000,9.937062978744507,0.0008614391877108207,0.008938600623890413,0.015184535153677296,1.003836438163506,1.875,0.0234375,0.0,0.013662211585412691,0.2,,0.0008614391877108207,0.02310671613892095,0,churn,0.010047737030639771,0.015121288547449473,2,churn,0.006002990375406231,0.029835868787061147,7,churn,0.012281103427168446,0.012281103427168446,0,churn,0.0075420774883770995,0.01006395341522981,1,churn,0.01051847362002972,0.01957787360246899,3,churn,0.004340782177639485,0.008611019051841315,1,churn,0.01000038965607448,0.013528922544996864,1,churn,0.010775251215788073,0.012456251853202318,0,"H12 swarm, event-aware gamma|n100 m10 churn20 lam=0.2|604"
h13_event_gamma,"H12 swarm, event-aware gamma",n100 m10 churn20 lam=0.2,churn,100,10,605,20000,4000,10.122622728347778,0.0008015564668455525,0.0077259040469460916,0.015515589478502134,0.9973374650603676,2.5,0.03125,0.0,0.014014859469583058,0.2,,0.0008015564668455525,0.014997820392013443,0,churn,0.0071403078864899164,0.014508477618384882,2,churn,0.014493392404015246,0.014493392404015249,0,churn,0.0065325547224873125,0.020227065188183267,5,churn,0.01126083894324588,0.018177391838910237,2,churn,0.00479385643493214,0.011623479408427662,2,churn,0.002855452251947927,0.014552388113170453,4,churn,0.008246851880323619,0.011015322282806434,1,churn,0.006483977852126695,0.01952719897411888,4,"H12 swarm, event-aware gamma|n100 m10 churn20 lam=0.2|605"
h13_event_gamma,"H12 swarm, event-aware gamma",n100 m10 churn20 lam=0.2,churn,100,10,606,20000,4000,9.949883937835693,0.0011341750938532132,0.009940036561327064,0.015103449409406567,1.000135216748976,1.625,0.0203125,0.0,0.014023507690685274,0.2,,0.0011341750938532132,0.006629112996451638,0,churn,0.025886697603188867,0.025886697603188874,0,churn,0.008815953328550785,0.009707469724115677,0,churn,0.005504870090198366,0.020269337721509066,5,churn,0.005416990301016319,0.012617811222871542,2,churn,0.009748582769758226,0.009748582769758228,0,churn,0.014265974914440626,0.01536979355643761,0,churn,0.004493417963217992,0.016455327132514314,4,churn,0.005387805520245326,0.010772575544857225,2,"H12 swarm, event-aware gamma|n100 m10 churn20 lam=0.2|606"
h13_event_gamma,"H12 swarm, event-aware gamma",n100 m10 churn20 lam=0.2,churn,100,10,607,20000,4000,10.09786581993103,0.0004911222434193251,0.007069973552110841,0.015634419008100208,0.9951640262053963,2.875,0.0359375,0.0,0.014295146017993927,0.2,,0.0004911222434193251,0.008204047167754537,0,churn,0.004185786610233238,0.036960199047389224,11,churn,0.006179725189160188,0.012172188515997757,2,churn,0.00408665984686212,0.011373882845275404,2,churn,0.0069900530431592075,0.009728413507422502,1,churn,0.011424789821088431,0.011424789821088428,0,churn,0.007492539187029622,0.020977798101454347,5,churn,0.011438875187778417,0.011582676504869256,0,churn,0.004761359531575503,0.010855403721304748,2,"H12 swarm, event-aware gamma|n100 m10 churn20 lam=0.2|607"
h13_event_gamma,"H12 swarm, event-aware gamma",n100 m10 churn20 lam=0.2,churn,100,10,608,20000,4000,10.308360815048218,0.0006756984310903283,0.007098823172703163,0.013075548677031574,0.998946101567624,2.0,0.025,0.0,0.012129341446503718,0.2,,0.0006756984310903283,0.013619621398387863,0,churn,0.006860880118755206,0.017307789208782905,3,churn,0.006876657274208216,0.007570529495739496,0,churn,0.0075210656887451065,0.01607145156886397,3,churn,0.0054335236942449515,0.013277648550745086,3,churn,0.007295048208749222,0.013319684392639846,2,churn,0.009148827130019827,0.01178756342877106,1,churn,0.01003629723963768,0.011527530687545763,0,churn,0.0036182860272650995,0.01374219208316447,4,"H12 swarm, event-aware gamma|n100 m10 churn20 lam=0.2|608"
h13_event_gamma,"H12 swarm, event-aware gamma",n100 m10 churn20 lam=0.2,churn,100,10,609,20000,4000,10.595287561416626,0.00025655863405486156,0.007386861365065175,0.014169662802724168,0.9998266045504516,2.0,0.025,0.0,0.012421828735011992,0.2,,0.00025655863405486156,0.010364632278111527,0,churn,0.007966247204045181,0.011022349788574377,1,churn,0.009129431759483995,0.016140435025393206,2,churn,0.011208327139461698,0.013953171151810296,1,churn,0.0069422389353573834,0.01490569591235826,3,churn,0.004756315038242284,0.011945302291252282,2,churn,0.005870661282635067,0.012896484151968942,2,churn,0.006386602319509351,0.022021140924359577,4,churn,0.006835067241786437,0.0104727231760764,1,"H12 swarm, event-aware gamma|n100 m10 churn20 lam=0.2|609"
h13_event_gamma,"H12 swarm, event-aware gamma",n100 m10 churn20 lam=0.2,churn,100,10,610,20000,4000,10.017172813415527,0.00036567805905041053,0.007533091388122656,0.013719100044539776,0.9988715932602981,2.0,0.025,0.0,0.012573057553538077,0.2,,0.00036567805905041053,0.0068499866289539755,0,churn,0.012290643480575219,0.01485750364502197,1,churn,0.006610915653120633,0.010468742085744893,1,churn,0.007901762068471674,0.016319753995278914,3,churn,0.005755038738156709,0.014603875088967253,3,churn,0.008693453257123744,0.018655276318675355,3,churn,0.003648717670962399,0.01118679194658586,2,churn,0.011547324220827089,0.01984398126030017,3,churn,0.0038168760157437876,0.003816876015743787,0,"H12 swarm, event-aware gamma|n100 m10 churn20 lam=0.2|610"
h13_event_gamma,Chooser (cheaper of the two),n100 m10 churn20 lam=1.0,churn,100,10,601,20000,4000,0.04015183448791504,0.00954770683726473,0.014860464817500212,0.014860464817500212,1.0058679062820342,0.0,0.0,0.0,0.014860464817500212,1.0,,0.00954770683726473,0.00954770683726473,0,churn,0.012993313764620151,0.012993313764620151,0,churn,0.00975717238909297,0.00975717238909297,0,churn,0.01795324405710418,0.01795324405710418,0,churn,0.03391777519423104,0.03391777519423104,0,churn,0.02054489841467855,0.02054489841467855,0,churn,0.006614561874563683,0.006614561874563683,0,churn,0.011002040986805845,0.011002040986805845,0,churn,0.006100711858905285,0.006100711858905285,0,Chooser (cheaper of the two)|n100 m10 churn20 lam=1.0|601
h13_event_gamma,Chooser (cheaper of the two),n100 m10 churn20 lam=1.0,churn,100,10,602,20000,4000,0.03838777542114258,0.01352893455368545,0.035454980759574414,0.035454980759574414,1.0246662989901862,0.0,0.0,0.0,0.035454980759574414,1.0,,0.01352893455368545,0.01352893455368545,0,churn,0.06845953422321939,0.06845953422321939,0,churn,0.010697207530485782,0.010697207530485782,0,churn,0.009997885602626398,0.009997885602626398,0,churn,0.02148155645698909,0.02148155645698909,0,churn,0.07808842837739559,0.07808842837739559,0,churn,0.04180235775880297,0.04180235775880297,0,churn,0.031304693619806534,0.031304693619806534,0,churn,0.021808182507269538,0.021808182507269538,0,Chooser (cheaper of the two)|n100 m10 churn20 lam=1.0|602
h13_event_gamma,Chooser (cheaper of the two),n100 m10 churn20 lam=1.0,churn,100,10,603,20000,4000,0.03903937339782715,0.00991078955176043,0.01914232243941495,0.01914232243941495,1.0090338650423583,0.0,0.0,0.0,0.01914232243941495,1.0,,0.00991078955176043,0.00991078955176043,0,churn,0.022244849408015546,0.022244849408015546,0,churn,0.022894669251291185,0.022894669251291185,0,churn,0.026652107465584298,0.026652107465584298,0,churn,0.02580235689985629,0.02580235689985629,0,churn,0.01372740544434326,0.01372740544434326,0,churn,0.012254522349041732,0.012254522349041732,0,churn,0.015319360446088079,0.015319360446088079,0,churn,0.014243308251099214,0.014243308251099214,0,Chooser (cheaper of the two)|n100 m10 churn20 lam=1.0|603
h13_event_gamma,Chooser (cheaper of the two),n100 m10 churn20 lam=1.0,churn,100,10,604,20000,4000,0.04358673095703125,0.005446266044979927,0.022915031207967666,0.022915031207967666,1.017741353003015,0.0,0.0,0.0,0.022915031207967666,1.0,,0.005446266044979927,0.005446266044979927,0,churn,0.016553872072625618,0.016553872072625618,0,churn,0.06195908676366334,0.06195908676366334,0,churn,0.03831009877532769,0.03831009877532769,0,churn,0.020485368437059018,0.020485368437059018,0,churn,0.006618936452110066,0.006618936452110066,0,churn,0.011789465510784311,0.011789465510784311,0,churn,0.016462182662395373,0.016462182662395373,0,churn,0.011141238989775933,0.011141238989775933,0,Chooser (cheaper of the two)|n100 m10 churn20 lam=1.0|604
h13_event_gamma,Chooser (cheaper of the two),n100 m10 churn20 lam=1.0,churn,100,10,605,20000,4000,0.03782987594604492,0.010728903253768242,0.017015751859240973,0.017015751859240973,1.0065311965332084,0.0,0.0,0.0,0.017015751859240973,1.0,,0.010728903253768242,0.010728903253768242,0,churn,0.01663976850812747,0.01663976850812747,0,churn,0.015706173177645066,0.015706173177645066,0,churn,0.022952739105200202,0.022952739105200202,0,churn,0.01352134908772834,0.01352134908772834,0,churn,0.010646200680425074,0.010646200680425074,0,churn,0.008787563099940466,0.008787563099940466,0,churn,0.023340238958576304,0.023340238958576304,0,churn,0.024531982256284834,0.024531982256284834,0,Chooser (cheaper of the two)|n100 m10 churn20 lam=1.0|605
h13_event_gamma,Chooser (cheaper of the two),n100 m10 churn20 lam=1.0,churn,100,10,606,20000,4000,0.03937268257141113,0.00868146237657879,0.020715965654818133,0.020715965654818133,1.0108047131636662,0.0,0.0,0.0,0.020715965654818133,1.0,,0.00868146237657879,0.00868146237657879,0,churn,0.030155224543101804,0.030155224543101804,0,churn,0.01800711034126876,0.01800711034126876,0,churn,0.03791145303162104,0.03791145303162104,0,churn,0.025214003853873117,0.025214003853873117,0,churn,0.00870355791725002,0.00870355791725002,0,churn,0.010076101792251827,0.010076101792251827,0,churn,0.025139740792080083,0.025139740792080083,0,churn,0.010520532967098413,0.010520532967098413,0,Chooser (cheaper of the two)|n100 m10 churn20 lam=1.0|606
h13_event_gamma,Chooser (cheaper of the two),n100 m10 churn20 lam=1.0,churn,100,10,607,20000,4000,0.05083298683166504,0.011543350314852156,0.019220103755498437,0.019220103755498437,1.0071680027629424,0.0,0.0,0.0,0.019220103755498437,1.0,,0.011543350314852156,0.011543350314852156,0,churn,0.04491671456381904,0.04491671456381904,0,churn,0.013983213479709305,0.013983213479709305,0,churn,0.028392899595142917,0.028392899595142917,0,churn,0.008164690895016601,0.008164690895016601,0,churn,0.012312944565116689,0.012312944565116689,0,churn,0.009381102331412603,0.009381102331412603,0,churn,0.017507279662147726,0.017507279662147726,0,churn,0.019101984951622623,0.019101984951622623,0,Chooser (cheaper of the two)|n100 m10 churn20 lam=1.0|607
h13_event_gamma,Chooser (cheaper of the two),n100 m10 churn20 lam=1.0,churn,100,10,608,20000,4000,0.0389859676361084,0.007004692944569671,0.026928441141567203,0.026928441141567203,1.018620932252789,0.0,0.0,0.0,0.026928441141567203,1.0,,0.007004692944569671,0.007004692944569671,0,churn,0.03346862823348748,0.03346862823348748,0,churn,0.08530905546208156,0.08530905546208156,0,churn,0.011376270125177985,0.011376270125177985,0,churn,0.024469261726728826,0.024469261726728826,0,churn,0.020906996956811173,0.020906996956811173,0,churn,0.009328218842498168,0.009328218842498168,0,churn,0.013797804095502459,0.013797804095502459,0,churn,0.016771293690249982,0.016771293690249982,0,Chooser (cheaper of the two)|n100 m10 churn20 lam=1.0|608
h13_event_gamma,Chooser (cheaper of the two),n100 m10 churn20 lam=1.0,churn,100,10,609,20000,4000,0.05861806869506836,0.012217991958425711,0.01675520485095945,0.01675520485095945,1.009127589218187,0.0,0.0,0.0,0.01675520485095945,1.0,,0.012217991958425711,0.012217991958425711,0,churn,0.01082419989883709,0.01082419989883709,0,churn,0.02856948424773786,0.02856948424773786,0,churn,0.016697952731881457,0.016697952731881457,0,churn,0.02169372747575017,0.02169372747575017,0,churn,0.010929834575370034,0.010929834575370034,0,churn,0.01311105193184771,0.01311105193184771,0,churn,0.01872958050032575,0.01872958050032575,0,churn,0.013485807445925556,0.013485807445925556,0,Chooser (cheaper of the two)|n100 m10 churn20 lam=1.0|609
h13_event_gamma,Chooser (cheaper of the two),n100 m10 churn20 lam=1.0,churn,100,10,610,20000,4000,0.05935096740722656,0.008918877279033004,0.01787325574632711,0.01787325574632711,1.0091247069184686,0.0,0.0,0.0,0.01787325574632711,1.0,,0.008918877279033004,0.008918877279033004,0,churn,0.031448549740248376,0.031448549740248376,0,churn,0.009526973313073587,0.009526973313073587,0,churn,0.018515794775900138,0.018515794775900138,0,churn,0.012947799371696617,0.012947799371696617,0,churn,0.014795817839695096,0.014795817839695096,0,churn,0.010105733768954217,0.010105733768954217,0,churn,0.02084490861742467,0.02084490861742467,0,churn,0.02480046854362416,0.02480046854362416,0,Chooser (cheaper of the two)|n100 m10 churn20 lam=1.0|610
h13_event_gamma,H12 swarm (c = 1),n100 m10 churn20 lam=1.0,churn,100,10,601,20000,4000,11.778681516647339,0.0006910863892909312,0.011971894067938641,0.013763942221246184,1.0030066527244559,0.125,0.0015625,0.0,0.0135488401897534,1.0,,0.0006910863892909312,0.013107798800482165,0,churn,0.006480141325167711,0.006480141325167711,0,churn,0.009245517961449283,0.021983623986928165,1,churn,0.009343374389863952,0.009615318271063732,0,churn,0.025752471268040356,0.025752471268040356,0,churn,0.008802318523789989,0.008802318523789989,0,churn,0.013594694571673801,0.014026522247722184,0,churn,0.015420820733790036,0.015420820733790036,0,churn,0.007135813769734005,0.008030321413467288,0,H12 swarm (c = 1)|n100 m10 churn20 lam=1.0|601
h13_event_gamma,H12 swarm (c = 1),n100 m10 churn20 lam=1.0,churn,100,10,602,20000,4000,12.07680082321167,0.0004921075407164687,0.02034010387028754,0.031304809161842126,1.009713266636833,0.75,0.009375000000000001,0.0,0.029866334040018077,1.0,,0.0004921075407164687,0.0239080648063383,0,churn,0.06097234321966892,0.06097234321966891,0,churn,0.008653240738366666,0.035386852625850604,2,churn,0.00655522304647829,0.007111223738009248,0,churn,0.014027448335553432,0.027989797764400564,1,churn,0.02813475790445667,0.053839253686438,2,churn,0.021184028713750986,0.021353343870940428,0,churn,0.009183863006369981,0.02977573239177383,1,churn,0.014009925997655388,0.014009925997655392,0,H12 swarm (c = 1)|n100 m10 churn20 lam=1.0|602
h13_event_gamma,H12 swarm (c = 1),n100 m10 churn20 lam=1.0,churn,100,10,603,20000,4000,12.101867437362671,0.0008334994675289358,0.011724405990845014,0.014637501674922074,1.0016956467903793,0.125,0.0015625,0.0,0.013307435899961823,1.0,,0.0008334994675289358,0.009161062079556146,0,churn,0.013420112733988849,0.013652702091251752,0,churn,0.006668769338580304,0.007019543258954917,0,churn,0.013139141834756845,0.025827593006742193,1,churn,0.01351589751943611,0.022926163767802165,0,churn,0.013336457149166987,0.01333645714916699,0,churn,0.013478121755954156,0.013629260616473356,0,churn,0.009142492305961125,0.009541559637083958,0,churn,0.011094255288915729,0.01116673387190126,0,H12 swarm (c = 1)|n100 m10 churn20 lam=1.0|603
h13_event_gamma,H12 swarm (c = 1),n100 m10 churn20 lam=1.0,churn,100,10,604,20000,4000,11.994233131408691,0.0008614391877108207,0.010157234087520043,0.015301721192904303,1.0050481912096638,0.25,0.003125,0.0,0.013297125286305472,1.0,,0.0008614391877108207,0.02310671613892095,0,churn,0.0181752694944594,0.018175269494459405,0,churn,0.004765183611340056,0.036547033868621445,2,churn,0.006403171852827223,0.007912928947796986,0,churn,0.01619343716960513,0.01619343716960513,0,churn,0.010189644361465208,0.010386282350614121,0,churn,0.011176615750871179,0.01334239191018154,0,churn,0.006509700584994404,0.01061632286413943,0,churn,0.00784484987459774,0.00924010293781637,0,H12 swarm (c = 1)|n100 m10 churn20 lam=1.0|604
h13_event_gamma,H12 swarm (c = 1),n100 m10 churn20 lam=1.0,churn,100,10,605,20000,4000,12.030705690383911,0.0008015564668455525,0.014734677828570816,0.017507722446519398,1.0042754312479494,0.125,0.0015625,0.0,0.016317270756679114,1.0,,0.0008015564668455525,0.014997820392013443,0,churn,0.01261626499398448,0.014782148004696597,0,churn,0.012859473989310458,0.025555202756664598,1,churn,0.008909665893092623,0.009413119447118264,0,churn,0.017715461709776732,0.017715461709776732,0,churn,0.02026735194196245,0.02026735194196245,0,churn,0.01294634741974916,0.015549171026458957,0,churn,0.012303122812414734,0.01428099592066434,0,churn,0.020259733868275905,0.02249832876481324,0,H12 swarm (c = 1)|n100 m10 churn20 lam=1.0|605
h13_event_gamma,H12 swarm (c = 1),n100 m10 churn20 lam=1.0,churn,100,10,606,20000,4000,11.950223445892334,0.0011341750938532132,0.013462490890449985,0.017552168194771435,1.0036259952952755,0.25,0.003125,0.0,0.016604693609481837,1.0,,0.0011341750938532132,0.006629112996451638,0,churn,0.025886697603188867,0.025886697603188874,0,churn,0.00933153009215304,0.00964110846199829,0,churn,0.005504870090198366,0.032555411227743906,2,churn,0.011564046811859184,0.011564046811859184,0,churn,0.010033049562798577,0.012485749417576762,0,churn,0.018697642073439047,0.02003962271985235,0,churn,0.012882665084744793,0.01438657977841558,0,churn,0.013799425805218006,0.013858129537536523,0,H12 swarm (c = 1)|n100 m10 churn20 lam=1.0|606
h13_event_gamma,H12 swarm (c = 1),n100 m10 churn20 lam=1.0,churn,100,10,607,20000,4000,11.624966859817505,0.0004911222434193251,0.01338447041528697,0.017329742466952118,1.0014000022217797,0.25,0.003125,0.0,0.01663168913707532,1.0,,0.0004911222434193251,0.008204047167754537,0,churn,0.03910999097227881,0.0678117702219113,2,churn,0.009134028690265339,0.009325259353721489,0,churn,0.006439535432306802,0.0072036436177859075,0,churn,0.01131322426618502,0.011313224266185022,0,churn,0.005359504375359222,0.006314444731856674,0,churn,0.016666858178462397,0.0176169761367184,0,churn,0.008575142275580832,0.008575142275580828,0,churn,0.010477479131857332,0.010477479131857332,0,H12 swarm (c = 1)|n100 m10 churn20 lam=1.0|607
h13_event_gamma,H12 swarm (c = 1),n100 m10 churn20 lam=1.0,churn,100,10,608,20000,4000,11.913896560668945,0.0006756984310903283,0.012309991420181129,0.018427320710361447,1.0041158939362065,0.375,0.004687500000000001,0.0,0.017043332003685668,1.0,,0.0006756984310903283,0.013619621398387863,0,churn,0.017664083407186306,0.019465103468124318,0,churn,0.012535556127090137,0.04383506326333133,2,churn,0.01119654549765304,0.012098820476002204,0,churn,0.008493711657326278,0.008500202345578694,0,churn,0.021657025717833848,0.02165702571783384,0,churn,0.01665874630934406,0.018531403208033172,0,churn,0.006007401456273871,0.00635797759008273,0,churn,0.004266861188741478,0.016972969613905296,1,H12 swarm (c = 1)|n100 m10 churn20 lam=1.0|608
h13_event_gamma,H12 swarm (c = 1),n100 m10 churn20 lam=1.0,churn,100,10,609,20000,4000,12.013057470321655,0.00025655863405486156,0.015245118219224849,0.01951152278131448,1.0076259162980208,0.25,0.003125,0.0,0.018422348931464185,1.0,,0.00025655863405486156,0.010364632278111527,0,churn,0.015530927553808782,0.01553092755380878,0,churn,0.017585754170035408,0.01758575417003541,0,churn,0.013479045071547386,0.013765982939420334,0,churn,0.018231568051106647,0.018231568051106647,0,churn,0.01122213345782825,0.016800182106482906,0,churn,0.012483861616277313,0.012863408883822246,0,churn,0.02332848394039798,0.036357375253386434,1,churn,0.01009917189279703,0.024956983292453078,1,H12 swarm (c = 1)|n100 m10 churn20 lam=1.0|609
h13_event_gamma,H12 swarm (c = 1),n100 m10 churn20 lam=1.0,churn,100,10,610,20000,4000,11.930771112442017,0.00036567805905041053,0.011397080463619133,0.017926265696277012,1.002704582062417,0.375,0.004687500000000001,0.0,0.016139318083503065,1.0,,0.00036567805905041053,0.0068499866289539755,0,churn,0.012290643480575219,0.01575569605501643,0,churn,0.011788984970987626,0.012478515050226048,0,churn,0.0064159764318833966,0.010870381418572878,0,churn,0.008487848552915206,0.023998061692725284,1,churn,0.011088948771640666,0.024215164641313406,1,churn,0.008684316235794043,0.008995996570138921,0,churn,0.016964645863981994,0.018552060003809857,0,churn,0.015455279401174917,0.02854425013841325,1,H12 swarm (c = 1)|n100 m10 churn20 lam=1.0|610
h13_event_gamma,"H12 swarm, c = 0 after every change",n100 m10 churn20 lam=1.0,churn,100,10,601,20000,4000,10.309878587722778,0.0006910863892909312,0.010282104270020468,0.014142891042327795,1.001329478995106,0.25,0.003125,0.0,0.013434469766702425,1.0,,0.0006910863892909312,0.013107798800482165,0,churn,0.006480141325167711,0.006480141325167711,0,churn,0.009245517961449283,0.021883891807670714,1,churn,0.011424985336336797,0.013617833412327298,0,churn,0.00826839991500467,0.022796396124789224,1,churn,0.00827101281610091,0.0096995767693618,0,churn,0.015622518078783905,0.015622518078783901,0,churn,0.016328907971050733,0.01632890797105073,0,churn,0.006615350756269737,0.006713862849470971,0,"H12 swarm, c = 0 after every change|n100 m10 churn20 lam=1.0|601"
h13_event_gamma,"H12 swarm, c = 0 after every change",n100 m10 churn20 lam=1.0,churn,100,10,602,20000,4000,10.245362997055054,0.0004921075407164687,0.018420493058956083,0.030690779255650422,1.0078178195594627,0.875,0.010937500000000001,0.0,0.02949051787766297,1.0,,0.0004921075407164687,0.0239080648063383,0,churn,0.06097234321966892,0.06097234321966891,0,churn,0.008653240738366666,0.036646529514814695,2,churn,0.0034706183958914303,0.004371380605665604,0,churn,0.014027448335553432,0.026730631089023793,1,churn,0.015539335784325701,0.056578580583248876,3,churn,0.010174885912994007,0.012107696662130882,0,churn,0.0068639468071604514,0.020456947092962544,1,churn,0.027662125277688066,0.027662125277688066,0,"H12 swarm, c = 0 after every change|n100 m10 churn20 lam=1.0|602"
h13_event_gamma,"H12 swarm, c = 0 after every change",n100 m10 churn20 lam=1.0,churn,100,10,603,20000,4000,10.026687860488892,0.0008334994675289358,0.012827769805706107,0.014025995245102832,1.0027932768503667,0.0,0.0,0.0,0.012827769805706107,1.0,,0.0008334994675289358,0.009161062079556146,0,churn,0.010232531414688974,0.014831138637132547,0,churn,0.00499553797110909,0.005383247170589735,0,churn,0.031651091778279815,0.03165109177827982,0,churn,0.0077658492723565575,0.011182035396670934,0,churn,0.009967058327815276,0.010131336612372564,0,churn,0.01916730839694086,0.01916730839694086,0,churn,0.010136988407187209,0.010136988407187205,0,churn,0.00870579287727107,0.00972481556164898,0,"H12 swarm, c = 0 after every change|n100 m10 churn20 lam=1.0|603"
h13_event_gamma,"H12 swarm, c = 0 after every change",n100 m10 churn20 lam=1.0,churn,100,10,604,20000,4000,10.208903074264526,0.0008614391877108207,0.00963683897999151,0.013641484935380411,1.0045313825709985,0.25,0.003125,0.0,0.01277394229851577,1.0,,0.0008614391877108207,0.02310671613892095,0,churn,0.0181752694944594,0.018175269494459405,0,churn,0.003873061927765209,0.030270717843389187,2,churn,0.007805654008935896,0.008092292018408047,0,churn,0.010993149622855063,0.014165073499430372,0,churn,0.007875050612923252,0.009639905707908998,0,churn,0.0081555293920913,0.00823746478984084,0,churn,0.011225595712723366,0.011559755061427857,0,churn,0.008991401068178579,0.008991401068178579,0,"H12 swarm, c = 0 after every change|n100 m10 churn20 lam=1.0|604"
h13_event_gamma,"H12 swarm, c = 0 after every change",n100 m10 churn20 lam=1.0,churn,100,10,605,20000,4000,10.27737545967102,0.0008015564668455525,0.010952615436176573,0.01365000951482784,1.0005302064321957,0.125,0.0015625,0.0,0.012535208364284872,1.0,,0.0008015564668455525,0.014997820392013443,0,churn,0.01261626499398448,0.012813163449503761,0,churn,0.012859473989310458,0.025545873332001198,1,churn,0.013070511764909237,0.013092128675394846,0,churn,0.010632700708988516,0.012158853125963678,0,churn,0.008722559680873584,0.00933186219244331,0,churn,0.005106741398905809,0.005747578583981834,0,churn,0.008178488369555818,0.01110817941638336,0,churn,0.016434182582884694,0.01940243734295073,0,"H12 swarm, c = 0 after every change|n100 m10 churn20 lam=1.0|605"
h13_event_gamma,"H12 swarm, c = 0 after every change",n100 m10 churn20 lam=1.0,churn,100,10,606,20000,4000,10.151556968688965,0.0011341750938532132,0.012844157752619847,0.018647739971905705,1.003012213374185,0.25,0.003125,0.0,0.015986360471651702,1.0,,0.0011341750938532132,0.006629112996451638,0,churn,0.025886697603188867,0.025886697603188874,0,churn,0.008815953328550785,0.009746489794223859,0,churn,0.005504870090198366,0.035448827769813604,2,churn,0.013319328906744385,0.016550290467118454,0,churn,0.013409907303309154,0.014405870484865186,0,churn,0.012979180164143582,0.01712259022942654,0,churn,0.012566530242426514,0.01904916484979559,0,churn,0.01027079438239713,0.01097198857681353,0,"H12 swarm, c = 0 after every change|n100 m10 churn20 lam=1.0|606"
h13_event_gamma,"H12 swarm, c = 0 after every change",n100 m10 churn20 lam=1.0,churn,100,10,607,20000,4000,10.277053594589233,0.0004911222434193251,0.010555774879442335,0.020053007202837078,0.998609110281232,0.375,0.0046875,0.0,0.015277713417783929,1.0,,0.0004911222434193251,0.008204047167754537,0,churn,0.007346888179539105,0.05513462568973623,3,churn,0.012966209351560004,0.012966209351560003,0,churn,0.010225008809994574,0.018076895707051933,0,churn,0.008310488427541608,0.00978415654815045,0,churn,0.00684969155839451,0.010852834734646795,0,churn,0.011367179310755324,0.013395799465946373,0,churn,0.012932938733859489,0.02576574146171075,0,churn,0.014447794663894065,0.014447794663894065,0,"H12 swarm, c = 0 after every change|n100 m10 churn20 lam=1.0|607"
h13_event_gamma,"H12 swarm, c = 0 after every change",n100 m10 churn20 lam=1.0,churn,100,10,608,20000,4000,10.109068632125854,0.0006756984310903283,0.010516606054885965,0.016403800384475413,1.0023317543026562,0.25,0.003125,0.0,0.013670646581482895,1.0,,0.0006756984310903283,0.013619621398387863,0,churn,0.012006180335498315,0.016756144618117374,0,churn,0.007133564243303762,0.028230162571626385,1,churn,0.02046554073389697,0.02046554073389697,0,churn,0.006912991884978093,0.007295234011104884,0,churn,0.007489335694431173,0.008414202093774102,0,churn,0.007778413688205017,0.008240824556732858,0,churn,0.010894449080037942,0.01734320144005096,0,churn,0.011452372778736453,0.024485093050499764,1,"H12 swarm, c = 0 after every change|n100 m10 churn20 lam=1.0|608"
h13_event_gamma,"H12 swarm, c = 0 after every change",n100 m10 churn20 lam=1.0,churn,100,10,609,20000,4000,9.845167875289917,0.00025655863405486156,0.01530697883768887,0.018456852726805917,1.0076847787452476,0.125,0.0015625,0.0,0.016876908126628714,1.0,,0.00025655863405486156,0.010364632278111527,0,churn,0.008111992508898337,0.010618086247464237,0,churn,0.017585754170035408,0.01758575417003541,0,churn,0.009208863336288474,0.011781668492820082,0,churn,0.018975766334944823,0.018975766334944827,0,churn,0.016457553977943504,0.02008547038654667,0,churn,0.004754744921505387,0.01899908537047578,1,churn,0.04051816805574568,0.04051816805574568,0,churn,0.006842987396149344,0.009090822756414638,0,"H12 swarm, c = 0 after every change|n100 m10 churn20 lam=1.0|609"
h13_event_gamma,"H12 swarm, c = 0 after every change",n100 m10 churn20 lam=1.0,churn,100,10,610,20000,4000,10.225019216537476,0.00036567805905041053,0.010557018618668878,0.015508507326342909,1.0018733367777617,0.25,0.003125,0.0,0.01369955972424667,1.0,,0.00036567805905041053,0.0068499866289539755,0,churn,0.01170696801062748,0.013613645969732732,0,churn,0.006930834774792681,0.0075709065517414525,0,churn,0.013672829754194505,0.014458185241033063,0,churn,0.021679599250879714,0.02167959925087972,0,churn,0.009965459080085823,0.013559779743787572,0,churn,0.0071930564505764535,0.009296756758217692,0,churn,0.007694247843295422,0.007748796689613876,0,churn,0.005613153784898951,0.036140388405737175,2,"H12 swarm, c = 0 after every change|n100 m10 churn20 lam=1.0|610"
h13_event_gamma,"H12 swarm, event-aware gamma",n100 m10 churn20 lam=1.0,churn,100,10,601,20000,4000,10.35848069190979,0.0006910863892909312,0.010282104270020468,0.014142891042327795,1.001329478995106,0.25,0.003125,0.0,0.013434469766702425,1.0,,0.0006910863892909312,0.013107798800482165,0,churn,0.006480141325167711,0.006480141325167711,0,churn,0.009245517961449283,0.021883891807670714,1,churn,0.011424985336336797,0.013617833412327298,0,churn,0.00826839991500467,0.022796396124789224,1,churn,0.00827101281610091,0.0096995767693618,0,churn,0.015622518078783905,0.015622518078783901,0,churn,0.016328907971050733,0.01632890797105073,0,churn,0.006615350756269737,0.006713862849470971,0,"H12 swarm, event-aware gamma|n100 m10 churn20 lam=1.0|601"
h13_event_gamma,"H12 swarm, event-aware gamma",n100 m10 churn20 lam=1.0,churn,100,10,602,20000,4000,10.488377571105957,0.0004921075407164687,0.018420493058956083,0.030690779255650422,1.0078178195594627,0.875,0.010937500000000001,0.0,0.02949051787766297,1.0,,0.0004921075407164687,0.0239080648063383,0,churn,0.06097234321966892,0.06097234321966891,0,churn,0.008653240738366666,0.036646529514814695,2,churn,0.0034706183958914303,0.004371380605665604,0,churn,0.014027448335553432,0.026730631089023793,1,churn,0.015539335784325701,0.056578580583248876,3,churn,0.010174885912994007,0.012107696662130882,0,churn,0.0068639468071604514,0.020456947092962544,1,churn,0.027662125277688066,0.027662125277688066,0,"H12 swarm, event-aware gamma|n100 m10 churn20 lam=1.0|602"
h13_event_gamma,"H12 swarm, event-aware gamma",n100 m10 churn20 lam=1.0,churn,100,10,603,20000,4000,10.269955396652222,0.0008334994675289358,0.012827769805706107,0.014025995245102832,1.0027932768503667,0.0,0.0,0.0,0.012827769805706107,1.0,,0.0008334994675289358,0.009161062079556146,0,churn,0.010232531414688974,0.014831138637132547,0,churn,0.00499553797110909,0.005383247170589735,0,churn,0.031651091778279815,0.03165109177827982,0,churn,0.0077658492723565575,0.011182035396670934,0,churn,0.009967058327815276,0.010131336612372564,0,churn,0.01916730839694086,0.01916730839694086,0,churn,0.010136988407187209,0.010136988407187205,0,churn,0.00870579287727107,0.00972481556164898,0,"H12 swarm, event-aware gamma|n100 m10 churn20 lam=1.0|603"
h13_event_gamma,"H12 swarm, event-aware gamma",n100 m10 churn20 lam=1.0,churn,100,10,604,20000,4000,10.408255338668823,0.0008614391877108207,0.00963683897999151,0.013641484935380411,1.0045313825709985,0.25,0.003125,0.0,0.01277394229851577,1.0,,0.0008614391877108207,0.02310671613892095,0,churn,0.0181752694944594,0.018175269494459405,0,churn,0.003873061927765209,0.030270717843389187,2,churn,0.007805654008935896,0.008092292018408047,0,churn,0.010993149622855063,0.014165073499430372,0,churn,0.007875050612923252,0.009639905707908998,0,churn,0.0081555293920913,0.00823746478984084,0,churn,0.011225595712723366,0.011559755061427857,0,churn,0.008991401068178579,0.008991401068178579,0,"H12 swarm, event-aware gamma|n100 m10 churn20 lam=1.0|604"
h13_event_gamma,"H12 swarm, event-aware gamma",n100 m10 churn20 lam=1.0,churn,100,10,605,20000,4000,10.298700332641602,0.0008015564668455525,0.010952615436176573,0.01365000951482784,1.0005302064321957,0.125,0.0015625,0.0,0.012535208364284872,1.0,,0.0008015564668455525,0.014997820392013443,0,churn,0.01261626499398448,0.012813163449503761,0,churn,0.012859473989310458,0.025545873332001198,1,churn,0.013070511764909237,0.013092128675394846,0,churn,0.010632700708988516,0.012158853125963678,0,churn,0.008722559680873584,0.00933186219244331,0,churn,0.005106741398905809,0.005747578583981834,0,churn,0.008178488369555818,0.01110817941638336,0,churn,0.016434182582884694,0.01940243734295073,0,"H12 swarm, event-aware gamma|n100 m10 churn20 lam=1.0|605"
h13_event_gamma,"H12 swarm, event-aware gamma",n100 m10 churn20 lam=1.0,churn,100,10,606,20000,4000,10.042080640792847,0.0011341750938532132,0.012844157752619847,0.018647739971905705,1.003012213374185,0.25,0.003125,0.0,0.015986360471651702,1.0,,0.0011341750938532132,0.006629112996451638,0,churn,0.025886697603188867,0.025886697603188874,0,churn,0.008815953328550785,0.009746489794223859,0,churn,0.005504870090198366,0.035448827769813604,2,churn,0.013319328906744385,0.016550290467118454,0,churn,0.013409907303309154,0.014405870484865186,0,churn,0.012979180164143582,0.01712259022942654,0,churn,0.012566530242426514,0.01904916484979559,0,churn,0.01027079438239713,0.01097198857681353,0,"H12 swarm, event-aware gamma|n100 m10 churn20 lam=1.0|606"
h13_event_gamma,"H12 swarm, event-aware gamma",n100 m10 churn20 lam=1.0,churn,100,10,607,20000,4000,10.472633600234985,0.0004911222434193251,0.010555774879442335,0.020053007202837078,0.998609110281232,0.375,0.0046875,0.0,0.015277713417783929,1.0,,0.0004911222434193251,0.008204047167754537,0,churn,0.007346888179539105,0.05513462568973623,3,churn,0.012966209351560004,0.012966209351560003,0,churn,0.010225008809994574,0.018076895707051933,0,churn,0.008310488427541608,0.00978415654815045,0,churn,0.00684969155839451,0.010852834734646795,0,churn,0.011367179310755324,0.013395799465946373,0,churn,0.012932938733859489,0.02576574146171075,0,churn,0.014447794663894065,0.014447794663894065,0,"H12 swarm, event-aware gamma|n100 m10 churn20 lam=1.0|607"
h13_event_gamma,"H12 swarm, event-aware gamma",n100 m10 churn20 lam=1.0,churn,100,10,608,20000,4000,10.117522954940796,0.0006756984310903283,0.010516606054885965,0.016403800384475413,1.0023317543026562,0.25,0.003125,0.0,0.013670646581482895,1.0,,0.0006756984310903283,0.013619621398387863,0,churn,0.012006180335498315,0.016756144618117374,0,churn,0.007133564243303762,0.028230162571626385,1,churn,0.02046554073389697,0.02046554073389697,0,churn,0.006912991884978093,0.007295234011104884,0,churn,0.007489335694431173,0.008414202093774102,0,churn,0.007778413688205017,0.008240824556732858,0,churn,0.010894449080037942,0.01734320144005096,0,churn,0.011452372778736453,0.024485093050499764,1,"H12 swarm, event-aware gamma|n100 m10 churn20 lam=1.0|608"
h13_event_gamma,"H12 swarm, event-aware gamma",n100 m10 churn20 lam=1.0,churn,100,10,609,20000,4000,10.340483665466309,0.00025655863405486156,0.01530697883768887,0.018456852726805917,1.0076847787452476,0.125,0.0015625,0.0,0.016876908126628714,1.0,,0.00025655863405486156,0.010364632278111527,0,churn,0.008111992508898337,0.010618086247464237,0,churn,0.017585754170035408,0.01758575417003541,0,churn,0.009208863336288474,0.011781668492820082,0,churn,0.018975766334944823,0.018975766334944827,0,churn,0.016457553977943504,0.02008547038654667,0,churn,0.004754744921505387,0.01899908537047578,1,churn,0.04051816805574568,0.04051816805574568,0,churn,0.006842987396149344,0.009090822756414638,0,"H12 swarm, event-aware gamma|n100 m10 churn20 lam=1.0|609"
h13_event_gamma,"H12 swarm, event-aware gamma",n100 m10 churn20 lam=1.0,churn,100,10,610,20000,4000,10.421754121780396,0.00036567805905041053,0.010557018618668878,0.015508507326342909,1.0018733367777617,0.25,0.003125,0.0,0.01369955972424667,1.0,,0.00036567805905041053,0.0068499866289539755,0,churn,0.01170696801062748,0.013613645969732732,0,churn,0.006930834774792681,0.0075709065517414525,0,churn,0.013672829754194505,0.014458185241033063,0,churn,0.021679599250879714,0.02167959925087972,0,churn,0.009965459080085823,0.013559779743787572,0,churn,0.0071930564505764535,0.009296756758217692,0,churn,0.007694247843295422,0.007748796689613876,0,churn,0.005613153784898951,0.036140388405737175,2,"H12 swarm, event-aware gamma|n100 m10 churn20 lam=1.0|610"
h13_event_gamma,Chooser (cheaper of the two),n100 m10 drift lam=0.05,drift,100,10,601,20000,4000,0.03720855712890625,0.00954770683726473,0.007293878108600226,0.04934805066448257,1.0,83.5,0.835,0.0,0.04934805066448257,0.05,,0.00954770683726473,0.00954770683726473,0,drift,0.008288704222484702,0.05265340720827408,88,drift,0.005751982905768268,0.050005070153622086,88,drift,0.006557620847820037,0.04631664687130905,79,drift,0.007677773107391468,0.05251943401067045,89,drift,0.008187812708477002,0.046498949591399226,76,drift,0.00786149799257074,0.04968775015926255,83,drift,0.0049265611554245,0.04663101344337466,83,drift,0.00909907192886509,0.05047213387794848,82,Chooser (cheaper of the two)|n100 m10 drift lam=0.05|601
h13_event_gamma,Chooser (cheaper of the two),n100 m10 drift lam=0.05,drift,100,10,602,20000,4000,0.04154682159423828,0.01352893455368545,0.008234023986877692,0.05171414547955869,1.0,86.25,0.8625,0.0,0.05171414547955869,0.05,,0.01352893455368545,0.01352893455368545,0,drift,0.008545118341830117,0.0488869230755033,80,drift,0.008618007139922671,0.051484272443369346,85,drift,0.010680575594198025,0.05616120149593683,90,drift,0.007081972019247887,0.05441482470415245,94,drift,0.006541821530118781,0.04881657803438388,84,drift,0.010932218209908126,0.05339137137472434,84,drift,0.007867811236736915,0.052717928836771795,89,drift,0.005604667823059017,0.04784006387162756,84,Chooser (cheaper of the two)|n100 m10 drift lam=0.05|602
h13_event_gamma,Chooser (cheaper of the two),n100 m10 drift lam=0.05,drift,100,10,603,20000,4000,0.03748893737792969,0.00991078955176043,0.00902677634208945,0.052477426976935596,1.0,86.125,0.8612500000000001,0.0,0.052477426976935596,0.05,,0.00991078955176043,0.00991078955176043,0,drift,0.011076729281997265,0.054047490276482126,85,drift,0.009507913499455609,0.0529167537799321,86,drift,0.008829330522599451,0.053722235730855133,89,drift,0.010205753204645401,0.053139497715842886,85,drift,0.005803433002874962,0.049555882338500015,87,drift,0.009443792844687533,0.05184043214416454,84,drift,0.008512238909426728,0.05339103354089619,89,drift,0.008835019471028646,0.0512060902888118,84,Chooser (cheaper of the two)|n100 m10 drift lam=0.05|603
h13_event_gamma,Chooser (cheaper of the two),n100 m10 drift lam=0.05,drift,100,10,604,20000,4000,0.04369306564331055,0.005446266044979927,0.008455011416296485,0.048605003502838154,1.0,79.625,0.79625,0.0,0.048605003502838154,0.05,,0.005446266044979927,0.005446266044979927,0,drift,0.007737908304752975,0.05358998313261937,91,drift,0.006962306723421061,0.049254723605804816,84,drift,0.009939691430189917,0.05488200769883338,89,drift,0.010295283051952025,0.049191651449452214,77,drift,0.006891402615227635,0.04263604740806835,71,drift,0.008896229526638016,0.0497565268224668,81,drift,0.00939080779078092,0.04724296308293529,75,drift,0.00752646188740934,0.042286124822524966,69,Chooser (cheaper of the two)|n100 m10 drift lam=0.05|604
h13_event_gamma,Chooser (cheaper of the two),n100 m10 drift lam=0.05,drift,100,10,605,20000,4000,0.03821277618408203,0.010728903253768242,0.007292151429802346,0.04890628415561575,1.0,82.625,0.8262499999999999,0.0,0.04890628415561575,0.05,,0.010728903253768242,0.010728903253768242,0,drift,0.002809711655260423,0.044927719544781426,84,drift,0.007096374893840834,0.048387326264488204,82,drift,0.009598313544141264,0.048972647772362696,78,drift,0.004479855990207629,0.04415681030182094,79,drift,0.00679218269061272,0.050084246546308955,86,drift,0.008620816631497132,0.054513063788230294,91,drift,0.007002072515582882,0.046275153343690575,78,drift,0.011937883517275875,0.0539333056832429,83,Chooser (cheaper of the two)|n100 m10 drift lam=0.05|605
h13_event_gamma,Chooser (cheaper of the two),n100 m10 drift lam=0.05,drift,100,10,606,20000,4000,0.04579448699951172,0.00868146237657879,0.007235182536964192,0.04916162407965727,1.0,83.25,0.8325,0.0,0.04916162407965727,0.05,,0.00868146237657879,0.00868146237657879,0,drift,0.005871484200535694,0.047615150794858105,83,drift,0.0113518821512007,0.05585136496585364,88,drift,0.007091670838869163,0.04586470016616563,77,drift,0.00488255309872465,0.04859494415851923,87,drift,0.0071756959177059435,0.048973487298290895,83,drift,0.007578367497709287,0.04737771301386888,79,drift,0.008048375189372584,0.04937835857213681,82,drift,0.00588143140159551,0.04963727366756497,87,Chooser (cheaper of the two)|n100 m10 drift lam=0.05|606
h13_event_gamma,Chooser (cheaper of the two),n100 m10 drift lam=0.05,drift,100,10,607,20000,4000,0.03714799880981445,0.011543350314852156,0.008729387258999088,0.05260994746573964,1.0,87.0,0.87,0.0,0.05260994746573964,0.05,,0.011543350314852156,0.011543350314852156,0,drift,0.008785938104828734,0.05317251938144121,88,drift,0.010993083525900444,0.05446578611751406,86,drift,0.007369581681727336,0.052701212857405026,90,drift,0.01190065884578024,0.05794213882326332,91,drift,0.006511152081057792,0.05130089834866486,89,drift,0.008134558135078974,0.04946807501861719,82,drift,0.010938202092380925,0.05440854478235317,86,drift,0.005201923605238252,0.04742040439665824,84,Chooser (cheaper of the two)|n100 m10 drift lam=0.05|607
h13_event_gamma,Chooser (cheaper of the two),n100 m10 drift lam=0.05,drift,100,10,608,20000,4000,0.03645014762878418,0.007004692944569671,0.00727755779776562,0.0492687848589567,1.0,83.375,0.83375,0.0,0.0492687848589567,0.05,,0.007004692944569671,0.007004692944569671,0,drift,0.004735490276716928,0.04793911635861574,86,drift,0.0063804697724045055,0.0471388787981868,81,drift,0.010259755255463281,0.051680405220937205,82,drift,0.010219700301579671,0.05365914741454759,86,drift,0.007117337392804928,0.05092694156939197,87,drift,0.007651072204144803,0.049972417236718886,84,drift,0.006038219080774775,0.044267671405844304,76,drift,0.005818418098236066,0.04856570086741114,85,Chooser (cheaper of the two)|n100 m10 drift lam=0.05|608
h13_event_gamma,Chooser (cheaper of the two),n100 m10 drift lam=0.05,drift,100,10,609,20000,4000,0.03862810134887695,0.012217991958425711,0.008445137423784254,0.04897320207403694,1.0,80.375,0.80375,0.0,0.04897320207403694,0.05,,0.012217991958425711,0.012217991958425711,0,drift,0.010148124453475115,0.05610986411610836,91,drift,0.007805117694230892,0.05164464031392999,87,drift,0.00769820042772261,0.04951767574547314,83,drift,0.007966543721553452,0.048285205470415635,80,drift,0.008198646841081467,0.04852659271472478,80,drift,0.009609650550995873,0.04999403657303567,80,drift,0.005681824807212056,0.0413835295878681,71,drift,0.01045299089400257,0.04632407207073982,71,Chooser (cheaper of the two)|n100 m10 drift lam=0.05|609
h13_event_gamma,Chooser (cheaper of the two),n100 m10 drift lam=0.05,drift,100,10,610,20000,4000,0.03680229187011719,0.008918877279033004,0.008324043670884115,0.049920355902924415,1.0,82.5,0.825,0.0,0.049920355902924415,0.05,,0.008918877279033004,0.008918877279033004,0,drift,0.008133630421467615,0.05097930971437994,85,drift,0.009115123608243314,0.05099340123798546,83,drift,0.0058223935665852175,0.046055289309248626,80,drift,0.01143366690074819,0.055431031410930816,87,drift,0.008882460155960396,0.05175996471258877,85,drift,0.005136877538483974,0.04282951044617723,75,drift,0.008702065384855587,0.04905014800024981,80,drift,0.00936613179072863,0.052264192391834635,85,Chooser (cheaper of the two)|n100 m10 drift lam=0.05|610
h13_event_gamma,H12 swarm (c = 1),n100 m10 drift lam=0.05,drift,100,10,601,20000,4000,11.659589052200317,0.0006910863892909312,0.005760463724458239,0.04282347707989856,0.9984805530809137,44.25,0.4425,0.0,0.02800909911149802,0.05,,0.0006910863892909312,0.013107798800482165,0,drift,0.0033971319806835217,0.051685413709310415,52,drift,0.009940056162281719,0.04842737332826884,48,drift,0.005168466588336158,0.03871702434963471,40,drift,0.0031110779497523474,0.03688129052036699,44,drift,0.006493822514556145,0.043444263809134964,39,drift,0.003073861763278844,0.04796707688126591,56,drift,0.006970749609496138,0.036712135597289676,41,drift,0.007928543227281041,0.03875323844391694,34,H12 swarm (c = 1)|n100 m10 drift lam=0.05|601
h13_event_gamma,H12 swarm (c = 1),n100 m10 drift lam=0.05,drift,100,10,602,20000,4000,12.18667459487915,0.0004921075407164687,0.004690076369996788,0.049697191418661024,0.9964877567587586,51.25,0.5125,0.0,0.030433622791101986,0.05,,0.0004921075407164687,0.0239080648063383,0,drift,0.004006266563341471,0.04470252739114435,52,drift,0.004910657451185323,0.04496444744579043,45,drift,0.005088622240416431,0.04548371766020271,56,drift,0.0021631310878725894,0.060279992385018494,60,drift,0.0023972246007372923,0.06444908805917693,59,drift,0.004252826489685846,0.031050973807993584,37,drift,0.008986752861650838,0.0696403306107473,54,drift,0.005715129665084507,0.03700645398921443,47,H12 swarm (c = 1)|n100 m10 drift lam=0.05|602
h13_event_gamma,H12 swarm (c = 1),n100 m10 drift lam=0.05,drift,100,10,603,20000,4000,12.091964483261108,0.0008334994675289358,0.00566272997025003,0.058912980998245934,0.996668766306597,51.375,0.51375,0.0,0.031497283542655824,0.05,,0.0008334994675289358,0.009161062079556146,0,drift,0.003971414086831379,0.03717087921842771,46,drift,0.0073937140512527,0.03768681488964844,38,drift,0.004598837744554458,0.04928725427761707,54,drift,0.00793928534255769,0.06143805489998666,58,drift,0.0075380219928552605,0.1478303107608266,64,drift,0.004664063579724282,0.052224141670046034,54,drift,0.0045262976176159014,0.04721752324743779,48,drift,0.004670205346608567,0.038448869021977146,49,H12 swarm (c = 1)|n100 m10 drift lam=0.05|603
h13_event_gamma,H12 swarm (c = 1),n100 m10 drift lam=0.05,drift,100,10,604,20000,4000,12.028960704803467,0.0008614391877108207,0.0059776249030228275,0.05262627103599114,0.9975447699316562,46.75,0.4675,0.0,0.02948912373847299,0.05,,0.0008614391877108207,0.02310671613892095,0,drift,0.003256549449470882,0.046267381556753126,47,drift,0.005414489712937638,0.04465513546758357,48,drift,0.008073528012474225,0.051351630916670644,44,drift,0.0057948221686588836,0.0350952590122347,42,drift,0.005721580976086045,0.0383291213497813,43,drift,0.004829821328012048,0.05323950039609735,48,drift,0.0051847299845659825,0.10720002067089417,64,drift,0.009545477591976912,0.0448721189179143,38,H12 swarm (c = 1)|n100 m10 drift lam=0.05|604
h13_event_gamma,H12 swarm (c = 1),n100 m10 drift lam=0.05,drift,100,10,605,20000,4000,11.31477427482605,0.0008015564668455525,0.004166167086344818,0.04959112179215162,0.9969023502299479,46.75,0.4675,0.0,0.02763769884183406,0.05,,0.0008015564668455525,0.014997820392013443,0,drift,0.005755180196859789,0.05449348160314452,44,drift,0.003861601274886905,0.07678872783999281,59,drift,0.0043139893441686405,0.05393561681970007,49,drift,0.0016344743069324032,0.04733789235949418,45,drift,0.004217212670442335,0.04945259808695711,48,drift,0.0023712467989931573,0.03869649623627397,45,drift,0.004281766140130946,0.03809760647020614,42,drift,0.0068938659583443656,0.03792655492144411,42,H12 swarm (c = 1)|n100 m10 drift lam=0.05|605
h13_event_gamma,H12 swarm (c = 1),n100 m10 drift lam=0.05,drift,100,10,606,20000,4000,11.715285301208496,0.0011341750938532132,0.005210236315702605,0.06711774585652294,0.997993066735013,56.25,0.5625,0.0,0.033485176024334026,0.05,,0.0011341750938532132,0.006629112996451638,0,drift,0.006232613199913355,0.0798490880556465,59,drift,0.00478740197678601,0.04674903873329868,53,drift,0.001233789804588675,0.037607580366652724,47,drift,0.00536243041422335,0.0774925457287607,61,drift,0.00857045811736717,0.0796156738853082,68,drift,0.008171434342234472,0.052866605112962574,48,drift,0.0036578784213826994,0.05966494576962454,56,drift,0.0036658842491251037,0.10309648919992964,58,H12 swarm (c = 1)|n100 m10 drift lam=0.05|606
h13_event_gamma,H12 swarm (c = 1),n100 m10 drift lam=0.05,drift,100,10,607,20000,4000,11.829757928848267,0.0004911222434193251,0.0036185868682337475,0.04049643050640492,0.9949383863047238,46.625,0.46625000000000005,0.0,0.027014340443823108,0.05,,0.0004911222434193251,0.008204047167754537,0,drift,0.0031526709823949044,0.03610788484892476,46,drift,0.0031559011877084486,0.035834021864941244,40,drift,0.0045457923007492145,0.03202780420738283,41,drift,0.004429386434825121,0.0395419320046073,38,drift,0.00363956040583611,0.04391519409307614,55,drift,0.003226147910910627,0.04267883242627863,49,drift,0.003113957876881224,0.05136165469984022,62,drift,0.003685277846564331,0.04250411990618817,42,H12 swarm (c = 1)|n100 m10 drift lam=0.05|607
h13_event_gamma,H12 swarm (c = 1),n100 m10 drift lam=0.05,drift,100,10,608,20000,4000,11.616430521011353,0.0006756984310903283,0.007623341607303154,0.051182208995174394,1.0003453509454983,50.75,0.5075000000000001,0.0,0.03319682335970303,0.05,,0.0006756984310903283,0.013619621398387863,0,drift,0.002859865221360526,0.0828748439057526,60,drift,0.0034402291738498906,0.046720051264796156,54,drift,0.005211878484288683,0.04240975079265983,46,drift,0.004337457761526852,0.03881478711243182,47,drift,0.007235371686919725,0.05604095230513654,59,drift,0.026789649349730847,0.07011658001286675,55,drift,0.005429832901332439,0.02866799003792391,34,drift,0.005682448279416265,0.04381271652982756,51,H12 swarm (c = 1)|n100 m10 drift lam=0.05|608
h13_event_gamma,H12 swarm (c = 1),n100 m10 drift lam=0.05,drift,100,10,609,20000,4000,11.550735235214233,0.00025655863405486156,0.00475708112569825,0.05540491298753221,0.9963466115962922,52.625,0.52625,0.0,0.03119405124062436,0.05,,0.00025655863405486156,0.010364632278111527,0,drift,0.002965163893407246,0.053118806500033054,61,drift,0.005250158737149152,0.06419145437199286,61,drift,0.006825731885779748,0.05869862902163668,52,drift,0.003390910382851854,0.046983097006009666,48,drift,0.002424966371799039,0.04706602259964195,49,drift,0.004973875749541491,0.060274000721728276,52,drift,0.008035794265290852,0.05005017911222834,48,drift,0.004190047719766623,0.06285711456698682,50,H12 swarm (c = 1)|n100 m10 drift lam=0.05|609
h13_event_gamma,H12 swarm (c = 1),n100 m10 drift lam=0.05,drift,100,10,610,20000,4000,11.803414106369019,0.00036567805905041053,0.0039828524488826084,0.051155575437968906,0.9956992722998379,50.125,0.50125,0.0,0.02914344490130264,0.05,,0.00036567805905041053,0.0068499866289539755,0,drift,0.006646110407276108,0.05955619620626006,56,drift,0.0036776698432037674,0.046103724862161584,49,drift,0.006144921597276791,0.040052469689734034,41,drift,0.0014665728510618225,0.038848550623577734,54,drift,0.004306464912535407,0.06290393635720741,50,drift,0.002545844598086977,0.07419577655404151,57,drift,0.0029527896489122962,0.051507276986801895,53,drift,0.004122445732707696,0.036076672223967,41,H12 swarm (c = 1)|n100 m10 drift lam=0.05|610
h13_event_gamma,"H12 swarm, c = 0 after every change",n100 m10 drift lam=0.05,drift,100,10,601,20000,4000,10.311800956726074,0.0006910863892909312,0.0033742023744137133,0.043810512507690344,0.9961124554272196,49.0,0.49,0.0,0.02795318487178309,0.05,,0.0006910863892909312,0.013107798800482165,0,drift,0.002769331111924284,0.050905288781027874,58,drift,0.0020658848175576726,0.05282106240897524,58,drift,0.004392939835628997,0.04404293474003103,53,drift,0.002219450631068996,0.035855023865137906,44,drift,0.003009278211519183,0.03856523629073782,46,drift,0.002132122328602542,0.058458158020142065,51,drift,0.008695362023319546,0.0334752701458902,38,drift,0.0017092500356884865,0.036361125809580654,44,"H12 swarm, c = 0 after every change|n100 m10 drift lam=0.05|601"
h13_event_gamma,"H12 swarm, c = 0 after every change",n100 m10 drift lam=0.05,drift,100,10,602,20000,4000,9.87131142616272,0.0004921075407164687,0.002910486214231852,0.05223164136631095,0.994722040780561,49.875,0.49874999999999997,0.0,0.027918507954145872,0.05,,0.0004921075407164687,0.0239080648063383,0,drift,0.002265234018425536,0.04356836658314533,54,drift,0.0021617095898023284,0.039631041016702936,47,drift,0.002682572527095686,0.030482881478479346,38,drift,0.0009174218735582032,0.08615737247733346,62,drift,0.0021676121161945186,0.04310558375868205,46,drift,0.005913086585992618,0.038563906087479886,47,drift,0.003126464879614124,0.10311283483147164,62,drift,0.0040497881231718064,0.033231144697192946,43,"H12 swarm, c = 0 after every change|n100 m10 drift lam=0.05|602"
h13_event_gamma,"H12 swarm, c = 0 after every change",n100 m10 drift lam=0.05,drift,100,10,603,20000,4000,10.246370553970337,0.0008334994675289358,0.004739168485402762,0.04575114306132388,0.9957525830502714,47.5,0.475,0.0,0.028599428509811342,0.05,,0.0008334994675289358,0.009161062079556146,0,drift,0.0030979482736313473,0.036642007165202696,47,drift,0.0016354399931779774,0.03494144975209913,45,drift,0.005483829979617669,0.04571401483934398,45,drift,0.006024933854354423,0.058937894420100265,59,drift,0.0017328906601716742,0.058796879108638754,48,drift,0.0028386771254744958,0.04432944625470334,52,drift,0.011677695290758669,0.04181965513394621,41,drift,0.0054219327060358365,0.04482779781655663,43,"H12 swarm, c = 0 after every change|n100 m10 drift lam=0.05|603"
h13_event_gamma,"H12 swarm, c = 0 after every change",n100 m10 drift lam=0.05,drift,100,10,604,20000,4000,9.723427534103394,0.0008614391877108207,0.002952746901743646,0.04094760674937596,0.9945452070633376,45.25,0.4525,0.0,0.02564472047230911,0.05,,0.0008614391877108207,0.02310671613892095,0,drift,0.0024090363320595346,0.03909411705927018,40,drift,0.0018437721749194973,0.036886978933013265,46,drift,0.002341621535008156,0.04037396463391722,49,drift,0.00179147707971526,0.03412047823791199,41,drift,0.0016444818176689728,0.034355894005429315,48,drift,0.005290649767701878,0.04730773947173134,48,drift,0.003958817404697506,0.06305717381569938,56,drift,0.004342119102178364,0.032384507838034995,34,"H12 swarm, c = 0 after every change|n100 m10 drift lam=0.05|604"
h13_event_gamma,"H12 swarm, c = 0 after every change",n100 m10 drift lam=0.05,drift,100,10,605,20000,4000,9.754834175109863,0.0008015564668455525,0.002249739201785282,0.0389259216885765,0.9950008017022326,42.75,0.4275,0.0,0.023672806606318215,0.05,,0.0008015564668455525,0.014997820392013443,0,drift,0.0026422256789795694,0.03640491293964875,47,drift,0.001288344701483098,0.05590449462757565,49,drift,0.0032483171080208923,0.05834996945670024,50,drift,0.001634450085019322,0.0410211668845216,45,drift,0.002565799413538696,0.032076417891065676,41,drift,0.001987679891672645,0.03583577881165568,43,drift,0.0023046624448026646,0.02773021686054161,34,drift,0.0023264342907653667,0.02408441603690276,33,"H12 swarm, c = 0 after every change|n100 m10 drift lam=0.05|605"
h13_event_gamma,"H12 swarm, c = 0 after every change",n100 m10 drift lam=0.05,drift,100,10,606,20000,4000,10.275421619415283,0.0011341750938532132,0.002703951184940477,0.06855443081202767,0.9955037257683685,56.375,0.56375,0.0,0.030965969549896128,0.05,,0.0011341750938532132,0.006629112996451638,0,drift,0.0027385895296903827,0.0937024736016352,61,drift,0.002926385655544658,0.049563696383572366,57,drift,0.003861438636369258,0.03054292905179029,38,drift,0.001585220660253068,0.07127792459582094,59,drift,0.002054231352893818,0.0489611113578689,53,drift,0.002206211797493433,0.0546314394412416,58,drift,0.005106181510855096,0.06703248318463627,60,drift,0.001153350336424103,0.13272338887965576,65,"H12 swarm, c = 0 after every change|n100 m10 drift lam=0.05|606"
h13_event_gamma,"H12 swarm, c = 0 after every change",n100 m10 drift lam=0.05,drift,100,10,607,20000,4000,10.189909219741821,0.0004911222434193251,0.008159214025066506,0.04394794201107912,0.999457554861599,45.125,0.45125,0.0,0.030905915950967457,0.05,,0.0004911222434193251,0.008204047167754537,0,drift,0.0008804899757269219,0.03529512941720392,47,drift,0.0033573635682020743,0.0371578502022496,47,drift,0.002270857245363175,0.027632088578220675,39,drift,0.003258905761752858,0.040346866747417005,47,drift,0.003980802024024371,0.03572216802615319,42,drift,0.0021662828661083147,0.040976296291950924,43,drift,0.004136727009283536,0.05305556255503109,51,drift,0.04522228375007079,0.08139757427040654,45,"H12 swarm, c = 0 after every change|n100 m10 drift lam=0.05|607"
h13_event_gamma,"H12 swarm, c = 0 after every change",n100 m10 drift lam=0.05,drift,100,10,608,20000,4000,10.263616561889648,0.0006756984310903283,0.0033619211832480542,0.03934983917777828,0.9961163208925456,44.125,0.44125000000000003,0.0,0.025496395931155012,0.05,,0.0006756984310903283,0.013619621398387863,0,drift,0.0035601041548604137,0.04269655768909398,47,drift,0.002282589492539939,0.0491322084677357,51,drift,0.0011667197416704738,0.0435555882768069,49,drift,0.004002844699505266,0.03878232293938761,45,drift,0.002753199078630673,0.03791616941849593,44,drift,0.007470755062614434,0.0360712135448208,38,drift,0.002164390075968356,0.032408681959633284,38,drift,0.0034947671601948792,0.034235971126252034,41,"H12 swarm, c = 0 after every change|n100 m10 drift lam=0.05|608"
h13_event_gamma,"H12 swarm, c = 0 after every change",n100 m10 drift lam=0.05,drift,100,10,609,20000,4000,9.955536365509033,0.00025655863405486156,0.0023545510219627618,0.049272817149792564,0.9939618488731292,49.75,0.4975,0.0,0.027287746811816574,0.05,,0.00025655863405486156,0.010364632278111527,0,drift,0.002369532567589451,0.05114060055161544,52,drift,0.0023843577854622787,0.07389883305521677,63,drift,0.0016828463923295187,0.0496075748346363,51,drift,0.0030536458929973967,0.048308658320836514,42,drift,0.0013808448477451746,0.03298698081760941,43,drift,0.0037861243646398497,0.041169866612569515,47,drift,0.00142630823978935,0.04809367248609557,52,drift,0.002752748085149077,0.04897635051976094,48,"H12 swarm, c = 0 after every change|n100 m10 drift lam=0.05|609"
h13_event_gamma,"H12 swarm, c = 0 after every change",n100 m10 drift lam=0.05,drift,100,10,610,20000,4000,10.366170883178711,0.00036567805905041053,0.00552783956513473,0.04461602638276247,0.9972280306415351,47.25,0.47250000000000003,0.0,0.029282986071815224,0.05,,0.00036567805905041053,0.0068499866289539755,0,drift,0.002921059819551483,0.044012906374967985,55,drift,0.003669827642954474,0.056518977466263186,51,drift,0.003813873441205659,0.040834985024010124,40,drift,0.004886203533380585,0.039242478306954535,44,drift,0.010515871334683171,0.04549584309802001,44,drift,0.0016270693546021659,0.03988168464801499,47,drift,0.01110415827112428,0.05681581930755598,51,drift,0.005684653123576026,0.03412551683631295,46,"H12 swarm, c = 0 after every change|n100 m10 drift lam=0.05|610"
h13_event_gamma,"H12 swarm, event-aware gamma",n100 m10 drift lam=0.05,drift,100,10,601,20000,4000,9.90825343132019,0.0006910863892909312,0.0033742023744137133,0.043810512507690344,0.9961124554272196,49.0,0.49,0.0,0.02795318487178309,0.05,,0.0006910863892909312,0.013107798800482165,0,drift,0.002769331111924284,0.050905288781027874,58,drift,0.0020658848175576726,0.05282106240897524,58,drift,0.004392939835628997,0.04404293474003103,53,drift,0.002219450631068996,0.035855023865137906,44,drift,0.003009278211519183,0.03856523629073782,46,drift,0.002132122328602542,0.058458158020142065,51,drift,0.008695362023319546,0.0334752701458902,38,drift,0.0017092500356884865,0.036361125809580654,44,"H12 swarm, event-aware gamma|n100 m10 drift lam=0.05|601"
h13_event_gamma,"H12 swarm, event-aware gamma",n100 m10 drift lam=0.05,drift,100,10,602,20000,4000,9.94353699684143,0.0004921075407164687,0.002910486214231852,0.05223164136631095,0.994722040780561,49.875,0.49874999999999997,0.0,0.027918507954145872,0.05,,0.0004921075407164687,0.0239080648063383,0,drift,0.002265234018425536,0.04356836658314533,54,drift,0.0021617095898023284,0.039631041016702936,47,drift,0.002682572527095686,0.030482881478479346,38,drift,0.0009174218735582032,0.08615737247733346,62,drift,0.0021676121161945186,0.04310558375868205,46,drift,0.005913086585992618,0.038563906087479886,47,drift,0.003126464879614124,0.10311283483147164,62,drift,0.0040497881231718064,0.033231144697192946,43,"H12 swarm, event-aware gamma|n100 m10 drift lam=0.05|602"
h13_event_gamma,"H12 swarm, event-aware gamma",n100 m10 drift lam=0.05,drift,100,10,603,20000,4000,10.033149003982544,0.0008334994675289358,0.004739168485402762,0.04575114306132388,0.9957525830502714,47.5,0.475,0.0,0.028599428509811342,0.05,,0.0008334994675289358,0.009161062079556146,0,drift,0.0030979482736313473,0.036642007165202696,47,drift,0.0016354399931779774,0.03494144975209913,45,drift,0.005483829979617669,0.04571401483934398,45,drift,0.006024933854354423,0.058937894420100265,59,drift,0.0017328906601716742,0.058796879108638754,48,drift,0.0028386771254744958,0.04432944625470334,52,drift,0.011677695290758669,0.04181965513394621,41,drift,0.0054219327060358365,0.04482779781655663,43,"H12 swarm, event-aware gamma|n100 m10 drift lam=0.05|603"
h13_event_gamma,"H12 swarm, event-aware gamma",n100 m10 drift lam=0.05,drift,100,10,604,20000,4000,9.83225679397583,0.0008614391877108207,0.002952746901743646,0.04094760674937596,0.9945452070633376,45.25,0.4525,0.0,0.02564472047230911,0.05,,0.0008614391877108207,0.02310671613892095,0,drift,0.0024090363320595346,0.03909411705927018,40,drift,0.0018437721749194973,0.036886978933013265,46,drift,0.002341621535008156,0.04037396463391722,49,drift,0.00179147707971526,0.03412047823791199,41,drift,0.0016444818176689728,0.034355894005429315,48,drift,0.005290649767701878,0.04730773947173134,48,drift,0.003958817404697506,0.06305717381569938,56,drift,0.004342119102178364,0.032384507838034995,34,"H12 swarm, event-aware gamma|n100 m10 drift lam=0.05|604"
h13_event_gamma,"H12 swarm, event-aware gamma",n100 m10 drift lam=0.05,drift,100,10,605,20000,4000,9.929701805114746,0.0008015564668455525,0.002249739201785282,0.0389259216885765,0.9950008017022326,42.75,0.4275,0.0,0.023672806606318215,0.05,,0.0008015564668455525,0.014997820392013443,0,drift,0.0026422256789795694,0.03640491293964875,47,drift,0.001288344701483098,0.05590449462757565,49,drift,0.0032483171080208923,0.05834996945670024,50,drift,0.001634450085019322,0.0410211668845216,45,drift,0.002565799413538696,0.032076417891065676,41,drift,0.001987679891672645,0.03583577881165568,43,drift,0.0023046624448026646,0.02773021686054161,34,drift,0.0023264342907653667,0.02408441603690276,33,"H12 swarm, event-aware gamma|n100 m10 drift lam=0.05|605"
h13_event_gamma,"H12 swarm, event-aware gamma",n100 m10 drift lam=0.05,drift,100,10,606,20000,4000,10.124232292175293,0.0011341750938532132,0.002703951184940477,0.06855443081202767,0.9955037257683685,56.375,0.56375,0.0,0.030965969549896128,0.05,,0.0011341750938532132,0.006629112996451638,0,drift,0.0027385895296903827,0.0937024736016352,61,drift,0.002926385655544658,0.049563696383572366,57,drift,0.003861438636369258,0.03054292905179029,38,drift,0.001585220660253068,0.07127792459582094,59,drift,0.002054231352893818,0.0489611113578689,53,drift,0.002206211797493433,0.0546314394412416,58,drift,0.005106181510855096,0.06703248318463627,60,drift,0.001153350336424103,0.13272338887965576,65,"H12 swarm, event-aware gamma|n100 m10 drift lam=0.05|606"
h13_event_gamma,"H12 swarm, event-aware gamma",n100 m10 drift lam=0.05,drift,100,10,607,20000,4000,9.843122243881226,0.0004911222434193251,0.008159214025066506,0.04394794201107912,0.999457554861599,45.125,0.45125,0.0,0.030905915950967457,0.05,,0.0004911222434193251,0.008204047167754537,0,drift,0.0008804899757269219,0.03529512941720392,47,drift,0.0033573635682020743,0.0371578502022496,47,drift,0.002270857245363175,0.027632088578220675,39,drift,0.003258905761752858,0.040346866747417005,47,drift,0.003980802024024371,0.03572216802615319,42,drift,0.0021662828661083147,0.040976296291950924,43,drift,0.004136727009283536,0.05305556255503109,51,drift,0.04522228375007079,0.08139757427040654,45,"H12 swarm, event-aware gamma|n100 m10 drift lam=0.05|607"
h13_event_gamma,"H12 swarm, event-aware gamma",n100 m10 drift lam=0.05,drift,100,10,608,20000,4000,9.949185132980347,0.0006756984310903283,0.0033619211832480542,0.03934983917777828,0.9961163208925456,44.125,0.44125000000000003,0.0,0.025496395931155012,0.05,,0.0006756984310903283,0.013619621398387863,0,drift,0.0035601041548604137,0.04269655768909398,47,drift,0.002282589492539939,0.0491322084677357,51,drift,0.0011667197416704738,0.0435555882768069,49,drift,0.004002844699505266,0.03878232293938761,45,drift,0.002753199078630673,0.03791616941849593,44,drift,0.007470755062614434,0.0360712135448208,38,drift,0.002164390075968356,0.032408681959633284,38,drift,0.0034947671601948792,0.034235971126252034,41,"H12 swarm, event-aware gamma|n100 m10 drift lam=0.05|608"
h13_event_gamma,"H12 swarm, event-aware gamma",n100 m10 drift lam=0.05,drift,100,10,609,20000,4000,9.975937604904175,0.00025655863405486156,0.0023545510219627618,0.049272817149792564,0.9939618488731292,49.75,0.4975,0.0,0.027287746811816574,0.05,,0.00025655863405486156,0.010364632278111527,0,drift,0.002369532567589451,0.05114060055161544,52,drift,0.0023843577854622787,0.07389883305521677,63,drift,0.0016828463923295187,0.0496075748346363,51,drift,0.0030536458929973967,0.048308658320836514,42,drift,0.0013808448477451746,0.03298698081760941,43,drift,0.0037861243646398497,0.041169866612569515,47,drift,0.00142630823978935,0.04809367248609557,52,drift,0.002752748085149077,0.04897635051976094,48,"H12 swarm, event-aware gamma|n100 m10 drift lam=0.05|609"
h13_event_gamma,"H12 swarm, event-aware gamma",n100 m10 drift lam=0.05,drift,100,10,610,20000,4000,10.076934099197388,0.00036567805905041053,0.00552783956513473,0.04461602638276247,0.9972280306415351,47.25,0.47250000000000003,0.0,0.029282986071815224,0.05,,0.00036567805905041053,0.0068499866289539755,0,drift,0.002921059819551483,0.044012906374967985,55,drift,0.003669827642954474,0.056518977466263186,51,drift,0.003813873441205659,0.040834985024010124,40,drift,0.004886203533380585,0.039242478306954535,44,drift,0.010515871334683171,0.04549584309802001,44,drift,0.0016270693546021659,0.03988168464801499,47,drift,0.01110415827112428,0.05681581930755598,51,drift,0.005684653123576026,0.03412551683631295,46,"H12 swarm, event-aware gamma|n100 m10 drift lam=0.05|610"
h13_event_gamma,Chooser (cheaper of the two),n100 m10 drift lam=0.2,drift,100,10,601,20000,4000,0.04315495491027832,0.00954770683726473,0.007293878108600226,0.17551056833212936,1.0,83.5,0.835,0.0,0.17551056833212936,0.2,,0.00954770683726473,0.00954770683726473,0,drift,0.008288704222484702,0.18574751616564192,88,drift,0.005751982905768268,0.1827643318971834,88,drift,0.006557620847820037,0.16559372494177546,79,drift,0.007677773107391468,0.1870444167205071,89,drift,0.008187812708477002,0.16143236024016558,76,drift,0.00786149799257074,0.17516650665933747,83,drift,0.0049265611554245,0.17174437030722492,83,drift,0.00909907192886509,0.17459131972519906,82,Chooser (cheaper of the two)|n100 m10 drift lam=0.2|601
h13_event_gamma,Chooser (cheaper of the two),n100 m10 drift lam=0.2,drift,100,10,602,20000,4000,0.03644227981567383,0.01352893455368545,0.008234023986877692,0.18215450995760157,1.0,86.25,0.8625,0.0,0.18215450995760157,0.2,,0.01352893455368545,0.01352893455368545,0,drift,0.008545118341830117,0.16991233727652283,80,drift,0.008618007139922671,0.18008306835370938,85,drift,0.010680575594198025,0.19260307920115363,90,drift,0.007081972019247887,0.19641338275886644,94,drift,0.006541821530118781,0.17564084754717862,84,drift,0.010932218209908126,0.18076883086917261,84,drift,0.007867811236736915,0.187268281636876,89,drift,0.005604667823059017,0.17454625201733295,84,Chooser (cheaper of the two)|n100 m10 drift lam=0.2|602
h13_event_gamma,Chooser (cheaper of the two),n100 m10 drift lam=0.2,drift,100,10,603,20000,4000,0.03778505325317383,0.00991078955176043,0.00902677634208945,0.18282937888147402,1.0,86.125,0.8612500000000001,0.0,0.18282937888147402,0.2,,0.00991078955176043,0.00991078955176043,0,drift,0.011076729281997265,0.1829597732599367,85,drift,0.009507913499455609,0.18314327462136196,86,drift,0.008829330522599451,0.18840095135562218,89,drift,0.010205753204645401,0.1819407312494351,85,drift,0.005803433002874962,0.1808132303453752,87,drift,0.009443792844687533,0.179030350042595,84,drift,0.008512238909426728,0.18802741743530457,89,drift,0.008835019471028646,0.17831930274216146,84,Chooser (cheaper of the two)|n100 m10 drift lam=0.2|603
h13_event_gamma,Chooser (cheaper of the two),n100 m10 drift lam=0.2,drift,100,10,604,20000,4000,0.037015676498413086,0.005446266044979927,0.008455011416296485,0.16905497976246284,1.0,79.625,0.79625,0.0,0.16905497976246284,0.2,,0.005446266044979927,0.005446266044979927,0,drift,0.007737908304752975,0.19114620761621806,91,drift,0.006962306723421061,0.1761319742529557,84,drift,0.009939691430189917,0.18970895650476363,89,drift,0.010295283051952025,0.16588075664195248,77,drift,0.006891402615227635,0.14986998178658983,71,drift,0.008896229526638016,0.1723374187099534,81,drift,0.00939080779078092,0.16079942895939792,75,drift,0.00752646188740934,0.14656511362787167,69,Chooser (cheaper of the two)|n100 m10 drift lam=0.2|604
h13_event_gamma,Chooser (cheaper of the two),n100 m10 drift lam=0.2,drift,100,10,605,20000,4000,0.03771209716796875,0.010728903253768242,0.007292151429802346,0.17374868233305596,1.0,82.625,0.8262499999999999,0.0,0.17374868233305596,0.2,,0.010728903253768242,0.010728903253768242,0,drift,0.002809711655260423,0.17128174321334408,84,drift,0.007096374893840834,0.17226018037643095,82,drift,0.009598313544141264,0.1670956504570274,78,drift,0.004479855990207629,0.1631876732366603,79,drift,0.00679218269061272,0.17996043811339804,86,drift,0.008620816631497132,0.1921898052584296,91,drift,0.007002072515582882,0.1640943958280139,78,drift,0.011937883517275875,0.1799195721811435,83,Chooser (cheaper of the two)|n100 m10 drift lam=0.2|605
h13_event_gamma,Chooser (cheaper of the two),n100 m10 drift lam=0.2,drift,100,10,606,20000,4000,0.03708600997924805,0.00868146237657879,0.007235182536964192,0.17494094870773616,1.0,83.25,0.8325,0.0,0.17494094870773616,0.2,,0.00868146237657879,0.00868146237657879,0,drift,0.005871484200535694,0.17284615057782463,83,drift,0.0113518821512007,0.18934981340981202,88,drift,0.007091670838869163,0.1621837881480549,77,drift,0.00488255309872465,0.17973211733790256,87,drift,0.0071756959177059435,0.17436686144004507,83,drift,0.007578367497709287,0.16677574956234717,79,drift,0.008048375189372584,0.17336830872042983,82,drift,0.00588143140159551,0.1809048004654731,87,Chooser (cheaper of the two)|n100 m10 drift lam=0.2|606
h13_event_gamma,Chooser (cheaper of the two),n100 m10 drift lam=0.2,drift,100,10,607,20000,4000,0.03650546073913574,0.011543350314852156,0.008729387258999088,0.18425162808596135,1.0,87.0,0.87,0.0,0.18425162808596135,0.2,,0.011543350314852156,0.011543350314852156,0,drift,0.008785938104828734,0.18633226321127852,88,drift,0.010993083525900444,0.1848838938923552,86,drift,0.007369581681727336,0.1886961063844381,90,drift,0.01190065884578024,0.19606657875571215,91,drift,0.006511152081057792,0.18567013715148606,89,drift,0.008134558135078974,0.17346862566923213,82,drift,0.010938202092380925,0.1848195728522704,86,drift,0.005201923605238252,0.1740758467709183,84,Chooser (cheaper of the two)|n100 m10 drift lam=0.2|607
h13_event_gamma,Chooser (cheaper of the two),n100 m10 drift lam=0.2,drift,100,10,608,20000,4000,0.03758835792541504,0.007004692944569671,0.025685751942819038,0.17428447942052408,1.0182977085720193,73.75,0.7374999999999999,0.0,0.17428447942052408,0.2,,0.007004692944569671,0.007004692944569671,0,drift,0.004735490276716928,0.17754999460431217,86,drift,0.0063804697724045055,0.16941410587553396,81,drift,0.010259755255463281,0.17594235511735942,82,drift,0.010219700301579671,0.18397748875345132,86,drift,0.007117337392804928,0.18235575409915292,87,drift,0.007651072204144803,0.176936452334441,84,drift,0.15330377224120212,0.15330377224120212,0,drift,0.005818418098236066,0.1747959123387397,84,Chooser (cheaper of the two)|n100 m10 drift lam=0.2|608
h13_event_gamma,Chooser (cheaper of the two),n100 m10 drift lam=0.2,drift,100,10,609,20000,4000,0.03810930252075195,0.012217991958425711,0.008445137423784254,0.17055739602479464,1.0,80.375,0.80375,0.0,0.17055739602479464,0.2,,0.012217991958425711,0.012217991958425711,0,drift,0.010148124453475115,0.1939950831040075,91,drift,0.007805117694230892,0.1831632081730271,87,drift,0.00769820042772261,0.17497610169872438,83,drift,0.007966543721553452,0.16924119071700194,80,drift,0.008198646841081467,0.16951043033565444,80,drift,0.009609650550995873,0.17114719463915506,80,drift,0.005681824807212056,0.14848864392983607,71,drift,0.01045299089400257,0.15393731560095075,71,Chooser (cheaper of the two)|n100 m10 drift lam=0.2|609
h13_event_gamma,Chooser (cheaper of the two),n100 m10 drift lam=0.2,drift,100,10,610,20000,4000,0.03668570518493652,0.008918877279033004,0.008324043670884115,0.1747092925990451,1.0,82.5,0.825,0.0,0.1747092925990451,0.2,,0.008918877279033004,0.008918877279033004,0,drift,0.008133630421467615,0.17951634759311705,85,drift,0.009115123608243314,0.1766282341272116,83,drift,0.0058223935665852175,0.16675397653723886,80,drift,0.01143366690074819,0.18742312494147836,87,drift,0.008882460155960396,0.1803924783824735,85,drift,0.005136877538483974,0.15590740916925655,75,drift,0.008702065384855587,0.17009439584643246,80,drift,0.00936613179072863,0.1809583741951525,85,Chooser (cheaper of the two)|n100 m10 drift lam=0.2|610
h13_event_gamma,H12 swarm (c = 1),n100 m10 drift lam=0.2,drift,100,10,601,20000,4000,11.950250387191772,0.0006910863892909312,0.00935812469437791,0.09982611798335972,1.0020540681540815,37.125,0.37124999999999997,0.0,0.08428886981976448,0.2,,0.0006910863892909312,0.013107798800482165,0,drift,0.009275345797163556,0.13342563700501497,49,drift,0.006971358338236335,0.12004515763774899,47,drift,0.00798622786901394,0.0909639620157017,35,drift,0.007218807152959345,0.07806371645477655,27,drift,0.005120687315028653,0.08497860104133667,35,drift,0.015830194018369558,0.10025296512165298,33,drift,0.01775636800625274,0.09058821169404152,33,drift,0.004706009057999156,0.10029069289660437,38,H12 swarm (c = 1)|n100 m10 drift lam=0.2|601
h13_event_gamma,H12 swarm (c = 1),n100 m10 drift lam=0.2,drift,100,10,602,20000,4000,11.815474510192871,0.0004921075407164687,0.015433307508458798,0.10701291971349133,1.0071545475934431,36.875,0.36875,0.0,0.09023041999347722,0.2,,0.0004921075407164687,0.0239080648063383,0,drift,0.004327151957893305,0.1215870514568531,47,drift,0.011627237481817291,0.06733126695308377,24,drift,0.0068246456341958745,0.08024904300341051,31,drift,0.05524345776702637,0.14131677451227703,36,drift,0.006760523639603032,0.12987222737045656,49,drift,0.010346358702154383,0.06908698807488789,26,drift,0.004307009339985179,0.14862160564163304,54,drift,0.024030075544994953,0.09803840069532886,28,H12 swarm (c = 1)|n100 m10 drift lam=0.2|602
h13_event_gamma,H12 swarm (c = 1),n100 m10 drift lam=0.2,drift,100,10,603,20000,4000,12.074396848678589,0.0008334994675289358,0.010783455811985216,0.12532665163682447,1.0017495535724037,40.125,0.40125,0.0,0.09189762927631101,0.2,,0.0008334994675289358,0.009161062079556146,0,drift,0.005015700171856599,0.12557764977407496,50,drift,0.005215332241311554,0.09884437089689681,36,drift,0.010070233045336304,0.13565041482998438,43,drift,0.007990025852393638,0.12107323831460053,42,drift,0.022430668857670633,0.2288007011547407,46,drift,0.012594267840070622,0.09643894216366966,37,drift,0.0057705707151840015,0.09638521683048323,35,drift,0.017180847772058385,0.09984267913014554,32,H12 swarm (c = 1)|n100 m10 drift lam=0.2|603
h13_event_gamma,H12 swarm (c = 1),n100 m10 drift lam=0.2,drift,100,10,604,20000,4000,11.870586395263672,0.0008614391877108207,0.007222275166831087,0.10461309312687775,0.998779912958419,35.75,0.3575,0.0,0.07922105137252684,0.2,,0.0008614391877108207,0.02310671613892095,0,drift,0.005236659418228017,0.11401694872219667,42,drift,0.0035939144589216443,0.10188027234520797,37,drift,0.010404010390537238,0.12284569280809382,37,drift,0.0038809372777475998,0.07656052977219488,30,drift,0.014515898420549527,0.08318388190653142,29,drift,0.009850281725060793,0.08894166503376033,32,drift,0.004458911199983423,0.1438166550699358,41,drift,0.005837588443620452,0.10565909935710105,38,H12 swarm (c = 1)|n100 m10 drift lam=0.2|604
h13_event_gamma,H12 swarm (c = 1),n100 m10 drift lam=0.2,drift,100,10,605,20000,4000,11.80190134048462,0.0008015564668455525,0.007059701689224519,0.10906934104703844,0.99978186966867,38.75,0.38749999999999996,0.0,0.08508005025249518,0.2,,0.0008015564668455525,0.014997820392013443,0,drift,0.011931451880880906,0.11497823504466054,36,drift,0.006229877648590391,0.158051888427074,49,drift,0.003933832897053603,0.11963029554159339,45,drift,0.0062510271781645544,0.09679431342659141,35,drift,0.008107116776694859,0.08830956668391582,33,drift,0.005415905969350977,0.10950816960165806,38,drift,0.010807565832249882,0.07745754452141257,28,drift,0.003800835330810986,0.10782471512940174,46,H12 swarm (c = 1)|n100 m10 drift lam=0.2|605
h13_event_gamma,H12 swarm (c = 1),n100 m10 drift lam=0.2,drift,100,10,606,20000,4000,11.979231834411621,0.0011341750938532132,0.009473032245275334,0.13663737445280374,1.0022250369440775,43.25,0.4325,0.0,0.09680297994462933,0.2,,0.0011341750938532132,0.006629112996451638,0,drift,0.005330375331754185,0.14789512466255597,52,drift,0.011157236944807906,0.09647441583079702,32,drift,0.006152557906981398,0.09733774546190184,34,drift,0.0057676034040909764,0.11827522214520282,39,drift,0.011326495446278248,0.15091966763524084,51,drift,0.007099613801783494,0.11781657631438172,45,drift,0.00634532345251765,0.11234989655540549,46,drift,0.022605051673988824,0.25203034701694416,47,H12 swarm (c = 1)|n100 m10 drift lam=0.2|606
h13_event_gamma,H12 swarm (c = 1),n100 m10 drift lam=0.2,drift,100,10,607,20000,4000,11.985446214675903,0.0004911222434193251,0.00783379513713275,0.0995234456323411,0.9991166406926787,36.625,0.36625,0.0,0.08168353397663089,0.2,,0.0004911222434193251,0.008204047167754537,0,drift,0.009163227636041264,0.09866422352394413,37,drift,0.0054548695618090726,0.07468026639352526,29,drift,0.005930388082070921,0.08038866095086565,29,drift,0.0075809076374484885,0.09696981026714674,34,drift,0.008141069910196405,0.08818061777494934,34,drift,0.012994652588322856,0.13950484410162362,50,drift,0.008244917924466353,0.11612164909991568,43,drift,0.005160327756706641,0.10167749294675833,37,H12 swarm (c = 1)|n100 m10 drift lam=0.2|607
h13_event_gamma,H12 swarm (c = 1),n100 m10 drift lam=0.2,drift,100,10,608,20000,4000,11.846261978149414,0.0006756984310903283,0.009371731988446213,0.08825353130784204,1.00208016566966,31.125,0.31125,0.0,0.07218619231060233,0.2,,0.0006756984310903283,0.013619621398387863,0,drift,0.007486671931025722,0.10124083229958189,37,drift,0.0073601003382229736,0.10470843436501392,38,drift,0.006179020522458668,0.08624515558631832,28,drift,0.01607580133863857,0.0828252991214796,29,drift,0.006844096506383081,0.1237455137654752,42,drift,0.012824862579827807,0.07508539732459761,26,drift,0.010748183145173515,0.06354705369780925,23,drift,0.007455119545839366,0.06863056430246053,26,H12 swarm (c = 1)|n100 m10 drift lam=0.2|608
h13_event_gamma,H12 swarm (c = 1),n100 m10 drift lam=0.2,drift,100,10,609,20000,4000,11.975545406341553,0.00025655863405486156,0.006502088527507979,0.12656045804783872,0.9980760751052489,41.375,0.41375,0.0,0.08977120544487086,0.2,,0.00025655863405486156,0.010364632278111527,0,drift,0.004893497217969478,0.10878467887827088,43,drift,0.004502075463684473,0.16613969737370646,53,drift,0.00925550464838602,0.11485198140587613,42,drift,0.011709165763160749,0.09758491074029771,30,drift,0.005693930202485915,0.10926072401068751,40,drift,0.004776429222121585,0.12953169559625693,39,drift,0.005369506968665917,0.09916044456724855,34,drift,0.005816598733589695,0.18716953181036544,50,H12 swarm (c = 1)|n100 m10 drift lam=0.2|609
h13_event_gamma,H12 swarm (c = 1),n100 m10 drift lam=0.2,drift,100,10,610,20000,4000,11.73547649383545,0.00036567805905041053,0.0071252963457539885,0.1104712304037033,0.9988117474401924,39.375,0.39375,0.0,0.0864266642520347,0.2,,0.00036567805905041053,0.0068499866289539755,0,drift,0.006521605036064429,0.11615115489758386,44,drift,0.006111423775801763,0.10095896964880878,39,drift,0.0032731335198334416,0.09733582969531317,37,drift,0.008409028903622537,0.08899263352134557,31,drift,0.01099217735394763,0.12866481387273587,42,drift,0.00566122426195424,0.1228190347997424,48,drift,0.004483094425627716,0.138634797833566,41,drift,0.011550683489180154,0.09021260896053067,33,H12 swarm (c = 1)|n100 m10 drift lam=0.2|610
h13_event_gamma,"H12 swarm, c = 0 after every change",n100 m10 drift lam=0.2,drift,100,10,601,20000,4000,10.374518394470215,0.0006910863892909312,0.00997964944814589,0.08639406994010784,1.0026655825624031,29.125,0.29125,0.0,0.06874975734849137,0.2,,0.0006910863892909312,0.013107798800482165,0,drift,0.007272132254578129,0.11472900846489044,37,drift,0.005239239386302299,0.08294217827296813,30,drift,0.01428678230255658,0.09368387142552134,32,drift,0.0027259693061093037,0.07206800816427314,27,drift,0.004635920822442995,0.10443879755824662,38,drift,0.010213561236910258,0.0822759699964224,28,drift,0.010427241235548022,0.06922510219060349,25,drift,0.025036349040719538,0.07178962344793711,16,"H12 swarm, c = 0 after every change|n100 m10 drift lam=0.2|601"
h13_event_gamma,"H12 swarm, c = 0 after every change",n100 m10 drift lam=0.2,drift,100,10,602,20000,4000,10.082007884979248,0.0004921075407164687,0.012433412712399443,0.09624447971021573,1.0041565469961564,28.75,0.2875,0.0,0.07059085851930183,0.2,,0.0004921075407164687,0.0239080648063383,0,drift,0.005923908524910637,0.11008437404711438,42,drift,0.008400321062150473,0.08353113683869351,29,drift,0.029215337301949994,0.10773485945837791,26,drift,0.006883330014761106,0.11507206184180384,36,drift,0.014758618719503265,0.09297886948787328,27,drift,0.025509981289161064,0.08233722032006045,21,drift,0.0022514111271547173,0.1140569993087971,29,drift,0.0065243936596042894,0.06416031637900534,20,"H12 swarm, c = 0 after every change|n100 m10 drift lam=0.2|602"
h13_event_gamma,"H12 swarm, c = 0 after every change",n100 m10 drift lam=0.2,drift,100,10,603,20000,4000,10.158419847488403,0.0008334994675289358,0.014283916492809447,0.11472901264116742,1.0052047343575297,34.5,0.345,0.0,0.08415042079921575,0.2,,0.0008334994675289358,0.009161062079556146,0,drift,0.0188062681312634,0.0827746362269601,23,drift,0.05526518247408944,0.13670395826564033,29,drift,0.012727009744145827,0.12069448457261452,35,drift,0.008682448083742677,0.09870990897448187,33,drift,0.0034888247889675278,0.17565718792508944,59,drift,0.005535710409080847,0.11178193630740223,32,drift,0.004741296273377652,0.10891778453539439,38,drift,0.005024592037808216,0.08259220432175642,27,"H12 swarm, c = 0 after every change|n100 m10 drift lam=0.2|603"
h13_event_gamma,"H12 swarm, c = 0 after every change",n100 m10 drift lam=0.2,drift,100,10,604,20000,4000,10.446528196334839,0.0008614391877108207,0.008504455486552556,0.09925513205967743,1.0000493671440607,32.25,0.3225,0.0,0.07352507685228435,0.2,,0.0008614391877108207,0.02310671613892095,0,drift,0.005012552861424629,0.11092303503758037,39,drift,0.008706517657193328,0.07862741537766829,28,drift,0.005600597214607647,0.10913904112413453,35,drift,0.019057370129701035,0.10364617582886844,30,drift,0.011339995809778847,0.06757505015557876,23,drift,0.0036040914060820623,0.1064272114294602,36,drift,0.006974774931916665,0.14569374901807616,44,drift,0.007739743881716243,0.07200937850605264,23,"H12 swarm, c = 0 after every change|n100 m10 drift lam=0.2|604"
h13_event_gamma,"H12 swarm, c = 0 after every change",n100 m10 drift lam=0.2,drift,100,10,605,20000,4000,10.510432958602905,0.0008015564668455525,0.0059226779272589574,0.09303810407549631,0.9986480660297987,31.25,0.3125,0.0,0.06875057892160698,0.2,,0.0008015564668455525,0.014997820392013443,0,drift,0.006306699858165302,0.08075750729057472,29,drift,0.003281279034888012,0.1076833763830883,33,drift,0.00228526963493634,0.11521434533457364,39,drift,0.003150361967517586,0.1092515969926453,34,drift,0.0022030783327396165,0.08116992251901947,32,drift,0.00984419417980479,0.08395212065014432,25,drift,0.015970940371985595,0.07157735266653982,22,drift,0.004339600038034418,0.09469861076738487,36,"H12 swarm, c = 0 after every change|n100 m10 drift lam=0.2|605"
h13_event_gamma,"H12 swarm, c = 0 after every change",n100 m10 drift lam=0.2,drift,100,10,606,20000,4000,10.190178394317627,0.0011341750938532132,0.018367962401873238,0.1258605495936881,1.0110586041855287,37.75,0.3775,0.0,0.09523596165779308,0.2,,0.0011341750938532132,0.006629112996451638,0,drift,0.01910276275813526,0.2037347242325092,55,drift,0.010572624200279594,0.08636098485123561,31,drift,0.017966197363213223,0.07989837622027948,26,drift,0.011722376991710411,0.13479576114389394,41,drift,0.031224273697841913,0.12755716342745335,36,drift,0.03610189851832285,0.14732135590099965,34,drift,0.00442766919017156,0.10680255935762276,40,drift,0.01582589649531107,0.12041347161551086,39,"H12 swarm, c = 0 after every change|n100 m10 drift lam=0.2|606"
h13_event_gamma,"H12 swarm, c = 0 after every change",n100 m10 drift lam=0.2,drift,100,10,607,20000,4000,9.951220273971558,0.0004911222434193251,0.005184835841531697,0.08055175756186979,0.9964910313787092,30.125,0.30125,0.0,0.06572698238026496,0.2,,0.0004911222434193251,0.008204047167754537,0,drift,0.0013926541591670906,0.09827295897482563,42,drift,0.008983930907211144,0.07308418300876474,27,drift,0.0036447462028397328,0.05908174927578263,22,drift,0.0031654536345365773,0.07259217314163247,30,drift,0.002607437682748947,0.09212402009001318,33,drift,0.010220760306970137,0.07495973086747289,25,drift,0.0045921644312251755,0.08741068667656077,33,drift,0.006871539407554771,0.08688855845990603,29,"H12 swarm, c = 0 after every change|n100 m10 drift lam=0.2|607"
h13_event_gamma,"H12 swarm, c = 0 after every change",n100 m10 drift lam=0.2,drift,100,10,608,20000,4000,9.894396305084229,0.0006756984310903283,0.012243900119150705,0.09860536241134052,1.0049399666341408,31.125,0.31124999999999997,0.0,0.07523721746346024,0.2,,0.0006756984310903283,0.013619621398387863,0,drift,0.003527352673018996,0.15828770430778857,41,drift,0.0037129861540793744,0.09802919581553084,32,drift,0.005910565362342777,0.07761389378660988,30,drift,0.003041934977736085,0.07452045641810674,29,drift,0.0313558690744667,0.1323067863653259,39,drift,0.005568027727953583,0.08572304276644317,30,drift,0.02512318247435437,0.07525990221367698,20,drift,0.019711282509253768,0.08710191761724212,28,"H12 swarm, c = 0 after every change|n100 m10 drift lam=0.2|608"
h13_event_gamma,"H12 swarm, c = 0 after every change",n100 m10 drift lam=0.2,drift,100,10,609,20000,4000,10.160149812698364,0.00025655863405486156,0.005515137418204564,0.09888240919296082,0.9970954188278586,32.75,0.3275,0.0,0.07135424434235002,0.2,,0.00025655863405486156,0.010364632278111527,0,drift,0.0037392730962106544,0.08877087816737597,31,drift,0.0025418080614979023,0.14493091897669136,47,drift,0.0038647893514390094,0.0899712086561241,32,drift,0.006321684365995093,0.07154143984588868,25,drift,0.009694297949283389,0.06593698982001793,22,drift,0.01010775501273358,0.10428240151149254,33,drift,0.0029411738839316233,0.10313983360198666,31,drift,0.004910317624545257,0.12248560296410928,41,"H12 swarm, c = 0 after every change|n100 m10 drift lam=0.2|609"
h13_event_gamma,"H12 swarm, c = 0 after every change",n100 m10 drift lam=0.2,drift,100,10,610,20000,4000,10.200106620788574,0.00036567805905041053,0.005538868177582873,0.10389459712372738,0.9972381604227907,36.625,0.36625,0.0,0.07917702009493652,0.2,,0.00036567805905041053,0.0068499866289539755,0,drift,0.002733817787551299,0.11177180411791963,40,drift,0.004155885263260464,0.10172698397686086,39,drift,0.003954917917813501,0.11048443366986932,40,drift,0.015455974885326337,0.08012267156126063,28,drift,0.004026146607103486,0.10515138639106214,35,drift,0.006958733894207472,0.1504001987290089,43,drift,0.0042130334214628895,0.10648311427957192,42,drift,0.002812435643937536,0.06501618426426561,26,"H12 swarm, c = 0 after every change|n100 m10 drift lam=0.2|610"
h13_event_gamma,"H12 swarm, event-aware gamma",n100 m10 drift lam=0.2,drift,100,10,601,20000,4000,10.20465636253357,0.0006910863892909312,0.00997964944814589,0.08639406994010784,1.0026655825624031,29.125,0.29125,0.0,0.06874975734849137,0.2,,0.0006910863892909312,0.013107798800482165,0,drift,0.007272132254578129,0.11472900846489044,37,drift,0.005239239386302299,0.08294217827296813,30,drift,0.01428678230255658,0.09368387142552134,32,drift,0.0027259693061093037,0.07206800816427314,27,drift,0.004635920822442995,0.10443879755824662,38,drift,0.010213561236910258,0.0822759699964224,28,drift,0.010427241235548022,0.06922510219060349,25,drift,0.025036349040719538,0.07178962344793711,16,"H12 swarm, event-aware gamma|n100 m10 drift lam=0.2|601"
h13_event_gamma,"H12 swarm, event-aware gamma",n100 m10 drift lam=0.2,drift,100,10,602,20000,4000,10.211249589920044,0.0004921075407164687,0.012433412712399443,0.09624447971021573,1.0041565469961564,28.75,0.2875,0.0,0.07059085851930183,0.2,,0.0004921075407164687,0.0239080648063383,0,drift,0.005923908524910637,0.11008437404711438,42,drift,0.008400321062150473,0.08353113683869351,29,drift,0.029215337301949994,0.10773485945837791,26,drift,0.006883330014761106,0.11507206184180384,36,drift,0.014758618719503265,0.09297886948787328,27,drift,0.025509981289161064,0.08233722032006045,21,drift,0.0022514111271547173,0.1140569993087971,29,drift,0.0065243936596042894,0.06416031637900534,20,"H12 swarm, event-aware gamma|n100 m10 drift lam=0.2|602"
h13_event_gamma,"H12 swarm, event-aware gamma",n100 m10 drift lam=0.2,drift,100,10,603,20000,4000,10.040785551071167,0.0008334994675289358,0.014283916492809447,0.11472901264116742,1.0052047343575297,34.5,0.345,0.0,0.08415042079921575,0.2,,0.0008334994675289358,0.009161062079556146,0,drift,0.0188062681312634,0.0827746362269601,23,drift,0.05526518247408944,0.13670395826564033,29,drift,0.012727009744145827,0.12069448457261452,35,drift,0.008682448083742677,0.09870990897448187,33,drift,0.0034888247889675278,0.17565718792508944,59,drift,0.005535710409080847,0.11178193630740223,32,drift,0.004741296273377652,0.10891778453539439,38,drift,0.005024592037808216,0.08259220432175642,27,"H12 swarm, event-aware gamma|n100 m10 drift lam=0.2|603"
h13_event_gamma,"H12 swarm, event-aware gamma",n100 m10 drift lam=0.2,drift,100,10,604,20000,4000,10.460203409194946,0.0008614391877108207,0.008504455486552556,0.09925513205967743,1.0000493671440607,32.25,0.3225,0.0,0.07352507685228435,0.2,,0.0008614391877108207,0.02310671613892095,0,drift,0.005012552861424629,0.11092303503758037,39,drift,0.008706517657193328,0.07862741537766829,28,drift,0.005600597214607647,0.10913904112413453,35,drift,0.019057370129701035,0.10364617582886844,30,drift,0.011339995809778847,0.06757505015557876,23,drift,0.0036040914060820623,0.1064272114294602,36,drift,0.006974774931916665,0.14569374901807616,44,drift,0.007739743881716243,0.07200937850605264,23,"H12 swarm, event-aware gamma|n100 m10 drift lam=0.2|604"
h13_event_gamma,"H12 swarm, event-aware gamma",n100 m10 drift lam=0.2,drift,100,10,605,20000,4000,10.624511003494263,0.0008015564668455525,0.0059226779272589574,0.09303810407549631,0.9986480660297987,31.25,0.3125,0.0,0.06875057892160698,0.2,,0.0008015564668455525,0.014997820392013443,0,drift,0.006306699858165302,0.08075750729057472,29,drift,0.003281279034888012,0.1076833763830883,33,drift,0.00228526963493634,0.11521434533457364,39,drift,0.003150361967517586,0.1092515969926453,34,drift,0.0022030783327396165,0.08116992251901947,32,drift,0.00984419417980479,0.08395212065014432,25,drift,0.015970940371985595,0.07157735266653982,22,drift,0.004339600038034418,0.09469861076738487,36,"H12 swarm, event-aware gamma|n100 m10 drift lam=0.2|605"
h13_event_gamma,"H12 swarm, event-aware gamma",n100 m10 drift lam=0.2,drift,100,10,606,20000,4000,10.111372470855713,0.0011341750938532132,0.018367962401873238,0.1258605495936881,1.0110586041855287,37.75,0.3775,0.0,0.09523596165779308,0.2,,0.0011341750938532132,0.006629112996451638,0,drift,0.01910276275813526,0.2037347242325092,55,drift,0.010572624200279594,0.08636098485123561,31,drift,0.017966197363213223,0.07989837622027948,26,drift,0.011722376991710411,0.13479576114389394,41,drift,0.031224273697841913,0.12755716342745335,36,drift,0.03610189851832285,0.14732135590099965,34,drift,0.00442766919017156,0.10680255935762276,40,drift,0.01582589649531107,0.12041347161551086,39,"H12 swarm, event-aware gamma|n100 m10 drift lam=0.2|606"
h13_event_gamma,"H12 swarm, event-aware gamma",n100 m10 drift lam=0.2,drift,100,10,607,20000,4000,10.255047798156738,0.0004911222434193251,0.005184835841531697,0.08055175756186979,0.9964910313787092,30.125,0.30125,0.0,0.06572698238026496,0.2,,0.0004911222434193251,0.008204047167754537,0,drift,0.0013926541591670906,0.09827295897482563,42,drift,0.008983930907211144,0.07308418300876474,27,drift,0.0036447462028397328,0.05908174927578263,22,drift,0.0031654536345365773,0.07259217314163247,30,drift,0.002607437682748947,0.09212402009001318,33,drift,0.010220760306970137,0.07495973086747289,25,drift,0.0045921644312251755,0.08741068667656077,33,drift,0.006871539407554771,0.08688855845990603,29,"H12 swarm, event-aware gamma|n100 m10 drift lam=0.2|607"
h13_event_gamma,"H12 swarm, event-aware gamma",n100 m10 drift lam=0.2,drift,100,10,608,20000,4000,10.058560609817505,0.0006756984310903283,0.012243900119150705,0.09860536241134052,1.0049399666341408,31.125,0.31124999999999997,0.0,0.07523721746346024,0.2,,0.0006756984310903283,0.013619621398387863,0,drift,0.003527352673018996,0.15828770430778857,41,drift,0.0037129861540793744,0.09802919581553084,32,drift,0.005910565362342777,0.07761389378660988,30,drift,0.003041934977736085,0.07452045641810674,29,drift,0.0313558690744667,0.1323067863653259,39,drift,0.005568027727953583,0.08572304276644317,30,drift,0.02512318247435437,0.07525990221367698,20,drift,0.019711282509253768,0.08710191761724212,28,"H12 swarm, event-aware gamma|n100 m10 drift lam=0.2|608"
h13_event_gamma,"H12 swarm, event-aware gamma",n100 m10 drift lam=0.2,drift,100,10,609,20000,4000,9.913950681686401,0.00025655863405486156,0.005515137418204564,0.09888240919296082,0.9970954188278586,32.75,0.3275,0.0,0.07135424434235002,0.2,,0.00025655863405486156,0.010364632278111527,0,drift,0.0037392730962106544,0.08877087816737597,31,drift,0.0025418080614979023,0.14493091897669136,47,drift,0.0038647893514390094,0.0899712086561241,32,drift,0.006321684365995093,0.07154143984588868,25,drift,0.009694297949283389,0.06593698982001793,22,drift,0.01010775501273358,0.10428240151149254,33,drift,0.0029411738839316233,0.10313983360198666,31,drift,0.004910317624545257,0.12248560296410928,41,"H12 swarm, event-aware gamma|n100 m10 drift lam=0.2|609"
h13_event_gamma,"H12 swarm, event-aware gamma",n100 m10 drift lam=0.2,drift,100,10,610,20000,4000,10.016463041305542,0.00036567805905041053,0.005538868177582873,0.10389459712372738,0.9972381604227907,36.625,0.36625,0.0,0.07917702009493652,0.2,,0.00036567805905041053,0.0068499866289539755,0,drift,0.002733817787551299,0.11177180411791963,40,drift,0.004155885263260464,0.10172698397686086,39,drift,0.003954917917813501,0.11048443366986932,40,drift,0.015455974885326337,0.08012267156126063,28,drift,0.004026146607103486,0.10515138639106214,35,drift,0.006958733894207472,0.1504001987290089,43,drift,0.0042130334214628895,0.10648311427957192,42,drift,0.002812435643937536,0.06501618426426561,26,"H12 swarm, event-aware gamma|n100 m10 drift lam=0.2|610"
h13_event_gamma,Chooser (cheaper of the two),n100 m10 drift lam=1.0,drift,100,10,601,20000,4000,0.03960919380187988,0.00954770683726473,0.35570814834189146,0.659260857352277,1.345939868655107,30.125,0.30125,0.0,0.659260857352277,1.0,,0.00954770683726473,0.00954770683726473,0,drift,0.6244232711246454,0.6244232711246454,0,drift,0.005751982905768268,0.8405261287175562,83,drift,0.4233861381928362,0.4233861381928362,0,drift,0.858904803785938,0.858904803785938,0,drift,0.008187812708477002,0.8147380628752586,80,drift,0.3879562704773647,0.3879562704773647,0,drift,0.5279558356112374,0.5279558356112374,0,drift,0.00909907192886509,0.7961963480333799,78,Chooser (cheaper of the two)|n100 m10 drift lam=1.0|601
h13_event_gamma,Chooser (cheaper of the two),n100 m10 drift lam=1.0,drift,100,10,602,20000,4000,0.0453028678894043,0.01352893455368545,0.25640552756777935,0.5763237719910914,1.2460855622269011,31.75,0.3175,0.0,0.5763237719910914,1.0,,0.01352893455368545,0.01352893455368545,0,drift,0.008545118341830117,0.8153812130152943,80,drift,0.2130437701070157,0.2130437701070157,0,drift,0.3941844370507935,0.3941844370507935,0,drift,0.7582020620381579,0.7582020620381579,0,drift,0.006541821530118781,0.9023640426919246,89,drift,0.39330459183503325,0.39330459183503325,0,drift,0.007867811236736915,0.8645554507879635,85,drift,0.2695546084025489,0.2695546084025489,0,Chooser (cheaper of the two)|n100 m10 drift lam=1.0|602
h13_event_gamma,Chooser (cheaper of the two),n100 m10 drift lam=1.0,drift,100,10,603,20000,4000,0.037790775299072266,0.00991078955176043,0.3161073965037043,0.7421555503214139,1.3041973526893826,42.25,0.4225,0.0,0.7421555503214139,1.0,,0.00991078955176043,0.00991078955176043,0,drift,0.48758194233285085,0.48758194233285085,0,drift,0.6977999437015859,0.6977999437015859,0,drift,0.008829330522599451,0.8562459681615829,84,drift,0.010205753204645401,0.868880643428594,85,drift,0.005803433002874962,0.8808524197153763,87,drift,0.5116652559568943,0.5116652559568943,0,drift,0.7981384938371548,0.7981384938371548,0,drift,0.008835019471028646,0.836079735437272,82,Chooser (cheaper of the two)|n100 m10 drift lam=1.0|603
h13_event_gamma,Chooser (cheaper of the two),n100 m10 drift lam=1.0,drift,100,10,604,20000,4000,0.08212828636169434,0.005446266044979927,0.2925678743969602,0.7074708204482844,1.2818079065580645,41.125,0.41125,0.0,0.7074708204482844,1.0,,0.005446266044979927,0.005446266044979927,0,drift,0.5916481497332017,0.5916481497332017,0,drift,0.006962306723421061,0.8427410213038606,83,drift,0.6794994668649413,0.6794994668649413,0,drift,0.010295283051952025,0.8690462736461114,85,drift,0.4046905304333982,0.4046905304333982,0,drift,0.008896229526638016,0.8765469869195466,86,drift,0.00939080779078092,0.7664339136338666,75,drift,0.6291602210513483,0.6291602210513483,0,Chooser (cheaper of the two)|n100 m10 drift lam=1.0|604
h13_event_gamma,Chooser (cheaper of the two),n100 m10 drift lam=1.0,drift,100,10,605,20000,4000,0.04116058349609375,0.010728903253768242,0.2241510324303962,0.6294838044979304,1.2151686673849067,40.25,0.4025,0.0,0.6294838044979304,1.0,,0.010728903253768242,0.010728903253768242,0,drift,0.3589672620367173,0.3589672620367173,0,drift,0.007096374893840834,0.8933411848004206,88,drift,0.009598313544141264,0.7970849981085714,78,drift,0.004479855990207629,0.7980189422224718,79,drift,0.39353941165247625,0.39353941165247625,0,drift,0.5586656375836435,0.5586656375836435,0,drift,0.007002072515582882,0.7823936683525818,77,drift,0.4538593312265599,0.4538593312265599,0,Chooser (cheaper of the two)|n100 m10 drift lam=1.0|605
h13_event_gamma,Chooser (cheaper of the two),n100 m10 drift lam=1.0,drift,100,10,606,20000,4000,0.03997230529785156,0.00868146237657879,0.2686833270235056,0.8021818564479943,1.2592866645136056,53.0,0.53,0.0,0.8021818564479943,1.0,,0.00868146237657879,0.00868146237657879,0,drift,0.005871484200535694,0.8407448160869804,83,drift,0.8049740110789939,0.8049740110789939,0,drift,0.007091670838869163,0.9034032578854628,89,drift,0.00488255309872465,0.8791303742946153,87,drift,0.0071756959177059435,0.8431315235294018,83,drift,0.4821649658102386,0.4821649658102386,0,drift,0.008048375189372584,0.8346480428446579,82,drift,0.829257860053604,0.829257860053604,0,Chooser (cheaper of the two)|n100 m10 drift lam=1.0|606
h13_event_gamma,Chooser (cheaper of the two),n100 m10 drift lam=1.0,drift,100,10,607,20000,4000,0.03798246383666992,0.011543350314852156,0.5265372236417151,0.746755065814968,1.513049665243869,21.875,0.21875,0.0,0.746755065814968,1.0,,0.011543350314852156,0.011543350314852156,0,drift,0.4678197762315779,0.4678197762315779,0,drift,0.8651021502658087,0.8651021502658087,0,drift,0.8410761365705658,0.8410761365705658,0,drift,0.5051725932399006,0.5051725932399006,0,drift,0.7822727506553525,0.7822727506553525,0,drift,0.008134558135078974,0.9154556604566499,90,drift,0.7375179004301975,0.7375179004301975,0,drift,0.005201923605238252,0.8596235586696908,85,Chooser (cheaper of the two)|n100 m10 drift lam=1.0|607
h13_event_gamma,Chooser (cheaper of the two),n100 m10 drift lam=1.0,drift,100,10,608,20000,4000,0.0501253604888916,0.007004692944569671,0.31934253728636425,0.6439457202591558,1.3097074420073556,32.25,0.3225,0.0,0.6439457202591558,1.0,,0.007004692944569671,0.007004692944569671,0,drift,0.46054347414662994,0.46054347414662994,0,drift,0.0063804697724045055,0.9121228925675686,90,drift,0.40110055327206623,0.40110055327206623,0,drift,0.40526708004483897,0.40526708004483897,0,drift,0.007117337392804928,0.8833094209245452,87,drift,0.8302918330945003,0.8302918330945003,0,drift,0.006038219080774775,0.8209291765362023,81,drift,0.43800133148689424,0.43800133148689424,0,Chooser (cheaper of the two)|n100 m10 drift lam=1.0|608
h13_event_gamma,Chooser (cheaper of the two),n100 m10 drift lam=1.0,drift,100,10,609,20000,4000,0.036736488342285156,0.012217991958425711,0.15857884368661185,0.7559309243130672,1.1487381301808948,59.25,0.5925,0.0,0.7559309243130672,1.0,,0.012217991958425711,0.012217991958425711,0,drift,0.7402391594084966,0.7402391594084966,0,drift,0.007805117694230892,0.9249077747959812,91,drift,0.00769820042772261,0.8440877067827324,83,drift,0.007966543721553452,0.8143397786987964,80,drift,0.47917726198868077,0.47917726198868077,0,drift,0.009609650550995873,0.7971051779807727,78,drift,0.005681824807212056,0.7197159204203326,71,drift,0.01045299089400257,0.7278746144287443,71,Chooser (cheaper of the two)|n100 m10 drift lam=1.0|609
h13_event_gamma,Chooser (cheaper of the two),n100 m10 drift lam=1.0,drift,100,10,610,20000,4000,0.037664175033569336,0.008918877279033004,0.1602533471086263,0.7958443938384318,1.1508559022665947,63.0,0.63,0.0,0.7958443938384318,1.0,,0.008918877279033004,0.008918877279033004,0,drift,0.6887917691668715,0.6887917691668715,0,drift,0.009115123608243314,0.9072275836195801,89,drift,0.5405986823231188,0.5405986823231188,0,drift,0.01143366690074819,0.9217239671114213,90,drift,0.008882460155960396,0.8664325512885267,85,drift,0.005136877538483974,0.7589895356923471,75,drift,0.008702065384855587,0.8156637176927402,80,drift,0.00936613179072863,0.8673273438128482,85,Chooser (cheaper of the two)|n100 m10 drift lam=1.0|610
h13_event_gamma,H12 swarm (c = 1),n100 m10 drift lam=1.0,drift,100,10,601,20000,4000,11.86539077758789,0.0006910863892909312,0.03668600908234142,0.2592750275798879,1.02917373798615,17.5,0.175,0.0,0.21791191844767885,1.0,,0.0006910863892909312,0.013107798800482165,0,drift,0.07474962437761026,0.3737151170664065,23,drift,0.02944095936137643,0.33461448884508777,20,drift,0.01336521363450447,0.24060437538570167,21,drift,0.04920692342024677,0.20560365586067142,10,drift,0.016368137091262867,0.24513873499549538,20,drift,0.0619136869275503,0.24660235890378168,13,drift,0.02773628142476427,0.16115754114744069,12,drift,0.02070724642141596,0.2667639484345181,21,H12 swarm (c = 1)|n100 m10 drift lam=1.0|601
h13_event_gamma,H12 swarm (c = 1),n100 m10 drift lam=1.0,drift,100,10,602,20000,4000,11.747632265090942,0.0004921075407164687,0.04392802141691113,0.26763329834752736,1.035416691147943,18.0,0.18,0.0,0.23118546067444878,1.0,,0.0004921075407164687,0.0239080648063383,0,drift,0.03322157173494671,0.34337043723772837,24,drift,0.03367784626724295,0.19506729801472034,14,drift,0.07806097128813796,0.20006809003768036,11,drift,0.027288212499101162,0.3007726735600871,22,drift,0.107351851614747,0.3460745722326292,18,drift,0.011333575829724331,0.23421739976124548,18,drift,0.016608698329466702,0.34328048223331303,25,drift,0.04388144377192218,0.17821543370281479,12,H12 swarm (c = 1)|n100 m10 drift lam=1.0|602
h13_event_gamma,H12 swarm (c = 1),n100 m10 drift lam=1.0,drift,100,10,603,20000,4000,12.192107915878296,0.0008334994675289358,0.060492756766657725,0.30957905005810094,1.0510908181950143,19.0,0.19,0.0,0.2624891366619077,1.0,,0.0008334994675289358,0.009161062079556146,0,drift,0.0337457707379151,0.2736302833930237,20,drift,0.01845697580945822,0.2290040602999642,16,drift,0.05995896696458248,0.2251534597277707,14,drift,0.03326857463839181,0.30727303684709406,21,drift,0.2389528900934999,0.5934629588633299,21,drift,0.0394342558064958,0.3308916382916079,23,drift,0.04723138888582777,0.2986661037735686,20,drift,0.012893231197090732,0.2185508592684481,17,H12 swarm (c = 1)|n100 m10 drift lam=1.0|603
h13_event_gamma,H12 swarm (c = 1),n100 m10 drift lam=1.0,drift,100,10,604,20000,4000,11.87994122505188,0.0008614391877108207,0.038211439917352666,0.2808173792601293,1.0294933900448329,19.5,0.195,0.0,0.23973976886408566,1.0,,0.0008614391877108207,0.02310671613892095,0,drift,0.016154705959314748,0.24378976412104802,19,drift,0.021197770232859438,0.2572549874606693,19,drift,0.0973632739753802,0.2955116419486396,15,drift,0.061235530753354535,0.28636556475789515,19,drift,0.054798239695718204,0.19568079357301757,12,drift,0.01603121872273299,0.3451558721070267,25,drift,0.013015331644836916,0.39724671483648016,30,drift,0.025895448354624272,0.22553369527625747,17,H12 swarm (c = 1)|n100 m10 drift lam=1.0|604
h13_event_gamma,H12 swarm (c = 1),n100 m10 drift lam=1.0,drift,100,10,605,20000,4000,12.229121685028076,0.0008015564668455525,0.0908792893272314,0.3485324411085151,1.0829683440375453,18.5,0.185,0.0,0.2933099379269671,1.0,,0.0008015564668455525,0.014997820392013443,0,drift,0.08946352760428665,0.24369367476554823,13,drift,0.23043700921195262,0.48493456605843305,15,drift,0.2631247831232267,0.6593702591696654,25,drift,0.04465933151955753,0.4146248519555916,22,drift,0.017572913856937135,0.24271415641418914,20,drift,0.04011761328247514,0.25164726650067226,16,drift,0.020550662784565937,0.22460789112432955,18,drift,0.021108473234849472,0.2666668628796917,19,H12 swarm (c = 1)|n100 m10 drift lam=1.0|605
h13_event_gamma,H12 swarm (c = 1),n100 m10 drift lam=1.0,drift,100,10,606,20000,4000,12.34462857246399,0.0011341750938532132,0.06818808672345042,0.3546753872215005,1.0605465133534708,21.75,0.21749999999999997,0.0,0.29947785054218173,1.0,,0.0011341750938532132,0.006629112996451638,0,drift,0.12311468573428909,0.3627214058212002,19,drift,0.048316618595095694,0.37775007778675257,24,drift,0.03529486851443365,0.2523325780769871,16,drift,0.03945370159747485,0.4168432571695059,31,drift,0.05568827127368979,0.43455732270938235,29,drift,0.06680693584444486,0.2673766791447341,17,drift,0.027549827009213233,0.3458911945451717,22,drift,0.14927978521896215,0.3799305825182702,16,H12 swarm (c = 1)|n100 m10 drift lam=1.0|606
h13_event_gamma,H12 swarm (c = 1),n100 m10 drift lam=1.0,drift,100,10,607,20000,4000,12.114480257034302,0.0004911222434193251,0.062123453036959625,0.21488343312857627,1.052872127445134,13.0,0.13,0.0,0.19829553246473422,1.0,,0.0004911222434193251,0.008204047167754537,0,drift,0.07017427782930039,0.21503262991121502,10,drift,0.17552260403109798,0.22549685893908689,4,drift,0.019044932787749217,0.12834916567547225,10,drift,0.09170469922229,0.20789725713765433,10,drift,0.038234469838362505,0.187034564488723,14,drift,0.0441758012516499,0.22816383168947152,16,drift,0.031227603991003113,0.328872439980244,25,drift,0.026903235344223893,0.19822071720674309,15,H12 swarm (c = 1)|n100 m10 drift lam=1.0|607
h13_event_gamma,H12 swarm (c = 1),n100 m10 drift lam=1.0,drift,100,10,608,20000,4000,12.142630338668823,0.0006756984310903283,0.09888012566541593,0.2815782469054767,1.0910086959121088,14.0,0.14,0.0,0.25156508048149784,1.0,,0.0006756984310903283,0.013619621398387863,0,drift,0.19344634286365808,0.3064643757448537,8,drift,0.24629729010648552,0.5656208824717793,19,drift,0.025276003307967542,0.24048364691148152,16,drift,0.10304288312460066,0.19484656415127063,8,drift,0.021452070105340466,0.35457673021689623,28,drift,0.05190888554811562,0.2533284923897064,17,drift,0.07361514307318014,0.11006858329841478,3,drift,0.07600238719397936,0.22723670005941102,13,H12 swarm (c = 1)|n100 m10 drift lam=1.0|608
h13_event_gamma,H12 swarm (c = 1),n100 m10 drift lam=1.0,drift,100,10,609,20000,4000,11.897737741470337,0.00025655863405486156,0.03396685729446641,0.2966767659533992,1.025310109989784,20.25,0.20249999999999999,0.0,0.24378146942681383,1.0,,0.00025655863405486156,0.010364632278111527,0,drift,0.03173858910278975,0.28316440641089163,21,drift,0.1259299315109401,0.466802603310188,25,drift,0.007821275930145723,0.32580935967637176,25,drift,0.01320292424589694,0.26147516512021535,18,drift,0.010982620209030224,0.2139403829338988,17,drift,0.04216571895083525,0.21571714961368954,13,drift,0.018351048257229188,0.23899304826469586,18,drift,0.02154275014886417,0.36751201229724273,25,H12 swarm (c = 1)|n100 m10 drift lam=1.0|609
h13_event_gamma,H12 swarm (c = 1),n100 m10 drift lam=1.0,drift,100,10,610,20000,4000,12.00297474861145,0.00036567805905041053,0.026140750089679917,0.306882796458679,1.0176794200002037,22.625,0.22625,0.0,0.25810239492083686,1.0,,0.00036567805905041053,0.0068499866289539755,0,drift,0.04094448559095207,0.3496523989466374,24,drift,0.04600878298989039,0.27553711198922193,18,drift,0.015172231630372825,0.239711093078309,18,drift,0.024700224113502214,0.2204471004353234,17,drift,0.007716928403415842,0.3681583423790936,31,drift,0.046037831172543744,0.3993403564689186,26,drift,0.008338201474451865,0.34966519742658714,27,drift,0.020207315342310378,0.25255077094534073,20,H12 swarm (c = 1)|n100 m10 drift lam=1.0|610
h13_event_gamma,"H12 swarm, c = 0 after every change",n100 m10 drift lam=1.0,drift,100,10,601,20000,4000,10.105545282363892,0.0006910863892909312,0.04823504217425558,0.22750372132840346,1.0406481643636636,14.125,0.14125,0.0,0.19533838730132835,1.0,,0.0006910863892909312,0.013107798800482165,0,drift,0.06120934354495243,0.29272420394421683,18,drift,0.03494907882136973,0.24207450939945563,16,drift,0.04386239741196123,0.20321880430878278,13,drift,0.021210152075149376,0.219272991260358,15,drift,0.0181524177816923,0.19063867443363705,12,drift,0.14822634779657273,0.25755180304821645,8,drift,0.048410287308375176,0.17475837746098777,11,drift,0.009860312653971675,0.23979040677157315,20,"H12 swarm, c = 0 after every change|n100 m10 drift lam=1.0|601"
h13_event_gamma,"H12 swarm, c = 0 after every change",n100 m10 drift lam=1.0,drift,100,10,602,20000,4000,10.121355772018433,0.0004921075407164687,0.0864066928381112,0.2535942013234572,1.077552718038458,12.5,0.125,0.0,0.22102023315928737,1.0,,0.0004921075407164687,0.0239080648063383,0,drift,0.029285142972269255,0.26332721464255515,19,drift,0.10672208544551041,0.15397164799318125,3,drift,0.12070656001741545,0.2030339765023634,7,drift,0.11813903053294747,0.33411055926898264,14,drift,0.057654551736170095,0.3087416135249776,17,drift,0.05068943938161314,0.15542808158816437,9,drift,0.07742407761753912,0.37175046022722547,22,drift,0.13063265500142465,0.23839005684020806,9,"H12 swarm, c = 0 after every change|n100 m10 drift lam=1.0|602"
h13_event_gamma,"H12 swarm, c = 0 after every change",n100 m10 drift lam=1.0,drift,100,10,603,20000,4000,10.46622347831726,0.0008334994675289358,0.030271525469133795,0.25171813960081924,1.0210565357205752,17.0,0.16999999999999998,0.0,0.20533518701481807,1.0,,0.0008334994675289358,0.009161062079556146,0,drift,0.02122754248855473,0.17185412296771263,12,drift,0.055139981954642064,0.22825530302132505,14,drift,0.021304135749710136,0.25338200992101284,19,drift,0.02739627884054252,0.2580604738546419,18,drift,0.029140825182186938,0.379215749899349,24,drift,0.03132414707267185,0.2786665390871147,18,drift,0.013523542293518357,0.22517253398356885,16,drift,0.04311575017124376,0.21913838407182862,15,"H12 swarm, c = 0 after every change|n100 m10 drift lam=1.0|603"
h13_event_gamma,"H12 swarm, c = 0 after every change",n100 m10 drift lam=1.0,drift,100,10,604,20000,4000,9.947489976882935,0.0008614391877108207,0.03234051510984488,0.22363729133723026,1.0236828714438948,14.75,0.14750000000000002,0.0,0.1840747375756726,1.0,,0.0008614391877108207,0.02310671613892095,0,drift,0.08850013812268093,0.2558331396109004,11,drift,0.024197553770964393,0.1713419605707619,12,drift,0.03629778388952205,0.20405607282500518,13,drift,0.05763057473564708,0.2604432153186754,14,drift,0.019278924224773137,0.17646468665756443,13,drift,0.009482306720201353,0.22603323473557796,16,drift,0.010522536085760975,0.3236179038820387,25,drift,0.012814303329209187,0.17130811709731825,14,"H12 swarm, c = 0 after every change|n100 m10 drift lam=1.0|604"
h13_event_gamma,"H12 swarm, c = 0 after every change",n100 m10 drift lam=1.0,drift,100,10,605,20000,4000,10.128532886505127,0.0008015564668455525,0.06790321257526312,0.2578603023801428,1.0600456973416599,13.25,0.1325,0.0,0.20880207450300062,1.0,,0.0008015564668455525,0.014997820392013443,0,drift,0.015130842183051206,0.2237887243925207,18,drift,0.09843798481837672,0.2903634389187048,12,drift,0.1297298200721836,0.386683160583791,15,drift,0.006623717535406806,0.2935112718418425,17,drift,0.03342331321915666,0.2436585333092563,15,drift,0.025672491950315533,0.1549796723681974,10,drift,0.04247646365346379,0.14097581486725833,8,drift,0.19173106717015062,0.3289218027595716,11,"H12 swarm, c = 0 after every change|n100 m10 drift lam=1.0|605"
h13_event_gamma,"H12 swarm, c = 0 after every change",n100 m10 drift lam=1.0,drift,100,10,606,20000,4000,10.448708295822144,0.0011341750938532132,0.06875013406643748,0.28877696440305756,1.061107523153965,16.0,0.16000000000000003,0.0,0.23902074096591774,1.0,,0.0011341750938532132,0.006629112996451638,0,drift,0.09968984425689974,0.296560283500161,14,drift,0.043222886257066384,0.31369816880633705,19,drift,0.0563303828710407,0.2405251702922506,13,drift,0.036379923196619514,0.26851888181610223,17,drift,0.02542525785195906,0.33578588601370735,24,drift,0.0931934648855846,0.24775913508760683,12,drift,0.016078275821666214,0.21617514094325274,14,drift,0.17968103739066357,0.39119304876504285,15,"H12 swarm, c = 0 after every change|n100 m10 drift lam=1.0|606"
h13_event_gamma,"H12 swarm, c = 0 after every change",n100 m10 drift lam=1.0,drift,100,10,607,20000,4000,10.598121166229248,0.0004911222434193251,0.05418024594536472,0.19506690333361726,1.0450646439922493,10.875,0.10875,0.0,0.16859598747751398,1.0,,0.0004911222434193251,0.008204047167754537,0,drift,0.07276997106687816,0.1806482795231964,9,drift,0.04422718536740576,0.1796407574438041,10,drift,0.020471718304378914,0.132140054057325,9,drift,0.061804945076638654,0.19574536106254473,9,drift,0.03224974067641592,0.14213180189225347,10,drift,0.012011535259895931,0.1832505423814749,14,drift,0.08025640413146022,0.3857320012325283,22,drift,0.10965046767984417,0.16124642907581102,4,"H12 swarm, c = 0 after every change|n100 m10 drift lam=1.0|607"
h13_event_gamma,"H12 swarm, c = 0 after every change",n100 m10 drift lam=1.0,drift,100,10,608,20000,4000,10.662742376327515,0.0006756984310903283,0.07322939201076192,0.24463322485922467,1.0654928842145237,12.5,0.125,0.0,0.20817506260769805,1.0,,0.0006756984310903283,0.013619621398387863,0,drift,0.1123970966256294,0.2919023292168432,13,drift,0.1433059775255937,0.43204492733513566,19,drift,0.06093194945878405,0.2091657123189047,12,drift,0.07845530517142815,0.21590695716190497,11,drift,0.033484359834225506,0.25774099211973267,16,drift,0.06398733075321843,0.28559445640792397,16,drift,0.03408996838127592,0.1120941804428977,6,drift,0.0591831483359402,0.15261624387045444,7,"H12 swarm, c = 0 after every change|n100 m10 drift lam=1.0|608"
h13_event_gamma,"H12 swarm, c = 0 after every change",n100 m10 drift lam=1.0,drift,100,10,609,20000,4000,10.082934617996216,0.00025655863405486156,0.12198584455687239,0.36887147641877516,1.112580529582185,16.75,0.1675,0.0,0.3094465337965042,1.0,,0.00025655863405486156,0.010364632278111527,0,drift,0.07956265673769346,0.30541574443468716,16,drift,0.29654234930417284,0.5451278966388261,17,drift,0.15376195494549044,0.540410010453855,25,drift,0.10774687860814552,0.3051850126882166,15,drift,0.04982898568091642,0.2907543775820085,17,drift,0.008963261940249708,0.2226688961477134,16,drift,0.05109565662117097,0.3357611835913808,18,drift,0.2283850126171398,0.40564868981351393,10,"H12 swarm, c = 0 after every change|n100 m10 drift lam=1.0|609"
h13_event_gamma,"H12 swarm, c = 0 after every change",n100 m10 drift lam=1.0,drift,100,10,610,20000,4000,10.539915323257446,0.00036567805905041053,0.08730821440583958,0.3150004385374353,1.0784006524452527,15.375,0.15375,0.0,0.25410217055287315,1.0,,0.00036567805905041053,0.0068499866289539755,0,drift,0.018549091826172568,0.29152997826355376,21,drift,0.1625465366985125,0.3383919064099739,13,drift,0.16911783973413003,0.40282553912793667,16,drift,0.03878459816176751,0.32240146172023654,20,drift,0.060766395276705645,0.3214201051389738,15,drift,0.13567529600894673,0.39727326510603594,17,drift,0.10271607650767123,0.2881594901223509,11,drift,0.010309881032810471,0.15800176241042116,10,"H12 swarm, c = 0 after every change|n100 m10 drift lam=1.0|610"
h13_event_gamma,"H12 swarm, event-aware gamma",n100 m10 drift lam=1.0,drift,100,10,601,20000,4000,10.107291460037231,0.0006910863892909312,0.04823504217425558,0.22750372132840346,1.0406481643636636,14.125,0.14125,0.0,0.19533838730132835,1.0,,0.0006910863892909312,0.013107798800482165,0,drift,0.06120934354495243,0.29272420394421683,18,drift,0.03494907882136973,0.24207450939945563,16,drift,0.04386239741196123,0.20321880430878278,13,drift,0.021210152075149376,0.219272991260358,15,drift,0.0181524177816923,0.19063867443363705,12,drift,0.14822634779657273,0.25755180304821645,8,drift,0.048410287308375176,0.17475837746098777,11,drift,0.009860312653971675,0.23979040677157315,20,"H12 swarm, event-aware gamma|n100 m10 drift lam=1.0|601"
h13_event_gamma,"H12 swarm, event-aware gamma",n100 m10 drift lam=1.0,drift,100,10,602,20000,4000,10.456880331039429,0.0004921075407164687,0.0864066928381112,0.2535942013234572,1.077552718038458,12.5,0.125,0.0,0.22102023315928737,1.0,,0.0004921075407164687,0.0239080648063383,0,drift,0.029285142972269255,0.26332721464255515,19,drift,0.10672208544551041,0.15397164799318125,3,drift,0.12070656001741545,0.2030339765023634,7,drift,0.11813903053294747,0.33411055926898264,14,drift,0.057654551736170095,0.3087416135249776,17,drift,0.05068943938161314,0.15542808158816437,9,drift,0.07742407761753912,0.37175046022722547,22,drift,0.13063265500142465,0.23839005684020806,9,"H12 swarm, event-aware gamma|n100 m10 drift lam=1.0|602"
h13_event_gamma,"H12 swarm, event-aware gamma",n100 m10 drift lam=1.0,drift,100,10,603,20000,4000,10.37436580657959,0.0008334994675289358,0.030271525469133795,0.25171813960081924,1.0210565357205752,17.0,0.16999999999999998,0.0,0.20533518701481807,1.0,,0.0008334994675289358,0.009161062079556146,0,drift,0.02122754248855473,0.17185412296771263,12,drift,0.055139981954642064,0.22825530302132505,14,drift,0.021304135749710136,0.25338200992101284,19,drift,0.02739627884054252,0.2580604738546419,18,drift,0.029140825182186938,0.379215749899349,24,drift,0.03132414707267185,0.2786665390871147,18,drift,0.013523542293518357,0.22517253398356885,16,drift,0.04311575017124376,0.21913838407182862,15,"H12 swarm, event-aware gamma|n100 m10 drift lam=1.0|603"
h13_event_gamma,"H12 swarm, event-aware gamma",n100 m10 drift lam=1.0,drift,100,10,604,20000,4000,10.671374320983887,0.0008614391877108207,0.03234051510984488,0.22363729133723026,1.0236828714438948,14.75,0.14750000000000002,0.0,0.1840747375756726,1.0,,0.0008614391877108207,0.02310671613892095,0,drift,0.08850013812268093,0.2558331396109004,11,drift,0.024197553770964393,0.1713419605707619,12,drift,0.03629778388952205,0.20405607282500518,13,drift,0.05763057473564708,0.2604432153186754,14,drift,0.019278924224773137,0.17646468665756443,13,drift,0.009482306720201353,0.22603323473557796,16,drift,0.010522536085760975,0.3236179038820387,25,drift,0.012814303329209187,0.17130811709731825,14,"H12 swarm, event-aware gamma|n100 m10 drift lam=1.0|604"
h13_event_gamma,"H12 swarm, event-aware gamma",n100 m10 drift lam=1.0,drift,100,10,605,20000,4000,10.172508239746094,0.0008015564668455525,0.06790321257526312,0.2578603023801428,1.0600456973416599,13.25,0.1325,0.0,0.20880207450300062,1.0,,0.0008015564668455525,0.014997820392013443,0,drift,0.015130842183051206,0.2237887243925207,18,drift,0.09843798481837672,0.2903634389187048,12,drift,0.1297298200721836,0.386683160583791,15,drift,0.006623717535406806,0.2935112718418425,17,drift,0.03342331321915666,0.2436585333092563,15,drift,0.025672491950315533,0.1549796723681974,10,drift,0.04247646365346379,0.14097581486725833,8,drift,0.19173106717015062,0.3289218027595716,11,"H12 swarm, event-aware gamma|n100 m10 drift lam=1.0|605"
h13_event_gamma,"H12 swarm, event-aware gamma",n100 m10 drift lam=1.0,drift,100,10,606,20000,4000,10.27800989151001,0.0011341750938532132,0.06875013406643748,0.28877696440305756,1.061107523153965,16.0,0.16000000000000003,0.0,0.23902074096591774,1.0,,0.0011341750938532132,0.006629112996451638,0,drift,0.09968984425689974,0.296560283500161,14,drift,0.043222886257066384,0.31369816880633705,19,drift,0.0563303828710407,0.2405251702922506,13,drift,0.036379923196619514,0.26851888181610223,17,drift,0.02542525785195906,0.33578588601370735,24,drift,0.0931934648855846,0.24775913508760683,12,drift,0.016078275821666214,0.21617514094325274,14,drift,0.17968103739066357,0.39119304876504285,15,"H12 swarm, event-aware gamma|n100 m10 drift lam=1.0|606"
h13_event_gamma,"H12 swarm, event-aware gamma",n100 m10 drift lam=1.0,drift,100,10,607,20000,4000,10.387955665588379,0.0004911222434193251,0.05418024594536472,0.19506690333361726,1.0450646439922493,10.875,0.10875,0.0,0.16859598747751398,1.0,,0.0004911222434193251,0.008204047167754537,0,drift,0.07276997106687816,0.1806482795231964,9,drift,0.04422718536740576,0.1796407574438041,10,drift,0.020471718304378914,0.132140054057325,9,drift,0.061804945076638654,0.19574536106254473,9,drift,0.03224974067641592,0.14213180189225347,10,drift,0.012011535259895931,0.1832505423814749,14,drift,0.08025640413146022,0.3857320012325283,22,drift,0.10965046767984417,0.16124642907581102,4,"H12 swarm, event-aware gamma|n100 m10 drift lam=1.0|607"
h13_event_gamma,"H12 swarm, event-aware gamma",n100 m10 drift lam=1.0,drift,100,10,608,20000,4000,10.334398746490479,0.0006756984310903283,0.07322939201076192,0.24463322485922467,1.0654928842145237,12.5,0.125,0.0,0.20817506260769805,1.0,,0.0006756984310903283,0.013619621398387863,0,drift,0.1123970966256294,0.2919023292168432,13,drift,0.1433059775255937,0.43204492733513566,19,drift,0.06093194945878405,0.2091657123189047,12,drift,0.07845530517142815,0.21590695716190497,11,drift,0.033484359834225506,0.25774099211973267,16,drift,0.06398733075321843,0.28559445640792397,16,drift,0.03408996838127592,0.1120941804428977,6,drift,0.0591831483359402,0.15261624387045444,7,"H12 swarm, event-aware gamma|n100 m10 drift lam=1.0|608"
h13_event_gamma,"H12 swarm, event-aware gamma",n100 m10 drift lam=1.0,drift,100,10,609,20000,4000,10.315359354019165,0.00025655863405486156,0.12198584455687239,0.36887147641877516,1.112580529582185,16.75,0.1675,0.0,0.3094465337965042,1.0,,0.00025655863405486156,0.010364632278111527,0,drift,0.07956265673769346,0.30541574443468716,16,drift,0.29654234930417284,0.5451278966388261,17,drift,0.15376195494549044,0.540410010453855,25,drift,0.10774687860814552,0.3051850126882166,15,drift,0.04982898568091642,0.2907543775820085,17,drift,0.008963261940249708,0.2226688961477134,16,drift,0.05109565662117097,0.3357611835913808,18,drift,0.2283850126171398,0.40564868981351393,10,"H12 swarm, event-aware gamma|n100 m10 drift lam=1.0|609"
h13_event_gamma,"H12 swarm, event-aware gamma",n100 m10 drift lam=1.0,drift,100,10,610,20000,4000,10.37043309211731,0.00036567805905041053,0.08730821440583958,0.3150004385374353,1.0784006524452527,15.375,0.15375,0.0,0.25410217055287315,1.0,,0.00036567805905041053,0.0068499866289539755,0,drift,0.018549091826172568,0.29152997826355376,21,drift,0.1625465366985125,0.3383919064099739,13,drift,0.16911783973413003,0.40282553912793667,16,drift,0.03878459816176751,0.32240146172023654,20,drift,0.060766395276705645,0.3214201051389738,15,drift,0.13567529600894673,0.39727326510603594,17,drift,0.10271607650767123,0.2881594901223509,11,drift,0.010309881032810471,0.15800176241042116,10,"H12 swarm, event-aware gamma|n100 m10 drift lam=1.0|610"
h13_event_gamma,Chooser (cheaper of the two),n100 m10 mixed lam=0.05,mixed,100,10,601,20000,4000,0.04453086853027344,0.00954770683726473,0.015808156192010543,0.03740029941815398,1.0080194080613123,42.875,0.42874999999999996,1.5,0.03740029941815398,0.05,,0.00954770683726473,0.00954770683726473,0,drift,0.007743885520001623,0.05410010425392168,92,churn,0.011280247851054916,0.011280247851054916,0,vm_add,0.006348853792723392,0.04408693580995057,75,drift,0.007144982614229295,0.05246650683186953,90,drift,0.007472577682794409,0.05079389852315441,86,churn,0.027270616408958157,0.027270616408958157,0,churn,0.030927924791188756,0.030927924791188756,0,vm_fail,0.028276160875133807,0.028276160875133807,0,Chooser (cheaper of the two)|n100 m10 mixed lam=0.05|601
h13_event_gamma,Chooser (cheaper of the two),n100 m10 mixed lam=0.05,mixed,100,10,602,20000,4000,0.04006481170654297,0.01352893455368545,0.015489229737596212,0.04100702269188465,1.007229070964279,50.625,0.50625,2.375,0.04100702269188465,0.05,,0.01352893455368545,0.01352893455368545,0,drift,0.009682641729118808,0.05107963004001264,82,vm_add,0.03230088300628993,0.03230088300628993,0,vm_add,0.00891478140397262,0.04069559701819788,63,vm_fail,0.0214477171705296,0.0214477171705296,0,vm_fail,0.02926292609692324,0.02926292609692324,0,vm_add,0.007024701775420519,0.05083027630265131,87,vm_add,0.008908689104689903,0.051787308391639114,85,vm_add,0.006371497613825085,0.05065184350883348,88,Chooser (cheaper of the two)|n100 m10 mixed lam=0.05|602
h13_event_gamma,Chooser (cheaper of the two),n100 m10 mixed lam=0.05,mixed,100,10,603,20000,4000,0.04590868949890137,0.00991078955176043,0.01762512466001144,0.038361611895014,1.007519446763013,40.625,0.41010416666666666,4.875,0.038361611895014,0.05,,0.00991078955176043,0.00991078955176043,0,vm_add,0.026159112827692916,0.026159112827692916,0,vm_add,0.00864978923413433,0.056056329328138484,94,drift,0.014039805754762621,0.061699676625236344,94,vm_fail,0.009910125137857238,0.0488337445442121,74,vm_fail,0.022945562727615356,0.022945562727615356,0,vm_add,0.012757698704368,0.04465956621355572,63,vm_fail,0.0219776222509467,0.0219776222509467,0,vm_fail,0.024561280642714373,0.024561280642714373,0,Chooser (cheaper of the two)|n100 m10 mixed lam=0.05|603
h13_event_gamma,Chooser (cheaper of the two),n100 m10 mixed lam=0.05,mixed,100,10,604,20000,4000,0.04655289649963379,0.005446266044979927,0.01676080220106374,0.03699552379305197,1.0086293924629963,40.125,0.40125,2.0,0.03699552379305197,0.05,,0.005446266044979927,0.005446266044979927,0,vm_add,0.0067069772448195425,0.04999537726634675,86,vm_fail,0.026073905569594213,0.026073905569594213,0,churn,0.030943796258192702,0.030943796258192702,0,drift,0.009323857688908121,0.05171545971184231,84,churn,0.01033626474605183,0.01033626474605183,0,vm_add,0.00971408551775587,0.04555893555363634,71,drift,0.008823016389095136,0.04917593704465906,80,vm_add,0.03216451419409253,0.03216451419409253,0,Chooser (cheaper of the two)|n100 m10 mixed lam=0.05|604
h13_event_gamma,Chooser (cheaper of the two),n100 m10 mixed lam=0.05,mixed,100,10,605,20000,4000,0.03742098808288574,0.010728903253768242,0.00866247067620867,0.039437500415744765,1.0012609400054922,60.875,0.6107989690721649,1.625,0.039437500415744765,0.05,,0.010728903253768242,0.010728903253768242,0,vm_fail,0.008996506535941274,0.036561875013469414,53,drift,0.005945239999422914,0.04970385793939791,87,vm_add,0.008162595144864315,0.05201766803366607,87,drift,0.006495370017212859,0.05027791861296166,87,vm_fail,0.018143822656711463,0.018143822656711463,0,drift,0.009819244684310825,0.05122183371636746,82,drift,0.007385516091830914,0.05322155707400935,91,churn,0.004351470279374789,0.004351470279374789,0,Chooser (cheaper of the two)|n100 m10 mixed lam=0.05|605
h13_event_gamma,Chooser (cheaper of the two),n100 m10 mixed lam=0.05,mixed,100,10,606,20000,4000,0.0432891845703125,0.00868146237657879,0.010907824992385814,0.03811734809495845,1.0045158696968084,54.0,0.54,4.125,0.03811734809495845,0.05,,0.00868146237657879,0.00868146237657879,0,vm_fail,0.019193265648187484,0.019193265648187484,0,vm_fail,0.018701131111679675,0.018701131111679675,0,vm_add,0.009559724031679585,0.05398035188907346,88,drift,0.006647367189256632,0.04942988029479998,85,vm_add,0.007754576632087243,0.051591900715583096,87,vm_fail,0.010857241744695203,0.010857241744695203,0,vm_add,0.003907930076267698,0.04557010917443287,83,vm_add,0.010641363505232993,0.05561490418121583,89,Chooser (cheaper of the two)|n100 m10 mixed lam=0.05|606
h13_event_gamma,Chooser (cheaper of the two),n100 m10 mixed lam=0.05,mixed,100,10,607,20000,4000,0.04061293601989746,0.011543350314852156,0.015361218609774801,0.036552198260455644,1.0076970245768733,39.75,0.42000000000000004,5.25,0.036552198260455644,0.05,,0.011543350314852156,0.011543350314852156,0,churn,0.011022441535142412,0.05651845140422382,72,vm_fail,0.010143195577870948,0.010143195577870948,0,vm_fail,0.01624570218369812,0.01624570218369812,0,vm_add,0.008979523623767914,0.05438360218683741,90,vm_add,0.0055849033794549705,0.0422887523528051,73,vm_fail,0.03832097339648359,0.03832097339648359,0,churn,0.02237855617104302,0.02237855617104302,0,vm_add,0.01021445301073744,0.05213835281068314,83,Chooser (cheaper of the two)|n100 m10 mixed lam=0.05|607
h13_event_gamma,Chooser (cheaper of the two),n100 m10 mixed lam=0.05,mixed,100,10,608,20000,4000,0.03786802291870117,0.007004692944569671,0.009453441555710353,0.046012465929408886,1.0010927881102498,72.0,0.7251315789473685,2.25,0.046012465929408886,0.05,,0.007004692944569671,0.007004692944569671,0,drift,0.009825660602031246,0.05375307683821967,87,drift,0.006997158286425602,0.04677354603873948,79,drift,0.007345550423363617,0.05267610019241496,90,vm_add,0.0030827858326761947,0.04822151119514652,90,vm_add,0.010080223009201274,0.05755399349063373,94,vm_fail,0.0164712511118824,0.0164712511118824,0,vm_add,0.010226472078486839,0.03952303976876284,58,vm_fail,0.011598431101615644,0.05312720879947148,78,Chooser (cheaper of the two)|n100 m10 mixed lam=0.05|608
h13_event_gamma,Chooser (cheaper of the two),n100 m10 mixed lam=0.05,mixed,100,10,609,20000,4000,0.03685927391052246,0.012217991958425711,0.01332003752020584,0.038892296479375255,1.005985522496654,50.75,0.5075000000000001,3.0,0.038892296479375255,0.05,,0.012217991958425711,0.012217991958425711,0,drift,0.007606967584259526,0.05194167415796708,88,drift,0.00836332162574336,0.05021039947321189,83,drift,0.00852825602721951,0.052399235164403646,87,vm_fail,0.02893196222229422,0.02893196222229422,0,vm_fail,0.02724204031068804,0.02724204031068804,0,vm_add,0.005638755200938893,0.03580791785696698,60,drift,0.008094214976522032,0.05245036043548905,88,vm_fail,0.012154782213981126,0.012154782213981126,0,Chooser (cheaper of the two)|n100 m10 mixed lam=0.05|609
h13_event_gamma,Chooser (cheaper of the two),n100 m10 mixed lam=0.05,mixed,100,10,610,20000,4000,0.04160594940185547,0.008918877279033004,0.011687531935224822,0.03188196289382153,1.0051841315454806,39.875,0.4011855670103093,1.375,0.03188196289382153,0.05,,0.008918877279033004,0.008918877279033004,0,churn,0.01532185004756007,0.01532185004756007,0,drift,0.004137992481254339,0.0483200641504296,88,vm_fail,0.0060638333559406175,0.038734978459767665,63,vm_add,0.028226479741034136,0.028226479741034136,0,vm_fail,0.0060638333559406175,0.0060638333559406175,0,vm_fail,0.016983680388352154,0.016983680388352154,0,drift,0.009073572135038037,0.05195919895077714,85,drift,0.007629013976678608,0.04944561805671089,83,Chooser (cheaper of the two)|n100 m10 mixed lam=0.05|610
h13_event_gamma,H12 swarm (c = 1),n100 m10 mixed lam=0.05,mixed,100,10,601,20000,4000,11.79359221458435,0.0006910863892909312,0.004963580665175568,0.027363687033749123,0.9972655957088772,29.5,0.3015992647058824,1.875,0.0200989201730316,0.05,,0.0006910863892909312,0.013107798800482165,0,drift,0.0020418482702663143,0.0550519514785175,61,churn,0.007360878096850207,0.010265943832800602,4,vm_add,0.007034598176605462,0.038513430487722766,49,drift,0.002832909659231894,0.04429481356443725,51,drift,0.0024694633826349336,0.03992050421194369,53,churn,0.008500218300066928,0.009315733899030138,1,churn,0.004335081995402319,0.014485567053531635,14,vm_fail,0.0051336474403464805,0.007061551742009388,3,H12 swarm (c = 1)|n100 m10 mixed lam=0.05|601
h13_event_gamma,H12 swarm (c = 1),n100 m10 mixed lam=0.05,mixed,100,10,602,20000,4000,11.61449933052063,0.0004921075407164687,0.006777827387996114,0.03269229005394178,0.9985931264721029,33.625,0.33957106038291607,2.375,0.023866138652857423,0.05,,0.0004921075407164687,0.0239080648063383,0,drift,0.003966587512222365,0.04202689725182637,50,vm_add,0.007296060911693818,0.0306306089389401,33,vm_add,0.0064096817150416895,0.037912714352142954,39,vm_fail,0.0039008665721460994,0.014979494744848615,12,vm_fail,0.004344013644997315,0.01154004784148101,12,vm_add,0.004321761498961148,0.027811732507450063,38,vm_add,0.003623526347416776,0.055572440519201224,56,vm_add,0.0203601209014897,0.04106438427564387,29,H12 swarm (c = 1)|n100 m10 mixed lam=0.05|602
h13_event_gamma,H12 swarm (c = 1),n100 m10 mixed lam=0.05,mixed,100,10,603,20000,4000,11.90587830543518,0.0008334994675289358,0.006138519160230116,0.024637452182166796,0.9961424870570175,25.75,0.2631667455794616,4.625,0.01937619619782826,0.05,,0.0008334994675289358,0.009161062079556146,0,vm_add,0.007934850214559875,0.01969298091793563,17,vm_add,0.006305141523173373,0.04643060706197067,52,drift,0.004422898158446053,0.041024439749097724,49,vm_fail,0.007388482139850739,0.021811182575772064,20,vm_fail,0.008340034865955099,0.018514646130872014,15,vm_add,0.005753105173568657,0.03136587208673202,41,vm_fail,0.0030767579370910444,0.007706456008279017,7,vm_fail,0.005886883269196087,0.010553432926675241,5,H12 swarm (c = 1)|n100 m10 mixed lam=0.05|603
h13_event_gamma,H12 swarm (c = 1),n100 m10 mixed lam=0.05,mixed,100,10,604,20000,4000,12.007553100585938,0.0008614391877108207,0.004710964352703192,0.030544297445005218,0.9966726875399499,29.0,0.2975919117647059,1.875,0.01966352673854247,0.05,,0.0008614391877108207,0.02310671613892095,0,vm_add,0.002964727817962167,0.06410632285753175,50,vm_fail,0.00261705961618962,0.014893104895112851,16,churn,0.004051236113064124,0.009861211495371693,8,drift,0.005479350661249173,0.046329548792085645,49,churn,0.002602765985859539,0.005802786832459112,5,vm_add,0.007241949854860831,0.038038261897107524,31,drift,0.004586672045013206,0.04226237982322062,49,vm_add,0.008143952727426879,0.02306076296715255,24,H12 swarm (c = 1)|n100 m10 mixed lam=0.05|604
h13_event_gamma,H12 swarm (c = 1),n100 m10 mixed lam=0.05,mixed,100,10,605,20000,4000,11.892577886581421,0.0008015564668455525,0.003952940410069173,0.028876247959498086,0.996584155764241,34.75,0.3512235086342229,1.375,0.02159019790046613,0.05,,0.0008015564668455525,0.014997820392013443,0,vm_fail,0.0032049819510754675,0.017529325095420357,24,drift,0.004264640248247527,0.034896437032261904,44,vm_add,0.006339976286795175,0.02893198229134749,34,drift,0.0038394835171924845,0.036535674881819906,48,vm_fail,0.0026765213720854435,0.008990949496600805,10,drift,0.0027076795148175356,0.04398827914447927,58,drift,0.006461085462649681,0.05369947989483369,54,churn,0.002129154927690073,0.006437855839221261,6,H12 swarm (c = 1)|n100 m10 mixed lam=0.05|605
h13_event_gamma,H12 swarm (c = 1),n100 m10 mixed lam=0.05,mixed,100,10,606,20000,4000,11.779380321502686,0.0011341750938532132,0.004142835341456042,0.02847291594950077,0.9977905863870609,31.875,0.3229231266149871,4.75,0.02035248033009769,0.05,,0.0011341750938532132,0.006629112996451638,0,vm_fail,0.00488806932424317,0.006521574340822581,2,vm_fail,0.0032028866067624067,0.009700770961103344,11,vm_add,0.0012615937138839967,0.03587353407513655,48,drift,0.002645641875543229,0.05163952861184434,53,vm_add,0.004732624256468344,0.030921229085336274,41,vm_fail,0.0038571993677837943,0.011526067136688061,11,vm_add,0.008252468501465863,0.03358473800200832,35,vm_add,0.004302199085497535,0.048015885383066684,54,H12 swarm (c = 1)|n100 m10 mixed lam=0.05|606
h13_event_gamma,H12 swarm (c = 1),n100 m10 mixed lam=0.05,mixed,100,10,607,20000,4000,11.581273794174194,0.0004911222434193251,0.003965986506735516,0.024048603739822358,0.9963689623616951,25.75,0.2710957962283918,5.25,0.01757939708350441,0.05,,0.0004911222434193251,0.008204047167754537,0,churn,0.004223310542284683,0.023159565263453644,18,vm_fail,0.002249447340210681,0.008590553645463472,9,vm_fail,0.0026072429050203964,0.008589711431053075,6,vm_add,0.0023450635284449142,0.034941148878587125,51,vm_add,0.0029251151202861667,0.040685886519408763,48,vm_fail,0.0030119628678487347,0.012063664936592248,15,churn,0.005904791989041819,0.011505675357259795,8,vm_add,0.008460957760746731,0.052852623886760736,51,H12 swarm (c = 1)|n100 m10 mixed lam=0.05|607
h13_event_gamma,H12 swarm (c = 1),n100 m10 mixed lam=0.05,mixed,100,10,608,20000,4000,11.971425771713257,0.0006756984310903283,0.00600524232580963,0.03748110646985171,0.9976789829348978,40.875,0.4121521476104053,2.25,0.026738931941382146,0.05,,0.0006756984310903283,0.013619621398387863,0,drift,0.0041539766006690165,0.02710214559825001,37,drift,0.0034200886869237344,0.06044045576419984,62,drift,0.0064540954001414495,0.03378919891841783,44,vm_add,0.007792662565214278,0.042710048761393636,39,vm_add,0.010177448314282519,0.05684384790194576,59,vm_fail,0.005208352322211047,0.011313759538670675,8,vm_add,0.004577024551159174,0.040808023801591244,49,vm_fail,0.0062582901658758214,0.02684137147434471,29,H12 swarm (c = 1)|n100 m10 mixed lam=0.05|608
h13_event_gamma,H12 swarm (c = 1),n100 m10 mixed lam=0.05,mixed,100,10,609,20000,4000,11.689704895019531,0.00025655863405486156,0.0037977328400388916,0.03742103729453218,0.996526886173144,34.75,0.350960995507581,3.125,0.02140896972288324,0.05,,0.00025655863405486156,0.010364632278111527,0,drift,0.002518060340464334,0.046175239043723,51,drift,0.0033647529738850455,0.08485336001097356,61,drift,0.00569906591472994,0.06922006708488945,51,vm_fail,0.0023865129871227736,0.009429996934007638,10,vm_fail,0.00498080933021783,0.013113510189352962,12,vm_add,0.0042033107737605175,0.025254317726340392,33,drift,0.002069216788502836,0.040534451878668554,51,vm_fail,0.005160133611627855,0.010787355488301915,9,H12 swarm (c = 1)|n100 m10 mixed lam=0.05|609
h13_event_gamma,H12 swarm (c = 1),n100 m10 mixed lam=0.05,mixed,100,10,610,20000,4000,11.965169668197632,0.00036567805905041053,0.003971192585389959,0.0271904024846292,0.997514927468443,27.0,0.27621670962199313,2.125,0.017838445579944993,0.05,,0.00036567805905041053,0.0068499866289539755,0,churn,0.005204456144732201,0.015068048118074552,12,drift,0.0039021993428376106,0.05055917475862676,52,vm_fail,0.004494314277636999,0.01586420382744813,18,vm_add,0.005688631074730691,0.04014044605341717,36,vm_fail,0.003186715185646458,0.015138573259521972,18,vm_fail,0.002310711423668305,0.005737754583953565,6,drift,0.005015074660694414,0.04719193255835388,37,drift,0.0019674385731729997,0.02782308671763755,37,H12 swarm (c = 1)|n100 m10 mixed lam=0.05|610
h13_event_gamma,"H12 swarm, c = 0 after every change",n100 m10 mixed lam=0.05,mixed,100,10,601,20000,4000,9.949676752090454,0.0006910863892909312,0.002642305759964142,0.024540463924963354,0.9949618753679232,28.25,0.2913685344827586,1.625,0.017248133828793668,0.05,,0.0006910863892909312,0.013107798800482165,0,drift,0.0015872254155732415,0.05308040164328753,55,churn,0.002555845148150953,0.007317182282883167,7,vm_add,0.003582897236649794,0.029433719040910033,42,drift,0.002758515833923183,0.04509699074263783,50,drift,0.002469644404034374,0.03299055563488675,47,churn,0.001980939992756543,0.0077473794475202435,7,churn,0.003064176717415785,0.0103836912252052,9,vm_fail,0.0031392013312092665,0.01027379138237609,9,"H12 swarm, c = 0 after every change|n100 m10 mixed lam=0.05|601"
h13_event_gamma,"H12 swarm, c = 0 after every change",n100 m10 mixed lam=0.05,mixed,100,10,602,20000,4000,10.150977611541748,0.0004921075407164687,0.00458907957809984,0.030927008298600185,0.9964200796798901,36.625,0.370891356542617,2.125,0.02321233377165182,0.05,,0.0004921075407164687,0.0239080648063383,0,drift,0.001880652719327505,0.04442804055872987,57,vm_add,0.004588847734929828,0.029741585765432572,38,vm_add,0.005263101070352444,0.02245240571587979,29,vm_fail,0.006197048841315092,0.020071650034896752,20,vm_fail,0.006137764295495956,0.011499758656227608,9,vm_add,0.002184572897617353,0.02200645409589036,36,vm_add,0.0039374294148346424,0.037104103887148736,52,vm_add,0.006523219650925895,0.0601120676745958,52,"H12 swarm, c = 0 after every change|n100 m10 mixed lam=0.05|602"
h13_event_gamma,"H12 swarm, c = 0 after every change",n100 m10 mixed lam=0.05,mixed,100,10,603,20000,4000,10.003038167953491,0.0008334994675289358,0.004134628996463811,0.02582885869836523,0.9941573145508703,30.25,0.3097085642851772,4.0,0.01967844389345405,0.05,,0.0008334994675289358,0.009161062079556146,0,vm_add,0.0027181565425421134,0.015999677038170915,24,vm_add,0.002772068491230483,0.03494506986088975,45,drift,0.00223572497104419,0.04993015539963558,60,vm_fail,0.00840141749635336,0.019979419148717537,16,vm_fail,0.005095406258912385,0.01974097954654529,19,vm_add,0.005173504812706377,0.0412753758974919,50,vm_fail,0.0032584889820028023,0.01397480900598865,17,vm_fail,0.0034222644169187785,0.010785383689482207,11,"H12 swarm, c = 0 after every change|n100 m10 mixed lam=0.05|603"
h13_event_gamma,"H12 swarm, c = 0 after every change",n100 m10 mixed lam=0.05,mixed,100,10,604,20000,4000,10.171834230422974,0.0008614391877108207,0.005116043615139716,0.025938725165250774,0.9970787831314079,25.5,0.25883659638554213,2.125,0.018123975338083124,0.05,,0.0008614391877108207,0.02310671613892095,0,vm_add,0.008732764705810546,0.039904438224623195,43,vm_fail,0.00716206516876788,0.010198435930088474,4,churn,0.005159618795375909,0.010026640032845814,7,drift,0.0035193535512671437,0.061915683585124906,50,churn,0.002118675723183546,0.003875875814713958,2,vm_add,0.006087589993207937,0.023050666946411613,29,drift,0.0027237243632115666,0.039922102691513035,48,vm_add,0.005424556620293203,0.01861595809668519,21,"H12 swarm, c = 0 after every change|n100 m10 mixed lam=0.05|604"
h13_event_gamma,"H12 swarm, c = 0 after every change",n100 m10 mixed lam=0.05,mixed,100,10,605,20000,4000,10.241657018661499,0.0008015564668455525,0.0024126973335696165,0.027555436244583884,0.9950547943438932,34.75,0.351593679138322,1.5,0.02003311273694979,0.05,,0.0008015564668455525,0.014997820392013443,0,vm_fail,0.003309481071791011,0.016282382402767356,23,drift,0.0008424581426144072,0.033087250647423926,47,vm_add,0.0062173107584653714,0.03123362191005111,38,drift,0.002717946518243568,0.03522776503149972,48,vm_fail,0.0019269049285840585,0.010680093286889614,14,drift,0.000855657779073489,0.04092009421773885,51,drift,0.0015880957245187671,0.04764770771581401,52,churn,0.0018437237452662602,0.00536457474448648,5,"H12 swarm, c = 0 after every change|n100 m10 mixed lam=0.05|605"
h13_event_gamma,"H12 swarm, c = 0 after every change",n100 m10 mixed lam=0.05,mixed,100,10,606,20000,4000,10.341216564178467,0.0011341750938532132,0.00396720852612293,0.02262673081507005,0.9976126024982842,27.125,0.2749418604651163,4.75,0.01777190233732792,0.05,,0.0011341750938532132,0.006629112996451638,0,vm_fail,0.004678870396315171,0.005908509364479604,2,vm_fail,0.0042189202508185215,0.010082983075765715,9,vm_add,0.0015559705307584871,0.025478108704319543,33,drift,0.004997557562502117,0.03507635950212458,40,vm_add,0.0022203469786167764,0.02796627307954218,41,vm_fail,0.0030873857476308234,0.010666040190369973,10,vm_add,0.002615334522199448,0.02275329964997585,34,vm_add,0.008363282220142092,0.04308227295398295,48,"H12 swarm, c = 0 after every change|n100 m10 mixed lam=0.05|606"
h13_event_gamma,"H12 swarm, c = 0 after every change",n100 m10 mixed lam=0.05,mixed,100,10,607,20000,4000,10.3950035572052,0.0004911222434193251,0.002750351511111495,0.017481865065581765,0.9951662353911377,21.25,0.22423485868941606,5.125,0.013988666405770709,0.05,,0.0004911222434193251,0.008204047167754537,0,churn,0.0012228176050053383,0.018856643991286726,22,vm_fail,0.001853778796208595,0.0084007346511167,9,vm_fail,0.0028482412175388733,0.005983783244524047,4,vm_add,0.002080296550640743,0.02548605218124976,41,vm_add,0.0035062313619374295,0.032192996142213624,37,vm_fail,0.004125793590745442,0.01050553226351163,9,churn,0.004375728048280695,0.005941382812515535,2,vm_add,0.0019899249185348416,0.03248779523823608,46,"H12 swarm, c = 0 after every change|n100 m10 mixed lam=0.05|607"
h13_event_gamma,"H12 swarm, c = 0 after every change",n100 m10 mixed lam=0.05,mixed,100,10,608,20000,4000,10.192138910293579,0.0006756984310903283,0.005415420177775745,0.03858767580046198,0.997094371770906,39.0,0.39515352998065767,2.25,0.025287609573957755,0.05,,0.0006756984310903283,0.013619621398387863,0,drift,0.003953649065762361,0.02493075083421119,29,drift,0.01980687912207448,0.059486243946360075,49,drift,0.0017123912495244113,0.050375839472571814,55,vm_add,0.0013644000364521893,0.027518083374439742,41,vm_add,0.0019913767043810045,0.06884211133593547,54,vm_fail,0.0037399357282754024,0.01767764287089437,19,vm_add,0.008664274879972374,0.042678674795505966,41,vm_fail,0.0020904546357637423,0.017192059773777243,24,"H12 swarm, c = 0 after every change|n100 m10 mixed lam=0.05|608"
h13_event_gamma,"H12 swarm, c = 0 after every change",n100 m10 mixed lam=0.05,mixed,100,10,609,20000,4000,9.968608617782593,0.00025655863405486156,0.0025748099905520175,0.032898791262883656,0.9953132477526808,33.75,0.34055688750366286,3.375,0.019643707017796365,0.05,,0.00025655863405486156,0.010364632278111527,0,drift,0.0030153866898833632,0.0429808686651573,48,drift,0.0037289863229464054,0.06306549443109423,49,drift,0.0018540323534968735,0.04551247684071061,50,vm_fail,0.0024851968992879703,0.013796494127088261,19,vm_fail,0.0029281521636961598,0.006697376554455344,5,vm_add,0.0021709579789811447,0.01676246296098876,25,drift,0.0013472235326237052,0.06601091982191386,66,vm_fail,0.003068543983500518,0.008364236701660916,8,"H12 swarm, c = 0 after every change|n100 m10 mixed lam=0.05|609"
h13_event_gamma,"H12 swarm, c = 0 after every change",n100 m10 mixed lam=0.05,mixed,100,10,610,20000,4000,10.374392747879028,0.00036567805905041053,0.0030200013423595943,0.025442106713361,0.9965695339909338,24.625,0.2529148688173289,2.375,0.015697881571602623,0.05,,0.00036567805905041053,0.0068499866289539755,0,churn,0.0019518247464398954,0.013843301174617772,17,drift,0.002144673173074488,0.05449930119854273,56,vm_fail,0.007530512038280994,0.007530512038280994,0,vm_add,0.0019731790301661936,0.02852638396050297,23,vm_fail,0.002477173259388058,0.015266636416609592,15,vm_fail,0.0016844164675601035,0.005523630488053695,5,drift,0.0035284249754041594,0.042844799606244405,41,drift,0.0028698070485628615,0.03550228882403586,40,"H12 swarm, c = 0 after every change|n100 m10 mixed lam=0.05|610"
h13_event_gamma,"H12 swarm, event-aware gamma",n100 m10 mixed lam=0.05,mixed,100,10,601,20000,4000,10.45256519317627,0.0006910863892909312,0.002705205655371839,0.02745420382556504,0.9950244361239927,30.375,0.3138074712643678,1.625,0.01843264938232694,0.05,,0.0006910863892909312,0.013107798800482165,0,drift,0.0015872254155732415,0.05308040164328753,55,churn,0.002555845148150953,0.007317182282883167,7,vm_add,0.00572420812940484,0.03234879904232687,37,drift,0.0016786968032226623,0.048237979050006305,57,drift,0.0013594147132296227,0.045850138343940236,59,churn,0.0026236600097381806,0.01334401341722566,12,churn,0.002259032182580934,0.009682086856282475,9,vm_fail,0.0038535628410742797,0.009773029968568075,7,"H12 swarm, event-aware gamma|n100 m10 mixed lam=0.05|601"
h13_event_gamma,"H12 swarm, event-aware gamma",n100 m10 mixed lam=0.05,mixed,100,10,602,20000,4000,11.537100791931152,0.0004921075407164687,0.006865557986940005,0.03404991169154571,0.9986801250870865,35.5,0.3574347907092286,2.5,0.02485281832998646,0.05,,0.0004921075407164687,0.0239080648063383,0,drift,0.001880652719327505,0.04442804055872987,57,vm_add,0.0031556928680207424,0.03465631107688131,42,vm_add,0.00897261003105092,0.04963741953876058,51,vm_fail,0.005665282801235827,0.010898382932916447,8,vm_fail,0.007610493818894039,0.012908208644487334,10,vm_add,0.011544756095199936,0.02958272258124344,27,vm_add,0.0066181795882385794,0.049411241253099356,48,vm_add,0.0094767959735525,0.04087696694624735,41,"H12 swarm, event-aware gamma|n100 m10 mixed lam=0.05|602"
h13_event_gamma,"H12 swarm, event-aware gamma",n100 m10 mixed lam=0.05,mixed,100,10,603,20000,4000,10.910447359085083,0.0008334994675289358,0.006296800714851619,0.026279267929276873,0.996298831956254,27.375,0.27992349909339137,4.25,0.020375687291460737,0.05,,0.0008334994675289358,0.009161062079556146,0,vm_add,0.007934850214559875,0.01969298091793563,17,vm_add,0.006305141523173373,0.04643060706197067,52,drift,0.0037826908317884684,0.045621446693072346,53,vm_fail,0.0060100283412140906,0.016796132920663967,17,vm_fail,0.002882994875627926,0.012668381624408198,15,vm_add,0.007317365333970677,0.03855752686683781,44,vm_fail,0.006912757849394479,0.014423028471301023,12,vm_fail,0.009228576749084066,0.016044038878025316,9,"H12 swarm, event-aware gamma|n100 m10 mixed lam=0.05|603"
h13_event_gamma,"H12 swarm, event-aware gamma",n100 m10 mixed lam=0.05,mixed,100,10,604,20000,4000,11.22569465637207,0.0008614391877108207,0.006119015042061607,0.032602359811210575,0.9980691331078653,29.625,0.30209558823529414,1.875,0.02131890028958426,0.05,,0.0008614391877108207,0.02310671613892095,0,vm_add,0.002964727817962167,0.06410632285753175,50,vm_fail,0.0036068084122893003,0.01670367737207061,18,churn,0.005529579035898501,0.008333528797787959,4,drift,0.0016500232442244651,0.0449242503441089,42,churn,0.003430735892240165,0.005523376820448206,2,vm_add,0.016171967079593043,0.03442612190610769,29,drift,0.00815941979833602,0.054188321702726756,53,vm_add,0.0074388590559491975,0.032613278688902736,39,"H12 swarm, event-aware gamma|n100 m10 mixed lam=0.05|604"
h13_event_gamma,"H12 swarm, event-aware gamma",n100 m10 mixed lam=0.05,mixed,100,10,605,20000,4000,10.389096736907959,0.0008015564668455525,0.002015330453518831,0.028898517704077836,0.9946603566704346,35.625,0.35912840136054425,1.5,0.020001447892216195,0.05,,0.0008015564668455525,0.014997820392013443,0,vm_fail,0.003309481071791011,0.016282382402767356,23,drift,0.0008424581426144072,0.033087250647423926,47,vm_add,0.0026798386624200666,0.03406364956948077,43,drift,0.0009427541540873928,0.03232337602822302,45,vm_fail,0.0022424586969804583,0.010910998865987743,12,drift,0.001583819472022934,0.043281358358601967,49,drift,0.0013239466189696766,0.056520918769225874,64,churn,0.003197886809264702,0.004718206990912035,2,"H12 swarm, event-aware gamma|n100 m10 mixed lam=0.05|605"
h13_event_gamma,"H12 swarm, event-aware gamma",n100 m10 mixed lam=0.05,mixed,100,10,606,20000,4000,10.703979969024658,0.0011341750938532132,0.004233724734114264,0.024554269873707846,0.9978809927034344,28.5,0.28870516951527037,5.125,0.018725492364390563,0.05,,0.0011341750938532132,0.006629112996451638,0,vm_fail,0.004678870396315171,0.005908509364479604,2,vm_fail,0.0042189202508185215,0.010082983075765715,9,vm_add,0.001935747090239982,0.03039503444160928,36,drift,0.0015544834923052193,0.04536313763710962,57,vm_add,0.004576685238210688,0.033870817262947356,47,vm_fail,0.0018831576026959187,0.00809251399367512,8,vm_add,0.010064363317985292,0.02557771439004779,23,vm_add,0.004957570484343316,0.03714344882402827,46,"H12 swarm, event-aware gamma|n100 m10 mixed lam=0.05|606"
h13_event_gamma,"H12 swarm, event-aware gamma",n100 m10 mixed lam=0.05,mixed,100,10,607,20000,4000,10.921783924102783,0.0004911222434193251,0.002975227180914498,0.02041959286717733,0.9953881462410489,24.875,0.26244678599189386,5.0,0.016138054418208272,0.05,,0.0004911222434193251,0.008204047167754537,0,churn,0.0012228176050053383,0.018856643991286726,22,vm_fail,0.001853778796208595,0.0084007346511167,9,vm_fail,0.0028482412175388733,0.005983783244524047,4,vm_add,0.004068603269458031,0.033941353626996636,46,vm_add,0.002820374364493154,0.040736627797023264,50,vm_fail,0.004203267154063992,0.009147891598873331,8,churn,0.003266360823342039,0.009243107099114354,9,vm_add,0.0035183742172059593,0.03704660092848358,51,"H12 swarm, event-aware gamma|n100 m10 mixed lam=0.05|607"
h13_event_gamma,"H12 swarm, event-aware gamma",n100 m10 mixed lam=0.05,mixed,100,10,608,20000,4000,11.072264194488525,0.0006756984310903283,0.007394700633915012,0.04026497161297744,0.9990587510990256,40.625,0.4109346567411084,2.0,0.028094929207062726,0.05,,0.0006756984310903283,0.013619621398387863,0,drift,0.003953649065762361,0.02493075083421119,29,drift,0.01980687912207448,0.059486243946360075,49,drift,0.0017123912495244113,0.050375839472571814,55,vm_add,0.008001304744184612,0.03228209671110511,35,vm_add,0.0045012240648291384,0.0547230105455651,65,vm_fail,0.004364108067000793,0.023042759495372482,28,vm_add,0.009036933340331772,0.0617700491347074,51,vm_fail,0.007781115417612533,0.015509022763926355,13,"H12 swarm, event-aware gamma|n100 m10 mixed lam=0.05|608"
h13_event_gamma,"H12 swarm, event-aware gamma",n100 m10 mixed lam=0.05,mixed,100,10,609,20000,4000,10.43998670578003,0.00025655863405486156,0.00242319206576117,0.03196773509822516,0.995162772544907,32.875,0.33180688750366283,3.375,0.019054792918721246,0.05,,0.00025655863405486156,0.010364632278111527,0,drift,0.0030153866898833632,0.0429808686651573,48,drift,0.0037289863229464054,0.06306549443109423,49,drift,0.0018540323534968735,0.04551247684071061,50,vm_fail,0.0024851968992879703,0.013796494127088261,19,vm_fail,0.0029281521636961598,0.006697376554455344,5,vm_add,0.002219596837307156,0.01808461049274274,27,drift,0.0017972812612983497,0.058782431910771635,57,vm_fail,0.0013569039981730837,0.006822127763781141,8,"H12 swarm, event-aware gamma|n100 m10 mixed lam=0.05|609"
h13_event_gamma,"H12 swarm, event-aware gamma",n100 m10 mixed lam=0.05,mixed,100,10,610,20000,4000,10.51154112815857,0.00036567805905041053,0.003119654805851838,0.02495381012668984,0.9966697696524449,26.125,0.2689118259318002,2.125,0.016598252547477196,0.05,,0.00036567805905041053,0.0068499866289539755,0,churn,0.0019518247464398954,0.013843301174617772,17,drift,0.002144673173074488,0.05449930119854273,56,vm_fail,0.007530512038280994,0.007530512038280994,0,vm_add,0.004168478635692786,0.03527981225110918,31,vm_fail,0.0033796001922787922,0.012913872814998329,16,vm_fail,0.001592772207351053,0.010840436572837002,14,drift,0.00204517315995031,0.035692688177295984,38,drift,0.002144204293746382,0.029030556785836697,37,"H12 swarm, event-aware gamma|n100 m10 mixed lam=0.05|610"
h13_event_gamma,Chooser (cheaper of the two),n100 m10 mixed lam=0.2,mixed,100,10,601,20000,4000,0.04716134071350098,0.00954770683726473,0.022511362777363465,0.08975910842767018,1.0146803254560008,33.375,0.33375,1.5,0.08975910842767018,0.2,,0.00954770683726473,0.00954770683726473,0,drift,0.007743885520001623,0.19316876045568185,92,churn,0.011280247851054916,0.011280247851054916,0,vm_add,0.05997450647554676,0.05997450647554676,0,drift,0.007144982614229295,0.1864167895195621,89,drift,0.007472577682794409,0.18075786104423502,86,churn,0.027270616408958157,0.027270616408958157,0,churn,0.030927924791188756,0.030927924791188756,0,vm_fail,0.028276160875133807,0.028276160875133807,0,Chooser (cheaper of the two)|n100 m10 mixed lam=0.2|601
h13_event_gamma,Chooser (cheaper of the two),n100 m10 mixed lam=0.2,mixed,100,10,602,20000,4000,0.03795981407165527,0.01352893455368545,0.04126016313120683,0.0818846038964714,1.032819923767033,20.125,0.20124999999999998,2.75,0.0818846038964714,0.2,,0.01352893455368545,0.01352893455368545,0,drift,0.009682641729118808,0.17527059497269437,82,vm_add,0.03230088300628993,0.03230088300628993,0,vm_add,0.05607260945403115,0.05607260945403115,0,vm_fail,0.004726040576877006,0.004726040576877006,0,vm_fail,0.018813175269975068,0.018813175269975068,0,vm_add,0.08726147172537956,0.08726147172537956,0,vm_add,0.008908689104689903,0.1683162619832309,79,vm_add,0.11231579418329324,0.11231579418329324,0,Chooser (cheaper of the two)|n100 m10 mixed lam=0.2|602
h13_event_gamma,Chooser (cheaper of the two),n100 m10 mixed lam=0.2,mixed,100,10,603,20000,4000,0.03979015350341797,0.00991078955176043,0.06354096442644046,0.08610335010448392,1.0529525650761116,11.125,0.11125,3.125,0.08610335010448392,0.2,,0.00991078955176043,0.00991078955176043,0,vm_add,0.026159112827692916,0.026159112827692916,0,vm_add,0.18495793653925235,0.18495793653925235,0,drift,0.014039805754762621,0.1945388911791103,89,vm_fail,0.057427379620966335,0.057427379620966335,0,vm_fail,0.013928497246847363,0.013928497246847363,0,vm_add,0.1753095909289533,0.1753095909289533,0,vm_fail,0.013928497246847363,0.013928497246847363,0,vm_fail,0.022576895246201434,0.022576895246201434,0,Chooser (cheaper of the two)|n100 m10 mixed lam=0.2|603
h13_event_gamma,Chooser (cheaper of the two),n100 m10 mixed lam=0.2,mixed,100,10,604,20000,4000,0.04732227325439453,0.005446266044979927,0.022337434949838766,0.0858583078080459,1.0141523744920282,31.5,0.315,2.0,0.0858583078080459,0.2,,0.005446266044979927,0.005446266044979927,0,vm_add,0.0067069772448195425,0.17986057733092836,86,vm_fail,0.026073905569594213,0.026073905569594213,0,churn,0.030943796258192702,0.030943796258192702,0,drift,0.009323857688908121,0.1788902657806446,84,churn,0.01033626474605183,0.01033626474605183,0,vm_add,0.054327147507956065,0.054327147507956065,0,drift,0.008823016389095136,0.1742699910769069,82,vm_add,0.03216451419409253,0.03216451419409253,0,Chooser (cheaper of the two)|n100 m10 mixed lam=0.2|604
h13_event_gamma,Chooser (cheaper of the two),n100 m10 mixed lam=0.2,mixed,100,10,605,20000,4000,0.04765439033508301,0.010728903253768242,0.027772162725811237,0.11516233606579947,1.0202113540386744,43.375,0.43374999999999997,1.625,0.11516233606579947,0.2,,0.010728903253768242,0.010728903253768242,0,vm_fail,0.05345958951645326,0.05345958951645326,0,drift,0.005945239999422914,0.17695593079932465,85,vm_add,0.11657704856117287,0.11657704856117287,0,drift,0.006495370017212859,0.18565154588027669,89,vm_fail,0.018143822656711463,0.018143822656711463,0,drift,0.009819244684310825,0.17542960081253803,82,drift,0.007385516091830914,0.19072968002054408,91,churn,0.004351470279374789,0.004351470279374789,0,Chooser (cheaper of the two)|n100 m10 mixed lam=0.2|605
h13_event_gamma,Chooser (cheaper of the two),n100 m10 mixed lam=0.2,mixed,100,10,606,20000,4000,0.038472890853881836,0.00868146237657879,0.04356354569612817,0.0869362519051387,1.0369372952484426,21.5,0.215,4.375,0.0869362519051387,0.2,,0.00868146237657879,0.00868146237657879,0,vm_fail,0.019193265648187484,0.019193265648187484,0,vm_fail,0.018701131111679675,0.018701131111679675,0,vm_add,0.06240527570613007,0.06240527570613007,0,drift,0.006647367189256632,0.1777774196114303,85,vm_add,0.1546170230256522,0.1546170230256522,0,vm_fail,0.012992457979533847,0.012992457979533847,0,vm_add,0.06331048140335248,0.06331048140335248,0,vm_add,0.010641363505232993,0.1864929607551435,87,Chooser (cheaper of the two)|n100 m10 mixed lam=0.2|606
h13_event_gamma,Chooser (cheaper of the two),n100 m10 mixed lam=0.2,mixed,100,10,607,20000,4000,0.03916645050048828,0.011543350314852156,0.024384179385102997,0.06501999506635231,1.016631595859368,20.125,0.20124999999999998,5.125,0.06501999506635231,0.2,,0.011543350314852156,0.011543350314852156,0,churn,0.06468859603180126,0.06468859603180126,0,vm_fail,0.011518879532249738,0.011518879532249738,0,vm_fail,0.012624221277760419,0.012624221277760419,0,vm_add,0.008979523623767914,0.17445216549806605,82,vm_add,0.04453998727380213,0.04453998727380213,0,vm_fail,0.029196769696652945,0.029196769696652945,0,churn,0.013311004634052145,0.013311004634052145,0,vm_add,0.01021445301073744,0.16982833658643387,79,Chooser (cheaper of the two)|n100 m10 mixed lam=0.2|607
h13_event_gamma,Chooser (cheaper of the two),n100 m10 mixed lam=0.2,mixed,100,10,608,20000,4000,0.03790760040283203,0.007004692944569671,0.02856808221226278,0.13222798834415073,1.0200910311301785,51.375,0.5137499999999999,2.25,0.13222798834415073,0.2,,0.007004692944569671,0.007004692944569671,0,drift,0.009825660602031246,0.1855353255467846,87,drift,0.006997158286425602,0.16610270929568072,79,drift,0.007345550423363617,0.188667749499569,90,vm_add,0.10104143497518546,0.10104143497518546,0,vm_add,0.010080223009201274,0.20603578627298633,97,vm_fail,0.0164712511118824,0.0164712511118824,0,vm_add,0.010226472078486839,0.1274127428395915,58,vm_fail,0.06655690721152578,0.06655690721152578,0,Chooser (cheaper of the two)|n100 m10 mixed lam=0.2|608
h13_event_gamma,Chooser (cheaper of the two),n100 m10 mixed lam=0.2,mixed,100,10,609,20000,4000,0.03883099555969238,0.012217991958425711,0.01332003752020584,0.1156090733568833,1.005985522496654,50.75,0.5075000000000001,3.0,0.1156090733568833,0.2,,0.012217991958425711,0.012217991958425711,0,drift,0.007606967584259526,0.18494579387908916,88,drift,0.00836332162574336,0.17575163301561664,83,drift,0.00852825602721951,0.1840121725759556,87,vm_fail,0.02893196222229422,0.02893196222229422,0,vm_fail,0.02724204031068804,0.02724204031068804,0,vm_add,0.005638755200938893,0.12631540582505169,60,drift,0.008094214976522032,0.18551879681238992,88,vm_fail,0.012154782213981126,0.012154782213981126,0,Chooser (cheaper of the two)|n100 m10 mixed lam=0.2|609
h13_event_gamma,Chooser (cheaper of the two),n100 m10 mixed lam=0.2,mixed,100,10,610,20000,4000,0.03744363784790039,0.008918877279033004,0.024082250805624917,0.08726306012292931,1.0175116543305616,31.375,0.31375,1.375,0.08726306012292931,0.2,,0.008918877279033004,0.008918877279033004,0,churn,0.01532185004756007,0.01532185004756007,0,drift,0.004137992481254339,0.18086627915795497,88,vm_fail,0.038879441315374116,0.038879441315374116,0,vm_add,0.06176498488750872,0.06176498488750872,0,vm_fail,0.038879441315374116,0.038879441315374116,0,vm_fail,0.01697171028621133,0.01697171028621133,0,drift,0.009073572135038037,0.170525343676644,80,drift,0.007629013976678608,0.17489543029680724,83,Chooser (cheaper of the two)|n100 m10 mixed lam=0.2|610
h13_event_gamma,H12 swarm (c = 1),n100 m10 mixed lam=0.2,mixed,100,10,601,20000,4000,12.091036319732666,0.0006910863892909312,0.008736307597107452,0.060001884178876495,1.0010084484493418,20.375,0.20704545454545456,1.5,0.05042835104025135,0.2,,0.0006910863892909312,0.013107798800482165,0,drift,0.006093573798380403,0.11231002501592457,44,churn,0.012653031888046595,0.01718112983314737,1,vm_add,0.0089790993561922,0.07411436031125306,28,drift,0.005044144626365912,0.11212405105864917,45,drift,0.0076929149967909435,0.10361296161035569,35,churn,0.01120880463586131,0.02228109665118625,4,churn,0.004590857378100734,0.022115822880637896,5,vm_fail,0.013628034097121527,0.01627562606985795,1,H12 swarm (c = 1)|n100 m10 mixed lam=0.2|601
h13_event_gamma,H12 swarm (c = 1),n100 m10 mixed lam=0.2,mixed,100,10,602,20000,4000,11.977769374847412,0.0004921075407164687,0.01553152161974558,0.07569527305665505,1.0072801799120052,25.125,0.2530176767676767,2.125,0.06685900145179671,0.2,,0.0004921075407164687,0.0239080648063383,0,drift,0.0082383085617578,0.11908490966171234,46,vm_add,0.009254336799906818,0.0760088521079143,28,vm_add,0.013663860805795984,0.07211744146101373,23,vm_fail,0.012385865294320628,0.03027569753720318,7,vm_fail,0.008732584057982112,0.028067457577129435,8,vm_add,0.03953541505894738,0.08597259739504282,20,vm_add,0.007967555782962373,0.11146396070117032,43,vm_add,0.02447424659629156,0.08257126801205433,26,H12 swarm (c = 1)|n100 m10 mixed lam=0.2|602
h13_event_gamma,H12 swarm (c = 1),n100 m10 mixed lam=0.2,mixed,100,10,603,20000,4000,11.964882373809814,0.0008334994675289358,0.019076889604897736,0.05806550460728444,1.008964756563354,15.5,0.15756135154738876,4.25,0.051169176960568226,0.2,,0.0008334994675289358,0.009161062079556146,0,vm_add,0.016935779404501285,0.033580251914931365,8,vm_add,0.05811321570742346,0.1151248333186347,21,drift,0.005632673654674166,0.10900176562375714,42,vm_fail,0.013539800232676516,0.03566368651696487,9,vm_fail,0.012359406929647999,0.03143809831845209,6,vm_add,0.012898382926025626,0.07843206757006128,28,vm_fail,0.022657180320904326,0.03040581020655369,3,vm_fail,0.01047867766332849,0.030877523388920382,7,H12 swarm (c = 1)|n100 m10 mixed lam=0.2|603
h13_event_gamma,H12 swarm (c = 1),n100 m10 mixed lam=0.2,mixed,100,10,604,20000,4000,12.107413291931152,0.0008614391877108207,0.010576758544817455,0.06137408139334334,1.0024854317910812,18.5,0.1880654761904762,2.0,0.04850814022458022,0.2,,0.0008614391877108207,0.02310671613892095,0,vm_add,0.011955660732674102,0.10289726788847094,35,vm_fail,0.010690908197589315,0.023779343836622092,5,churn,0.007058670802658936,0.021883994967877504,5,drift,0.007374113346914573,0.130686320301883,37,churn,0.0035025178102747944,0.0060991756130051285,1,vm_add,0.01063574364227369,0.06363592286392722,21,drift,0.005070885209007319,0.10836232300609809,43,vm_add,0.02832556861714692,0.03364830266886278,1,H12 swarm (c = 1)|n100 m10 mixed lam=0.2|604
h13_event_gamma,H12 swarm (c = 1),n100 m10 mixed lam=0.2,mixed,100,10,605,20000,4000,12.068879842758179,0.0008015564668455525,0.0071445045835390394,0.060938909524136664,0.9997514819816604,23.0,0.23047684458398743,1.375,0.05352744166248315,0.2,,0.0008015564668455525,0.014997820392013443,0,vm_fail,0.013112222718973004,0.035829861217964,9,drift,0.003821805407687706,0.08878540458257961,38,vm_add,0.00496085948311347,0.06709792120566804,27,drift,0.009147538466863229,0.08275113452844693,33,vm_fail,0.00756210390855749,0.01204518814060981,2,drift,0.005930288412014383,0.08523732553575473,33,drift,0.005630813560665893,0.10774429310162517,42,churn,0.006990404710437139,0.008020147880444967,0,H12 swarm (c = 1)|n100 m10 mixed lam=0.2|605
h13_event_gamma,H12 swarm (c = 1),n100 m10 mixed lam=0.2,mixed,100,10,606,20000,4000,11.864442110061646,0.0011341750938532132,0.007904100095950162,0.04903575236895947,1.0015227344004798,16.75,0.16805555555555557,5.0,0.041778205775079874,0.2,,0.0011341750938532132,0.006629112996451638,0,vm_fail,0.007675184067408944,0.0076751840674089454,0,vm_fail,0.0035684385029170927,0.013597897283374074,4,vm_add,0.009942989093122306,0.053727564959003375,18,drift,0.006419718408139139,0.08676036786760624,30,vm_add,0.007793213402799628,0.07135896530838427,26,vm_fail,0.012353197374871951,0.012353197374871954,0,vm_add,0.006315631794777607,0.04756014346025987,18,vm_add,0.009164428123564624,0.09925269863076702,38,H12 swarm (c = 1)|n100 m10 mixed lam=0.2|606
h13_event_gamma,H12 swarm (c = 1),n100 m10 mixed lam=0.2,mixed,100,10,607,20000,4000,11.925670385360718,0.0004911222434193251,0.016005691272331386,0.049802385736361615,1.0082944883690816,13.5,0.13597030981067126,4.875,0.0434059352171745,0.2,,0.0004911222434193251,0.008204047167754537,0,churn,0.06739078635944228,0.06739078635944226,0,vm_fail,0.01026974324114107,0.012871432623082575,1,vm_fail,0.008420502201806014,0.016943171464715936,3,vm_add,0.004740525314288704,0.09666124702072668,38,vm_add,0.0052638947827920125,0.0790670951650692,28,vm_fail,0.01124015629558396,0.011240156295583961,0,churn,0.008752750715254257,0.010174069483331846,0,vm_add,0.0119671712683428,0.10407112747894047,38,H12 swarm (c = 1)|n100 m10 mixed lam=0.2|607
h13_event_gamma,H12 swarm (c = 1),n100 m10 mixed lam=0.2,mixed,100,10,608,20000,4000,12.186581134796143,0.0006756984310903283,0.01311349436102936,0.08097373933757548,1.0047262349238624,26.375,0.26536750483558996,2.25,0.06687028049312005,0.2,,0.0006756984310903283,0.013619621398387863,0,drift,0.010764019540043274,0.07231063229388582,27,drift,0.01676949103323993,0.12191031804151062,44,drift,0.00369219404559255,0.09219399840217343,38,vm_add,0.013203591817680205,0.06776336098618345,24,vm_add,0.01115692828171669,0.1195389045725538,36,vm_fail,0.01223087334530876,0.016908604792724463,2,vm_add,0.026750502624536862,0.10726867461865841,24,vm_fail,0.010340354200116617,0.04989542099291384,16,H12 swarm (c = 1)|n100 m10 mixed lam=0.2|608
h13_event_gamma,H12 swarm (c = 1),n100 m10 mixed lam=0.2,mixed,100,10,609,20000,4000,11.91916036605835,0.00025655863405486156,0.007858509754625279,0.09229127544193078,1.0005588748249488,30.625,0.3075797318882204,2.75,0.06974534368508574,0.2,,0.00025655863405486156,0.010364632278111527,0,drift,0.005023061870321274,0.11980115313628491,46,drift,0.00638355839295893,0.20547261070555467,57,drift,0.01074499354098646,0.13433043127792996,41,vm_fail,0.008131679811942136,0.027696411424755246,9,vm_fail,0.015150021134366818,0.026158767592908392,5,vm_add,0.007794244265705524,0.05568946332771174,22,drift,0.0014821876174556294,0.15387325831963064,62,vm_fail,0.00815833140326545,0.01530810775067067,3,H12 swarm (c = 1)|n100 m10 mixed lam=0.2|609
h13_event_gamma,H12 swarm (c = 1),n100 m10 mixed lam=0.2,mixed,100,10,610,20000,4000,11.915951490402222,0.00036567805905041053,0.009784170734073413,0.058490963067321565,1.0032913797378846,18.75,0.18914465834115413,2.0,0.04787228167457114,0.2,,0.00036567805905041053,0.0068499866289539755,0,churn,0.012926739297329513,0.0246027863330261,3,drift,0.00990729670875424,0.10343499023201974,35,vm_fail,0.01781970904267392,0.034972651468776685,7,vm_add,0.003922371416930565,0.08128850181549685,30,vm_fail,0.016600091796179436,0.027081595879368515,5,vm_fail,0.008587602504983366,0.013240663032719204,2,drift,0.004571818933648061,0.10346889871429549,37,drift,0.003937736172088206,0.07983761706286997,31,H12 swarm (c = 1)|n100 m10 mixed lam=0.2|610
h13_event_gamma,"H12 swarm, c = 0 after every change",n100 m10 mixed lam=0.2,mixed,100,10,601,20000,4000,10.093637704849243,0.0006910863892909312,0.012291464639236964,0.05014202870212826,1.0045443658520457,14.25,0.14415697674418604,1.75,0.041357355876193144,0.2,,0.0006910863892909312,0.013107798800482165,0,drift,0.00798239345988857,0.11366626061801742,36,churn,0.007919411980916174,0.008617592600820166,0,vm_add,0.05093113976329315,0.063552625137078,6,drift,0.004856299215684224,0.07834301177879237,30,drift,0.003780194003979672,0.09611426171018672,36,churn,0.0107361476657321,0.018786888294508166,3,churn,0.004840423747304221,0.00915427019181556,1,vm_fail,0.007285707277097603,0.012901319285807688,2,"H12 swarm, c = 0 after every change|n100 m10 mixed lam=0.2|601"
h13_event_gamma,"H12 swarm, c = 0 after every change",n100 m10 mixed lam=0.2,mixed,100,10,602,20000,4000,10.0961754322052,0.0004921075407164687,0.007112769012129122,0.06006714408319797,0.9989244564663021,21.625,0.21783321060382915,2.375,0.050962679453422664,0.2,,0.0004921075407164687,0.0239080648063383,0,drift,0.0014356156209950754,0.07880102336585258,30,vm_add,0.0033096917595668005,0.05697154480020211,23,vm_add,0.0064829838093334044,0.04846703378986908,19,vm_fail,0.011482006010940338,0.02724651952570076,6,vm_fail,0.009620901610637856,0.018281469192917957,4,vm_add,0.007000921703390299,0.06554576673853778,23,vm_add,0.01011186428325605,0.10412473032591851,38,vm_add,0.007458167298913154,0.08109906492658496,30,"H12 swarm, c = 0 after every change|n100 m10 mixed lam=0.2|602"
h13_event_gamma,"H12 swarm, c = 0 after every change",n100 m10 mixed lam=0.2,mixed,100,10,603,20000,4000,10.084576845169067,0.0008334994675289358,0.01034337810014244,0.04882108063729638,1.0003110423930432,16.125,0.16312250851819277,4.875,0.04328036458523861,0.2,,0.0008334994675289358,0.009161062079556146,0,vm_add,0.015645686365030054,0.03634216519209539,10,vm_add,0.02013599281036567,0.0926991378236098,29,drift,0.006047852336678338,0.10128891088254922,37,vm_fail,0.009993164473027984,0.03794747027755283,13,vm_fail,0.008555971001095631,0.020945673717197428,4,vm_add,0.0024918212674712196,0.07371407250572323,33,vm_fail,0.006581284408100955,0.011754509639289229,2,vm_fail,0.013295252139369662,0.015876705060353852,1,"H12 swarm, c = 0 after every change|n100 m10 mixed lam=0.2|603"
h13_event_gamma,"H12 swarm, c = 0 after every change",n100 m10 mixed lam=0.2,mixed,100,10,604,20000,4000,9.772810697555542,0.0008614391877108207,0.028504491813237158,0.0647306570872036,1.020285525184409,13.75,0.1378125,2.0,0.05716991621424938,0.2,,0.0008614391877108207,0.02310671613892095,0,vm_add,0.13401357444896544,0.20909636262244988,26,vm_fail,0.009165118681179236,0.00916511868117924,0,churn,0.00848301466436758,0.01160097099258445,1,drift,0.005356018264569128,0.10480904046173302,37,churn,0.007843052416507028,0.007843052416507028,0,vm_add,0.0036172921581202086,0.03619582414731475,13,drift,0.018254438317926235,0.0915019014548648,30,vm_add,0.04130342555426244,0.04763298592099562,3,"H12 swarm, c = 0 after every change|n100 m10 mixed lam=0.2|604"
h13_event_gamma,"H12 swarm, c = 0 after every change",n100 m10 mixed lam=0.2,mixed,100,10,605,20000,4000,10.098054647445679,0.0008015564668455525,0.004903747332382221,0.06455628296812953,0.9975279736476386,22.25,0.2233426685891748,1.25,0.04975217434267609,0.2,,0.0008015564668455525,0.014997820392013443,0,vm_fail,0.0067484850043532905,0.03187089338335485,8,drift,0.0021501884098795764,0.08887514570709269,35,vm_add,0.006780770949432591,0.06342785991390908,26,drift,0.006198931183317295,0.07699002526409257,26,vm_fail,0.005446064606491777,0.013228723976476557,3,drift,0.0026263951854736886,0.10425717595705394,38,drift,0.0030841206040149623,0.12856702068924572,41,churn,0.006195022716094579,0.009233418853810868,1,"H12 swarm, c = 0 after every change|n100 m10 mixed lam=0.2|605"
h13_event_gamma,"H12 swarm, c = 0 after every change",n100 m10 mixed lam=0.2,mixed,100,10,606,20000,4000,10.16869306564331,0.0011341750938532132,0.00849320130999837,0.049001872863661276,1.0021073828426537,16.625,0.1676484674329502,4.625,0.04232162514465328,0.2,,0.0011341750938532132,0.006629112996451638,0,vm_fail,0.007675184067408944,0.0076751840674089454,0,vm_fail,0.0080846589828009,0.013394911297611098,2,vm_add,0.006998553237093378,0.06075173522162065,20,drift,0.008440849072505969,0.0983267652673749,36,vm_add,0.008847530328705852,0.06909146100309826,27,vm_fail,0.00763394785725324,0.022675878553668313,6,vm_add,0.006127445640581827,0.046818759180526505,19,vm_add,0.014137441293636858,0.07328028831798152,23,"H12 swarm, c = 0 after every change|n100 m10 mixed lam=0.2|606"
h13_event_gamma,"H12 swarm, c = 0 after every change",n100 m10 mixed lam=0.2,mixed,100,10,607,20000,4000,10.414370059967041,0.0004911222434193251,0.006147533621742879,0.03995712068778856,0.9985324825896376,12.5,0.12909383468834687,5.625,0.03206550758036022,0.2,,0.0004911222434193251,0.008204047167754537,0,churn,0.011222035151192904,0.05829997217854982,9,vm_fail,0.009262383127495494,0.011759745650967414,1,vm_fail,0.009595456126752656,0.009861706296512236,0,vm_add,0.004552384365853919,0.06319514667354817,25,vm_add,0.0017086325787526635,0.07776611334856265,30,vm_fail,0.00617896405958866,0.01738192573858689,5,churn,0.004802290407983221,0.007401592859609137,1,vm_add,0.0018581231563235155,0.07399076275597216,29,"H12 swarm, c = 0 after every change|n100 m10 mixed lam=0.2|607"
h13_event_gamma,"H12 swarm, c = 0 after every change",n100 m10 mixed lam=0.2,mixed,100,10,608,20000,4000,10.362246990203857,0.0006756984310903283,0.025418552252589054,0.07713867670449129,1.0170070867977379,20.375,0.20450129773822767,2.5,0.0669659055812678,0.2,,0.0006756984310903283,0.013619621398387863,0,drift,0.0025734583703625347,0.06496751132381558,24,drift,0.03951526367590097,0.1291747833855537,37,drift,0.016651191193400316,0.08588877808510043,23,vm_add,0.11038758580369158,0.11516172416762663,2,vm_add,0.005460197547226953,0.09781108318688894,38,vm_fail,0.0156684215886619,0.018048631128631556,1,vm_add,0.00590374493063513,0.08436572119462928,32,vm_fail,0.007188554910833072,0.02169118116368427,6,"H12 swarm, c = 0 after every change|n100 m10 mixed lam=0.2|608"
h13_event_gamma,"H12 swarm, c = 0 after every change",n100 m10 mixed lam=0.2,mixed,100,10,609,20000,4000,10.166863441467285,0.00025655863405486156,0.006185339262849931,0.06901550570031803,0.998899537182443,22.625,0.22686732538397758,3.25,0.051825274701527965,0.2,,0.00025655863405486156,0.010364632278111527,0,drift,0.003121486047779562,0.08835038054666665,33,drift,0.003703815400723289,0.13548795403741778,43,drift,0.011091689866827537,0.13671775840378605,44,vm_fail,0.011160559317057265,0.015558763450762703,2,vm_fail,0.007036579231616698,0.01791219858259195,3,vm_add,0.006921069537798928,0.05497788270936594,21,drift,0.0035490185253987264,0.09685990070710492,34,vm_fail,0.002898496175597446,0.006259207164848228,1,"H12 swarm, c = 0 after every change|n100 m10 mixed lam=0.2|609"
h13_event_gamma,"H12 swarm, c = 0 after every change",n100 m10 mixed lam=0.2,mixed,100,10,610,20000,4000,10.302781343460083,0.00036567805905041053,0.005718417665074594,0.0489452422472889,0.9992503789824605,16.0,0.16142456080370293,2.125,0.03814406391145817,0.2,,0.00036567805905041053,0.0068499866289539755,0,churn,0.01013897969373459,0.02225414042649399,3,drift,0.004697613767227544,0.09934985265813846,34,vm_fail,0.009784283464056392,0.03135522440466741,10,vm_add,0.0027920150302806774,0.05389105804441845,17,vm_fail,0.008445973381292923,0.022998630980154634,6,vm_fail,0.00406707623796541,0.00411363063646944,0,drift,0.0025935689713330735,0.09353180287427876,34,drift,0.0032278307747061422,0.06406759795368998,24,"H12 swarm, c = 0 after every change|n100 m10 mixed lam=0.2|610"
h13_event_gamma,"H12 swarm, event-aware gamma",n100 m10 mixed lam=0.2,mixed,100,10,601,20000,4000,10.677474737167358,0.0006910863892909312,0.013382427118708122,0.05637715993837652,1.005627553079103,15.25,0.15602272727272726,1.5,0.04489542685232825,0.2,,0.0006910863892909312,0.013107798800482165,0,drift,0.00798239345988857,0.11366626061801742,36,churn,0.007919411980916174,0.008617592600820166,0,vm_add,0.05093113976329315,0.061571625639489,5,drift,0.009324811582890877,0.10249943879673092,34,drift,0.007605947176410198,0.09688350330076406,33,churn,0.010003031717128715,0.019460935110165847,3,churn,0.007722676539063457,0.025750458248293532,5,vm_fail,0.005570004730073837,0.022567465192731197,6,"H12 swarm, event-aware gamma|n100 m10 mixed lam=0.2|601"
h13_event_gamma,"H12 swarm, event-aware gamma",n100 m10 mixed lam=0.2,mixed,100,10,602,20000,4000,11.29083800315857,0.0004921075407164687,0.02161969550988819,0.07209801933507583,1.0133344837757776,20.625,0.20772341945099987,2.5,0.0636420549984408,0.2,,0.0004921075407164687,0.0239080648063383,0,drift,0.0014356156209950754,0.07880102336585258,30,vm_add,0.012756885951058086,0.07130181513636563,25,vm_add,0.006617638563421657,0.10242995792689817,40,vm_fail,0.012670671760408321,0.025815147112182708,5,vm_fail,0.005899827980976772,0.01723133746866422,5,vm_add,0.012877694368240709,0.05817434268996772,15,vm_add,0.010874395325182381,0.101774476520985,40,vm_add,0.10982483450882251,0.12125605445969058,5,"H12 swarm, event-aware gamma|n100 m10 mixed lam=0.2|602"
h13_event_gamma,"H12 swarm, event-aware gamma",n100 m10 mixed lam=0.2,mixed,100,10,603,20000,4000,10.834412813186646,0.0008334994675289358,0.019865836436061112,0.05554311608769869,1.0097361210668714,14.125,0.1430223452666698,5.0,0.04917739737422183,0.2,,0.0008334994675289358,0.009161062079556146,0,vm_add,0.016935779404501285,0.033580251914931365,8,vm_add,0.05811321570742346,0.1151248333186347,21,drift,0.003780466875073322,0.10121131857577334,37,vm_fail,0.01876144936768561,0.03805553913082911,8,vm_fail,0.008835394905122335,0.024670568663189174,6,vm_add,0.035403896742303355,0.1067945840872733,31,vm_fail,0.008557373196375749,0.01319745194322562,1,vm_fail,0.008539115290003773,0.011710381067732926,1,"H12 swarm, event-aware gamma|n100 m10 mixed lam=0.2|603"
h13_event_gamma,"H12 swarm, event-aware gamma",n100 m10 mixed lam=0.2,mixed,100,10,604,20000,4000,11.25969910621643,0.0008614391877108207,0.012738757082865738,0.05512982658418426,1.0046302769729345,16.25,0.16407738095238095,2.0,0.04595366786421858,0.2,,0.0008614391877108207,0.02310671613892095,0,vm_add,0.011955660732674102,0.10289726788847094,35,vm_fail,0.010690908197589315,0.020781191702011034,4,churn,0.010668026654029111,0.017132268610440368,2,drift,0.009531981244718789,0.10582513810762016,36,churn,0.00569934381513146,0.0059304341646970815,0,vm_add,0.018775227214644353,0.05168782690377724,14,drift,0.007885131090336395,0.08919462288762545,29,vm_add,0.026703777713802387,0.04758986240883186,10,"H12 swarm, event-aware gamma|n100 m10 mixed lam=0.2|604"
h13_event_gamma,"H12 swarm, event-aware gamma",n100 m10 mixed lam=0.2,mixed,100,10,605,20000,4000,10.328056812286377,0.0008015564668455525,0.004806344909193804,0.06635821395811062,0.9974321190936335,23.5,0.2357339729370009,1.25,0.05214206832602651,0.2,,0.0008015564668455525,0.014997820392013443,0,vm_fail,0.0067484850043532905,0.03187089338335485,8,drift,0.0021501884098795764,0.08887514570709269,35,vm_add,0.006387382705505661,0.06487347119703932,27,drift,0.0027671604179440082,0.09196535842929117,36,vm_fail,0.009743265467821928,0.01416287555469314,2,drift,0.003071456761081778,0.12257449261137288,46,drift,0.005711665929279114,0.11047019724926843,33,churn,0.0018711545776850778,0.006073277532772444,1,"H12 swarm, event-aware gamma|n100 m10 mixed lam=0.2|605"
h13_event_gamma,"H12 swarm, event-aware gamma",n100 m10 mixed lam=0.2,mixed,100,10,606,20000,4000,11.203387260437012,0.0011341750938532132,0.013204847831250081,0.051651232329616735,1.0068051312812216,15.25,0.153218954248366,4.875,0.04416471801336981,0.2,,0.0011341750938532132,0.006629112996451638,0,vm_fail,0.007675184067408944,0.0076751840674089454,0,vm_fail,0.0080846589828009,0.013394911297611098,2,vm_add,0.004285002801680489,0.06650952973136938,23,drift,0.006481363240452441,0.08544177454205434,32,vm_add,0.012123254960812112,0.06653519385330509,24,vm_fail,0.003702397139893743,0.008790517428034992,2,vm_add,0.052104559947440385,0.06262560554691483,5,vm_add,0.011182361509511636,0.10223714217023518,34,"H12 swarm, event-aware gamma|n100 m10 mixed lam=0.2|606"
h13_event_gamma,"H12 swarm, event-aware gamma",n100 m10 mixed lam=0.2,mixed,100,10,607,20000,4000,11.133916854858398,0.0004911222434193251,0.008873228031120575,0.05105944734752274,1.0012404667873718,16.375,0.16805664830841857,5.25,0.04277497199580936,0.2,,0.0004911222434193251,0.008204047167754537,0,churn,0.011222035151192904,0.05829997217854982,9,vm_fail,0.009262383127495494,0.011759745650967414,1,vm_fail,0.009595456126752656,0.009861706296512236,0,vm_add,0.006916847431422011,0.07528622566591277,30,vm_add,0.009189619764188221,0.11432320636535272,45,vm_fail,0.01334945272524984,0.02012524156511254,3,churn,0.0027031319331002686,0.01097494650565613,3,vm_add,0.008746897989563216,0.10784453455211827,40,"H12 swarm, event-aware gamma|n100 m10 mixed lam=0.2|607"
h13_event_gamma,"H12 swarm, event-aware gamma",n100 m10 mixed lam=0.2,mixed,100,10,608,20000,4000,11.201789617538452,0.0006756984310903283,0.02728683667877786,0.08165380209636942,1.0188558361842768,21.625,0.21804446569447766,2.125,0.07173441685738904,0.2,,0.0006756984310903283,0.013619621398387863,0,drift,0.0025734583703625347,0.06496751132381558,24,drift,0.03951526367590097,0.1291747833855537,37,drift,0.016651191193400316,0.08588877808510043,23,vm_add,0.11121261810345628,0.11565746857587013,2,vm_add,0.016979442460119433,0.1069410393805586,38,vm_fail,0.011086305185441254,0.030669342335835296,8,vm_add,0.012414786293659082,0.09436697511855897,34,vm_fail,0.007861628147882995,0.025564518565662685,7,"H12 swarm, event-aware gamma|n100 m10 mixed lam=0.2|608"
h13_event_gamma,"H12 swarm, event-aware gamma",n100 m10 mixed lam=0.2,mixed,100,10,609,20000,4000,10.182861566543579,0.00025655863405486156,0.0061954390101654575,0.07527169983652426,0.9989094483694351,25.625,0.257358281456329,2.75,0.05794470187338863,0.2,,0.00025655863405486156,0.010364632278111527,0,drift,0.003121486047779562,0.08835038054666665,33,drift,0.003703815400723289,0.13548795403741778,43,drift,0.011091689866827537,0.13671775840378605,44,vm_fail,0.011160559317057265,0.015558763450762703,2,vm_fail,0.007036579231616698,0.01791219858259195,3,vm_add,0.006251856763217462,0.06777675955110149,27,drift,0.002477070700145091,0.12326432443529235,48,vm_fail,0.004720454753956755,0.01710545968457517,5,"H12 swarm, event-aware gamma|n100 m10 mixed lam=0.2|609"
h13_event_gamma,"H12 swarm, event-aware gamma",n100 m10 mixed lam=0.2,mixed,100,10,610,20000,4000,10.265432357788086,0.00036567805905041053,0.007293086779454399,0.0481903362150604,1.0008166919113402,14.75,0.1491794290740351,1.875,0.037312510132823856,0.2,,0.00036567805905041053,0.0068499866289539755,0,churn,0.01013897969373459,0.02225414042649399,3,drift,0.004697613767227544,0.09934985265813846,34,vm_fail,0.009784283464056392,0.03135522440466741,10,vm_add,0.011110231201613386,0.06203841587831409,17,vm_fail,0.006891184433334841,0.0304332399201094,9,vm_fail,0.007826343810706975,0.010545665203464482,1,drift,0.004082880878971842,0.07587483564077985,27,drift,0.0038131769859896234,0.05367131558851549,17,"H12 swarm, event-aware gamma|n100 m10 mixed lam=0.2|610"
h13_event_gamma,Chooser (cheaper of the two),n100 m10 mixed lam=1.0,mixed,100,10,601,20000,4000,0.049904584884643555,0.00954770683726473,0.3451464649729443,0.3451464649729443,1.3349376278180534,0.0,0.0,1.75,0.3451464649729443,1.0,,0.00954770683726473,0.00954770683726473,0,drift,0.5034633448207244,0.5034633448207244,0,churn,0.31774804778666144,0.31774804778666144,0,vm_add,0.3811990687842491,0.3811990687842491,0,drift,0.559606210610299,0.559606210610299,0,drift,0.4224060976541062,0.4224060976541062,0,churn,0.25727171532365617,0.25727171532365617,0,churn,0.24722147568908184,0.24722147568908184,0,vm_fail,0.0722557591147763,0.0722557591147763,0,Chooser (cheaper of the two)|n100 m10 mixed lam=1.0|601
h13_event_gamma,Chooser (cheaper of the two),n100 m10 mixed lam=1.0,mixed,100,10,602,20000,4000,0.03826189041137695,0.01352893455368545,0.11259802469086513,0.2160904954680998,1.103621347182108,10.25,0.1025,2.75,0.2160904954680998,1.0,,0.01352893455368545,0.01352893455368545,0,drift,0.009682641729118808,0.8376224079469962,82,vm_add,0.03230088300628993,0.03230088300628993,0,vm_add,0.05607260945403115,0.05607260945403115,0,vm_fail,0.004726040576877006,0.004726040576877006,0,vm_fail,0.018813175269975068,0.018813175269975068,0,vm_add,0.08726147172537956,0.08726147172537956,0,vm_add,0.2803496005470284,0.2803496005470284,0,vm_add,0.4115777752182212,0.4115777752182212,0,Chooser (cheaper of the two)|n100 m10 mixed lam=1.0|602
h13_event_gamma,Chooser (cheaper of the two),n100 m10 mixed lam=1.0,mixed,100,10,603,20000,4000,0.04982948303222656,0.00991078955176043,0.48947950405609864,0.48947950405609864,1.47428033973354,0.0,0.0,3.375,0.48947950405609864,1.0,,0.00991078955176043,0.00991078955176043,0,vm_add,0.026159112827692916,0.026159112827692916,0,vm_add,0.18495793653925235,0.18495793653925235,0,drift,0.8197893109368102,0.8197893109368102,0,vm_fail,0.7556347043642767,0.7556347043642767,0,vm_fail,0.49534808799132585,0.49534808799132585,0,vm_add,0.7333539340946286,0.7333539340946286,0,vm_fail,0.49534808799132585,0.49534808799132585,0,vm_fail,0.40524485770347657,0.40524485770347657,0,Chooser (cheaper of the two)|n100 m10 mixed lam=1.0|603
h13_event_gamma,Chooser (cheaper of the two),n100 m10 mixed lam=1.0,mixed,100,10,604,20000,4000,0.03860807418823242,0.005446266044979927,0.4100710370146251,0.4100710370146251,1.3982623870080204,0.0,0.0,2.375,0.4100710370146251,1.0,,0.005446266044979927,0.005446266044979927,0,vm_add,0.20520556515409014,0.20520556515409014,0,vm_fail,0.010286235405759535,0.010286235405759535,0,churn,0.014811753514377364,0.014811753514377364,0,drift,0.6015966995685894,0.6015966995685894,0,churn,0.37757153247577424,0.37757153247577424,0,vm_add,0.43755214476876214,0.43755214476876214,0,drift,0.7959948955039288,0.7959948955039288,0,vm_add,0.8375494697257195,0.8375494697257195,0,Chooser (cheaper of the two)|n100 m10 mixed lam=1.0|604
h13_event_gamma,Chooser (cheaper of the two),n100 m10 mixed lam=1.0,mixed,100,10,605,20000,4000,0.03699040412902832,0.010728903253768242,0.4488311491043407,0.5510753476286272,1.4384962049965817,10.125,0.10125,1.875,0.5510753476286272,1.0,,0.010728903253768242,0.010728903253768242,0,vm_fail,0.05345958951645326,0.05345958951645326,0,drift,0.48176368417298426,0.48176368417298426,0,vm_add,0.6447250360665256,0.6447250360665256,0,drift,0.8256123815703229,0.8256123815703229,0,vm_fail,0.6513231825585247,0.6513231825585247,0,drift,0.009819244684310825,0.8277728328786026,81,drift,0.5237934668072016,0.5237934668072016,0,churn,0.40015260745840214,0.40015260745840214,0,Chooser (cheaper of the two)|n100 m10 mixed lam=1.0|605
h13_event_gamma,Chooser (cheaper of the two),n100 m10 mixed lam=1.0,mixed,100,10,606,20000,4000,0.03825187683105469,0.00868146237657879,0.3886469735193407,0.3886469735193407,1.37949136483503,0.0,0.0,4.25,0.3886469735193407,1.0,,0.00868146237657879,0.00868146237657879,0,vm_fail,0.019193265648187484,0.019193265648187484,0,vm_fail,0.018701131111679675,0.018701131111679675,0,vm_add,0.06240527570613007,0.06240527570613007,0,drift,0.5109133930227351,0.5109133930227351,0,vm_add,0.7330063940588588,0.7330063940588588,0,vm_fail,0.46316106934573853,0.46316106934573853,0,vm_add,0.5358401622454073,0.5358401622454073,0,vm_add,0.7659550970159883,0.7659550970159883,0,Chooser (cheaper of the two)|n100 m10 mixed lam=1.0|606
h13_event_gamma,Chooser (cheaper of the two),n100 m10 mixed lam=1.0,mixed,100,10,607,20000,4000,0.039498329162597656,0.011543350314852156,0.16656211665589704,0.16656211665589704,1.1577602372206635,0.0,0.0,5.25,0.16656211665589704,1.0,,0.011543350314852156,0.011543350314852156,0,churn,0.06468859603180126,0.06468859603180126,0,vm_fail,0.011518879532249738,0.011518879532249738,0,vm_fail,0.012624221277760419,0.012624221277760419,0,vm_add,0.23453932819970857,0.23453932819970857,0,vm_add,0.2780494192145519,0.2780494192145519,0,vm_fail,0.19595711542451302,0.19595711542451302,0,churn,0.128780585666948,0.128780585666948,0,vm_add,0.4063387878996434,0.4063387878996434,0,Chooser (cheaper of the two)|n100 m10 mixed lam=1.0|607
h13_event_gamma,Chooser (cheaper of the two),n100 m10 mixed lam=1.0,mixed,100,10,608,20000,4000,0.03917527198791504,0.007004692944569671,0.49682193411995873,0.5962629035007433,1.4841788750236016,9.875,0.09875,2.375,0.5962629035007433,1.0,,0.007004692944569671,0.007004692944569671,0,drift,0.3461582170950789,0.3461582170950789,0,drift,0.006997158286425602,0.802524913332702,79,drift,0.3718634274603439,0.3718634274603439,0,vm_add,0.49946408769671413,0.49946408769671413,0,vm_add,0.7677131704686514,0.7677131704686514,0,vm_fail,0.5473843999844594,0.5473843999844594,0,vm_add,0.7531049958014874,0.7531049958014874,0,vm_fail,0.6818900161665091,0.6818900161665091,0,Chooser (cheaper of the two)|n100 m10 mixed lam=1.0|608
h13_event_gamma,Chooser (cheaper of the two),n100 m10 mixed lam=1.0,mixed,100,10,609,20000,4000,0.03729414939880371,0.012217991958425711,0.1286557200163036,0.4551016802773842,1.1204804680881557,32.375,0.32375,3.0,0.4551016802773842,1.0,,0.012217991958425711,0.012217991958425711,0,drift,0.8067575803972121,0.8067575803972121,0,drift,0.00836332162574336,0.8553885117913675,84,drift,0.00852825602721951,0.8859478387709007,87,vm_fail,0.02893196222229422,0.02893196222229422,0,vm_fail,0.02724204031068804,0.02724204031068804,0,vm_add,0.12917360235676828,0.12917360235676828,0,drift,0.008094214976522032,0.8952171241558612,88,vm_fail,0.012154782213981126,0.012154782213981126,0,Chooser (cheaper of the two)|n100 m10 mixed lam=1.0|609
h13_event_gamma,Chooser (cheaper of the two),n100 m10 mixed lam=1.0,mixed,100,10,610,20000,4000,0.03785538673400879,0.008918877279033004,0.10709985579048426,0.3233560814309735,1.0997827664450206,21.5,0.215,1.375,0.3233560814309735,1.0,,0.008918877279033004,0.008918877279033004,0,churn,0.01532185004756007,0.01532185004756007,0,drift,0.004137992481254339,0.887779425864758,88,vm_fail,0.038879441315374116,0.038879441315374116,0,vm_add,0.06176498488750872,0.06176498488750872,0,vm_fail,0.038879441315374116,0.038879441315374116,0,vm_fail,0.01697171028621133,0.01697171028621133,0,drift,0.6732144120139127,0.6732144120139127,0,drift,0.007629013976678608,0.8540373857170885,84,Chooser (cheaper of the two)|n100 m10 mixed lam=1.0|610
h13_event_gamma,H12 swarm (c = 1),n100 m10 mixed lam=1.0,mixed,100,10,601,20000,4000,11.936532258987427,0.0006910863892909312,0.04445726279166173,0.1234482687841078,1.0364751125906704,6.875,0.06875,1.5,0.11694124438688233,1.0,,0.0006910863892909312,0.013107798800482165,0,drift,0.029678343303818282,0.3071939556404843,24,churn,0.013616537955253487,0.016220655647291353,0,vm_add,0.062423291523453994,0.1796965201511298,11,drift,0.16715806472149705,0.2565263597916871,7,drift,0.03216479823664358,0.17638235136294944,13,churn,0.012056696539422115,0.012309464142271688,0,churn,0.024928834279764528,0.02562530776360794,0,vm_fail,0.01363153577344079,0.013631535773440792,0,H12 swarm (c = 1)|n100 m10 mixed lam=1.0|601
h13_event_gamma,H12 swarm (c = 1),n100 m10 mixed lam=1.0,mixed,100,10,602,20000,4000,12.201716661453247,0.0004921075407164687,0.08181616441760166,0.1860722187678804,1.0730569793331342,8.375,0.08375,2.25,0.17211318543170034,1.0,,0.0004921075407164687,0.0239080648063383,0,drift,0.015851872864181823,0.24021686260398276,18,vm_add,0.02681838863143626,0.18106972727592496,14,vm_add,0.03943379492689162,0.22962870621944256,14,vm_fail,0.03532867377350097,0.03532867377350096,0,vm_fail,0.02078160218726184,0.020781602187261845,0,vm_add,0.08439953689802773,0.1277755183739489,4,vm_add,0.20008463222066503,0.3097006875389435,8,vm_add,0.23183081383884804,0.34407597217003777,9,H12 swarm (c = 1)|n100 m10 mixed lam=1.0|602
h13_event_gamma,H12 swarm (c = 1),n100 m10 mixed lam=1.0,mixed,100,10,603,20000,4000,12.138135194778442,0.0008334994675289358,0.11867332157362005,0.16805595747079727,1.1074292893434219,3.875,0.03875,4.125,0.16431443973289528,1.0,,0.0008334994675289358,0.009161062079556146,0,vm_add,0.016935779404501285,0.07724929058637503,5,vm_add,0.17281755014944106,0.21991955279018585,4,drift,0.2833751463797536,0.4432154223074314,12,vm_fail,0.2381312123121468,0.2381312123121468,0,vm_fail,0.054568548007693216,0.05456854800769322,0,vm_add,0.13364436732428406,0.2614496647514053,10,vm_fail,0.03992443955445761,0.03992443955445761,0,vm_fail,0.009989529456682848,0.009989529456682847,0,H12 swarm (c = 1)|n100 m10 mixed lam=1.0|603
h13_event_gamma,H12 swarm (c = 1),n100 m10 mixed lam=1.0,mixed,100,10,604,20000,4000,12.250827074050903,0.0008614391877108207,0.07134019833068472,0.1639212503057155,1.062757953712702,7.375,0.07562500000000001,2.25,0.15316811676847164,1.0,,0.0008614391877108207,0.02310671613892095,0,vm_add,0.19943254524976461,0.25513893290829237,4,vm_fail,0.00786944157226409,0.007869441572264088,0,churn,0.016430372267400302,0.016430372267400305,0,drift,0.22435798280355884,0.3788228150425294,12,churn,0.011351290192693252,0.10483860866062437,6,vm_add,0.020046956613842436,0.17435082611819616,14,drift,0.06472890902974036,0.2374367312871371,13,vm_add,0.02650408891621385,0.13648227458928025,10,H12 swarm (c = 1)|n100 m10 mixed lam=1.0|604
h13_event_gamma,H12 swarm (c = 1),n100 m10 mixed lam=1.0,mixed,100,10,605,20000,4000,12.038669109344482,0.0008015564668455525,0.030678663004148572,0.15957965045409198,1.0231232515271516,10.25,0.10288903061224491,1.375,0.1371454724348604,1.0,,0.0008015564668455525,0.014997820392013443,0,vm_fail,0.01994584545146677,0.05422424726395916,3,drift,0.05503659220343102,0.2486121928370593,17,vm_add,0.019432852962226497,0.19973188710865647,15,drift,0.03203014184581798,0.1873218786966309,13,vm_fail,0.016903594138049892,0.016903594138049895,0,drift,0.011024562447705381,0.2743413483764865,22,drift,0.08218437135798462,0.26637272539838,11,churn,0.008871343626506436,0.02912932981351353,1,H12 swarm (c = 1)|n100 m10 mixed lam=1.0|605
h13_event_gamma,H12 swarm (c = 1),n100 m10 mixed lam=1.0,mixed,100,10,606,20000,4000,12.528695583343506,0.0011341750938532132,0.044714457111876584,0.1331178396295023,1.038025992918034,7.25,0.07250000000000001,5.125,0.12183115770379423,1.0,,0.0011341750938532132,0.006629112996451638,0,vm_fail,0.007675184067408944,0.0076751840674089454,0,vm_fail,0.014107882029040605,0.014469875061586295,0,vm_add,0.04422804293431107,0.15211942530720682,10,drift,0.01940854440023868,0.2386328061701849,18,vm_add,0.08985962719726913,0.2742693834842127,14,vm_fail,0.006217529920793845,0.006217529920793845,0,vm_add,0.0491193075967576,0.1037513458344164,5,vm_add,0.1270995387491928,0.2678071671902084,11,H12 swarm (c = 1)|n100 m10 mixed lam=1.0|606
h13_event_gamma,H12 swarm (c = 1),n100 m10 mixed lam=1.0,mixed,100,10,607,20000,4000,12.036802053451538,0.0004911222434193251,0.07868085626692775,0.14874886293778716,1.0704548337098911,5.25,0.052500000000000005,5.25,0.13907966350861217,1.0,,0.0004911222434193251,0.008204047167754537,0,churn,0.06739078635944228,0.06739078635944226,0,vm_fail,0.01654767897435352,0.016547678974353525,0,vm_fail,0.009416438173727445,0.017465481700777795,0,vm_add,0.1916890133694485,0.31012879900847656,9,vm_add,0.11185645868290055,0.3757755387959308,20,vm_fail,0.04193852759930709,0.04193852759930709,0,churn,0.009322139332817843,0.010780181856568921,0,vm_add,0.1812858076434248,0.34996390920744025,13,H12 swarm (c = 1)|n100 m10 mixed lam=1.0|607
h13_event_gamma,H12 swarm (c = 1),n100 m10 mixed lam=1.0,mixed,100,10,608,20000,4000,11.895618677139282,0.0006756984310903283,0.06383607713759612,0.19086763622781233,1.0550032858266056,10.5,0.10500000000000001,2.25,0.17440016492475316,1.0,,0.0006756984310903283,0.013619621398387863,0,drift,0.018232019818560007,0.1740517230020639,13,drift,0.016168862895745553,0.3141198205300709,25,drift,0.049307128107520484,0.23348718368153087,16,vm_add,0.059152546988791514,0.19417041737122268,11,vm_add,0.202306317835665,0.2974397927592711,7,vm_fail,0.05032505605235817,0.05032505605235818,0,vm_add,0.07952467568700113,0.22767508671085393,12,vm_fail,0.035672009715127115,0.03567200971512712,0,H12 swarm (c = 1)|n100 m10 mixed lam=1.0|608
h13_event_gamma,H12 swarm (c = 1),n100 m10 mixed lam=1.0,mixed,100,10,609,20000,4000,11.620934247970581,0.00025655863405486156,0.04866143352920215,0.2375003234797896,1.0410686303830425,14.75,0.1475,3.25,0.20402519115873677,1.0,,0.00025655863405486156,0.010364632278111527,0,drift,0.022288342658538372,0.27858327918940695,22,drift,0.08211520528941608,0.44987856979087787,26,drift,0.12799795693011926,0.49393849797453676,24,vm_fail,0.0961673410130557,0.09616734101305568,0,vm_fail,0.011819054752681128,0.011819054752681126,0,vm_add,0.023367948994051275,0.17381258748620176,14,drift,0.008330155480483105,0.3783925582235973,32,vm_fail,0.017205463115272258,0.017410699407959633,0,H12 swarm (c = 1)|n100 m10 mixed lam=1.0|609
h13_event_gamma,H12 swarm (c = 1),n100 m10 mixed lam=1.0,mixed,100,10,610,20000,4000,12.038932085037231,0.00036567805905041053,0.017041061707374607,0.13039295886358676,1.0104976147218026,9.0,0.09002551020408164,2.0,0.10814422772076727,1.0,,0.00036567805905041053,0.0068499866289539755,0,churn,0.027065589285689563,0.027626667256207185,0,drift,0.010092233177227386,0.32722853248377237,25,vm_fail,0.027835851073080904,0.0278358510730809,0,vm_add,0.011691940300467055,0.16371113500633397,13,vm_fail,0.01874142717750084,0.033129180414564585,1,vm_fail,0.011265042160471564,0.011335578285865674,0,drift,0.007632336075667665,0.27654632318757605,20,drift,0.022004074408891863,0.1757304032012933,13,H12 swarm (c = 1)|n100 m10 mixed lam=1.0|610
h13_event_gamma,"H12 swarm, c = 0 after every change",n100 m10 mixed lam=1.0,mixed,100,10,601,20000,4000,10.480957269668579,0.0006910863892909312,0.041426303980052405,0.12717322571776069,1.0334567880584768,6.125,0.06173295454545455,1.5,0.10704139764473972,1.0,,0.0006910863892909312,0.013107798800482165,0,drift,0.13919555974522343,0.31384938345034696,12,churn,0.009488200711029085,0.02293222605591406,1,vm_add,0.05013089273217024,0.12772521448279933,6,drift,0.0456398853455187,0.22509765919281594,12,drift,0.03305412821459003,0.2527552654244698,17,churn,0.024230717680905636,0.03095526125180928,0,churn,0.018125300127638355,0.021008893511600176,0,vm_fail,0.011545747283343745,0.023061902372329832,1,"H12 swarm, c = 0 after every change|n100 m10 mixed lam=1.0|601"
h13_event_gamma,"H12 swarm, c = 0 after every change",n100 m10 mixed lam=1.0,mixed,100,10,602,20000,4000,10.503597736358643,0.0004921075407164687,0.06853346356271958,0.17290616364826006,1.059864568685907,9.0,0.09002525252525254,2.0,0.16479492545835522,1.0,,0.0004921075407164687,0.0239080648063383,0,drift,0.004369638497483186,0.2678842078047772,23,vm_add,0.023357324481869318,0.129855160689229,10,vm_add,0.03624882040725161,0.11932061346982968,8,vm_fail,0.02318412853058648,0.023184128530586476,0,vm_fail,0.0251139533396197,0.047506122869421526,2,vm_add,0.07167938379992593,0.13652364199052858,6,vm_add,0.2161045456004632,0.3014697158667294,7,vm_add,0.14820991384455723,0.35750571796497865,16,"H12 swarm, c = 0 after every change|n100 m10 mixed lam=1.0|602"
h13_event_gamma,"H12 swarm, c = 0 after every change",n100 m10 mixed lam=1.0,mixed,100,10,603,20000,4000,10.78812837600708,0.0008334994675289358,0.0670381525005984,0.12143506370438381,1.0563801681516696,4.25,0.0425,3.125,0.11313476882972666,1.0,,0.0008334994675289358,0.009161062079556146,0,vm_add,0.016935779404501285,0.11793367751788884,9,vm_add,0.17281755014944106,0.23183941097088817,4,drift,0.07890700519046663,0.28406072923547604,17,vm_fail,0.04013132036290768,0.04013132036290768,0,vm_fail,0.018803505108902253,0.021129894161277397,0,vm_add,0.17304543995659716,0.2407208575546611,4,vm_fail,0.011975235561025028,0.011975235561025024,0,vm_fail,0.023689384270946134,0.02368938427094613,0,"H12 swarm, c = 0 after every change|n100 m10 mixed lam=1.0|603"
h13_event_gamma,"H12 swarm, c = 0 after every change",n100 m10 mixed lam=1.0,mixed,100,10,604,20000,4000,10.167278289794922,0.0008614391877108207,0.04396073264935555,0.12215832379937003,1.0356195954562977,6.25,0.0625,2.25,0.10885040341326727,1.0,,0.0008614391877108207,0.02310671613892095,0,vm_add,0.19943254524976461,0.24035590771649737,3,vm_fail,0.005446892878065637,0.005446892878065636,0,churn,0.016430372267400302,0.016430372267400305,0,drift,0.022673042163230975,0.2363352671659472,17,churn,0.0052301043299166974,0.005462996528978162,0,vm_add,0.026098906642275696,0.15263364649010938,11,drift,0.03049211771666819,0.2135934456247623,15,vm_add,0.0458818799475223,0.10700806172319996,4,"H12 swarm, c = 0 after every change|n100 m10 mixed lam=1.0|604"
h13_event_gamma,"H12 swarm, c = 0 after every change",n100 m10 mixed lam=1.0,mixed,100,10,605,20000,4000,10.128326416015625,0.0008015564668455525,0.04065223331471893,0.1477607562684867,1.03299752256755,7.625,0.07640971606033717,1.25,0.12131234439625048,1.0,,0.0008015564668455525,0.014997820392013443,0,vm_fail,0.027205798630820656,0.050742323509836346,2,drift,0.027029757745827103,0.18059595529692177,10,vm_add,0.03933599999111188,0.17326116052434243,9,drift,0.05820029670343938,0.1991521865091513,11,vm_fail,0.024604009590683543,0.03969393499345211,1,drift,0.08814374881700479,0.2870604174751664,15,drift,0.05625918591359176,0.24665280037096238,13,churn,0.004439069125272329,0.0049272714680609975,0,"H12 swarm, c = 0 after every change|n100 m10 mixed lam=1.0|605"
h13_event_gamma,"H12 swarm, c = 0 after every change",n100 m10 mixed lam=1.0,mixed,100,10,606,20000,4000,10.53517746925354,0.0011341750938532132,0.034543904189078975,0.11214445960144365,1.0279395623470657,6.625,0.06625,5.375,0.10360758133341794,1.0,,0.0011341750938532132,0.006629112996451638,0,vm_fail,0.007675184067408944,0.0076751840674089454,0,vm_fail,0.014107882029040605,0.014725399555147959,0,vm_add,0.04326224746272761,0.10078341000196114,5,drift,0.004851696269809421,0.20589072826043162,18,vm_add,0.0446872423016739,0.20293880632791145,12,vm_fail,0.004983310528540623,0.008971475569202416,0,vm_add,0.05035083949469322,0.14537329815810193,9,vm_add,0.10643283135873743,0.2107973748713837,9,"H12 swarm, c = 0 after every change|n100 m10 mixed lam=1.0|606"
h13_event_gamma,"H12 swarm, c = 0 after every change",n100 m10 mixed lam=1.0,mixed,100,10,607,20000,4000,9.986384630203247,0.0004911222434193251,0.049565580583844304,0.10376613943109288,1.0415301153665881,4.125,0.04125,5.125,0.09279452657242884,1.0,,0.0004911222434193251,0.008204047167754537,0,churn,0.06739078635944228,0.06739078635944226,0,vm_fail,0.01654767897435352,0.016547678974353525,0,vm_fail,0.009156632476992926,0.011764120500158019,0,vm_add,0.011263910458684545,0.24763437734423158,21,vm_add,0.013535973956782485,0.13703760182441682,7,vm_fail,0.02026836777809684,0.020268367778096836,0,churn,0.007988723958848688,0.00798872395884869,0,vm_add,0.25037257070755314,0.3214974587091952,5,"H12 swarm, c = 0 after every change|n100 m10 mixed lam=1.0|607"
h13_event_gamma,"H12 swarm, c = 0 after every change",n100 m10 mixed lam=1.0,mixed,100,10,608,20000,4000,10.42103624343872,0.0006756984310903283,0.08579040202278973,0.1843809131152093,1.0767257189233683,7.875,0.07875,2.125,0.1704188136312442,1.0,,0.0006756984310903283,0.013619621398387863,0,drift,0.05457846616400458,0.17520418502129884,10,drift,0.09596836167734378,0.3150385640267511,16,drift,0.033309229490931715,0.22224514135280535,16,vm_add,0.0385553608251804,0.16419458188682354,11,vm_add,0.1749726670569097,0.2507207296422236,6,vm_fail,0.028523408540299153,0.028523408540299153,0,vm_add,0.15363954875316693,0.21234452077699106,4,vm_fail,0.1067761736744816,0.10677617367448158,0,"H12 swarm, c = 0 after every change|n100 m10 mixed lam=1.0|608"
h13_event_gamma,"H12 swarm, c = 0 after every change",n100 m10 mixed lam=1.0,mixed,100,10,609,20000,4000,10.440121412277222,0.00025655863405486156,0.14853532690139085,0.3435299941701311,1.1402038613977163,13.25,0.13458843329253367,3.5,0.3040253316941097,1.0,,0.00025655863405486156,0.010364632278111527,0,drift,0.08459214913344971,0.3103595141771895,18,drift,0.21895698168293168,0.530612669799154,21,drift,0.4936554539247758,0.7742518191153074,14,vm_fail,0.3026162423670932,0.43221565694301756,7,vm_fail,0.015306240711771833,0.15966589762204247,8,vm_add,0.011909618744576784,0.1607182245050276,13,drift,0.04649251904496528,0.3656627615977474,25,vm_fail,0.014753409601562616,0.014753409601562613,0,"H12 swarm, c = 0 after every change|n100 m10 mixed lam=1.0|609"
h13_event_gamma,"H12 swarm, c = 0 after every change",n100 m10 mixed lam=1.0,mixed,100,10,610,20000,4000,10.498062133789062,0.00036567805905041053,0.01617627990485514,0.12113920384595404,1.009645267615696,7.875,0.07880102040816327,2.25,0.09562269095145642,1.0,,0.00036567805905041053,0.0068499866289539755,0,churn,0.027065589285689563,0.027618824224021423,0,drift,0.008957325778785668,0.2999103511979057,24,vm_fail,0.039296910148881994,0.039296910148881994,0,vm_add,0.023634950697752437,0.12666399223692687,6,vm_fail,0.015179199293256706,0.03725933446241665,2,vm_fail,0.006772077563045509,0.006828243695633805,0,drift,0.0038892198828848553,0.3033367260010054,20,drift,0.004614966588544388,0.12819924880084052,11,"H12 swarm, c = 0 after every change|n100 m10 mixed lam=1.0|610"
h13_event_gamma,"H12 swarm, event-aware gamma",n100 m10 mixed lam=1.0,mixed,100,10,601,20000,4000,10.77899432182312,0.0006910863892909312,0.04227353247434451,0.11410499148698951,1.0342923592589455,5.5,0.0553125,1.25,0.10123930142255669,1.0,,0.0006910863892909312,0.013107798800482165,0,drift,0.13919555974522343,0.31384938345034696,12,churn,0.009488200711029085,0.02293222605591406,1,vm_add,0.05013089273217024,0.1337766293492356,6,drift,0.03940369358242293,0.2038635407437047,13,drift,0.03561456814781152,0.16582126306528036,12,churn,0.01446523953644022,0.017340471663905885,0,churn,0.01488982448652792,0.020256136714397757,0,vm_fail,0.03500028085313071,0.03500028085313071,0,"H12 swarm, event-aware gamma|n100 m10 mixed lam=1.0|601"
h13_event_gamma,"H12 swarm, event-aware gamma",n100 m10 mixed lam=1.0,mixed,100,10,602,20000,4000,11.834287166595459,0.0004921075407164687,0.07862243847287463,0.17787469352293023,1.0698989025238057,8.25,0.08252525252525253,2.0,0.1666544442712829,1.0,,0.0004921075407164687,0.0239080648063383,0,drift,0.004369638497483186,0.2678842078047772,23,vm_add,0.02559952743320393,0.12326255174601519,8,vm_add,0.036553421153724217,0.18666142988412573,12,vm_fail,0.0344854770600998,0.0372795353033758,0,vm_fail,0.026798145313369163,0.05098785337538296,2,vm_add,0.08351637568682167,0.13903588948328907,5,vm_add,0.17095064455212142,0.2948792314064485,10,vm_add,0.2467062780861737,0.3230068491800273,6,"H12 swarm, event-aware gamma|n100 m10 mixed lam=1.0|602"
h13_event_gamma,"H12 swarm, event-aware gamma",n100 m10 mixed lam=1.0,mixed,100,10,603,20000,4000,10.898128271102905,0.0008334994675289358,0.07096585098884116,0.1197631231688529,1.0602549336065863,3.625,0.036409574468085106,3.375,0.11082947131735271,1.0,,0.0008334994675289358,0.009161062079556146,0,vm_add,0.016935779404501285,0.07724929058637503,5,vm_add,0.17281755014944106,0.21991955279018585,4,drift,0.10512439839895649,0.3349809749347756,17,vm_fail,0.06616449212469953,0.06616449212469955,0,vm_fail,0.010904586631872387,0.010904586631872387,0,vm_add,0.17130979271365618,0.20241606429785253,1,vm_fail,0.010904586631872387,0.010904586631872387,0,vm_fail,0.013565621855729989,0.0355654373531899,2,"H12 swarm, event-aware gamma|n100 m10 mixed lam=1.0|603"
h13_event_gamma,"H12 swarm, event-aware gamma",n100 m10 mixed lam=1.0,mixed,100,10,604,20000,4000,11.01596212387085,0.0008614391877108207,0.05623914094170056,0.14638286966280042,1.0477760611755886,7.0,0.07,2.25,0.13059594457147905,1.0,,0.0008614391877108207,0.02310671613892095,0,vm_add,0.19943254524976461,0.25513893290829237,4,vm_fail,0.00786944157226409,0.007869441572264088,0,churn,0.016430372267400302,0.016430372267400305,0,drift,0.011966471608495123,0.2891111683929221,19,churn,0.003717920704848176,0.003782773061984039,0,vm_add,0.04489434457823628,0.12608336933691225,7,drift,0.08448528076856443,0.21445918338463857,11,vm_add,0.08111675078403142,0.2581877163779897,15,"H12 swarm, event-aware gamma|n100 m10 mixed lam=1.0|604"
h13_event_gamma,"H12 swarm, event-aware gamma",n100 m10 mixed lam=1.0,mixed,100,10,605,20000,4000,10.890639543533325,0.0008015564668455525,0.07164888899247426,0.17268933203698686,1.0638034104996037,7.5,0.07598165227629514,1.375,0.15302043336858054,1.0,,0.0008015564668455525,0.014997820392013443,0,vm_fail,0.027205798630820656,0.050742323509836346,2,drift,0.027029757745827103,0.18059595529692177,10,vm_add,0.1278873142794781,0.1645420822006046,3,drift,0.22058647123318953,0.3331392710580614,8,vm_fail,0.04117231918123757,0.10392936355788221,5,drift,0.014081235756683519,0.2415489186188385,19,drift,0.11162233204037947,0.290371933927811,12,churn,0.0036058830721781045,0.0166448081259391,1,"H12 swarm, event-aware gamma|n100 m10 mixed lam=1.0|605"
h13_event_gamma,"H12 swarm, event-aware gamma",n100 m10 mixed lam=1.0,mixed,100,10,606,20000,4000,11.359912157058716,0.0011341750938532132,0.03340388446369137,0.11265579179310775,1.0268444196675754,6.625,0.06625,5.0,0.10240647806123034,1.0,,0.0011341750938532132,0.006629112996451638,0,vm_fail,0.007675184067408944,0.0076751840674089454,0,vm_fail,0.014107882029040605,0.014725399555147959,0,vm_add,0.03761469486176945,0.11540746186333255,7,drift,0.02245521292056492,0.20091385260910363,14,vm_add,0.10225624376350818,0.20539099783921846,9,vm_fail,0.009419482506607051,0.01166687422168998,0,vm_add,0.05279390774787049,0.12730148721740855,7,vm_add,0.020908467812761344,0.21816507697155188,16,"H12 swarm, event-aware gamma|n100 m10 mixed lam=1.0|606"
h13_event_gamma,"H12 swarm, event-aware gamma",n100 m10 mixed lam=1.0,mixed,100,10,607,20000,4000,11.341431617736816,0.0004911222434193251,0.03380247596428445,0.11538781439134166,1.025938838676542,7.375,0.07375,5.25,0.11063715882374676,1.0,,0.0004911222434193251,0.008204047167754537,0,churn,0.06739078635944228,0.06739078635944226,0,vm_fail,0.01654767897435352,0.016547678974353525,0,vm_fail,0.009156632476992926,0.011764120500158019,0,vm_add,0.014876600353779695,0.27807681434393144,25,vm_add,0.03035982305868527,0.24046931387269652,19,vm_fail,0.022793411759224086,0.022793411759224086,0,churn,0.008028565357773963,0.008497261615116023,0,vm_add,0.10126630937402385,0.2775631277058114,15,"H12 swarm, event-aware gamma|n100 m10 mixed lam=1.0|607"
h13_event_gamma,"H12 swarm, event-aware gamma",n100 m10 mixed lam=1.0,mixed,100,10,608,20000,4000,11.28441333770752,0.0006756984310903283,0.08851472902754022,0.1921856182791563,1.0794286247450184,8.5,0.085,2.0,0.18045648646716148,1.0,,0.0006756984310903283,0.013619621398387863,0,drift,0.05457846616400458,0.17520418502129884,10,drift,0.09596836167734378,0.3150385640267511,16,drift,0.033309229490931715,0.22224514135280535,16,vm_add,0.046805380945893156,0.18118946109389447,12,vm_add,0.1749726670569097,0.2831063057482796,9,vm_fail,0.028523408540299153,0.028523408540299153,0,vm_add,0.16055225130032766,0.21876981340530993,5,vm_fail,0.11340806704461201,0.113408067044612,0,"H12 swarm, event-aware gamma|n100 m10 mixed lam=1.0|608"
h13_event_gamma,"H12 swarm, event-aware gamma",n100 m10 mixed lam=1.0,mixed,100,10,609,20000,4000,10.499121904373169,0.00025655863405486156,0.14656112674561672,0.3294421860960709,1.1382472619460908,12.5,0.12708843329253366,3.875,0.2937190293387307,1.0,,0.00025655863405486156,0.010364632278111527,0,drift,0.08459214913344971,0.3103595141771895,18,drift,0.21895698168293168,0.530612669799154,21,drift,0.4936554539247758,0.7742518191153074,14,vm_fail,0.3026162423670932,0.43221565694301756,7,vm_fail,0.015306240711771833,0.15966589762204247,8,vm_add,0.017241938306487847,0.17499246717473876,14,drift,0.022781617990490843,0.23610107408918457,18,vm_fail,0.017338389847932897,0.017338389847932897,0,"H12 swarm, event-aware gamma|n100 m10 mixed lam=1.0|609"
h13_event_gamma,"H12 swarm, event-aware gamma",n100 m10 mixed lam=1.0,mixed,100,10,610,20000,4000,10.86135721206665,0.00036567805905041053,0.018978535649736856,0.10784632922371148,1.0124280879458016,7.125,0.07125000000000001,2.375,0.0913048872867986,1.0,,0.00036567805905041053,0.0068499866289539755,0,churn,0.027065589285689563,0.027618824224021423,0,drift,0.008957325778785668,0.2999103511979057,24,vm_fail,0.039296910148881994,0.039296910148881994,0,vm_add,0.03347706141373483,0.16294113419203984,11,vm_fail,0.011201242700150582,0.011201242700150585,0,vm_fail,0.006020281636179082,0.0080962911280408,0,drift,0.011896470255274535,0.1769342005892451,14,drift,0.013913403979198586,0.13677167960940645,8,"H12 swarm, event-aware gamma|n100 m10 mixed lam=1.0|610"
h13_event_gamma,Chooser (cheaper of the two),n100 m10 vm_add lam=0.05,vm_add,100,10,601,20000,4000,0.03903961181640625,0.00954770683726473,0.02015283024458799,0.052546972651407696,1.0082952500949829,64.125,0.64125,0.0,0.052546972651407696,0.05,,0.00954770683726473,0.00954770683726473,0,vm_add,0.006916467312143835,0.050717333640222226,87,vm_add,0.009933933283297832,0.053866059381121316,87,vm_add,0.009338682517376665,0.05475892323065856,90,vm_add,0.008932403200347942,0.05534329374756395,92,vm_add,0.013970059913211092,0.05351489224982624,78,vm_add,0.040431646989453875,0.040431646989453875,0,vm_add,0.013776790671965177,0.05382097390350792,79,vm_add,0.0579226580689075,0.0579226580689075,0,Chooser (cheaper of the two)|n100 m10 vm_add lam=0.05|601
h13_event_gamma,Chooser (cheaper of the two),n100 m10 vm_add lam=0.05,vm_add,100,10,602,20000,4000,0.03780865669250488,0.01352893455368545,0.017007697175436185,0.05129703325705175,1.0042305427959777,67.75,0.6775,0.0,0.05129703325705175,0.05,,0.01352893455368545,0.01352893455368545,0,vm_add,0.009733736730857308,0.050627953068457014,81,vm_add,0.004961450776599136,0.05319960041387591,96,vm_add,0.012211290850519923,0.05674858764794277,88,vm_add,0.03346590486587304,0.03346590486587304,0,vm_add,0.014834964381197836,0.06354704267149539,96,vm_add,0.016550831173663065,0.06229561857647775,90,vm_add,0.029178998899222364,0.029178998899222364,0,vm_add,0.015124399725556794,0.06131255991306973,91,Chooser (cheaper of the two)|n100 m10 vm_add lam=0.05|602
h13_event_gamma,Chooser (cheaper of the two),n100 m10 vm_add lam=0.05,vm_add,100,10,603,20000,4000,0.03977227210998535,0.00991078955176043,0.01777976696548491,0.044636003980877026,1.0062225303002397,53.125,0.53125,0.0,0.044636003980877026,0.05,,0.00991078955176043,0.00991078955176043,0,vm_add,0.0031922309571879586,0.047332689119304196,88,vm_add,0.022094352695302324,0.022094352695302324,0,vm_add,0.015182685298067494,0.058835540765884306,86,vm_add,0.014043191060992546,0.0596751346587371,90,vm_add,0.02762401093178403,0.02762401093178403,0,vm_add,0.011138852554738427,0.048045420672986394,73,vm_add,0.03718847638009518,0.03718847638009518,0,vm_add,0.011774335845711305,0.05629240662292271,88,Chooser (cheaper of the two)|n100 m10 vm_add lam=0.05|603
h13_event_gamma,Chooser (cheaper of the two),n100 m10 vm_add lam=0.05,vm_add,100,10,604,20000,4000,0.041307687759399414,0.005446266044979927,0.011016696124279649,0.04956662511942667,1.0013836285433162,76.375,0.7637499999999999,0.0,0.04956662511942667,0.05,,0.005446266044979927,0.005446266044979927,0,vm_add,0.008525506657001213,0.05290062894990928,88,vm_add,0.005665212293113436,0.051925812058596615,92,vm_add,0.021491428569894378,0.021491428569894378,0,vm_add,0.00796933703897063,0.05635186521684128,96,vm_add,0.0072755394236767,0.04857383654004732,82,vm_add,0.012747126529909785,0.05578887940743103,85,vm_add,0.01453573503956303,0.06018984311634334,90,vm_add,0.00992368344210802,0.049310707096350104,78,Chooser (cheaper of the two)|n100 m10 vm_add lam=0.05|604
h13_event_gamma,Chooser (cheaper of the two),n100 m10 vm_add lam=0.05,vm_add,100,10,605,20000,4000,0.037446022033691406,0.010728903253768242,0.018579535292931687,0.04668345618680987,1.0064541528207216,55.625,0.55625,0.0,0.04668345618680987,0.05,,0.010728903253768242,0.010728903253768242,0,vm_add,0.008164576698434284,0.052019735784816196,87,vm_add,0.008251445080185051,0.052614508663713255,88,vm_add,0.009812053277969017,0.0562634077287557,92,vm_add,0.011273237137157657,0.05678053280832968,90,vm_add,0.0223551923843217,0.0223551923843217,0,vm_add,0.033932756997982136,0.033932756997982136,0,vm_add,0.01487487179901551,0.059529366158172226,88,vm_add,0.03997214896838812,0.03997214896838812,0,Chooser (cheaper of the two)|n100 m10 vm_add lam=0.05|605
h13_event_gamma,Chooser (cheaper of the two),n100 m10 vm_add lam=0.05,vm_add,100,10,606,20000,4000,0.03879117965698242,0.00868146237657879,0.015128268804348527,0.042028190294309695,1.0045320301029728,53.25,0.5325,0.0,0.042028190294309695,0.05,,0.00868146237657879,0.00868146237657879,0,vm_add,0.01056924570924719,0.056550146389017966,91,vm_add,0.025104572547924718,0.025104572547924718,0,vm_add,0.0042927812098402,0.039443028552184574,70,vm_add,0.01281948322401831,0.05687713074426322,87,vm_add,0.00970757407828774,0.052620145976615025,85,vm_add,0.022329654491720304,0.022329654491720304,0,vm_add,0.012860311376388111,0.059958315855390125,93,vm_add,0.023342527797361654,0.023342527797361654,0,Chooser (cheaper of the two)|n100 m10 vm_add lam=0.05|606
h13_event_gamma,Chooser (cheaper of the two),n100 m10 vm_add lam=0.05,vm_add,100,10,607,20000,4000,0.03909134864807129,0.011543350314852156,0.019074547777558598,0.05370437861615371,1.0054014144972316,68.25,0.6825,0.0,0.05370437861615371,0.05,,0.011543350314852156,0.011543350314852156,0,vm_add,0.034937324171276526,0.034937324171276526,0,vm_add,0.010182796072964614,0.05614611329428461,91,vm_add,0.01234216454282681,0.06042841735861122,95,vm_add,0.016350585029879922,0.06310271194125439,92,vm_add,0.016328956431588805,0.06663723977495264,99,vm_add,0.028709286426732195,0.028709286426732195,0,vm_add,0.018825153861543063,0.06263463547758936,86,vm_add,0.014920115683656828,0.05703930048452873,83,Chooser (cheaper of the two)|n100 m10 vm_add lam=0.05|607
h13_event_gamma,Chooser (cheaper of the two),n100 m10 vm_add lam=0.05,vm_add,100,10,608,20000,4000,0.04182004928588867,0.007004692944569671,0.01518704409440497,0.05366639390879779,1.002246300098078,76.0,0.76,0.0,0.05366639390879779,0.05,,0.007004692944569671,0.007004692944569671,0,vm_add,0.010338065111817165,0.051256756748845694,81,vm_add,0.0162267099339499,0.0543352115564731,75,vm_add,0.01141869491865974,0.058955373579836705,94,vm_add,0.008360241372658873,0.04819047090687903,79,vm_add,0.01427795041368657,0.061441875107923066,93,vm_add,0.03340556271206833,0.03340556271206833,0,vm_add,0.014005613965963087,0.06014286940141447,91,vm_add,0.01346351432643611,0.06160303125694192,95,Chooser (cheaper of the two)|n100 m10 vm_add lam=0.05|608
h13_event_gamma,Chooser (cheaper of the two),n100 m10 vm_add lam=0.05,vm_add,100,10,609,20000,4000,0.03835344314575195,0.012217991958425711,0.022241322236045077,0.043814563785978825,1.0122379054692583,42.75,0.4275,0.0,0.043814563785978825,0.05,,0.012217991958425711,0.012217991958425711,0,vm_add,0.00958200750397111,0.05450840683789783,89,vm_add,0.04482459379545065,0.04482459379545065,0,vm_add,0.004951511836813112,0.04364214504253033,77,vm_add,0.03948941506294626,0.03948941506294626,0,vm_add,0.01454128095062465,0.05512293218864976,80,vm_add,0.008067679620853321,0.05645492824265427,96,vm_add,0.02180816002270349,0.02180816002270349,0,vm_add,0.034665929094998015,0.034665929094998015,0,Chooser (cheaper of the two)|n100 m10 vm_add lam=0.05|609
h13_event_gamma,Chooser (cheaper of the two),n100 m10 vm_add lam=0.05,vm_add,100,10,610,20000,4000,0.03990936279296875,0.008918877279033004,0.021383878867883108,0.05592289077598869,1.006730217553001,68.0,0.68,0.0,0.05592289077598869,0.05,,0.008918877279033004,0.008918877279033004,0,vm_add,0.037068448136887144,0.037068448136887144,0,vm_add,0.011414811556444016,0.052377111424479934,81,vm_add,0.011732746192658669,0.05928418526371362,94,vm_add,0.01945069175817769,0.06583569823317488,91,vm_add,0.01626507830442898,0.0625051393672806,91,vm_add,0.02218227593509506,0.07022484290404447,94,vm_add,0.013563910085067065,0.06069463190402268,93,vm_add,0.03939306897430624,0.03939306897430624,0,Chooser (cheaper of the two)|n100 m10 vm_add lam=0.05|610
h13_event_gamma,H12 swarm (c = 1),n100 m10 vm_add lam=0.05,vm_add,100,10,601,20000,4000,12.092938661575317,0.0006910863892909312,0.015578390546891648,0.04980817283605821,1.003811181711726,36.0,0.36,0.0,0.03379066319484873,0.05,,0.0006910863892909312,0.013107798800482165,0,vm_add,0.007928487811014523,0.03222133722829359,35,vm_add,0.0059753942761632045,0.032973940160464815,37,vm_add,0.008300325380319657,0.0658645047384088,50,vm_add,0.01205573402168067,0.07254186689376078,52,vm_add,0.006865287678617035,0.03683460335620207,33,vm_add,0.018366052261823865,0.03708456814161088,30,vm_add,0.05265891418975215,0.05857256722986226,11,vm_add,0.01247692875576208,0.06237199493986249,40,H12 swarm (c = 1)|n100 m10 vm_add lam=0.05|601
h13_event_gamma,H12 swarm (c = 1),n100 m10 vm_add lam=0.05,vm_add,100,10,602,20000,4000,12.294880151748657,0.0004921075407164687,0.02381089087145073,0.061934871486206876,1.0109119576814225,45.625,0.45625000000000004,0.0,0.046928857669860415,0.05,,0.0004921075407164687,0.0239080648063383,0,vm_add,0.005906690980023997,0.035115960759996984,39,vm_add,0.008556333221875129,0.050196551577437465,55,vm_add,0.008972362991135248,0.050221631990782736,55,vm_add,0.009861086771481445,0.054469462339725994,47,vm_add,0.012590442210101672,0.06330456192029846,56,vm_add,0.10784559839337501,0.11093168021231235,5,vm_add,0.018635621617085683,0.07561683847682034,55,vm_add,0.018118990786527647,0.05562228461228065,53,H12 swarm (c = 1)|n100 m10 vm_add lam=0.05|602
h13_event_gamma,H12 swarm (c = 1),n100 m10 vm_add lam=0.05,vm_add,100,10,603,20000,4000,11.958546876907349,0.0008334994675289358,0.014043925976276343,0.04688985745082966,1.002538303232098,44.25,0.4425,0.0,0.03644887500385878,0.05,,0.0008334994675289358,0.009161062079556146,0,vm_add,0.005736531140198272,0.042015729143761726,47,vm_add,0.008071635958037126,0.03907868317565225,45,vm_add,0.010279154756885935,0.03768132593849656,42,vm_add,0.01158281551367509,0.05048657058735577,48,vm_add,0.0067177228752432,0.049810873945214676,57,vm_add,0.018487967447212424,0.0448466640865131,44,vm_add,0.038439301645390035,0.05998910725196288,29,vm_add,0.013036278473568655,0.05120990547768034,42,H12 swarm (c = 1)|n100 m10 vm_add lam=0.05|603
h13_event_gamma,H12 swarm (c = 1),n100 m10 vm_add lam=0.05,vm_add,100,10,604,20000,4000,12.328291177749634,0.0008614391877108207,0.012820714690024604,0.05342147624811961,1.0031724453501585,45.875,0.45875000000000005,0.0,0.03604685918664857,0.05,,0.0008614391877108207,0.02310671613892095,0,vm_add,0.009307254605947826,0.05095769469795808,39,vm_add,0.003099654858875334,0.04586236040667423,50,vm_add,0.016172664092039823,0.0669215275113511,53,vm_add,0.009748534010781405,0.0526070779357229,51,vm_add,0.015209825286500436,0.06308812581723446,54,vm_add,0.013650238085759044,0.04427197671556045,40,vm_add,0.01313600952342901,0.05455681236025139,44,vm_add,0.022241537056863953,0.04910623454020426,36,H12 swarm (c = 1)|n100 m10 vm_add lam=0.05|604
h13_event_gamma,H12 swarm (c = 1),n100 m10 vm_add lam=0.05,vm_add,100,10,605,20000,4000,12.388540267944336,0.0008015564668455525,0.025489995999414886,0.05831325039732199,1.0133186752930197,38.0,0.38,0.0,0.04478439130987384,0.05,,0.0008015564668455525,0.014997820392013443,0,vm_add,0.0033667872335267587,0.03514235351673858,39,vm_add,0.005558758368048333,0.03877412032158733,50,vm_add,0.005308977804194686,0.042034783003466046,49,vm_add,0.09594491779105475,0.09620777428031346,0,vm_add,0.05312509585464386,0.09814284892690875,50,vm_add,0.007681743962281256,0.058699198756017236,62,vm_add,0.018868089432311864,0.060410797993711,31,vm_add,0.014065597549257586,0.03709412637983349,23,H12 swarm (c = 1)|n100 m10 vm_add lam=0.05|605
h13_event_gamma,H12 swarm (c = 1),n100 m10 vm_add lam=0.05,vm_add,100,10,606,20000,4000,12.291151285171509,0.0011341750938532132,0.016223807383142344,0.04863473938655864,1.0056191490656607,36.0,0.36,0.0,0.03451633818668566,0.05,,0.0011341750938532132,0.006629112996451638,0,vm_add,0.012041565058208711,0.060663821877638816,38,vm_add,0.008050252288749981,0.03719415071924136,40,vm_add,0.013516049228457538,0.03948802436800982,26,vm_add,0.022908618968616474,0.04743142211776881,32,vm_add,0.013998685442946465,0.03654995087990069,38,vm_add,0.011227746655908198,0.02708656564471397,26,vm_add,0.03270613331604252,0.08043314019658564,37,vm_add,0.01534140810620888,0.06023083928861007,51,H12 swarm (c = 1)|n100 m10 vm_add lam=0.05|606
h13_event_gamma,H12 swarm (c = 1),n100 m10 vm_add lam=0.05,vm_add,100,10,607,20000,4000,12.543615579605103,0.0004911222434193251,0.015242114307652377,0.053168795316285065,1.001584646974881,41.75,0.4175,0.0,0.03642064788495506,0.05,,0.0004911222434193251,0.008204047167754537,0,vm_add,0.006825715680207237,0.031413317266843065,36,vm_add,0.005545032646200935,0.04405953268885525,41,vm_add,0.006781622129752476,0.04652296978143504,53,vm_add,0.03485361378230633,0.06582329641343058,38,vm_add,0.01092867666982689,0.07561265019872067,49,vm_add,0.011120571235005585,0.056276657053944336,46,vm_add,0.020301876565760206,0.046720677167661734,31,vm_add,0.02557980575215937,0.05892126195938984,40,H12 swarm (c = 1)|n100 m10 vm_add lam=0.05|607
h13_event_gamma,H12 swarm (c = 1),n100 m10 vm_add lam=0.05,vm_add,100,10,608,20000,4000,12.579144716262817,0.0006756984310903283,0.024769712578248802,0.0778533173523901,1.0117064601629169,42.625,0.42625,0.0,0.04648862288165044,0.05,,0.0006756984310903283,0.013619621398387863,0,vm_add,0.008143349538892255,0.029711788093220764,33,vm_add,0.005778857520680335,0.031506878662674896,28,vm_add,0.01284559474243774,0.07736638197669866,57,vm_add,0.014438374617316795,0.03732145496391342,27,vm_add,0.012734206617171702,0.10792469177212526,53,vm_add,0.01043163196785483,0.06783427230109002,55,vm_add,0.11892216619693569,0.14032702565707217,23,vm_add,0.01486351942470106,0.1308340453923256,65,H12 swarm (c = 1)|n100 m10 vm_add lam=0.05|608
h13_event_gamma,H12 swarm (c = 1),n100 m10 vm_add lam=0.05,vm_add,100,10,609,20000,4000,12.03238844871521,0.00025655863405486156,0.020734257640433407,0.04977921052874913,1.0107568121770247,37.875,0.37875000000000003,0.0,0.03993117990708883,0.05,,0.00025655863405486156,0.010364632278111527,0,vm_add,0.07937915398400659,0.08318441587664512,7,vm_add,0.011485185570087758,0.05232883097131525,51,vm_add,0.00662908160959933,0.046785719898351806,48,vm_add,0.008450525019162996,0.03751392080253121,41,vm_add,0.011690800156510812,0.04435829485822177,43,vm_add,0.013763205043060339,0.058562903706321404,51,vm_add,0.022331127411888318,0.04759090489396502,38,vm_add,0.012144982329151096,0.027908693222641483,24,H12 swarm (c = 1)|n100 m10 vm_add lam=0.05|609
h13_event_gamma,H12 swarm (c = 1),n100 m10 vm_add lam=0.05,vm_add,100,10,610,20000,4000,12.486397504806519,0.00036567805905041053,0.016324706567357884,0.06068695898040306,1.0017353166774599,44.5,0.445,0.0,0.038919510682760186,0.05,,0.00036567805905041053,0.0068499866289539755,0,vm_add,0.0040674344722802,0.04321792037854724,60,vm_add,0.008589932291542738,0.027165507471124048,24,vm_add,0.01812770446344061,0.07153506375853048,47,vm_add,0.006914919141534185,0.040324737651037314,46,vm_add,0.013866084604433717,0.04339002543276379,36,vm_add,0.017199424496113017,0.08298569657836909,60,vm_add,0.053205615990411625,0.13146915026767692,37,vm_add,0.008626537079106973,0.04540757030517562,46,H12 swarm (c = 1)|n100 m10 vm_add lam=0.05|610
h13_event_gamma,"H12 swarm, c = 0 after every change",n100 m10 vm_add lam=0.05,vm_add,100,10,601,20000,4000,10.674983263015747,0.0006910863892909312,0.012150056989280855,0.041369566528606856,1.0003845657785315,34.875,0.34875,0.0,0.029704908324037875,0.05,,0.0006910863892909312,0.013107798800482165,0,vm_add,0.004167189138900535,0.027292102458253746,37,vm_add,0.006106167361647589,0.02499783425460122,31,vm_add,0.0017018046565776784,0.07030962206121424,58,vm_add,0.005850162229638743,0.05570210599026185,43,vm_add,0.009265696411793678,0.032661370661501404,32,vm_add,0.010905545306399618,0.0320163418587808,35,vm_add,0.0076820168476268375,0.03435223723465605,39,vm_add,0.05152187396166215,0.05362491770958554,4,"H12 swarm, c = 0 after every change|n100 m10 vm_add lam=0.05|601"
h13_event_gamma,"H12 swarm, c = 0 after every change",n100 m10 vm_add lam=0.05,vm_add,100,10,602,20000,4000,10.424219131469727,0.0004921075407164687,0.0075134866839110396,0.04730808429822118,0.9948638116189081,45.0,0.45,0.0,0.030188058637040494,0.05,,0.0004921075407164687,0.0239080648063383,0,vm_add,0.005279171270432106,0.02930772295563154,40,vm_add,0.00433559159648807,0.04227446331309703,48,vm_add,0.0021375705875991548,0.03093060618595595,39,vm_add,0.00715264568352625,0.058187838735279045,48,vm_add,0.0067467134400158784,0.033299374467236784,36,vm_add,0.01850797160419937,0.0779702251072716,49,vm_add,0.009645290700643844,0.060614963358202364,50,vm_add,0.006302938588383636,0.04587948026309508,50,"H12 swarm, c = 0 after every change|n100 m10 vm_add lam=0.05|602"
h13_event_gamma,"H12 swarm, c = 0 after every change",n100 m10 vm_add lam=0.05,vm_add,100,10,603,20000,4000,10.414020776748657,0.0008334994675289358,0.025665501602315607,0.05132214290253927,1.0139947739240731,32.625,0.32625000000000004,0.0,0.04228775391784142,0.05,,0.0008334994675289358,0.009161062079556146,0,vm_add,0.004957221991930001,0.037288748594755027,44,vm_add,0.002375085451853373,0.027644594884519216,35,vm_add,0.06743493560266063,0.07041351323793917,5,vm_add,0.03225577709453036,0.07175194863867433,53,vm_add,0.016545275673576686,0.03668399408752401,31,vm_add,0.04148598869447318,0.04763258222224269,10,vm_add,0.011031595894368529,0.040849863637394325,41,vm_add,0.029238132415132095,0.07831189791726532,42,"H12 swarm, c = 0 after every change|n100 m10 vm_add lam=0.05|603"
h13_event_gamma,"H12 swarm, c = 0 after every change",n100 m10 vm_add lam=0.05,vm_add,100,10,604,20000,4000,10.267780542373657,0.0008614391877108207,0.011618454181055922,0.05524708979291383,1.0019662594567311,42.875,0.42875,0.0,0.03326785876043996,0.05,,0.0008614391877108207,0.02310671613892095,0,vm_add,0.0019401710970350248,0.03297144172562123,49,vm_add,0.0029110414436189116,0.07276997810983227,50,vm_add,0.007025626624003487,0.0386532213174406,41,vm_add,0.0025196462968191022,0.05369703879764522,60,vm_add,0.011135737128917637,0.051417699657478985,42,vm_add,0.024337479498441637,0.03732101731932891,22,vm_add,0.027458513411078102,0.10126339417628981,40,vm_add,0.015619417948533469,0.05388292723967361,39,"H12 swarm, c = 0 after every change|n100 m10 vm_add lam=0.05|604"
h13_event_gamma,"H12 swarm, c = 0 after every change",n100 m10 vm_add lam=0.05,vm_add,100,10,605,20000,4000,10.52695918083191,0.0008015564668455525,0.013101058284021801,0.045149673598312644,1.0010413760000942,36.5,0.365,0.0,0.031541925562822856,0.05,,0.0008015564668455525,0.014997820392013443,0,vm_add,0.0031718901879830854,0.02907467460494385,37,vm_add,0.0023683207222348636,0.03322881471267042,45,vm_add,0.006727239473099351,0.0752545046337118,47,vm_add,0.014933584378195194,0.0463598004067825,35,vm_add,0.010500244107646104,0.03863684838447902,38,vm_add,0.0172216858241871,0.04748583797706912,40,vm_add,0.014827225329401575,0.05189802124600753,42,vm_add,0.03505827624942714,0.03925888682083691,8,"H12 swarm, c = 0 after every change|n100 m10 vm_add lam=0.05|605"
h13_event_gamma,"H12 swarm, c = 0 after every change",n100 m10 vm_add lam=0.05,vm_add,100,10,606,20000,4000,10.771202564239502,0.0011341750938532132,0.03583085758222631,0.06705841544320293,1.0250007977697257,33.125,0.33125,0.0,0.05284391541809513,0.05,,0.0011341750938532132,0.006629112996451638,0,vm_add,0.007032044223888729,0.062121508517630424,41,vm_add,0.004948572794117144,0.030532753917833774,31,vm_add,0.004978248624123903,0.03475782248033975,40,vm_add,0.006118035755153968,0.048223385337440694,44,vm_add,0.06537779085589869,0.06756801724637554,4,vm_add,0.019434039546993024,0.050164842750454554,44,vm_add,0.09596076071507648,0.10401095543917335,10,vm_add,0.08279736814255856,0.13908803785637533,51,"H12 swarm, c = 0 after every change|n100 m10 vm_add lam=0.05|606"
h13_event_gamma,"H12 swarm, c = 0 after every change",n100 m10 vm_add lam=0.05,vm_add,100,10,607,20000,4000,10.750413417816162,0.0004911222434193251,0.032264047243666646,0.06494062200784353,1.0183279200041726,34.125,0.34125,0.0,0.0496072864883483,0.05,,0.0004911222434193251,0.008204047167754537,0,vm_add,0.0032509479069211113,0.02524156021895763,35,vm_add,0.002641152953094415,0.029786354983962603,39,vm_add,0.006289842284852702,0.07627895595076292,56,vm_add,0.05578297091709978,0.09907309163490716,43,vm_add,0.006710859345298533,0.07502853772509517,58,vm_add,0.0038179222320089837,0.0288130294306501,32,vm_add,0.06114831850391408,0.06275935390668444,3,vm_add,0.11847036380614354,0.12254409221172831,7,"H12 swarm, c = 0 after every change|n100 m10 vm_add lam=0.05|607"
h13_event_gamma,"H12 swarm, c = 0 after every change",n100 m10 vm_add lam=0.05,vm_add,100,10,608,20000,4000,10.52293348312378,0.0006756984310903283,0.02390107625686864,0.05277773255136912,1.0108542437083101,34.0,0.33999999999999997,0.0,0.04105166616728012,0.05,,0.0006756984310903283,0.013619621398387863,0,vm_add,0.0070813983837957764,0.03719034586894864,33,vm_add,0.003703373911780314,0.02854657284424143,35,vm_add,0.0054594024078609485,0.03406735796309155,43,vm_add,0.015613881804387043,0.04367399852406028,32,vm_add,0.004190595261445595,0.06993145260516297,62,vm_add,0.02196611537773415,0.03217401842088258,16,vm_add,0.009235603694850096,0.05144522062775193,49,vm_add,0.1239582392130952,0.12519289355681357,2,"H12 swarm, c = 0 after every change|n100 m10 vm_add lam=0.05|608"
h13_event_gamma,"H12 swarm, c = 0 after every change",n100 m10 vm_add lam=0.05,vm_add,100,10,609,20000,4000,10.708019971847534,0.00025655863405486156,0.024253444786858355,0.04831566671843461,1.0142508764499316,27.25,0.27249999999999996,0.0,0.03813173793139321,0.05,,0.00025655863405486156,0.010364632278111527,0,vm_add,0.07937915398400659,0.08370172699377278,8,vm_add,0.026712699499890358,0.09062003435836438,37,vm_add,0.021578096370820272,0.05389615079992307,38,vm_add,0.026945003178402354,0.04432663725429007,29,vm_add,0.007719419430581481,0.03443018771636843,35,vm_add,0.0060625403937583375,0.03593573918851256,43,vm_add,0.016676791981249283,0.020119089532583942,6,vm_add,0.00895385345615817,0.023495767903661643,22,"H12 swarm, c = 0 after every change|n100 m10 vm_add lam=0.05|609"
h13_event_gamma,"H12 swarm, c = 0 after every change",n100 m10 vm_add lam=0.05,vm_add,100,10,610,20000,4000,10.394745349884033,0.00036567805905041053,0.016549328407373744,0.047499403894320946,1.001972162851176,40.5,0.405,0.0,0.037091400250141626,0.05,,0.00036567805905041053,0.0068499866289539755,0,vm_add,0.006023912282468795,0.0370190144051347,43,vm_add,0.009939138780330755,0.03924826234458704,32,vm_add,0.01052128267348644,0.04802625185398554,49,vm_add,0.010082327188262496,0.04614984140038695,56,vm_add,0.008126922974456254,0.03850998840076583,38,vm_add,0.02142641582115394,0.06313152849437098,52,vm_add,0.02557977539818619,0.05685596779456178,40,vm_add,0.040694852140645076,0.05105437646077475,14,"H12 swarm, c = 0 after every change|n100 m10 vm_add lam=0.05|610"
h13_event_gamma,"H12 swarm, event-aware gamma",n100 m10 vm_add lam=0.05,vm_add,100,10,601,20000,4000,12.125487804412842,0.0006910863892909312,0.015578390546891648,0.04980817283605821,1.003811181711726,36.0,0.36,0.0,0.03379066319484873,0.05,,0.0006910863892909312,0.013107798800482165,0,vm_add,0.007928487811014523,0.03222133722829359,35,vm_add,0.0059753942761632045,0.032973940160464815,37,vm_add,0.008300325380319657,0.0658645047384088,50,vm_add,0.01205573402168067,0.07254186689376078,52,vm_add,0.006865287678617035,0.03683460335620207,33,vm_add,0.018366052261823865,0.03708456814161088,30,vm_add,0.05265891418975215,0.05857256722986226,11,vm_add,0.01247692875576208,0.06237199493986249,40,"H12 swarm, event-aware gamma|n100 m10 vm_add lam=0.05|601"
h13_event_gamma,"H12 swarm, event-aware gamma",n100 m10 vm_add lam=0.05,vm_add,100,10,602,20000,4000,12.408701181411743,0.0004921075407164687,0.02381089087145073,0.061934871486206876,1.0109119576814225,45.625,0.45625000000000004,0.0,0.046928857669860415,0.05,,0.0004921075407164687,0.0239080648063383,0,vm_add,0.005906690980023997,0.035115960759996984,39,vm_add,0.008556333221875129,0.050196551577437465,55,vm_add,0.008972362991135248,0.050221631990782736,55,vm_add,0.009861086771481445,0.054469462339725994,47,vm_add,0.012590442210101672,0.06330456192029846,56,vm_add,0.10784559839337501,0.11093168021231235,5,vm_add,0.018635621617085683,0.07561683847682034,55,vm_add,0.018118990786527647,0.05562228461228065,53,"H12 swarm, event-aware gamma|n100 m10 vm_add lam=0.05|602"
h13_event_gamma,"H12 swarm, event-aware gamma",n100 m10 vm_add lam=0.05,vm_add,100,10,603,20000,4000,12.455894470214844,0.0008334994675289358,0.014043925976276343,0.04688985745082966,1.002538303232098,44.25,0.4425,0.0,0.03644887500385878,0.05,,0.0008334994675289358,0.009161062079556146,0,vm_add,0.005736531140198272,0.042015729143761726,47,vm_add,0.008071635958037126,0.03907868317565225,45,vm_add,0.010279154756885935,0.03768132593849656,42,vm_add,0.01158281551367509,0.05048657058735577,48,vm_add,0.0067177228752432,0.049810873945214676,57,vm_add,0.018487967447212424,0.0448466640865131,44,vm_add,0.038439301645390035,0.05998910725196288,29,vm_add,0.013036278473568655,0.05120990547768034,42,"H12 swarm, event-aware gamma|n100 m10 vm_add lam=0.05|603"
h13_event_gamma,"H12 swarm, event-aware gamma",n100 m10 vm_add lam=0.05,vm_add,100,10,604,20000,4000,12.144487857818604,0.0008614391877108207,0.012820714690024604,0.05342147624811961,1.0031724453501585,45.875,0.45875000000000005,0.0,0.03604685918664857,0.05,,0.0008614391877108207,0.02310671613892095,0,vm_add,0.009307254605947826,0.05095769469795808,39,vm_add,0.003099654858875334,0.04586236040667423,50,vm_add,0.016172664092039823,0.0669215275113511,53,vm_add,0.009748534010781405,0.0526070779357229,51,vm_add,0.015209825286500436,0.06308812581723446,54,vm_add,0.013650238085759044,0.04427197671556045,40,vm_add,0.01313600952342901,0.05455681236025139,44,vm_add,0.022241537056863953,0.04910623454020426,36,"H12 swarm, event-aware gamma|n100 m10 vm_add lam=0.05|604"
h13_event_gamma,"H12 swarm, event-aware gamma",n100 m10 vm_add lam=0.05,vm_add,100,10,605,20000,4000,12.283897161483765,0.0008015564668455525,0.025489995999414886,0.05831325039732199,1.0133186752930197,38.0,0.38,0.0,0.04478439130987384,0.05,,0.0008015564668455525,0.014997820392013443,0,vm_add,0.0033667872335267587,0.03514235351673858,39,vm_add,0.005558758368048333,0.03877412032158733,50,vm_add,0.005308977804194686,0.042034783003466046,49,vm_add,0.09594491779105475,0.09620777428031346,0,vm_add,0.05312509585464386,0.09814284892690875,50,vm_add,0.007681743962281256,0.058699198756017236,62,vm_add,0.018868089432311864,0.060410797993711,31,vm_add,0.014065597549257586,0.03709412637983349,23,"H12 swarm, event-aware gamma|n100 m10 vm_add lam=0.05|605"
h13_event_gamma,"H12 swarm, event-aware gamma",n100 m10 vm_add lam=0.05,vm_add,100,10,606,20000,4000,12.080110549926758,0.0011341750938532132,0.016223807383142344,0.04863473938655864,1.0056191490656607,36.0,0.36,0.0,0.03451633818668566,0.05,,0.0011341750938532132,0.006629112996451638,0,vm_add,0.012041565058208711,0.060663821877638816,38,vm_add,0.008050252288749981,0.03719415071924136,40,vm_add,0.013516049228457538,0.03948802436800982,26,vm_add,0.022908618968616474,0.04743142211776881,32,vm_add,0.013998685442946465,0.03654995087990069,38,vm_add,0.011227746655908198,0.02708656564471397,26,vm_add,0.03270613331604252,0.08043314019658564,37,vm_add,0.01534140810620888,0.06023083928861007,51,"H12 swarm, event-aware gamma|n100 m10 vm_add lam=0.05|606"
h13_event_gamma,"H12 swarm, event-aware gamma",n100 m10 vm_add lam=0.05,vm_add,100,10,607,20000,4000,12.390944719314575,0.0004911222434193251,0.015242114307652377,0.053168795316285065,1.001584646974881,41.75,0.4175,0.0,0.03642064788495506,0.05,,0.0004911222434193251,0.008204047167754537,0,vm_add,0.006825715680207237,0.031413317266843065,36,vm_add,0.005545032646200935,0.04405953268885525,41,vm_add,0.006781622129752476,0.04652296978143504,53,vm_add,0.03485361378230633,0.06582329641343058,38,vm_add,0.01092867666982689,0.07561265019872067,49,vm_add,0.011120571235005585,0.056276657053944336,46,vm_add,0.020301876565760206,0.046720677167661734,31,vm_add,0.02557980575215937,0.05892126195938984,40,"H12 swarm, event-aware gamma|n100 m10 vm_add lam=0.05|607"
h13_event_gamma,"H12 swarm, event-aware gamma",n100 m10 vm_add lam=0.05,vm_add,100,10,608,20000,4000,12.398650169372559,0.0006756984310903283,0.024769712578248802,0.0778533173523901,1.0117064601629169,42.625,0.42625,0.0,0.04648862288165044,0.05,,0.0006756984310903283,0.013619621398387863,0,vm_add,0.008143349538892255,0.029711788093220764,33,vm_add,0.005778857520680335,0.031506878662674896,28,vm_add,0.01284559474243774,0.07736638197669866,57,vm_add,0.014438374617316795,0.03732145496391342,27,vm_add,0.012734206617171702,0.10792469177212526,53,vm_add,0.01043163196785483,0.06783427230109002,55,vm_add,0.11892216619693569,0.14032702565707217,23,vm_add,0.01486351942470106,0.1308340453923256,65,"H12 swarm, event-aware gamma|n100 m10 vm_add lam=0.05|608"
h13_event_gamma,"H12 swarm, event-aware gamma",n100 m10 vm_add lam=0.05,vm_add,100,10,609,20000,4000,12.412715673446655,0.00025655863405486156,0.020734257640433407,0.04977921052874913,1.0107568121770247,37.875,0.37875000000000003,0.0,0.03993117990708883,0.05,,0.00025655863405486156,0.010364632278111527,0,vm_add,0.07937915398400659,0.08318441587664512,7,vm_add,0.011485185570087758,0.05232883097131525,51,vm_add,0.00662908160959933,0.046785719898351806,48,vm_add,0.008450525019162996,0.03751392080253121,41,vm_add,0.011690800156510812,0.04435829485822177,43,vm_add,0.013763205043060339,0.058562903706321404,51,vm_add,0.022331127411888318,0.04759090489396502,38,vm_add,0.012144982329151096,0.027908693222641483,24,"H12 swarm, event-aware gamma|n100 m10 vm_add lam=0.05|609"
h13_event_gamma,"H12 swarm, event-aware gamma",n100 m10 vm_add lam=0.05,vm_add,100,10,610,20000,4000,12.316575765609741,0.00036567805905041053,0.016324706567357884,0.06068695898040306,1.0017353166774599,44.5,0.445,0.0,0.038919510682760186,0.05,,0.00036567805905041053,0.0068499866289539755,0,vm_add,0.0040674344722802,0.04321792037854724,60,vm_add,0.008589932291542738,0.027165507471124048,24,vm_add,0.01812770446344061,0.07153506375853048,47,vm_add,0.006914919141534185,0.040324737651037314,46,vm_add,0.013866084604433717,0.04339002543276379,36,vm_add,0.017199424496113017,0.08298569657836909,60,vm_add,0.053205615990411625,0.13146915026767692,37,vm_add,0.008626537079106973,0.04540757030517562,46,"H12 swarm, event-aware gamma|n100 m10 vm_add lam=0.05|610"
h13_event_gamma,Chooser (cheaper of the two),n100 m10 vm_add lam=0.2,vm_add,100,10,601,20000,4000,0.03907442092895508,0.00954770683726473,0.08733459225509671,0.13488003201351761,1.0747412037336206,23.5,0.235,0.0,0.13488003201351761,0.2,,0.00954770683726473,0.00954770683726473,0,vm_add,0.08729609704130362,0.08729609704130362,0,vm_add,0.16527828866628796,0.16527828866628796,0,vm_add,0.009338682517376665,0.203131709560713,96,vm_add,0.16929162926413244,0.16929162926413244,0,vm_add,0.013970059913211092,0.2005405509372419,92,vm_add,0.040431646989453875,0.040431646989453875,0,vm_add,0.08295599621924214,0.08295599621924214,0,vm_add,0.1301143374297659,0.1301143374297659,0,Chooser (cheaper of the two)|n100 m10 vm_add lam=0.2|601
h13_event_gamma,Chooser (cheaper of the two),n100 m10 vm_add lam=0.2,vm_add,100,10,602,20000,4000,0.03844857215881348,0.01352893455368545,0.08474328672545854,0.15531006006946269,1.0710835150646945,34.875,0.34875,0.0,0.15531006006946269,0.2,,0.01352893455368545,0.01352893455368545,0,vm_add,0.1221472790418553,0.1221472790418553,0,vm_add,0.004961450776599136,0.18786443481794007,91,vm_add,0.12937046650283598,0.12937046650283598,0,vm_add,0.15308521219164095,0.15308521219164095,0,vm_add,0.014834964381197836,0.2096832775423877,96,vm_add,0.1123024365081253,0.1123024365081253,0,vm_add,0.12612008467585697,0.12612008467585697,0,vm_add,0.015124399725556794,0.2019072892750592,92,Chooser (cheaper of the two)|n100 m10 vm_add lam=0.2|602
h13_event_gamma,Chooser (cheaper of the two),n100 m10 vm_add lam=0.2,vm_add,100,10,603,20000,4000,0.037850141525268555,0.00991078955176043,0.11740637677362241,0.16202467259579778,1.104853164228346,22.0,0.22,0.0,0.16202467259579778,0.2,,0.00991078955176043,0.00991078955176043,0,vm_add,0.16182046249731055,0.16182046249731055,0,vm_add,0.18371145321900176,0.18371145321900176,0,vm_add,0.015182685298067494,0.18979410716933495,86,vm_add,0.13793277206879778,0.13793277206879778,0,vm_add,0.15317281326109372,0.15317281326109372,0,vm_add,0.18465520204283373,0.18465520204283373,0,vm_add,0.012971915034087773,0.19530685974022338,90,vm_add,0.08980371076778645,0.08980371076778645,0,Chooser (cheaper of the two)|n100 m10 vm_add lam=0.2|603
h13_event_gamma,Chooser (cheaper of the two),n100 m10 vm_add lam=0.2,vm_add,100,10,604,20000,4000,0.038042306900024414,0.005446266044979927,0.07304874893456406,0.14131622535584307,1.0627756943742237,33.875,0.33875,0.0,0.14131622535584307,0.2,,0.005446266044979927,0.005446266044979927,0,vm_add,0.15585667634235434,0.15585667634235434,0,vm_add,0.005665212293113436,0.18065095923211508,87,vm_add,0.021491428569894378,0.021491428569894378,0,vm_add,0.1693660196458649,0.1693660196458649,0,vm_add,0.0072755394236767,0.19664334083532786,94,vm_add,0.06354295752947671,0.06354295752947671,0,vm_add,0.151268474230024,0.151268474230024,0,vm_add,0.00992368344210802,0.19170994646168737,90,Chooser (cheaper of the two)|n100 m10 vm_add lam=0.2|604
h13_event_gamma,Chooser (cheaper of the two),n100 m10 vm_add lam=0.2,vm_add,100,10,605,20000,4000,0.03829693794250488,0.010728903253768242,0.060402584577068735,0.10457704293252323,1.0477510766382214,21.875,0.21875,0.0,0.10457704293252323,0.2,,0.010728903253768242,0.010728903253768242,0,vm_add,0.09380737024738203,0.09380737024738203,0,vm_add,0.008251445080185051,0.1917532080847786,91,vm_add,0.10449158752763317,0.10449158752763317,0,vm_add,0.011273237137157657,0.18116714097620007,84,vm_add,0.0223551923843217,0.0223551923843217,0,vm_add,0.033932756997982136,0.033932756997982136,0,vm_add,0.09106385003169971,0.09106385003169971,0,vm_add,0.11804523721018846,0.11804523721018846,0,Chooser (cheaper of the two)|n100 m10 vm_add lam=0.2|605
h13_event_gamma,Chooser (cheaper of the two),n100 m10 vm_add lam=0.2,vm_add,100,10,606,20000,4000,0.03789806365966797,0.00868146237657879,0.11890327257105177,0.1424513255560102,1.1072777772394053,11.625,0.11625,0.0,0.1424513255560102,0.2,,0.00868146237657879,0.00868146237657879,0,vm_add,0.11586474896787592,0.11586474896787592,0,vm_add,0.1319145732652932,0.1319145732652932,0,vm_add,0.16984420733127634,0.16984420733127634,0,vm_add,0.01281948322401831,0.2012039071036857,93,vm_add,0.07267617167684667,0.07267617167684667,0,vm_add,0.08608540544320484,0.08608540544320484,0,vm_add,0.1749310421177508,0.1749310421177508,0,vm_add,0.1870905485421481,0.1870905485421481,0,Chooser (cheaper of the two)|n100 m10 vm_add lam=0.2|606
h13_event_gamma,Chooser (cheaper of the two),n100 m10 vm_add lam=0.2,vm_add,100,10,607,20000,4000,0.03984642028808594,0.011543350314852156,0.07365836682017783,0.11981063482234577,1.0592002981374387,22.75,0.2275,0.0,0.11981063482234577,0.2,,0.011543350314852156,0.011543350314852156,0,vm_add,0.034937324171276526,0.034937324171276526,0,vm_add,0.13060857835744755,0.13060857835744755,0,vm_add,0.01234216454282681,0.1965884384896213,91,vm_add,0.12937784674505087,0.12937784674505087,0,vm_add,0.016328956431588805,0.20130082650213782,91,vm_add,0.028709286426732195,0.028709286426732195,0,vm_add,0.08761473440031715,0.08761473440031715,0,vm_add,0.14934804348618272,0.14934804348618272,0,Chooser (cheaper of the two)|n100 m10 vm_add lam=0.2|607
h13_event_gamma,Chooser (cheaper of the two),n100 m10 vm_add lam=0.2,vm_add,100,10,608,20000,4000,0.03939390182495117,0.007004692944569671,0.05609079160773657,0.1275127925832956,1.0426115047251903,35.25,0.3525,0.0,0.1275127925832956,0.2,,0.007004692944569671,0.007004692944569671,0,vm_add,0.055863511073168594,0.055863511073168594,0,vm_add,0.10348120629152445,0.10348120629152445,0,vm_add,0.01141869491865974,0.19549689739385578,91,vm_add,0.051196278227207875,0.051196278227207875,0,vm_add,0.01427795041368657,0.20699076099228703,95,vm_add,0.03340556271206833,0.03340556271206833,0,vm_add,0.16561961489914093,0.16561961489914093,0,vm_add,0.01346351432643611,0.2080485090771118,96,Chooser (cheaper of the two)|n100 m10 vm_add lam=0.2|608
h13_event_gamma,Chooser (cheaper of the two),n100 m10 vm_add lam=0.2,vm_add,100,10,609,20000,4000,0.045784711837768555,0.012217991958425711,0.11231147924591628,0.13476808660124656,1.1014893072381864,11.125,0.11125,0.0,0.13476808660124656,0.2,,0.012217991958425711,0.012217991958425711,0,vm_add,0.09231462164828882,0.09231462164828882,0,vm_add,0.13044524603021476,0.13044524603021476,0,vm_add,0.14962399242873178,0.14962399242873178,0,vm_add,0.009285723835068883,0.18893858267771116,89,vm_add,0.041904426697964854,0.041904426697964854,0,vm_add,0.14305909704613465,0.14305909704613465,0,vm_add,0.15863957982386467,0.15863957982386467,0,vm_add,0.17321914645706185,0.17321914645706185,0,Chooser (cheaper of the two)|n100 m10 vm_add lam=0.2|609
h13_event_gamma,Chooser (cheaper of the two),n100 m10 vm_add lam=0.2,vm_add,100,10,610,20000,4000,0.03996157646179199,0.008918877279033004,0.0636921154363287,0.1336491684147462,1.0482593091424026,34.5,0.34500000000000003,0.0,0.1336491684147462,0.2,,0.008918877279033004,0.008918877279033004,0,vm_add,0.037068448136887144,0.037068448136887144,0,vm_add,0.08660513339793256,0.08660513339793256,0,vm_add,0.011732746192658669,0.19586810599972249,91,vm_add,0.1448661124716334,0.1448661124716334,0,vm_add,0.01626507830442898,0.20529038286905274,93,vm_add,0.1600424259277156,0.1600424259277156,0,vm_add,0.013563910085067065,0.2000596695407194,92,vm_add,0.03939306897430624,0.03939306897430624,0,Chooser (cheaper of the two)|n100 m10 vm_add lam=0.2|610
h13_event_gamma,H12 swarm (c = 1),n100 m10 vm_add lam=0.2,vm_add,100,10,601,20000,4000,12.53034520149231,0.0006910863892909312,0.042352169238368195,0.09590910913076209,1.0302324596965378,20.125,0.20124999999999998,0.0,0.08379474470371659,0.2,,0.0006910863892909312,0.013107798800482165,0,vm_add,0.02581985825509864,0.07914083850749559,23,vm_add,0.014755225011334961,0.09056884473849484,24,vm_add,0.024423878342743836,0.10788902847873949,34,vm_add,0.014026333176089001,0.11944354302426952,37,vm_add,0.049224626697758025,0.0689802076209314,9,vm_add,0.0577749889413576,0.08006855110032599,9,vm_add,0.09992378375295968,0.10872317402298334,4,vm_add,0.05286865972960383,0.11245868555285649,21,H12 swarm (c = 1)|n100 m10 vm_add lam=0.2|601
h13_event_gamma,H12 swarm (c = 1),n100 m10 vm_add lam=0.2,vm_add,100,10,602,20000,4000,12.01992917060852,0.0004921075407164687,0.0942699052528651,0.16829035514532384,1.0803837370417693,25.25,0.2525,0.0,0.14791263303406071,0.2,,0.0004921075407164687,0.0239080648063383,0,vm_add,0.10737942147604423,0.13671090029973554,13,vm_add,0.01770335645252844,0.12686881931618127,44,vm_add,0.016190834868027575,0.07821463542941831,27,vm_add,0.018184247469920416,0.1213559232408185,32,vm_add,0.15729616850537284,0.17439923870453636,7,vm_add,0.2580097267356447,0.27473801336325504,6,vm_add,0.10353741275349086,0.2581162785122185,43,vm_add,0.0758580737618918,0.1759190322964271,30,H12 swarm (c = 1)|n100 m10 vm_add lam=0.2|602
h13_event_gamma,H12 swarm (c = 1),n100 m10 vm_add lam=0.2,vm_add,100,10,603,20000,4000,12.16907286643982,0.0008334994675289358,0.04183596989800756,0.09224606918133693,1.0300239261324249,20.25,0.2025,0.0,0.08344563470366789,0.2,,0.0008334994675289358,0.009161062079556146,0,vm_add,0.04729439778045317,0.10642278983932915,22,vm_add,0.00549200455984102,0.103111776863337,37,vm_add,0.06892856577388586,0.08606880906443634,8,vm_add,0.00912034673414195,0.10928009618683382,37,vm_add,0.022514735185768204,0.059959259007071365,17,vm_add,0.04777427117201891,0.062443949124363386,7,vm_add,0.032699124259749364,0.09413688559197617,27,vm_add,0.10086431371820194,0.11654498777334828,7,H12 swarm (c = 1)|n100 m10 vm_add lam=0.2|603
h13_event_gamma,H12 swarm (c = 1),n100 m10 vm_add lam=0.2,vm_add,100,10,604,20000,4000,12.19907283782959,0.0008614391877108207,0.08555976272714133,0.1500490370579326,1.0753049259377376,23.625,0.23625000000000002,0.0,0.1360527673628676,0.2,,0.0008614391877108207,0.02310671613892095,0,vm_add,0.1505859792282321,0.16209564300588836,5,vm_add,0.10552145259000442,0.18756005079911112,32,vm_add,0.09341598707435,0.1810533962963146,26,vm_add,0.04798448298881223,0.15859136226119167,41,vm_add,0.14713131455017187,0.1634434688828949,7,vm_add,0.056435994103051744,0.1613478776982452,37,vm_add,0.019255118726747303,0.0947137812351734,29,vm_add,0.06414777255576104,0.09158671628464152,12,H12 swarm (c = 1)|n100 m10 vm_add lam=0.2|604
h13_event_gamma,H12 swarm (c = 1),n100 m10 vm_add lam=0.2,vm_add,100,10,605,20000,4000,12.179940462112427,0.0008015564668455525,0.05879438094367397,0.11397747192460733,1.0462437678129524,20.625,0.20625000000000002,0.0,0.10148173183168799,0.2,,0.0008015564668455525,0.014997820392013443,0,vm_add,0.08304519779025694,0.09477558901693084,5,vm_add,0.01296050219590121,0.13776792302947705,46,vm_add,0.011836360486187112,0.08741484471285421,31,vm_add,0.10277546353877169,0.10718656539292679,2,vm_add,0.11369043118018489,0.13004491643054547,7,vm_add,0.0510022319777191,0.14918635855285856,34,vm_add,0.06962990962079667,0.10437762398654107,14,vm_add,0.025414950759574194,0.10106595427472469,26,H12 swarm (c = 1)|n100 m10 vm_add lam=0.2|605
h13_event_gamma,H12 swarm (c = 1),n100 m10 vm_add lam=0.2,vm_add,100,10,606,20000,4000,12.044377088546753,0.0011341750938532132,0.046675031670246676,0.1040805471023894,1.0357258591981549,21.625,0.21625,0.0,0.09092158243262616,0.2,,0.0011341750938532132,0.006629112996451638,0,vm_add,0.01333637537222404,0.09661741549021992,31,vm_add,0.011806460112690802,0.10236364593044821,38,vm_add,0.042711941852984325,0.05105363738780821,4,vm_add,0.10351435062364137,0.11238621594673513,4,vm_add,0.025795763888314054,0.1255597594384757,35,vm_add,0.03865089370087259,0.06808110452061217,13,vm_add,0.12299512947767821,0.13197909051349965,4,vm_add,0.014589338333568042,0.1446035075913163,44,H12 swarm (c = 1)|n100 m10 vm_add lam=0.2|606
h13_event_gamma,H12 swarm (c = 1),n100 m10 vm_add lam=0.2,vm_add,100,10,607,20000,4000,12.193493843078613,0.0004911222434193251,0.09763878900073358,0.16207792830931445,1.0827579313000837,23.25,0.23249999999999998,0.0,0.1469473079469476,0.2,,0.0004911222434193251,0.008204047167754537,0,vm_add,0.02313152659152476,0.06724098836419286,21,vm_add,0.05072466798023882,0.11064785008888585,23,vm_add,0.0068173150879566055,0.10212262502929376,41,vm_add,0.12171688711426022,0.13758005335151846,6,vm_add,0.2765633926373818,0.29203670091875295,6,vm_add,0.24073885155285055,0.2969394116280944,20,vm_add,0.029922468253342376,0.2097550903625827,48,vm_add,0.031495202788313595,0.08030070673119448,21,H12 swarm (c = 1)|n100 m10 vm_add lam=0.2|607
h13_event_gamma,H12 swarm (c = 1),n100 m10 vm_add lam=0.2,vm_add,100,10,608,20000,4000,12.186201572418213,0.0006756984310903283,0.09412119538430352,0.15730187810069446,1.0800974018734533,21.25,0.2125,0.0,0.13993614015552464,0.2,,0.0006756984310903283,0.013619621398387863,0,vm_add,0.04897078442659539,0.06874245120677361,9,vm_add,0.09573329088939095,0.10450533624785993,4,vm_add,0.020091597284606497,0.10599221303458159,35,vm_add,0.027929082454215347,0.11490118241103411,33,vm_add,0.09143088846803063,0.15387533077394636,20,vm_add,0.1036627694412985,0.1568445219243062,20,vm_add,0.23762511830789315,0.25339140700943946,6,vm_add,0.12752603180239774,0.30016258219761427,43,H12 swarm (c = 1)|n100 m10 vm_add lam=0.2|608
h13_event_gamma,H12 swarm (c = 1),n100 m10 vm_add lam=0.2,vm_add,100,10,609,20000,4000,12.426166296005249,0.00025655863405486156,0.04461958785479432,0.09387248575974241,1.0344206449700302,20.375,0.20375000000000004,0.0,0.08668455931636859,0.2,,0.00025655863405486156,0.010364632278111527,0,vm_add,0.07937915398400659,0.08889030130002581,4,vm_add,0.01593771151765045,0.08850776899824918,28,vm_add,0.014687387507016545,0.09712103720906115,33,vm_add,0.021633123352562945,0.08988382408814341,28,vm_add,0.01866052362892082,0.078524229124083,27,vm_add,0.09406716725466416,0.12259767563586291,13,vm_add,0.05135592783117389,0.09345869518634597,16,vm_add,0.06123570776235914,0.09199635453616793,14,H12 swarm (c = 1)|n100 m10 vm_add lam=0.2|609
h13_event_gamma,H12 swarm (c = 1),n100 m10 vm_add lam=0.2,vm_add,100,10,610,20000,4000,12.412586450576782,0.00036567805905041053,0.04528490830109144,0.10929420514963498,1.0303287581829723,25.625,0.25625,0.0,0.09837035198752733,0.2,,0.00036567805905041053,0.0068499866289539755,0,vm_add,0.020644345648303447,0.10770486774023477,41,vm_add,0.023240710093249333,0.07551823090346486,16,vm_add,0.013076924535288293,0.08765901072833523,33,vm_add,0.05133819266806705,0.0989639145871635,21,vm_add,0.029194015668164784,0.10129324547046367,26,vm_add,0.019130860131754825,0.11521139351527253,37,vm_add,0.11095949864409502,0.14224720386344297,13,vm_add,0.09469471901980878,0.14575577438870238,18,H12 swarm (c = 1)|n100 m10 vm_add lam=0.2|610
h13_event_gamma,"H12 swarm, c = 0 after every change",n100 m10 vm_add lam=0.2,vm_add,100,10,601,20000,4000,10.698506832122803,0.0006910863892909312,0.03937353493336389,0.09054577167204036,1.0273371038130774,19.875,0.19874999999999998,0.0,0.08026340867303304,0.2,,0.0006910863892909312,0.013107798800482165,0,vm_add,0.07699741506426225,0.09888119821800269,10,vm_add,0.010371156505324665,0.08016551312414832,27,vm_add,0.01765029072355074,0.12535737048221077,38,vm_add,0.013961414892886867,0.08923600782399058,30,vm_add,0.04192171768412279,0.07030326385074283,12,vm_add,0.040444061247293835,0.07495543099484737,11,vm_add,0.07611802232394337,0.093676063946519,8,vm_add,0.03752420102552659,0.09179132493586134,23,"H12 swarm, c = 0 after every change|n100 m10 vm_add lam=0.2|601"
h13_event_gamma,"H12 swarm, c = 0 after every change",n100 m10 vm_add lam=0.2,vm_add,100,10,602,20000,4000,10.524090766906738,0.0004921075407164687,0.1088083825579431,0.16777300815074822,1.0946752636727426,20.375,0.20375,0.0,0.1524378182501096,0.2,,0.0004921075407164687,0.0239080648063383,0,vm_add,0.0056018929327053555,0.09302829329050535,33,vm_add,0.005369177760960687,0.09052011907132271,36,vm_add,0.12907009634289626,0.13610467250966332,3,vm_add,0.05205490683702623,0.14166837232040055,26,vm_add,0.13360201074612418,0.19091950477551037,22,vm_add,0.2284826858254993,0.25328082320902456,10,vm_add,0.11275867351909001,0.22107605456834087,28,vm_add,0.20352761649924278,0.21558622546121806,5,"H12 swarm, c = 0 after every change|n100 m10 vm_add lam=0.2|602"
h13_event_gamma,"H12 swarm, c = 0 after every change",n100 m10 vm_add lam=0.2,vm_add,100,10,603,20000,4000,10.490331172943115,0.0008334994675289358,0.08208965439946772,0.12597679500181366,1.069710460189298,16.125,0.16125,0.0,0.11656325388196331,0.2,,0.0008334994675289358,0.009161062079556146,0,vm_add,0.00541278852044225,0.06793712643087989,27,vm_add,0.01904302834918733,0.05217957622832531,14,vm_add,0.08514204747257569,0.09481746359264,4,vm_add,0.07506766305941585,0.18837745823642735,33,vm_add,0.08946576800171757,0.14163940573406056,18,vm_add,0.11734413934659693,0.1285175807400629,5,vm_add,0.14495292796362388,0.15411321156896815,4,vm_add,0.12028887248218224,0.18023253748314522,24,"H12 swarm, c = 0 after every change|n100 m10 vm_add lam=0.2|603"
h13_event_gamma,"H12 swarm, c = 0 after every change",n100 m10 vm_add lam=0.2,vm_add,100,10,604,20000,4000,10.32785701751709,0.0008614391877108207,0.06690603473629983,0.12724623511010766,1.0566403327158276,19.875,0.19875,0.0,0.10844849453108371,0.2,,0.0008614391877108207,0.02310671613892095,0,vm_add,0.08757974488950264,0.15958815946865784,26,vm_add,0.0056106810572605454,0.145094722571462,45,vm_add,0.020469541374129385,0.05507880287299821,13,vm_add,0.028537877823870794,0.10843118465432483,28,vm_add,0.019018202422618716,0.08516304267285713,24,vm_add,0.07594157741685367,0.07926081460801103,1,vm_add,0.16381126832983028,0.1707941359398092,3,vm_add,0.13427938457633257,0.214559018092741,19,"H12 swarm, c = 0 after every change|n100 m10 vm_add lam=0.2|604"
h13_event_gamma,"H12 swarm, c = 0 after every change",n100 m10 vm_add lam=0.2,vm_add,100,10,605,20000,4000,10.529390335083008,0.0008015564668455525,0.11884570951366212,0.16678607407056503,1.105497478688597,13.625,0.13625,0.0,0.1489452610826554,0.2,,0.0008015564668455525,0.014997820392013443,0,vm_add,0.08304519779025694,0.09425801197032921,5,vm_add,0.0891770892240374,0.2421959097459334,24,vm_add,0.05679044676212614,0.1254113815197073,26,vm_add,0.1510514352650968,0.15795774387668748,3,vm_add,0.15177471391765085,0.17439378537049413,9,vm_add,0.1209809866317089,0.16194668780430044,15,vm_add,0.16830166250580575,0.1829835281470949,6,vm_add,0.1296441440126141,0.19514154412997337,21,"H12 swarm, c = 0 after every change|n100 m10 vm_add lam=0.2|605"
h13_event_gamma,"H12 swarm, c = 0 after every change",n100 m10 vm_add lam=0.2,vm_add,100,10,606,20000,4000,10.250307321548462,0.0011341750938532132,0.05609909972906131,0.10897062482810052,1.0450565100303173,17.375,0.17375000000000002,0.0,0.09263865478894587,0.2,,0.0011341750938532132,0.006629112996451638,0,vm_add,0.03810147971315688,0.1195718478026635,23,vm_add,0.024809668971157675,0.06294897909351281,12,vm_add,0.033022638704373906,0.0737005182623869,14,vm_add,0.0984812802406257,0.10219281547537812,1,vm_add,0.06324794313797334,0.16035641616048849,24,vm_add,0.07037511460137717,0.0833478225214307,6,vm_add,0.07167622254944767,0.1349098781564944,26,vm_add,0.049078449914378174,0.13473672115244936,33,"H12 swarm, c = 0 after every change|n100 m10 vm_add lam=0.2|606"
h13_event_gamma,"H12 swarm, c = 0 after every change",n100 m10 vm_add lam=0.2,vm_add,100,10,607,20000,4000,10.577479124069214,0.0004911222434193251,0.10432936239675972,0.14665212849676687,1.0892733711197922,16.625,0.16625,0.0,0.14022394394815538,0.2,,0.0004911222434193251,0.008204047167754537,0,vm_add,0.022132172233585583,0.06330055321276969,19,vm_add,0.022511380908938436,0.07956312606773956,26,vm_add,0.016130204574082575,0.07508549417245561,26,vm_add,0.13342174061308992,0.13954152747519946,2,vm_add,0.1294451080657996,0.19543325258979116,26,vm_add,0.13812557709236653,0.1676855096776691,11,vm_add,0.20329636718185182,0.21125012837783122,3,vm_add,0.16957234850436323,0.24135743640067928,20,"H12 swarm, c = 0 after every change|n100 m10 vm_add lam=0.2|607"
h13_event_gamma,"H12 swarm, c = 0 after every change",n100 m10 vm_add lam=0.2,vm_add,100,10,608,20000,4000,10.410212993621826,0.0006756984310903283,0.06193881952120263,0.12558286309763025,1.0483867577681976,22.25,0.2225,0.0,0.10870769343149672,0.2,,0.0006756984310903283,0.013619621398387863,0,vm_add,0.04821428212937212,0.06895659247833649,9,vm_add,0.04948379049648159,0.09692682514355079,20,vm_add,0.05285231597495986,0.10565331975098867,22,vm_add,0.020243895431592,0.08814296156170166,24,vm_add,0.02884587849167566,0.1266381675030671,34,vm_add,0.03370372172282922,0.11377416348790734,32,vm_add,0.16232732024213448,0.1724890525412363,4,vm_add,0.0998393516805761,0.2320818223142536,33,"H12 swarm, c = 0 after every change|n100 m10 vm_add lam=0.2|608"
h13_event_gamma,"H12 swarm, c = 0 after every change",n100 m10 vm_add lam=0.2,vm_add,100,10,609,20000,4000,10.482835054397583,0.00025655863405486156,0.03813029235322232,0.08268406923479789,1.027956222749161,16.25,0.1625,0.0,0.07152401751940485,0.2,,0.00025655863405486156,0.010364632278111527,0,vm_add,0.07937915398400659,0.08972998697585782,4,vm_add,0.034715749195436824,0.12173577230171441,25,vm_add,0.01286792780738669,0.09454391798778894,32,vm_add,0.043054469085129984,0.06942816042892125,12,vm_add,0.061682842150906324,0.08033341364409345,8,vm_add,0.017892964725489065,0.11460080681042607,34,vm_add,0.02143241850486935,0.050879581476792037,12,vm_add,0.03401681337255378,0.04022091425278916,3,"H12 swarm, c = 0 after every change|n100 m10 vm_add lam=0.2|609"
h13_event_gamma,"H12 swarm, c = 0 after every change",n100 m10 vm_add lam=0.2,vm_add,100,10,610,20000,4000,10.125163793563843,0.00036567805905041053,0.09122148752796319,0.15039760957404685,1.0755140245063068,18.875,0.18875,0.0,0.1312378540680237,0.2,,0.00036567805905041053,0.0068499866289539755,0,vm_add,0.010094973970309671,0.06888557372461018,28,vm_add,0.014435992168924315,0.04620693954348357,13,vm_add,0.020515266952122222,0.1010080050981145,29,vm_add,0.15329314967549226,0.16302858859541272,4,vm_add,0.017526693546247595,0.1758492482186259,38,vm_add,0.14790098366098087,0.16434623892677566,6,vm_add,0.17218786905753072,0.2717740825348713,26,vm_add,0.1938169711920978,0.21208219995048092,7,"H12 swarm, c = 0 after every change|n100 m10 vm_add lam=0.2|610"
h13_event_gamma,"H12 swarm, event-aware gamma",n100 m10 vm_add lam=0.2,vm_add,100,10,601,20000,4000,12.914745092391968,0.0006910863892909312,0.042352169238368195,0.09590910913076209,1.0302324596965378,20.125,0.20124999999999998,0.0,0.08379474470371659,0.2,,0.0006910863892909312,0.013107798800482165,0,vm_add,0.02581985825509864,0.07914083850749559,23,vm_add,0.014755225011334961,0.09056884473849484,24,vm_add,0.024423878342743836,0.10788902847873949,34,vm_add,0.014026333176089001,0.11944354302426952,37,vm_add,0.049224626697758025,0.0689802076209314,9,vm_add,0.0577749889413576,0.08006855110032599,9,vm_add,0.09992378375295968,0.10872317402298334,4,vm_add,0.05286865972960383,0.11245868555285649,21,"H12 swarm, event-aware gamma|n100 m10 vm_add lam=0.2|601"
h13_event_gamma,"H12 swarm, event-aware gamma",n100 m10 vm_add lam=0.2,vm_add,100,10,602,20000,4000,12.33357048034668,0.0004921075407164687,0.0942699052528651,0.16829035514532384,1.0803837370417693,25.25,0.2525,0.0,0.14791263303406071,0.2,,0.0004921075407164687,0.0239080648063383,0,vm_add,0.10737942147604423,0.13671090029973554,13,vm_add,0.01770335645252844,0.12686881931618127,44,vm_add,0.016190834868027575,0.07821463542941831,27,vm_add,0.018184247469920416,0.1213559232408185,32,vm_add,0.15729616850537284,0.17439923870453636,7,vm_add,0.2580097267356447,0.27473801336325504,6,vm_add,0.10353741275349086,0.2581162785122185,43,vm_add,0.0758580737618918,0.1759190322964271,30,"H12 swarm, event-aware gamma|n100 m10 vm_add lam=0.2|602"
h13_event_gamma,"H12 swarm, event-aware gamma",n100 m10 vm_add lam=0.2,vm_add,100,10,603,20000,4000,12.487580060958862,0.0008334994675289358,0.04183596989800756,0.09224606918133693,1.0300239261324249,20.25,0.2025,0.0,0.08344563470366789,0.2,,0.0008334994675289358,0.009161062079556146,0,vm_add,0.04729439778045317,0.10642278983932915,22,vm_add,0.00549200455984102,0.103111776863337,37,vm_add,0.06892856577388586,0.08606880906443634,8,vm_add,0.00912034673414195,0.10928009618683382,37,vm_add,0.022514735185768204,0.059959259007071365,17,vm_add,0.04777427117201891,0.062443949124363386,7,vm_add,0.032699124259749364,0.09413688559197617,27,vm_add,0.10086431371820194,0.11654498777334828,7,"H12 swarm, event-aware gamma|n100 m10 vm_add lam=0.2|603"
h13_event_gamma,"H12 swarm, event-aware gamma",n100 m10 vm_add lam=0.2,vm_add,100,10,604,20000,4000,12.223233699798584,0.0008614391877108207,0.08555976272714133,0.1500490370579326,1.0753049259377376,23.625,0.23625000000000002,0.0,0.1360527673628676,0.2,,0.0008614391877108207,0.02310671613892095,0,vm_add,0.1505859792282321,0.16209564300588836,5,vm_add,0.10552145259000442,0.18756005079911112,32,vm_add,0.09341598707435,0.1810533962963146,26,vm_add,0.04798448298881223,0.15859136226119167,41,vm_add,0.14713131455017187,0.1634434688828949,7,vm_add,0.056435994103051744,0.1613478776982452,37,vm_add,0.019255118726747303,0.0947137812351734,29,vm_add,0.06414777255576104,0.09158671628464152,12,"H12 swarm, event-aware gamma|n100 m10 vm_add lam=0.2|604"
h13_event_gamma,"H12 swarm, event-aware gamma",n100 m10 vm_add lam=0.2,vm_add,100,10,605,20000,4000,12.355812788009644,0.0008015564668455525,0.05879438094367397,0.11397747192460733,1.0462437678129524,20.625,0.20625000000000002,0.0,0.10148173183168799,0.2,,0.0008015564668455525,0.014997820392013443,0,vm_add,0.08304519779025694,0.09477558901693084,5,vm_add,0.01296050219590121,0.13776792302947705,46,vm_add,0.011836360486187112,0.08741484471285421,31,vm_add,0.10277546353877169,0.10718656539292679,2,vm_add,0.11369043118018489,0.13004491643054547,7,vm_add,0.0510022319777191,0.14918635855285856,34,vm_add,0.06962990962079667,0.10437762398654107,14,vm_add,0.025414950759574194,0.10106595427472469,26,"H12 swarm, event-aware gamma|n100 m10 vm_add lam=0.2|605"
h13_event_gamma,"H12 swarm, event-aware gamma",n100 m10 vm_add lam=0.2,vm_add,100,10,606,20000,4000,12.077803373336792,0.0011341750938532132,0.046675031670246676,0.1040805471023894,1.0357258591981549,21.625,0.21625,0.0,0.09092158243262616,0.2,,0.0011341750938532132,0.006629112996451638,0,vm_add,0.01333637537222404,0.09661741549021992,31,vm_add,0.011806460112690802,0.10236364593044821,38,vm_add,0.042711941852984325,0.05105363738780821,4,vm_add,0.10351435062364137,0.11238621594673513,4,vm_add,0.025795763888314054,0.1255597594384757,35,vm_add,0.03865089370087259,0.06808110452061217,13,vm_add,0.12299512947767821,0.13197909051349965,4,vm_add,0.014589338333568042,0.1446035075913163,44,"H12 swarm, event-aware gamma|n100 m10 vm_add lam=0.2|606"
h13_event_gamma,"H12 swarm, event-aware gamma",n100 m10 vm_add lam=0.2,vm_add,100,10,607,20000,4000,12.06745719909668,0.0004911222434193251,0.09763878900073358,0.16207792830931445,1.0827579313000837,23.25,0.23249999999999998,0.0,0.1469473079469476,0.2,,0.0004911222434193251,0.008204047167754537,0,vm_add,0.02313152659152476,0.06724098836419286,21,vm_add,0.05072466798023882,0.11064785008888585,23,vm_add,0.0068173150879566055,0.10212262502929376,41,vm_add,0.12171688711426022,0.13758005335151846,6,vm_add,0.2765633926373818,0.29203670091875295,6,vm_add,0.24073885155285055,0.2969394116280944,20,vm_add,0.029922468253342376,0.2097550903625827,48,vm_add,0.031495202788313595,0.08030070673119448,21,"H12 swarm, event-aware gamma|n100 m10 vm_add lam=0.2|607"
h13_event_gamma,"H12 swarm, event-aware gamma",n100 m10 vm_add lam=0.2,vm_add,100,10,608,20000,4000,12.521564722061157,0.0006756984310903283,0.09412119538430352,0.15730187810069446,1.0800974018734533,21.25,0.2125,0.0,0.13993614015552464,0.2,,0.0006756984310903283,0.013619621398387863,0,vm_add,0.04897078442659539,0.06874245120677361,9,vm_add,0.09573329088939095,0.10450533624785993,4,vm_add,0.020091597284606497,0.10599221303458159,35,vm_add,0.027929082454215347,0.11490118241103411,33,vm_add,0.09143088846803063,0.15387533077394636,20,vm_add,0.1036627694412985,0.1568445219243062,20,vm_add,0.23762511830789315,0.25339140700943946,6,vm_add,0.12752603180239774,0.30016258219761427,43,"H12 swarm, event-aware gamma|n100 m10 vm_add lam=0.2|608"
h13_event_gamma,"H12 swarm, event-aware gamma",n100 m10 vm_add lam=0.2,vm_add,100,10,609,20000,4000,11.94320273399353,0.00025655863405486156,0.04461958785479432,0.09387248575974241,1.0344206449700302,20.375,0.20375000000000004,0.0,0.08668455931636859,0.2,,0.00025655863405486156,0.010364632278111527,0,vm_add,0.07937915398400659,0.08889030130002581,4,vm_add,0.01593771151765045,0.08850776899824918,28,vm_add,0.014687387507016545,0.09712103720906115,33,vm_add,0.021633123352562945,0.08988382408814341,28,vm_add,0.01866052362892082,0.078524229124083,27,vm_add,0.09406716725466416,0.12259767563586291,13,vm_add,0.05135592783117389,0.09345869518634597,16,vm_add,0.06123570776235914,0.09199635453616793,14,"H12 swarm, event-aware gamma|n100 m10 vm_add lam=0.2|609"
h13_event_gamma,"H12 swarm, event-aware gamma",n100 m10 vm_add lam=0.2,vm_add,100,10,610,20000,4000,12.26359510421753,0.00036567805905041053,0.04528490830109144,0.10929420514963498,1.0303287581829723,25.625,0.25625,0.0,0.09837035198752733,0.2,,0.00036567805905041053,0.0068499866289539755,0,vm_add,0.020644345648303447,0.10770486774023477,41,vm_add,0.023240710093249333,0.07551823090346486,16,vm_add,0.013076924535288293,0.08765901072833523,33,vm_add,0.05133819266806705,0.0989639145871635,21,vm_add,0.029194015668164784,0.10129324547046367,26,vm_add,0.019130860131754825,0.11521139351527253,37,vm_add,0.11095949864409502,0.14224720386344297,13,vm_add,0.09469471901980878,0.14575577438870238,18,"H12 swarm, event-aware gamma|n100 m10 vm_add lam=0.2|610"
h13_event_gamma,Chooser (cheaper of the two),n100 m10 vm_add lam=1.0,vm_add,100,10,601,20000,4000,0.0377964973449707,0.00954770683726473,0.5418598560794146,0.5418598560794146,1.5232160738168032,0.0,0.0,0.0,0.5418598560794146,1.0,,0.00954770683726473,0.00954770683726473,0,vm_add,0.08729609704130362,0.08729609704130362,0,vm_add,0.16527828866628796,0.16527828866628796,0,vm_add,0.38977056169834523,0.38977056169834523,0,vm_add,0.61001169631048,0.61001169631048,0,vm_add,0.6828383165059678,0.6828383165059678,0,vm_add,0.7267553653498676,0.7267553653498676,0,vm_add,0.7973310234462161,0.7973310234462161,0,vm_add,0.8755974996168483,0.8755974996168483,0,Chooser (cheaper of the two)|n100 m10 vm_add lam=1.0|601
h13_event_gamma,Chooser (cheaper of the two),n100 m10 vm_add lam=1.0,vm_add,100,10,602,20000,4000,0.040643930435180664,0.01352893455368545,0.42327971416022897,0.5374714945918786,1.405114316716387,11.25,0.1125,0.0,0.5374714945918786,1.0,,0.01352893455368545,0.01352893455368545,0,vm_add,0.1221472790418553,0.1221472790418553,0,vm_add,0.3509038479128467,0.3509038479128467,0,vm_add,0.5181387382957054,0.5181387382957054,0,vm_add,0.5500169174821057,0.5500169174821057,0,vm_add,0.7778968773930492,0.7778968773930492,0,vm_add,0.94865086244866,0.94865086244866,0,vm_add,0.01503804828133013,0.928572291734527,90,vm_add,0.10344514242627927,0.10344514242627927,0,Chooser (cheaper of the two)|n100 m10 vm_add lam=1.0|602
h13_event_gamma,Chooser (cheaper of the two),n100 m10 vm_add lam=1.0,vm_add,100,10,603,20000,4000,0.12132692337036133,0.00991078955176043,0.3829290849175657,0.3829290849175657,1.3669595525105431,0.0,0.0,0.0,0.3829290849175657,1.0,,0.00991078955176043,0.00991078955176043,0,vm_add,0.16182046249731055,0.16182046249731055,0,vm_add,0.18371145321900176,0.18371145321900176,0,vm_add,0.26189630656080554,0.26189630656080554,0,vm_add,0.4144775940169873,0.4144775940169873,0,vm_add,0.433421328943619,0.433421328943619,0,vm_add,0.4725546895699625,0.4725546895699625,0,vm_add,0.5104916115155921,0.5104916115155921,0,vm_add,0.6250592330172464,0.6250592330172464,0,Chooser (cheaper of the two)|n100 m10 vm_add lam=1.0|603
h13_event_gamma,Chooser (cheaper of the two),n100 m10 vm_add lam=1.0,vm_add,100,10,604,20000,4000,0.04015755653381348,0.005446266044979927,0.38396128326243106,0.5006328927919809,1.3709443864558897,11.5,0.115,0.0,0.5006328927919809,1.0,,0.005446266044979927,0.005446266044979927,0,vm_add,0.15585667634235434,0.15585667634235434,0,vm_add,0.3526879868685089,0.3526879868685089,0,vm_add,0.37397532222971736,0.37397532222971736,0,vm_add,0.5728766866862398,0.5728766866862398,0,vm_add,0.7211824917620968,0.7211824917620968,0,vm_add,0.8173294655640938,0.8173294655640938,0,vm_add,0.01453573503956303,0.947908611275961,92,vm_add,0.06324590160687495,0.06324590160687495,0,Chooser (cheaper of the two)|n100 m10 vm_add lam=1.0|604
h13_event_gamma,Chooser (cheaper of the two),n100 m10 vm_add lam=1.0,vm_add,100,10,605,20000,4000,0.055336952209472656,0.010728903253768242,0.4397756965750782,0.4397756965750782,1.4221631147423912,0.0,0.0,0.0,0.4397756965750782,1.0,,0.010728903253768242,0.010728903253768242,0,vm_add,0.09380737024738203,0.09380737024738203,0,vm_add,0.2519261100229773,0.2519261100229773,0,vm_add,0.371425613594439,0.371425613594439,0,vm_add,0.49506963981380736,0.49506963981380736,0,vm_add,0.5114532384609088,0.5114532384609088,0,vm_add,0.5285695476058712,0.5285695476058712,0,vm_add,0.6130323411886351,0.6130323411886351,0,vm_add,0.6529217116666051,0.6529217116666051,0,Chooser (cheaper of the two)|n100 m10 vm_add lam=1.0|605
h13_event_gamma,Chooser (cheaper of the two),n100 m10 vm_add lam=1.0,vm_add,100,10,606,20000,4000,0.03815484046936035,0.00868146237657879,0.27676828238705,0.27676828238705,1.2633372735590136,0.0,0.0,0.0,0.27676828238705,1.0,,0.00868146237657879,0.00868146237657879,0,vm_add,0.11586474896787592,0.11586474896787592,0,vm_add,0.1319145732652932,0.1319145732652932,0,vm_add,0.16984420733127634,0.16984420733127634,0,vm_add,0.2439727014725097,0.2439727014725097,0,vm_add,0.3174903299040256,0.3174903299040256,0,vm_add,0.3339599190354616,0.3339599190354616,0,vm_add,0.4430825697138101,0.4430825697138101,0,vm_add,0.4580172094061473,0.4580172094061473,0,Chooser (cheaper of the two)|n100 m10 vm_add lam=1.0|606
h13_event_gamma,Chooser (cheaper of the two),n100 m10 vm_add lam=1.0,vm_add,100,10,607,20000,4000,0.03915977478027344,0.011543350314852156,0.4680027052411259,0.4680027052411259,1.4473864490161537,0.0,0.0,0.0,0.4680027052411259,1.0,,0.011543350314852156,0.011543350314852156,0,vm_add,0.034937324171276526,0.034937324171276526,0,vm_add,0.13060857835744755,0.13060857835744755,0,vm_add,0.28211611712710777,0.28211611712710777,0,vm_add,0.4303400474206777,0.4303400474206777,0,vm_add,0.6296433549506506,0.6296433549506506,0,vm_add,0.6494947252978259,0.6494947252978259,0,vm_add,0.7439472854192943,0.7439472854192943,0,vm_add,0.8429342091847271,0.8429342091847271,0,Chooser (cheaper of the two)|n100 m10 vm_add lam=1.0|607
h13_event_gamma,Chooser (cheaper of the two),n100 m10 vm_add lam=1.0,vm_add,100,10,608,20000,4000,0.03803563117980957,0.007004692944569671,0.4216266094962327,0.4216266094962327,1.403320816193117,0.0,0.0,0.0,0.4216266094962327,1.0,,0.007004692944569671,0.007004692944569671,0,vm_add,0.055863511073168594,0.055863511073168594,0,vm_add,0.10348120629152445,0.10348120629152445,0,vm_add,0.251558475011273,0.251558475011273,0,vm_add,0.30078039641275955,0.30078039641275955,0,vm_add,0.49762966896534494,0.49762966896534494,0,vm_add,0.5258724989143143,0.5258724989143143,0,vm_add,0.7210928397772232,0.7210928397772232,0,vm_add,0.9167342795242535,0.9167342795242535,0,Chooser (cheaper of the two)|n100 m10 vm_add lam=1.0|608
h13_event_gamma,Chooser (cheaper of the two),n100 m10 vm_add lam=1.0,vm_add,100,10,609,20000,4000,0.04003405570983887,0.012217991958425711,0.23540109989655872,0.23540109989655872,1.2232880409980977,0.0,0.0,0.0,0.23540109989655872,1.0,,0.012217991958425711,0.012217991958425711,0,vm_add,0.09231462164828882,0.09231462164828882,0,vm_add,0.13044524603021476,0.13044524603021476,0,vm_add,0.14962399242873178,0.14962399242873178,0,vm_add,0.18913396055084739,0.18913396055084739,0,vm_add,0.22756510686291515,0.22756510686291515,0,vm_add,0.3467448900884936,0.3467448900884936,0,vm_add,0.36510171487580617,0.36510171487580617,0,vm_add,0.382279266687172,0.382279266687172,0,Chooser (cheaper of the two)|n100 m10 vm_add lam=1.0|609
h13_event_gamma,Chooser (cheaper of the two),n100 m10 vm_add lam=1.0,vm_add,100,10,610,20000,4000,0.046301841735839844,0.008918877279033004,0.3798279207932798,0.5033201491043879,1.359225790181131,12.25,0.1225,0.0,0.5033201491043879,1.0,,0.008918877279033004,0.008918877279033004,0,vm_add,0.037068448136887144,0.037068448136887144,0,vm_add,0.08660513339793256,0.08660513339793256,0,vm_add,0.2533423923706809,0.2533423923706809,0,vm_add,0.41826904165072487,0.41826904165072487,0,vm_add,0.5292183749471179,0.5292183749471179,0,vm_add,0.7455664189569766,0.7455664189569766,0,vm_add,0.9604537339380979,0.9604537339380979,0,vm_add,0.008099822947820912,0.9960376494366854,98,Chooser (cheaper of the two)|n100 m10 vm_add lam=1.0|610
h13_event_gamma,H12 swarm (c = 1),n100 m10 vm_add lam=1.0,vm_add,100,10,601,20000,4000,12.118511438369751,0.0006910863892909312,0.3118529962374517,0.40462745669536515,1.296298287957721,6.875,0.06875,0.0,0.39991644864434495,1.0,,0.0006910863892909312,0.013107798800482165,0,vm_add,0.07688359472339204,0.17840658381480118,9,vm_add,0.08225858409347904,0.1941040092648175,10,vm_add,0.28617653234852153,0.3426810821511327,4,vm_add,0.38016731003268495,0.49716444463759507,8,vm_add,0.3721845138241532,0.5127699444644735,10,vm_add,0.40521488788148974,0.46142348339674927,4,vm_add,0.41986012233127545,0.5055335038161657,6,vm_add,0.47207842466461764,0.5449366020171862,4,H12 swarm (c = 1)|n100 m10 vm_add lam=1.0|601
h13_event_gamma,H12 swarm (c = 1),n100 m10 vm_add lam=1.0,vm_add,100,10,602,20000,4000,12.351110219955444,0.0004921075407164687,0.3866364257894672,0.5202738501402671,1.3687590667892373,9.25,0.0925,0.0,0.5100283377257784,1.0,,0.0004921075407164687,0.0239080648063383,0,vm_add,0.10737942147604423,0.24116257656676518,12,vm_add,0.20858522118128814,0.35317967886934376,11,vm_add,0.3272878456370139,0.4373867959652524,8,vm_add,0.2661819980796479,0.5018486938797823,17,vm_add,0.4445919333681852,0.5024996249419873,4,vm_add,0.5646889486589013,0.6419261390808457,4,vm_add,0.5252514646125084,0.7682304870997144,14,vm_add,0.6491245733021489,0.7159568047184455,4,H12 swarm (c = 1)|n100 m10 vm_add lam=1.0|602
h13_event_gamma,H12 swarm (c = 1),n100 m10 vm_add lam=1.0,vm_add,100,10,603,20000,4000,12.481614589691162,0.0008334994675289358,0.29513074383289994,0.38131185007366275,1.280260839251318,6.0,0.060000000000000005,0.0,0.371183989565005,1.0,,0.0008334994675289358,0.009161062079556146,0,vm_add,0.15122247754491464,0.21625709938754445,4,vm_add,0.18910169882362168,0.37976525621631246,14,vm_add,0.24994411029111896,0.33535673065487015,6,vm_add,0.3101960258574514,0.4481934493179966,9,vm_add,0.3116206644353604,0.35134754835276183,3,vm_add,0.3302186070900959,0.3967441562271006,5,vm_add,0.3584714118373282,0.4264953381297589,5,vm_add,0.4602709547833085,0.49633522230295696,2,H12 swarm (c = 1)|n100 m10 vm_add lam=1.0|603
h13_event_gamma,H12 swarm (c = 1),n100 m10 vm_add lam=1.0,vm_add,100,10,604,20000,4000,11.952464818954468,0.0008614391877108207,0.29904337841736134,0.42713393787740556,1.286538109108235,9.125,0.09125,0.0,0.41154874809259,1.0,,0.0008614391877108207,0.02310671613892095,0,vm_add,0.15032004110600872,0.20800711573319375,5,vm_add,0.338744799148607,0.44686305398595527,8,vm_add,0.1869604317471579,0.6130365203216224,29,vm_add,0.16262520540751293,0.37668585361553897,16,vm_add,0.26648259871037255,0.345565884780837,6,vm_add,0.33614920004193277,0.3859629520120696,3,vm_add,0.44636043141050946,0.4760576300125664,2,vm_add,0.5047043197667895,0.5648924925574612,4,H12 swarm (c = 1)|n100 m10 vm_add lam=1.0|604
h13_event_gamma,H12 swarm (c = 1),n100 m10 vm_add lam=1.0,vm_add,100,10,605,20000,4000,12.642892360687256,0.0008015564668455525,0.2758122874628762,0.3680834164310737,1.260639020781536,6.625,0.06625,0.0,0.3602579162021303,1.0,,0.0008015564668455525,0.014997820392013443,0,vm_add,0.08417259333730996,0.13862412383311726,5,vm_add,0.23845729576946267,0.3004832250143846,5,vm_add,0.35666510071650664,0.42449835575233213,5,vm_add,0.3466648460136536,0.4546316964310669,7,vm_add,0.350895950037052,0.3966996427131507,3,vm_add,0.3330671332668155,0.4530501686218292,9,vm_add,0.28267173494332887,0.4158707489113244,9,vm_add,0.21390364561888053,0.36080937017138437,10,H12 swarm (c = 1)|n100 m10 vm_add lam=1.0|605
h13_event_gamma,H12 swarm (c = 1),n100 m10 vm_add lam=1.0,vm_add,100,10,606,20000,4000,12.13406229019165,0.0011341750938532132,0.10502884158135072,0.21956526554792996,1.0934492922295762,9.375,0.09375,0.0,0.20818807535303135,1.0,,0.0011341750938532132,0.006629112996451638,0,vm_add,0.10719750414788067,0.1848119679556872,7,vm_add,0.0375206395025443,0.21487778987311007,16,vm_add,0.050164093696308684,0.1622842250707336,10,vm_add,0.1031894104392894,0.1647588718277973,5,vm_add,0.10820874394150642,0.23043610920608426,11,vm_add,0.08285705764070007,0.1643413707794556,7,vm_add,0.17143860401950786,0.21843660301842646,3,vm_add,0.17965467926306836,0.41657518665214516,16,H12 swarm (c = 1)|n100 m10 vm_add lam=1.0|606
h13_event_gamma,H12 swarm (c = 1),n100 m10 vm_add lam=1.0,vm_add,100,10,607,20000,4000,12.534230470657349,0.0004911222434193251,0.26410492396336566,0.39401972096475957,1.2466440085107307,9.75,0.0975,0.0,0.38278460329563496,1.0,,0.0004911222434193251,0.008204047167754537,0,vm_add,0.022132172233585583,0.24934790428821754,22,vm_add,0.11062707246244846,0.17958113406947804,6,vm_add,0.17693317933097877,0.2913177451788007,8,vm_add,0.3068589065919509,0.3610728578698033,4,vm_add,0.4817962439097007,0.5615451417685232,5,vm_add,0.31114033930651397,0.6207832739732039,21,vm_add,0.3581082546006584,0.4431189722040968,5,vm_add,0.3452432232710886,0.44539073836595283,7,H12 swarm (c = 1)|n100 m10 vm_add lam=1.0|607
h13_event_gamma,H12 swarm (c = 1),n100 m10 vm_add lam=1.0,vm_add,100,10,608,20000,4000,12.579094886779785,0.0006756984310903283,0.3005592222912229,0.4047639307796931,1.2838821007502608,7.125,0.07125,0.0,0.394775673017067,1.0,,0.0006756984310903283,0.013619621398387863,0,vm_add,0.04922744034243074,0.14545344935422544,8,vm_add,0.0962776290916005,0.15109151054618056,5,vm_add,0.24224161653823767,0.3044102263695092,5,vm_add,0.2483716467702094,0.3270927663565914,5,vm_add,0.4340432549655273,0.47706455261449315,3,vm_add,0.3794646596302656,0.5235951822482466,9,vm_add,0.4334867788607613,0.6431406898183009,13,vm_add,0.5213607521307506,0.666263068929997,9,H12 swarm (c = 1)|n100 m10 vm_add lam=1.0|608
h13_event_gamma,H12 swarm (c = 1),n100 m10 vm_add lam=1.0,vm_add,100,10,609,20000,4000,12.59060001373291,0.00025655863405486156,0.12646644159985385,0.2076641715186042,1.1154337823804261,6.75,0.0675,0.0,0.2009118004171791,1.0,,0.00025655863405486156,0.010364632278111527,0,vm_add,0.07937915398400659,0.1490721389013069,6,vm_add,0.11705130149263916,0.1844975050751871,6,vm_add,0.06374461277506172,0.2102079329243832,13,vm_add,0.05565061922690967,0.20509114726443847,12,vm_add,0.08846250651048941,0.142885631836014,5,vm_add,0.18747107284650708,0.24807732931561668,5,vm_add,0.20365691367253994,0.22056660096867486,1,vm_add,0.21631535229067722,0.3009150858632124,6,H12 swarm (c = 1)|n100 m10 vm_add lam=1.0|609
h13_event_gamma,H12 swarm (c = 1),n100 m10 vm_add lam=1.0,vm_add,100,10,610,20000,4000,12.434091806411743,0.00036567805905041053,0.3092680347608079,0.4302051994493727,1.2904286769834927,8.25,0.08249999999999999,0.0,0.41708863712410843,1.0,,0.00036567805905041053,0.0068499866289539755,0,vm_add,0.029903406219135745,0.18543841719127896,13,vm_add,0.07715455342312635,0.1314107925832498,3,vm_add,0.23547780130335597,0.3097365856372158,6,vm_add,0.28606563137642105,0.43919676340729813,10,vm_add,0.33748183675058396,0.44524703635572943,8,vm_add,0.42136425789612597,0.5842344944897243,11,vm_add,0.5841272743278609,0.6832977908073137,6,vm_add,0.5025695167898528,0.6630797151231718,9,H12 swarm (c = 1)|n100 m10 vm_add lam=1.0|610
h13_event_gamma,"H12 swarm, c = 0 after every change",n100 m10 vm_add lam=1.0,vm_add,100,10,601,20000,4000,10.249489068984985,0.0006910863892909312,0.29054294595175667,0.37473076895950685,1.2752262196086712,6.375,0.06375,0.0,0.3689076013879533,1.0,,0.0006910863892909312,0.013107798800482165,0,vm_add,0.07699741506426225,0.18555677618851538,9,vm_add,0.03242468396008843,0.1640411396094987,12,vm_add,0.22396387849423907,0.2852573794604611,5,vm_add,0.40815131169427044,0.4561274554128392,3,vm_add,0.4061281392733957,0.4980359393461076,6,vm_add,0.3360860965618128,0.49525707111519107,11,vm_add,0.3901139472144403,0.4179296817684513,2,vm_add,0.4504780953515446,0.4956407087749903,3,"H12 swarm, c = 0 after every change|n100 m10 vm_add lam=1.0|601"
h13_event_gamma,"H12 swarm, c = 0 after every change",n100 m10 vm_add lam=1.0,vm_add,100,10,602,20000,4000,10.483706712722778,0.0004921075407164687,0.4467743761470606,0.5471906427161259,1.4281688663795795,6.5,0.065,0.0,0.537502694679163,1.0,,0.0004921075407164687,0.0239080648063383,0,vm_add,0.10720515297853929,0.2410759512760968,11,vm_add,0.32591934237912296,0.3677193467114959,3,vm_add,0.3465197496899498,0.5065509708000281,11,vm_add,0.3398250568860155,0.44326402965448847,6,vm_add,0.5336425999385427,0.5797005673849914,3,vm_add,0.5950110968174345,0.7372227700761654,8,vm_add,0.5936353220910341,0.7311665115635542,8,vm_add,0.7324366883958461,0.7708249942621876,2,"H12 swarm, c = 0 after every change|n100 m10 vm_add lam=1.0|602"
h13_event_gamma,"H12 swarm, c = 0 after every change",n100 m10 vm_add lam=1.0,vm_add,100,10,603,20000,4000,10.550747156143188,0.0008334994675289358,0.2113572209986399,0.2873256874208086,1.1975735988854805,6.0,0.06,0.0,0.28327142722078136,1.0,,0.0008334994675289358,0.009161062079556146,0,vm_add,0.15133357442643117,0.21046214845402358,5,vm_add,0.17158383756869913,0.26544811409550967,8,vm_add,0.13750529888264573,0.25060402144742505,9,vm_add,0.20283254237360718,0.3235158009419794,9,vm_add,0.21488967218232394,0.26348525906961695,4,vm_add,0.22857577477406735,0.2947429466311565,5,vm_add,0.2530113004006625,0.30395737797467565,4,vm_add,0.33112576738068233,0.38638983075208205,4,"H12 swarm, c = 0 after every change|n100 m10 vm_add lam=1.0|603"
h13_event_gamma,"H12 swarm, c = 0 after every change",n100 m10 vm_add lam=1.0,vm_add,100,10,604,20000,4000,10.372183799743652,0.0008614391877108207,0.46400040851816204,0.5594565943242596,1.4498273300745996,5.25,0.052500000000000005,0.0,0.5418192370875881,1.0,,0.0008614391877108207,0.02310671613892095,0,vm_add,0.15032004110600872,0.18956773717809208,3,vm_add,0.34595860558035935,0.4087719474155915,4,vm_add,0.3598127096935392,0.4318264063719365,3,vm_add,0.5520018585262559,0.6252219422580314,4,vm_add,0.47111777625008733,0.7004017410513544,14,vm_add,0.5494382385211883,0.6004992713815459,3,vm_add,0.6755946288183998,0.734113501840012,3,vm_add,0.6077594096494577,0.7852502070975131,8,"H12 swarm, c = 0 after every change|n100 m10 vm_add lam=1.0|604"
h13_event_gamma,"H12 swarm, c = 0 after every change",n100 m10 vm_add lam=1.0,vm_add,100,10,605,20000,4000,10.350055932998657,0.0008015564668455525,0.36041510476106575,0.4198741896187468,1.3439480452414103,4.0,0.04,0.0,0.41552533868258135,1.0,,0.0008015564668455525,0.014997820392013443,0,vm_add,0.08305818786129668,0.10020999821730729,1,vm_add,0.23916634534756587,0.30415308662319285,5,vm_add,0.34375747306637433,0.41930318065171307,5,vm_add,0.464907014525518,0.46961135682996885,0,vm_add,0.40446868094223704,0.5239304199626669,8,vm_add,0.40412579382305813,0.4607091054927168,4,vm_add,0.48092947816110404,0.5402010579387274,4,vm_add,0.4629078643613717,0.5408753112336809,5,"H12 swarm, c = 0 after every change|n100 m10 vm_add lam=1.0|605"
h13_event_gamma,"H12 swarm, c = 0 after every change",n100 m10 vm_add lam=1.0,vm_add,100,10,606,20000,4000,10.718916654586792,0.0011341750938532132,0.14055512710021253,0.2092324438165986,1.1285757723571153,5.5,0.055,0.0,0.2026919188058524,1.0,,0.0011341750938532132,0.006629112996451638,0,vm_add,0.10738447488535376,0.18490138812732865,7,vm_add,0.12224503357786308,0.20572902445765945,7,vm_add,0.05143335495283734,0.16278870548530486,8,vm_add,0.10887584174618005,0.15360759635360885,4,vm_add,0.15927123282741645,0.20933545416211388,4,vm_add,0.1421633122441846,0.20162389400453393,5,vm_add,0.22486385196874803,0.25140135255672424,2,vm_add,0.20820391459911688,0.304472135385515,7,"H12 swarm, c = 0 after every change|n100 m10 vm_add lam=1.0|606"
h13_event_gamma,"H12 swarm, c = 0 after every change",n100 m10 vm_add lam=1.0,vm_add,100,10,607,20000,4000,10.809251070022583,0.0004911222434193251,0.42681062536625647,0.49833737922420396,1.406807148675818,4.125,0.04125000000000001,0.0,0.4825850349312081,1.0,,0.0004911222434193251,0.008204047167754537,0,vm_add,0.02349749327252693,0.18571299824710738,11,vm_add,0.11661969778488071,0.153787409602982,3,vm_add,0.2658697287442991,0.3023513769233634,2,vm_add,0.40506131821546404,0.4336947647760672,2,vm_add,0.5978333388005564,0.642921585714647,2,vm_add,0.6028258470566263,0.7202202561659798,7,vm_add,0.6900003658966729,0.7173740521916202,1,vm_add,0.7127772131590252,0.8306365901718644,5,"H12 swarm, c = 0 after every change|n100 m10 vm_add lam=1.0|607"
h13_event_gamma,"H12 swarm, c = 0 after every change",n100 m10 vm_add lam=1.0,vm_add,100,10,608,20000,4000,10.47081208229065,0.0006756984310903283,0.22925481554452132,0.32849298246582037,1.213623710198625,7.375,0.07375000000000001,0.0,0.31664929969694455,1.0,,0.0006756984310903283,0.013619621398387863,0,vm_add,0.04844993564175039,0.13332886956564224,8,vm_add,0.09573329088939095,0.12765800770736394,2,vm_add,0.24224161653823767,0.2614635398918403,1,vm_add,0.29109711984210845,0.3171456109321803,0,vm_add,0.1818152762072516,0.45204621241641035,20,vm_add,0.1865831068685225,0.4450900987455306,21,vm_add,0.32116417112190565,0.3923853917583549,5,vm_add,0.4669540072470034,0.49882612870924026,2,"H12 swarm, c = 0 after every change|n100 m10 vm_add lam=1.0|608"
h13_event_gamma,"H12 swarm, c = 0 after every change",n100 m10 vm_add lam=1.0,vm_add,100,10,609,20000,4000,10.541622877120972,0.00025655863405486156,0.11927389994723152,0.19610649507507577,1.108324857051179,6.25,0.0625,0.0,0.18850631800685658,1.0,,0.00025655863405486156,0.010364632278111527,0,vm_add,0.07937246322768629,0.16049365772564658,7,vm_add,0.06508330695984797,0.15284393415218356,7,vm_add,0.06565497638275124,0.1886177910278433,11,vm_add,0.09069919414533036,0.134616485860807,4,vm_add,0.09306120056040436,0.1696321638633526,6,vm_add,0.1873246826012652,0.24066549878228885,3,vm_add,0.19792618214593818,0.2343177275277959,3,vm_add,0.1750691935546286,0.2876647016606884,9,"H12 swarm, c = 0 after every change|n100 m10 vm_add lam=1.0|609"
h13_event_gamma,"H12 swarm, c = 0 after every change",n100 m10 vm_add lam=1.0,vm_add,100,10,610,20000,4000,10.435050249099731,0.00036567805905041053,0.4038458960418929,0.46198944313608303,1.3837327833827924,4.0,0.04000000000000001,0.0,0.45548417862253565,1.0,,0.00036567805905041053,0.0068499866289539755,0,vm_add,0.0280487058153896,0.15713915452950616,12,vm_add,0.07715455342312635,0.09010863666401182,1,vm_add,0.23349314910948238,0.2665505481667706,2,vm_add,0.32742024317042395,0.42697840150739597,7,vm_add,0.3891573614161995,0.454426613697806,4,vm_add,0.585690101859293,0.6089932344432768,1,vm_add,0.7737696672533801,0.8212045682034134,2,vm_add,0.816033386287848,0.8705143878764836,3,"H12 swarm, c = 0 after every change|n100 m10 vm_add lam=1.0|610"
h13_event_gamma,"H12 swarm, event-aware gamma",n100 m10 vm_add lam=1.0,vm_add,100,10,601,20000,4000,12.236267328262329,0.0006910863892909312,0.3118529962374517,0.40462745669536515,1.296298287957721,6.875,0.06875,0.0,0.39991644864434495,1.0,,0.0006910863892909312,0.013107798800482165,0,vm_add,0.07688359472339204,0.17840658381480118,9,vm_add,0.08225858409347904,0.1941040092648175,10,vm_add,0.28617653234852153,0.3426810821511327,4,vm_add,0.38016731003268495,0.49716444463759507,8,vm_add,0.3721845138241532,0.5127699444644735,10,vm_add,0.40521488788148974,0.46142348339674927,4,vm_add,0.41986012233127545,0.5055335038161657,6,vm_add,0.47207842466461764,0.5449366020171862,4,"H12 swarm, event-aware gamma|n100 m10 vm_add lam=1.0|601"
h13_event_gamma,"H12 swarm, event-aware gamma",n100 m10 vm_add lam=1.0,vm_add,100,10,602,20000,4000,12.173102140426636,0.0004921075407164687,0.3866364257894672,0.5202738501402671,1.3687590667892373,9.25,0.0925,0.0,0.5100283377257784,1.0,,0.0004921075407164687,0.0239080648063383,0,vm_add,0.10737942147604423,0.24116257656676518,12,vm_add,0.20858522118128814,0.35317967886934376,11,vm_add,0.3272878456370139,0.4373867959652524,8,vm_add,0.2661819980796479,0.5018486938797823,17,vm_add,0.4445919333681852,0.5024996249419873,4,vm_add,0.5646889486589013,0.6419261390808457,4,vm_add,0.5252514646125084,0.7682304870997144,14,vm_add,0.6491245733021489,0.7159568047184455,4,"H12 swarm, event-aware gamma|n100 m10 vm_add lam=1.0|602"
h13_event_gamma,"H12 swarm, event-aware gamma",n100 m10 vm_add lam=1.0,vm_add,100,10,603,20000,4000,11.83573842048645,0.0008334994675289358,0.29513074383289994,0.38131185007366275,1.280260839251318,6.0,0.060000000000000005,0.0,0.371183989565005,1.0,,0.0008334994675289358,0.009161062079556146,0,vm_add,0.15122247754491464,0.21625709938754445,4,vm_add,0.18910169882362168,0.37976525621631246,14,vm_add,0.24994411029111896,0.33535673065487015,6,vm_add,0.3101960258574514,0.4481934493179966,9,vm_add,0.3116206644353604,0.35134754835276183,3,vm_add,0.3302186070900959,0.3967441562271006,5,vm_add,0.3584714118373282,0.4264953381297589,5,vm_add,0.4602709547833085,0.49633522230295696,2,"H12 swarm, event-aware gamma|n100 m10 vm_add lam=1.0|603"
h13_event_gamma,"H12 swarm, event-aware gamma",n100 m10 vm_add lam=1.0,vm_add,100,10,604,20000,4000,12.066123008728027,0.0008614391877108207,0.29904337841736134,0.42713393787740556,1.286538109108235,9.125,0.09125,0.0,0.41154874809259,1.0,,0.0008614391877108207,0.02310671613892095,0,vm_add,0.15032004110600872,0.20800711573319375,5,vm_add,0.338744799148607,0.44686305398595527,8,vm_add,0.1869604317471579,0.6130365203216224,29,vm_add,0.16262520540751293,0.37668585361553897,16,vm_add,0.26648259871037255,0.345565884780837,6,vm_add,0.33614920004193277,0.3859629520120696,3,vm_add,0.44636043141050946,0.4760576300125664,2,vm_add,0.5047043197667895,0.5648924925574612,4,"H12 swarm, event-aware gamma|n100 m10 vm_add lam=1.0|604"
h13_event_gamma,"H12 swarm, event-aware gamma",n100 m10 vm_add lam=1.0,vm_add,100,10,605,20000,4000,12.386544942855835,0.0008015564668455525,0.2758122874628762,0.3680834164310737,1.260639020781536,6.625,0.06625,0.0,0.3602579162021303,1.0,,0.0008015564668455525,0.014997820392013443,0,vm_add,0.08417259333730996,0.13862412383311726,5,vm_add,0.23845729576946267,0.3004832250143846,5,vm_add,0.35666510071650664,0.42449835575233213,5,vm_add,0.3466648460136536,0.4546316964310669,7,vm_add,0.350895950037052,0.3966996427131507,3,vm_add,0.3330671332668155,0.4530501686218292,9,vm_add,0.28267173494332887,0.4158707489113244,9,vm_add,0.21390364561888053,0.36080937017138437,10,"H12 swarm, event-aware gamma|n100 m10 vm_add lam=1.0|605"
h13_event_gamma,"H12 swarm, event-aware gamma",n100 m10 vm_add lam=1.0,vm_add,100,10,606,20000,4000,12.685992002487183,0.0011341750938532132,0.10502884158135072,0.21956526554792996,1.0934492922295762,9.375,0.09375,0.0,0.20818807535303135,1.0,,0.0011341750938532132,0.006629112996451638,0,vm_add,0.10719750414788067,0.1848119679556872,7,vm_add,0.0375206395025443,0.21487778987311007,16,vm_add,0.050164093696308684,0.1622842250707336,10,vm_add,0.1031894104392894,0.1647588718277973,5,vm_add,0.10820874394150642,0.23043610920608426,11,vm_add,0.08285705764070007,0.1643413707794556,7,vm_add,0.17143860401950786,0.21843660301842646,3,vm_add,0.17965467926306836,0.41657518665214516,16,"H12 swarm, event-aware gamma|n100 m10 vm_add lam=1.0|606"
h13_event_gamma,"H12 swarm, event-aware gamma",n100 m10 vm_add lam=1.0,vm_add,100,10,607,20000,4000,12.318427562713623,0.0004911222434193251,0.26410492396336566,0.39401972096475957,1.2466440085107307,9.75,0.0975,0.0,0.38278460329563496,1.0,,0.0004911222434193251,0.008204047167754537,0,vm_add,0.022132172233585583,0.24934790428821754,22,vm_add,0.11062707246244846,0.17958113406947804,6,vm_add,0.17693317933097877,0.2913177451788007,8,vm_add,0.3068589065919509,0.3610728578698033,4,vm_add,0.4817962439097007,0.5615451417685232,5,vm_add,0.31114033930651397,0.6207832739732039,21,vm_add,0.3581082546006584,0.4431189722040968,5,vm_add,0.3452432232710886,0.44539073836595283,7,"H12 swarm, event-aware gamma|n100 m10 vm_add lam=1.0|607"
h13_event_gamma,"H12 swarm, event-aware gamma",n100 m10 vm_add lam=1.0,vm_add,100,10,608,20000,4000,12.461331129074097,0.0006756984310903283,0.3005592222912229,0.4047639307796931,1.2838821007502608,7.125,0.07125,0.0,0.394775673017067,1.0,,0.0006756984310903283,0.013619621398387863,0,vm_add,0.04922744034243074,0.14545344935422544,8,vm_add,0.0962776290916005,0.15109151054618056,5,vm_add,0.24224161653823767,0.3044102263695092,5,vm_add,0.2483716467702094,0.3270927663565914,5,vm_add,0.4340432549655273,0.47706455261449315,3,vm_add,0.3794646596302656,0.5235951822482466,9,vm_add,0.4334867788607613,0.6431406898183009,13,vm_add,0.5213607521307506,0.666263068929997,9,"H12 swarm, event-aware gamma|n100 m10 vm_add lam=1.0|608"
h13_event_gamma,"H12 swarm, event-aware gamma",n100 m10 vm_add lam=1.0,vm_add,100,10,609,20000,4000,12.783316135406494,0.00025655863405486156,0.12646644159985385,0.2076641715186042,1.1154337823804261,6.75,0.0675,0.0,0.2009118004171791,1.0,,0.00025655863405486156,0.010364632278111527,0,vm_add,0.07937915398400659,0.1490721389013069,6,vm_add,0.11705130149263916,0.1844975050751871,6,vm_add,0.06374461277506172,0.2102079329243832,13,vm_add,0.05565061922690967,0.20509114726443847,12,vm_add,0.08846250651048941,0.142885631836014,5,vm_add,0.18747107284650708,0.24807732931561668,5,vm_add,0.20365691367253994,0.22056660096867486,1,vm_add,0.21631535229067722,0.3009150858632124,6,"H12 swarm, event-aware gamma|n100 m10 vm_add lam=1.0|609"
h13_event_gamma,"H12 swarm, event-aware gamma",n100 m10 vm_add lam=1.0,vm_add,100,10,610,20000,4000,12.426124572753906,0.00036567805905041053,0.3092680347608079,0.4302051994493727,1.2904286769834927,8.25,0.08249999999999999,0.0,0.41708863712410843,1.0,,0.00036567805905041053,0.0068499866289539755,0,vm_add,0.029903406219135745,0.18543841719127896,13,vm_add,0.07715455342312635,0.1314107925832498,3,vm_add,0.23547780130335597,0.3097365856372158,6,vm_add,0.28606563137642105,0.43919676340729813,10,vm_add,0.33748183675058396,0.44524703635572943,8,vm_add,0.42136425789612597,0.5842344944897243,11,vm_add,0.5841272743278609,0.6832977908073137,6,vm_add,0.5025695167898528,0.6630797151231718,9,"H12 swarm, event-aware gamma|n100 m10 vm_add lam=1.0|610"
h13_event_gamma,Chooser (cheaper of the two),n100 m10 vm_fail lam=0.05,vm_fail,100,10,601,20000,4000,0.03740119934082031,0.00954770683726473,0.010254184612775422,0.010254184612775422,1.0059650709217047,0.0,0.0,15.375,0.010254184612775422,0.05,,0.00954770683726473,0.00954770683726473,0,vm_fail,0.029394952424053225,0.029394952424053225,0,vm_fail,0.015561955309166634,0.015561955309166634,0,vm_fail,0.010370912652150462,0.010370912652150462,0,vm_fail,0.015218525888795754,0.015218525888795754,0,vm_fail,0.004997806359665783,0.004997806359665783,0,vm_fail,0.002324456435815726,0.002324456435815726,0,vm_fail,0.0028580267955504645,0.0028580267955504645,0,vm_fail,0.0013068410370053324,0.0013068410370053324,0,Chooser (cheaper of the two)|n100 m10 vm_fail lam=0.05|601
h13_event_gamma,Chooser (cheaper of the two),n100 m10 vm_fail lam=0.05,vm_fail,100,10,602,20000,4000,0.03949689865112305,0.01352893455368545,0.00884172957078235,0.013094727530387037,1.0054005219122577,8.125,0.08463541666666667,15.5,0.013094727530387037,0.05,,0.01352893455368545,0.01352893455368545,0,vm_fail,0.005016133223504049,0.03904011690034154,65,vm_fail,0.02975061554002209,0.02975061554002209,0,vm_fail,0.008294158797074052,0.008294158797074052,0,vm_fail,0.012768778414671264,0.012768778414671264,0,vm_fail,0.009145657876011662,0.009145657876011662,0,vm_fail,0.0017104659125553436,0.0017104659125553436,0,vm_fail,0.003165931208375515,0.003165931208375515,0,vm_fail,0.0008820955940448258,0.0008820955940448258,0,Chooser (cheaper of the two)|n100 m10 vm_fail lam=0.05|602
h13_event_gamma,Chooser (cheaper of the two),n100 m10 vm_fail lam=0.05,vm_fail,100,10,603,20000,4000,0.03802800178527832,0.00991078955176043,0.005768078677440556,0.005768078677440556,1.0015310987175285,0.0,0.0,22.375,0.005768078677440556,0.05,,0.00991078955176043,0.00991078955176043,0,vm_fail,0.01597534609304578,0.01597534609304578,0,vm_fail,0.006963852619765974,0.006963852619765974,0,vm_fail,0.003113467632636407,0.003113467632636407,0,vm_fail,0.010279575958343296,0.010279575958343296,0,vm_fail,0.004012092241364996,0.004012092241364996,0,vm_fail,0.003146323896836815,0.003146323896836815,0,vm_fail,0.0010334162265172404,0.0010334162265172404,0,vm_fail,0.001620554751013944,0.001620554751013944,0,Chooser (cheaper of the two)|n100 m10 vm_fail lam=0.05|603
h13_event_gamma,Chooser (cheaper of the two),n100 m10 vm_fail lam=0.05,vm_fail,100,10,604,20000,4000,0.036802053451538086,0.005446266044979927,0.005150896643872471,0.009169966212699136,1.0013489233524906,7.75,0.07989690721649484,16.125,0.009169966212699136,0.05,,0.005446266044979927,0.005446266044979927,0,vm_fail,0.006063866261130166,0.038216422811743485,62,vm_fail,0.00917203711277132,0.00917203711277132,0,vm_fail,0.0068981555982454415,0.0068981555982454415,0,vm_fail,0.009928918539116012,0.009928918539116012,0,vm_fail,0.0024493639223122604,0.0024493639223122604,0,vm_fail,0.002823610581270865,0.002823610581270865,0,vm_fail,0.0026282853684999495,0.0026282853684999495,0,vm_fail,0.0012429357676337508,0.0012429357676337508,0,Chooser (cheaper of the two)|n100 m10 vm_fail lam=0.05|604
h13_event_gamma,Chooser (cheaper of the two),n100 m10 vm_fail lam=0.05,vm_fail,100,10,605,20000,4000,0.036978960037231445,0.010728903253768242,0.008463919824710451,0.015774803184945015,1.0039415253470918,14.125,0.1448953292657269,14.125,0.015774803184945015,0.05,,0.010728903253768242,0.010728903253768242,0,vm_fail,0.010621052841192979,0.040835496689022324,58,vm_fail,0.007533475395131844,0.03580609842917899,55,vm_fail,0.008782855484270444,0.008782855484270444,0,vm_fail,0.017592272978782235,0.017592272978782235,0,vm_fail,0.009006929640867163,0.009006929640867163,0,vm_fail,0.010857096671471849,0.010857096671471849,0,vm_fail,0.002160385813773904,0.002160385813773904,0,vm_fail,0.0011572897721931923,0.0011572897721931923,0,Chooser (cheaper of the two)|n100 m10 vm_fail lam=0.05|605
h13_event_gamma,Chooser (cheaper of the two),n100 m10 vm_fail lam=0.05,vm_fail,100,10,606,20000,4000,0.03721427917480469,0.00868146237657879,0.015434076661060059,0.015434076661060059,1.0122693618145713,0.0,0.0,17.375,0.015434076661060059,0.05,,0.00868146237657879,0.00868146237657879,0,vm_fail,0.03986559702554835,0.03986559702554835,0,vm_fail,0.022799139998918538,0.022799139998918538,0,vm_fail,0.038447020303460665,0.038447020303460665,0,vm_fail,0.009741490490804715,0.009741490490804715,0,vm_fail,0.008218380668776335,0.008218380668776335,0,vm_fail,0.0028213316784987804,0.0028213316784987804,0,vm_fail,0.0009556172146966096,0.0009556172146966096,0,vm_fail,0.00062403590777648,0.00062403590777648,0,Chooser (cheaper of the two)|n100 m10 vm_fail lam=0.05|606
h13_event_gamma,Chooser (cheaper of the two),n100 m10 vm_fail lam=0.05,vm_fail,100,10,607,20000,4000,0.037207841873168945,0.011543350314852156,0.01186014685679777,0.01186014685679777,1.0080325133815127,0.0,0.0,15.5,0.01186014685679777,0.05,,0.011543350314852156,0.011543350314852156,0,vm_fail,0.04419401718131823,0.04419401718131823,0,vm_fail,0.015344494844088537,0.015344494844088537,0,vm_fail,0.015857547557165803,0.015857547557165803,0,vm_fail,0.0027590218707370102,0.0027590218707370102,0,vm_fail,0.01118301569192487,0.01118301569192487,0,vm_fail,0.0020419394194996533,0.0020419394194996533,0,vm_fail,0.0016310405164413663,0.0016310405164413663,0,vm_fail,0.001870097773206687,0.001870097773206687,0,Chooser (cheaper of the two)|n100 m10 vm_fail lam=0.05|607
h13_event_gamma,Chooser (cheaper of the two),n100 m10 vm_fail lam=0.05,vm_fail,100,10,608,20000,4000,0.03916597366333008,0.007004692944569671,0.010376690838462727,0.010376690838462727,1.0060595462743325,0.0,0.0,17.25,0.010376690838462727,0.05,,0.007004692944569671,0.007004692944569671,0,vm_fail,0.017326618386914384,0.017326618386914384,0,vm_fail,0.014016329924869033,0.014016329924869033,0,vm_fail,0.023910790138783534,0.023910790138783534,0,vm_fail,0.012754301017254088,0.012754301017254088,0,vm_fail,0.006633308793032707,0.006633308793032707,0,vm_fail,0.0035935853226661224,0.0035935853226661224,0,vm_fail,0.0038517753553623897,0.0038517753553623897,0,vm_fail,0.0009268177688195676,0.0009268177688195676,0,Chooser (cheaper of the two)|n100 m10 vm_fail lam=0.05|608
h13_event_gamma,Chooser (cheaper of the two),n100 m10 vm_fail lam=0.05,vm_fail,100,10,609,20000,4000,0.03687906265258789,0.012217991958425711,0.009248253323617088,0.009248253323617088,1.0051573096146391,0.0,0.0,21.875,0.009248253323617088,0.05,,0.012217991958425711,0.012217991958425711,0,vm_fail,0.018699881567517694,0.018699881567517694,0,vm_fail,0.020760763098055898,0.020760763098055898,0,vm_fail,0.008259316218722838,0.008259316218722838,0,vm_fail,0.01730476835386278,0.01730476835386278,0,vm_fail,0.004593369644486154,0.004593369644486154,0,vm_fail,0.002909277646616248,0.002909277646616248,0,vm_fail,0.000829709415141071,0.000829709415141071,0,vm_fail,0.0006289406445340114,0.0006289406445340114,0,Chooser (cheaper of the two)|n100 m10 vm_fail lam=0.05|609
h13_event_gamma,Chooser (cheaper of the two),n100 m10 vm_fail lam=0.05,vm_fail,100,10,610,20000,4000,0.03752470016479492,0.008918877279033004,0.009023431145327096,0.009023431145327096,1.004548721334316,0.0,0.0,17.375,0.009023431145327096,0.05,,0.008918877279033004,0.008918877279033004,0,vm_fail,0.014092558955408375,0.014092558955408375,0,vm_fail,0.009385199487454823,0.009385199487454823,0,vm_fail,0.01617634662585533,0.01617634662585533,0,vm_fail,0.01920536770073393,0.01920536770073393,0,vm_fail,0.00736482233341681,0.00736482233341681,0,vm_fail,0.002157816586567016,0.002157816586567016,0,vm_fail,0.003138635416043896,0.003138635416043896,0,vm_fail,0.0006667020571365869,0.0006667020571365869,0,Chooser (cheaper of the two)|n100 m10 vm_fail lam=0.05|610
h13_event_gamma,H12 swarm (c = 1),n100 m10 vm_fail lam=0.05,vm_fail,100,10,601,20000,4000,11.96778655052185,0.0006910863892909312,0.001891896652809729,0.006955116884756625,0.9976525806104498,6.875,0.07584409758849221,15.375,0.005694730950447123,0.05,,0.0006910863892909312,0.013107798800482165,0,vm_fail,0.002290552010057767,0.01394029990214054,16,vm_fail,0.004546213414770805,0.014146660712733568,13,vm_fail,0.00254176951146786,0.007668043190857381,5,vm_fail,0.0031020864371194196,0.01258896878953519,14,vm_fail,0.0011105588958874545,0.0030615505207557303,3,vm_fail,0.0012108225239890417,0.0018286091925577062,1,vm_fail,0.0003331138750859946,0.0010523475852991916,1,vm_fail,5.65540994893965e-08,0.0013544551841736905,2,H12 swarm (c = 1)|n100 m10 vm_fail lam=0.05|601
h13_event_gamma,H12 swarm (c = 1),n100 m10 vm_fail lam=0.05,vm_fail,100,10,602,20000,4000,11.539169549942017,0.0004921075407164687,0.0023185828087089683,0.006290088992216662,0.9989111359019296,5.875,0.06527759521480989,15.625,0.005591853821799553,0.05,,0.0004921075407164687,0.0239080648063383,0,vm_fail,0.0028953596680209143,0.01559838297851332,20,vm_fail,0.005398364189264116,0.01024413753662082,8,vm_fail,0.004876622529715528,0.007342126182894525,3,vm_fail,0.0019815420361661055,0.006200354230288481,6,vm_fail,0.0011719136508627425,0.007173680178821853,8,vm_fail,0.0012907191058824203,0.0018981548926418487,1,vm_fail,0.0008932497400081529,0.0009512458266507703,0,vm_fail,4.0891549751769036e-05,0.0009126301113016814,1,H12 swarm (c = 1)|n100 m10 vm_fail lam=0.05|602
h13_event_gamma,H12 swarm (c = 1),n100 m10 vm_fail lam=0.05,vm_fail,100,10,603,20000,4000,11.23047161102295,0.0008334994675289358,0.001893960974660849,0.005098666752234872,0.9976786657754364,4.0,0.048657947395249077,22.25,0.004333540382128788,0.05,,0.0008334994675289358,0.009161062079556146,0,vm_fail,0.00433519553099305,0.011356608650620926,9,vm_fail,0.0037380550565384975,0.005837608823064032,2,vm_fail,0.003206328186944353,0.009615420350271825,7,vm_fail,0.002004179492211718,0.007668381700112554,9,vm_fail,0.0011906560664476317,0.0021662240643871753,1,vm_fail,0.00027465965266889973,0.001737220780191066,1,vm_fail,0.00032733382508554466,0.002284542083129687,3,vm_fail,7.527998639709742e-05,0.0001233275661017095,0,H12 swarm (c = 1)|n100 m10 vm_fail lam=0.05|603
h13_event_gamma,H12 swarm (c = 1),n100 m10 vm_fail lam=0.05,vm_fail,100,10,604,20000,4000,11.161393165588379,0.0008614391877108207,0.002766957873599676,0.005634241835686522,0.9989746687269708,4.125,0.0471238263803843,16.125,0.00513058523287423,0.05,,0.0008614391877108207,0.02310671613892095,0,vm_fail,0.0032528944485291124,0.012329635949794086,14,vm_fail,0.006837980500800579,0.011769760342880757,6,vm_fail,0.004357276758080968,0.006012675520122031,2,vm_fail,0.004087389350913208,0.004087389350913207,0,vm_fail,0.0011975547521275163,0.0059388737886096055,8,vm_fail,0.0023088318994679124,0.0023159380030567805,0,vm_fail,7.165416066064102e-05,0.001892400454707633,2,vm_fail,2.208111821747334e-05,0.0007272612754080772,1,H12 swarm (c = 1)|n100 m10 vm_fail lam=0.05|604
h13_event_gamma,H12 swarm (c = 1),n100 m10 vm_fail lam=0.05,vm_fail,100,10,605,20000,4000,11.731975555419922,0.0008015564668455525,0.0016542956821195163,0.006295796489216084,0.9971613026136934,7.75,0.08311522888860859,14.75,0.005820936176116311,0.05,,0.0008015564668455525,0.014997820392013443,0,vm_fail,0.004476127810128557,0.013085405020517013,14,vm_fail,0.0026137464613907716,0.017669320418378764,27,vm_fail,0.0014755302039903358,0.006375072355754119,7,vm_fail,0.0016364774177135516,0.0069222694464447666,9,vm_fail,0.0018826810852178892,0.0030737522949589617,2,vm_fail,0.0006589760543827065,0.0026504533740529072,3,vm_fail,0.0004230348952875919,0.00042303489528759203,0,vm_fail,6.779152884472618e-05,0.00016706410833455237,0,H12 swarm (c = 1)|n100 m10 vm_fail lam=0.05|605
h13_event_gamma,H12 swarm (c = 1),n100 m10 vm_fail lam=0.05,vm_fail,100,10,606,20000,4000,11.092552185058594,0.0011341750938532132,0.002228462812206783,0.005245138357444761,0.9991248918132708,4.5,0.050501661220391514,18.0,0.004762177620889569,0.05,,0.0011341750938532132,0.006629112996451638,0,vm_fail,0.005003995250975071,0.013052388571753875,13,vm_fail,0.0022917538972074135,0.0030925992210847062,1,vm_fail,0.004003470233703313,0.011182746003433464,12,vm_fail,0.0023972864376371056,0.004012185411991992,2,vm_fail,0.0028760845057020576,0.0034943162913708002,1,vm_fail,0.0006674683832177007,0.004478287801934101,5,vm_fail,0.0004606548681209957,0.0021048017062957887,2,vm_fail,0.00012698892109060567,0.0005437818516933571,0,H12 swarm (c = 1)|n100 m10 vm_fail lam=0.05|606
h13_event_gamma,H12 swarm (c = 1),n100 m10 vm_fail lam=0.05,vm_fail,100,10,607,20000,4000,10.95079755783081,0.0004911222434193251,0.0027747635179072266,0.004965009700200148,0.9989978955263236,3.0,0.034010395100462026,16.25,0.004481793724983982,0.05,,0.0004911222434193251,0.008204047167754537,0,vm_fail,0.0072899180857909545,0.01107214974450108,6,vm_fail,0.0047330460276475755,0.008974711820190752,4,vm_fail,0.0049600408494307625,0.006724901334811005,3,vm_fail,0.0017321977468969664,0.0030741080184496865,2,vm_fail,0.0019407414184254665,0.005492016197663726,5,vm_fail,0.0010448735340825312,0.0023695036614385235,2,vm_fail,0.00047943310021949565,0.001882767436498057,2,vm_fail,1.7857380764059665e-05,0.00012991938804835472,0,H12 swarm (c = 1)|n100 m10 vm_fail lam=0.05|607
h13_event_gamma,H12 swarm (c = 1),n100 m10 vm_fail lam=0.05,vm_fail,100,10,608,20000,4000,11.015819787979126,0.0006756984310903283,0.002272235789429191,0.005694634614599212,0.9980020046001347,5.125,0.057543258866900204,17.375,0.005159313603187221,0.05,,0.0006756984310903283,0.013619621398387863,0,vm_fail,0.001961561310903526,0.008232646865749555,8,vm_fail,0.00579424184060145,0.011927706823399256,10,vm_fail,0.004577657486770764,0.01193173233895584,12,vm_fail,0.0020247549035010536,0.003350979093239588,2,vm_fail,0.001695648969867638,0.004390301649625624,4,vm_fail,0.0014303026628629384,0.003792322253517216,4,vm_fail,0.0003312880245950634,0.0006369991567768487,0,vm_fail,0.00036243111633109333,0.001294388735529767,1,H12 swarm (c = 1)|n100 m10 vm_fail lam=0.05|608
h13_event_gamma,H12 swarm (c = 1),n100 m10 vm_fail lam=0.05,vm_fail,100,10,609,20000,4000,11.266796588897705,0.00025655863405486156,0.0022898859193719646,0.005538516888151844,0.9982352277254354,4.375,0.052007213455712964,20.5,0.004899304728804298,0.05,,0.00025655863405486156,0.010364632278111527,0,vm_fail,0.007361390112755375,0.01425701037076763,9,vm_fail,0.005569647263372902,0.009491333236011897,6,vm_fail,0.0019010097437089238,0.007289270731878098,8,vm_fail,0.0017093908856610847,0.004761336026276175,4,vm_fail,0.0007393113111507663,0.0033142054762191502,4,vm_fail,0.0003766963941930197,0.003809396335509726,4,vm_fail,0.0005721788058063452,0.0012938141787511104,0,vm_fail,8.946283832730012e-05,9.176874980096061e-05,0,H12 swarm (c = 1)|n100 m10 vm_fail lam=0.05|609
h13_event_gamma,H12 swarm (c = 1),n100 m10 vm_fail lam=0.05,vm_fail,100,10,610,20000,4000,11.462031841278076,0.00036567805905041053,0.0024180239128685434,0.004096667147698373,0.9979784935607443,2.25,0.026459682900850046,17.75,0.0037448523464575943,0.05,,0.00036567805905041053,0.0068499866289539755,0,vm_fail,0.0030200175747881865,0.009121574589347595,9,vm_fail,0.006433593226385803,0.008732415625017868,2,vm_fail,0.002654108676210241,0.0037947655164630163,2,vm_fail,0.0030312217195531724,0.003031221719553172,0,vm_fail,0.002073696104535097,0.003445843180025277,2,vm_fail,0.0015078786339621324,0.002475124560706694,1,vm_fail,0.0005176789167999189,0.0016314483100256037,2,vm_fail,0.00010599645071379552,0.0005409436804477543,0,H12 swarm (c = 1)|n100 m10 vm_fail lam=0.05|610
h13_event_gamma,"H12 swarm, c = 0 after every change",n100 m10 vm_fail lam=0.05,vm_fail,100,10,601,20000,4000,10.216700553894043,0.0006910863892909312,0.001994293864767103,0.005043707867484596,0.9977541592008866,5.0,0.05464148171279701,14.875,0.004735089573852386,0.05,,0.0006910863892909312,0.013107798800482165,0,vm_fail,0.0056798386823689,0.01180784062819346,11,vm_fail,0.0029848548722315217,0.006172759853898201,5,vm_fail,0.0017505498597746633,0.006178754413725302,6,vm_fail,0.002427308869312154,0.010634750051036933,15,vm_fail,0.002597618353345514,0.0038023913743860257,2,vm_fail,0.00022788842115730931,0.0010085144126463577,1,vm_fail,0.00017671304565532222,0.00018377026811132398,0,vm_fail,0.00010957881429143582,0.0005608819378791678,0,"H12 swarm, c = 0 after every change|n100 m10 vm_fail lam=0.05|601"
h13_event_gamma,"H12 swarm, c = 0 after every change",n100 m10 vm_fail lam=0.05,vm_fail,100,10,602,20000,4000,9.751721143722534,0.0004921075407164687,0.002166324021380662,0.0062091162178668025,0.9987591102739,6.625,0.0741167652878937,15.25,0.00588449690571952,0.05,,0.0004921075407164687,0.0239080648063383,0,vm_fail,0.005032969538300042,0.012344932366041323,13,vm_fail,0.004820819777958443,0.013773643423376896,16,vm_fail,0.003818176417778763,0.007066435162064168,5,vm_fail,0.001372154620602009,0.005826348709382452,7,vm_fail,0.0010463346666277707,0.007762930798380174,10,vm_fail,0.0006340782669858151,0.0013577573459506221,1,vm_fail,0.00048051453018079795,0.0014153375851271258,1,vm_fail,0.00012554435261165619,0.00012554435261165619,0,"H12 swarm, c = 0 after every change|n100 m10 vm_fail lam=0.05|602"
h13_event_gamma,"H12 swarm, c = 0 after every change",n100 m10 vm_fail lam=0.05,vm_fail,100,10,603,20000,4000,9.746082305908203,0.0008334994675289358,0.0016262315669782013,0.0043878732973768216,0.9974125718680129,2.875,0.03476821528862112,22.25,0.003369518770198911,0.05,,0.0008334994675289358,0.009161062079556146,0,vm_fail,0.003693343962779358,0.01093262492846494,8,vm_fail,0.0033206030595784785,0.006111934170540525,4,vm_fail,0.002421246630329121,0.006510880776106812,4,vm_fail,0.002044218142110908,0.006685465915186759,6,vm_fail,0.0007520339523356897,0.0017845869074724356,0,vm_fail,0.0004466673467862278,0.0018965971999088992,1,vm_fail,0.00027943038658891886,0.0005040546053881937,0,vm_fail,5.2309055316909246e-05,0.0006768418759460102,0,"H12 swarm, c = 0 after every change|n100 m10 vm_fail lam=0.05|603"
h13_event_gamma,"H12 swarm, c = 0 after every change",n100 m10 vm_fail lam=0.05,vm_fail,100,10,604,20000,4000,9.979093790054321,0.0008614391877108207,0.0017765987683070472,0.005731345506156104,0.9979901578783446,5.375,0.059548694059563624,16.0,0.0047617064811412676,0.05,,0.0008614391877108207,0.02310671613892095,0,vm_fail,0.003902938680794245,0.015352697190987709,16,vm_fail,0.0017038265233809593,0.01144867887040434,15,vm_fail,0.0019078022648879973,0.0019642532617306263,0,vm_fail,0.003308043343289643,0.007747345599825494,4,vm_fail,0.0015768869282840575,0.006393596587702084,6,vm_fail,0.001123309007790104,0.0022335332196569,2,vm_fail,0.00024776389567874956,0.0002682021685767938,0,vm_fail,0.00044221950235062284,0.00044245715036488406,0,"H12 swarm, c = 0 after every change|n100 m10 vm_fail lam=0.05|604"
h13_event_gamma,"H12 swarm, c = 0 after every change",n100 m10 vm_fail lam=0.05,vm_fail,100,10,605,20000,4000,10.226348876953125,0.0008015564668455525,0.0010261090833160393,0.00546846904389558,0.9965376786190188,7.0,0.0748728237670007,15.25,0.004776710487267983,0.05,,0.0008015564668455525,0.014997820392013443,0,vm_fail,0.0021796719482704884,0.009987132432771873,11,vm_fail,0.0023704092403691885,0.01879954713445722,28,vm_fail,0.0008135648312742375,0.0033003267266291255,3,vm_fail,0.0011642782165332466,0.005253102595700615,7,vm_fail,0.001028887341494561,0.0034591311472954756,4,vm_fail,0.000469118340880698,0.0017676380606835597,2,vm_fail,0.0001817108056839265,0.0011732698856655815,1,vm_fail,1.2319420219669926e-06,7.604367961192788e-06,0,"H12 swarm, c = 0 after every change|n100 m10 vm_fail lam=0.05|605"
h13_event_gamma,"H12 swarm, c = 0 after every change",n100 m10 vm_fail lam=0.05,vm_fail,100,10,606,20000,4000,9.926588296890259,0.0011341750938532132,0.0014060160023801728,0.004638269242433467,0.9983055561046128,4.875,0.054667998697161595,18.125,0.004146015038972712,0.05,,0.0011341750938532132,0.006629112996451638,0,vm_fail,0.004735289454186442,0.011483316401666365,11,vm_fail,0.0016219804750641764,0.006196943439690029,7,vm_fail,0.0019982805836208,0.009961228245219094,13,vm_fail,0.0011096426083669192,0.0036283140950692625,3,vm_fail,0.0009617337274018082,0.0029277533782959236,3,vm_fail,0.0006515518857791306,0.0018832363355609095,1,vm_fail,0.00011585753105199554,0.0009387315097763476,1,vm_fail,5.379175357010902e-05,8.663053418980365e-05,0,"H12 swarm, c = 0 after every change|n100 m10 vm_fail lam=0.05|606"
h13_event_gamma,"H12 swarm, c = 0 after every change",n100 m10 vm_fail lam=0.05,vm_fail,100,10,607,20000,4000,9.875859022140503,0.0004911222434193251,0.0015555343599786746,0.004539738784921076,0.9977849304181375,4.25,0.04857073826883526,16.375,0.0039896422281218615,0.05,,0.0004911222434193251,0.008204047167754537,0,vm_fail,0.004143578547228945,0.011281049759511257,10,vm_fail,0.004254345472424959,0.006508438555471611,4,vm_fail,0.0015023263656012338,0.005764487937245253,7,vm_fail,0.0005643634364644485,0.0046308700570091635,5,vm_fail,0.0014098093761395448,0.005117294634241579,6,vm_fail,0.00022209121904706773,0.0018105177267537592,2,vm_fail,0.0003236137225808716,0.0007783225301206648,0,vm_fail,2.4146740342327176e-05,0.0004269290790153201,0,"H12 swarm, c = 0 after every change|n100 m10 vm_fail lam=0.05|607"
h13_event_gamma,"H12 swarm, c = 0 after every change",n100 m10 vm_fail lam=0.05,vm_fail,100,10,608,20000,4000,9.62004041671753,0.0006756984310903283,0.0027658773209470883,0.0058898274688257155,0.9984916820447471,4.375,0.04914616029040768,17.25,0.005235607194550033,0.05,,0.0006756984310903283,0.013619621398387863,0,vm_fail,0.002295261960494162,0.00909800092034527,10,vm_fail,0.007195053624703253,0.014904697650278152,8,vm_fail,0.00891701743487821,0.014946235216145078,11,vm_fail,0.0015386012816338145,0.002848931930231564,2,vm_fail,0.00043589927717709113,0.0026958246703379938,3,vm_fail,0.001558493324555093,0.002147337965390659,1,vm_fail,9.861964962590079e-05,0.0003070422604720148,0,vm_fail,8.807201450918069e-05,0.0001705491374049985,0,"H12 swarm, c = 0 after every change|n100 m10 vm_fail lam=0.05|608"
h13_event_gamma,"H12 swarm, c = 0 after every change",n100 m10 vm_fail lam=0.05,vm_fail,100,10,609,20000,4000,9.848007440567017,0.00025655863405486156,0.0014681671933459682,0.004649695295250935,0.9974219055866489,4.375,0.05112666825139241,20.75,0.004029096729840628,0.05,,0.00025655863405486156,0.010364632278111527,0,vm_fail,0.0018974041992539828,0.009163211483534574,10,vm_fail,0.0016756313301691448,0.009113498022056014,11,vm_fail,0.0027283820027363495,0.007019707921800761,6,vm_fail,0.0026957783167405104,0.003371781737503912,1,vm_fail,0.0008968228800828782,0.0047859504602455975,5,vm_fail,0.0012975578906554142,0.0027988170172323825,2,vm_fail,0.00051516862080389,0.0006354698068733965,0,vm_fail,3.859230632557526e-05,0.00030912591276084503,0,"H12 swarm, c = 0 after every change|n100 m10 vm_fail lam=0.05|609"
h13_event_gamma,"H12 swarm, c = 0 after every change",n100 m10 vm_fail lam=0.05,vm_fail,100,10,610,20000,4000,10.029256105422974,0.00036567805905041053,0.0017370663853677557,0.0033241912003094043,0.9973016553337067,2.375,0.02827066525057917,17.625,0.0031536105531558786,0.05,,0.00036567805905041053,0.0068499866289539755,0,vm_fail,0.00205696330580277,0.0076203220635617805,9,vm_fail,0.00301769501747098,0.00671864098049726,5,vm_fail,0.0025232883865873267,0.003930980178150742,2,vm_fail,0.003724356692559892,0.003724356692559893,0,vm_fail,0.0014191504148413755,0.0014191504148413758,0,vm_fail,0.000754564434698105,0.0021347969714705655,2,vm_fail,0.0003843703352698207,0.0009553279136384939,1,vm_fail,1.6142495711776473e-05,8.995438775512311e-05,0,"H12 swarm, c = 0 after every change|n100 m10 vm_fail lam=0.05|610"
h13_event_gamma,"H12 swarm, event-aware gamma",n100 m10 vm_fail lam=0.05,vm_fail,100,10,601,20000,4000,9.870416164398193,0.0006910863892909312,0.001994293864767103,0.005043707867484596,0.9977541592008866,5.0,0.05464148171279701,14.875,0.004735089573852386,0.05,,0.0006910863892909312,0.013107798800482165,0,vm_fail,0.0056798386823689,0.01180784062819346,11,vm_fail,0.0029848548722315217,0.006172759853898201,5,vm_fail,0.0017505498597746633,0.006178754413725302,6,vm_fail,0.002427308869312154,0.010634750051036933,15,vm_fail,0.002597618353345514,0.0038023913743860257,2,vm_fail,0.00022788842115730931,0.0010085144126463577,1,vm_fail,0.00017671304565532222,0.00018377026811132398,0,vm_fail,0.00010957881429143582,0.0005608819378791678,0,"H12 swarm, event-aware gamma|n100 m10 vm_fail lam=0.05|601"
h13_event_gamma,"H12 swarm, event-aware gamma",n100 m10 vm_fail lam=0.05,vm_fail,100,10,602,20000,4000,9.742581605911255,0.0004921075407164687,0.002166324021380662,0.0062091162178668025,0.9987591102739,6.625,0.0741167652878937,15.25,0.00588449690571952,0.05,,0.0004921075407164687,0.0239080648063383,0,vm_fail,0.005032969538300042,0.012344932366041323,13,vm_fail,0.004820819777958443,0.013773643423376896,16,vm_fail,0.003818176417778763,0.007066435162064168,5,vm_fail,0.001372154620602009,0.005826348709382452,7,vm_fail,0.0010463346666277707,0.007762930798380174,10,vm_fail,0.0006340782669858151,0.0013577573459506221,1,vm_fail,0.00048051453018079795,0.0014153375851271258,1,vm_fail,0.00012554435261165619,0.00012554435261165619,0,"H12 swarm, event-aware gamma|n100 m10 vm_fail lam=0.05|602"
h13_event_gamma,"H12 swarm, event-aware gamma",n100 m10 vm_fail lam=0.05,vm_fail,100,10,603,20000,4000,9.870894432067871,0.0008334994675289358,0.0016262315669782013,0.0043878732973768216,0.9974125718680129,2.875,0.03476821528862112,22.25,0.003369518770198911,0.05,,0.0008334994675289358,0.009161062079556146,0,vm_fail,0.003693343962779358,0.01093262492846494,8,vm_fail,0.0033206030595784785,0.006111934170540525,4,vm_fail,0.002421246630329121,0.006510880776106812,4,vm_fail,0.002044218142110908,0.006685465915186759,6,vm_fail,0.0007520339523356897,0.0017845869074724356,0,vm_fail,0.0004466673467862278,0.0018965971999088992,1,vm_fail,0.00027943038658891886,0.0005040546053881937,0,vm_fail,5.2309055316909246e-05,0.0006768418759460102,0,"H12 swarm, event-aware gamma|n100 m10 vm_fail lam=0.05|603"
h13_event_gamma,"H12 swarm, event-aware gamma",n100 m10 vm_fail lam=0.05,vm_fail,100,10,604,20000,4000,9.384897470474243,0.0008614391877108207,0.0017765987683070472,0.005731345506156104,0.9979901578783446,5.375,0.059548694059563624,16.0,0.0047617064811412676,0.05,,0.0008614391877108207,0.02310671613892095,0,vm_fail,0.003902938680794245,0.015352697190987709,16,vm_fail,0.0017038265233809593,0.01144867887040434,15,vm_fail,0.0019078022648879973,0.0019642532617306263,0,vm_fail,0.003308043343289643,0.007747345599825494,4,vm_fail,0.0015768869282840575,0.006393596587702084,6,vm_fail,0.001123309007790104,0.0022335332196569,2,vm_fail,0.00024776389567874956,0.0002682021685767938,0,vm_fail,0.00044221950235062284,0.00044245715036488406,0,"H12 swarm, event-aware gamma|n100 m10 vm_fail lam=0.05|604"
h13_event_gamma,"H12 swarm, event-aware gamma",n100 m10 vm_fail lam=0.05,vm_fail,100,10,605,20000,4000,9.785150527954102,0.0008015564668455525,0.0010261090833160393,0.00546846904389558,0.9965376786190188,7.0,0.0748728237670007,15.25,0.004776710487267983,0.05,,0.0008015564668455525,0.014997820392013443,0,vm_fail,0.0021796719482704884,0.009987132432771873,11,vm_fail,0.0023704092403691885,0.01879954713445722,28,vm_fail,0.0008135648312742375,0.0033003267266291255,3,vm_fail,0.0011642782165332466,0.005253102595700615,7,vm_fail,0.001028887341494561,0.0034591311472954756,4,vm_fail,0.000469118340880698,0.0017676380606835597,2,vm_fail,0.0001817108056839265,0.0011732698856655815,1,vm_fail,1.2319420219669926e-06,7.604367961192788e-06,0,"H12 swarm, event-aware gamma|n100 m10 vm_fail lam=0.05|605"
h13_event_gamma,"H12 swarm, event-aware gamma",n100 m10 vm_fail lam=0.05,vm_fail,100,10,606,20000,4000,9.865955114364624,0.0011341750938532132,0.0014060160023801728,0.004638269242433467,0.9983055561046128,4.875,0.054667998697161595,18.125,0.004146015038972712,0.05,,0.0011341750938532132,0.006629112996451638,0,vm_fail,0.004735289454186442,0.011483316401666365,11,vm_fail,0.0016219804750641764,0.006196943439690029,7,vm_fail,0.0019982805836208,0.009961228245219094,13,vm_fail,0.0011096426083669192,0.0036283140950692625,3,vm_fail,0.0009617337274018082,0.0029277533782959236,3,vm_fail,0.0006515518857791306,0.0018832363355609095,1,vm_fail,0.00011585753105199554,0.0009387315097763476,1,vm_fail,5.379175357010902e-05,8.663053418980365e-05,0,"H12 swarm, event-aware gamma|n100 m10 vm_fail lam=0.05|606"
h13_event_gamma,"H12 swarm, event-aware gamma",n100 m10 vm_fail lam=0.05,vm_fail,100,10,607,20000,4000,9.944636583328247,0.0004911222434193251,0.0015555343599786746,0.004539738784921076,0.9977849304181375,4.25,0.04857073826883526,16.375,0.0039896422281218615,0.05,,0.0004911222434193251,0.008204047167754537,0,vm_fail,0.004143578547228945,0.011281049759511257,10,vm_fail,0.004254345472424959,0.006508438555471611,4,vm_fail,0.0015023263656012338,0.005764487937245253,7,vm_fail,0.0005643634364644485,0.0046308700570091635,5,vm_fail,0.0014098093761395448,0.005117294634241579,6,vm_fail,0.00022209121904706773,0.0018105177267537592,2,vm_fail,0.0003236137225808716,0.0007783225301206648,0,vm_fail,2.4146740342327176e-05,0.0004269290790153201,0,"H12 swarm, event-aware gamma|n100 m10 vm_fail lam=0.05|607"
h13_event_gamma,"H12 swarm, event-aware gamma",n100 m10 vm_fail lam=0.05,vm_fail,100,10,608,20000,4000,9.762420177459717,0.0006756984310903283,0.0027658773209470883,0.0058898274688257155,0.9984916820447471,4.375,0.04914616029040768,17.25,0.005235607194550033,0.05,,0.0006756984310903283,0.013619621398387863,0,vm_fail,0.002295261960494162,0.00909800092034527,10,vm_fail,0.007195053624703253,0.014904697650278152,8,vm_fail,0.00891701743487821,0.014946235216145078,11,vm_fail,0.0015386012816338145,0.002848931930231564,2,vm_fail,0.00043589927717709113,0.0026958246703379938,3,vm_fail,0.001558493324555093,0.002147337965390659,1,vm_fail,9.861964962590079e-05,0.0003070422604720148,0,vm_fail,8.807201450918069e-05,0.0001705491374049985,0,"H12 swarm, event-aware gamma|n100 m10 vm_fail lam=0.05|608"
h13_event_gamma,"H12 swarm, event-aware gamma",n100 m10 vm_fail lam=0.05,vm_fail,100,10,609,20000,4000,9.958976984024048,0.00025655863405486156,0.0014681671933459682,0.004649695295250935,0.9974219055866489,4.375,0.05112666825139241,20.75,0.004029096729840628,0.05,,0.00025655863405486156,0.010364632278111527,0,vm_fail,0.0018974041992539828,0.009163211483534574,10,vm_fail,0.0016756313301691448,0.009113498022056014,11,vm_fail,0.0027283820027363495,0.007019707921800761,6,vm_fail,0.0026957783167405104,0.003371781737503912,1,vm_fail,0.0008968228800828782,0.0047859504602455975,5,vm_fail,0.0012975578906554142,0.0027988170172323825,2,vm_fail,0.00051516862080389,0.0006354698068733965,0,vm_fail,3.859230632557526e-05,0.00030912591276084503,0,"H12 swarm, event-aware gamma|n100 m10 vm_fail lam=0.05|609"
h13_event_gamma,"H12 swarm, event-aware gamma",n100 m10 vm_fail lam=0.05,vm_fail,100,10,610,20000,4000,9.994150638580322,0.00036567805905041053,0.0017370663853677557,0.0033241912003094043,0.9973016553337067,2.375,0.02827066525057917,17.625,0.0031536105531558786,0.05,,0.00036567805905041053,0.0068499866289539755,0,vm_fail,0.00205696330580277,0.0076203220635617805,9,vm_fail,0.00301769501747098,0.00671864098049726,5,vm_fail,0.0025232883865873267,0.003930980178150742,2,vm_fail,0.003724356692559892,0.003724356692559893,0,vm_fail,0.0014191504148413755,0.0014191504148413758,0,vm_fail,0.000754564434698105,0.0021347969714705655,2,vm_fail,0.0003843703352698207,0.0009553279136384939,1,vm_fail,1.6142495711776473e-05,8.995438775512311e-05,0,"H12 swarm, event-aware gamma|n100 m10 vm_fail lam=0.05|610"
h13_event_gamma,Chooser (cheaper of the two),n100 m10 vm_fail lam=0.2,vm_fail,100,10,601,20000,4000,0.03642606735229492,0.00954770683726473,0.010254184612775422,0.010254184612775422,1.0059650709217047,0.0,0.0,15.375,0.010254184612775422,0.2,,0.00954770683726473,0.00954770683726473,0,vm_fail,0.029394952424053225,0.029394952424053225,0,vm_fail,0.015561955309166634,0.015561955309166634,0,vm_fail,0.010370912652150462,0.010370912652150462,0,vm_fail,0.015218525888795754,0.015218525888795754,0,vm_fail,0.004997806359665783,0.004997806359665783,0,vm_fail,0.002324456435815726,0.002324456435815726,0,vm_fail,0.0028580267955504645,0.0028580267955504645,0,vm_fail,0.0013068410370053324,0.0013068410370053324,0,Chooser (cheaper of the two)|n100 m10 vm_fail lam=0.2|601
h13_event_gamma,Chooser (cheaper of the two),n100 m10 vm_fail lam=0.2,vm_fail,100,10,602,20000,4000,0.038252830505371094,0.01352893455368545,0.013688551515822468,0.013688551515822468,1.010224503043093,0.0,0.0,15.625,0.013688551515822468,0.2,,0.01352893455368545,0.01352893455368545,0,vm_fail,0.042458124176225055,0.042458124176225055,0,vm_fail,0.023562977085633187,0.023562977085633187,0,vm_fail,0.01817091667238494,0.01817091667238494,0,vm_fail,0.010099571621826285,0.010099571621826285,0,vm_fail,0.00906607162365899,0.00906607162365899,0,vm_fail,0.0010095112693920844,0.0010095112693920844,0,vm_fail,0.0035817463616615044,0.0035817463616615044,0,vm_fail,0.0015594933157976917,0.0015594933157976917,0,Chooser (cheaper of the two)|n100 m10 vm_fail lam=0.2|602
h13_event_gamma,Chooser (cheaper of the two),n100 m10 vm_fail lam=0.2,vm_fail,100,10,603,20000,4000,0.04391217231750488,0.00991078955176043,0.005768078677440556,0.005768078677440556,1.0015310987175285,0.0,0.0,22.375,0.005768078677440556,0.2,,0.00991078955176043,0.00991078955176043,0,vm_fail,0.01597534609304578,0.01597534609304578,0,vm_fail,0.006963852619765974,0.006963852619765974,0,vm_fail,0.003113467632636407,0.003113467632636407,0,vm_fail,0.010279575958343296,0.010279575958343296,0,vm_fail,0.004012092241364996,0.004012092241364996,0,vm_fail,0.003146323896836815,0.003146323896836815,0,vm_fail,0.0010334162265172404,0.0010334162265172404,0,vm_fail,0.001620554751013944,0.001620554751013944,0,Chooser (cheaper of the two)|n100 m10 vm_fail lam=0.2|603
h13_event_gamma,Chooser (cheaper of the two),n100 m10 vm_fail lam=0.2,vm_fail,100,10,604,20000,4000,0.04402017593383789,0.005446266044979927,0.009371057891237785,0.009371057891237785,1.0055428959865151,0.0,0.0,17.125,0.009371057891237785,0.2,,0.005446266044979927,0.005446266044979927,0,vm_fail,0.04161038276148908,0.04161038276148908,0,vm_fail,0.009223683115767224,0.009223683115767224,0,vm_fail,0.00647844441282008,0.00647844441282008,0,vm_fail,0.008848658871691924,0.008848658871691924,0,vm_fail,0.0040694540926585,0.0040694540926585,0,vm_fail,0.0017698066957239234,0.0017698066957239234,0,vm_fail,0.001769112560111876,0.001769112560111876,0,vm_fail,0.00119892061963967,0.00119892061963967,0,Chooser (cheaper of the two)|n100 m10 vm_fail lam=0.2|604
h13_event_gamma,Chooser (cheaper of the two),n100 m10 vm_fail lam=0.2,vm_fail,100,10,605,20000,4000,0.04532170295715332,0.010728903253768242,0.015406704979133379,0.015406704979133379,1.0108020749848834,0.0,0.0,14.625,0.015406704979133379,0.2,,0.010728903253768242,0.010728903253768242,0,vm_fail,0.05730930099713904,0.05730930099713904,0,vm_fail,0.03953622160184854,0.03953622160184854,0,vm_fail,0.006560991069872002,0.006560991069872002,0,vm_fail,0.01384593220077416,0.01384593220077416,0,vm_fail,0.0016173035922936567,0.0016173035922936567,0,vm_fail,0.001426414357665471,0.001426414357665471,0,vm_fail,0.0016349763955488678,0.0016349763955488678,0,vm_fail,0.0013224996179252988,0.0013224996179252988,0,Chooser (cheaper of the two)|n100 m10 vm_fail lam=0.2|605
h13_event_gamma,Chooser (cheaper of the two),n100 m10 vm_fail lam=0.2,vm_fail,100,10,606,20000,4000,0.036179542541503906,0.00868146237657879,0.015434076661060059,0.015434076661060059,1.0122693618145713,0.0,0.0,17.375,0.015434076661060059,0.2,,0.00868146237657879,0.00868146237657879,0,vm_fail,0.03986559702554835,0.03986559702554835,0,vm_fail,0.022799139998918538,0.022799139998918538,0,vm_fail,0.038447020303460665,0.038447020303460665,0,vm_fail,0.009741490490804715,0.009741490490804715,0,vm_fail,0.008218380668776335,0.008218380668776335,0,vm_fail,0.0028213316784987804,0.0028213316784987804,0,vm_fail,0.0009556172146966096,0.0009556172146966096,0,vm_fail,0.00062403590777648,0.00062403590777648,0,Chooser (cheaper of the two)|n100 m10 vm_fail lam=0.2|606
h13_event_gamma,Chooser (cheaper of the two),n100 m10 vm_fail lam=0.2,vm_fail,100,10,607,20000,4000,0.03880667686462402,0.011543350314852156,0.01186014685679777,0.01186014685679777,1.0080325133815127,0.0,0.0,15.5,0.01186014685679777,0.2,,0.011543350314852156,0.011543350314852156,0,vm_fail,0.04419401718131823,0.04419401718131823,0,vm_fail,0.015344494844088537,0.015344494844088537,0,vm_fail,0.015857547557165803,0.015857547557165803,0,vm_fail,0.0027590218707370102,0.0027590218707370102,0,vm_fail,0.01118301569192487,0.01118301569192487,0,vm_fail,0.0020419394194996533,0.0020419394194996533,0,vm_fail,0.0016310405164413663,0.0016310405164413663,0,vm_fail,0.001870097773206687,0.001870097773206687,0,Chooser (cheaper of the two)|n100 m10 vm_fail lam=0.2|607
h13_event_gamma,Chooser (cheaper of the two),n100 m10 vm_fail lam=0.2,vm_fail,100,10,608,20000,4000,0.03754401206970215,0.007004692944569671,0.010376690838462727,0.010376690838462727,1.0060595462743325,0.0,0.0,17.25,0.010376690838462727,0.2,,0.007004692944569671,0.007004692944569671,0,vm_fail,0.017326618386914384,0.017326618386914384,0,vm_fail,0.014016329924869033,0.014016329924869033,0,vm_fail,0.023910790138783534,0.023910790138783534,0,vm_fail,0.012754301017254088,0.012754301017254088,0,vm_fail,0.006633308793032707,0.006633308793032707,0,vm_fail,0.0035935853226661224,0.0035935853226661224,0,vm_fail,0.0038517753553623897,0.0038517753553623897,0,vm_fail,0.0009268177688195676,0.0009268177688195676,0,Chooser (cheaper of the two)|n100 m10 vm_fail lam=0.2|608
h13_event_gamma,Chooser (cheaper of the two),n100 m10 vm_fail lam=0.2,vm_fail,100,10,609,20000,4000,0.036563873291015625,0.012217991958425711,0.009248253323617088,0.009248253323617088,1.0051573096146391,0.0,0.0,21.875,0.009248253323617088,0.2,,0.012217991958425711,0.012217991958425711,0,vm_fail,0.018699881567517694,0.018699881567517694,0,vm_fail,0.020760763098055898,0.020760763098055898,0,vm_fail,0.008259316218722838,0.008259316218722838,0,vm_fail,0.01730476835386278,0.01730476835386278,0,vm_fail,0.004593369644486154,0.004593369644486154,0,vm_fail,0.002909277646616248,0.002909277646616248,0,vm_fail,0.000829709415141071,0.000829709415141071,0,vm_fail,0.0006289406445340114,0.0006289406445340114,0,Chooser (cheaper of the two)|n100 m10 vm_fail lam=0.2|609
h13_event_gamma,Chooser (cheaper of the two),n100 m10 vm_fail lam=0.2,vm_fail,100,10,610,20000,4000,0.05053091049194336,0.008918877279033004,0.009023431145327096,0.009023431145327096,1.004548721334316,0.0,0.0,17.375,0.009023431145327096,0.2,,0.008918877279033004,0.008918877279033004,0,vm_fail,0.014092558955408375,0.014092558955408375,0,vm_fail,0.009385199487454823,0.009385199487454823,0,vm_fail,0.01617634662585533,0.01617634662585533,0,vm_fail,0.01920536770073393,0.01920536770073393,0,vm_fail,0.00736482233341681,0.00736482233341681,0,vm_fail,0.002157816586567016,0.002157816586567016,0,vm_fail,0.003138635416043896,0.003138635416043896,0,vm_fail,0.0006667020571365869,0.0006667020571365869,0,Chooser (cheaper of the two)|n100 m10 vm_fail lam=0.2|610
h13_event_gamma,H12 swarm (c = 1),n100 m10 vm_fail lam=0.2,vm_fail,100,10,601,20000,4000,11.17711591720581,0.0006910863892909312,0.0033960133447993204,0.007413874642870667,0.9991464204709588,1.5,0.016017089439602707,15.125,0.006617900548319257,0.2,,0.0006910863892909312,0.013107798800482165,0,vm_fail,0.00949180700384719,0.01902772365272467,4,vm_fail,0.004287003739102975,0.014235101204119362,4,vm_fail,0.007114595862008722,0.007642590878375419,0,vm_fail,0.0035890639449833793,0.014870478598237475,4,vm_fail,0.0021014475117293444,0.002173796169917007,0,vm_fail,0.0004288979082669709,0.000856914236902099,0,vm_fail,0.0001065873748222825,0.0004556889890556109,0,vm_fail,4.8703413633700206e-05,4.870341363370021e-05,0,H12 swarm (c = 1)|n100 m10 vm_fail lam=0.2|601
h13_event_gamma,H12 swarm (c = 1),n100 m10 vm_fail lam=0.2,vm_fail,100,10,602,20000,4000,11.169878005981445,0.0004921075407164687,0.005224952412406597,0.010601988134791627,1.0018019268579703,1.875,0.02063668001525553,15.5,0.009383994234364168,0.2,,0.0004921075407164687,0.0239080648063383,0,vm_fail,0.01292897266662033,0.019563396226673392,3,vm_fail,0.014272423643465128,0.024595846662073453,4,vm_fail,0.004617307690157925,0.005682348198643595,0,vm_fail,0.002854670075612839,0.014051238674849784,5,vm_fail,0.0029365327362335858,0.016288011554561745,3,vm_fail,0.003684257705697597,0.003724073758682415,0,vm_fail,0.000384337815723746,0.0007746415827641312,0,vm_fail,0.00012111696574162764,0.00013634842008449608,0,H12 swarm (c = 1)|n100 m10 vm_fail lam=0.2|602
h13_event_gamma,H12 swarm (c = 1),n100 m10 vm_fail lam=0.2,vm_fail,100,10,603,20000,4000,11.436042785644531,0.0008334994675289358,0.005211150207165597,0.005856013210028147,1.000974744340434,0.125,0.0014534883720930232,22.0,0.005505507177579005,0.2,,0.0008334994675289358,0.009161062079556146,0,vm_fail,0.01258797822211344,0.016418884303193305,1,vm_fail,0.007891901275821664,0.007891901275821666,0,vm_fail,0.010747967759651238,0.010747967759651238,0,vm_fail,0.008255118219441422,0.008364115770674169,0,vm_fail,0.0005339071311116835,0.0008292341830388179,0,vm_fail,0.00031062984379180974,0.0007369465162905264,0,vm_fail,0.001325855476376557,0.0015954985103000829,0,vm_fail,3.584372901696094e-05,0.0002635573612553784,0,H12 swarm (c = 1)|n100 m10 vm_fail lam=0.2|603
h13_event_gamma,H12 swarm (c = 1),n100 m10 vm_fail lam=0.2,vm_fail,100,10,604,20000,4000,11.577703475952148,0.0008614391877108207,0.005324069199887442,0.008577411492086712,1.0015205637797013,1.375,0.014466002747252748,16.0,0.008240224853334113,0.2,,0.0008614391877108207,0.02310671613892095,0,vm_fail,0.008699500474543063,0.028629844040905104,9,vm_fail,0.009461697534598782,0.00946169753459878,0,vm_fail,0.004551196640400989,0.00511267109890794,0,vm_fail,0.004669482561209735,0.009152854496637655,2,vm_fail,0.01179254896681415,0.011792548966814148,0,vm_fail,0.002368848338629952,0.00245340771672531,0,vm_fail,0.00011617046374151029,0.0010831594629433984,0,vm_fail,0.000933108619161358,0.0009331086191613582,0,H12 swarm (c = 1)|n100 m10 vm_fail lam=0.2|604
h13_event_gamma,H12 swarm (c = 1),n100 m10 vm_fail lam=0.2,vm_fail,100,10,605,20000,4000,11.265066862106323,0.0008015564668455525,0.002924160149356021,0.010709362348494374,0.998423798285157,3.0,0.03208706299442593,15.0,0.009369740328125768,0.2,,0.0008015564668455525,0.014997820392013443,0,vm_fail,0.00693848362644078,0.019847337430137394,6,vm_fail,0.003542258364038246,0.03543820693933939,12,vm_fail,0.0042686077552499925,0.011973154106328217,3,vm_fail,0.0026599202731366644,0.005795545384265767,1,vm_fail,0.0031326700401830957,0.006387242737624171,1,vm_fail,0.002562428521367798,0.005197005143156457,1,vm_fail,0.0002446245589744922,0.0008916419190743358,0,vm_fail,4.428805545709853e-05,0.00014476512802926033,0,H12 swarm (c = 1)|n100 m10 vm_fail lam=0.2|605
h13_event_gamma,H12 swarm (c = 1),n100 m10 vm_fail lam=0.2,vm_fail,100,10,606,20000,4000,10.958018064498901,0.0011341750938532132,0.0028080372805876982,0.006812490499687061,0.9997014130360935,1.5,0.016019954177323104,18.25,0.0060316045597334205,0.2,,0.0011341750938532132,0.006629112996451638,0,vm_fail,0.006502478381252997,0.016688268583143852,4,vm_fail,0.0013007986183838,0.004664167937765855,1,vm_fail,0.006651946734544731,0.023144445837110186,7,vm_fail,0.004153381355004411,0.004153381355004411,0,vm_fail,0.0010195927516635345,0.0024883477340737203,0,vm_fail,0.0016765980433910872,0.0016769572690862409,0,vm_fail,0.0010268326671462053,0.0013354940454524177,0,vm_fail,0.00013266969331482146,0.0003488612358598025,0,H12 swarm (c = 1)|n100 m10 vm_fail lam=0.2|606
h13_event_gamma,H12 swarm (c = 1),n100 m10 vm_fail lam=0.2,vm_fail,100,10,607,20000,4000,11.290045499801636,0.0004911222434193251,0.003231729008504189,0.005612808739300426,0.9994529037030946,0.875,0.009951500320967688,16.25,0.005231751850987202,0.2,,0.0004911222434193251,0.008204047167754537,0,vm_fail,0.007724984876650767,0.016194964672375183,3,vm_fail,0.005775831183376267,0.008392409971483376,1,vm_fail,0.0022626562627897583,0.007268726482802423,2,vm_fail,0.0037478813109190845,0.0037478813109190845,0,vm_fail,0.003647042590897049,0.0036470425908970493,0,vm_fail,0.0017650137056214221,0.004399566900005437,1,vm_fail,0.0009130072343146591,0.001083189527162887,0,vm_fail,1.7414903464504042e-05,0.00016868845875797213,0,H12 swarm (c = 1)|n100 m10 vm_fail lam=0.2|607
h13_event_gamma,H12 swarm (c = 1),n100 m10 vm_fail lam=0.2,vm_fail,100,10,608,20000,4000,11.620367288589478,0.0006756984310903283,0.004422261839046827,0.00781474579407295,1.0001378414518585,1.375,0.015461363196723144,17.75,0.0075391344159784525,0.2,,0.0006756984310903283,0.013619621398387863,0,vm_fail,0.007570129902880239,0.014956794926892945,3,vm_fail,0.009691423288038405,0.01646970479885276,3,vm_fail,0.010817795201352603,0.01774017513913159,3,vm_fail,0.0022693970120451026,0.002861766348971803,0,vm_fail,0.0025290700214497604,0.005313261452691277,1,vm_fail,0.0021924426211662696,0.0046324494202791945,1,vm_fail,0.00027092874147934367,0.0005069063418011356,0,vm_fail,3.69079239628947e-05,3.69079239628947e-05,0,H12 swarm (c = 1)|n100 m10 vm_fail lam=0.2|608
h13_event_gamma,H12 swarm (c = 1),n100 m10 vm_fail lam=0.2,vm_fail,100,10,609,20000,4000,11.28516173362732,0.00025655863405486156,0.003973377516187984,0.006800077770104271,0.9999093479324108,1.125,0.012728526141243262,20.75,0.006537594204129676,0.2,,0.00025655863405486156,0.010364632278111527,0,vm_fail,0.01260776007573739,0.01756572963135844,2,vm_fail,0.0038706565321806304,0.0062063136527181414,1,vm_fail,0.006296253288730986,0.017609155860264746,5,vm_fail,0.004759423395940036,0.0076298140332042375,1,vm_fail,0.0021342233256024814,0.0028035000328250174,0,vm_fail,0.0017426711616825282,0.0020988516852662536,0,vm_fail,0.00036098562955771485,0.00042799100884297693,0,vm_fail,1.5046720072104663e-05,5.926625635435056e-05,0,H12 swarm (c = 1)|n100 m10 vm_fail lam=0.2|609
h13_event_gamma,H12 swarm (c = 1),n100 m10 vm_fail lam=0.2,vm_fail,100,10,610,20000,4000,11.179600715637207,0.00036567805905041053,0.003139762896928727,0.004732798993548654,0.9986943731499051,0.625,0.007378845847282002,17.75,0.00462326110035477,0.2,,0.00036567805905041053,0.0068499866289539755,0,vm_fail,0.006763811973778859,0.011848636435756805,2,vm_fail,0.007020575010146672,0.00955180107289803,1,vm_fail,0.004503659547277369,0.006762630842215399,1,vm_fail,0.003292386963347576,0.0032923869633475758,0,vm_fail,0.0011771437596410756,0.003926477994437921,1,vm_fail,0.0014779609211572836,0.0015865625896735699,0,vm_fail,0.0008502226235531452,0.000850222623553145,0,vm_fail,3.23423765278343e-05,4.367342650678399e-05,0,H12 swarm (c = 1)|n100 m10 vm_fail lam=0.2|610
h13_event_gamma,"H12 swarm, c = 0 after every change",n100 m10 vm_fail lam=0.2,vm_fail,100,10,601,20000,4000,9.942447423934937,0.0006910863892909312,0.004093475474767241,0.00939215691983155,0.9998408935415515,1.75,0.018985586702262903,15.0,0.007916548488928282,0.2,,0.0006910863892909312,0.013107798800482165,0,vm_fail,0.010220162346529477,0.018885799504523505,4,vm_fail,0.007873382962154488,0.02197255657822506,4,vm_fail,0.004518770241130967,0.011486499947059744,1,vm_fail,0.004623337218440538,0.01174813369431599,3,vm_fail,0.0028394358374474846,0.007310919247832033,2,vm_fail,0.001960295827951932,0.0027991784584380933,0,vm_fail,0.0004386458393081397,0.0005631840435121877,0,vm_fail,0.00027377352517490535,0.0003709838847457732,0,"H12 swarm, c = 0 after every change|n100 m10 vm_fail lam=0.2|601"
h13_event_gamma,"H12 swarm, c = 0 after every change",n100 m10 vm_fail lam=0.2,vm_fail,100,10,602,20000,4000,9.575782537460327,0.0004921075407164687,0.0026182468281175375,0.008285897774253866,0.999209635732393,2.25,0.02473834455053094,15.875,0.0075859640260825855,0.2,,0.0004921075407164687,0.0239080648063383,0,vm_fail,0.004723866755895107,0.019601821378750002,6,vm_fail,0.005368045070662859,0.019507359896165588,6,vm_fail,0.004649475493421451,0.007564616430614066,1,vm_fail,0.0042261180979194,0.00918806526034918,2,vm_fail,0.0005249220216746386,0.008724448001774706,3,vm_fail,0.0010694220732651843,0.001085149505738025,0,vm_fail,0.00014954747947894473,0.0001669940678835166,0,vm_fail,0.0002345776326227153,0.0004487276527558505,0,"H12 swarm, c = 0 after every change|n100 m10 vm_fail lam=0.2|602"
h13_event_gamma,"H12 swarm, c = 0 after every change",n100 m10 vm_fail lam=0.2,vm_fail,100,10,603,20000,4000,9.861815452575684,0.0008334994675289358,0.0033097808629829538,0.005288647794507188,0.9990865317103534,0.625,0.007357163364915303,22.25,0.004786399446445333,0.2,,0.0008334994675289358,0.009161062079556146,0,vm_fail,0.0031999830532401644,0.013090360506480627,4,vm_fail,0.006700069926771204,0.0069906364997965745,0,vm_fail,0.004746599845478539,0.008134592982735443,1,vm_fail,0.009699934912483197,0.009931087998711766,0,vm_fail,0.0013738109069575358,0.0021871668856937834,0,vm_fail,0.0005355682066363488,0.0012792752351954977,0,vm_fail,0.0001793206694420864,0.0001793206694420864,0,vm_fail,4.29593828545555e-05,0.0005167415780017282,0,"H12 swarm, c = 0 after every change|n100 m10 vm_fail lam=0.2|603"
h13_event_gamma,"H12 swarm, c = 0 after every change",n100 m10 vm_fail lam=0.2,vm_fail,100,10,604,20000,4000,9.761720895767212,0.0008614391877108207,0.0034435134663261826,0.009188862656171573,0.9996477709293332,2.125,0.023455356564506875,15.625,0.008160599309180928,0.2,,0.0008614391877108207,0.02310671613892095,0,vm_fail,0.007033452964791204,0.02365683152811722,7,vm_fail,0.006679186644419044,0.013329067340148704,2,vm_fail,0.004183613981629905,0.009701295351017492,2,vm_fail,0.004666780649351393,0.010292241461117933,2,vm_fail,0.0036489069693437706,0.013891610821168882,4,vm_fail,0.0008801719380833658,0.0009518748260972402,0,vm_fail,0.0003993597545693061,0.000997998980118308,0,vm_fail,5.6634828421470454e-05,0.0006899809415868144,0,"H12 swarm, c = 0 after every change|n100 m10 vm_fail lam=0.2|604"
h13_event_gamma,"H12 swarm, c = 0 after every change",n100 m10 vm_fail lam=0.2,vm_fail,100,10,605,20000,4000,10.260450601577759,0.0008015564668455525,0.004422881445994352,0.009940575319741986,0.9999144976845598,2.375,0.024790869949620455,14.5,0.009420063916374675,0.2,,0.0008015564668455525,0.014997820392013443,0,vm_fail,0.007025162892229017,0.021164277439142447,6,vm_fail,0.008446397806575455,0.035230246925471595,12,vm_fail,0.0064467571516307965,0.008928313553316676,1,vm_fail,0.006742466651665889,0.0067424666516658896,0,vm_fail,0.003784690951799321,0.003790581577024899,0,vm_fail,0.0023161289625662006,0.002855876338013274,0,vm_fail,0.0005429857729843283,0.0005486064160515627,0,vm_fail,7.846137850380461e-05,0.0002642336572495593,0,"H12 swarm, c = 0 after every change|n100 m10 vm_fail lam=0.2|605"
h13_event_gamma,"H12 swarm, c = 0 after every change",n100 m10 vm_fail lam=0.2,vm_fail,100,10,606,20000,4000,9.759330987930298,0.0011341750938532132,0.002958459871861188,0.005160339921121752,0.9998502991866174,0.75,0.008038949275362318,18.0,0.004575987651181963,0.2,,0.0011341750938532132,0.006629112996451638,0,vm_fail,0.0057381800171661165,0.015224043692080119,4,vm_fail,0.007101307791123296,0.007101307791123296,0,vm_fail,0.006721482347027933,0.01183224615035498,2,vm_fail,0.002748177119137822,0.003967382545708588,0,vm_fail,0.0006482714368857009,0.0017131084709545276,0,vm_fail,0.0005813485577947427,0.0006038652992137454,0,vm_fail,9.384019177472029e-05,0.0007849591637873507,0,vm_fail,3.507151397917267e-05,5.5806255751412975e-05,0,"H12 swarm, c = 0 after every change|n100 m10 vm_fail lam=0.2|606"
h13_event_gamma,"H12 swarm, c = 0 after every change",n100 m10 vm_fail lam=0.2,vm_fail,100,10,607,20000,4000,9.938705205917358,0.0004911222434193251,0.0033896167832145386,0.0057113904431333835,0.9996098485446063,0.75,0.008230490387748453,17.0,0.005048066358007348,0.2,,0.0004911222434193251,0.008204047167754537,0,vm_fail,0.009884784150091008,0.017154532875606518,3,vm_fail,0.006401670911478819,0.011636649119862114,2,vm_fail,0.0020761127818239157,0.00381474539515028,0,vm_fail,0.00231996213726064,0.0031271512187276774,0,vm_fail,0.0028984147539542465,0.0058856180957604955,1,vm_fail,0.0031100905859557776,0.0033756860426341915,0,vm_fail,0.00042256130452028796,0.0005992239941614855,0,vm_fail,3.337640631613158e-06,9.751680316430892e-05,0,"H12 swarm, c = 0 after every change|n100 m10 vm_fail lam=0.2|607"
h13_event_gamma,"H12 swarm, c = 0 after every change",n100 m10 vm_fail lam=0.2,vm_fail,100,10,608,20000,4000,10.170018672943115,0.0006756984310903283,0.003733746351556485,0.008827172212693097,0.9994547949289083,1.875,0.020258794089771652,17.625,0.007813582597077408,0.2,,0.0006756984310903283,0.013619621398387863,0,vm_fail,0.00587697756512814,0.013070339337089235,2,vm_fail,0.008787008453496689,0.020315110988112443,5,vm_fail,0.006045127591240069,0.02362045862622751,8,vm_fail,0.004472056089088696,0.007191220649266167,0,vm_fail,0.0022166524274592958,0.0022166524274592958,0,vm_fail,0.001988047366318385,0.0022456370133864976,0,vm_fail,0.0003965158449034127,0.0014095044952186658,0,vm_fail,8.758547481719124e-05,0.0005484541647849618,0,"H12 swarm, c = 0 after every change|n100 m10 vm_fail lam=0.2|608"
h13_event_gamma,"H12 swarm, c = 0 after every change",n100 m10 vm_fail lam=0.2,vm_fail,100,10,609,20000,4000,9.705377340316772,0.00025655863405486156,0.0037305887070514816,0.006833643228604394,0.9996676261452313,1.0,0.011768723835533589,21.25,0.006097157462164418,0.2,,0.00025655863405486156,0.010364632278111527,0,vm_fail,0.006803513295795697,0.01747755706179945,3,vm_fail,0.006976842952417912,0.009823789081287984,1,vm_fail,0.010039726936276793,0.012819488434776299,1,vm_fail,0.003200036924585642,0.005719960174862274,1,vm_fail,0.001925334338918178,0.0071141650054319,2,vm_fail,0.0007647691105076806,0.00123995184759587,0,vm_fail,8.459779881533867e-05,0.0003380809050677434,0,vm_fail,4.988829909460831e-05,0.00013615331801362582,0,"H12 swarm, c = 0 after every change|n100 m10 vm_fail lam=0.2|609"
h13_event_gamma,"H12 swarm, c = 0 after every change",n100 m10 vm_fail lam=0.2,vm_fail,100,10,610,20000,4000,9.677751302719116,0.00036567805905041053,0.0023446128707860217,0.005040700699546399,0.9979034198192539,0.875,0.01022895596517292,17.5,0.004398281629845346,0.2,,0.00036567805905041053,0.0068499866289539755,0,vm_fail,0.006660211851949566,0.01235454670149949,2,vm_fail,0.0034277605196921038,0.009337679128187492,2,vm_fail,0.002623102311304473,0.004910033128826455,1,vm_fail,0.002060045013576082,0.0051106946746261595,1,vm_fail,0.0019497742382234996,0.004644116136634501,1,vm_fail,0.001563022619114813,0.0015837784133293186,0,vm_fail,0.00046189257295094476,0.0022581347455549916,0,vm_fail,1.1093839476691187e-05,0.000126622667712781,0,"H12 swarm, c = 0 after every change|n100 m10 vm_fail lam=0.2|610"
h13_event_gamma,"H12 swarm, event-aware gamma",n100 m10 vm_fail lam=0.2,vm_fail,100,10,601,20000,4000,9.776120901107788,0.0006910863892909312,0.004093475474767241,0.00939215691983155,0.9998408935415515,1.75,0.018985586702262903,15.0,0.007916548488928282,0.2,,0.0006910863892909312,0.013107798800482165,0,vm_fail,0.010220162346529477,0.018885799504523505,4,vm_fail,0.007873382962154488,0.02197255657822506,4,vm_fail,0.004518770241130967,0.011486499947059744,1,vm_fail,0.004623337218440538,0.01174813369431599,3,vm_fail,0.0028394358374474846,0.007310919247832033,2,vm_fail,0.001960295827951932,0.0027991784584380933,0,vm_fail,0.0004386458393081397,0.0005631840435121877,0,vm_fail,0.00027377352517490535,0.0003709838847457732,0,"H12 swarm, event-aware gamma|n100 m10 vm_fail lam=0.2|601"
h13_event_gamma,"H12 swarm, event-aware gamma",n100 m10 vm_fail lam=0.2,vm_fail,100,10,602,20000,4000,9.752244234085083,0.0004921075407164687,0.0026182468281175375,0.008285897774253866,0.999209635732393,2.25,0.02473834455053094,15.875,0.0075859640260825855,0.2,,0.0004921075407164687,0.0239080648063383,0,vm_fail,0.004723866755895107,0.019601821378750002,6,vm_fail,0.005368045070662859,0.019507359896165588,6,vm_fail,0.004649475493421451,0.007564616430614066,1,vm_fail,0.0042261180979194,0.00918806526034918,2,vm_fail,0.0005249220216746386,0.008724448001774706,3,vm_fail,0.0010694220732651843,0.001085149505738025,0,vm_fail,0.00014954747947894473,0.0001669940678835166,0,vm_fail,0.0002345776326227153,0.0004487276527558505,0,"H12 swarm, event-aware gamma|n100 m10 vm_fail lam=0.2|602"
h13_event_gamma,"H12 swarm, event-aware gamma",n100 m10 vm_fail lam=0.2,vm_fail,100,10,603,20000,4000,9.984870910644531,0.0008334994675289358,0.0033097808629829538,0.005288647794507188,0.9990865317103534,0.625,0.007357163364915303,22.25,0.004786399446445333,0.2,,0.0008334994675289358,0.009161062079556146,0,vm_fail,0.0031999830532401644,0.013090360506480627,4,vm_fail,0.006700069926771204,0.0069906364997965745,0,vm_fail,0.004746599845478539,0.008134592982735443,1,vm_fail,0.009699934912483197,0.009931087998711766,0,vm_fail,0.0013738109069575358,0.0021871668856937834,0,vm_fail,0.0005355682066363488,0.0012792752351954977,0,vm_fail,0.0001793206694420864,0.0001793206694420864,0,vm_fail,4.29593828545555e-05,0.0005167415780017282,0,"H12 swarm, event-aware gamma|n100 m10 vm_fail lam=0.2|603"
h13_event_gamma,"H12 swarm, event-aware gamma",n100 m10 vm_fail lam=0.2,vm_fail,100,10,604,20000,4000,9.690465688705444,0.0008614391877108207,0.0034435134663261826,0.009188862656171573,0.9996477709293332,2.125,0.023455356564506875,15.625,0.008160599309180928,0.2,,0.0008614391877108207,0.02310671613892095,0,vm_fail,0.007033452964791204,0.02365683152811722,7,vm_fail,0.006679186644419044,0.013329067340148704,2,vm_fail,0.004183613981629905,0.009701295351017492,2,vm_fail,0.004666780649351393,0.010292241461117933,2,vm_fail,0.0036489069693437706,0.013891610821168882,4,vm_fail,0.0008801719380833658,0.0009518748260972402,0,vm_fail,0.0003993597545693061,0.000997998980118308,0,vm_fail,5.6634828421470454e-05,0.0006899809415868144,0,"H12 swarm, event-aware gamma|n100 m10 vm_fail lam=0.2|604"
h13_event_gamma,"H12 swarm, event-aware gamma",n100 m10 vm_fail lam=0.2,vm_fail,100,10,605,20000,4000,10.076717853546143,0.0008015564668455525,0.004422881445994352,0.009940575319741986,0.9999144976845598,2.375,0.024790869949620455,14.5,0.009420063916374675,0.2,,0.0008015564668455525,0.014997820392013443,0,vm_fail,0.007025162892229017,0.021164277439142447,6,vm_fail,0.008446397806575455,0.035230246925471595,12,vm_fail,0.0064467571516307965,0.008928313553316676,1,vm_fail,0.006742466651665889,0.0067424666516658896,0,vm_fail,0.003784690951799321,0.003790581577024899,0,vm_fail,0.0023161289625662006,0.002855876338013274,0,vm_fail,0.0005429857729843283,0.0005486064160515627,0,vm_fail,7.846137850380461e-05,0.0002642336572495593,0,"H12 swarm, event-aware gamma|n100 m10 vm_fail lam=0.2|605"
h13_event_gamma,"H12 swarm, event-aware gamma",n100 m10 vm_fail lam=0.2,vm_fail,100,10,606,20000,4000,9.971131801605225,0.0011341750938532132,0.002958459871861188,0.005160339921121752,0.9998502991866174,0.75,0.008038949275362318,18.0,0.004575987651181963,0.2,,0.0011341750938532132,0.006629112996451638,0,vm_fail,0.0057381800171661165,0.015224043692080119,4,vm_fail,0.007101307791123296,0.007101307791123296,0,vm_fail,0.006721482347027933,0.01183224615035498,2,vm_fail,0.002748177119137822,0.003967382545708588,0,vm_fail,0.0006482714368857009,0.0017131084709545276,0,vm_fail,0.0005813485577947427,0.0006038652992137454,0,vm_fail,9.384019177472029e-05,0.0007849591637873507,0,vm_fail,3.507151397917267e-05,5.5806255751412975e-05,0,"H12 swarm, event-aware gamma|n100 m10 vm_fail lam=0.2|606"
h13_event_gamma,"H12 swarm, event-aware gamma",n100 m10 vm_fail lam=0.2,vm_fail,100,10,607,20000,4000,9.808767557144165,0.0004911222434193251,0.0033896167832145386,0.0057113904431333835,0.9996098485446063,0.75,0.008230490387748453,17.0,0.005048066358007348,0.2,,0.0004911222434193251,0.008204047167754537,0,vm_fail,0.009884784150091008,0.017154532875606518,3,vm_fail,0.006401670911478819,0.011636649119862114,2,vm_fail,0.0020761127818239157,0.00381474539515028,0,vm_fail,0.00231996213726064,0.0031271512187276774,0,vm_fail,0.0028984147539542465,0.0058856180957604955,1,vm_fail,0.0031100905859557776,0.0033756860426341915,0,vm_fail,0.00042256130452028796,0.0005992239941614855,0,vm_fail,3.337640631613158e-06,9.751680316430892e-05,0,"H12 swarm, event-aware gamma|n100 m10 vm_fail lam=0.2|607"
h13_event_gamma,"H12 swarm, event-aware gamma",n100 m10 vm_fail lam=0.2,vm_fail,100,10,608,20000,4000,9.87266492843628,0.0006756984310903283,0.003733746351556485,0.008827172212693097,0.9994547949289083,1.875,0.020258794089771652,17.625,0.007813582597077408,0.2,,0.0006756984310903283,0.013619621398387863,0,vm_fail,0.00587697756512814,0.013070339337089235,2,vm_fail,0.008787008453496689,0.020315110988112443,5,vm_fail,0.006045127591240069,0.02362045862622751,8,vm_fail,0.004472056089088696,0.007191220649266167,0,vm_fail,0.0022166524274592958,0.0022166524274592958,0,vm_fail,0.001988047366318385,0.0022456370133864976,0,vm_fail,0.0003965158449034127,0.0014095044952186658,0,vm_fail,8.758547481719124e-05,0.0005484541647849618,0,"H12 swarm, event-aware gamma|n100 m10 vm_fail lam=0.2|608"
h13_event_gamma,"H12 swarm, event-aware gamma",n100 m10 vm_fail lam=0.2,vm_fail,100,10,609,20000,4000,9.924719095230103,0.00025655863405486156,0.0037305887070514816,0.006833643228604394,0.9996676261452313,1.0,0.011768723835533589,21.25,0.006097157462164418,0.2,,0.00025655863405486156,0.010364632278111527,0,vm_fail,0.006803513295795697,0.01747755706179945,3,vm_fail,0.006976842952417912,0.009823789081287984,1,vm_fail,0.010039726936276793,0.012819488434776299,1,vm_fail,0.003200036924585642,0.005719960174862274,1,vm_fail,0.001925334338918178,0.0071141650054319,2,vm_fail,0.0007647691105076806,0.00123995184759587,0,vm_fail,8.459779881533867e-05,0.0003380809050677434,0,vm_fail,4.988829909460831e-05,0.00013615331801362582,0,"H12 swarm, event-aware gamma|n100 m10 vm_fail lam=0.2|609"
h13_event_gamma,"H12 swarm, event-aware gamma",n100 m10 vm_fail lam=0.2,vm_fail,100,10,610,20000,4000,10.009542226791382,0.00036567805905041053,0.0023446128707860217,0.005040700699546399,0.9979034198192539,0.875,0.01022895596517292,17.5,0.004398281629845346,0.2,,0.00036567805905041053,0.0068499866289539755,0,vm_fail,0.006660211851949566,0.01235454670149949,2,vm_fail,0.0034277605196921038,0.009337679128187492,2,vm_fail,0.002623102311304473,0.004910033128826455,1,vm_fail,0.002060045013576082,0.0051106946746261595,1,vm_fail,0.0019497742382234996,0.004644116136634501,1,vm_fail,0.001563022619114813,0.0015837784133293186,0,vm_fail,0.00046189257295094476,0.0022581347455549916,0,vm_fail,1.1093839476691187e-05,0.000126622667712781,0,"H12 swarm, event-aware gamma|n100 m10 vm_fail lam=0.2|610"
h13_event_gamma,Chooser (cheaper of the two),n100 m10 vm_fail lam=1.0,vm_fail,100,10,601,20000,4000,0.037169456481933594,0.00954770683726473,0.010254184612775422,0.010254184612775422,1.0059650709217047,0.0,0.0,15.375,0.010254184612775422,1.0,,0.00954770683726473,0.00954770683726473,0,vm_fail,0.029394952424053225,0.029394952424053225,0,vm_fail,0.015561955309166634,0.015561955309166634,0,vm_fail,0.010370912652150462,0.010370912652150462,0,vm_fail,0.015218525888795754,0.015218525888795754,0,vm_fail,0.004997806359665783,0.004997806359665783,0,vm_fail,0.002324456435815726,0.002324456435815726,0,vm_fail,0.0028580267955504645,0.0028580267955504645,0,vm_fail,0.0013068410370053324,0.0013068410370053324,0,Chooser (cheaper of the two)|n100 m10 vm_fail lam=1.0|601
h13_event_gamma,Chooser (cheaper of the two),n100 m10 vm_fail lam=1.0,vm_fail,100,10,602,20000,4000,0.042560577392578125,0.01352893455368545,0.013688551515822468,0.013688551515822468,1.010224503043093,0.0,0.0,15.625,0.013688551515822468,1.0,,0.01352893455368545,0.01352893455368545,0,vm_fail,0.042458124176225055,0.042458124176225055,0,vm_fail,0.023562977085633187,0.023562977085633187,0,vm_fail,0.01817091667238494,0.01817091667238494,0,vm_fail,0.010099571621826285,0.010099571621826285,0,vm_fail,0.00906607162365899,0.00906607162365899,0,vm_fail,0.0010095112693920844,0.0010095112693920844,0,vm_fail,0.0035817463616615044,0.0035817463616615044,0,vm_fail,0.0015594933157976917,0.0015594933157976917,0,Chooser (cheaper of the two)|n100 m10 vm_fail lam=1.0|602
h13_event_gamma,Chooser (cheaper of the two),n100 m10 vm_fail lam=1.0,vm_fail,100,10,603,20000,4000,0.038950443267822266,0.00991078955176043,0.005768078677440556,0.005768078677440556,1.0015310987175285,0.0,0.0,22.375,0.005768078677440556,1.0,,0.00991078955176043,0.00991078955176043,0,vm_fail,0.01597534609304578,0.01597534609304578,0,vm_fail,0.006963852619765974,0.006963852619765974,0,vm_fail,0.003113467632636407,0.003113467632636407,0,vm_fail,0.010279575958343296,0.010279575958343296,0,vm_fail,0.004012092241364996,0.004012092241364996,0,vm_fail,0.003146323896836815,0.003146323896836815,0,vm_fail,0.0010334162265172404,0.0010334162265172404,0,vm_fail,0.001620554751013944,0.001620554751013944,0,Chooser (cheaper of the two)|n100 m10 vm_fail lam=1.0|603
h13_event_gamma,Chooser (cheaper of the two),n100 m10 vm_fail lam=1.0,vm_fail,100,10,604,20000,4000,0.04137158393859863,0.005446266044979927,0.009371057891237785,0.009371057891237785,1.0055428959865151,0.0,0.0,17.125,0.009371057891237785,1.0,,0.005446266044979927,0.005446266044979927,0,vm_fail,0.04161038276148908,0.04161038276148908,0,vm_fail,0.009223683115767224,0.009223683115767224,0,vm_fail,0.00647844441282008,0.00647844441282008,0,vm_fail,0.008848658871691924,0.008848658871691924,0,vm_fail,0.0040694540926585,0.0040694540926585,0,vm_fail,0.0017698066957239234,0.0017698066957239234,0,vm_fail,0.001769112560111876,0.001769112560111876,0,vm_fail,0.00119892061963967,0.00119892061963967,0,Chooser (cheaper of the two)|n100 m10 vm_fail lam=1.0|604
h13_event_gamma,Chooser (cheaper of the two),n100 m10 vm_fail lam=1.0,vm_fail,100,10,605,20000,4000,0.03672337532043457,0.010728903253768242,0.015406704979133379,0.015406704979133379,1.0108020749848834,0.0,0.0,14.625,0.015406704979133379,1.0,,0.010728903253768242,0.010728903253768242,0,vm_fail,0.05730930099713904,0.05730930099713904,0,vm_fail,0.03953622160184854,0.03953622160184854,0,vm_fail,0.006560991069872002,0.006560991069872002,0,vm_fail,0.01384593220077416,0.01384593220077416,0,vm_fail,0.0016173035922936567,0.0016173035922936567,0,vm_fail,0.001426414357665471,0.001426414357665471,0,vm_fail,0.0016349763955488678,0.0016349763955488678,0,vm_fail,0.0013224996179252988,0.0013224996179252988,0,Chooser (cheaper of the two)|n100 m10 vm_fail lam=1.0|605
h13_event_gamma,Chooser (cheaper of the two),n100 m10 vm_fail lam=1.0,vm_fail,100,10,606,20000,4000,0.04146146774291992,0.00868146237657879,0.015434076661060059,0.015434076661060059,1.0122693618145713,0.0,0.0,17.375,0.015434076661060059,1.0,,0.00868146237657879,0.00868146237657879,0,vm_fail,0.03986559702554835,0.03986559702554835,0,vm_fail,0.022799139998918538,0.022799139998918538,0,vm_fail,0.038447020303460665,0.038447020303460665,0,vm_fail,0.009741490490804715,0.009741490490804715,0,vm_fail,0.008218380668776335,0.008218380668776335,0,vm_fail,0.0028213316784987804,0.0028213316784987804,0,vm_fail,0.0009556172146966096,0.0009556172146966096,0,vm_fail,0.00062403590777648,0.00062403590777648,0,Chooser (cheaper of the two)|n100 m10 vm_fail lam=1.0|606
h13_event_gamma,Chooser (cheaper of the two),n100 m10 vm_fail lam=1.0,vm_fail,100,10,607,20000,4000,0.046946048736572266,0.011543350314852156,0.01186014685679777,0.01186014685679777,1.0080325133815127,0.0,0.0,15.5,0.01186014685679777,1.0,,0.011543350314852156,0.011543350314852156,0,vm_fail,0.04419401718131823,0.04419401718131823,0,vm_fail,0.015344494844088537,0.015344494844088537,0,vm_fail,0.015857547557165803,0.015857547557165803,0,vm_fail,0.0027590218707370102,0.0027590218707370102,0,vm_fail,0.01118301569192487,0.01118301569192487,0,vm_fail,0.0020419394194996533,0.0020419394194996533,0,vm_fail,0.0016310405164413663,0.0016310405164413663,0,vm_fail,0.001870097773206687,0.001870097773206687,0,Chooser (cheaper of the two)|n100 m10 vm_fail lam=1.0|607
h13_event_gamma,Chooser (cheaper of the two),n100 m10 vm_fail lam=1.0,vm_fail,100,10,608,20000,4000,0.03728318214416504,0.007004692944569671,0.010376690838462727,0.010376690838462727,1.0060595462743325,0.0,0.0,17.25,0.010376690838462727,1.0,,0.007004692944569671,0.007004692944569671,0,vm_fail,0.017326618386914384,0.017326618386914384,0,vm_fail,0.014016329924869033,0.014016329924869033,0,vm_fail,0.023910790138783534,0.023910790138783534,0,vm_fail,0.012754301017254088,0.012754301017254088,0,vm_fail,0.006633308793032707,0.006633308793032707,0,vm_fail,0.0035935853226661224,0.0035935853226661224,0,vm_fail,0.0038517753553623897,0.0038517753553623897,0,vm_fail,0.0009268177688195676,0.0009268177688195676,0,Chooser (cheaper of the two)|n100 m10 vm_fail lam=1.0|608
h13_event_gamma,Chooser (cheaper of the two),n100 m10 vm_fail lam=1.0,vm_fail,100,10,609,20000,4000,0.041873931884765625,0.012217991958425711,0.009248253323617088,0.009248253323617088,1.0051573096146391,0.0,0.0,21.875,0.009248253323617088,1.0,,0.012217991958425711,0.012217991958425711,0,vm_fail,0.018699881567517694,0.018699881567517694,0,vm_fail,0.020760763098055898,0.020760763098055898,0,vm_fail,0.008259316218722838,0.008259316218722838,0,vm_fail,0.01730476835386278,0.01730476835386278,0,vm_fail,0.004593369644486154,0.004593369644486154,0,vm_fail,0.002909277646616248,0.002909277646616248,0,vm_fail,0.000829709415141071,0.000829709415141071,0,vm_fail,0.0006289406445340114,0.0006289406445340114,0,Chooser (cheaper of the two)|n100 m10 vm_fail lam=1.0|609
h13_event_gamma,Chooser (cheaper of the two),n100 m10 vm_fail lam=1.0,vm_fail,100,10,610,20000,4000,0.036548614501953125,0.008918877279033004,0.009023431145327096,0.009023431145327096,1.004548721334316,0.0,0.0,17.375,0.009023431145327096,1.0,,0.008918877279033004,0.008918877279033004,0,vm_fail,0.014092558955408375,0.014092558955408375,0,vm_fail,0.009385199487454823,0.009385199487454823,0,vm_fail,0.01617634662585533,0.01617634662585533,0,vm_fail,0.01920536770073393,0.01920536770073393,0,vm_fail,0.00736482233341681,0.00736482233341681,0,vm_fail,0.002157816586567016,0.002157816586567016,0,vm_fail,0.003138635416043896,0.003138635416043896,0,vm_fail,0.0006667020571365869,0.0006667020571365869,0,Chooser (cheaper of the two)|n100 m10 vm_fail lam=1.0|610
h13_event_gamma,H12 swarm (c = 1),n100 m10 vm_fail lam=1.0,vm_fail,100,10,601,20000,4000,11.500953912734985,0.0006910863892909312,0.008374095789892906,0.008807511178427822,1.004096715001483,0.0,0.0,15.375,0.008374095789892906,1.0,,0.0006910863892909312,0.013107798800482165,0,vm_fail,0.019263808738611686,0.019263808738611693,0,vm_fail,0.01280307595833007,0.012803075958330069,0,vm_fail,0.007990436927120636,0.010543199576135793,0,vm_fail,0.019037762268374,0.019037762268374,0,vm_fail,0.005830086651452486,0.0058300866514524865,0,vm_fail,0.0016137043658314438,0.001919499062373626,0,vm_fail,0.00041658691142556185,0.0008953777174784301,0,vm_fail,3.730449799735755e-05,0.0001672794546664872,0,H12 swarm (c = 1)|n100 m10 vm_fail lam=1.0|601
h13_event_gamma,H12 swarm (c = 1),n100 m10 vm_fail lam=1.0,vm_fail,100,10,602,20000,4000,11.622966527938843,0.0004921075407164687,0.00856643260684979,0.01079850786196111,1.0051289377285997,0.125,0.0013157894736842105,15.875,0.00990504959985406,1.0,,0.0004921075407164687,0.0239080648063383,0,vm_fail,0.017348914683244763,0.028191130293002714,1,vm_fail,0.01905093507195634,0.019050935071956345,0,vm_fail,0.005882133390386495,0.006129337298488796,0,vm_fail,0.01573745743988751,0.016691649852785647,0,vm_fail,0.007334343473829029,0.010629974421513557,0,vm_fail,0.003069601756132804,0.004729701729327343,0,vm_fail,9.906852822155857e-05,0.0007562408701388523,0,vm_fail,9.006511139814209e-06,0.00020909335847563227,0,H12 swarm (c = 1)|n100 m10 vm_fail lam=1.0|602
h13_event_gamma,H12 swarm (c = 1),n100 m10 vm_fail lam=1.0,vm_fail,100,10,603,20000,4000,11.70494532585144,0.0008334994675289358,0.0050747518458589425,0.005890124494785703,1.0008399347001011,0.0,0.0,22.0,0.0050747518458589425,1.0,,0.0008334994675289358,0.009161062079556146,0,vm_fail,0.01258797822211344,0.013942570155092527,0,vm_fail,0.004902370370976862,0.006742845663082444,0,vm_fail,0.008812489134248876,0.008822318829498257,0,vm_fail,0.010387765148434976,0.010882825801290295,0,vm_fail,0.0009293680409524044,0.0024066058332185615,0,vm_fail,0.0024475899184574147,0.003277767493482015,0,vm_fail,0.00031131764675899773,0.0007973980904397617,0,vm_fail,0.0002191362849285692,0.00024866409218176326,0,H12 swarm (c = 1)|n100 m10 vm_fail lam=1.0|603
h13_event_gamma,H12 swarm (c = 1),n100 m10 vm_fail lam=1.0,vm_fail,100,10,604,20000,4000,11.224620819091797,0.0008614391877108207,0.006958886353408248,0.008988970406213435,1.0031475627077469,0.125,0.0013020833333333333,15.625,0.008281140555503165,1.0,,0.0008614391877108207,0.02310671613892095,0,vm_fail,0.015491227208891812,0.029264525621120585,1,vm_fail,0.009521036898330263,0.009835469279453809,0,vm_fail,0.0052136889873517726,0.005553004546367548,0,vm_fail,0.0048765682172374316,0.0048765682172374316,0,vm_fail,0.015804747576253508,0.01720575803300886,0,vm_fail,0.003597555665465975,0.003597555665465975,0,vm_fail,0.0006144565255824847,0.0009322039178543279,0,vm_fail,0.0005518097481527375,0.0006466779691989428,0,H12 swarm (c = 1)|n100 m10 vm_fail lam=1.0|604
h13_event_gamma,H12 swarm (c = 1),n100 m10 vm_fail lam=1.0,vm_fail,100,10,605,20000,4000,11.45796012878418,0.0008015564668455525,0.010839810938610308,0.015492475102773446,1.0062849408650874,0.375,0.003880807642205818,14.75,0.014826678355654004,1.0,,0.0008015564668455525,0.014997820392013443,0,vm_fail,0.016706943926969225,0.029094028894335475,1,vm_fail,0.03286649288089816,0.054027795504127264,2,vm_fail,0.018860968956109486,0.019527872764585143,0,vm_fail,0.006318063801910202,0.006318063801910202,0,vm_fail,0.0070714205309736515,0.009700044388596651,0,vm_fail,0.004370223914800977,0.004370223914800975,0,vm_fail,0.0005056937707408325,0.0007437310297221876,0,vm_fail,1.8679726479919735e-05,0.00015804052410966788,0,H12 swarm (c = 1)|n100 m10 vm_fail lam=1.0|605
h13_event_gamma,H12 swarm (c = 1),n100 m10 vm_fail lam=1.0,vm_fail,100,10,606,20000,4000,11.344552278518677,0.0011341750938532132,0.00640320503326173,0.00895826665460561,1.0032814649166264,0.125,0.0013020833333333333,18.0,0.0077201991310287404,1.0,,0.0011341750938532132,0.006629112996451638,0,vm_fail,0.02414284866599712,0.02414284866599712,0,vm_fail,0.004918945312564165,0.005078842375364874,0,vm_fail,0.011451467085054602,0.029165079901158127,1,vm_fail,0.00408498221830121,0.005776545605521297,0,vm_fail,0.003425068366402184,0.0038980569115646476,0,vm_fail,0.002627255873346495,0.0026804530511086917,0,vm_fail,0.0004731506844845095,0.0006565285603940623,0,vm_fail,0.00010192205994355113,0.0002677781657360722,0,H12 swarm (c = 1)|n100 m10 vm_fail lam=1.0|606
h13_event_gamma,H12 swarm (c = 1),n100 m10 vm_fail lam=1.0,vm_fail,100,10,607,20000,4000,11.358920097351074,0.0004911222434193251,0.007272597033244327,0.0080844015026592,1.0034716270487647,0.0,0.0,16.875,0.007272597033244327,1.0,,0.0004911222434193251,0.008204047167754537,0,vm_fail,0.021558364757446453,0.021558364757446453,0,vm_fail,0.018992727148660397,0.018992727148660394,0,vm_fail,0.003963512451574932,0.0058890603597300285,0,vm_fail,0.003969389307773399,0.007156813877480243,0,vm_fail,0.007841992884727896,0.007841992884727896,0,vm_fail,0.0012022032371891832,0.002303061346268653,0,vm_fail,0.0006252082748698065,0.0008510017552751581,0,vm_fail,2.737820371255024e-05,8.218989168478328e-05,0,H12 swarm (c = 1)|n100 m10 vm_fail lam=1.0|607
h13_event_gamma,H12 swarm (c = 1),n100 m10 vm_fail lam=1.0,vm_fail,100,10,608,20000,4000,11.284258365631104,0.0006756984310903283,0.009433748652191775,0.009907401302764704,1.005117846927498,0.0,0.0,17.375,0.009433748652191775,1.0,,0.0006756984310903283,0.013619621398387863,0,vm_fail,0.011395082584879333,0.01339715557500383,0,vm_fail,0.016814557329719534,0.017925649460550395,0,vm_fail,0.03340964163134663,0.03340964163134663,0,vm_fail,0.005115017492953921,0.00511501749295392,0,vm_fail,0.006611857975092401,0.006832601162837685,0,vm_fail,0.001924373613620446,0.0019243736136204462,0,vm_fail,0.00018663134706490894,0.00045239230369923457,0,vm_fail,1.282724285702562e-05,0.00020237918210549765,0,H12 swarm (c = 1)|n100 m10 vm_fail lam=1.0|608
h13_event_gamma,H12 swarm (c = 1),n100 m10 vm_fail lam=1.0,vm_fail,100,10,609,20000,4000,11.474668979644775,0.00025655863405486156,0.006361605807337591,0.007687945213613537,1.0022810913052136,0.0,0.0,20.75,0.006361605807337591,1.0,,0.00025655863405486156,0.010364632278111527,0,vm_fail,0.01689757234884649,0.01998010427597013,0,vm_fail,0.009519275975477942,0.009532988942584428,0,vm_fail,0.013303896369859397,0.017063724830251606,0,vm_fail,0.005430158910153674,0.006152640435514414,0,vm_fail,0.0035326025825366944,0.0037399279410611232,0,vm_fail,0.0017454246680376547,0.003953417995961043,0,vm_fail,0.0004326125653688439,0.0007511076308619922,0,vm_fail,3.130303842003321e-05,0.0003296496567035632,0,H12 swarm (c = 1)|n100 m10 vm_fail lam=1.0|609
h13_event_gamma,H12 swarm (c = 1),n100 m10 vm_fail lam=1.0,vm_fail,100,10,610,20000,4000,11.139437675476074,0.00036567805905041053,0.005333735858323293,0.006016549643701042,1.000877855473429,0.0,0.0,17.625,0.005333735858323293,1.0,,0.00036567805905041053,0.0068499866289539755,0,vm_fail,0.009735045072179755,0.013295852469162534,0,vm_fail,0.0061816268579110096,0.0072563655025289974,0,vm_fail,0.007441850728084899,0.0074418507280848995,0,vm_fail,0.0112829316740934,0.011282931674093402,0,vm_fail,0.005613371350038232,0.0057774644042012145,0,vm_fail,0.0008939375498236834,0.0013577903203474662,0,vm_fail,0.0014636052747059643,0.0014636052747059643,0,vm_fail,5.7518359749399575e-05,0.0002565367764838621,0,H12 swarm (c = 1)|n100 m10 vm_fail lam=1.0|610
h13_event_gamma,"H12 swarm, c = 0 after every change",n100 m10 vm_fail lam=1.0,vm_fail,100,10,601,20000,4000,9.638142824172974,0.0006910863892909312,0.006850728229785768,0.009139732376877414,1.002581201346245,0.125,0.0013297872340425532,15.125,0.008191039999058434,1.0,,0.0006910863892909312,0.013107798800482165,0,vm_fail,0.019263808738611686,0.019263808738611693,0,vm_fail,0.01280307595833007,0.012803075958330069,0,vm_fail,0.006672674678767254,0.010097387307992197,0,vm_fail,0.007914450493037692,0.020572923011556648,1,vm_fail,0.005968321528760768,0.006052199663135861,0,vm_fail,0.0017468716790570223,0.0031647618436559093,0,vm_fail,0.00039979528592473136,0.0006062054039337892,0,vm_fail,3.6827475796921e-05,0.000557497087803142,0,"H12 swarm, c = 0 after every change|n100 m10 vm_fail lam=1.0|601"
h13_event_gamma,"H12 swarm, c = 0 after every change",n100 m10 vm_fail lam=1.0,vm_fail,100,10,602,20000,4000,10.065475702285767,0.0004921075407164687,0.007819201344152139,0.009465357781358942,1.004385163761579,0.125,0.0013157894736842105,16.0,0.009157818337156409,1.0,,0.0004921075407164687,0.0239080648063383,0,vm_fail,0.017348914683244763,0.028225820560846826,1,vm_fail,0.01905093507195634,0.019050935071956345,0,vm_fail,0.00472042122865496,0.005723826907750561,0,vm_fail,0.01573745743988751,0.016048408395674823,0,vm_fail,0.002927773821183526,0.00353358241420292,0,vm_fail,0.0023837143818308155,0.0026132940719117252,0,vm_fail,0.0003678883775879916,0.00038580583717424743,0,vm_fail,1.6505748871198887e-05,0.0001411889913540823,0,"H12 swarm, c = 0 after every change|n100 m10 vm_fail lam=1.0|602"
h13_event_gamma,"H12 swarm, c = 0 after every change",n100 m10 vm_fail lam=1.0,vm_fail,100,10,603,20000,4000,9.814777135848999,0.0008334994675289358,0.0037465797642356044,0.00463690625148896,0.9995192506024699,0.0,0.0,22.0,0.0037465797642356044,1.0,,0.0008334994675289358,0.009161062079556146,0,vm_fail,0.01258797822211344,0.012831110107519944,0,vm_fail,0.0025386776858340727,0.003781750793495151,0,vm_fail,0.0033526599622703927,0.005468280587708889,0,vm_fail,0.009397237165261833,0.010936916776857876,0,vm_fail,0.0006614262316149475,0.0012734854648524764,0,vm_fail,0.000997300595949128,0.002324667267666986,0,vm_fail,0.00043570524637495244,0.0004663377462842008,0,vm_fail,1.6530044660661003e-06,1.2701267526154229e-05,0,"H12 swarm, c = 0 after every change|n100 m10 vm_fail lam=1.0|603"
h13_event_gamma,"H12 swarm, c = 0 after every change",n100 m10 vm_fail lam=1.0,vm_fail,100,10,604,20000,4000,10.179957389831543,0.0008614391877108207,0.005225887062891803,0.00816703464208438,1.0014205517373482,0.25,0.002660778985507246,15.75,0.007910719311766387,1.0,,0.0008614391877108207,0.02310671613892095,0,vm_fail,0.015491227208891812,0.026677615920762933,1,vm_fail,0.009521036898330263,0.009991023759426489,0,vm_fail,0.003391490788825526,0.003645416629913812,0,vm_fail,0.005402930939956315,0.005402930939956314,0,vm_fail,0.0028574424298289185,0.013774631340293398,1,vm_fail,0.004669136859658752,0.004669136859658753,0,vm_fail,0.00044527857345983356,0.0006428178550692289,0,vm_fail,2.8552804183008986e-05,0.0005327038315941146,0,"H12 swarm, c = 0 after every change|n100 m10 vm_fail lam=1.0|604"
h13_event_gamma,"H12 swarm, c = 0 after every change",n100 m10 vm_fail lam=1.0,vm_fail,100,10,605,20000,4000,9.928382396697998,0.0008015564668455525,0.007802781952894085,0.012874957058217182,1.003268409307686,0.375,0.003880807642205818,15.25,0.011761323873663718,1.0,,0.0008015564668455525,0.014997820392013443,0,vm_fail,0.01710141625799949,0.029388590135621187,1,vm_fail,0.021557269147634575,0.04506826921370837,2,vm_fail,0.005022368669709305,0.009234152492335935,0,vm_fail,0.014649672790503932,0.014649672790503932,0,vm_fail,0.0026075892470866927,0.002733167179989958,0,vm_fail,0.00119590444893221,0.001338228394205326,0,vm_fail,0.0002813328747755881,0.0005785853292206795,0,vm_fail,6.702186510883743e-06,8.990930152077198e-06,0,"H12 swarm, c = 0 after every change|n100 m10 vm_fail lam=1.0|605"
h13_event_gamma,"H12 swarm, c = 0 after every change",n100 m10 vm_fail lam=1.0,vm_fail,100,10,606,20000,4000,9.967072486877441,0.0011341750938532132,0.005343112628593834,0.008192452230346963,1.0022262796690322,0.25,0.0026041666666666665,18.25,0.007965886843436479,1.0,,0.0011341750938532132,0.006629112996451638,0,vm_fail,0.02414284866599712,0.02414284866599712,0,vm_fail,0.004918945312564165,0.00495417686877449,0,vm_fail,0.007145298499576638,0.02880045409724027,2,vm_fail,0.0023274110336545827,0.002596785456061232,0,vm_fail,0.0026932096281649634,0.002835603182295095,0,vm_fail,0.0012674162021434128,0.0014509385615099977,0,vm_fail,0.00022923545714036294,0.0006441501066577744,0,vm_fail,2.0536229509432568e-05,0.00011466090423972204,0,"H12 swarm, c = 0 after every change|n100 m10 vm_fail lam=1.0|606"
h13_event_gamma,"H12 swarm, c = 0 after every change",n100 m10 vm_fail lam=1.0,vm_fail,100,10,607,20000,4000,10.150355577468872,0.0004911222434193251,0.006516745001918157,0.007280351407859495,1.0027191038396701,0.0,0.0,16.875,0.006516745001918157,1.0,,0.0004911222434193251,0.008204047167754537,0,vm_fail,0.021558364757446453,0.021558364757446453,0,vm_fail,0.018992727148660397,0.018992727148660394,0,vm_fail,0.003253959632443325,0.004754013475406227,0,vm_fail,0.0029989110661463236,0.005295431483323814,0,vm_fail,0.0037614733890482966,0.004242759251312433,0,vm_fail,0.0010065328469984138,0.002088696818253999,0,vm_fail,0.0005114713637195983,0.0012408850336878491,0,vm_fail,5.051981088243856e-05,6.9933294784795e-05,0,"H12 swarm, c = 0 after every change|n100 m10 vm_fail lam=1.0|607"
h13_event_gamma,"H12 swarm, c = 0 after every change",n100 m10 vm_fail lam=1.0,vm_fail,100,10,608,20000,4000,9.980716705322266,0.0006756984310903283,0.007606819079646452,0.009364873404864273,1.0033029464580117,0.125,0.0013157894736842105,17.375,0.008952684845409412,1.0,,0.0006756984310903283,0.013619621398387863,0,vm_fail,0.008550182760864921,0.010127323274691537,0,vm_fail,0.022945954015306805,0.022945954015306805,0,vm_fail,0.022857981979842023,0.033703515314479016,1,vm_fail,0.002616211082627651,0.0027920581667180764,0,vm_fail,0.0018351164511375623,0.0022722054340515493,0,vm_fail,0.001831086925097442,0.0022033581966707572,0,vm_fail,0.00011604808310181132,0.00031661506809265035,0,vm_fail,0.00010197133919339728,0.000557957768903807,0,"H12 swarm, c = 0 after every change|n100 m10 vm_fail lam=1.0|608"
h13_event_gamma,"H12 swarm, c = 0 after every change",n100 m10 vm_fail lam=1.0,vm_fail,100,10,609,20000,4000,10.101333379745483,0.00025655863405486156,0.005505043521872654,0.008226487305599836,1.0014274715517435,0.125,0.001388888888888889,20.5,0.006904861818964679,1.0,,0.00025655863405486156,0.010364632278111527,0,vm_fail,0.02026033445116319,0.020260334451163188,0,vm_fail,0.00823242097297978,0.009100073209512631,0,vm_fail,0.007869173906262626,0.022537973861297526,1,vm_fail,0.003991651960777598,0.007232427660444294,0,vm_fail,0.0030005716167977284,0.004101551136351642,0,vm_fail,0.0004408232189702256,0.0019089826031384463,0,vm_fail,0.00023085930539642815,0.0005814812889148916,0,vm_fail,1.4512742633650248e-05,8.90742339760701e-05,0,"H12 swarm, c = 0 after every change|n100 m10 vm_fail lam=1.0|609"
h13_event_gamma,"H12 swarm, c = 0 after every change",n100 m10 vm_fail lam=1.0,vm_fail,100,10,610,20000,4000,10.001395463943481,0.00036567805905041053,0.004983966339525444,0.005808107320452236,1.0005296369301144,0.0,0.0,17.75,0.004983966339525444,1.0,,0.00036567805905041053,0.0068499866289539755,0,vm_fail,0.009735045072179755,0.01355171327180717,0,vm_fail,0.006170551030211874,0.007302393649100265,0,vm_fail,0.007441850728084899,0.0074418507280848995,0,vm_fail,0.010215893326901702,0.010873549990889955,0,vm_fail,0.002934428927046802,0.003672928735336645,0,vm_fail,0.0018720582265356344,0.001946796775966621,0,vm_fail,0.001429093557945909,0.0014290935579459095,0,vm_fail,7.280984729696771e-05,0.0002465318544864197,0,"H12 swarm, c = 0 after every change|n100 m10 vm_fail lam=1.0|610"
h13_event_gamma,"H12 swarm, event-aware gamma",n100 m10 vm_fail lam=1.0,vm_fail,100,10,601,20000,4000,10.242301225662231,0.0006910863892909312,0.006850728229785768,0.009139732376877414,1.002581201346245,0.125,0.0013297872340425532,15.125,0.008191039999058434,1.0,,0.0006910863892909312,0.013107798800482165,0,vm_fail,0.019263808738611686,0.019263808738611693,0,vm_fail,0.01280307595833007,0.012803075958330069,0,vm_fail,0.006672674678767254,0.010097387307992197,0,vm_fail,0.007914450493037692,0.020572923011556648,1,vm_fail,0.005968321528760768,0.006052199663135861,0,vm_fail,0.0017468716790570223,0.0031647618436559093,0,vm_fail,0.00039979528592473136,0.0006062054039337892,0,vm_fail,3.6827475796921e-05,0.000557497087803142,0,"H12 swarm, event-aware gamma|n100 m10 vm_fail lam=1.0|601"
h13_event_gamma,"H12 swarm, event-aware gamma",n100 m10 vm_fail lam=1.0,vm_fail,100,10,602,20000,4000,9.750401973724365,0.0004921075407164687,0.007819201344152139,0.009465357781358942,1.004385163761579,0.125,0.0013157894736842105,16.0,0.009157818337156409,1.0,,0.0004921075407164687,0.0239080648063383,0,vm_fail,0.017348914683244763,0.028225820560846826,1,vm_fail,0.01905093507195634,0.019050935071956345,0,vm_fail,0.00472042122865496,0.005723826907750561,0,vm_fail,0.01573745743988751,0.016048408395674823,0,vm_fail,0.002927773821183526,0.00353358241420292,0,vm_fail,0.0023837143818308155,0.0026132940719117252,0,vm_fail,0.0003678883775879916,0.00038580583717424743,0,vm_fail,1.6505748871198887e-05,0.0001411889913540823,0,"H12 swarm, event-aware gamma|n100 m10 vm_fail lam=1.0|602"
h13_event_gamma,"H12 swarm, event-aware gamma",n100 m10 vm_fail lam=1.0,vm_fail,100,10,603,20000,4000,9.725836515426636,0.0008334994675289358,0.0037465797642356044,0.00463690625148896,0.9995192506024699,0.0,0.0,22.0,0.0037465797642356044,1.0,,0.0008334994675289358,0.009161062079556146,0,vm_fail,0.01258797822211344,0.012831110107519944,0,vm_fail,0.0025386776858340727,0.003781750793495151,0,vm_fail,0.0033526599622703927,0.005468280587708889,0,vm_fail,0.009397237165261833,0.010936916776857876,0,vm_fail,0.0006614262316149475,0.0012734854648524764,0,vm_fail,0.000997300595949128,0.002324667267666986,0,vm_fail,0.00043570524637495244,0.0004663377462842008,0,vm_fail,1.6530044660661003e-06,1.2701267526154229e-05,0,"H12 swarm, event-aware gamma|n100 m10 vm_fail lam=1.0|603"
h13_event_gamma,"H12 swarm, event-aware gamma",n100 m10 vm_fail lam=1.0,vm_fail,100,10,604,20000,4000,10.111660957336426,0.0008614391877108207,0.005225887062891803,0.00816703464208438,1.0014205517373482,0.25,0.002660778985507246,15.75,0.007910719311766387,1.0,,0.0008614391877108207,0.02310671613892095,0,vm_fail,0.015491227208891812,0.026677615920762933,1,vm_fail,0.009521036898330263,0.009991023759426489,0,vm_fail,0.003391490788825526,0.003645416629913812,0,vm_fail,0.005402930939956315,0.005402930939956314,0,vm_fail,0.0028574424298289185,0.013774631340293398,1,vm_fail,0.004669136859658752,0.004669136859658753,0,vm_fail,0.00044527857345983356,0.0006428178550692289,0,vm_fail,2.8552804183008986e-05,0.0005327038315941146,0,"H12 swarm, event-aware gamma|n100 m10 vm_fail lam=1.0|604"
h13_event_gamma,"H12 swarm, event-aware gamma",n100 m10 vm_fail lam=1.0,vm_fail,100,10,605,20000,4000,9.977359056472778,0.0008015564668455525,0.007802781952894085,0.012874957058217182,1.003268409307686,0.375,0.003880807642205818,15.25,0.011761323873663718,1.0,,0.0008015564668455525,0.014997820392013443,0,vm_fail,0.01710141625799949,0.029388590135621187,1,vm_fail,0.021557269147634575,0.04506826921370837,2,vm_fail,0.005022368669709305,0.009234152492335935,0,vm_fail,0.014649672790503932,0.014649672790503932,0,vm_fail,0.0026075892470866927,0.002733167179989958,0,vm_fail,0.00119590444893221,0.001338228394205326,0,vm_fail,0.0002813328747755881,0.0005785853292206795,0,vm_fail,6.702186510883743e-06,8.990930152077198e-06,0,"H12 swarm, event-aware gamma|n100 m10 vm_fail lam=1.0|605"
h13_event_gamma,"H12 swarm, event-aware gamma",n100 m10 vm_fail lam=1.0,vm_fail,100,10,606,20000,4000,9.79863429069519,0.0011341750938532132,0.005343112628593834,0.008192452230346963,1.0022262796690322,0.25,0.0026041666666666665,18.25,0.007965886843436479,1.0,,0.0011341750938532132,0.006629112996451638,0,vm_fail,0.02414284866599712,0.02414284866599712,0,vm_fail,0.004918945312564165,0.00495417686877449,0,vm_fail,0.007145298499576638,0.02880045409724027,2,vm_fail,0.0023274110336545827,0.002596785456061232,0,vm_fail,0.0026932096281649634,0.002835603182295095,0,vm_fail,0.0012674162021434128,0.0014509385615099977,0,vm_fail,0.00022923545714036294,0.0006441501066577744,0,vm_fail,2.0536229509432568e-05,0.00011466090423972204,0,"H12 swarm, event-aware gamma|n100 m10 vm_fail lam=1.0|606"
h13_event_gamma,"H12 swarm, event-aware gamma",n100 m10 vm_fail lam=1.0,vm_fail,100,10,607,20000,4000,9.932837963104248,0.0004911222434193251,0.006516745001918157,0.007280351407859495,1.0027191038396701,0.0,0.0,16.875,0.006516745001918157,1.0,,0.0004911222434193251,0.008204047167754537,0,vm_fail,0.021558364757446453,0.021558364757446453,0,vm_fail,0.018992727148660397,0.018992727148660394,0,vm_fail,0.003253959632443325,0.004754013475406227,0,vm_fail,0.0029989110661463236,0.005295431483323814,0,vm_fail,0.0037614733890482966,0.004242759251312433,0,vm_fail,0.0010065328469984138,0.002088696818253999,0,vm_fail,0.0005114713637195983,0.0012408850336878491,0,vm_fail,5.051981088243856e-05,6.9933294784795e-05,0,"H12 swarm, event-aware gamma|n100 m10 vm_fail lam=1.0|607"
h13_event_gamma,"H12 swarm, event-aware gamma",n100 m10 vm_fail lam=1.0,vm_fail,100,10,608,20000,4000,10.104287147521973,0.0006756984310903283,0.007606819079646452,0.009364873404864273,1.0033029464580117,0.125,0.0013157894736842105,17.375,0.008952684845409412,1.0,,0.0006756984310903283,0.013619621398387863,0,vm_fail,0.008550182760864921,0.010127323274691537,0,vm_fail,0.022945954015306805,0.022945954015306805,0,vm_fail,0.022857981979842023,0.033703515314479016,1,vm_fail,0.002616211082627651,0.0027920581667180764,0,vm_fail,0.0018351164511375623,0.0022722054340515493,0,vm_fail,0.001831086925097442,0.0022033581966707572,0,vm_fail,0.00011604808310181132,0.00031661506809265035,0,vm_fail,0.00010197133919339728,0.000557957768903807,0,"H12 swarm, event-aware gamma|n100 m10 vm_fail lam=1.0|608"
h13_event_gamma,"H12 swarm, event-aware gamma",n100 m10 vm_fail lam=1.0,vm_fail,100,10,609,20000,4000,9.992432594299316,0.00025655863405486156,0.005505043521872654,0.008226487305599836,1.0014274715517435,0.125,0.001388888888888889,20.5,0.006904861818964679,1.0,,0.00025655863405486156,0.010364632278111527,0,vm_fail,0.02026033445116319,0.020260334451163188,0,vm_fail,0.00823242097297978,0.009100073209512631,0,vm_fail,0.007869173906262626,0.022537973861297526,1,vm_fail,0.003991651960777598,0.007232427660444294,0,vm_fail,0.0030005716167977284,0.004101551136351642,0,vm_fail,0.0004408232189702256,0.0019089826031384463,0,vm_fail,0.00023085930539642815,0.0005814812889148916,0,vm_fail,1.4512742633650248e-05,8.90742339760701e-05,0,"H12 swarm, event-aware gamma|n100 m10 vm_fail lam=1.0|609"
h13_event_gamma,"H12 swarm, event-aware gamma",n100 m10 vm_fail lam=1.0,vm_fail,100,10,610,20000,4000,10.02501392364502,0.00036567805905041053,0.004983966339525444,0.005808107320452236,1.0005296369301144,0.0,0.0,17.75,0.004983966339525444,1.0,,0.00036567805905041053,0.0068499866289539755,0,vm_fail,0.009735045072179755,0.01355171327180717,0,vm_fail,0.006170551030211874,0.007302393649100265,0,vm_fail,0.007441850728084899,0.0074418507280848995,0,vm_fail,0.010215893326901702,0.010873549990889955,0,vm_fail,0.002934428927046802,0.003672928735336645,0,vm_fail,0.0018720582265356344,0.001946796775966621,0,vm_fail,0.001429093557945909,0.0014290935579459095,0,vm_fail,7.280984729696771e-05,0.0002465318544864197,0,"H12 swarm, event-aware gamma|n100 m10 vm_fail lam=1.0|610"
h13_event_gamma,Chooser (cheaper of the two),n200 m20 lognormal mixed lam=0.05,mixed,200,20,601,20000,4000,0.10613608360290527,0.0020080271013564973,0.002537541830485545,0.04772609766368161,1.0,163.75,0.9014618764172335,3.0,0.04772609766368161,0.05,,0.0020080271013564973,0.0020080271013564973,0,drift,0.0028454361643448127,0.04822419215078138,181,churn,0.002631221872149736,0.0499428826542418,151,vm_fail,0.0014310112320298856,0.03975107543733707,150,vm_add,0.0031838709985150615,0.04983192099994605,186,drift,0.003137005378329344,0.04877973912304343,182,vm_fail,0.002240580202699883,0.04929020743999331,169,churn,0.002004208814417287,0.047094398211066056,144,churn,0.002826999981398346,0.04889436529304379,147,Chooser (cheaper of the two)|n200 m20 lognormal mixed lam=0.05|601
h13_event_gamma,Chooser (cheaper of the two),n200 m20 lognormal mixed lam=0.05,mixed,200,20,602,20000,4000,0.10433316230773926,0.0032725845838694136,0.009301658823306375,0.04051355466244769,1.0059556391751219,123.625,0.6221146373056995,1.5,0.04051355466244769,0.05,,0.0032725845838694136,0.0032725845838694136,0,drift,0.0029628004652164437,0.05010205208708157,188,vm_add,0.0020410033733480747,0.04838539977936525,185,vm_fail,0.003017572413094961,0.04875101612933967,176,drift,0.004748624535072117,0.05272537135662183,191,churn,0.01392655370899252,0.01392655370899252,0,drift,0.004408600855930325,0.049104783594019215,178,vm_fail,0.040201331608598685,0.040201331608598685,0,vm_add,0.0031067836261978767,0.02091192903556279,71,Chooser (cheaper of the two)|n200 m20 lognormal mixed lam=0.05|602
h13_event_gamma,Chooser (cheaper of the two),n200 m20 lognormal mixed lam=0.05,mixed,200,20,603,20000,4000,0.10381746292114258,0.0025158993389305952,0.005201461739363816,0.03933251939763448,1.0030139007943855,132.5,0.681130108692042,4.125,0.03933251939763448,0.05,,0.0025158993389305952,0.0025158993389305952,0,vm_add,0.012497205237643454,0.012497205237643454,0,vm_add,0.0032480974325925687,0.04964832193884989,185,drift,0.002350982697539581,0.048709715647300623,185,vm_fail,0.0018280201206158108,0.04696245956875825,173,vm_fail,0.0024862357600389314,0.04875483125665611,168,churn,0.0160322168953262,0.0160322168953262,0,vm_fail,0.001664523497689317,0.04448178939849723,165,drift,0.0015044122734646603,0.04757361523804405,184,Chooser (cheaper of the two)|n200 m20 lognormal mixed lam=0.05|603
h13_event_gamma,Chooser (cheaper of the two),n200 m20 lognormal mixed lam=0.05,mixed,200,20,604,20000,4000,0.10569620132446289,0.0028353705101236137,0.0067038963738256,0.03504268255119354,1.0036546835656217,112.5,0.5650320512820513,1.0,0.03504268255119354,0.05,,0.0028353705101236137,0.0028353705101236137,0,vm_add,0.003441838909240834,0.051607047176884364,192,vm_fail,0.001886150111734409,0.042475383885491776,158,churn,0.011236598608527795,0.011236598608527795,0,drift,0.0030391463464804094,0.05043274601135169,189,vm_add,0.013104793746890634,0.013104793746890634,0,drift,0.0036208499886147306,0.048783788238102255,180,drift,0.0032996566449472924,0.04869896610813113,181,vm_fail,0.014002136634168699,0.014002136634168699,0,Chooser (cheaper of the two)|n200 m20 lognormal mixed lam=0.05|604
h13_event_gamma,Chooser (cheaper of the two),n200 m20 lognormal mixed lam=0.05,mixed,200,20,605,20000,4000,0.10658836364746094,0.0028175408858939015,0.004723373948919781,0.045157706190713805,1.0019581641251183,152.75,0.8063439396028682,4.25,0.045157706190713805,0.05,,0.0028175408858939015,0.0028175408858939015,0,vm_fail,0.0021012022264614754,0.047602013570798116,168,drift,0.0028813323820647456,0.0512703566694993,193,vm_add,0.004337404298576422,0.0525455997049081,192,vm_fail,0.0028631476729340396,0.048940643647095876,170,drift,0.003347336158662898,0.05100633462619955,190,churn,0.0026219360931720947,0.049619839347539565,150,churn,0.01763753549710392,0.01763753549710392,0,vm_fail,0.001997097262382653,0.042639326462566,159,Chooser (cheaper of the two)|n200 m20 lognormal mixed lam=0.05|605
h13_event_gamma,Chooser (cheaper of the two),n200 m20 lognormal mixed lam=0.05,mixed,200,20,606,20000,4000,0.10426974296569824,0.0033778545317582807,0.006638762873439685,0.04757053603926839,1.0032218023847037,151.75,0.8157631234499862,2.375,0.04757053603926839,0.05,,0.0033778545317582807,0.0033778545317582807,0,vm_fail,0.0035751701092742775,0.04823689233926807,170,vm_fail,0.0037839450022439315,0.05001083720629468,175,vm_add,0.02845674564701331,0.02845674564701331,0,drift,0.0037534703639088597,0.05193363694137657,192,vm_add,0.003595004954971586,0.05201846394404886,193,churn,0.00371702176984533,0.04951161088809452,146,vm_add,0.0030702347303674443,0.05021453576269463,188,churn,0.0031585104098927385,0.05018156558535646,150,Chooser (cheaper of the two)|n200 m20 lognormal mixed lam=0.05|606
h13_event_gamma,Chooser (cheaper of the two),n200 m20 lognormal mixed lam=0.05,mixed,200,20,607,20000,4000,0.10432839393615723,0.0030493773744975764,0.013146806587975065,0.04226821471835211,1.0105132513189556,110.5,0.5808799342105263,2.5,0.04226821471835211,0.05,,0.0030493773744975764,0.0030493773744975764,0,churn,0.0019971528896935093,0.04740014888000777,145,vm_add,0.04721773971558324,0.04721773971558324,0,vm_fail,0.0020096386263429777,0.0020096386263429777,0,vm_fail,0.0031181704635493395,0.049050423532143485,174,drift,0.00237644925272687,0.04973873647991821,189,vm_add,0.002663736931778842,0.04928760069910661,186,drift,0.0031550524123951473,0.05080491740198401,190,vm_add,0.0426365124117306,0.0426365124117306,0,Chooser (cheaper of the two)|n200 m20 lognormal mixed lam=0.05|607
h13_event_gamma,Chooser (cheaper of the two),n200 m20 lognormal mixed lam=0.05,mixed,200,20,608,20000,4000,0.10798144340515137,0.003765864856831517,0.0076255866808271015,0.041698931433555374,1.0055006091823684,134.125,0.679921602312391,5.25,0.041698931433555374,0.05,,0.003765864856831517,0.003765864856831517,0,drift,0.0022117323479314078,0.04981678963445834,190,drift,0.0019172777164892434,0.04775499317201861,183,drift,0.0022384986783197036,0.0485920292421918,185,vm_fail,0.0022352555136701665,0.04631261753626094,168,vm_fail,0.0025082738210769374,0.046106940937774815,167,drift,0.002542790591315866,0.04765721616792499,180,churn,0.022974581048439136,0.022974581048439136,0,vm_fail,0.024376283729374358,0.024376283729374358,0,Chooser (cheaper of the two)|n200 m20 lognormal mixed lam=0.05|608
h13_event_gamma,Chooser (cheaper of the two),n200 m20 lognormal mixed lam=0.05,mixed,200,20,609,20000,4000,0.1254432201385498,0.002169589774787635,0.0031971187568689313,0.04360305502288656,1.000963397753534,153.25,0.8064049815430319,3.875,0.04360305502288656,0.05,,0.002169589774787635,0.002169589774787635,0,drift,0.002205478257630714,0.04805637888791724,183,drift,0.0019194060400481217,0.04951057782695048,190,drift,0.0027245616839812635,0.04935125380228635,186,vm_add,0.010694574836989407,0.010694574836989407,0,drift,0.002068298805798532,0.0489149917749696,187,vm_fail,0.0021262212475043857,0.0472481348743555,172,vm_fail,0.0016711555322291743,0.0480969253813353,165,churn,0.002167253650769853,0.046951602798288625,143,Chooser (cheaper of the two)|n200 m20 lognormal mixed lam=0.05|609
h13_event_gamma,Chooser (cheaper of the two),n200 m20 lognormal mixed lam=0.05,mixed,200,20,610,20000,4000,0.10989570617675781,0.003410674010587747,0.011382293654949126,0.03918061524019866,1.0083119709787463,110.125,0.554375,1.0,0.03918061524019866,0.05,,0.003410674010587747,0.003410674010587747,0,churn,0.012523305493132998,0.012523305493132998,0,vm_add,0.03537954587756811,0.03537954587756811,0,drift,0.0030342306248476265,0.04942456379124679,185,churn,0.02881925613167984,0.02881925613167984,0,vm_fail,0.0026569074349033113,0.04025654146371232,144,drift,0.0029872533148251534,0.04837242652732108,181,vm_add,0.0020684961612550913,0.04916571548083408,188,drift,0.0035893542013808793,0.04950356715609408,183,Chooser (cheaper of the two)|n200 m20 lognormal mixed lam=0.05|610
h13_event_gamma,H12 swarm (c = 1),n200 m20 lognormal mixed lam=0.05,mixed,200,20,601,20000,4000,17.113386392593384,0.0014890778869997413,0.027551841699968563,0.07009257401028979,1.024938974406783,56.75,0.3035879534915439,2.125,0.043179896279375726,0.05,,0.0014890778869997413,0.03559234911298214,0,drift,0.008247226730543213,0.09348412546858956,122,churn,0.006649185483719919,0.022270889230574964,29,vm_fail,0.0051250570349465644,0.018132159045703762,32,vm_add,0.09482796584804293,0.09826551602895978,12,drift,0.07267413068354665,0.2360854790242843,139,vm_fail,0.009423261082227744,0.02581881463553157,34,churn,0.008665085093125588,0.02299105229934552,30,churn,0.014802821643595905,0.043692556349328886,56,H12 swarm (c = 1)|n200 m20 lognormal mixed lam=0.05|601
h13_event_gamma,H12 swarm (c = 1),n200 m20 lognormal mixed lam=0.05,mixed,200,20,602,20000,4000,16.709142923355103,0.0012154633240713604,0.013032877898442905,0.05010520498511317,1.0096734096379754,61.125,0.3078030377018395,2.25,0.02867321729211524,0.05,,0.0012154633240713604,0.03624042264108182,0,drift,0.014876895409536536,0.08279108462607955,121,vm_add,0.021888783125092993,0.04627493105642965,59,vm_fail,0.011636657972363646,0.01588019440036097,10,drift,0.0234070692119035,0.12514779508793322,122,churn,0.002788680582039325,0.0069351934321669655,9,drift,0.013112494140724296,0.08523806465326401,108,vm_fail,0.008869115621969901,0.015988583756247968,18,vm_add,0.007683327123913038,0.022585792868423018,42,H12 swarm (c = 1)|n200 m20 lognormal mixed lam=0.05|602
h13_event_gamma,H12 swarm (c = 1),n200 m20 lognormal mixed lam=0.05,mixed,200,20,603,20000,4000,16.652712106704712,0.0009352511348233596,0.016511423669595852,0.05009288288524383,1.0142961581144048,58.5,0.29743864668911657,3.625,0.03169044521858058,0.05,,0.0009352511348233596,0.03257682473825069,0,vm_add,0.011291753426061745,0.023305142430474816,46,vm_add,0.038926746228543474,0.08616216072815686,73,drift,0.02673472054874368,0.1294735349809167,131,vm_fail,0.011444814763150204,0.020383332901955455,25,vm_fail,0.012899455274027492,0.02464449671381561,29,churn,0.0054959517332274855,0.013218905693960854,14,vm_fail,0.009347099531382538,0.022637025856285083,36,drift,0.01595084785163019,0.08091846377638522,114,H12 swarm (c = 1)|n200 m20 lognormal mixed lam=0.05|603
h13_event_gamma,H12 swarm (c = 1),n200 m20 lognormal mixed lam=0.05,mixed,200,20,604,20000,4000,16.95434308052063,0.0005887998936933111,0.04167619326345916,0.0852616776661011,1.0385232022869033,60.875,0.3082103737113402,1.25,0.05757982081128382,0.05,,0.0005887998936933111,0.05434340637418281,0,vm_add,0.10440354786252679,0.10717039774181418,10,vm_fail,0.07929397825983632,0.07929397825983633,0,churn,0.00708060551731885,0.014267784634713176,17,drift,0.008131594457323827,0.07469695282259259,109,vm_add,0.009402030548388673,0.034392890203935725,65,drift,0.011196336714106544,0.10267354945555868,111,drift,0.09159713572591063,0.21599338750335798,114,vm_fail,0.022304317022261638,0.053604480707000225,61,H12 swarm (c = 1)|n200 m20 lognormal mixed lam=0.05|604
h13_event_gamma,H12 swarm (c = 1),n200 m20 lognormal mixed lam=0.05,mixed,200,20,605,20000,4000,16.789589405059814,0.0010226253860411915,0.014658135608396239,0.04714874085111375,1.0118521428279565,46.5,0.24324727049910874,4.125,0.026996633203550422,0.05,,0.0010226253860411915,0.054087616653766386,0,vm_fail,0.008771728532449825,0.029121884865793146,47,drift,0.010989756560723716,0.11145386578624984,99,vm_add,0.06632659858940117,0.07877865037349455,37,vm_fail,0.00778797672875707,0.013117873636801797,16,drift,0.01095072427992218,0.10266429602231253,114,churn,0.003609334045191263,0.028208266080335668,45,churn,0.003142491963351799,0.005554592951163446,6,vm_fail,0.0056864741673728885,0.008290497092759046,8,H12 swarm (c = 1)|n200 m20 lognormal mixed lam=0.05|605
h13_event_gamma,H12 swarm (c = 1),n200 m20 lognormal mixed lam=0.05,mixed,200,20,606,20000,4000,16.92526340484619,0.0019092029524887793,0.0240461377992036,0.04965348122501235,1.0205716710298276,50.25,0.26409141562300853,2.5,0.03762946454922128,0.05,,0.0019092029524887793,0.03567280077709383,0,vm_fail,0.013341708302206108,0.03305892150437104,51,vm_fail,0.007465567876649021,0.01705096471841373,28,vm_add,0.017223020839996436,0.02841508258223217,33,drift,0.013991608790643636,0.08636374690864318,107,vm_add,0.01681040266540671,0.054897432910966715,76,churn,0.005334780081604967,0.0061442836812453374,2,vm_add,0.04287965180726503,0.06464640986964384,40,churn,0.07532236202985688,0.10665100762458277,65,H12 swarm (c = 1)|n200 m20 lognormal mixed lam=0.05|606
h13_event_gamma,H12 swarm (c = 1),n200 m20 lognormal mixed lam=0.05,mixed,200,20,607,20000,4000,16.751724004745483,0.002304621341923467,0.030977804399034123,0.05904070027421532,1.028302659846254,55.375,0.28269217914438505,2.625,0.04561258362378514,0.05,,0.002304621341923467,0.04194488295809595,0,churn,0.007492419840116308,0.01870810164668705,23,vm_add,0.033560600393308555,0.04964908458422266,32,vm_fail,0.005908290023105988,0.014555109931502,26,vm_fail,0.009558711952203359,0.02834835730904614,42,drift,0.15086300778702877,0.18926711475580443,76,vm_add,0.0075230047588125725,0.0818637979507005,107,drift,0.008464126816795864,0.04810124900704173,93,vm_add,0.024452273620901587,0.04183278700871808,44,H12 swarm (c = 1)|n200 m20 lognormal mixed lam=0.05|607
h13_event_gamma,H12 swarm (c = 1),n200 m20 lognormal mixed lam=0.05,mixed,200,20,608,20000,4000,17.277885675430298,0.0008932678998622769,0.011013509094143321,0.052174580516116814,1.0088788542966332,67.25,0.3400385190800743,4.0,0.028244498154061725,0.05,,0.0008932678998622769,0.020175496384629864,0,drift,0.009945360168284602,0.07854225297403294,104,drift,0.027183224975141328,0.09633418882422819,98,drift,0.01596687779692999,0.1149530778938394,127,vm_fail,0.009243150502730602,0.011818290775190947,8,vm_fail,0.007032332826601645,0.02112380186962027,36,drift,0.008394274475451952,0.06141074665162841,108,churn,0.004521773615978983,0.004521773615978984,0,vm_fail,0.0058210783920274595,0.028692511524415373,57,H12 swarm (c = 1)|n200 m20 lognormal mixed lam=0.05|608
h13_event_gamma,H12 swarm (c = 1),n200 m20 lognormal mixed lam=0.05,mixed,200,20,609,20000,4000,16.481258392333984,0.0010657405057858237,0.00863974948485344,0.059746621294701,1.0063948585110163,78.0,0.39813897076885285,4.875,0.02872411034141223,0.05,,0.0010657405057858237,0.039347255187172095,0,drift,0.011080741063756394,0.1381783479450084,132,drift,0.009751287030940284,0.08986494456959916,123,drift,0.011416901116911266,0.05529763568242342,87,vm_add,0.005034840762516644,0.03667584368995122,73,drift,0.006859086024465471,0.09082700876970651,118,vm_fail,0.00881996477740528,0.019796405335387107,28,vm_fail,0.007318644440106747,0.02777103646291616,43,churn,0.008836530662725434,0.019561747902615948,20,H12 swarm (c = 1)|n200 m20 lognormal mixed lam=0.05|609
h13_event_gamma,H12 swarm (c = 1),n200 m20 lognormal mixed lam=0.05,mixed,200,20,610,20000,4000,16.880791425704956,0.0008864954741376248,0.017500465716512224,0.05275575869128088,1.0144137390544619,59.375,0.30254335732984294,1.125,0.03294409516828713,0.05,,0.0008864954741376248,0.02522783274187455,0,churn,0.003824997028098925,0.0048824871136520015,3,vm_add,0.025414032049695306,0.027900846984979914,9,drift,0.026621968837512805,0.10905120890198931,114,churn,0.005936221825146016,0.021140351251822394,28,vm_fail,0.010614212239337529,0.021708454667433024,28,drift,0.013366633622466075,0.07144370382994936,102,vm_add,0.030708096433508438,0.06151480444127629,66,drift,0.023517563696332715,0.10440421233914474,125,H12 swarm (c = 1)|n200 m20 lognormal mixed lam=0.05|610
h13_event_gamma,"H12 swarm, c = 0 after every change",n200 m20 lognormal mixed lam=0.05,mixed,200,20,601,20000,4000,14.311594724655151,0.0014890778869997413,0.009148606375164965,0.04036483685666391,1.0065925106095654,54.625,0.29183162024756854,3.875,0.023911764846935794,0.05,,0.0014890778869997413,0.03559234911298214,0,drift,0.009317047008791875,0.09212670539667311,107,churn,0.00503147566406524,0.015378232375516079,28,vm_fail,0.0064335232046366835,0.012226473281758512,15,vm_add,0.020662053358393155,0.06111645449231444,80,drift,0.018216987881990505,0.08774440963038552,114,vm_fail,0.004738241678783796,0.007867184687907643,7,churn,0.005363016526320287,0.01967812549891877,34,churn,0.003426505678338187,0.026781109489837158,52,"H12 swarm, c = 0 after every change|n200 m20 lognormal mixed lam=0.05|601"
h13_event_gamma,"H12 swarm, c = 0 after every change",n200 m20 lognormal mixed lam=0.05,mixed,200,20,602,20000,4000,14.661978244781494,0.0012154633240713604,0.006646240296623344,0.040503291260880384,1.0033096835857043,61.375,0.3097520143879882,2.625,0.022235240892186845,0.05,,0.0012154633240713604,0.03624042264108182,0,drift,0.009643926927233221,0.0772450818074618,102,vm_add,0.006590895539997542,0.032370388904218846,66,vm_fail,0.00669236807719657,0.01595992066151027,25,drift,0.0031561741936608355,0.07719146177276932,122,churn,0.0025111113539564808,0.005531736323499427,9,drift,0.005824434100504783,0.0762135251770058,105,vm_fail,0.00837227679409006,0.013215305772277695,13,vm_add,0.010378735386347258,0.026298909668299862,49,"H12 swarm, c = 0 after every change|n200 m20 lognormal mixed lam=0.05|602"
h13_event_gamma,"H12 swarm, c = 0 after every change",n200 m20 lognormal mixed lam=0.05,mixed,200,20,603,20000,4000,14.587823152542114,0.0009352511348233596,0.02730515217246994,0.051275391688338876,1.0250603315435334,41.375,0.21162208469721766,4.625,0.03819202414942481,0.05,,0.0009352511348233596,0.03257682473825069,0,vm_add,0.004934517555497093,0.02075678392379921,45,vm_add,0.10132603510926762,0.10270705630297959,5,drift,0.03706546339516363,0.14410728963420366,113,vm_fail,0.003195761248170652,0.004062690119622686,3,vm_fail,0.010020775134470581,0.018993020151714748,27,churn,0.003450065990581966,0.008123330410116881,13,vm_fail,0.005178935932360153,0.020269236568429768,45,drift,0.05326966301424786,0.09118372639584443,80,"H12 swarm, c = 0 after every change|n200 m20 lognormal mixed lam=0.05|603"
h13_event_gamma,"H12 swarm, c = 0 after every change",n200 m20 lognormal mixed lam=0.05,mixed,200,20,604,20000,4000,14.125824689865112,0.0005887998936933111,0.027995086835058317,0.07187205070043594,1.0248867630038485,62.125,0.3142767396907217,1.25,0.043875911858606204,0.05,,0.0005887998936933111,0.05434340637418281,0,vm_add,0.10440354786252679,0.10717039774181418,10,vm_fail,0.07929397825983632,0.07929397825983633,0,churn,0.0022181344321629873,0.011382705744577589,23,drift,0.007275390687417842,0.10259357351321877,127,vm_add,0.003604137964964459,0.03143762138920422,74,drift,0.0054379405007484866,0.08203378530510559,114,drift,0.016500256350345216,0.15500097588498848,146,vm_fail,0.005227308622464425,0.006063367764742336,3,"H12 swarm, c = 0 after every change|n200 m20 lognormal mixed lam=0.05|604"
h13_event_gamma,"H12 swarm, c = 0 after every change",n200 m20 lognormal mixed lam=0.05,mixed,200,20,605,20000,4000,14.355659008026123,0.0010226253860411915,0.012428494456855815,0.05463963772020901,1.0096359971218662,49.75,0.2608434697531071,4.375,0.02569638592677878,0.05,,0.0010226253860411915,0.054087616653766386,0,vm_fail,0.009038068684029803,0.025996536270840215,46,drift,0.034187474129534524,0.2070692707502147,81,vm_add,0.025538556232079106,0.07251970339699204,88,vm_fail,0.005282237325370397,0.014728801025837438,24,drift,0.013465627671752335,0.07432820357497506,94,churn,0.004878878121415867,0.02929058227661845,48,churn,0.0032339643873701487,0.006198477512733019,8,vm_fail,0.0038031491032943492,0.006985526953461166,9,"H12 swarm, c = 0 after every change|n200 m20 lognormal mixed lam=0.05|605"
h13_event_gamma,"H12 swarm, c = 0 after every change",n200 m20 lognormal mixed lam=0.05,mixed,200,20,606,20000,4000,14.481149673461914,0.0019092029524887793,0.04910837052526677,0.07043677815574637,1.0455550534250801,43.375,0.22547620761027498,2.25,0.06055676523727828,0.05,,0.0019092029524887793,0.03567280077709383,0,vm_fail,0.0035366803692992756,0.024937910374346593,62,vm_fail,0.0051823653994743915,0.014161710535052652,26,vm_add,0.006537271345301122,0.02017287907493756,43,drift,0.012198282968425038,0.06659903592447491,93,vm_add,0.024245465580944,0.0784689952258143,76,churn,0.0031818151751274205,0.017455155885815875,36,vm_add,0.0627912046700184,0.06466187827183191,7,churn,0.2751938786935445,0.2770366599536971,4,"H12 swarm, c = 0 after every change|n200 m20 lognormal mixed lam=0.05|606"
h13_event_gamma,"H12 swarm, c = 0 after every change",n200 m20 lognormal mixed lam=0.05,mixed,200,20,607,20000,4000,14.392882108688354,0.002304621341923467,0.024525527575407997,0.05052789222996838,1.021860606778354,50.5,0.2584005894024276,3.0,0.03767489746109321,0.05,,0.002304621341923467,0.04194488295809595,0,churn,0.0029933586954195763,0.012447322940247814,23,vm_add,0.013148982923472585,0.04080657400959485,49,vm_fail,0.006162159299178718,0.01675218900067347,33,vm_fail,0.011461341527358055,0.02022900531287337,24,drift,0.008568207527591522,0.06859264292329734,103,vm_add,0.10058152816045259,0.10269111465822708,6,drift,0.03167044065998192,0.09490470721298287,102,vm_add,0.02161820180980902,0.047799581781850335,64,"H12 swarm, c = 0 after every change|n200 m20 lognormal mixed lam=0.05|607"
h13_event_gamma,"H12 swarm, c = 0 after every change",n200 m20 lognormal mixed lam=0.05,mixed,200,20,608,20000,4000,13.672496318817139,0.0008932678998622769,0.02207648981017314,0.04956813858440157,1.0199170483218527,52.5,0.2666729581331503,4.375,0.035777963145428804,0.05,,0.0008932678998622769,0.020175496384629864,0,drift,0.007296534092875227,0.06457988082254752,102,drift,0.027183224975141328,0.060797917892683725,72,drift,0.08619975109958714,0.14547927692944154,93,vm_fail,0.03768700617270792,0.03768700617270792,0,vm_fail,0.002971451522953729,0.0032655398373139613,1,drift,0.00848650101226631,0.056205019866550444,92,churn,0.0022353049613680256,0.0072947090862492455,12,vm_fail,0.004552144644485453,0.021235758067718262,48,"H12 swarm, c = 0 after every change|n200 m20 lognormal mixed lam=0.05|608"
h13_event_gamma,"H12 swarm, c = 0 after every change",n200 m20 lognormal mixed lam=0.05,mixed,200,20,609,20000,4000,14.19602918624878,0.0010657405057858237,0.01789213230307155,0.06974375404689438,1.0156280263236095,72.125,0.3671505256593015,4.125,0.03669608293467009,0.05,,0.0010657405057858237,0.039347255187172095,0,drift,0.043371679344793385,0.15798057225738335,121,drift,0.04513917314161386,0.17100057664126359,124,drift,0.013791176665746502,0.062288922373533895,102,vm_add,0.006700222088683472,0.03207344434125399,56,drift,0.0098930362731546,0.08174853799903403,111,vm_fail,0.008437519014824516,0.013937005857969876,12,vm_fail,0.009745623403115763,0.01757026330858265,21,churn,0.0060586284926402905,0.021350709596133673,30,"H12 swarm, c = 0 after every change|n200 m20 lognormal mixed lam=0.05|609"
h13_event_gamma,"H12 swarm, c = 0 after every change",n200 m20 lognormal mixed lam=0.05,mixed,200,20,610,20000,4000,14.080111742019653,0.0008864954741376248,0.01020688181582174,0.040120928756921234,1.0071437331178787,55.125,0.27895779639175255,0.75,0.02432001604310196,0.05,,0.0008864954741376248,0.02522783274187455,0,churn,0.003824997028098925,0.0048066201466397005,3,vm_add,0.013019075155793952,0.02713318215489068,28,drift,0.013623964167558669,0.07052512613232745,97,churn,0.006219733477766817,0.0137423873515026,14,vm_fail,0.004025437406934327,0.016514541294480288,35,drift,0.002817454429618733,0.05856812870614693,96,vm_add,0.022552172035588288,0.05429647773159234,64,drift,0.015572220825214199,0.07538096653778989,104,"H12 swarm, c = 0 after every change|n200 m20 lognormal mixed lam=0.05|610"
h13_event_gamma,"H12 swarm, event-aware gamma",n200 m20 lognormal mixed lam=0.05,mixed,200,20,601,20000,4000,14.462453365325928,0.0014890778869997413,0.011349852821997302,0.039573786998343616,1.0087871917819693,49.5,0.26174606643356646,3.625,0.0246126156171902,0.05,,0.0014890778869997413,0.03559234911298214,0,drift,0.009317047008791875,0.09212670539667311,107,churn,0.00503147566406524,0.015378232375516079,28,vm_fail,0.0064335232046366835,0.012226473281758512,15,vm_add,0.03909921680324301,0.06941717351254886,66,drift,0.010976677259563923,0.07943094662986916,107,vm_fail,0.008769129464283083,0.01792146347117519,25,churn,0.0042371457302906755,0.01298339747769435,23,churn,0.006934607441103915,0.017105903841513625,25,"H12 swarm, event-aware gamma|n200 m20 lognormal mixed lam=0.05|601"
h13_event_gamma,"H12 swarm, event-aware gamma",n200 m20 lognormal mixed lam=0.05,mixed,200,20,602,20000,4000,14.670856475830078,0.0012154633240713604,0.0075236167441916114,0.043248837954850246,1.004184718307668,60.625,0.30625541406791407,2.5,0.02295199290370979,0.05,,0.0012154633240713604,0.03624042264108182,0,drift,0.009643926927233221,0.0772450818074618,102,vm_add,0.013433287309815968,0.03867284966992016,57,vm_fail,0.004864431840993655,0.01875185371862134,36,drift,0.006533867161878802,0.09603794800618812,122,churn,0.006883958153755838,0.00910556690864331,6,drift,0.0047267259034267685,0.0719930814988648,103,vm_fail,0.006658566961046715,0.014410418800215588,23,vm_add,0.0074441696953819175,0.01977390322888683,36,"H12 swarm, event-aware gamma|n200 m20 lognormal mixed lam=0.05|602"
h13_event_gamma,"H12 swarm, event-aware gamma",n200 m20 lognormal mixed lam=0.05,mixed,200,20,603,20000,4000,15.072332382202148,0.0009352511348233596,0.01919336597136302,0.054152114243191066,1.0169713734956618,53.125,0.27059324865269396,4.125,0.03310019787580273,0.05,,0.0009352511348233596,0.03257682473825069,0,vm_add,0.011291753426061745,0.023305142430474816,46,vm_add,0.038926746228543474,0.08616216072815686,73,drift,0.060453721525633185,0.1868918055059018,121,vm_fail,0.018000929643762386,0.020835239576309672,10,vm_fail,0.006739847887566098,0.017468769672572146,28,churn,0.0027302970729946867,0.010440933197163299,15,vm_fail,0.008826342201086983,0.01825657699790094,31,drift,0.006577289785255636,0.06985628583704903,101,"H12 swarm, event-aware gamma|n200 m20 lognormal mixed lam=0.05|603"
h13_event_gamma,"H12 swarm, event-aware gamma",n200 m20 lognormal mixed lam=0.05,mixed,200,20,604,20000,4000,15.137373208999634,0.0005887998936933111,0.027112115693289755,0.07017620502851465,1.0240067285671606,57.375,0.2904284793814433,1.25,0.04174241470045666,0.05,,0.0005887998936933111,0.05434340637418281,0,vm_add,0.10440354786252679,0.10717039774181418,10,vm_fail,0.07929397825983632,0.07929397825983633,0,churn,0.0031677173419112845,0.011491765099769567,22,drift,0.00586344027131544,0.08829743810171173,113,vm_add,0.006877110700292138,0.036882598786932515,72,drift,0.004796707878835941,0.09369348609418986,107,drift,0.004922873822858026,0.13470453168223911,129,vm_fail,0.007571549408742077,0.00987544446162402,6,"H12 swarm, event-aware gamma|n200 m20 lognormal mixed lam=0.05|604"
h13_event_gamma,"H12 swarm, event-aware gamma",n200 m20 lognormal mixed lam=0.05,mixed,200,20,605,20000,4000,14.80222463607788,0.0010226253860411915,0.024149480603076208,0.06209695867725153,1.0213054806397273,42.625,0.22358458596267738,4.5,0.03549090008221996,0.05,,0.0010226253860411915,0.054087616653766386,0,vm_fail,0.009038068684029803,0.025996536270840215,46,drift,0.034187474129534524,0.2070692707502147,81,vm_add,0.12632776796869633,0.12883758404312431,8,vm_fail,0.013242094365982416,0.03512072360922825,35,drift,0.0024775457739980218,0.07121745347277013,113,churn,0.0025914776620307952,0.010733367713324605,21,churn,0.0021493452465103854,0.008285095151428825,18,vm_fail,0.003182070993827372,0.00951563840708123,19,"H12 swarm, event-aware gamma|n200 m20 lognormal mixed lam=0.05|605"
h13_event_gamma,"H12 swarm, event-aware gamma",n200 m20 lognormal mixed lam=0.05,mixed,200,20,606,20000,4000,15.3755521774292,0.0019092029524887793,0.052672079892282446,0.07120740936226118,1.0491086203540607,39.5,0.20610120761027495,2.25,0.06325787552416323,0.05,,0.0019092029524887793,0.03567280077709383,0,vm_fail,0.0035366803692992756,0.024937910374346593,62,vm_fail,0.0051823653994743915,0.014161710535052652,26,vm_add,0.027455301762418057,0.030143406293493033,10,drift,0.01599612694285597,0.0709381887244359,89,vm_add,0.021430453059714232,0.06180403467468631,82,churn,0.0066631210218633195,0.017576312649016396,27,vm_add,0.0659187118890898,0.06825450328276854,7,churn,0.2751938786935445,0.28184320836429,13,"H12 swarm, event-aware gamma|n200 m20 lognormal mixed lam=0.05|606"
h13_event_gamma,"H12 swarm, event-aware gamma",n200 m20 lognormal mixed lam=0.05,mixed,200,20,607,20000,4000,14.952973365783691,0.002304621341923467,0.021029634703750577,0.042499329924632824,1.0183753311326216,46.375,0.23753298359697006,2.625,0.033109693672763806,0.05,,0.002304621341923467,0.04194488295809595,0,churn,0.0029933586954195763,0.012447322940247814,23,vm_add,0.046151388261189245,0.04969694998585388,13,vm_fail,0.0028526928229679472,0.00899221844516543,20,vm_fail,0.005288255753151184,0.02167152351893175,43,drift,0.0338975300909827,0.07485892539033497,86,vm_add,0.00907879338250774,0.06328431965510022,95,drift,0.015026155790126417,0.052810593225380176,81,vm_add,0.052948902833659786,0.05623278623604836,10,"H12 swarm, event-aware gamma|n200 m20 lognormal mixed lam=0.05|607"
h13_event_gamma,"H12 swarm, event-aware gamma",n200 m20 lognormal mixed lam=0.05,mixed,200,20,608,20000,4000,14.373140335083008,0.0008932678998622769,0.02207648981017314,0.04956813858440157,1.0199170483218527,52.5,0.2666729581331503,4.375,0.035777963145428804,0.05,,0.0008932678998622769,0.020175496384629864,0,drift,0.007296534092875227,0.06457988082254752,102,drift,0.027183224975141328,0.060797917892683725,72,drift,0.08619975109958714,0.14547927692944154,93,vm_fail,0.03768700617270792,0.03768700617270792,0,vm_fail,0.002971451522953729,0.0032655398373139613,1,drift,0.00848650101226631,0.056205019866550444,92,churn,0.0022353049613680256,0.0072947090862492455,12,vm_fail,0.004552144644485453,0.021235758067718262,48,"H12 swarm, event-aware gamma|n200 m20 lognormal mixed lam=0.05|608"
h13_event_gamma,"H12 swarm, event-aware gamma",n200 m20 lognormal mixed lam=0.05,mixed,200,20,609,20000,4000,14.366469860076904,0.0010657405057858237,0.016522808806819864,0.06860834262019465,1.0142612824739368,73.5,0.373444616045719,3.875,0.035619363649713576,0.05,,0.0010657405057858237,0.039347255187172095,0,drift,0.043371679344793385,0.15798057225738335,121,drift,0.04513917314161386,0.17100057664126359,124,drift,0.013791176665746502,0.062288922373533895,102,vm_add,0.009879689177774247,0.04013401817064725,63,drift,0.0021783325289259615,0.07363557716982227,105,vm_fail,0.0050071673788298346,0.015690815897046614,30,vm_fail,0.010493262805641864,0.01724524732098625,22,churn,0.0023219894112332623,0.010891011130873993,21,"H12 swarm, event-aware gamma|n200 m20 lognormal mixed lam=0.05|609"
h13_event_gamma,"H12 swarm, event-aware gamma",n200 m20 lognormal mixed lam=0.05,mixed,200,20,610,20000,4000,15.272335052490234,0.0008864954741376248,0.009027257531823025,0.03789198871350623,1.0059643724422878,54.125,0.2748356541450777,0.875,0.022876219810891406,0.05,,0.0008864954741376248,0.02522783274187455,0,churn,0.003824997028098925,0.0048066201466397005,3,vm_add,0.02636547629061777,0.028161615874126338,7,drift,0.009878336909548688,0.0792052833659116,96,churn,0.004934337901617985,0.012580920333455179,18,vm_fail,0.0032595588679034727,0.017007338234723845,41,drift,0.006162123209390104,0.05280011987515713,91,vm_add,0.011523328403189719,0.04235845023232069,69,drift,0.00626990164421753,0.06621556164571533,108,"H12 swarm, event-aware gamma|n200 m20 lognormal mixed lam=0.05|610"
h13_event_gamma,Chooser (cheaper of the two),n200 m20 lognormal mixed lam=0.2,mixed,200,20,601,20000,4000,0.10140490531921387,0.0020080271013564973,0.05339904682378815,0.12244484909450229,1.0507354405294052,64.125,0.34421875,3.0,0.12244484909450229,0.2,,0.0020080271013564973,0.0020080271013564973,0,drift,0.0028454361643448127,0.1843604601100913,181,churn,0.05843062813518217,0.05843062813518217,0,vm_fail,0.04476774648433946,0.04476774648433946,0,vm_add,0.1404810511829713,0.1404810511829713,0,drift,0.003137005378329344,0.18470480335180703,181,vm_fail,0.1018831365456512,0.1018831365456512,0,churn,0.07282037071808856,0.07282037071808856,0,churn,0.002826999981398346,0.19211059622788731,151,Chooser (cheaper of the two)|n200 m20 lognormal mixed lam=0.2|601
h13_event_gamma,Chooser (cheaper of the two),n200 m20 lognormal mixed lam=0.2,mixed,200,20,602,20000,4000,0.10424447059631348,0.0032725845838694136,0.024535444443380537,0.09431594145606553,1.0211488520587522,69.5,0.3475,1.5,0.09431594145606553,0.2,,0.0032725845838694136,0.0032725845838694136,0,drift,0.0029628004652164437,0.19151980695267715,188,vm_add,0.05072874706402097,0.05072874706402097,0,vm_fail,0.017066661574243424,0.017066661574243424,0,drift,0.004748624535072117,0.19565086319673583,190,churn,0.01392655370899252,0.01392655370899252,0,drift,0.004408600855930325,0.1831933318082859,178,vm_fail,0.040201331608598685,0.040201331608598685,0,vm_add,0.062240235734969805,0.062240235734969805,0,Chooser (cheaper of the two)|n200 m20 lognormal mixed lam=0.2|602
h13_event_gamma,Chooser (cheaper of the two),n200 m20 lognormal mixed lam=0.2,mixed,200,20,603,20000,4000,0.10415506362915039,0.0025158993389305952,0.039183192101925585,0.1089447819098017,1.03691624827721,67.5,0.34807005494505494,4.125,0.1089447819098017,0.2,,0.0025158993389305952,0.0025158993389305952,0,vm_add,0.012497205237643454,0.012497205237643454,0,vm_add,0.11004694061056376,0.11004694061056376,0,drift,0.002350982697539581,0.18979061646197953,187,vm_fail,0.09396558761909232,0.09396558761909232,0,vm_fail,0.0024862357600389314,0.1908655174248375,171,churn,0.0160322168953262,0.0160322168953262,0,vm_fail,0.07458195572173576,0.07458195572173576,0,drift,0.0015044122734646603,0.18377821530723518,182,Chooser (cheaper of the two)|n200 m20 lognormal mixed lam=0.2|603
h13_event_gamma,Chooser (cheaper of the two),n200 m20 lognormal mixed lam=0.2,mixed,200,20,604,20000,4000,0.10433197021484375,0.0028353705101236137,0.03574066499534697,0.10446782889753173,1.0326145603797103,68.5,0.3425,1.125,0.10446782889753173,0.2,,0.0028353705101236137,0.0028353705101236137,0,vm_add,0.10713880224687937,0.10713880224687937,0,vm_fail,0.08196704427067462,0.08196704427067462,0,churn,0.059752890084120006,0.059752890084120006,0,drift,0.0030391463464804094,0.19060746671327225,187,vm_add,0.013104793746890634,0.013104793746890634,0,drift,0.0036208499886147306,0.1842726029865654,180,drift,0.0032996566449472924,0.18489689449768287,181,vm_fail,0.014002136634168699,0.014002136634168699,0,Chooser (cheaper of the two)|n200 m20 lognormal mixed lam=0.2|604
h13_event_gamma,Chooser (cheaper of the two),n200 m20 lognormal mixed lam=0.2,mixed,200,20,605,20000,4000,0.10518670082092285,0.0028175408858939015,0.034046016129665214,0.10394250426018024,1.0311872825139587,68.0,0.3485135135135135,4.5,0.10394250426018024,0.2,,0.0028175408858939015,0.0028175408858939015,0,vm_fail,0.0021012022264614754,0.1841044476038079,168,drift,0.0028813323820647456,0.19643742953180324,193,vm_add,0.09334048722447964,0.09334048722447964,0,vm_fail,0.011509441447726953,0.011509441447726953,0,drift,0.003347336158662898,0.18695989867569818,183,churn,0.10867327166350166,0.10867327166350166,0,churn,0.013111810282160354,0.013111810282160354,0,vm_fail,0.037403247652264,0.037403247652264,0,Chooser (cheaper of the two)|n200 m20 lognormal mixed lam=0.2|605
h13_event_gamma,Chooser (cheaper of the two),n200 m20 lognormal mixed lam=0.2,mixed,200,20,606,20000,4000,0.1089625358581543,0.0033778545317582807,0.0759565529093202,0.14687954674326692,1.072297625338809,66.0,0.3534375,2.25,0.14687954674326692,0.2,,0.0033778545317582807,0.0033778545317582807,0,vm_fail,0.13913682187571108,0.13913682187571108,0,vm_fail,0.08683672954286684,0.08683672954286684,0,vm_add,0.11355095036193398,0.11355095036193398,0,drift,0.0037534703639088597,0.19647413667377933,192,vm_add,0.09532855878776052,0.09532855878776052,0,churn,0.16281714720212015,0.16281714720212015,0,vm_add,0.0030702347303674443,0.1896412983902158,186,churn,0.0031585104098927385,0.19125073111174762,150,Chooser (cheaper of the two)|n200 m20 lognormal mixed lam=0.2|606
h13_event_gamma,Chooser (cheaper of the two),n200 m20 lognormal mixed lam=0.2,mixed,200,20,607,20000,4000,0.12788915634155273,0.0030493773744975764,0.05457213647215836,0.09957188215583675,1.0518314544998981,44.875,0.224375,2.5,0.09957188215583675,0.2,,0.0030493773744975764,0.0030493773744975764,0,churn,0.05112689051934021,0.05112689051934021,0,vm_add,0.09856472472942406,0.09856472472942406,0,vm_fail,0.05113998845430175,0.05113998845430175,0,vm_fail,0.09346734056825297,0.09346734056825297,0,drift,0.00237644925272687,0.17578757497344857,173,vm_add,0.0941101334290953,0.0941101334290953,0,drift,0.0031550524123951473,0.18974189216110054,186,vm_add,0.0426365124117306,0.0426365124117306,0,Chooser (cheaper of the two)|n200 m20 lognormal mixed lam=0.2|607
h13_event_gamma,Chooser (cheaper of the two),n200 m20 lognormal mixed lam=0.2,mixed,200,20,608,20000,4000,0.11358284950256348,0.003765864856831517,0.02154741357116602,0.11437873155890659,1.019389375292553,92.625,0.463125,5.25,0.11437873155890659,0.2,,0.003765864856831517,0.003765864856831517,0,drift,0.0022117323479314078,0.1926319614940383,190,drift,0.0019172777164892434,0.1852681395386069,183,drift,0.0022384986783197036,0.18765262093380888,185,vm_fail,0.054393463529996446,0.054393463529996446,0,vm_fail,0.06172468092746198,0.06172468092746198,0,drift,0.002542790591315866,0.18600812126952668,183,churn,0.022974581048439136,0.022974581048439136,0,vm_fail,0.024376283729374358,0.024376283729374358,0,Chooser (cheaper of the two)|n200 m20 lognormal mixed lam=0.2|608
h13_event_gamma,Chooser (cheaper of the two),n200 m20 lognormal mixed lam=0.2,mixed,200,20,609,20000,4000,0.10625886917114258,0.002169589774787635,0.021963586749063884,0.1383528321238337,1.0196896620408682,113.625,0.5807162921348314,3.875,0.1383528321238337,0.2,,0.002169589774787635,0.002169589774787635,0,drift,0.002205478257630714,0.18560908077877714,183,drift,0.0019194060400481217,0.1922840931876572,190,drift,0.0027245616839812635,0.18923133015720178,186,vm_add,0.010694574836989407,0.010694574836989407,0,drift,0.002068298805798532,0.18945507068248282,187,vm_fail,0.07653952256626842,0.07653952256626842,0,vm_fail,0.0016711555322291743,0.1851232885117274,163,churn,0.07788569626956543,0.07788569626956543,0,Chooser (cheaper of the two)|n200 m20 lognormal mixed lam=0.2|609
h13_event_gamma,Chooser (cheaper of the two),n200 m20 lognormal mixed lam=0.2,mixed,200,20,610,20000,4000,0.10742425918579102,0.003410674010587747,0.028392984345410415,0.09799015971481147,1.0252826322249888,69.375,0.34687500000000004,1.0,0.09799015971481147,0.2,,0.003410674010587747,0.003410674010587747,0,churn,0.012523305493132998,0.012523305493132998,0,vm_add,0.03537954587756811,0.03537954587756811,0,drift,0.0030342306248476265,0.18859556329044444,185,churn,0.02881925613167984,0.02881925613167984,0,vm_fail,0.0698042775530822,0.0698042775530822,0,drift,0.0029872533148251534,0.1895428824313826,186,vm_add,0.07100665156676651,0.07100665156676651,0,drift,0.0035893542013808793,0.18824979537443498,184,Chooser (cheaper of the two)|n200 m20 lognormal mixed lam=0.2|610
h13_event_gamma,H12 swarm (c = 1),n200 m20 lognormal mixed lam=0.2,mixed,200,20,601,20000,4000,17.223315477371216,0.0014890778869997413,0.015590664056043145,0.08026471993777032,1.013016956166636,42.75,0.22526895206243033,2.625,0.061308074356891014,0.2,,0.0014890778869997413,0.03559234911298214,0,drift,0.013560059921418698,0.19183170190876897,121,churn,0.008920720788374407,0.03592435516966483,15,vm_fail,0.010309879237156505,0.02418264965074639,10,vm_add,0.049591518153154254,0.09239017487335979,31,drift,0.009620646705362003,0.15824514088580854,91,vm_fail,0.010421765112701667,0.04022379278905382,25,churn,0.008556711486510429,0.04185110918891284,22,churn,0.01374401104366719,0.05746883503584743,27,H12 swarm (c = 1)|n200 m20 lognormal mixed lam=0.2|601
h13_event_gamma,H12 swarm (c = 1),n200 m20 lognormal mixed lam=0.2,mixed,200,20,602,20000,4000,17.297253370285034,0.0012154633240713604,0.0314151587549028,0.09094504273091146,1.0279834439225963,41.375,0.20794005102040816,1.75,0.07505115454481404,0.2,,0.0012154633240713604,0.03624042264108182,0,drift,0.05082156817339824,0.1734506065847862,86,vm_add,0.030772221730502775,0.07971195747426842,38,vm_fail,0.007559499976680534,0.029513894677333088,19,drift,0.0809838424740015,0.21389515214761814,87,churn,0.0034963360960268077,0.0060182708322102756,2,drift,0.04608979873441451,0.15263212855731575,67,vm_fail,0.012276476534898205,0.026061073385117067,10,vm_add,0.0193215263192998,0.046277258188642714,22,H12 swarm (c = 1)|n200 m20 lognormal mixed lam=0.2|602
h13_event_gamma,H12 swarm (c = 1),n200 m20 lognormal mixed lam=0.2,mixed,200,20,603,20000,4000,16.4071843624115,0.0009352511348233596,0.059482514884473606,0.10926393629065856,1.0571694733567125,30.25,0.1535422917803237,4.625,0.09258382710222945,0.2,,0.0009352511348233596,0.03257682473825069,0,vm_add,0.011291753426061745,0.05732947415893542,45,vm_add,0.10825802898931408,0.11304134233987635,4,drift,0.16715638251178347,0.3339120575133689,75,vm_fail,0.10009598994232136,0.11772655991138949,12,vm_fail,0.00814441318673054,0.0190861170966733,8,churn,0.0067429345494942365,0.015716823334664804,6,vm_fail,0.020900953455835574,0.048559056961442505,20,drift,0.05326966301424786,0.16874005900891775,72,H12 swarm (c = 1)|n200 m20 lognormal mixed lam=0.2|603
h13_event_gamma,H12 swarm (c = 1),n200 m20 lognormal mixed lam=0.2,mixed,200,20,604,20000,4000,17.39655876159668,0.0005887998936933111,0.05391556530543466,0.12542483039842858,1.0507213410797616,41.875,0.21037660256410257,1.125,0.09808845035171297,0.2,,0.0005887998936933111,0.05434340637418281,0,vm_add,0.10438520765829207,0.11546107770317202,10,vm_fail,0.07927605503600306,0.07927605503600307,0,churn,0.0050304320286549695,0.01437154500198646,6,drift,0.03680248302752991,0.19954243495394736,90,vm_add,0.038458734359813965,0.08794346956329929,41,drift,0.03676509243120588,0.17325997975004195,84,drift,0.07493229538683881,0.2730501363348311,100,vm_fail,0.05567422251513867,0.06049394484414735,4,H12 swarm (c = 1)|n200 m20 lognormal mixed lam=0.2|604
h13_event_gamma,H12 swarm (c = 1),n200 m20 lognormal mixed lam=0.2,mixed,200,20,605,20000,4000,16.722081184387207,0.0010226253860411915,0.025064796878414872,0.08006461410227207,1.022233423519578,35.125,0.17978239150413378,4.625,0.0624158921829374,0.2,,0.0010226253860411915,0.054087616653766386,0,vm_fail,0.011280479589469051,0.04765818679035939,29,drift,0.0733270848361507,0.18357933134534213,66,vm_add,0.0403751706506929,0.12217932507487539,54,vm_fail,0.018380465955124492,0.03207895728138762,11,drift,0.03220886446383716,0.2041274624085338,104,churn,0.011581204174923934,0.031833328547531875,13,churn,0.008383685262241976,0.011689279798728103,2,vm_fail,0.004981420094878757,0.007371041571418298,2,H12 swarm (c = 1)|n200 m20 lognormal mixed lam=0.2|605
h13_event_gamma,H12 swarm (c = 1),n200 m20 lognormal mixed lam=0.2,mixed,200,20,606,20000,4000,17.545860528945923,0.0019092029524887793,0.04436531461541415,0.08409292023118059,1.0408170544607283,27.5,0.15154472356961746,2.375,0.07570261608963869,0.2,,0.0019092029524887793,0.03567280077709383,0,vm_fail,0.020354180926698596,0.06636963489229519,35,vm_fail,0.01892389591972805,0.03255120659380753,11,vm_add,0.01959274092591534,0.04248376333208847,19,drift,0.030819957700103054,0.09970811720436681,50,vm_add,0.12486439347299692,0.13224502271276403,4,churn,0.03350270052051451,0.08582745215866913,34,vm_add,0.07271442587551963,0.09522316480105007,19,churn,0.03415022158183714,0.11833500015440351,48,H12 swarm (c = 1)|n200 m20 lognormal mixed lam=0.2|606
h13_event_gamma,H12 swarm (c = 1),n200 m20 lognormal mixed lam=0.2,mixed,200,20,607,20000,4000,16.793160676956177,0.002304621341923467,0.03453446639935893,0.08089956695273472,1.0318419630642648,34.5,0.1749423022797636,2.875,0.07095251394454945,0.2,,0.002304621341923467,0.04194488295809595,0,churn,0.015057397546480333,0.027169572023106964,8,vm_add,0.03408402199382782,0.05950315290756051,24,vm_fail,0.010542448177260974,0.01992952705549008,7,vm_fail,0.017496068553102984,0.04985502011285858,27,drift,0.04866029682313625,0.1482297271056692,67,vm_add,0.02551801369808929,0.11903200756535283,65,drift,0.07933031497503545,0.13324078601210898,42,vm_add,0.045587169427938334,0.09023674283973061,36,H12 swarm (c = 1)|n200 m20 lognormal mixed lam=0.2|607
h13_event_gamma,H12 swarm (c = 1),n200 m20 lognormal mixed lam=0.2,mixed,200,20,608,20000,4000,16.81568145751953,0.0008932678998622769,0.02752921410397954,0.10038865895081342,1.0253583897202634,47.375,0.2390330099358403,5.125,0.07702458885809427,0.2,,0.0008932678998622769,0.020175496384629864,0,drift,0.02015903778732377,0.1663406938250642,92,drift,0.027183224975141328,0.18151044511936626,95,drift,0.09446242782958116,0.210212782552239,76,vm_fail,0.026072347129923908,0.043728283168681756,9,vm_fail,0.012060588622579553,0.019916570190543135,6,drift,0.015809149269650907,0.11984836978009414,71,churn,0.010943394204805936,0.010943394204805935,0,vm_fail,0.013543543012829761,0.050608732765712885,30,H12 swarm (c = 1)|n200 m20 lognormal mixed lam=0.2|608
h13_event_gamma,H12 swarm (c = 1),n200 m20 lognormal mixed lam=0.2,mixed,200,20,609,20000,4000,17.34364652633667,0.0010657405057858237,0.031760877827978,0.12085250766782524,1.0294624141121296,56.75,0.28689776576980147,2.75,0.09146782001881412,0.2,,0.0010657405057858237,0.039347255187172095,0,drift,0.05572434733166355,0.23613264419227517,107,drift,0.020012680411988337,0.17704325371881283,103,drift,0.039373805753426305,0.12943516678377318,64,vm_add,0.03321087957212701,0.08267458525742416,31,drift,0.06616242390598294,0.2293772055973005,97,vm_fail,0.020717876241145877,0.021799811302267498,1,vm_fail,0.011601804788888647,0.06985222616784914,43,churn,0.00728320461860133,0.020505168322899454,8,H12 swarm (c = 1)|n200 m20 lognormal mixed lam=0.2|609
h13_event_gamma,H12 swarm (c = 1),n200 m20 lognormal mixed lam=0.2,mixed,200,20,610,20000,4000,17.452304124832153,0.0008864954741376248,0.034202462995222144,0.0792221536899193,1.0310748187880994,31.875,0.16181855366492148,1.125,0.06768756576148191,0.2,,0.0008864954741376248,0.02522783274187455,0,churn,0.005047425752106124,0.006319207690594782,1,vm_add,0.02667301159533937,0.033859722676506686,7,drift,0.039102927561795,0.15007815473338842,77,churn,0.0089492813807663,0.029761349476935383,12,vm_fail,0.01301646906803798,0.031173062667488937,14,drift,0.0405806948857771,0.1223156568589794,59,vm_add,0.11114956050674496,0.11968520940336491,7,drift,0.02910033321121034,0.1405848660120959,78,H12 swarm (c = 1)|n200 m20 lognormal mixed lam=0.2|610
h13_event_gamma,"H12 swarm, c = 0 after every change",n200 m20 lognormal mixed lam=0.2,mixed,200,20,601,20000,4000,14.478706359863281,0.0014890778869997413,0.041181962614785406,0.0917708662416449,1.0385291533283239,29.625,0.15828525641025643,2.5,0.07455359298293282,0.2,,0.0014890778869997413,0.03559234911298214,0,drift,0.01396143390524798,0.17206513658176348,85,churn,0.011583495845242613,0.02623967190893484,10,vm_fail,0.009177534208712776,0.020515239715561163,10,vm_add,0.09823710177002813,0.10494749045626241,6,drift,0.15608737404084333,0.2895444352636849,72,vm_fail,0.02671109071479254,0.02671109071479254,0,churn,0.006457381583758798,0.04451564556534392,26,churn,0.007240288849657025,0.049628219726816025,28,"H12 swarm, c = 0 after every change|n200 m20 lognormal mixed lam=0.2|601"
h13_event_gamma,"H12 swarm, c = 0 after every change",n200 m20 lognormal mixed lam=0.2,mixed,200,20,602,20000,4000,14.276192665100098,0.0012154633240713604,0.03904908540901195,0.08352962742239614,1.035590792508792,29.875,0.14984375,2.375,0.07061839629152533,0.2,,0.0012154633240713604,0.03624042264108182,0,drift,0.020873818041484617,0.13821149902753901,76,vm_add,0.05305011552837858,0.06959930053345924,15,vm_fail,0.01931366060317935,0.019313660603179347,0,drift,0.10552560100733192,0.2088465913566352,64,churn,0.0027017421633462077,0.008375372456792622,3,drift,0.04805701585621953,0.14125508256695263,64,vm_fail,0.028582133386937998,0.028582133386937998,0,vm_add,0.034288596685217346,0.0540533794476731,17,"H12 swarm, c = 0 after every change|n200 m20 lognormal mixed lam=0.2|602"
h13_event_gamma,"H12 swarm, c = 0 after every change",n200 m20 lognormal mixed lam=0.2,mixed,200,20,603,20000,4000,14.628947496414185,0.0009352511348233596,0.03966404889624541,0.08374049896295914,1.03739173212684,27.75,0.14082752273107602,3.75,0.06914026006684418,0.2,,0.0009352511348233596,0.03257682473825069,0,vm_add,0.010334703165359988,0.05339705943877789,38,vm_add,0.1048558413126449,0.11178534900913828,6,drift,0.08523383342432951,0.24874308229447245,81,vm_fail,0.04692036727457628,0.04692036727457628,0,vm_fail,0.010517713795551657,0.02265140898206101,10,churn,0.01033722250117859,0.022804932369552985,8,vm_fail,0.013227104178740463,0.04082195706076525,22,drift,0.03588560551758189,0.12279983527432897,57,"H12 swarm, c = 0 after every change|n200 m20 lognormal mixed lam=0.2|603"
h13_event_gamma,"H12 swarm, c = 0 after every change",n200 m20 lognormal mixed lam=0.2,mixed,200,20,604,20000,4000,14.570167303085327,0.0005887998936933111,0.07120580315892228,0.12377282827391012,1.0679547308217652,33.5,0.16897287436548222,0.875,0.10735394686213016,0.2,,0.0005887998936933111,0.05434340637418281,0,vm_add,0.10438520765829207,0.11545462250704518,10,vm_fail,0.07927605503600306,0.07927605503600307,0,churn,0.004393825712803374,0.01794074336713202,9,drift,0.04151724773452949,0.15556008090453566,73,vm_add,0.04248766352709046,0.0810645829558612,28,drift,0.03806200215366391,0.14685081371128128,70,drift,0.14095631260184854,0.2672018600501388,71,vm_fail,0.1185681108471473,0.12683386765928364,7,"H12 swarm, c = 0 after every change|n200 m20 lognormal mixed lam=0.2|604"
h13_event_gamma,"H12 swarm, c = 0 after every change",n200 m20 lognormal mixed lam=0.2,mixed,200,20,605,20000,4000,14.500027179718018,0.0010226253860411915,0.03867878522207497,0.08002305083701838,1.0357918831593735,26.25,0.13808787677304965,4.25,0.06715177402681449,0.2,,0.0010226253860411915,0.054087616653766386,0,vm_fail,0.019035967034984873,0.043042478770125854,18,drift,0.04440571790388828,0.13915294890872257,58,vm_add,0.137243798214706,0.14580789015289308,6,vm_fail,0.052126810050040454,0.05212681005004045,0,drift,0.030937943112402402,0.15451780555974007,83,churn,0.009896398644013022,0.07129228404913963,32,churn,0.004801632820241075,0.013834176662471014,6,vm_fail,0.01098201399632365,0.020410012543014396,7,"H12 swarm, c = 0 after every change|n200 m20 lognormal mixed lam=0.2|605"
h13_event_gamma,"H12 swarm, c = 0 after every change",n200 m20 lognormal mixed lam=0.2,mixed,200,20,606,20000,4000,14.522443532943726,0.0019092029524887793,0.03559653230818351,0.08194665858508215,1.0320819735323774,24.625,0.13373886284508046,2.25,0.06307647012888423,0.2,,0.0019092029524887793,0.03567280077709383,0,vm_fail,0.010470588580454198,0.05464208824593905,37,vm_fail,0.007510860326915116,0.022667531954241905,11,vm_add,0.030808809546927277,0.037010229793044865,6,drift,0.01843049343386337,0.10900760297417132,58,vm_add,0.09264810306950855,0.11740796894538966,21,churn,0.015576968350979041,0.061517442576159424,29,vm_add,0.07574287994602885,0.0810482482403081,4,churn,0.03358355521079162,0.17227215595140302,31,"H12 swarm, c = 0 after every change|n200 m20 lognormal mixed lam=0.2|606"
h13_event_gamma,"H12 swarm, c = 0 after every change",n200 m20 lognormal mixed lam=0.2,mixed,200,20,607,20000,4000,14.90528917312622,0.002304621341923467,0.04373986388681394,0.08168845366880784,1.041024323113744,24.5,0.12441590314136125,2.75,0.07012327765632764,0.2,,0.002304621341923467,0.04194488295809595,0,churn,0.007257008783025678,0.022026654244547698,10,vm_add,0.05185099175753315,0.05723069747129521,5,vm_fail,0.006442874455101842,0.00644287445510184,0,vm_fail,0.01900557517304055,0.03367775563956462,12,drift,0.07528540545104385,0.18856775583435653,60,vm_add,0.07841988206784474,0.14699792014298715,45,drift,0.04790687448006335,0.11000876002474802,45,vm_add,0.06375029892685831,0.08855521153786158,19,"H12 swarm, c = 0 after every change|n200 m20 lognormal mixed lam=0.2|607"
h13_event_gamma,"H12 swarm, c = 0 after every change",n200 m20 lognormal mixed lam=0.2,mixed,200,20,608,20000,4000,14.351794719696045,0.0008932678998622769,0.025791054825507694,0.09678559187466043,1.0236227521647423,45.125,0.2320829031867631,5.25,0.07373653671611091,0.2,,0.0008932678998622769,0.020175496384629864,0,drift,0.006365809547875945,0.1134737008490701,72,drift,0.036972262490433415,0.18953715627150478,78,drift,0.05609748539751029,0.18789050076802144,81,vm_fail,0.008929192571865353,0.008929192571865353,0,vm_fail,0.011555799316720478,0.0345460393398663,20,drift,0.06401109892095715,0.1373372831640027,52,churn,0.007360949941833272,0.04482422362645711,25,vm_fail,0.01503584041686566,0.05774663840649562,33,"H12 swarm, c = 0 after every change|n200 m20 lognormal mixed lam=0.2|608"
h13_event_gamma,"H12 swarm, c = 0 after every change",n200 m20 lognormal mixed lam=0.2,mixed,200,20,609,20000,4000,14.377211809158325,0.0010657405057858237,0.024165916508928065,0.11088183656763216,1.0218840544503833,48.25,0.24360541279215883,5.375,0.07443270352628348,0.2,,0.0010657405057858237,0.039347255187172095,0,drift,0.022347856263852717,0.21844002784367422,93,drift,0.056222829748126646,0.26325295067320453,92,drift,0.03643442205727898,0.1328185069770312,67,vm_add,0.03832760871110988,0.0838568959645498,35,drift,0.014771381535361705,0.13114155007827183,76,vm_fail,0.010561143061414053,0.025516279004687305,11,vm_fail,0.009812024821271846,0.012169908538093096,2,churn,0.004850065873008698,0.019858573461545268,10,"H12 swarm, c = 0 after every change|n200 m20 lognormal mixed lam=0.2|609"
h13_event_gamma,"H12 swarm, c = 0 after every change",n200 m20 lognormal mixed lam=0.2,mixed,200,20,610,20000,4000,15.08333969116211,0.0008864954741376248,0.02650320763250875,0.07103405368827065,1.0233948824706816,31.875,0.1610251322751323,1.375,0.059458624903064194,0.2,,0.0008864954741376248,0.02522783274187455,0,churn,0.005047425752106124,0.006319207690594782,1,vm_add,0.026484885755109263,0.0326437950696399,6,drift,0.015421927687587697,0.13069018489182427,80,churn,0.007188049129308283,0.0175529105417169,7,vm_fail,0.01792061461920212,0.03155871166141203,11,drift,0.016043785774837355,0.11534542371767831,77,vm_add,0.0845905252092169,0.09055563870745334,5,drift,0.03932844713270229,0.1436065572258457,68,"H12 swarm, c = 0 after every change|n200 m20 lognormal mixed lam=0.2|610"
h13_event_gamma,"H12 swarm, event-aware gamma",n200 m20 lognormal mixed lam=0.2,mixed,200,20,601,20000,4000,14.63915228843689,0.0014890778869997413,0.030585692341663053,0.08848130846275237,1.027965480051772,32.875,0.17511657361455749,2.375,0.06683225889741652,0.2,,0.0014890778869997413,0.03559234911298214,0,drift,0.01396143390524798,0.17206513658176348,85,churn,0.011583495845242613,0.02623967190893484,10,vm_fail,0.009177534208712776,0.020515239715561163,10,vm_add,0.09000229021488435,0.10594601772876902,14,drift,0.08312219523041431,0.23433460081730806,73,vm_fail,0.014135432651408398,0.04092760983958747,19,churn,0.011021452002323478,0.03783139729149229,19,churn,0.011681704675070525,0.0699907938186026,33,"H12 swarm, event-aware gamma|n200 m20 lognormal mixed lam=0.2|601"
h13_event_gamma,"H12 swarm, event-aware gamma",n200 m20 lognormal mixed lam=0.2,mixed,200,20,602,20000,4000,14.932859897613525,0.0012154633240713604,0.023604225094609778,0.07243809960220314,1.02021492504994,31.875,0.15963329081632655,2.125,0.056318961252101826,0.2,,0.0012154633240713604,0.03624042264108182,0,drift,0.020873818041484617,0.13821149902753901,76,vm_add,0.05905521986569537,0.07214289642248253,12,vm_fail,0.025126380049397816,0.025126380049397816,0,drift,0.033420831958901456,0.17387191031087731,83,churn,0.003504550082668507,0.0054529559536237796,1,drift,0.01405175203630219,0.10343163652601418,56,vm_fail,0.016506857529664246,0.02492578342816108,8,vm_add,0.016294391192764022,0.03634173509952939,19,"H12 swarm, event-aware gamma|n200 m20 lognormal mixed lam=0.2|602"
h13_event_gamma,"H12 swarm, event-aware gamma",n200 m20 lognormal mixed lam=0.2,mixed,200,20,603,20000,4000,15.410020112991333,0.0009352511348233596,0.08628704870650786,0.12290115391685227,1.0839165050931934,24.875,0.12622596153846152,4.375,0.11405224890092795,0.2,,0.0009352511348233596,0.03257682473825069,0,vm_add,0.011291753426061745,0.05732947415893542,45,vm_add,0.10825802898931408,0.11304134233987635,4,drift,0.21524240991319332,0.33757412002500914,64,vm_fail,0.17233907654674405,0.17233907654674405,0,vm_fail,0.05545438408389512,0.05545438408389512,0,churn,0.035496541473062374,0.050588696053392966,10,vm_fail,0.008820329328547632,0.03160535393011241,18,drift,0.08339386589124446,0.16527678419685277,58,"H12 swarm, event-aware gamma|n200 m20 lognormal mixed lam=0.2|603"
h13_event_gamma,"H12 swarm, event-aware gamma",n200 m20 lognormal mixed lam=0.2,mixed,200,20,604,20000,4000,15.32978892326355,0.0005887998936933111,0.04662449411161475,0.10075799615628478,1.0434542907627449,32.25,0.16203125,1.375,0.08024129433820523,0.2,,0.0005887998936933111,0.05434340637418281,0,vm_add,0.10438520765829207,0.11546107770317202,10,vm_fail,0.07927605503600306,0.07927605503600307,0,churn,0.004085367269201469,0.012716855092784448,5,drift,0.01264496523234236,0.13856100106807828,80,vm_add,0.022807008457630878,0.04551422648351807,18,drift,0.022078015363139976,0.1249294372892703,61,drift,0.06959683193728602,0.23148281463842996,84,vm_fail,0.05812250193902215,0.05812250193902215,0,"H12 swarm, event-aware gamma|n200 m20 lognormal mixed lam=0.2|604"
h13_event_gamma,"H12 swarm, event-aware gamma",n200 m20 lognormal mixed lam=0.2,mixed,200,20,605,20000,4000,14.796826839447021,0.0010226253860411915,0.03937377108546535,0.07924050104032823,1.036484165740932,24.875,0.1305714014329136,3.625,0.0663279554833422,0.2,,0.0010226253860411915,0.054087616653766386,0,vm_fail,0.019035967034984873,0.043042478770125854,18,drift,0.04440571790388828,0.13915294890872257,58,vm_add,0.13826252918054213,0.14705735793066074,5,vm_fail,0.05306929411815932,0.05306929411815932,0,drift,0.035326414557813796,0.1613152413773256,71,churn,0.01237305045797992,0.05830381150106143,30,churn,0.006090417690265734,0.011835751177051143,4,vm_fail,0.006426777740088738,0.020147124539519102,13,"H12 swarm, event-aware gamma|n200 m20 lognormal mixed lam=0.2|605"
h13_event_gamma,"H12 swarm, event-aware gamma",n200 m20 lognormal mixed lam=0.2,mixed,200,20,606,20000,4000,15.514553546905518,0.0019092029524887793,0.06505182734961738,0.09386662547504224,1.0614446920848746,21.25,0.11139511284508045,2.25,0.08800576253566561,0.2,,0.0019092029524887793,0.03567280077709383,0,vm_fail,0.010470588580454198,0.05464208824593905,37,vm_fail,0.007510860326915116,0.022667531954241905,11,vm_add,0.030808809546927277,0.039058127243922464,8,drift,0.010541182563583107,0.11039410268176743,71,vm_add,0.1011050573529812,0.11084996557222436,8,churn,0.014172985154162423,0.04522145123283489,19,vm_add,0.07061125657837125,0.08211218518232762,10,churn,0.2751938786935445,0.2859875516870802,6,"H12 swarm, event-aware gamma|n200 m20 lognormal mixed lam=0.2|606"
h13_event_gamma,"H12 swarm, event-aware gamma",n200 m20 lognormal mixed lam=0.2,mixed,200,20,607,20000,4000,15.44174075126648,0.002304621341923467,0.05076780264145313,0.08215814149323745,1.0480282289970173,21.5,0.10962205497382199,2.75,0.07379242265562905,0.2,,0.002304621341923467,0.04194488295809595,0,churn,0.007257008783025678,0.022026654244547698,10,vm_add,0.05271497529550448,0.05562373430433434,2,vm_fail,0.007269560061952695,0.007269560061952695,0,vm_fail,0.014387996447425333,0.038331901795290786,19,drift,0.015664232174599224,0.12223559003255739,66,vm_add,0.10817839794960064,0.11599425388421708,7,drift,0.08806011016882186,0.15639271570990207,46,vm_add,0.11261014025069514,0.13939072191309756,22,"H12 swarm, event-aware gamma|n200 m20 lognormal mixed lam=0.2|607"
h13_event_gamma,"H12 swarm, event-aware gamma",n200 m20 lognormal mixed lam=0.2,mixed,200,20,608,20000,4000,14.707019567489624,0.0008932678998622769,0.025791054825507694,0.09678559187466043,1.0236227521647423,45.125,0.2320829031867631,5.25,0.07373653671611091,0.2,,0.0008932678998622769,0.020175496384629864,0,drift,0.006365809547875945,0.1134737008490701,72,drift,0.036972262490433415,0.18953715627150478,78,drift,0.05609748539751029,0.18789050076802144,81,vm_fail,0.008929192571865353,0.008929192571865353,0,vm_fail,0.011555799316720478,0.0345460393398663,20,drift,0.06401109892095715,0.1373372831640027,52,churn,0.007360949941833272,0.04482422362645711,25,vm_fail,0.01503584041686566,0.05774663840649562,33,"H12 swarm, event-aware gamma|n200 m20 lognormal mixed lam=0.2|608"
h13_event_gamma,"H12 swarm, event-aware gamma",n200 m20 lognormal mixed lam=0.2,mixed,200,20,609,20000,4000,14.313643217086792,0.0010657405057858237,0.02477816074729281,0.11120633091516664,1.0224952263676936,48.5,0.24480163203571106,4.5,0.0753133486331886,0.2,,0.0010657405057858237,0.039347255187172095,0,drift,0.022347856263852717,0.21844002784367422,93,drift,0.056222829748126646,0.26325295067320453,92,drift,0.03643442205727898,0.1328185069770312,67,vm_add,0.03600228626161866,0.08944012367498405,41,drift,0.015802464865946123,0.11928425113554213,68,vm_fail,0.016152264252905692,0.0341364265384295,15,vm_fail,0.009486382872115253,0.01304120136356216,3,churn,0.005776779656498412,0.01923715911490537,9,"H12 swarm, event-aware gamma|n200 m20 lognormal mixed lam=0.2|609"
h13_event_gamma,"H12 swarm, event-aware gamma",n200 m20 lognormal mixed lam=0.2,mixed,200,20,610,20000,4000,15.287541627883911,0.0008864954741376248,0.03365819024104219,0.0847354835289132,1.0305260232297155,34.5,0.17565690445026177,1.125,0.07027640897061643,0.2,,0.0008864954741376248,0.02522783274187455,0,churn,0.005047425752106124,0.006319207690594782,1,vm_add,0.026484885755109263,0.0326437950696399,6,drift,0.0561161553276596,0.16638345618864014,77,churn,0.011227596985248538,0.03414982864834471,16,vm_fail,0.01473202684469891,0.036867226908392385,17,drift,0.021775733136370524,0.13415039432252202,73,vm_add,0.07480749393292112,0.09235838925781736,16,drift,0.05907420419422343,0.17501157014535434,70,"H12 swarm, event-aware gamma|n200 m20 lognormal mixed lam=0.2|610"
h13_event_gamma,Chooser (cheaper of the two),n200 m20 lognormal mixed lam=1.0,mixed,200,20,601,20000,4000,0.11471080780029297,0.0020080271013564973,0.45995109926763333,0.5728040123726954,1.4562399356262508,22.5,0.1125,2.875,0.5728040123726954,1.0,,0.0020080271013564973,0.0020080271013564973,0,drift,0.8426039960916107,0.8426039960916107,0,churn,0.7368009898559406,0.7368009898559406,0,vm_fail,0.7143812811431675,0.7143812811431675,0,vm_add,0.8714392478384921,0.8714392478384921,0,drift,0.003137005378329344,0.9059603102188257,180,vm_fail,0.1018831365456512,0.1018831365456512,0,churn,0.07282037071808856,0.07282037071808856,0,churn,0.336542766569787,0.336542766569787,0,Chooser (cheaper of the two)|n200 m20 lognormal mixed lam=1.0|601
h13_event_gamma,Chooser (cheaper of the two),n200 m20 lognormal mixed lam=1.0,mixed,200,20,602,20000,4000,0.11260223388671875,0.0032725845838694136,0.45066891650347296,0.5680989119960095,1.4460457949365828,23.375,0.116875,1.5,0.5680989119960095,1.0,,0.0032725845838694136,0.0032725845838694136,0,drift,0.8317309814639736,0.8317309814639736,0,vm_add,0.9189668831378945,0.9189668831378945,0,vm_fail,0.8574891445181632,0.8574891445181632,0,drift,0.004748624535072117,0.9441885884753647,187,churn,0.01392655370899252,0.01392655370899252,0,drift,0.3334393285503243,0.3334393285503243,0,vm_fail,0.3086615027158968,0.3086615027158968,0,vm_add,0.3363883133974666,0.3363883133974666,0,Chooser (cheaper of the two)|n200 m20 lognormal mixed lam=1.0|602
h13_event_gamma,Chooser (cheaper of the two),n200 m20 lognormal mixed lam=1.0,mixed,200,20,603,20000,4000,0.10709476470947266,0.0025158993389305952,0.18140134931681776,0.29855112041959275,1.1788630119168897,23.375,0.116875,4.125,0.29855112041959275,1.0,,0.0025158993389305952,0.0025158993389305952,0,vm_add,0.012497205237643454,0.012497205237643454,0,vm_add,0.11004694061056376,0.11004694061056376,0,drift,0.002350982697539581,0.9395491515197392,187,vm_fail,0.09396558761909232,0.09396558761909232,0,vm_fail,0.2401643120931658,0.2401643120931658,0,churn,0.22074384114345777,0.22074384114345777,0,vm_fail,0.18813282160246292,0.18813282160246292,0,drift,0.5833091035306166,0.5833091035306166,0,Chooser (cheaper of the two)|n200 m20 lognormal mixed lam=1.0|603
h13_event_gamma,Chooser (cheaper of the two),n200 m20 lognormal mixed lam=1.0,mixed,200,20,604,20000,4000,0.10869455337524414,0.0028353705101236137,0.1803225501430746,0.4104600959960386,1.17672176005469,45.875,0.229375,1.125,0.4104600959960386,1.0,,0.0028353705101236137,0.0028353705101236137,0,vm_add,0.10713880224687937,0.10713880224687937,0,vm_fail,0.08196704427067462,0.08196704427067462,0,churn,0.059752890084120006,0.059752890084120006,0,drift,0.0030391463464804094,0.9408807481804397,187,vm_add,0.013104793746890634,0.013104793746890634,0,drift,0.0036208499886147306,0.9068796149783678,180,drift,0.5955366685718819,0.5955366685718819,0,vm_fail,0.5784202058890551,0.5784202058890551,0,Chooser (cheaper of the two)|n200 m20 lognormal mixed lam=1.0|604
h13_event_gamma,Chooser (cheaper of the two),n200 m20 lognormal mixed lam=1.0,mixed,200,20,605,20000,4000,0.10463213920593262,0.0028175408858939015,0.3662950556522912,0.4861878332904338,1.3625445443951365,23.875,0.119375,4.25,0.4861878332904338,1.0,,0.0028175408858939015,0.0028175408858939015,0,vm_fail,0.19416018372079066,0.19416018372079066,0,drift,0.848770202324297,0.848770202324297,0,vm_add,0.004337404298576422,0.963479625403717,191,vm_fail,0.10878760607028021,0.10878760607028021,0,drift,0.762120973370371,0.762120973370371,0,churn,0.4180468977163539,0.4180468977163539,0,churn,0.30469536049474993,0.30469536049474993,0,vm_fail,0.2894418172229106,0.2894418172229106,0,Chooser (cheaper of the two)|n200 m20 lognormal mixed lam=1.0|605
h13_event_gamma,Chooser (cheaper of the two),n200 m20 lognormal mixed lam=1.0,mixed,200,20,606,20000,4000,0.1236567497253418,0.0033778545317582807,0.48206223463585895,0.48206223463585895,1.4769987487384593,0.0,0.0,2.25,0.48206223463585895,1.0,,0.0033778545317582807,0.0033778545317582807,0,vm_fail,0.13913682187571108,0.13913682187571108,0,vm_fail,0.08683672954286684,0.08683672954286684,0,vm_add,0.11355095036193398,0.11355095036193398,0,drift,0.7481405955947352,0.7481405955947352,0,vm_add,0.9076280936164095,0.9076280936164095,0,churn,0.6724933676570614,0.6724933676570614,0,vm_add,0.7721074717731928,0.7721074717731928,0,churn,0.4166038466649609,0.4166038466649609,0,Chooser (cheaper of the two)|n200 m20 lognormal mixed lam=1.0|606
h13_event_gamma,Chooser (cheaper of the two),n200 m20 lognormal mixed lam=1.0,mixed,200,20,607,20000,4000,0.10543966293334961,0.0030493773744975764,0.21118798718557175,0.3271777901207549,1.2080526346137241,23.125,0.115625,2.5,0.3271777901207549,1.0,,0.0030493773744975764,0.0030493773744975764,0,churn,0.05112689051934021,0.05112689051934021,0,vm_add,0.09856472472942406,0.09856472472942406,0,vm_fail,0.05113998845430175,0.05113998845430175,0,vm_fail,0.09346734056825297,0.09346734056825297,0,drift,0.6014283740553653,0.6014283740553653,0,vm_add,0.7479850143337636,0.7479850143337636,0,drift,0.0031550524123951473,0.9310734758938606,185,vm_add,0.0426365124117306,0.0426365124117306,0,Chooser (cheaper of the two)|n200 m20 lognormal mixed lam=1.0|607
h13_event_gamma,Chooser (cheaper of the two),n200 m20 lognormal mixed lam=1.0,mixed,200,20,608,20000,4000,0.1063528060913086,0.003765864856831517,0.23933148683787053,0.4729405933792387,1.2366771401483465,46.625,0.233125,5.125,0.4729405933792387,1.0,,0.003765864856831517,0.003765864856831517,0,drift,0.8436010237432973,0.8436010237432973,0,drift,0.0019172777164892434,0.943719518769989,188,drift,0.0022384986783197036,0.9293091099557653,185,vm_fail,0.054393463529996446,0.054393463529996446,0,vm_fail,0.06172468092746198,0.06172468092746198,0,drift,0.6670571130557552,0.6670571130557552,0,churn,0.19120166124687496,0.19120166124687496,0,vm_fail,0.09251817580476945,0.09251817580476945,0,Chooser (cheaper of the two)|n200 m20 lognormal mixed lam=1.0|608
h13_event_gamma,Chooser (cheaper of the two),n200 m20 lognormal mixed lam=1.0,mixed,200,20,609,20000,4000,0.10279059410095215,0.002169589774787635,0.16776543430445862,0.5184873477703585,1.1651082765475669,70.0,0.35,3.875,0.5184873477703585,1.0,,0.002169589774787635,0.002169589774787635,0,drift,0.002205478257630714,0.9192234908633627,183,drift,0.0019194060400481217,0.9537428417780939,190,drift,0.4894415471839572,0.4894415471839572,0,vm_add,0.5012801608724031,0.5012801608724031,0,drift,0.002068298805798532,0.9390021581892202,187,vm_fail,0.07653952256626842,0.07653952256626842,0,vm_fail,0.23569549104346266,0.23569549104346266,0,churn,0.03297356966610004,0.03297356966610004,0,Chooser (cheaper of the two)|n200 m20 lognormal mixed lam=1.0|609
h13_event_gamma,Chooser (cheaper of the two),n200 m20 lognormal mixed lam=1.0,mixed,200,20,610,20000,4000,0.11398720741271973,0.003410674010587747,0.45760708736403977,0.5723926197508227,1.4533903700059727,22.875,0.114375,0.75,0.5723926197508227,1.0,,0.003410674010587747,0.003410674010587747,0,churn,0.012523305493132998,0.012523305493132998,0,vm_add,0.03537954587756811,0.03537954587756811,0,drift,0.7550096359041994,0.7550096359041994,0,churn,0.5834911361507686,0.5834911361507686,0,vm_fail,0.5328603556259729,0.5328603556259729,0,drift,0.8077052781012082,0.8077052781012082,0,vm_add,0.9302980875580869,0.9302980875580869,0,drift,0.0035893542013808793,0.9218736132956443,183,Chooser (cheaper of the two)|n200 m20 lognormal mixed lam=1.0|610
h13_event_gamma,H12 swarm (c = 1),n200 m20 lognormal mixed lam=1.0,mixed,200,20,601,20000,4000,17.04695224761963,0.0014890778869997413,0.08075451158747174,0.2039844092011937,1.0779968456598352,17.125,0.09129807692307693,2.5,0.18179609736805125,1.0,,0.0014890778869997413,0.03559234911298214,0,drift,0.08629052928383243,0.4629242425258301,53,churn,0.03986352205520237,0.08844274636414697,7,vm_fail,0.02644031617169489,0.04251057753729814,3,vm_add,0.11428519829990552,0.15332738801306506,7,drift,0.23321858026341707,0.5113834364242696,38,vm_fail,0.09521064070306923,0.0952106407030692,0,churn,0.024672352956364673,0.1224979066893011,12,churn,0.02605495296628769,0.15557833535256935,17,H12 swarm (c = 1)|n200 m20 lognormal mixed lam=1.0|601
h13_event_gamma,H12 swarm (c = 1),n200 m20 lognormal mixed lam=1.0,mixed,200,20,602,20000,4000,17.027641773223877,0.0012154633240713604,0.16575333786348698,0.269955222271418,1.1618398194442878,15.75,0.07968750000000001,1.625,0.2572792973090267,1.0,,0.0012154633240713604,0.03624042264108182,0,drift,0.1044853747843547,0.3593808418503053,40,vm_add,0.13849949727353952,0.19661151404883534,10,vm_fail,0.10202550956322179,0.10202550956322178,0,drift,0.2719609447057095,0.5333964420083107,34,churn,0.0578477527821098,0.09831958221420099,6,drift,0.29503773017631446,0.31460105353602524,3,vm_fail,0.2709734787024912,0.27097347870249117,0,vm_add,0.08519641492015485,0.28433335624795314,33,H12 swarm (c = 1)|n200 m20 lognormal mixed lam=1.0|602
h13_event_gamma,H12 swarm (c = 1),n200 m20 lognormal mixed lam=1.0,mixed,200,20,603,20000,4000,17.46503233909607,0.0009352511348233596,0.13301141344000797,0.2371432994091871,1.1305401877593126,15.875,0.07984375,3.875,0.22336556918799177,1.0,,0.0009352511348233596,0.03257682473825069,0,vm_add,0.010900819693855273,0.2211509105635023,40,vm_add,0.10827243306776674,0.12384082603386813,2,drift,0.29278502321590233,0.6328972852172543,41,vm_fail,0.24714409892809158,0.2471440989280916,0,vm_fail,0.12280118707237256,0.12280118707237254,0,churn,0.11023418750797538,0.13165345343801452,3,vm_fail,0.08057532906148142,0.08057532906148142,0,drift,0.09137822897261849,0.33708330495891203,41,H12 swarm (c = 1)|n200 m20 lognormal mixed lam=1.0|603
h13_event_gamma,H12 swarm (c = 1),n200 m20 lognormal mixed lam=1.0,mixed,200,20,604,20000,4000,16.939079999923706,0.0005887998936933111,0.12493495641713838,0.26282990643978477,1.1215054936510531,18.375,0.0925,1.0,0.23002183270958287,1.0,,0.0005887998936933111,0.05434340637418281,0,vm_add,0.10440354786252679,0.15970914405812653,10,vm_fail,0.07929397825983632,0.07929397825983633,0,churn,0.011366861147307908,0.040194007711257265,4,drift,0.11272982079493464,0.518805513349269,51,vm_add,0.05560832495778406,0.22328358646997482,25,drift,0.15772058369420286,0.34088004460041,24,drift,0.24586088758794716,0.507977330036837,33,vm_fail,0.23249564703256728,0.2324956470325673,0,H12 swarm (c = 1)|n200 m20 lognormal mixed lam=1.0|604
h13_event_gamma,H12 swarm (c = 1),n200 m20 lognormal mixed lam=1.0,mixed,200,20,605,20000,4000,17.179967403411865,0.0010226253860411915,0.10628892021326858,0.2044172994833327,1.1031963139023189,12.5,0.0646035692260253,4.5,0.18045382862764353,1.0,,0.0010226253860411915,0.054087616653766386,0,vm_fail,0.033188431229634295,0.08120737289369799,8,drift,0.28976048199465726,0.3778529525599182,12,vm_add,0.20616328077020019,0.3742275721932497,24,vm_fail,0.07851839751620811,0.1142540748651798,6,drift,0.1439239818961319,0.5112537817553812,39,churn,0.03815718660120547,0.10398908561058312,9,churn,0.043193219466271394,0.04319321946627139,0,vm_fail,0.017406382231839965,0.02936033652238033,2,H12 swarm (c = 1)|n200 m20 lognormal mixed lam=1.0|605
h13_event_gamma,H12 swarm (c = 1),n200 m20 lognormal mixed lam=1.0,mixed,200,20,606,20000,4000,17.268332719802856,0.0019092029524887793,0.04905665092589022,0.12852182624840913,1.0454926030173923,12.0,0.0647853484730104,2.25,0.11652051413961394,1.0,,0.0019092029524887793,0.03567280077709383,0,vm_fail,0.048391819893528414,0.10147587211172407,8,vm_fail,0.021617856807968638,0.03268426306661521,2,vm_add,0.024844149512965933,0.06530455678128855,7,drift,0.03830245052598785,0.28332934954183514,39,vm_add,0.1312584663894411,0.17161429553979937,7,churn,0.017177422220100234,0.11550817839770641,13,vm_add,0.07776075223566513,0.10654186323286756,4,churn,0.03310028982146441,0.15171623131543668,16,H12 swarm (c = 1)|n200 m20 lognormal mixed lam=1.0|606
h13_event_gamma,H12 swarm (c = 1),n200 m20 lognormal mixed lam=1.0,mixed,200,20,607,20000,4000,16.930235147476196,0.002304621341923467,0.107974589930925,0.1831269042925835,1.1050796917647268,11.25,0.056768651832460736,2.75,0.17298114967407857,1.0,,0.002304621341923467,0.04194488295809595,0,churn,0.016884141150361933,0.04456158454578495,2,vm_add,0.06266395505239697,0.08391723415344493,4,vm_fail,0.01678904510582919,0.016789045105829188,0,vm_fail,0.03297427382637618,0.07333999860619138,7,drift,0.12594510487547986,0.3156358380263955,29,vm_add,0.2120637081529204,0.262530418158763,8,drift,0.17565405649159035,0.4095203872817419,34,vm_add,0.22082243479244515,0.25872072846251715,6,H12 swarm (c = 1)|n200 m20 lognormal mixed lam=1.0|607
h13_event_gamma,H12 swarm (c = 1),n200 m20 lognormal mixed lam=1.0,mixed,200,20,608,20000,4000,16.702739477157593,0.0008932678998622769,0.13142858260792734,0.2577110071097337,1.1290358983850917,18.375,0.09264516590389016,4.375,0.23752153134862797,1.0,,0.0008932678998622769,0.020175496384629864,0,drift,0.08274696055246922,0.34449235362230496,40,drift,0.2991226334243959,0.4122324872759301,17,drift,0.20512616375605727,0.5018255630390673,41,vm_fail,0.15130182976240505,0.15130182976240508,0,vm_fail,0.08425404376492594,0.10762412108787012,4,drift,0.10517969018279955,0.36751770310621523,37,churn,0.08498998527886582,0.09860687517998583,2,vm_fail,0.038707354141499964,0.0780871238040908,6,H12 swarm (c = 1)|n200 m20 lognormal mixed lam=1.0|608
h13_event_gamma,H12 swarm (c = 1),n200 m20 lognormal mixed lam=1.0,mixed,200,20,609,20000,4000,16.924520015716553,0.0010657405057858237,0.10316033784402351,0.29244235463218526,1.1007020643969612,26.5,0.13328125,3.5,0.25555717709735365,1.0,,0.0010657405057858237,0.039347255187172095,0,drift,0.2094527118296445,0.4495164571785331,33,drift,0.2118763128231414,0.6184205534387052,50,drift,0.11409173473947254,0.42490802697563074,42,vm_add,0.10057389404775338,0.24255863957919838,24,drift,0.09991774153142725,0.48224950361562835,58,vm_fail,0.054231086200971515,0.054231086200971515,0,vm_fail,0.02260604577718669,0.022619424815165014,0,churn,0.012533175802590715,0.04503514525364988,5,H12 swarm (c = 1)|n200 m20 lognormal mixed lam=1.0|609
h13_event_gamma,H12 swarm (c = 1),n200 m20 lognormal mixed lam=1.0,mixed,200,20,610,20000,4000,17.26177716255188,0.0008864954741376248,0.04706820086173856,0.16004467596596553,1.0438929288056866,17.625,0.08913050518134716,0.875,0.14205381607248052,1.0,,0.0008864954741376248,0.02522783274187455,0,churn,0.008346125665706158,0.008346125665706158,0,vm_add,0.02667301159533937,0.06566008613502128,7,drift,0.126285808362648,0.31785024141042395,27,churn,0.012746788988137706,0.07081536245341818,6,vm_fail,0.036439220311925855,0.056334269466023296,3,drift,0.05494941652145777,0.3035857434884508,40,vm_add,0.04662535624941772,0.1666667558605775,21,drift,0.06447987919927589,0.29109882324810316,37,H12 swarm (c = 1)|n200 m20 lognormal mixed lam=1.0|610
h13_event_gamma,"H12 swarm, c = 0 after every change",n200 m20 lognormal mixed lam=1.0,mixed,200,20,601,20000,4000,14.268630027770996,0.0014890778869997413,0.055535555410936875,0.1697616469119469,1.0528447956680171,15.125,0.08006800518134714,3.25,0.14258364624230363,1.0,,0.0014890778869997413,0.03559234911298214,0,drift,0.10874670855743523,0.417153516826326,38,churn,0.013811599859615751,0.07098599176011937,8,vm_fail,0.009643673587893014,0.026143624933630497,3,vm_add,0.09240311870652992,0.12611396878523037,6,drift,0.10384391840655033,0.45026784705195,46,vm_fail,0.019680348613601475,0.019680348613601475,0,churn,0.014628699731315795,0.05431237899671857,6,churn,0.08152637582455347,0.1934354983279988,14,"H12 swarm, c = 0 after every change|n200 m20 lognormal mixed lam=1.0|601"
h13_event_gamma,"H12 swarm, c = 0 after every change",n200 m20 lognormal mixed lam=1.0,mixed,200,20,602,20000,4000,14.69492220878601,0.0012154633240713604,0.10092477721717125,0.19152576048058365,1.097251581063993,13.25,0.0667482002617801,1.625,0.17600689364211505,1.0,,0.0012154633240713604,0.03624042264108182,0,drift,0.20619076093346275,0.3166249370931466,17,vm_add,0.047676912487413556,0.20881612999138607,25,vm_fail,0.014112598298464576,0.019426764298136598,1,drift,0.15012131939479728,0.38715986379587997,34,churn,0.006027028517704023,0.029824260024485516,3,drift,0.1453800302068373,0.2708102381319734,17,vm_fail,0.12409670197806047,0.12409670197806047,0,vm_add,0.11379286592063007,0.17544718853160055,9,"H12 swarm, c = 0 after every change|n200 m20 lognormal mixed lam=1.0|602"
h13_event_gamma,"H12 swarm, c = 0 after every change",n200 m20 lognormal mixed lam=1.0,mixed,200,20,603,20000,4000,14.53661298751831,0.0009352511348233596,0.05948112121551502,0.15673454605701187,1.0571720670879485,14.625,0.07318877551020408,4.5,0.13829376258875234,1.0,,0.0009352511348233596,0.03257682473825069,0,vm_add,0.010900819693855273,0.217830438127301,36,vm_add,0.10829675021028401,0.13046268521448967,4,drift,0.12609747220854775,0.43409776730122707,41,vm_fail,0.08634134218941004,0.08634134218941003,0,vm_fail,0.015652241098582508,0.015652241098582508,0,churn,0.00491637935158674,0.005961581922508679,0,vm_fail,0.03206393205562461,0.0614771190112093,5,drift,0.09158003291622922,0.30205319359136673,31,"H12 swarm, c = 0 after every change|n200 m20 lognormal mixed lam=1.0|603"
h13_event_gamma,"H12 swarm, c = 0 after every change",n200 m20 lognormal mixed lam=1.0,mixed,200,20,604,20000,4000,14.292999744415283,0.0005887998936933111,0.1571544749209422,0.25222364321121454,1.1536184730544712,13.0,0.065625,0.75,0.2309380693117033,1.0,,0.0005887998936933111,0.05434340637418281,0,vm_add,0.10460532622283046,0.15851674249101433,8,vm_fail,0.07949116901464727,0.07949116901464727,0,churn,0.00647502955960503,0.03681685367964613,4,drift,0.06590704392925287,0.34966283591088726,39,vm_add,0.07515476384156333,0.1237075626415235,8,drift,0.11364457200584754,0.35200261904104274,32,drift,0.4135610876520452,0.5191945557692093,13,vm_fail,0.39839680714174597,0.39839680714174597,0,"H12 swarm, c = 0 after every change|n200 m20 lognormal mixed lam=1.0|604"
h13_event_gamma,"H12 swarm, c = 0 after every change",n200 m20 lognormal mixed lam=1.0,mixed,200,20,605,20000,4000,14.198084592819214,0.0010226253860411915,0.06651943398785094,0.13919389886277655,1.0635426425229562,9.75,0.04995891298417894,4.625,0.1204800056759747,1.0,,0.0010226253860411915,0.054087616653766386,0,vm_fail,0.031176381005078007,0.07106506354411163,6,drift,0.08968942049158313,0.2788484134208485,25,vm_add,0.1858374960731839,0.2068593840627765,3,vm_fail,0.09708351361407551,0.09708351361407554,0,drift,0.09110848395124543,0.3568013590327131,36,churn,0.012441480947677889,0.06054998991104478,5,churn,0.005824508682839691,0.012692828175615487,1,vm_fail,0.01899418713712398,0.02965063914102678,2,"H12 swarm, c = 0 after every change|n200 m20 lognormal mixed lam=1.0|605"
h13_event_gamma,"H12 swarm, c = 0 after every change",n200 m20 lognormal mixed lam=1.0,mixed,200,20,606,20000,4000,14.307923316955566,0.0019092029524887793,0.05513740956293843,0.1300602410936842,1.0515533270456663,11.25,0.06113076818954409,2.25,0.11969144583943342,1.0,,0.0019092029524887793,0.03567280077709383,0,vm_fail,0.03333222772294996,0.08447474807291108,9,vm_fail,0.013776067126502561,0.035287139243870544,4,vm_add,0.03766011743700971,0.05843051919353538,3,drift,0.0664489077567614,0.2605009070537707,30,vm_add,0.13265219078527055,0.1958317687834121,11,churn,0.033652351798634246,0.11225403629088412,10,vm_add,0.09180722199721976,0.11429896659956161,4,churn,0.03177019187915923,0.17940384351152786,19,"H12 swarm, c = 0 after every change|n200 m20 lognormal mixed lam=1.0|606"
h13_event_gamma,"H12 swarm, c = 0 after every change",n200 m20 lognormal mixed lam=1.0,mixed,200,20,607,20000,4000,14.768446922302246,0.002304621341923467,0.09336650897069862,0.1616655313641274,1.090517190798891,10.25,0.05207236842105263,2.875,0.15193252764692447,1.0,,0.002304621341923467,0.04194488295809595,0,churn,0.016884141150361933,0.04334987788939059,4,vm_add,0.058520019045102005,0.07974885321407957,4,vm_fail,0.012824001673421294,0.012824001673421292,0,vm_fail,0.023336816252947853,0.059383949013465595,6,drift,0.1523884560634289,0.3147006403753018,23,vm_add,0.25083185975793615,0.3011807838338233,8,drift,0.12676833897197967,0.2943904278628995,24,vm_add,0.10537843885041114,0.18774571705063764,13,"H12 swarm, c = 0 after every change|n200 m20 lognormal mixed lam=1.0|607"
h13_event_gamma,"H12 swarm, c = 0 after every change",n200 m20 lognormal mixed lam=1.0,mixed,200,20,608,20000,4000,14.450313568115234,0.0008932678998622769,0.16190813331242,0.28205863939548337,1.1594304736620908,15.875,0.08104935109289617,4.875,0.2560518048842373,1.0,,0.0008932678998622769,0.020175496384629864,0,drift,0.19303185348007476,0.36236410608776237,25,drift,0.12914521697202536,0.45525532053316614,43,drift,0.29696429295015137,0.4379234694449725,20,vm_fail,0.23903820904204315,0.23903820904204315,0,vm_fail,0.1959900696619354,0.19599006966193547,0,drift,0.18730116629268997,0.36639323394988255,22,churn,0.034858256273175355,0.11222019490713586,7,vm_fail,0.018936001827264622,0.08728451153696887,10,"H12 swarm, c = 0 after every change|n200 m20 lognormal mixed lam=1.0|608"
h13_event_gamma,"H12 swarm, c = 0 after every change",n200 m20 lognormal mixed lam=1.0,mixed,200,20,609,20000,4000,14.724106311798096,0.0010657405057858237,0.07479945549394558,0.23614684803851282,1.0724024011842097,21.25,0.1071875,4.125,0.19280205138815046,1.0,,0.0010657405057858237,0.039347255187172095,0,drift,0.08752028664878075,0.5471217155964739,51,drift,0.18538675294745532,0.38399293004190516,30,drift,0.11008175365447104,0.35634871770961246,31,vm_add,0.09164982894549732,0.19035249086201783,15,drift,0.06164717925090298,0.30930546817900534,37,vm_fail,0.017550146418743036,0.017550146418743032,0,vm_fail,0.01645452362413116,0.016454523624131162,0,churn,0.028105172461582992,0.06804879187621368,6,"H12 swarm, c = 0 after every change|n200 m20 lognormal mixed lam=1.0|609"
h13_event_gamma,"H12 swarm, c = 0 after every change",n200 m20 lognormal mixed lam=1.0,mixed,200,20,610,20000,4000,14.647016286849976,0.0008864954741376248,0.07683126335728804,0.16687092212523993,1.073566148052305,13.625,0.06894490979381443,0.75,0.15276483536851235,1.0,,0.0008864954741376248,0.02522783274187455,0,churn,0.006120355010151566,0.008144012248955968,0,vm_add,0.02667301159533937,0.049764107728646756,4,drift,0.126285808362648,0.3538104020885008,36,churn,0.05446385167977547,0.08790900903422726,5,vm_fail,0.030333378099300496,0.04250106084176007,2,drift,0.04355623012331563,0.29404956838544705,37,vm_add,0.10301768379627785,0.16002015056135468,9,drift,0.22419978819149586,0.3387690661130269,16,"H12 swarm, c = 0 after every change|n200 m20 lognormal mixed lam=1.0|610"
h13_event_gamma,"H12 swarm, event-aware gamma",n200 m20 lognormal mixed lam=1.0,mixed,200,20,601,20000,4000,14.72012186050415,0.0014890778869997413,0.06367406357291039,0.17658131257346676,1.0609634002657136,15.375,0.08116175518134715,2.375,0.1533397017782372,1.0,,0.0014890778869997413,0.03559234911298214,0,drift,0.10874670855743523,0.417153516826326,38,churn,0.013811599859615751,0.07098599176011937,8,vm_fail,0.009643673587893014,0.026143624933630497,3,vm_add,0.09272948744004852,0.1421973224084156,9,drift,0.17370151960014524,0.503006525797375,46,vm_fail,0.042354059408403644,0.042354059408403644,0,churn,0.05459710209051221,0.07622973286075345,3,churn,0.01380835803922948,0.13457972659271067,16,"H12 swarm, event-aware gamma|n200 m20 lognormal mixed lam=1.0|601"
h13_event_gamma,"H12 swarm, event-aware gamma",n200 m20 lognormal mixed lam=1.0,mixed,200,20,602,20000,4000,15.064581394195557,0.0012154633240713604,0.12399903880806964,0.20221138719307122,1.1202629294213808,11.875,0.05993210078534031,1.875,0.19294394435290782,1.0,,0.0012154633240713604,0.03624042264108182,0,drift,0.20619076093346275,0.3166249370931466,17,vm_add,0.12974282507855522,0.2541821995795995,20,vm_fail,0.07186109844283631,0.09106873062322135,3,drift,0.16412240160779662,0.362756602041333,29,churn,0.01857615992468041,0.03968789554378615,3,drift,0.14574034650483872,0.2590866236163308,17,vm_fail,0.12445032291746098,0.12445032291746094,0,vm_add,0.13130839505492609,0.1698337861296915,6,"H12 swarm, event-aware gamma|n200 m20 lognormal mixed lam=1.0|602"
h13_event_gamma,"H12 swarm, event-aware gamma",n200 m20 lognormal mixed lam=1.0,mixed,200,20,603,20000,4000,15.155580043792725,0.0009352511348233596,0.07231469512394217,0.17029418544949787,1.0699770501223953,15.375,0.07696428571428571,4.125,0.1563715539716039,1.0,,0.0009352511348233596,0.03257682473825069,0,vm_add,0.010900819693855273,0.2211509105635023,40,vm_add,0.10827243306776674,0.12384082603386813,2,drift,0.16715638251178347,0.5012984898217699,47,vm_fail,0.12595069469081702,0.125950694690817,0,vm_fail,0.013691022288760218,0.01369102228876022,0,churn,0.035496541473062374,0.035496541473062374,0,vm_fail,0.016173103906270924,0.05764353873530599,7,drift,0.10087656335922142,0.283281459988897,27,"H12 swarm, event-aware gamma|n200 m20 lognormal mixed lam=1.0|603"
h13_event_gamma,"H12 swarm, event-aware gamma",n200 m20 lognormal mixed lam=1.0,mixed,200,20,604,20000,4000,15.16493821144104,0.0005887998936933111,0.20709652319655916,0.3001083096662732,1.2033935848740895,13.0,0.065625,0.875,0.28382494058349894,1.0,,0.0005887998936933111,0.05434340637418281,0,vm_add,0.10440354786252679,0.15970914405812653,10,vm_fail,0.07929397825983632,0.07929397825983633,0,churn,0.007152649953019689,0.03640613758961861,4,drift,0.09857118510947654,0.37074199088604365,36,vm_add,0.10530992321715454,0.1720925501557548,10,drift,0.19624609822685768,0.42041989417639525,34,drift,0.5411639854887468,0.6375719647495558,10,vm_fail,0.524630817454855,0.524630817454855,0,"H12 swarm, event-aware gamma|n200 m20 lognormal mixed lam=1.0|604"
h13_event_gamma,"H12 swarm, event-aware gamma",n200 m20 lognormal mixed lam=1.0,mixed,200,20,605,20000,4000,14.767877340316772,0.0010226253860411915,0.06253151740182715,0.14060193647987723,1.0595661810255952,10.125,0.053208111702127664,5.0,0.11915783695254825,1.0,,0.0010226253860411915,0.054087616653766386,0,vm_fail,0.031176381005078007,0.07106506354411163,6,drift,0.08968942049158313,0.2788484134208485,25,vm_add,0.18568879602124086,0.21086637479981304,3,vm_fail,0.09694594301439344,0.09694594301439342,0,drift,0.07292599528315327,0.33594727906921185,32,churn,0.007419405986716603,0.1001827701453341,13,churn,0.006654113769211445,0.021207564202065026,2,vm_fail,0.009752083643240386,0.00975208364324039,0,"H12 swarm, event-aware gamma|n200 m20 lognormal mixed lam=1.0|605"
h13_event_gamma,"H12 swarm, event-aware gamma",n200 m20 lognormal mixed lam=1.0,mixed,200,20,606,20000,4000,15.194990396499634,0.0019092029524887793,0.08270052677509485,0.14420897925549572,1.0790304892207006,9.375,0.048630768189544094,2.25,0.13459953255066034,1.0,,0.0019092029524887793,0.03567280077709383,0,vm_fail,0.03333222772294996,0.08447474807291108,9,vm_fail,0.013776067126502561,0.035287139243870544,4,vm_add,0.03766011743700971,0.06032613046567354,4,drift,0.058246380127847955,0.26787612111105974,32,vm_add,0.1359798945338759,0.1985415558950896,10,churn,0.026160233680809858,0.0730806431608937,7,vm_add,0.08125541487821838,0.11938626699281653,7,churn,0.2751938786935445,0.31469922910165105,2,"H12 swarm, event-aware gamma|n200 m20 lognormal mixed lam=1.0|606"
h13_event_gamma,"H12 swarm, event-aware gamma",n200 m20 lognormal mixed lam=1.0,mixed,200,20,607,20000,4000,15.272604703903198,0.002304621341923467,0.10503780555850198,0.17339953249193107,1.1021535474967648,9.875,0.05019736842105263,2.875,0.16236269106422233,1.0,,0.002304621341923467,0.04194488295809595,0,churn,0.016884141150361933,0.04334987788939059,4,vm_add,0.058520019045102005,0.08048344940702903,4,vm_fail,0.012824001673421294,0.012824001673421292,0,vm_fail,0.023689623665573423,0.058841432164187,6,drift,0.15086300778702877,0.33618145397237914,25,vm_add,0.2375609656329508,0.2829626642036078,7,drift,0.1636306140905023,0.3415048348827711,25,vm_add,0.17633007142307536,0.23104854574266265,8,"H12 swarm, event-aware gamma|n200 m20 lognormal mixed lam=1.0|607"
h13_event_gamma,"H12 swarm, event-aware gamma",n200 m20 lognormal mixed lam=1.0,mixed,200,20,608,20000,4000,14.521277904510498,0.0008932678998622769,0.16190813331242,0.28205863939548337,1.1594304736620908,15.875,0.08104935109289617,4.875,0.2560518048842373,1.0,,0.0008932678998622769,0.020175496384629864,0,drift,0.19303185348007476,0.36236410608776237,25,drift,0.12914521697202536,0.45525532053316614,43,drift,0.29696429295015137,0.4379234694449725,20,vm_fail,0.23903820904204315,0.23903820904204315,0,vm_fail,0.1959900696619354,0.19599006966193547,0,drift,0.18730116629268997,0.36639323394988255,22,churn,0.034858256273175355,0.11222019490713586,7,vm_fail,0.018936001827264622,0.08728451153696887,10,"H12 swarm, event-aware gamma|n200 m20 lognormal mixed lam=1.0|608"
h13_event_gamma,"H12 swarm, event-aware gamma",n200 m20 lognormal mixed lam=1.0,mixed,200,20,609,20000,4000,14.886656045913696,0.0010657405057858237,0.10972581198508044,0.2539151991375179,1.1072541478277116,18.25,0.09125,4.25,0.21251392019083273,1.0,,0.0010657405057858237,0.039347255187172095,0,drift,0.08752028664878075,0.5471217155964739,51,drift,0.18538675294745532,0.38399293004190516,30,drift,0.11008175365447104,0.35634871770961246,31,vm_add,0.10142293646067507,0.16788086180686465,11,drift,0.1698977937972253,0.35240106150193956,23,vm_fail,0.12130441698464914,0.12130441698464917,0,vm_fail,0.01688404790587932,0.016963381977190897,0,churn,0.08530850748150752,0.08530850748150752,0,"H12 swarm, event-aware gamma|n200 m20 lognormal mixed lam=1.0|609"
h13_event_gamma,"H12 swarm, event-aware gamma",n200 m20 lognormal mixed lam=1.0,mixed,200,20,610,20000,4000,15.090407371520996,0.0008864954741376248,0.07103227394913492,0.15406585853027352,1.0677859774425436,12.75,0.064921875,1.0,0.141799562878401,1.0,,0.0008864954741376248,0.02522783274187455,0,churn,0.006120355010151566,0.008144012248955968,0,vm_add,0.02667301159533937,0.07287329711712953,9,drift,0.10796604226531398,0.2688917732019547,24,churn,0.017546325211611338,0.06817450450517662,7,vm_fail,0.01953762024995054,0.03552910484176289,3,drift,0.062184049789479175,0.2815367830415308,34,vm_add,0.13421798607402374,0.19662217696374848,11,drift,0.1940128013972096,0.3007552163219292,14,"H12 swarm, event-aware gamma|n200 m20 lognormal mixed lam=1.0|610"
