algo,instance,n,m,seed,budget,best,makespan,energy_Wh,lb,gap,runtime_s,evals,wasted,neutral,improving,move_size,gb_impr_per_1k,div_end,purity_end,move_sizes_early,move_sizes_late
MRFO,n30 m5 uniform high,30,5,0,20000,47.39172052774359,47.39172052774359,11.30950693363287,44.52792459708759,0.06431460609424645,2.9025685787200928,19950,0.1592871485943775,0.10230923694779116,0.010642570281124497,11.194176706827308,0.3007518796992481,0.01946360153256705,,12.620481927710843,9.767871485943775
MRFO,n30 m5 uniform high,30,5,1,20000,48.11550026904822,48.11550026904822,11.336009893810939,44.52792459708759,0.08056911936549764,2.4018845558166504,19950,0.25617469879518073,0.002961847389558233,0.008885542168674699,11.160341365461848,0.2506265664160401,0.008582375478927203,,12.678815261044177,9.641867469879518
MRFO,n30 m5 uniform high,30,5,2,20000,49.037778623596715,49.037778623596715,11.519382814078947,44.52792459708759,0.10128147824801378,2.721564531326294,19950,0.10150602409638554,0.15768072289156626,0.008734939759036145,11.402259036144578,0.3508771929824561,0.053869731800766284,,12.536746987951807,10.26777108433735
MRFO,n30 m5 uniform high,30,5,3,20000,47.21427309701732,47.21427309701732,11.281710686401368,44.52792459708759,0.06032952409610918,3.0948214530944824,19950,0.22776104417670684,0.014106425702811246,0.009789156626506024,11.41004016064257,0.2506265664160401,0.0,,12.987951807228916,9.832128514056224
MRFO,n30 m5 uniform high,30,5,4,20000,46.45430444923681,46.45430444923681,11.127028153672965,44.52792459708759,0.043262286971156416,2.779252290725708,19950,0.28539156626506024,0.0008534136546184739,0.009939759036144578,11.233734939759037,0.3007518796992481,0.0,,12.766867469879518,9.700602409638554
MRFO,n30 m5 uniform high,30,5,5,20000,45.930512268561436,45.930512268561436,11.079129970244182,44.52792459708759,0.03149905781967624,2.6067748069763184,19950,0.2031124497991968,0.02073293172690763,0.012299196787148595,11.38258032128514,0.40100250626566414,0.0,,13.005421686746988,9.759738955823293
MRFO,n30 m5 uniform high,30,5,6,20000,48.17473660014316,48.17473660014316,11.373802502021126,44.52792459708759,0.08189943807293676,2.4909133911132812,19950,0.192570281124498,0.04934738955823293,0.010090361445783132,11.517419678714859,0.20050125313283207,0.042452107279693486,,13.564859437751004,9.469979919678714
MRFO,n30 m5 uniform high,30,5,7,20000,45.95492541661584,45.95492541661584,11.052891536080715,44.52792459708759,0.03204732384094964,2.981600761413574,19950,0.2320281124497992,0.0010542168674698795,0.010140562248995984,9.815612449799197,0.3007518796992481,0.0,,11.179819277108434,8.45140562248996
MRFO,n30 m5 uniform high,30,5,8,20000,46.88874094475071,46.88874094475071,11.22536069071003,44.52792459708759,0.053018782461231755,2.8622260093688965,19950,0.07781124497991967,0.003815261044176707,0.010642570281124497,17.30968875502008,0.3508771929824561,0.5208429118773946,,17.360542168674698,17.25883534136546
MRFO,n30 m5 uniform high,30,5,9,20000,47.38221306507074,47.38221306507074,11.118327113382211,44.52792459708759,0.06410108923356007,2.9007599353790283,19950,0.12088353413654618,0.1292168674698795,0.01139558232931727,12.060090361445782,0.20050125313283207,0.05693486590038314,,14.946887550200803,9.173293172690762
MRFO,n30 m5 uniform high,30,5,10,20000,48.26782447704976,48.26782447704976,11.34820104468381,44.52792459708759,0.0839899886150719,2.808340549468994,19950,0.20090361445783134,0.05090361445783133,0.010291164658634538,10.322740963855422,0.40100250626566414,0.0,,11.625200803212852,9.020281124497991
MRFO,n30 m5 uniform high,30,5,11,20000,50.40328317184969,50.40328317184969,11.660524402535888,44.52792459708759,0.13194773005760932,2.2380709648132324,19950,0.09302208835341365,0.0589859437751004,0.007530120481927711,15.437299196787148,0.45112781954887216,0.20475095785440614,,16.49487951807229,14.379718875502007
MRFO,n30 m5 uniform high,30,5,12,20000,46.81617274206533,46.81617274206533,11.176934882071514,44.52792459708759,0.05138905901595533,2.702941656112671,19950,0.1493975903614458,0.07369477911646587,0.008082329317269077,11.492319277108434,0.20050125313283207,0.1836015325670498,,11.831526104417671,11.153112449799197
MRFO,n30 m5 uniform high,30,5,13,20000,46.02167226103086,46.02167226103086,11.060855826140356,44.52792459708759,0.0335463122851445,2.3691482543945312,19950,0.1092871485943775,0.058283132530120484,0.010240963855421687,13.270230923694779,0.45112781954887216,0.036475095785440614,,16.605220883534137,9.935240963855422
MRFO,n30 m5 uniform high,30,5,14,20000,47.02434373693337,47.02434373693337,11.21358828686319,44.52792459708759,0.05606412520760195,2.4968130588531494,19950,0.20180722891566266,0.00642570281124498,0.010642570281124497,11.61460843373494,0.45112781954887216,0.0,,13.529317269076305,9.699899598393575
MRFO,n30 m5 uniform high,30,5,15,20000,46.66503951486494,46.66503951486494,10.99931889470973,44.52792459708759,0.04799493659574529,2.6955373287200928,19950,0.2158132530120482,0.012098393574297189,0.010140562248995984,11.031576305220884,0.3508771929824561,0.0022222222222222222,,11.807329317269076,10.255823293172691
MRFO,n30 m5 uniform high,30,5,16,20000,47.964522464284016,47.964522464284016,11.377644280586818,44.52792459708759,0.0771784873939802,2.942038059234619,19950,0.05948795180722891,0.011345381526104417,0.01355421686746988,15.092269076305222,0.7518796992481203,0.23226053639846744,,16.325100401606427,13.859437751004016
MRFO,n30 m5 uniform high,30,5,17,20000,49.158412651698924,49.158412651698924,11.507293957006304,44.52792459708759,0.1039906552238951,2.3905327320098877,19950,0.21942771084337348,0.06360441767068273,0.010943775100401607,10.801305220883535,0.5012531328320802,0.012337164750957854,,13.24508032128514,8.357530120481927
MRFO,n30 m5 uniform high,30,5,18,20000,48.61007774942274,48.61007774942274,11.284432707233181,44.52792459708759,0.09167625011209597,2.7102770805358887,19950,0.08875502008032128,0.011897590361445783,0.010542168674698794,16.57394578313253,0.2506265664160401,0.060000000000000005,,14.100903614457831,19.04698795180723
MRFO,n30 m5 uniform high,30,5,19,20000,46.823025347923085,46.823025347923085,11.220337922335164,44.52792459708759,0.051542953587053304,2.3484482765197754,19950,0.24076305220883534,0.012349397590361445,0.010993975903614457,11.543273092369478,0.40100250626566414,0.010804597701149424,,13.191767068273093,9.894779116465864
MRFO,n30 m5 uniform high,30,5,20,20000,49.796003975067464,49.796003975067464,11.498784570021686,44.52792459708759,0.11830956474276008,2.0204460620880127,19950,0.21782128514056226,0.029467871485943774,0.008985943775100402,10.16741967871486,0.40100250626566414,0.004291187739463602,,11.58925702811245,8.74558232931727
MRFO,n30 m5 uniform high,30,5,21,20000,47.45265260959872,47.45265260959872,11.229059287135835,44.52792459708759,0.06568300766262139,2.381202220916748,19950,0.27319277108433737,0.0014558232931726907,0.010491967871485944,10.217520080321286,0.5012531328320802,0.0,,11.886546184738956,8.548493975903614
MRFO,n30 m5 uniform high,30,5,22,20000,47.06721264516466,47.06721264516466,11.256391326841124,44.52792459708759,0.05702686732098792,2.1187562942504883,19950,0.29026104417670684,0.0011546184738955823,0.01039156626506024,10.680672690763052,0.45112781954887216,0.0,,12.459738955823294,8.901606425702811
MRFO,n30 m5 uniform high,30,5,23,20000,47.53200171444399,47.53200171444399,11.166763138047283,44.52792459708759,0.06746501537044212,2.7574875354766846,19950,0.21029116465863454,0.025050200803212852,0.009186746987951808,12.61039156626506,0.3007518796992481,0.004291187739463602,,15.722590361445784,9.498192771084337
MRFO,n30 m5 uniform high,30,5,24,20000,46.930952687234026,46.930952687234026,11.204131708593952,44.52792459708759,0.05396676606624528,2.0686986446380615,19950,0.25230923694779117,0.0008534136546184739,0.009538152610441768,10.189056224899598,0.5513784461152882,0.0,,11.525602409638553,8.852510040160643
MRFO,n30 m5 uniform high,30,5,25,20000,47.42608698631249,47.42608698631249,11.184165812483112,44.52792459708759,0.0650864017456241,2.716305732727051,19950,0.19643574297188754,0.03112449799196787,0.01144578313253012,10.916867469879518,0.5012531328320802,0.03540229885057471,,11.952008032128514,9.881726907630522
MRFO,n30 m5 uniform high,30,5,26,20000,46.40839840971425,46.40839840971425,11.096538809652262,44.52792459708759,0.0422313375177979,2.1384682655334473,19950,0.27218875502008033,0.013504016064257027,0.008985943775100402,9.75175702811245,0.2506265664160401,0.0,,11.13012048192771,8.37339357429719
MRFO,n30 m5 uniform high,30,5,27,20000,46.98368852017133,46.98368852017133,11.080482945400412,44.52792459708759,0.05515109777302218,2.3804068565368652,19950,0.2158132530120482,0.001004016064257028,0.010843373493975903,11.281124497991968,0.5012531328320802,0.0,,13.27218875502008,9.290060240963856
MRFO,n30 m5 uniform high,30,5,28,20000,45.020807767539566,45.020807767539566,10.923519216466664,44.52792459708759,0.011069080243731207,2.257431745529175,19950,0.21099397590361446,0.016716867469879517,0.009688755020080321,10.81074297188755,0.45112781954887216,0.0044444444444444444,,11.999096385542169,9.622389558232932
MRFO,n30 m5 uniform high,30,5,29,20000,48.05078016198092,48.05078016198092,11.376498635504602,44.52792459708759,0.07911564701858446,2.799485921859741,19950,0.03810240963855422,0.006174698795180723,0.007730923694779117,18.538805220883535,0.2506265664160401,0.4590804597701149,,19.542469879518073,17.535140562248998
QI-MRFO no-decoherence,n30 m5 uniform high,30,5,0,20000,45.98234815522274,45.98234815522274,11.080191153221758,44.52792459708759,0.03266317869731292,4.480675935745239,19950,0.6693775100401607,0.016666666666666666,0.0107429718875502,2.200100401606426,0.45112781954887216,0.0,0.9831816466482588,3.2223895582329316,1.1778112449799196
QI-MRFO no-decoherence,n30 m5 uniform high,30,5,1,20000,45.495455808287346,45.495455808287346,10.96760253415076,44.52792459708759,0.021728639274219357,4.248993873596191,19950,0.6964859437751004,0.0007530120481927711,0.008734939759036145,2.0055722891566266,0.3508771929824561,0.0,0.9845769855703429,2.8471887550200803,1.1639558232931726
QI-MRFO no-decoherence,n30 m5 uniform high,30,5,2,20000,45.18009252480143,45.18009252480143,10.944802458815149,44.52792459708759,0.01464626823762849,4.998107433319092,19950,0.7158634538152611,0.0029116465863453815,0.015160642570281125,2.012600401606426,0.7017543859649122,0.0,0.9890596134277824,2.933734939759036,1.0914658634538152
QI-MRFO no-decoherence,n30 m5 uniform high,30,5,3,20000,45.65033155329822,45.65033155329822,11.044685232478692,44.52792459708759,0.025206810476050008,4.928928852081299,19950,0.7346887550200804,0.0006526104417670683,0.010090361445783132,1.9083835341365463,0.3508771929824561,0.0,0.9911278919376769,2.828413654618474,0.9883534136546185
QI-MRFO no-decoherence,n30 m5 uniform high,30,5,4,20000,46.18026271560592,46.18026271560592,10.982922923797863,44.52792459708759,0.037107907756078154,4.682336807250977,19950,0.6512048192771084,0.0012048192771084338,0.010190763052208835,2.1933734939759035,0.5012531328320802,0.0,0.9756665088630582,3.119377510040161,1.2673694779116467
QI-MRFO no-decoherence,n30 m5 uniform high,30,5,5,20000,45.556367728070285,45.556367728070285,11.02444368301214,44.52792459708759,0.0230965880464584,5.381704330444336,19950,0.6822791164658635,0.004668674698795181,0.01360441767068273,2.0934236947791165,0.5012531328320802,0.0,0.9794417634912016,2.9744979919678713,1.2123493975903614
QI-MRFO no-decoherence,n30 m5 uniform high,30,5,6,20000,45.4802680858182,45.4802680858182,10.954737927931417,44.52792459708759,0.021387556176218053,5.176455974578857,19950,0.7382530120481928,0.00020080321285140563,0.007730923694779117,1.9386546184738955,0.3007518796992481,0.0,0.9876148980585902,2.8041164658634536,1.0731927710843374
QI-MRFO no-decoherence,n30 m5 uniform high,30,5,7,20000,45.1104002687403,45.1104002687403,10.923194162817719,44.52792459708759,0.01308113227650423,4.489112615585327,19950,0.6798192771084337,0.0006024096385542169,0.0060742971887550205,2.156526104417671,0.3508771929824561,0.0,0.9819760162898005,3.0622489959839356,1.2508032128514057
QI-MRFO no-decoherence,n30 m5 uniform high,30,5,8,20000,45.564417199939335,45.564417199939335,10.981129811202756,44.52792459708759,0.023277361615895695,4.420056343078613,19950,0.7098393574297188,0.0015060240963855422,0.00998995983935743,2.0158132530120483,0.3508771929824561,0.0,0.9870892720149003,2.8853413654618474,1.146285140562249
QI-MRFO no-decoherence,n30 m5 uniform high,30,5,9,20000,46.76347487462567,46.76347487462567,11.211198162895599,44.52792459708759,0.050205579931392096,4.60754132270813,19950,0.72535140562249,0.01631526104417671,0.007479919678714859,2.0596385542168676,0.40100250626566414,0.0022222222222222222,0.9890358934049835,2.9815261044176706,1.1377510040160643
QI-MRFO no-decoherence,n30 m5 uniform high,30,5,10,20000,45.44985280552349,45.44985280552349,10.950119235457715,44.52792459708759,0.0207044953650546,5.237490892410278,19950,0.6977911646586346,0.0019076305220883535,0.0059738955823293175,2.127710843373494,0.3508771929824561,0.0,0.9855365449760399,3.012951807228916,1.2424698795180722
QI-MRFO no-decoherence,n30 m5 uniform high,30,5,11,20000,45.617874088901466,45.617874088901466,11.032985697685273,44.52792459708759,0.024477886667216585,5.2340638637542725,19950,0.6798192771084337,0.007981927710843374,0.011696787148594378,2.2535140562248994,0.5513784461152882,0.0,0.9829424683850614,3.284839357429719,1.2221887550200803
QI-MRFO no-decoherence,n30 m5 uniform high,30,5,12,20000,46.257257022067975,46.257257022067975,11.089155701820882,44.52792459708759,0.03883703183178436,5.045953750610352,19950,0.6673192771084338,0.002961847389558233,0.008132530120481927,2.1466365461847388,0.6015037593984962,0.01532567049808429,0.981473278224588,3.0335341365461845,1.2597389558232932
QI-MRFO no-decoherence,n30 m5 uniform high,30,5,13,20000,45.21527329802248,45.21527329802248,10.972222602044713,44.52792459708759,0.015436351618773799,4.458542823791504,19950,0.6634036144578314,0.003363453815261044,0.011997991967871486,2.191666666666667,0.6015037593984962,0.0,0.9757088960205615,3.1443775100401608,1.2389558232931728
QI-MRFO no-decoherence,n30 m5 uniform high,30,5,14,20000,46.17412760501014,46.17412760501014,11.076626080297899,44.52792459708759,0.03697012656256213,4.672503709793091,19950,0.7254518072289157,0.0011546184738955823,0.010190763052208835,1.9407630522088353,0.5513784461152882,0.0,0.9899907379181917,2.8856425702811244,0.9958835341365462
QI-MRFO no-decoherence,n30 m5 uniform high,30,5,15,20000,45.481858936246425,45.481858936246425,10.968739098612726,44.52792459708759,0.02142328320465284,4.604399681091309,19950,0.732429718875502,0.0014056224899598394,0.008885542168674699,1.9667168674698796,0.3007518796992481,0.0,0.9902285488049838,2.896586345381526,1.0368473895582329
QI-MRFO no-decoherence,n30 m5 uniform high,30,5,16,20000,45.35251669073667,45.35251669073667,10.97159107535824,44.52792459708759,0.018518538672314722,4.630583763122559,19950,0.6951807228915663,0.002108433734939759,0.007981927710843374,2.20210843373494,0.5012531328320802,0.0,0.9807981296423499,3.1089357429718874,1.295281124497992
QI-MRFO no-decoherence,n30 m5 uniform high,30,5,17,20000,47.33746059539538,47.33746059539538,11.299369898912985,44.52792459708759,0.06309604644119318,4.247073173522949,19950,0.6773092369477912,0.004467871485943775,0.007078313253012048,2.1900100401606424,0.3508771929824561,0.0,0.9807164925934332,3.022389558232932,1.3576305220883533
QI-MRFO no-decoherence,n30 m5 uniform high,30,5,18,20000,45.58079915082867,45.58079915082867,10.9781918103828,44.52792459708759,0.023645264477696805,4.309129238128662,19950,0.7223393574297189,0.0005522088353413654,0.009086345381526105,1.9315261044176706,0.40100250626566414,0.0,0.9891578610705434,2.828413654618474,1.0346385542168675
QI-MRFO no-decoherence,n30 m5 uniform high,30,5,19,20000,46.030585236004164,46.030585236004164,11.057308603754604,44.52792459708759,0.03374647824962534,3.9802966117858887,19950,0.689859437751004,0.006174698795180723,0.016817269076305222,2.025401606425703,0.8020050125313283,0.0,0.9777354003981782,2.8231927710843374,1.2276104417670683
QI-MRFO no-decoherence,n30 m5 uniform high,30,5,20,20000,45.92567834502216,45.92567834502216,11.088058064683363,44.52792459708759,0.031390498447484226,5.474123477935791,19950,0.6780622489959839,0.0025100401606425703,0.009789156626506024,2.169277108433735,0.8020050125313283,0.0,0.9806376206902568,3.0873493975903616,1.2512048192771084
QI-MRFO no-decoherence,n30 m5 uniform high,30,5,21,20000,44.819656820367555,44.819656820367555,10.913130957367752,44.52792459708759,0.00655166900141234,4.752573728561401,19950,0.6749497991967871,0.0021586345381526106,0.013353413654618474,2.2117469879518072,0.6015037593984962,0.0,0.9859925654055857,3.1019076305220885,1.3215863453815262
QI-MRFO no-decoherence,n30 m5 uniform high,30,5,22,20000,45.65259414986804,45.65259414986804,11.02776120533611,44.52792459708759,0.0252576234566748,4.3806610107421875,19950,0.670582329317269,0.0009036144578313253,0.015311244979919678,2.175552208835341,0.9523809523809523,0.0,0.98501995926325,3.1903614457831324,1.1607429718875502
QI-MRFO no-decoherence,n30 m5 uniform high,30,5,23,20000,45.09610033222114,45.09610033222114,10.91804166073191,44.52792459708759,0.012759986913261906,4.5031516551971436,19950,0.6912650602409639,0.00020080321285140563,0.010592369477911647,2.1319277108433736,0.6015037593984962,0.0,0.9849420456661181,3.089859437751004,1.173995983935743
QI-MRFO no-decoherence,n30 m5 uniform high,30,5,24,20000,44.98077560141827,44.98077560141827,10.907661810546703,44.52792459708759,0.010170045166675065,4.4756646156311035,19950,0.6655120481927711,0.0010542168674698795,0.010542168674698794,2.268273092369478,0.5513784461152882,0.0,0.9820460208111085,3.1333333333333333,1.4032128514056226
QI-MRFO no-decoherence,n30 m5 uniform high,30,5,25,20000,45.1016488277309,45.1016488277309,10.924256885101277,44.52792459708759,0.012884594012289374,4.44924521446228,19950,0.6863955823293173,0.00020080321285140563,0.007379518072289156,2.1506024096385543,0.3007518796992481,0.0,0.9822095306400881,3.049096385542169,1.2521084337349397
QI-MRFO no-decoherence,n30 m5 uniform high,30,5,26,20000,45.66790583556124,45.66790583556124,11.047060421984408,44.52792459708759,0.025601490498126968,5.62574577331543,19950,0.6712349397590361,0.004718875502008032,0.015110441767068272,2.1430220883534137,0.45112781954887216,0.0,0.9768331015474867,2.955120481927711,1.3309236947791165
QI-MRFO no-decoherence,n30 m5 uniform high,30,5,27,20000,45.661741023489114,45.661741023489114,11.037707688351617,44.52792459708759,0.025463042274278425,5.360204696655273,19950,0.6849397590361446,0.005421686746987952,0.013303212851405623,2.1905622489959837,0.6015037593984962,0.0,0.9864635804037102,3.305421686746988,1.07570281124498
QI-MRFO no-decoherence,n30 m5 uniform high,30,5,28,20000,45.18203939182786,45.18203939182786,10.937773308158128,44.52792459708759,0.014689990621818687,5.587039470672607,19950,0.7177710843373494,0.0038654618473895584,0.011194779116465863,1.9651606425702812,0.6015037593984962,0.0,0.989041156914505,2.917771084337349,1.0125502008032128
QI-MRFO no-decoherence,n30 m5 uniform high,30,5,29,20000,45.18054504562066,45.18054504562066,10.956681089867544,44.52792459708759,0.014656430867558476,4.203269720077515,19950,0.6554718875502008,0.007931726907630523,0.010893574297188756,2.3640060240963856,0.40100250626566414,0.0,0.9789965022613301,3.5102409638554217,1.2177710843373495
QI-MRFO,n30 m5 uniform high,30,5,0,20000,44.808627420139445,44.808627420139445,10.900478666510462,44.52792459708759,0.006303972745008954,5.505310297012329,19950,0.20657630522088352,0.0006024096385542169,0.014056224899598393,4.205120481927711,0.6516290726817042,0.0,0.9240946624508769,5.0595381526104415,3.3507028112449797
QI-MRFO,n30 m5 uniform high,30,5,1,20000,44.91672980828465,44.91672980828465,10.906386960293347,44.52792459708759,0.008731716438957718,6.5401246547698975,19950,0.20682730923694778,0.0006024096385542169,0.017419678714859436,4.228915662650603,1.0025062656641603,0.0044444444444444444,0.9223904054186711,5.0686746987951805,3.3891566265060242
QI-MRFO,n30 m5 uniform high,30,5,2,20000,44.92260879569586,44.92260879569586,10.920110258483433,44.52792459708759,0.00886374566476162,5.855166435241699,19950,0.2052710843373494,0.0034638554216867468,0.018775100401606425,4.200100401606425,0.9022556390977443,0.0,0.9266148536787571,5.092570281124498,3.3076305220883535
QI-MRFO,n30 m5 uniform high,30,5,3,20000,44.757519797167134,44.757519797167134,10.87395917338682,44.52792459708759,0.005156207080321925,6.042996406555176,19950,0.21149598393574298,0.001355421686746988,0.015210843373493975,4.248142570281124,0.6015037593984962,0.0,0.9240139201208752,5.185642570281124,3.3106425702811246
QI-MRFO,n30 m5 uniform high,30,5,4,20000,45.25562951809838,45.25562951809838,10.905768257411209,44.52792459708759,0.01634266424037169,5.102829694747925,19950,0.19738955823293172,0.018775100401606425,0.01606425702811245,4.314307228915663,0.8020050125313283,0.0022222222222222222,0.9274005561938762,5.242670682730924,3.385943775100402
QI-MRFO,n30 m5 uniform high,30,5,5,20000,45.163127729534146,45.163127729534146,10.95225462463979,44.52792459708759,0.014265275963212127,6.43167519569397,19950,0.20115461847389557,0.0037650602409638554,0.01606425702811245,4.314106425702811,0.8020050125313283,0.022068965517241378,0.9287248898673802,5.130923694779116,3.497289156626506
QI-MRFO,n30 m5 uniform high,30,5,6,20000,45.14736869572965,45.14736869572965,10.93231193805732,44.52792459708759,0.0139113624595603,6.481139183044434,19950,0.20647590361445783,0.001355421686746988,0.01285140562248996,4.211847389558233,0.40100250626566414,0.0,0.9160965597642836,4.89929718875502,3.524397590361446
QI-MRFO,n30 m5 uniform high,30,5,7,20000,44.88164693109067,44.88164693109067,10.907705748435369,44.52792459708759,0.007943831588913002,5.921609878540039,19950,0.20818273092369477,0.0034136546184738957,0.013303212851405623,4.2197289156626505,0.6015037593984962,0.0,0.9232125846594382,5.121184738955823,3.318273092369478
QI-MRFO,n30 m5 uniform high,30,5,8,20000,44.89067659750108,44.89067659750108,10.90359009408504,44.52792459708759,0.008146618188380889,6.018415689468384,19950,0.2122991967871486,0.002710843373493976,0.01430722891566265,4.256224899598394,0.6015037593984962,0.026973180076628352,0.9257928162327504,4.957028112449799,3.555421686746988
QI-MRFO,n30 m5 uniform high,30,5,9,20000,44.807330814656446,44.807330814656446,10.902142692603777,44.52792459708759,0.0062748538158261735,6.157201290130615,19950,0.2247991967871486,0.0006526104417670683,0.008835341365461847,4.031777108433735,0.40100250626566414,0.0,0.9356075235202603,4.889759036144579,3.1737951807228915
QI-MRFO,n30 m5 uniform high,30,5,10,20000,45.26007060389285,45.26007060389285,10.93527262588555,44.52792459708759,0.016442401334221306,5.783265590667725,19950,0.19643574297188754,0.026255020080321285,0.010090361445783132,4.265160642570281,0.45112781954887216,0.0,0.9265756858086877,5.060341365461848,3.469979919678715
QI-MRFO,n30 m5 uniform high,30,5,11,20000,44.93765173098713,44.93765173098713,10.909694635455514,44.52792459708759,0.009201577158759735,5.535527467727661,19950,0.21440763052208836,0.004166666666666667,0.011546184738955823,4.179618473895582,0.40100250626566414,0.0,0.9252709270384114,5.069578313253012,3.2896586345381524
QI-MRFO,n30 m5 uniform high,30,5,12,20000,44.97953210656388,44.97953210656388,10.918844960507396,44.52792459708759,0.010142118986291755,5.730520248413086,19950,0.20286144578313253,0.0051204819277108436,0.015210843373493975,4.298343373493976,0.6516290726817042,0.008582375478927203,0.9108378559330851,5.047690763052209,3.548995983935743
QI-MRFO,n30 m5 uniform high,30,5,13,20000,44.96054481044406,44.96054481044406,10.921375653768553,44.52792459708759,0.009715705757028886,6.455088376998901,19950,0.20963855421686747,0.007680722891566265,0.016967871485943774,4.121485943775101,0.8020050125313283,0.0,0.9208928543858856,4.9313253012048195,3.3116465863453817
QI-MRFO,n30 m5 uniform high,30,5,14,20000,44.863289533346745,44.863289533346745,10.906675359269245,44.52792459708759,0.007531564502359245,5.300952911376953,19950,0.20336345381526105,0.0034136546184738957,0.017921686746987953,4.382580321285141,0.7518796992481203,0.0,0.9082804243433203,5.09718875502008,3.667971887550201
QI-MRFO,n30 m5 uniform high,30,5,15,20000,44.872604183424485,44.872604183424485,10.887894102780285,44.52792459708759,0.007740751212991386,5.402888298034668,19950,0.2056726907630522,0.0006526104417670683,0.013002008032128514,4.381475903614458,0.7518796992481203,0.0,0.9273692352560301,5.291867469879518,3.4710843373493976
QI-MRFO,n30 m5 uniform high,30,5,16,20000,45.02589926671801,45.02589926671801,10.898180935739328,44.52792459708759,0.011183424202595485,5.840560674667358,19950,0.19743975903614458,0.006224899598393574,0.02178714859437751,4.310491967871486,1.1027568922305764,0.008888888888888889,0.9353781768907102,5.159738955823293,3.4612449799196785
QI-MRFO,n30 m5 uniform high,30,5,17,20000,44.87872868111523,44.87872868111523,10.913709781639053,44.52792459708759,0.00787829406382397,6.400390148162842,19950,0.1946285140562249,0.013102409638554217,0.021034136546184738,4.339759036144578,0.9523809523809523,0.0,0.9293041515735149,5.168775100401606,3.51074297188755
QI-MRFO,n30 m5 uniform high,30,5,18,20000,44.71288574418045,44.71288574418045,10.87842968604832,44.52792459708759,0.004153823668326867,7.092419624328613,19950,0.20256024096385541,0.0021586345381526106,0.01887550200803213,4.279869477911647,0.7017543859649122,0.0,0.9177132588268829,5.1540160642570285,3.405722891566265
QI-MRFO,n30 m5 uniform high,30,5,19,20000,45.21527329802248,45.21527329802248,10.96848360135501,44.52792459708759,0.015436351618773799,6.376258373260498,19950,0.2125,0.004769076305220884,0.012700803212851405,4.108885542168674,0.5513784461152882,0.0,0.924917065196658,4.878112449799197,3.3396586345381527
QI-MRFO,n30 m5 uniform high,30,5,20,20000,45.49899783375474,45.49899783375474,10.95811597037744,44.52792459708759,0.021808185435408023,5.792320728302002,19950,0.19944779116465863,0.012751004016064257,0.015210843373493975,4.310341365461848,0.6015037593984962,0.013333333333333334,0.9180000483518147,5.155622489959839,3.4650602409638553
QI-MRFO,n30 m5 uniform high,30,5,21,20000,45.38143771224465,45.38143771224465,10.9857623125363,44.52792459708759,0.019168041692490694,6.548997402191162,19950,0.2015562248995984,0.012901606425702811,0.00998995983935743,4.2470883534136545,0.40100250626566414,0.0022222222222222222,0.9221462441350721,5.007128514056225,3.487048192771084
QI-MRFO,n30 m5 uniform high,30,5,22,20000,44.89607632165449,44.89607632165449,10.90190598095346,44.52792459708759,0.008267884207452584,6.617589950561523,19950,0.21852409638554218,0.000502008032128514,0.012449799196787148,4.191516064257028,0.7017543859649122,0.0,0.9305914172141208,5.15421686746988,3.2288152610441765
QI-MRFO,n30 m5 uniform high,30,5,23,20000,44.81999416327389,44.81999416327389,10.888229455112592,44.52792459708759,0.0065592449868054825,6.366443872451782,19950,0.21039156626506025,0.0009036144578313253,0.01711847389558233,4.171285140562249,0.8521303258145363,0.0,0.9287209096939821,5.085240963855422,3.2573293172690763
QI-MRFO,n30 m5 uniform high,30,5,24,20000,44.79065502078356,44.79065502078356,10.890258498026213,44.52792459708759,0.0059003518819548675,6.931410551071167,19950,0.205070281124498,0.0021586345381526106,0.021034136546184738,4.2275602409638555,0.9022556390977443,0.0,0.9269713642369085,5.040261044176707,3.414859437751004
QI-MRFO,n30 m5 uniform high,30,5,25,20000,45.01699880188559,45.01699880188559,10.90684957947576,44.52792459708759,0.010983539188574485,6.273918151855469,19950,0.21636546184738956,0.00030120481927710846,0.011847389558232932,4.132128514056225,0.5513784461152882,0.0,0.9296538696261868,5.0198795180722895,3.244377510040161
QI-MRFO,n30 m5 uniform high,30,5,26,20000,45.09301454927305,45.09301454927305,10.928946429055966,44.52792459708759,0.012690686963263953,6.3435821533203125,19950,0.2115461847389558,0.006827309236947791,0.018122489959839356,4.123795180722891,0.9022556390977443,0.0,0.9304213212265112,5.008734939759036,3.238855421686747
QI-MRFO,n30 m5 uniform high,30,5,27,20000,44.7056513091803,44.7056513091803,10.887619399309184,44.52792459708759,0.003991354048069217,7.2800962924957275,19950,0.20717871485943776,0.0038654618473895584,0.01711847389558233,4.239006024096385,0.8020050125313283,0.0,0.914340505390524,5.03855421686747,3.439457831325301
QI-MRFO,n30 m5 uniform high,30,5,28,20000,45.18307506208485,45.18307506208485,10.919839762363347,44.52792459708759,0.014713249515341522,5.492098569869995,19950,0.20727911646586344,0.00998995983935743,0.015461847389558234,4.1389558232931725,0.5513784461152882,0.0,0.9245565677343308,5.041465863453816,3.23644578313253
QI-MRFO,n30 m5 uniform high,30,5,29,20000,45.287431203029705,45.287431203029705,10.933816892641707,44.52792459708759,0.017056860673712846,6.452212333679199,19950,0.20015060240963856,0.004417670682730923,0.018724899598393574,4.333082329317269,0.7518796992481203,0.0044444444444444444,0.9204837406269257,5.223092369477912,3.4430722891566266
QI-MRFO unsigned,n30 m5 uniform high,30,5,0,20000,45.16977025723094,45.16977025723094,10.938128220304598,44.52792459708759,0.014414452637330575,5.95177698135376,19950,0.22369477911646587,0.009538152610441768,0.015110441767068272,3.9808734939759036,0.6516290726817042,0.0,0.9244195282782977,4.7874497991967875,3.17429718875502
QI-MRFO unsigned,n30 m5 uniform high,30,5,1,20000,45.03025080379784,45.03025080379784,10.928860903887026,44.52792459708759,0.011281150227763053,7.238067626953125,19950,0.22023092369477912,0.007429718875502008,0.017319277108433735,4.088002008032128,0.8020050125313283,0.0044444444444444444,0.9363063557969565,4.9072289156626505,3.2687751004016063
QI-MRFO unsigned,n30 m5 uniform high,30,5,2,20000,44.84251480206646,44.84251480206646,10.909945099150972,44.52792459708759,0.007065009380640356,7.183169364929199,19950,0.24056224899598394,0.0006024096385542169,0.011295180722891566,3.8789156626506025,0.7017543859649122,0.0,0.9321737731519802,4.648995983935743,3.1088353413654617
QI-MRFO unsigned,n30 m5 uniform high,30,5,3,20000,44.86782767860733,44.86782767860733,10.88856176508558,44.52792459708759,0.007633481339976222,6.941144943237305,19950,0.2267570281124498,0.0011546184738955823,0.01566265060240964,3.9650100401606427,0.5513784461152882,0.0,0.9256852771483544,4.805823293172691,3.1241967871485943
QI-MRFO unsigned,n30 m5 uniform high,30,5,4,20000,46.76347487462567,46.76347487462567,11.203038063831622,44.52792459708759,0.050205579931392096,7.20182991027832,19950,0.22896586345381525,0.025050200803212852,0.006726907630522088,3.987550200803213,0.45112781954887216,0.0044444444444444444,0.9260148561354379,4.776807228915662,3.198293172690763
QI-MRFO unsigned,n30 m5 uniform high,30,5,5,20000,45.04136154882303,45.04136154882303,10.950062661490882,44.52792459708759,0.011530673310766093,6.408106327056885,19950,0.2325301204819277,0.0023092369477911647,0.00963855421686747,3.9440261044176705,0.45112781954887216,0.0,0.9263761472050032,4.755321285140562,3.132730923694779
QI-MRFO unsigned,n30 m5 uniform high,30,5,6,20000,44.918438937526474,44.918438937526474,10.898740306514819,44.52792459708759,0.008770099751391196,7.591782331466675,19950,0.23343373493975902,0.0007028112449799197,0.01144578313253012,3.9012048192771083,0.7017543859649122,0.0,0.9338984208396844,4.79437751004016,3.0080321285140563
QI-MRFO unsigned,n30 m5 uniform high,30,5,7,20000,44.75788354052074,44.75788354052074,10.895129793828106,44.52792459708759,0.005164375962139214,5.867394208908081,19950,0.23288152610441767,0.0069277108433734936,0.012951807228915663,3.892570281124498,0.5012531328320802,0.0,0.9206106725078436,4.662550200803213,3.1225903614457833
QI-MRFO unsigned,n30 m5 uniform high,30,5,8,20000,44.64905603950306,44.64905603950306,10.883160432922585,44.52792459708759,0.0027203478157028383,7.018779754638672,19950,0.221285140562249,0.004417670682730923,0.019226907630522087,4.05316265060241,0.8020050125313283,0.0,0.9233157145599691,4.81285140562249,3.2934738955823293
QI-MRFO unsigned,n30 m5 uniform high,30,5,9,20000,46.76347487462567,46.76347487462567,11.187505347421874,44.52792459708759,0.050205579931392096,8.653597116470337,19950,0.22515060240963855,0.050100401606425704,0.00642570281124498,3.967520080321285,0.3007518796992481,0.0044444444444444444,0.9290519450971918,4.771285140562249,3.1637550200803215
QI-MRFO unsigned,n30 m5 uniform high,30,5,10,20000,45.12865884763782,45.12865884763782,10.932111177618504,44.52792459708759,0.01349118010744934,7.668777227401733,19950,0.23012048192771084,0.004216867469879518,0.013755020080321286,3.887550200803213,0.5513784461152882,0.0,0.9307141804243426,4.661044176706827,3.114056224899598
QI-MRFO unsigned,n30 m5 uniform high,30,5,11,20000,45.23495483539601,45.23495483539601,10.952947860711282,44.52792459708759,0.015878355991347147,6.99388861656189,19950,0.232429718875502,0.0015562248995983935,0.011997991967871486,3.933534136546185,0.5012531328320802,0.0,0.9278980753283709,4.755120481927711,3.1119477911646585
QI-MRFO unsigned,n30 m5 uniform high,30,5,12,20000,44.841884418553406,44.841884418553406,10.900920808225989,44.52792459708759,0.007050852342809393,7.328535556793213,19950,0.23022088353413656,0.0038654618473895584,0.012951807228915663,3.9065763052208835,0.40100250626566414,0.0,0.9296454833640695,4.72640562248996,3.0867469879518072
QI-MRFO unsigned,n30 m5 uniform high,30,5,13,20000,45.18255678261437,45.18255678261437,10.92945092356633,44.52792459708759,0.014701610089628931,7.044607400894165,19950,0.23468875502008033,0.0006024096385542169,0.01139558232931727,3.8394076305220883,0.5513784461152882,0.0,0.9275414713750638,4.620281124497992,3.058534136546185
QI-MRFO unsigned,n30 m5 uniform high,30,5,14,20000,44.715254401344886,44.715254401344886,10.892098464324,44.52792459708759,0.004207018538419554,7.398544073104858,19950,0.23067269076305222,0.0036144578313253013,0.017771084337349398,3.997339357429719,0.8020050125313283,0.0,0.9213869678034394,4.790461847389558,3.2042168674698797
QI-MRFO unsigned,n30 m5 uniform high,30,5,15,20000,44.79012775623303,44.79012775623303,10.905836663413425,44.52792459708759,0.005888510670955294,8.077220916748047,19950,0.2235441767068273,0.002008032128514056,0.017419678714859436,4.023895582329318,0.9022556390977443,0.0,0.9246449872227728,4.8519076305220885,3.1958835341365464
QI-MRFO unsigned,n30 m5 uniform high,30,5,16,20000,45.24762585677195,45.24762585677195,10.95085588070113,44.52792459708759,0.01616291947573567,6.130418539047241,19950,0.22555220883534136,0.009738955823293172,0.014959839357429719,3.919578313253012,0.6516290726817042,0.0,0.9294044235608976,4.733433734939759,3.105722891566265
QI-MRFO unsigned,n30 m5 uniform high,30,5,17,20000,44.98057594633243,44.98057594633243,10.920912621752771,44.52792459708759,0.010165561349213321,7.675605058670044,19950,0.2399598393574297,0.0010542168674698795,0.01646586345381526,3.941164658634538,1.0025062656641603,0.0,0.9258959636414946,4.771586345381526,3.11074297188755
QI-MRFO unsigned,n30 m5 uniform high,30,5,18,20000,44.87580374885965,44.87580374885965,10.901858093470675,44.52792459708759,0.007812606469307933,8.638737201690674,19950,0.22856425702811245,0.005170682730923695,0.01576305220883534,4.089056224899599,0.8521303258145363,0.0,0.9241516935559076,5.068775100401607,3.1093373493975904
QI-MRFO unsigned,n30 m5 uniform high,30,5,19,20000,45.08445999792779,45.08445999792779,10.915081778499577,44.52792459708759,0.012498570411175143,7.827889919281006,19950,0.22806224899598393,0.006576305220883534,0.01827309236947791,3.886746987951807,0.9022556390977443,0.0044444444444444444,0.9343016788390658,4.682429718875502,3.0910642570281124
QI-MRFO unsigned,n30 m5 uniform high,30,5,20,20000,44.93848550443427,44.93848550443427,10.901424820104955,44.52792459708759,0.0092203018905923,8.546883583068848,19950,0.22745983935742972,0.00286144578313253,0.017319277108433735,3.9936746987951808,0.5513784461152882,0.0,0.9240842726131329,4.7984939759036145,3.188855421686747
QI-MRFO unsigned,n30 m5 uniform high,30,5,21,20000,44.889817926382264,44.889817926382264,10.883079157801212,44.52792459708759,0.008127334309184123,9.260989904403687,19950,0.22846385542168673,0.0012048192771084338,0.012299196787148595,3.982078313253012,0.40100250626566414,0.0,0.9174205379543245,4.77359437751004,3.1905622489959837
QI-MRFO unsigned,n30 m5 uniform high,30,5,22,20000,44.87798822828511,44.87798822828511,10.888233809787295,44.52792459708759,0.007861665109368645,8.032855033874512,19950,0.2317269076305221,0.001957831325301205,0.01646586345381526,4.001706827309237,0.8521303258145363,0.0,0.9234206757098771,4.853012048192771,3.150401606425703
QI-MRFO unsigned,n30 m5 uniform high,30,5,23,20000,44.738851957650574,44.738851957650574,10.896109040331382,44.52792459708759,0.004736968149123657,7.989275217056274,19950,0.22369477911646587,0.008684738955823293,0.018473895582329317,3.9021084337349397,0.7017543859649122,0.0044444444444444444,0.9312142822790334,4.696686746987952,3.1075301204819277
QI-MRFO unsigned,n30 m5 uniform high,30,5,24,20000,44.782091404961726,44.782091404961726,10.904896176872905,44.52792459708759,0.005708031761506338,6.7301185131073,19950,0.22515060240963855,0.012148594377510041,0.017720883534136547,4.045682730923695,0.9022556390977443,0.0,0.9291006476764037,4.92710843373494,3.16425702811245
QI-MRFO unsigned,n30 m5 uniform high,30,5,25,20000,44.84502236473728,44.84502236473728,10.889592053488244,44.52792459708759,0.0071213237652318516,8.46520471572876,19950,0.2325301204819277,0.0026606425702811244,0.013654618473895583,3.9213855421686747,0.6015037593984962,0.0,0.9338267983537784,4.766365461847389,3.07640562248996
QI-MRFO unsigned,n30 m5 uniform high,30,5,26,20000,45.384588080424464,45.384588080424464,10.98574471151463,44.52792459708759,0.01923879208582978,8.544611692428589,19950,0.21967871485943774,0.01430722891566265,0.012349397590361445,4.0236947791164654,0.6015037593984962,0.01111111111111111,0.927050979054844,4.881927710843374,3.165461847389558
QI-MRFO unsigned,n30 m5 uniform high,30,5,27,20000,44.77280133798392,44.77280133798392,10.906222117641892,44.52792459708759,0.005499397133643797,8.035168647766113,19950,0.23343373493975902,0.006024096385542169,0.013453815261044177,3.8603413654618475,0.6015037593984962,0.0,0.9341539220370051,4.708835341365462,3.0118473895582327
QI-MRFO unsigned,n30 m5 uniform high,30,5,28,20000,45.26325753305463,45.26325753305463,10.986606980134212,44.52792459708759,0.0165139728074174,8.928528308868408,19950,0.22379518072289156,0.014056224899598393,0.016666666666666666,3.9226907630522088,0.6516290726817042,0.0,0.9322674064957205,4.864859437751004,2.9805220883534136
QI-MRFO unsigned,n30 m5 uniform high,30,5,29,20000,45.088511259295565,45.088511259295565,10.90595141323403,44.52792459708759,0.01258955289923035,7.480794668197632,19950,0.23122489959839357,0.0025602409638554218,0.0125,3.9395582329317267,0.5513784461152882,0.0,0.9311389354367631,4.777409638554217,3.1017068273092367
P-MRFO (linear twin),n30 m5 uniform high,30,5,0,20000,44.79271783357992,44.79271783357992,10.88126252273153,44.52792459708759,0.00594667815507507,8.540042161941528,19950,0.26661646586345383,0.015411646586345381,0.0125,4.296385542168674,0.6516290726817042,0.0,0.9316060212165762,5.121485943775101,3.471285140562249
P-MRFO (linear twin),n30 m5 uniform high,30,5,1,20000,44.74824102559437,44.74824102559437,10.884271613490629,44.52792459708759,0.0049478261226032355,8.18169379234314,19950,0.2665160642570281,0.0009538152610441767,0.01104417670682731,4.292269076305221,0.5012531328320802,0.0,0.9355523073044566,5.060140562248996,3.524397590361446
P-MRFO (linear twin),n30 m5 uniform high,30,5,2,20000,45.00253018855837,45.00253018855837,10.938793269819996,44.52792459708759,0.01065860571237625,7.641907691955566,19950,0.2592871485943775,0.008433734939759036,0.015512048192771084,4.254969879518073,0.6015037593984962,0.0,0.9358099751803622,5.125100401606426,3.384839357429719
P-MRFO (linear twin),n30 m5 uniform high,30,5,3,20000,44.66415567264006,44.66415567264006,10.876558939786717,44.52792459708759,0.0030594526195675516,7.9323813915252686,19950,0.26194779116465866,0.005823293172690763,0.013152610441767068,4.369076305220884,0.7017543859649122,0.0,0.9345674145591717,5.376104417670683,3.362048192771084
P-MRFO (linear twin),n30 m5 uniform high,30,5,4,20000,44.886879369005605,44.886879369005605,10.91499140904189,44.52792459708759,0.00806134072418665,6.935043573379517,19950,0.26174698795180723,0.0030120481927710845,0.017419678714859436,4.369327309236948,0.7017543859649122,0.0,0.9376312065842423,5.300803212851406,3.43785140562249
P-MRFO (linear twin),n30 m5 uniform high,30,5,5,20000,44.82475254764594,44.82475254764594,10.905400937683517,44.52792459708759,0.006666107914173185,6.356788873672485,19950,0.27454819277108433,0.002259036144578313,0.010240963855421687,4.233734939759036,0.5012531328320802,0.0,0.9398224421805679,5.120983935742972,3.3464859437751002
P-MRFO (linear twin),n30 m5 uniform high,30,5,6,20000,45.02164344071249,45.02164344071249,10.938219362049763,44.52792459708759,0.011087847639258483,8.72073745727539,19950,0.2620983935742972,0.0053714859437751,0.01139558232931727,4.2529618473895585,0.45112781954887216,0.0044444444444444444,0.9326242842495929,5.115361445783132,3.390562248995984
P-MRFO (linear twin),n30 m5 uniform high,30,5,7,20000,44.9599785256031,44.9599785256031,10.92555520960671,44.52792459708759,0.00970298823547161,8.29548192024231,19950,0.2683734939759036,0.00426706827309237,0.015010040160642571,4.2561244979919675,0.5513784461152882,0.012413793103448277,0.9407566618361966,5.1734939759036145,3.3387550200803213
P-MRFO (linear twin),n30 m5 uniform high,30,5,8,20000,44.761863166919746,44.761863166919746,10.897474514746456,44.52792459708759,0.005253749685146028,8.432758808135986,19950,0.25662650602409637,0.0039658634538152614,0.016014056224899598,4.337248995983936,0.6015037593984962,0.0,0.9410197152667558,5.252710843373494,3.4217871485943774
P-MRFO (linear twin),n30 m5 uniform high,30,5,9,20000,45.10137541575198,45.10137541575198,10.913182168832908,44.52792459708759,0.012878453775990674,9.069061994552612,19950,0.25532128514056224,0.0033132530120481927,0.014056224899598393,4.330170682730924,0.5513784461152882,0.0,0.930749771009784,5.178614457831325,3.481726907630522
P-MRFO (linear twin),n30 m5 uniform high,30,5,10,20000,45.016081246981685,45.016081246981685,10.940856389952412,44.52792459708759,0.010962932908083992,6.695379734039307,19950,0.2623995983935743,0.004869477911646586,0.013855421686746987,4.2353915662650605,0.6516290726817042,0.0,0.9370663983687769,5.191967871485944,3.2788152610441768
P-MRFO (linear twin),n30 m5 uniform high,30,5,11,20000,45.12719174624529,45.12719174624529,10.96299248553165,44.52792459708759,0.013458232212261986,7.865675449371338,19950,0.2528112449799197,0.013052208835341365,0.01325301204819277,4.409638554216867,0.8020050125313283,0.008582375478927203,0.9344241887678734,5.338755020080321,3.4805220883534136
P-MRFO (linear twin),n30 m5 uniform high,30,5,12,20000,45.102028744983144,45.102028744983144,10.891993731113713,44.52792459708759,0.012893126124569117,9.864616394042969,19950,0.2748493975903614,0.0035140562248995983,0.010140562248995984,4.268624497991968,0.3007518796992481,0.0,0.9429836845463793,5.1708835341365464,3.3663654618473897
P-MRFO (linear twin),n30 m5 uniform high,30,5,13,20000,44.83194955894002,44.83194955894002,10.896807876216647,44.52792459708759,0.006827737079673196,8.819161891937256,19950,0.26144578313253014,0.0025100401606425703,0.017269076305220885,4.240411646586345,0.8020050125313283,0.0,0.9363480928490611,5.207128514056225,3.273694779116466
P-MRFO (linear twin),n30 m5 uniform high,30,5,14,20000,44.9769725868063,44.9769725868063,10.907361630927701,44.52792459708759,0.010084637758932914,6.906387567520142,19950,0.2713855421686747,0.009036144578313253,0.012449799196787148,4.224598393574297,0.5513784461152882,0.0,0.9328323088419483,5.127510040160643,3.3216867469879516
P-MRFO (linear twin),n30 m5 uniform high,30,5,15,20000,44.76273908009991,44.76273908009991,10.89423865671213,44.52792459708759,0.005273420783408355,9.39401388168335,19950,0.25496987951807226,0.0011546184738955823,0.01571285140562249,4.421335341365462,0.9022556390977443,0.0,0.9321366359081248,5.367469879518072,3.4752008032128514
P-MRFO (linear twin),n30 m5 uniform high,30,5,16,20000,44.68909728760939,44.68909728760939,10.891585348711473,44.52792459708759,0.0036195868543207103,8.021467685699463,19950,0.2640562248995984,0.010291164658634538,0.012198795180722892,4.310441767068273,0.5513784461152882,0.0,0.9380582477702119,5.261847389558233,3.3590361445783135
P-MRFO (linear twin),n30 m5 uniform high,30,5,17,20000,44.97711820767677,44.97711820767677,10.89360929481469,44.52792459708759,0.010087908085852195,6.89283561706543,19950,0.2359437751004016,0.029066265060240962,0.020933734939759037,4.534487951807229,0.8020050125313283,0.008582375478927203,0.9338446892112375,5.438755020080321,3.6302208835341365
P-MRFO (linear twin),n30 m5 uniform high,30,5,18,20000,45.084524707906866,45.084524707906866,10.951172216464421,44.52792459708759,0.012500023656069528,7.425307989120483,19950,0.26255020080321284,0.0015562248995983935,0.010240963855421687,4.237399598393575,0.5513784461152882,0.0,0.9344546576535119,5.109538152610442,3.365261044176707
P-MRFO (linear twin),n30 m5 uniform high,30,5,19,20000,45.142183975774536,45.142183975774536,10.9283239628749,44.52792459708759,0.013794924965515279,11.362814903259277,19950,0.25727911646586343,0.021937751004016064,0.015010040160642571,4.280421686746988,0.7518796992481203,0.06099616858237548,0.9340715680288059,5.132730923694779,3.4281124497991966
P-MRFO (linear twin),n30 m5 uniform high,30,5,20,20000,45.07275714883329,45.07275714883329,10.91938711925048,44.52792459708759,0.01223574996309922,13.072999477386475,19950,0.2624497991967871,0.0014558232931726907,0.015311244979919678,4.369929718875502,0.7518796992481203,0.0,0.9288587290900483,5.174096385542168,3.5657630522088355
P-MRFO (linear twin),n30 m5 uniform high,30,5,21,20000,44.949479808496505,44.949479808496505,10.913165023501955,44.52792459708759,0.009467209963710891,7.875306129455566,19950,0.25933734939759034,0.003714859437751004,0.017720883534136547,4.360441767068273,0.8020050125313283,0.0,0.9259549916768474,5.203815261044177,3.5170682730923697
P-MRFO (linear twin),n30 m5 uniform high,30,5,22,20000,44.84754208760114,44.84754208760114,10.903135812449934,44.52792459708759,0.007177911241218185,7.171065330505371,19950,0.25426706827309237,0.01104417670682731,0.020532128514056225,4.412700803212851,1.0526315789473684,0.0,0.9297074323648921,5.409437751004016,3.415963855421687
P-MRFO (linear twin),n30 m5 uniform high,30,5,23,20000,44.644868812386584,44.644868812386584,10.874955162649526,44.52792459708759,0.0026263118336901313,9.313508987426758,19950,0.25742971887550203,0.0013052208835341366,0.019477911646586344,4.3343373493975905,0.8020050125313283,0.0,0.9341216097134271,5.2372489959839355,3.431425702811245
P-MRFO (linear twin),n30 m5 uniform high,30,5,24,20000,44.786270546540806,44.786270546540806,10.885737358979164,44.52792459708759,0.005801886159996607,8.66895079612732,19950,0.2633032128514056,0.0033132530120481927,0.013855421686746987,4.401807228915662,0.6516290726817042,0.0,0.9380596984942572,5.258333333333334,3.545281124497992
P-MRFO (linear twin),n30 m5 uniform high,30,5,25,20000,45.06097577335994,45.06097577335994,10.940167204058747,44.52792459708759,0.01197116598394565,6.003177881240845,19950,0.2667670682730924,0.00045180722891566266,0.009136546184738956,4.291817269076305,0.6015037593984962,0.0,0.9327322876759692,5.169578313253012,3.4140562248995985
P-MRFO (linear twin),n30 m5 uniform high,30,5,26,20000,44.91826732743551,44.91826732743551,10.902656683697806,44.52792459708759,0.00876624576330352,13.590423822402954,19950,0.275,0.0008534136546184739,0.01144578313253012,4.316014056224899,0.6015037593984962,0.0,0.9388482699303513,5.298694779116466,3.3333333333333335
P-MRFO (linear twin),n30 m5 uniform high,30,5,27,20000,44.760647939200325,44.760647939200325,10.885597628849085,44.52792459708759,0.005226458322918472,5.416502952575684,19950,0.2676706827309237,0.0006024096385542169,0.015913654618473896,4.270130522088353,0.7017543859649122,0.0,0.9373229370812939,5.073694779116466,3.466566265060241
P-MRFO (linear twin),n30 m5 uniform high,30,5,28,20000,45.26325753305463,45.26325753305463,10.982455139994762,44.52792459708759,0.0165139728074174,11.564149379730225,19950,0.25938755020080323,0.007279116465863454,0.013453815261044177,4.282078313253012,0.7017543859649122,0.0,0.9351424365536866,5.157530120481928,3.4066265060240966
P-MRFO (linear twin),n30 m5 uniform high,30,5,29,20000,45.43060201596009,45.43060201596009,10.916111197662236,44.52792459708759,0.020272164648148475,8.791971445083618,19950,0.25456827309236946,0.015913654618473896,0.01882530120481928,4.36214859437751,0.9022556390977443,0.0044444444444444444,0.9356842961412044,5.382429718875502,3.341867469879518
DMO,n30 m5 uniform high,30,5,0,20000,45.80451339197482,45.80451339197482,10.961090864948941,44.52792459708759,0.02866939805612968,5.721297740936279,19935,0.09507290095525389,0.0371543489190548,0.23529411764705882,10.58044243338361,0.852771507399047,0.5224521072796935,,11.73373554550025,9.427149321266969
DMO,n30 m5 uniform high,30,5,1,20000,46.27550039485641,46.27550039485641,11.063702164720238,44.52792459708759,0.03924673816670809,3.207254648208618,19935,0.10105580693815988,0.03599798893916541,0.23529411764705882,10.302966314731021,0.45146726862302483,0.4406896551724138,,12.147109100050276,8.458823529411765
DMO,n30 m5 uniform high,30,5,2,20000,46.215580220067636,46.215580220067636,11.123814660384584,44.52792459708759,0.037901061822459815,5.9737231731414795,19935,0.09602815485168427,0.034640522875816995,0.2477124183006536,10.272800402212168,0.45146726862302483,0.40896551724137936,,11.97315233785822,8.572448466566113
DMO,n30 m5 uniform high,30,5,3,20000,45.40052625193033,45.40052625193033,11.002462850722608,44.52792459708759,0.019596728631269135,5.661869525909424,19935,0.09577677224736049,0.03655103066867773,0.23821015585721467,10.652237305178481,0.8026084775520441,0.5289655172413793,,11.827350427350428,9.477124183006536
DMO,n30 m5 uniform high,30,5,4,20000,44.938670736800695,44.938670736800695,10.915819164179831,44.52792459708759,0.0092244618052549,5.824897050857544,19935,0.09592760180995476,0.03886375062845651,0.23579688285570638,10.762443438914028,0.40130423877602206,0.5444444444444444,,11.97335344394168,9.551533433886375
DMO,n30 m5 uniform high,30,5,5,20000,45.588057711843796,45.588057711843796,10.988460388269942,44.52792459708759,0.023808275915593525,3.3656744956970215,19935,0.09954751131221719,0.035646053293112115,0.23373554550025138,10.50296631473102,0.7022824178580386,0.548735632183908,,11.777174459527401,9.22875816993464
DMO,n30 m5 uniform high,30,5,6,20000,45.988358541813916,45.988358541813916,11.079340279495685,44.52792459708759,0.03279815886190769,3.311100959777832,19935,0.09627953745600805,0.03780794369029663,0.24122674710910005,10.411965811965812,0.6019563581640331,0.46436781609195404,,11.994167923579688,8.829763700351936
DMO,n30 m5 uniform high,30,5,7,20000,45.732028660598246,45.732028660598246,11.003123841911078,44.52792459708759,0.027041549194264748,7.58160662651062,19935,0.09899446958270487,0.036349924585218706,0.24007038712921067,9.978129713423831,0.5517933283170303,0.369808429118774,,11.984112619406737,7.972146807440925
DMO,n30 m5 uniform high,30,5,8,20000,45.655137670292746,45.655137670292746,10.998259616222839,44.52792459708759,0.02531474537393737,5.840831756591797,19936,0.09708396178984414,0.03725490196078431,0.23896430367018603,10.476822523881347,0.30096308186195825,0.5306513409961686,,11.780291603821016,9.173353443941679
DMO,n30 m5 uniform high,30,5,9,20000,46.11883417374532,46.11883417374532,11.118795912783682,44.52792459708759,0.035728356779551884,3.569040060043335,19935,0.09577677224736049,0.03961789844142785,0.23881347410759177,10.38964303670186,0.2508151492350138,0.427816091954023,,11.947109100050277,8.832176973353445
DMO,n30 m5 uniform high,30,5,10,20000,45.92101101775522,45.92101101775522,11.039729030636634,44.52792459708759,0.031285680463956446,3.890928030014038,19935,0.0998994469582705,0.038562091503267976,0.23720462543991955,9.686827551533433,0.5517933283170303,0.26383141762452106,,11.687581699346405,7.686073403720463
DMO,n30 m5 uniform high,30,5,11,20000,45.49948166377232,45.49948166377232,10.969069991027558,44.52792459708759,0.0218190512015976,6.261659145355225,19935,0.09819004524886878,0.03504273504273504,0.24238310708898944,10.2930115635998,0.5517933283170303,0.44114942528735634,,11.839819004524887,8.74620412267471
DMO,n30 m5 uniform high,30,5,12,20000,46.66289455082896,46.66289455082896,10.950634506536092,44.52792459708759,0.047946765385086215,3.7870285511016846,19935,0.10261437908496732,0.037355455002513825,0.24017094017094018,9.946656611362494,0.5517933283170303,0.16344827586206898,,11.8289592760181,8.064353946706888
DMO,n30 m5 uniform high,30,5,13,20000,45.70829321250792,45.70829321250792,11.014047487292753,44.52792459708759,0.026508502835039638,3.752959728240967,19935,0.0955253896430367,0.03574660633484163,0.24223227752639517,10.79205630970337,0.40130423877602206,0.5767049808429119,,12.089391654097536,9.4947209653092
DMO,n30 m5 uniform high,30,5,14,20000,45.87910294575341,45.87910294575341,10.974868272746022,44.52792459708759,0.030344516635167733,5.810903787612915,19935,0.09577677224736049,0.04097536450477627,0.23609854198089492,10.677777777777777,0.7022824178580386,0.4554022988505747,,11.98753142282554,9.368024132730016
DMO,n30 m5 uniform high,30,5,15,20000,45.763906352395246,45.763906352395246,11.020066953536661,44.52792459708759,0.02775745257591674,6.182977914810181,19935,0.09984917043740574,0.04062342885872298,0.23182503770739066,10.393564605329312,0.20065211938801103,0.4186206896551724,,11.891302161890398,8.895827048768226
DMO,n30 m5 uniform high,30,5,16,20000,46.397893854172935,46.397893854172935,11.108620702483895,44.52792459708759,0.041995428127536226,7.661323308944702,19935,0.09944695827048768,0.035143288084464555,0.238562091503268,10.378682755153344,0.3511412089290193,0.5244444444444444,,11.735243841126193,9.022121669180493
DMO,n30 m5 uniform high,30,5,17,20000,45.90629206410041,45.90629206410041,10.97740974491082,44.52792459708759,0.0309551248903924,7.997594833374023,19935,0.09457013574660633,0.03675213675213675,0.2440422322775264,10.247662141779788,0.8026084775520441,0.5209195402298851,,11.786726998491705,8.708597285067873
DMO,n30 m5 uniform high,30,5,18,20000,45.797463723329955,45.797463723329955,11.01473562790017,44.52792459708759,0.028511077884941442,5.423567771911621,19937,0.09673202614379085,0.03826043237807944,0.2377073906485671,10.550075414781297,0.7022119676982495,0.4567816091954023,,12.167219708396178,8.932931121166416
DMO,n30 m5 uniform high,30,5,19,20000,45.44358838989376,45.44358838989376,10.960715529491406,44.52792459708759,0.020563810262696627,7.155405044555664,19935,0.09834087481146304,0.03549522373051785,0.23579688285570638,10.545952740070387,0.3511412089290193,0.4721072796934866,,11.908496732026144,9.18340874811463
DMO,n30 m5 uniform high,30,5,20,20000,45.77046116502397,45.77046116502397,11.038785740003732,44.52792459708759,0.027904659361052866,6.148142337799072,19936,0.09778783308195073,0.038712921065862244,0.23836098541980896,9.85580693815988,0.6019261637239165,0.4606130268199234,,11.688888888888888,8.02272498743087
DMO,n30 m5 uniform high,30,5,21,20000,45.62136828166379,45.62136828166379,10.974570101075551,44.52792459708759,0.02455635861024879,7.213923692703247,19935,0.09718451483157366,0.03810960281548517,0.24343891402714932,9.843388637506285,0.40130423877602206,0.3396934865900383,,11.63499245852187,8.051784816490699
DMO,n30 m5 uniform high,30,5,22,20000,45.72315742830217,45.72315742830217,11.01688564427071,44.52792459708759,0.026842320679207183,8.294074296951294,19935,0.0955253896430367,0.037355455002513825,0.24012066365007542,10.484012066365008,0.5517933283170303,0.489272030651341,,11.825741578682756,9.14228255404726
DMO,n30 m5 uniform high,30,5,23,20000,45.51118620399353,45.51118620399353,10.963870962294136,44.52792459708759,0.02208190962868844,5.362728595733643,19935,0.09728506787330317,0.03665158371040724,0.23740573152337857,10.629663147310206,0.5016302984700276,0.5449042145593869,,11.708195072900955,9.551131221719457
DMO,n30 m5 uniform high,30,5,24,20000,45.37087606695452,45.37087606695452,10.919992106335583,44.52792459708759,0.018930850191074627,4.392293691635132,19935,0.09693313222724988,0.03966817496229261,0.23217697335344395,10.399698340874812,0.3009781790820166,0.44865900383141766,,11.973554550025138,8.825842131724485
DMO,n30 m5 uniform high,30,5,25,20000,46.73611274691633,46.73611274691633,11.206363459980606,44.52792459708759,0.04959108626349885,4.497733116149902,19935,0.09859225741578682,0.0350930115635998,0.23614881850175967,10.470889894419306,0.9029345372460497,0.47279693486590035,,12.061236802413273,8.88054298642534
DMO,n30 m5 uniform high,30,5,26,20000,45.352954973803044,45.352954973803044,10.958657311598337,44.52792459708759,0.018528381553390785,6.096947431564331,19935,0.09436902966314731,0.0371543489190548,0.2419808949220714,10.268929110105582,0.5016302984700276,0.32306513409961685,,11.839819004524887,8.698039215686274
DMO,n30 m5 uniform high,30,5,27,20000,45.86406849750854,45.86406849750854,10.985948572833143,44.52792459708759,0.03000687574170799,6.117673397064209,19935,0.09964806435394671,0.034891905480140775,0.2394670688788336,10.458019105077929,0.6019563581640331,0.52,,11.842835595776773,9.073202614379085
DMO,n30 m5 uniform high,30,5,28,20000,45.82635622514688,45.82635622514688,11.061484778958919,44.52792459708759,0.029159940415103388,6.726646661758423,19935,0.0998994469582705,0.03579688285570638,0.23363499245852187,10.405329311211664,0.5517933283170303,0.4699616858237548,,12.139265962795374,8.671392659627953
DMO,n30 m5 uniform high,30,5,29,20000,46.01387656585786,46.01387656585786,11.013166239219062,44.52792459708759,0.033371237986408724,10.115246772766113,19935,0.09507290095525389,0.03579688285570638,0.23846153846153847,10.848667672197084,0.6019563581640331,0.5607662835249042,,12.20191050779286,9.495424836601307
QI-DMO no-decoherence,n30 m5 uniform high,30,5,0,20000,45.294616994288376,45.294616994288376,10.955900669509017,44.52792459708759,0.017218237861706485,12.209969758987427,19941,0.8427350427350427,0.010910005027652086,0.057717445952740074,1.052388134741076,0.3510355548869164,0.0,0.9999008083191893,2.0433383609854197,0.06143790849673202
QI-DMO no-decoherence,n30 m5 uniform high,30,5,1,20000,45.318665053450204,45.318665053450204,10.893617988413757,44.52792459708759,0.017758304783293953,8.1816086769104,19941,0.7831070889894419,0.00889894419306184,0.0770739064856712,1.7364504776269483,0.8525149190110827,0.0,0.9999160157773984,3.4095525389643035,0.06334841628959276
QI-DMO no-decoherence,n30 m5 uniform high,30,5,2,20000,45.70094011035853,45.70094011035853,10.96074214113831,44.52792459708759,0.026343368209612503,12.005563259124756,19941,0.8128205128205128,0.0102061337355455,0.06405228758169934,1.2452991452991453,0.6519231733614161,0.0,0.9999271595435011,2.4258421317244845,0.06475615887380594
QI-DMO no-decoherence,n30 m5 uniform high,30,5,3,20000,45.65033155329822,45.65033155329822,11.039846709078093,44.52792459708759,0.025206810476050008,11.410823822021484,19941,0.6306184012066365,0.14203117144293614,0.08295625942684766,1.845801910507793,0.25073968206208314,0.0062068965517241385,0.9974464099797286,3.481045751633987,0.2105580693815988
QI-DMO no-decoherence,n30 m5 uniform high,30,5,4,20000,45.04271518342359,45.04271518342359,10.937520163794908,44.52792459708759,0.01156107298945769,9.580130100250244,19941,0.7485671191553545,0.01085972850678733,0.08350930115635997,1.8209150326797385,0.802366982598666,0.0,0.9999245432104726,3.576571141277024,0.0652589240824535
QI-DMO no-decoherence,n30 m5 uniform high,30,5,5,20000,46.099986869453275,46.099986869453275,11.04555296824355,44.52792459708759,0.03530508746119525,13.702852964401245,19941,0.7841628959276018,0.02006033182503771,0.06862745098039216,1.4604826546003016,0.401183491299333,0.0,0.9999076270355386,2.8582202111613877,0.06274509803921569
QI-DMO no-decoherence,n30 m5 uniform high,30,5,6,20000,44.82488519945228,44.82488519945228,10.912188475741132,44.52792459708759,0.0066690869842183234,9.986000537872314,19941,0.7872800402212167,0.01045751633986928,0.07355455002513826,1.5763197586726998,0.3510355548869164,0.0,0.9997814929702297,3.0866767219708398,0.06596279537456008
QI-DMO no-decoherence,n30 m5 uniform high,30,5,7,20000,46.006794389208984,46.006794389208984,11.079151458757908,44.52792459708759,0.03321218775640222,12.58675217628479,19941,0.8641528406234289,0.010005027652086475,0.04700854700854701,0.9338360985419809,0.6017752369489996,0.0,0.9999316809761959,1.8019105077928608,0.06576168929110106
QI-DMO no-decoherence,n30 m5 uniform high,30,5,8,20000,45.36924385291812,45.36924385291812,10.952049760098605,44.52792459708759,0.018894194226280074,12.578718423843384,19941,0.8048768225238814,0.011412770236299647,0.06455505279034691,1.314429361488185,0.802366982598666,0.0,0.9998424736361907,2.552136752136752,0.0767219708396179
QI-DMO no-decoherence,n30 m5 uniform high,30,5,9,20000,46.246035501828906,46.246035501828906,10.977961998002405,44.52792459708759,0.03858502097925515,15.812747240066528,19940,0.7208647561588738,0.01789844142785319,0.09270990447461036,1.8017596782302665,0.4012036108324975,0.0,0.99988767635959,3.54429361488185,0.05922574157868275
QI-DMO no-decoherence,n30 m5 uniform high,30,5,10,20000,45.40119472740141,45.40119472740141,10.992486123970536,44.52792459708759,0.019611741131338005,13.211007118225098,19941,0.759778783308195,0.014982403217697336,0.07817998994469583,1.451332327802916,0.7020711097738328,0.0,0.9998717573319917,2.8296631473102063,0.07300150829562595
QI-DMO no-decoherence,n30 m5 uniform high,30,5,11,20000,45.972104500263704,45.972104500263704,10.955617680980408,44.52792459708759,0.03243312856468887,12.676355600357056,19941,0.36003016591251885,0.41442936148818504,0.0718954248366013,2.3596782302664656,0.3008876184744998,0.023065134099616857,0.9956169680490905,4.036299648064354,0.6830568124685772
QI-DMO no-decoherence,n30 m5 uniform high,30,5,12,20000,45.50224953116651,45.50224953116651,10.945605516622152,44.52792459708759,0.021881211462136032,16.11449885368347,19941,0.805982905982906,0.021920563097033684,0.061287078934137755,1.1429864253393665,0.3510355548869164,0.0,0.9998657967761413,2.223328305681247,0.06264454499748617
QI-DMO no-decoherence,n30 m5 uniform high,30,5,13,20000,45.954175339484735,45.954175339484735,11.068942316367458,44.52792459708759,0.032030478745699954,12.267200469970703,19941,0.6997486173956762,0.052187028657616895,0.08994469582704877,1.9302664655605832,0.8525149190110827,0.0639080459770115,0.9718567649356462,3.7475113122171946,0.11302161890397185
QI-DMO no-decoherence,n30 m5 uniform high,30,5,14,20000,45.421034475842234,45.421034475842234,10.969673627717622,44.52792459708759,0.020057298579172007,13.498632907867432,19941,0.7778280542986425,0.0102061337355455,0.07712418300653595,1.6345399698340874,0.7020711097738328,0.0,0.9998447510172132,3.204524886877828,0.06455505279034691
QI-DMO no-decoherence,n30 m5 uniform high,30,5,15,20000,45.24996580689076,45.24996580689076,10.954164244956873,44.52792459708759,0.01621546964823955,17.31294059753418,19939,0.7316742081447963,0.015082956259426848,0.08959276018099548,2.11342383107089,0.5015296654797131,0.0,0.9999032271646077,4.1653092006033186,0.06153846153846154
QI-DMO no-decoherence,n30 m5 uniform high,30,5,16,20000,45.63026513493702,45.63026513493702,11.00841025977087,44.52792459708759,0.02475616251653303,12.937808275222778,19941,0.6011563599798894,0.15434891905480141,0.08677727501256913,2.1555555555555554,0.9026628554234993,0.014482758620689654,0.9971822482360536,4.05771744595274,0.25339366515837103
QI-DMO no-decoherence,n30 m5 uniform high,30,5,17,20000,45.77041308708407,45.77041308708407,10.987596486322524,44.52792459708759,0.027903579635457542,13.620240211486816,19941,0.6602312719959779,0.1747611865258924,0.0599798893916541,1.456259426847662,0.401183491299333,0.009578544061302681,0.9973833320681277,2.664957264957265,0.24756158873805933
QI-DMO no-decoherence,n30 m5 uniform high,30,5,18,20000,45.72883489013337,45.72883489013337,10.980038155209437,44.52792459708759,0.02696982408033289,11.490874528884888,19941,0.6379084967320261,0.09934640522875816,0.08888888888888889,2.0068878833584716,0.401183491299333,0.004291187739463602,0.998357667063288,3.86184012066365,0.1519356460532931
QI-DMO no-decoherence,n30 m5 uniform high,30,5,19,20000,45.07413942913948,45.07413942913948,10.943179884218708,44.52792459708759,0.012266792961817352,11.977590560913086,19941,0.7669180492709905,0.021769733534439416,0.07631975867269986,1.4985922574157868,0.45133142771174967,0.0,0.999760656584047,2.9316239316239314,0.06556058320764203
QI-DMO no-decoherence,n30 m5 uniform high,30,5,20,20000,45.743314924751395,45.743314924751395,11.03366429925033,44.52792459708759,0.027295014053794437,15.676159620285034,19941,0.7646053293112116,0.012116641528406235,0.07903469079939668,1.620010055304173,0.7020711097738328,0.0,0.9998744669600073,3.17315233785822,0.06686777275012569
QI-DMO no-decoherence,n30 m5 uniform high,30,5,21,20000,45.94857355350301,45.94857355350301,10.99965091107825,44.52792459708759,0.03190467485898364,13.636400938034058,19941,0.6322272498743087,0.15646053293112117,0.07777777777777778,1.8988939165409753,0.401183491299333,0.004291187739463602,0.9978388666010322,3.5749622926093516,0.2228255404725993
QI-DMO no-decoherence,n30 m5 uniform high,30,5,22,20000,45.68989395736594,45.68989395736594,10.993687441895377,44.52792459708759,0.026095295722683393,14.688741207122803,19941,0.5422322775263951,0.2457516339869281,0.0762694821518351,1.942483660130719,0.6519231733614161,0.017164750957854406,0.9953441497580618,3.5169431875314228,0.3680241327300151
QI-DMO no-decoherence,n30 m5 uniform high,30,5,23,20000,45.65550323014466,45.65550323014466,10.94943264866944,44.52792459708759,0.025322955050342058,13.981369018554688,19941,0.6582704876822524,0.14967320261437908,0.06701860231271996,1.4695827048768226,0.3510355548869164,0.0,0.9998646419720141,2.796078431372549,0.14308697838109602
QI-DMO no-decoherence,n30 m5 uniform high,30,5,24,20000,45.23411978328896,45.23411978328896,10.976913994293978,44.52792459708759,0.015859602543603833,12.685208082199097,19940,0.685972850678733,0.013474107591754651,0.10623428858722976,2.317144293614882,0.551654964894684,0.05555555555555556,0.972620678827136,4.561186525892408,0.07310206133735546
QI-DMO no-decoherence,n30 m5 uniform high,30,5,25,20000,45.73858260644236,45.73858260644236,10.995684814600335,44.52792459708759,0.02718873651331037,12.427026510238647,19941,0.7537958773252891,0.010155857214680744,0.0848667672197084,1.8469582704876824,1.0029587282483325,0.0,0.9998777419593539,3.6244343891402715,0.06948215183509301
QI-DMO no-decoherence,n30 m5 uniform high,30,5,26,20000,45.84840180917747,45.84840180917747,10.98268430201784,44.52792459708759,0.029655036115836496,12.751832485198975,19941,0.7694318753142283,0.020512820512820513,0.07637003519356461,1.6083459024635496,0.401183491299333,0.0,0.9999357355671097,3.153544494720965,0.06314731020613373
QI-DMO no-decoherence,n30 m5 uniform high,30,5,27,20000,45.58601329908502,45.58601329908502,11.007982548578672,44.52792459708759,0.023762362867157584,13.333082675933838,19941,0.7850175967823027,0.009150326797385621,0.07496229260935143,1.5114630467571644,0.25073968206208314,0.0,0.9998917183883245,2.961689291101056,0.061236802413273
QI-DMO no-decoherence,n30 m5 uniform high,30,5,28,20000,45.939860306713285,45.939860306713285,11.026123714404358,44.52792459708759,0.03170899435358019,11.830514669418335,19941,0.5741578682755153,0.19663147310206133,0.08159879336349925,1.842433383609854,0.6519231733614161,0.016015325670498085,0.9963871364808397,3.3629964806435395,0.32187028657616895
QI-DMO no-decoherence,n30 m5 uniform high,30,5,29,20000,45.70609311115315,45.70609311115315,10.999317723653302,44.52792459708759,0.026459093360543032,13.27347707748413,19941,0.785972850678733,0.015987933634992457,0.06933132227249875,1.458119658119658,0.5516273005365829,0.0,0.9998869300159984,2.8564102564102565,0.05982905982905983
QI-DMO,n30 m5 uniform high,30,5,0,20000,45.37888426693982,45.37888426693982,10.969922440921245,44.52792459708759,0.019110696884082675,16.915560722351074,19933,0.017697335344394168,0.04228255404725993,0.32699849170437406,6.7784313725490195,0.5016806301108714,0.25762452107279693,0.8787561198649682,9.127400703871292,4.429462041226747
QI-DMO,n30 m5 uniform high,30,5,1,20000,45.590461690820476,45.590461690820476,11.017277445820994,44.52792459708759,0.02386226403649592,13.666921854019165,19933,0.01256913021618904,0.03338360985419809,0.32735042735042735,7.442785319255908,0.6020167561330457,0.19517241379310343,0.8996085426087992,9.300251382604324,5.585319255907491
QI-DMO,n30 m5 uniform high,30,5,2,20000,45.16794422727135,45.16794422727135,10.931792525760757,44.52792459708759,0.014373443989923114,13.505956888198853,19934,0.01518350930115636,0.036349924585218706,0.3270990447461036,6.92272498743087,0.7524831945419885,0.20137931034482756,0.8898814527999165,8.970638511814983,4.874811463046757
QI-DMO,n30 m5 uniform high,30,5,3,20000,44.807291231032046,44.807291231032046,10.904222314526601,44.52792459708759,0.0062739648540172015,13.866373300552368,19932,0.008949220713926596,0.0330316742081448,0.3319758672699849,7.508094519859226,0.5518763796909493,0.2563984674329502,0.8617666046641841,8.547410759175465,6.4687782805429865
QI-DMO,n30 m5 uniform high,30,5,4,20000,45.232083492146984,45.232083492146984,10.96249725656014,44.52792459708759,0.015813871888955045,14.40685224533081,19933,0.009100050276520865,0.030819507290095527,0.335042735042735,8.012619406737054,0.6020167561330457,0.22390804597701147,0.9055012264134826,9.431372549019608,6.593866264454499
QI-DMO,n30 m5 uniform high,30,5,5,20000,45.18018062809529,45.18018062809529,10.895265452193497,44.52792459708759,0.014648246845314777,19.187023639678955,19935,0.009451985922574157,0.02815485168426345,0.3335847159376571,8.021719457013575,0.40130423877602206,0.249272030651341,0.9032927305330427,9.748617395676218,6.29482151835093
QI-DMO,n30 m5 uniform high,30,5,6,20000,45.50230340569687,45.50230340569687,10.987643730507829,44.52792459708759,0.021882421366501578,10.947030544281006,19932,0.02252388134741076,0.03966817496229261,0.32011060834590244,7.110809451985922,0.6020469596628537,0.16252873563218392,0.9146497168157144,9.532428355957768,4.689190548014078
QI-DMO,n30 m5 uniform high,30,5,7,20000,44.90228286971867,44.90228286971867,10.922766301545199,44.52792459708759,0.008407269730589759,11.060656547546387,19935,0.012066365007541479,0.03378582202111614,0.3291101055806938,7.645651080945199,0.45146726862302483,0.24521072796934865,0.8841514463206881,9.711613876319758,5.579688285570638
QI-DMO,n30 m5 uniform high,30,5,8,20000,45.59878016281806,45.59878016281806,11.03940574715006,44.52792459708759,0.024049078761701582,19.27341365814209,19933,0.014328808446455505,0.03132227249874309,0.328456510809452,7.46289592760181,0.6521848191441328,0.20061302681992338,0.8912566738830885,9.660331825037707,5.2654600301659125
QI-DMO,n30 m5 uniform high,30,5,9,20000,45.142979957133726,45.142979957133726,10.94407861634502,44.52792459708759,0.013812800969537294,15.039111852645874,19932,0.008195072900955254,0.03177476118652589,0.3311714429361488,7.698039215686275,0.4013646397752358,0.2511877394636015,0.8862650909668471,8.815887380593264,6.580191050779286
QI-DMO,n30 m5 uniform high,30,5,10,20000,45.32819842786865,45.32819842786865,10.933098461570395,44.52792459708759,0.017972403565231554,16.32302975654602,19933,0.015535444947209653,0.03474107591754651,0.3304675716440422,7.349069884364002,0.8026890081773943,0.29701149425287354,0.8540720049927464,9.211965811965811,5.486173956762192
QI-DMO,n30 m5 uniform high,30,5,11,20000,45.342990256481656,45.342990256481656,10.95923397454218,44.52792459708759,0.018304595751300202,13.054682731628418,19934,0.013524384112619407,0.03996983408748114,0.32976370035193564,7.500452488687783,0.4514899167251931,0.1224521072796935,0.9216038652390072,9.88034188034188,5.120563097033685
QI-DMO,n30 m5 uniform high,30,5,12,20000,45.11324886301741,45.11324886301741,10.93000806856604,44.52792459708759,0.013145105486638923,11.073406219482422,19933,0.012066365007541479,0.03680241327300151,0.32267471091000505,7.2211664152840624,0.5016806301108714,0.2597701149425287,0.8842199307850511,9.13202614379085,5.310306686777275
QI-DMO,n30 m5 uniform high,30,5,13,20000,45.39371761892304,45.39371761892304,10.950022407095878,44.52792459708759,0.019443821594417612,14.101650476455688,19932,0.030517848164906988,0.042735042735042736,0.3237807943690297,6.146807440925088,0.5518763796909493,0.1288888888888889,0.9098471694692944,8.531020613373554,3.7625942684766214
QI-DMO,n30 m5 uniform high,30,5,14,20000,45.23290205540087,45.23290205540087,10.906165473993257,44.52792459708759,0.01583225503304482,16.8255512714386,19932,0.009100050276520865,0.02724987430869784,0.33609854198089495,8.278381096028156,1.0034115994380894,0.2049808429118774,0.9039068513681326,9.986626445449975,6.570135746606335
QI-DMO,n30 m5 uniform high,30,5,15,20000,45.24594068389796,45.24594068389796,10.940720684409445,44.52792459708759,0.01612507417103683,10.694342851638794,19934,0.009753645047762695,0.035394670688788335,0.3276520864756159,7.480542986425339,0.8026487408447878,0.25187739463601533,0.8684721182233323,9.386425339366516,5.574660633484163
QI-DMO,n30 m5 uniform high,30,5,16,20000,45.43198395400308,45.43198395400308,11.010077815830837,44.52792459708759,0.020303199960382178,15.779656410217285,19934,0.012468577174459528,0.031975867269984914,0.3274007038712921,7.603619909502262,0.6019865556335908,0.24750957854406128,0.9009017611029314,9.659024635495223,5.548215183509301
QI-DMO,n30 m5 uniform high,30,5,17,20000,45.36719339156356,45.36719339156356,10.929037744979805,44.52792459708759,0.01884814533958458,15.006244659423828,19933,0.015233785822021116,0.03433886375062846,0.3270487682252388,7.5254399195575665,0.70235288215522,0.2071264367816092,0.8967323399025714,9.722373051784816,5.3285067873303165
QI-DMO,n30 m5 uniform high,30,5,18,20000,45.214436767123615,45.214436767123615,10.963195459515012,44.52792459708759,0.0154175649605939,15.147082567214966,19934,0.014429361488185018,0.034891905480140775,0.32518853695324285,7.402765208647562,0.8026487408447878,0.19118773946360154,0.89111605882675,9.682051282051281,5.123479135243841
QI-DMO,n30 m5 uniform high,30,5,19,20000,45.18080684696869,45.18080684696869,10.930098440420934,44.52792459708759,0.014662310354428805,14.199963569641113,19935,0.017496229260935144,0.036852689793866265,0.32805429864253394,6.722574157868276,0.9530975670930524,0.26275862068965516,0.84976827514248,8.997687280040221,4.44746103569633
QI-DMO,n30 m5 uniform high,30,5,20,20000,45.21620260143037,45.21620260143037,10.918216926886876,44.52792459708759,0.015457221745021437,10.688921689987183,19934,0.011161387631975868,0.03117144293614882,0.3352941176470588,7.540975364504776,0.5016554630279924,0.27095785440613024,0.8561349819234209,9.049673202614379,6.032277526395173
QI-DMO,n30 m5 uniform high,30,5,21,20000,45.07501806203112,45.07501806203112,10.918833225360519,44.52792459708759,0.01228652513886337,12.054660558700562,19934,0.011865258924082453,0.03740573152337858,0.32634489693313223,7.030618401206636,0.7023176482391893,0.19977011494252875,0.8815490140713489,8.548215183509301,5.513021618903972
QI-DMO,n30 m5 uniform high,30,5,22,20000,45.06048258384384,45.06048258384384,10.93951814274568,44.52792459708759,0.011960090023847307,10.66202163696289,19934,0.01639014580191051,0.03408748114630467,0.32976370035193564,7.136299648064354,1.0033109260559847,0.15241379310344827,0.9093430429375849,9.164203117144293,5.108396178984414
QI-DMO,n30 m5 uniform high,30,5,23,20000,45.14216774864606,45.14216774864606,10.914628406373497,44.52792459708759,0.013794560539626955,12.695887327194214,19932,0.028355957767722473,0.03469079939668175,0.322071392659628,6.863247863247863,0.4515352197471403,0.19639846743295017,0.8978430465683357,9.47209653092006,4.254399195575666
QI-DMO,n30 m5 uniform high,30,5,24,20000,45.77528085033515,45.77528085033515,10.983305636070614,44.52792459708759,0.028012898973718274,11.605619430541992,19932,0.00864756158873806,0.030970336852689795,0.33896430367018604,7.609250879839115,0.35119405980333135,0.28544061302681994,0.8689711756315398,9.012267471091,6.20623428858723
QI-DMO,n30 m5 uniform high,30,5,25,20000,45.41009090211274,45.41009090211274,10.958330874871518,44.52792459708759,0.019811529798603074,11.944777488708496,19933,0.006083459024635495,0.03071895424836601,0.3317747611865259,7.756711915535445,0.6020167561330457,0.3109578544061303,0.8448147782545075,8.972448466566114,6.540975364504776
QI-DMO,n30 m5 uniform high,30,5,26,20000,44.91500191977236,44.91500191977236,10.914747116948536,44.52792459708759,0.008692911834253438,18.200979471206665,19933,0.012870789341377576,0.03584715937657114,0.3325289089994972,7.141075917546506,0.9531931972106557,0.2855938697318008,0.8631268503053732,9.17506284565108,5.10708898944193
QI-DMO,n30 m5 uniform high,30,5,27,20000,45.0273736995343,45.0273736995343,10.9349584668603,44.52792459708759,0.011216536745558945,14.41855239868164,19932,0.006485671191553545,0.02669683257918552,0.33790849673202616,7.996732026143791,0.4515352197471403,0.33862068965517245,0.8449221482781073,9.46173956762192,6.531724484665661
QI-DMO,n30 m5 uniform high,30,5,28,20000,45.65033155329822,45.65033155329822,11.045318642494134,44.52792459708759,0.025206810476050008,18.34109592437744,19933,0.010407239819004524,0.03765711412770236,0.3294620412267471,7.194720965309201,0.6521848191441328,0.2742528735632184,0.8808285076150798,8.701659125188536,5.6877828054298645
QI-DMO,n30 m5 uniform high,30,5,29,20000,45.23151234709536,45.23151234709536,10.952710608175952,44.52792459708759,0.015801045217674246,17.373667240142822,19933,0.011915535444947209,0.036852689793866265,0.3291101055806938,7.338310708898944,0.5518486931219586,0.33088122605363984,0.8390110863050231,9.143589743589743,5.533031674208145
P-DMO (linear twin),n30 m5 uniform high,30,5,0,20000,45.12368202233856,45.12368202233856,10.9462029481142,44.52792459708759,0.013379411473624784,13.756134271621704,19932,0.0196078431372549,0.03474107591754651,0.3436902966314731,7.748617395676219,0.6522175396347581,0.14697318007662835,0.9205430746865532,10.216892911010557,5.28034188034188
P-DMO (linear twin),n30 m5 uniform high,30,5,1,20000,45.12005652052399,45.12005652052399,10.92175705474268,44.52792459708759,0.013297990615873594,12.626662015914917,19932,0.026847662141779787,0.038310708898944196,0.3374057315233786,7.4436400201106085,0.7525586995785671,0.20252873563218393,0.9100629786999108,10.360683760683761,4.526596279537456
P-DMO (linear twin),n30 m5 uniform high,30,5,2,20000,45.012827486423504,45.012827486423504,10.907149522221145,44.52792459708759,0.010889860547590603,9.619657516479492,19932,0.021568627450980392,0.043489190548014076,0.3340372046254399,7.517948717948718,0.8027292795504716,0.14743295019157088,0.9272277038977647,10.21005530417295,4.825842131724484
P-DMO (linear twin),n30 m5 uniform high,30,5,3,20000,45.223395414792876,45.223395414792876,10.941804382427389,44.52792459708759,0.015618756634140843,15.008947849273682,19932,0.02006033182503771,0.035143288084464555,0.3381096028154852,8.193966817496229,0.5518763796909493,0.21839080459770116,0.911992662767201,10.741779788838612,5.6461538461538465
P-DMO (linear twin),n30 m5 uniform high,30,5,4,20000,45.54785412855423,45.54785412855423,10.9389235023263,44.52792459708759,0.022905391183072277,19.130976915359497,19932,0.013826043237807943,0.03403720462543992,0.3394670688788336,8.214630467571643,0.30102347983142685,0.13509578544061304,0.9196451465848147,10.101558572146807,6.32770236299648
P-DMO (linear twin),n30 m5 uniform high,30,5,5,20000,45.425426132916755,45.425426132916755,10.921449444649054,44.52792459708759,0.020155925611854513,14.705551862716675,19932,0.022976370035193566,0.04167923579688285,0.3297134238310709,7.577224736048265,0.5518763796909493,0.1704214559386973,0.9184927236346319,10.469884364002011,4.68456510809452
P-DMO (linear twin),n30 m5 uniform high,30,5,6,20000,45.561718002287805,45.561718002287805,10.923466177505903,44.52792459708759,0.023216743527899136,9.486341953277588,19933,0.020965309200603317,0.04394167923579688,0.33373554550025136,7.605882352941176,0.6020167561330457,0.1471264367816092,0.9229697446036826,10.109803921568627,5.101960784313725
P-DMO (linear twin),n30 m5 uniform high,30,5,7,20000,44.9948378664585,44.9948378664585,10.901269219082675,44.52792459708759,0.010485852947241225,8.538840532302856,19932,0.02654600301659125,0.03780794369029663,0.33308195072900953,7.827350427350427,0.5518763796909493,0.12199233716475096,0.9246332186490849,10.25158371040724,5.403117144293615
P-DMO (linear twin),n30 m5 uniform high,30,5,8,20000,45.387841879072234,45.387841879072234,10.956576462741662,44.52792459708759,0.019311865301732185,15.205243349075317,19932,0.014077425842131725,0.03609854198089492,0.3395676219205631,7.671744595274007,0.5518763796909493,0.13977011494252875,0.9195186707993147,9.598391151332327,5.745098039215686
P-DMO (linear twin),n30 m5 uniform high,30,5,9,20000,45.13382194079457,45.13382194079457,10.9487711920861,44.52792459708759,0.013607131910805644,11.130606174468994,19932,0.02423328305681247,0.0322272498743087,0.3381096028154852,7.811010558069381,0.7023881196066627,0.16168582375478927,0.9359302160339792,9.8,5.822021116138763
P-DMO (linear twin),n30 m5 uniform high,30,5,10,20000,45.0707066176347,45.0707066176347,10.913414454650125,44.52792459708759,0.012189699507859149,11.589701652526855,19932,0.022574157868275515,0.03579688285570638,0.33464052287581697,7.663599798893917,0.6020469596628537,0.13616858237547894,0.9348147805773038,9.835394670688789,5.491804927099045
P-DMO (linear twin),n30 m5 uniform high,30,5,11,20000,45.27326955438927,45.27326955438927,10.914776301606455,44.52792459708759,0.016738820954400217,17.435547828674316,19932,0.03645047762694822,0.03257918552036199,0.3316239316239316,7.9094519859225745,0.7023881196066627,0.08666666666666667,0.9372670382680788,10.417596782302665,5.401307189542484
P-DMO (linear twin),n30 m5 uniform high,30,5,12,20000,45.561358377988356,45.561358377988356,10.953359356381275,44.52792459708759,0.02320866715104791,8.023311138153076,19933,0.026747109100050275,0.03740573152337858,0.3309703368526898,7.558220211161387,0.5518486931219586,0.17900383141762452,0.9029119679443398,9.906887883358472,5.209552538964304
P-DMO (linear twin),n30 m5 uniform high,30,5,13,20000,45.44633555827704,45.44633555827704,10.99504028722097,44.52792459708759,0.020625505668627576,13.135538816452026,19932,0.02081447963800905,0.03569632981397687,0.3377576671694319,7.863499245852187,0.8528998595223761,0.09808429118773947,0.9380941247726263,10.509602815485168,5.217395676219206
P-DMO (linear twin),n30 m5 uniform high,30,5,14,20000,45.54717183518837,45.54717183518837,10.97145761824479,44.52792459708759,0.022890068363245634,11.438898086547852,19933,0.02252388134741076,0.03574660633484163,0.33338360985419807,7.9133735545500254,0.5016806301108714,0.1549425287356322,0.9028847006872884,10.340874811463047,5.485872297637004
P-DMO (linear twin),n30 m5 uniform high,30,5,15,20000,44.81529641822757,44.81529641822757,10.89300305092198,44.52792459708759,0.006453743886342584,8.235749006271362,19932,0.025992961287078935,0.03750628456510809,0.3323278029160382,7.6645047762694825,0.6522175396347581,0.10160919540229885,0.9362920159526423,10.297737556561087,5.031271995977878
P-DMO (linear twin),n30 m5 uniform high,30,5,16,20000,44.81848558680065,44.81848558680065,10.886573369649119,44.52792459708759,0.0065253656518287845,11.395060300827026,19934,0.047662141779788836,0.03640020110608346,0.32518853695324285,6.7802916038210155,0.7023176482391893,0.07287356321839081,0.9434300089986073,9.570537958773253,3.9900452488687783
P-DMO (linear twin),n30 m5 uniform high,30,5,17,20000,45.50055228376189,45.50055228376189,11.002556570907931,44.52792459708759,0.02184309498983289,12.608196496963501,19932,0.01493212669683258,0.03504273504273504,0.33916540975364506,7.687129210658623,0.7525586995785671,0.15969348659003832,0.9152009224214303,9.324384112619407,6.049874308697838
P-DMO (linear twin),n30 m5 uniform high,30,5,18,20000,45.36171913050169,45.36171913050169,10.963526163503056,44.52792459708759,0.01872520538423287,12.622705936431885,19933,0.02001005530417295,0.03665158371040724,0.3390145801910508,7.680844645550528,0.40134450408869715,0.14467432950191572,0.9209623848463776,10.135545500251382,5.226143790849673
P-DMO (linear twin),n30 m5 uniform high,30,5,19,20000,45.713569609727976,45.713569609727976,11.040505982576065,44.52792459708759,0.02662699920036099,14.689063549041748,19932,0.01256913021618904,0.031221719457013575,0.3424333836098542,8.589391654097536,0.7525586995785671,0.177088122605364,0.9083672413255102,11.061136249371543,6.117647058823529
P-DMO (linear twin),n30 m5 uniform high,30,5,20,20000,45.49002506413294,45.49002506413294,10.986175975242816,44.52792459708759,0.021606676613629403,16.142757177352905,19935,0.020613373554550025,0.039567621920563095,0.33328305681246856,7.761639014580191,0.8026084775520441,0.118544061302682,0.9290277769897474,10.497536450477627,5.025741578682755
P-DMO (linear twin),n30 m5 uniform high,30,5,21,20000,45.313433695731256,45.313433695731256,10.927292815915935,44.52792459708759,0.01764081990686452,17.648672580718994,19933,0.03252890899949724,0.04645550527903469,0.32689793866264455,7.019406737053796,0.8026890081773943,0.1189272030651341,0.9357230069408164,9.945198592257416,4.093614881850176
P-DMO (linear twin),n30 m5 uniform high,30,5,22,20000,45.29613372246828,45.29613372246828,10.949705323344714,44.52792459708759,0.01725230026622287,11.316334009170532,19933,0.038562091503267976,0.04489693313222725,0.32885872297637003,7.220563097033685,0.5518486931219586,0.11570881226053639,0.9315858492633777,10.18753142282554,4.25359477124183
P-DMO (linear twin),n30 m5 uniform high,30,5,23,20000,45.25927455007677,45.25927455007677,10.956492313017488,44.52792459708759,0.01642452370297564,9.28365445137024,19933,0.03453996983408748,0.03584715937657114,0.3306184012066365,7.416390145801911,0.5518486931219586,0.10444444444444444,0.9309244731099161,10.042433383609854,4.790346907993967
P-DMO (linear twin),n30 m5 uniform high,30,5,24,20000,45.45505306179502,45.45505306179502,10.95212547879929,44.52792459708759,0.020821281770856882,11.346365690231323,19932,0.009653092006033183,0.03484162895927602,0.3412770236299648,8.122322775263951,0.8027292795504716,0.19218390804597701,0.9142849463257654,9.829562594268477,6.415082956259427
P-DMO (linear twin),n30 m5 uniform high,30,5,25,20000,45.64358011806415,45.64358011806415,10.998328276773774,44.52792459708759,0.025055187976345317,14.103505611419678,19933,0.03262946204122675,0.036852689793866265,0.33167420814479637,7.346053293112116,0.7525209451663071,0.10061302681992337,0.9407709694072218,9.924183006535948,4.7679235796882855
P-DMO (linear twin),n30 m5 uniform high,30,5,26,20000,45.07270365641407,45.07270365641407,10.944253477940487,44.52792459708759,0.012234548640115868,13.11508297920227,19932,0.02287581699346405,0.04142785319255907,0.33283056812468576,7.330467571644042,0.7023881196066627,0.0889655172413793,0.9360074416697333,9.771644042232278,4.889291101055807
P-DMO (linear twin),n30 m5 uniform high,30,5,27,20000,45.045089159075914,45.045089159075914,10.937052910390332,44.52792459708759,0.011614387301180201,14.254740238189697,19932,0.02031171442936149,0.03594771241830065,0.3380090497737557,7.942986425339367,0.7023881196066627,0.09984674329501916,0.9339193149326166,10.625037707390648,5.260935143288084
P-DMO (linear twin),n30 m5 uniform high,30,5,28,20000,45.242551938082514,45.242551938082514,10.957019955274832,44.52792459708759,0.01604897033628341,13.899472713470459,19932,0.013524384112619407,0.03117144293614882,0.3420814479638009,8.221216691804926,0.8027292795504716,0.22199233716475095,0.9015777108652308,10.261739567621921,6.180693815987934
P-DMO (linear twin),n30 m5 uniform high,30,5,29,20000,45.20675539819858,45.20675539819858,10.958897946274451,44.52792459708759,0.015245058179859348,11.613084554672241,19932,0.01241830065359477,0.040925087983911514,0.34183006535947713,7.742232277526395,0.6020469596628537,0.21655172413793103,0.9128424741466002,9.944896933132227,5.539567621920563
QI-DMO register-attractor,n30 m5 uniform high,30,5,0,20000,47.7176911864844,47.7176911864844,11.332817856951385,44.52792459708759,0.07163519562745221,19.759557247161865,19932,0.0,0.0,0.3578179989944696,24.02654600301659,0.5017057997190447,0.7967816091954023,0.2000000000000001,24.02473604826546,24.028355957767722
QI-DMO register-attractor,n30 m5 uniform high,30,5,1,20000,48.90978547819068,48.90978547819068,11.457474248314737,44.52792459708759,0.09840703155946524,14.67819094657898,19933,0.0,0.0,0.3601809954751131,24.002815485168426,0.6521848191441328,0.7996168582375478,0.2000000000000001,24.013273001508296,23.992357968828557
QI-DMO register-attractor,n30 m5 uniform high,30,5,2,20000,48.17939359683789,48.17939359683789,11.448621895173572,44.52792459708759,0.08200402405436001,15.11282467842102,19933,0.0,0.0,0.3631473102061337,24.019607843137255,0.5016806301108714,0.8017624521072797,0.2000000000000001,24.017395676219206,24.021820010055304
QI-DMO register-attractor,n30 m5 uniform high,30,5,3,20000,46.086697349280016,46.086697349280016,11.006751688663252,44.52792459708759,0.035006633843751585,18.97825860977173,19932,0.0,0.0,0.3626948215183509,23.98828557063851,0.4013646397752358,0.7973180076628352,0.2000000000000001,23.993262946204123,23.9833081950729
QI-DMO register-attractor,n30 m5 uniform high,30,5,4,20000,47.45853515332806,47.45853515332806,11.292121219192458,44.52792459708759,0.06581511675556842,13.933196306228638,19933,0.0,0.0,0.3547511312217195,23.983157365510305,0.35117644107761,0.7979310344827586,0.2000000000000001,23.972146807440925,23.99416792357969
QI-DMO register-attractor,n30 m5 uniform high,30,5,5,20000,47.34558270991755,47.34558270991755,11.179368201427355,44.52792459708759,0.0632784514060701,11.468372821807861,19932,0.0,0.0,0.3613373554550025,23.996782302664656,0.10034115994380895,0.7972413793103448,0.2000000000000001,23.999597787833082,23.99396681749623
QI-DMO register-attractor,n30 m5 uniform high,30,5,6,20000,45.88476289095996,45.88476289095996,11.057713097244365,44.52792459708759,0.03047162665113562,13.085401058197021,19932,0.0,0.0,0.3620412267471091,23.99396681749623,0.10034115994380895,0.8037547892720306,0.2000000000000001,24.01236802413273,23.97556561085973
QI-DMO register-attractor,n30 m5 uniform high,30,5,7,20000,48.303845675688905,48.303845675688905,11.360782308826595,44.52792459708759,0.08479894611679888,14.545121192932129,19932,0.0,0.0,0.3654600301659125,23.992006033182502,0.30102347983142685,0.8019157088122605,0.2000000000000001,24.00854700854701,23.975465057818
QI-DMO register-attractor,n30 m5 uniform high,30,5,8,20000,46.956258112018006,46.956258112018006,11.217657231913451,44.52792459708759,0.054535070675385655,11.323741436004639,19932,0.0,0.0,0.3636500754147813,24.043589743589745,0.4013646397752358,0.7971647509578544,0.2000000000000001,24.046354952237305,24.040824534942182
QI-DMO register-attractor,n30 m5 uniform high,30,5,9,20000,48.23983629766243,48.23983629766243,11.425636092008897,44.52792459708759,0.0833614351929086,17.790282726287842,19932,0.0,0.0,0.3602312719959779,23.998139768728002,0.2006823198876179,0.8006896551724139,0.2000000000000001,23.994771241830065,24.001508295625943
QI-DMO register-attractor,n30 m5 uniform high,30,5,10,20000,47.4463732124759,47.4463732124759,11.213856557113973,44.52792459708759,0.06554198610862703,13.73443603515625,19933,0.0,0.0,0.35716440422322776,23.991804927099043,0.40134450408869715,0.8035249042145594,0.2000000000000001,23.983911513323278,23.99969834087481
QI-DMO register-attractor,n30 m5 uniform high,30,5,11,20000,46.79135875253179,46.79135875253179,11.189947710528738,44.52792459708759,0.050831790969935405,16.2328941822052,19933,0.0,0.0,0.3611362493715435,24.012518853695326,0.40134450408869715,0.8029885057471264,0.2000000000000001,24.02242332830568,24.002614379084967
QI-DMO register-attractor,n30 m5 uniform high,30,5,12,20000,47.488996239061,47.488996239061,11.268317205850895,44.52792459708759,0.06649920625689985,16.040146112442017,19932,0.0,5.0276520864756156e-05,0.3631473102061337,23.992006033182502,0.15051173991571343,0.7996168582375478,0.2000000000000001,24.00020110608346,23.98381096028155
QI-DMO register-attractor,n30 m5 uniform high,30,5,13,20000,47.74194068295331,47.74194068295331,11.33467306305816,44.52792459708759,0.07217978639130061,17.762192487716675,19932,0.0,0.0,0.35867269984917044,24.018552036199097,0.35119405980333135,0.8011494252873563,0.2000000000000001,24.04343891402715,23.99366515837104
QI-DMO register-attractor,n30 m5 uniform high,30,5,14,20000,47.85897869696939,47.85897869696939,11.314074869352293,44.52792459708759,0.07480820473945173,14.246593236923218,19933,0.0,0.0,0.35796882855706386,23.956108597285066,0.6020167561330457,0.7955555555555556,0.2000000000000001,23.9465057817999,23.965711412770236
QI-DMO register-attractor,n30 m5 uniform high,30,5,15,20000,47.172539117170864,47.172539117170864,11.134192330785002,44.52792459708759,0.05939226999715697,18.82144594192505,19932,0.0,0.0,0.3614881850175968,24.002061337355457,0.5017057997190447,0.7979310344827586,0.2000000000000001,24.006938159879336,23.997184514831574
QI-DMO register-attractor,n30 m5 uniform high,30,5,16,20000,47.3867291265602,47.3867291265602,11.206923121766732,44.52792459708759,0.0642025101178776,17.029026985168457,19932,0.0,0.0,0.3617898441427853,23.999547511312215,0.6020469596628537,0.7996934865900384,0.2000000000000001,24.022222222222222,23.976872800402212
QI-DMO register-attractor,n30 m5 uniform high,30,5,17,20000,47.702307800063096,47.702307800063096,11.355725687793278,44.52792459708759,0.07128971834414062,13.476791858673096,19932,0.0,0.0,0.3659125188536953,24.02674710910005,0.35119405980333135,0.8031417624521072,0.2000000000000001,24.0412267471091,24.012267471091
QI-DMO register-attractor,n30 m5 uniform high,30,5,18,20000,47.077179811225335,47.077179811225335,11.257178142915631,44.52792459708759,0.057250708116418296,17.16718053817749,19933,0.0,0.0,0.35741578682755154,24.010206133735547,0.2508403150554357,0.800536398467433,0.2000000000000001,23.999497234791352,24.02091503267974
QI-DMO register-attractor,n30 m5 uniform high,30,5,19,20000,48.502634359955024,48.502634359955024,11.382217307245272,44.52792459708759,0.08926330609011598,21.171793937683105,19933,0.0,0.0,0.3622423328305681,24.017898441427853,0.40134450408869715,0.7969348659003831,0.2000000000000001,24.04092508798391,23.994871794871795
QI-DMO register-attractor,n30 m5 uniform high,30,5,20,20000,47.60474579443202,47.60474579443202,11.338294640278075,44.52792459708759,0.06909868863606711,18.528512954711914,19933,0.0,0.0,0.363298139768728,24.002061337355457,0.45151256709978427,0.801455938697318,0.2000000000000001,24.009552538964304,23.994570135746606
QI-DMO register-attractor,n30 m5 uniform high,30,5,21,20000,49.272142064171916,49.272142064171916,11.624048655691126,44.52792459708759,0.10654476960272763,12.93829894065857,19932,0.0,0.0,0.3624937154348919,23.976269482151835,0.2006823198876179,0.8016858237547893,0.2000000000000001,24.000804424333836,23.951734539969834
QI-DMO register-attractor,n30 m5 uniform high,30,5,22,20000,46.72704553698328,46.72704553698328,11.039918834598689,44.52792459708759,0.04938745651845469,17.5317804813385,19933,0.0,0.0,0.36495726495726494,24.02654600301659,0.6020167561330457,0.808352490421456,0.2000000000000001,24.01246857717446,24.040623428858723
QI-DMO register-attractor,n30 m5 uniform high,30,5,23,20000,46.795687621491496,46.795687621491496,11.043366931793825,44.52792459708759,0.050929007918600167,15.201975107192993,19933,0.0,0.0,0.35922574157868276,23.98014077425842,0.45151256709978427,0.7911111111111111,0.2000000000000001,23.996380090497738,23.963901458019105
QI-DMO register-attractor,n30 m5 uniform high,30,5,24,20000,45.7160574488156,45.7160574488156,10.93954605163555,44.52792459708759,0.02668287063632241,16.702818393707275,19934,0.0,5.0276520864756156e-05,0.36118652589240824,24.001106083459025,0.5016554630279924,0.803831417624521,0.2000000000000001,23.985017596782303,24.017194570135747
QI-DMO register-attractor,n30 m5 uniform high,30,5,25,20000,46.029158933418486,46.029158933418486,11.009535192029972,44.52792459708759,0.03371444660659271,16.066981554031372,19932,0.0,5.0276520864756156e-05,0.3590749120160885,24.0114127702363,0.5518763796909493,0.8011494252873563,0.2000000000000001,23.99808949220714,24.02473604826546
QI-DMO register-attractor,n30 m5 uniform high,30,5,26,20000,50.0476423978145,50.0476423978145,11.66823848717675,44.52792459708759,0.12396081449275391,19.10813617706299,19932,0.0,0.0,0.36244343891402714,23.995424836601305,0.25085289985952236,0.7968582375478928,0.2000000000000001,23.977777777777778,24.013071895424837
QI-DMO register-attractor,n30 m5 uniform high,30,5,27,20000,47.878131702554654,47.878131702554654,11.307015271018846,44.52792459708759,0.07523833944163184,16.97510862350464,19932,0.0,0.0,0.3629462041226747,23.96968325791855,0.5017057997190447,0.7949425287356322,0.2000000000000001,23.990346907993967,23.949019607843137
QI-DMO register-attractor,n30 m5 uniform high,30,5,28,20000,46.96752801775508,46.96752801775508,11.095702893234618,44.52792459708759,0.05478816816059408,16.66622281074524,19932,0.0,0.0,0.3604323780794369,23.997536450477625,0.5518763796909493,0.7977011494252874,0.2000000000000001,24.00030165912519,23.994771241830065
QI-DMO register-attractor,n30 m5 uniform high,30,5,29,20000,47.993262068893564,47.993262068893564,11.339960014833283,44.52792459708759,0.07782391618657719,17.05521321296692,19932,0.0,0.0,0.36244343891402714,24.017596782302665,0.4515352197471403,0.8015325670498084,0.2000000000000001,24.050678733031674,23.984514831573655
DMO greedy-next,n30 m5 uniform high,30,5,0,20000,45.48068391334289,45.48068391334289,10.97987319396832,44.52792459708759,0.02139689475483914,11.813419103622437,19941,0.283911513323278,0.010256410256410256,0.020512820512820513,7.615635997988939,0.7522190461862495,0.02222222222222222,,12.388235294117647,2.8430367018602314
DMO greedy-next,n30 m5 uniform high,30,5,1,20000,45.47891729062696,45.47891729062696,10.978702709121478,44.52792459708759,0.02135722026446232,9.611177682876587,19941,0.09089994972347913,0.01689291101055807,0.017998994469582703,11.654751131221719,0.3510355548869164,0.6637547892720306,,12.63298139768728,10.676520864756158
DMO greedy-next,n30 m5 uniform high,30,5,2,20000,45.60294316662984,45.60294316662984,10.986805954429887,44.52792459708759,0.024142570741160586,8.364700317382812,19941,0.09819004524886878,0.010558069381598794,0.019105077928607342,11.751332327802917,0.401183491299333,0.6474329501915709,,12.853293112116642,10.64937154348919
DMO greedy-next,n30 m5 uniform high,30,5,3,20000,45.53299412460348,45.53299412460348,10.947851939104407,44.52792459708759,0.022571667927717226,10.245235919952393,19941,0.09612870789341378,0.007993966817496229,0.02006033182503771,11.217295123177475,0.25073968206208314,0.6373180076628352,,12.28275515334339,10.151835093011563
DMO greedy-next,n30 m5 uniform high,30,5,4,20000,45.70219585028694,45.70219585028694,11.006986521188333,44.52792459708759,0.026371569387632212,7.7182276248931885,19941,0.2969331322272499,0.019406737053795878,0.018300653594771243,4.6294620412267475,0.45133142771174967,0.0044444444444444444,,8.216993464052287,1.0419306184012067
DMO greedy-next,n30 m5 uniform high,30,5,5,20000,45.01847160471043,45.01847160471043,10.946131029192543,44.52792459708759,0.011016615125487383,6.771652936935425,19941,0.16485671191553544,0.011563599798893917,0.021015585721468076,8.675766716943187,0.2005917456496665,0.06804597701149426,,11.97124183006536,5.380291603821016
DMO greedy-next,n30 m5 uniform high,30,5,6,20000,45.543280615572186,45.543280615572186,10.933629360743824,44.52792459708759,0.02280268006362476,11.399548292160034,19941,0.11543489190548015,0.02433383609854198,0.018803418803418803,9.923579688285571,0.5014793641241663,0.20819923371647509,,11.81266968325792,8.034489693313223
DMO greedy-next,n30 m5 uniform high,30,5,7,20000,45.21435806812107,45.21435806812107,10.974173010122067,44.52792459708759,0.015415797552764872,7.948924541473389,19941,0.09964806435394671,0.008094519859225742,0.01764705882352941,11.852941176470589,0.5516273005365829,0.6725670498084291,,12.819909502262444,10.885972850678733
DMO greedy-next,n30 m5 uniform high,30,5,8,20000,45.705084501830335,45.705084501830335,10.947748841327105,44.52792459708759,0.0264364421965388,5.024101257324219,19941,0.10457516339869281,0.011613876319758673,0.020613373554550025,10.548617395676219,0.401183491299333,0.2772413793103448,,12.445751633986928,8.65148315736551
DMO greedy-next,n30 m5 uniform high,30,5,9,20000,45.29977608695737,45.29977608695737,10.912021060266559,44.52792459708759,0.017334099822839396,11.198370456695557,19941,0.12674710910005027,0.011563599798893917,0.021166415284062344,9.751030668677728,0.401183491299333,0.18873563218390807,,12.293212669683259,7.208848667672197
DMO greedy-next,n30 m5 uniform high,30,5,10,20000,45.603228187169854,45.603228187169854,11.034022851908643,44.52792459708759,0.024148971680404696,7.8179771900177,19941,0.12237305178481649,0.013876319758672699,0.019808949220713926,11.748768225238813,0.3008876184744998,0.34122605363984676,,13.163700351935645,10.333836098541981
DMO greedy-next,n30 m5 uniform high,30,5,11,20000,45.485861080363144,45.485861080363144,10.96491876778726,44.52792459708759,0.02151316262645235,10.369776487350464,19941,0.12011060834590247,0.03680241327300151,0.01845148315736551,8.00201106083459,0.6519231733614161,0.1889655172413793,,11.773755656108598,4.230266465560583
DMO greedy-next,n30 m5 uniform high,30,5,12,20000,45.65033155329822,45.65033155329822,11.023900183556345,44.52792459708759,0.025206810476050008,7.697586536407471,19941,0.11412770236299648,0.01241830065359477,0.020764203117144293,10.391151332327803,0.5014793641241663,0.18666666666666665,,12.375766716943188,8.406535947712419
DMO greedy-next,n30 m5 uniform high,30,5,13,20000,45.04116665851892,45.04116665851892,10.939777943936766,44.52792459708759,0.011526296499902375,6.529930353164673,19941,0.22639517345399698,0.014731020613373554,0.02197083961789844,6.487682252388135,0.8525149190110827,0.0,,11.108697838109602,1.8666666666666667
DMO greedy-next,n30 m5 uniform high,30,5,14,20000,45.9083353583416,45.9083353583416,11.012739861030886,44.52792459708759,0.031001012819364588,10.23936152458191,19941,0.09743589743589744,0.009401709401709401,0.01809954751131222,11.889391654097537,0.7522190461862495,0.6743295019157088,,12.856108597285068,10.922674710910005
DMO greedy-next,n30 m5 uniform high,30,5,15,20000,45.8021400093279,45.8021400093279,11.043379238488306,44.52792459708759,0.02861609706201423,9.588851928710938,19941,0.10130718954248366,0.00980392156862745,0.02001005530417295,11.480794369029663,0.3008876184744998,0.5816091954022988,,12.711915535444946,10.249673202614378
DMO greedy-next,n30 m5 uniform high,30,5,16,20000,45.36432870559158,45.36432870559158,10.985676082494853,44.52792459708759,0.01878381074510483,7.7183518409729,19941,0.16968325791855204,0.018652589240824535,0.02001005530417295,9.1710407239819,0.3510355548869164,0.12796934865900383,,12.305681246857718,6.036400201106083
DMO greedy-next,n30 m5 uniform high,30,5,17,20000,45.62577274904266,45.62577274904266,10.935458634321169,44.52792459708759,0.024655273334407236,7.834912538528442,19941,0.12393162393162394,0.021518350930115636,0.019959778783308194,10.547611865258924,0.6017752369489996,0.016781609195402298,,12.541377576671694,8.553846153846154
DMO greedy-next,n30 m5 uniform high,30,5,18,20000,45.63780689055659,45.63780689055659,11.025604619077958,44.52792459708759,0.024925533887146235,8.549589395523071,19941,0.09306184012066365,0.010809451985922574,0.01779788838612368,11.767973856209151,0.5014793641241663,0.6486590038314176,,12.834389140271494,10.701558572146807
DMO greedy-next,n30 m5 uniform high,30,5,19,20000,44.922187758823426,44.922187758823426,10.893627476334368,44.52792459708759,0.008854290095560016,8.794090270996094,19941,0.10638511814982403,0.01623931623931624,0.019306184012066366,9.768728004022122,0.3008876184744998,0.3059770114942529,,12.273403720462545,7.264052287581699
DMO greedy-next,n30 m5 uniform high,30,5,20,20000,45.78391439655323,45.78391439655323,11.02814928729775,44.52792459708759,0.028206789578236663,6.072974681854248,19941,0.09180492709904475,0.013675213675213675,0.019457013574660634,11.761689291101057,0.45133142771174967,0.6721072796934866,,12.664655605832076,10.858722976370036
DMO greedy-next,n30 m5 uniform high,30,5,21,20000,45.90748027685307,45.90748027685307,11.060693303180852,44.52792459708759,0.030981809555429243,9.025946378707886,19941,0.1049270990447461,0.00864756158873806,0.017596782302664656,11.625087983911513,0.5516273005365829,0.6695785440613027,,12.540774258421317,10.709401709401709
DMO greedy-next,n30 m5 uniform high,30,5,22,20000,46.000841791708,46.000841791708,11.05467095072753,44.52792459708759,0.033078505408642954,5.970329999923706,19941,0.09788838612368024,0.012217194570135747,0.019457013574660634,11.956008044243339,0.5014793641241663,0.6800766283524904,,13.011261940673705,10.900754147812972
DMO greedy-next,n30 m5 uniform high,30,5,23,20000,45.3154277491263,45.3154277491263,10.975062726657686,44.52792459708759,0.017685601993905134,8.248490810394287,19941,0.15138260432378078,0.016440422322775265,0.022222222222222223,9.80844645550528,0.7522190461862495,0.015938697318007664,,12.774459527400705,6.842433383609854
DMO greedy-next,n30 m5 uniform high,30,5,24,20000,45.39588739462568,45.39588739462568,10.978011057399288,44.52792459708759,0.019492550020956092,6.9846930503845215,19941,0.09708396178984414,0.009401709401709401,0.017596782302664656,12.149673202614379,0.3510355548869164,0.7066666666666667,,12.943086978381096,11.356259426847663
DMO greedy-next,n30 m5 uniform high,30,5,25,20000,45.402855868383654,45.402855868383654,10.915982127907569,44.52792459708759,0.01964904673220025,5.530908823013306,19941,0.09054801407742584,0.011463046757164403,0.02066365007541478,12.289240824534943,0.7020711097738328,0.6885057471264368,,13.299648064353947,11.278833584715938
DMO greedy-next,n30 m5 uniform high,30,5,26,20000,45.80936365055287,45.80936365055287,11.05973630470097,44.52792459708759,0.028778324277639735,10.579843282699585,19941,0.12845651080945197,0.042634489693313224,0.018350930115636,10.17083961789844,0.45133142771174967,0.3627586206896552,,13.021920563097034,7.319758672699849
DMO greedy-next,n30 m5 uniform high,30,5,27,20000,45.26791257333207,45.26791257333207,10.959826798322617,44.52792459708759,0.01661851485197849,9.983062267303467,19941,0.09678230266465561,0.009150326797385621,0.019959778783308194,11.217596782302664,0.5516273005365829,0.6330268199233716,,12.297737556561087,10.137456008044243
DMO greedy-next,n30 m5 uniform high,30,5,28,20000,46.002306782900426,46.002306782900426,10.99837304109699,44.52792459708759,0.033111405913341614,6.36707615852356,19941,0.10321769733534439,0.018350930115636,0.020462543991955757,10.413725490196079,0.5014793641241663,0.19003831417624523,,12.171543489190547,8.655907491201608
DMO greedy-next,n30 m5 uniform high,30,5,29,20000,45.55610083201291,45.55610083201291,11.006071691317018,44.52792459708759,0.02309059414353589,8.359217643737793,19941,0.09864253393665158,0.012317747611865259,0.01820010055304173,11.788436400201107,0.7020711097738328,0.6714176245210728,,12.76088486676722,10.815987933634993
QI-DMO greedy-next,n30 m5 uniform high,30,5,0,20000,44.87690318763382,44.87690318763382,10.905597752957679,44.52792459708759,0.007837297464545577,20.34130597114563,19941,0.32473604826546004,0.005480140774258421,0.023579688285570638,2.8054801407742582,0.6017752369489996,0.02467432950191571,0.9587102544999868,4.600502765208647,1.0104575163398692
QI-DMO greedy-next,n30 m5 uniform high,30,5,1,20000,44.81136535230234,44.81136535230234,10.888908103800306,44.52792459708759,0.006365460725588972,12.504621982574463,19941,0.24710910005027653,0.022322775263951735,0.025842131724484664,4.730618401206637,0.7020711097738328,0.06865900383141763,0.9593144110134112,8.236802413273,1.2244343891402716
QI-DMO greedy-next,n30 m5 uniform high,30,5,2,20000,45.144593705948694,45.144593705948694,10.940406872443194,44.52792459708759,0.013849042245760479,12.750876903533936,19941,0.2317747611865259,0.025087983911513324,0.026143790849673203,3.992609351432881,0.7020711097738328,0.04475095785440613,0.9617950666516465,6.567420814479638,1.4177978883861238
QI-DMO greedy-next,n30 m5 uniform high,30,5,3,20000,45.31179469735469,45.31179469735469,10.954161676766596,44.52792459708759,0.017604011580597486,9.679646730422974,19941,0.2730517848164907,0.04303670186023127,0.021870286576168928,3.490749120160885,0.5014793641241663,0.0,0.9679265538042218,5.788235294117647,1.1932629462041227
QI-DMO greedy-next,n30 m5 uniform high,30,5,4,20000,45.03852106817318,45.03852106817318,10.939454795115674,44.52792459708759,0.011466882314990889,15.063858985900879,19941,0.35465057817998996,0.0018602312719959778,0.01975867269984917,3.8701860231271996,0.5516273005365829,0.0,0.9699409880631495,6.9836098541980896,0.7567621920563097
QI-DMO greedy-next,n30 m5 uniform high,30,5,5,20000,45.12975168280281,45.12975168280281,10.90368460307536,44.52792459708759,0.013515722800037822,10.28222107887268,19941,0.3610859728506787,0.012016088486676723,0.02287581699346405,2.3766214177978884,0.802366982598666,0.0,0.9668393563944285,3.8839617898441428,0.869281045751634
QI-DMO greedy-next,n30 m5 uniform high,30,5,6,20000,44.84599507946576,44.84599507946576,10.896709497434575,44.52792459708759,0.007143168814990582,15.720335960388184,19941,0.2166415284062343,0.006083459024635495,0.028557063851181497,5.822272498743087,0.7020711097738328,0.0,0.9721771603179065,10.18763197586727,1.456913021618904
QI-DMO greedy-next,n30 m5 uniform high,30,5,7,20000,45.187384938346774,45.187384938346774,10.923576385936471,44.52792459708759,0.014810039929467465,18.69014310836792,19941,0.3455002513826043,0.0016591251885369532,0.01804927099044746,3.3358471593765713,0.6519231733614161,0.02896551724137931,0.9603553112264668,5.671191553544495,1.0005027652086476
QI-DMO greedy-next,n30 m5 uniform high,30,5,8,20000,45.26325753305463,45.26325753305463,10.98282696445518,44.52792459708759,0.0165139728074174,17.99651002883911,19941,0.30291603821015584,0.007340372046254399,0.023881347410759174,3.1915032679738564,0.5516273005365829,0.0,0.9634459194188136,4.6583207642031175,1.7246857717445954
QI-DMO greedy-next,n30 m5 uniform high,30,5,9,20000,45.13717957672677,45.13717957672677,10.908658840886023,44.52792459708759,0.013682537085481665,14.406315088272095,19941,0.3358471593765711,0.006737053795877326,0.020864756158873805,2.640422322775264,0.401183491299333,0.03203065134099617,0.9682498408571476,4.38984414278532,0.8910005027652087
QI-DMO greedy-next,n30 m5 uniform high,30,5,10,20000,45.22124056178831,45.22124056178831,10.953042428188414,44.52792459708759,0.015570363338830983,13.52562689781189,19941,0.2819004524886878,0.017596782302664656,0.020965309200603317,3.610960281548517,0.802366982598666,0.019693486590038316,0.9665757525727872,5.946907993966818,1.275012569130216
QI-DMO greedy-next,n30 m5 uniform high,30,5,11,20000,45.05414679365076,45.05414679365076,10.939182170546632,44.52792459708759,0.011817802004578189,8.917022228240967,19941,0.31322272498743087,0.006686777275012569,0.021317244846656612,4.150326797385621,0.6017752369489996,0.0,0.9674426590902623,7.464756158873806,0.8358974358974359
QI-DMO greedy-next,n30 m5 uniform high,30,5,12,20000,45.22994251853222,45.22994251853222,10.937228781807182,44.52792459708759,0.01576579029444694,17.67688822746277,19941,0.4049270990447461,0.013423831070889894,0.021317244846656612,1.9042232277526394,0.6017752369489996,0.0,0.9685262167517136,2.910507792860734,0.897938662644545
QI-DMO greedy-next,n30 m5 uniform high,30,5,13,20000,45.35153793712453,45.35153793712453,10.961665806175573,44.52792459708759,0.018496558002409392,12.871641159057617,19941,0.25600804424333834,0.01452991452991453,0.02564102564102564,4.201206636500754,0.952810791835916,0.012413793103448277,0.9695843244046439,6.320160884866767,2.0822523881347412
QI-DMO greedy-next,n30 m5 uniform high,30,5,14,20000,44.96702036120871,44.96702036120871,10.907540588056413,44.52792459708759,0.009861132493694526,17.520679235458374,19941,0.330718954248366,0.004122674710910005,0.022222222222222223,3.5067370537958773,0.6017752369489996,0.0,0.9708205856074223,6.255203619909502,0.7582704876822524
QI-DMO greedy-next,n30 m5 uniform high,30,5,15,20000,45.12186359726445,45.12186359726445,10.944684574635973,44.52792459708759,0.013338573615346705,9.177579641342163,19941,0.30960281548516844,0.006535947712418301,0.024886877828054297,3.989089994972348,0.5516273005365829,0.0,0.9694338431954648,7.201809954751131,0.7763700351935646
QI-DMO greedy-next,n30 m5 uniform high,30,5,16,20000,44.686604718217104,44.686604718217104,10.887796566149158,44.52792459708759,0.003563609186040811,11.470505475997925,19941,0.2535444947209653,0.0021116138763197585,0.021116138763197588,4.465862242332831,0.7522190461862495,0.0,0.9694223937068615,7.925188536953243,1.0065359477124183
QI-DMO greedy-next,n30 m5 uniform high,30,5,17,20000,45.03277744981907,45.03277744981907,10.917199997424532,44.52792459708759,0.011337893182753505,15.572134733200073,19941,0.34866767219708394,0.004675716440422323,0.024434389140271493,2.977928607340372,0.7020711097738328,0.008888888888888889,0.9666068001750485,5.026344896933132,0.9295123177476119
QI-DMO greedy-next,n30 m5 uniform high,30,5,18,20000,45.298480479694405,45.298480479694405,10.973865421166131,44.52792459708759,0.0173050033114998,8.980966806411743,19941,0.3848667672197084,0.003971845148315736,0.019909502262443438,2.5019607843137255,0.6519231733614161,0.0,0.9716535004348306,4.20623428858723,0.7976872800402213
QI-DMO greedy-next,n30 m5 uniform high,30,5,19,20000,45.27527573898031,45.27527573898031,10.953256816387139,44.52792459708759,0.01678387548162537,9.161100149154663,19941,0.37481146304675717,0.014429361488185018,0.019406737053795878,2.0976370035193566,0.7522190461862495,0.01111111111111111,0.9638285613687291,3.2135746606334843,0.9816993464052287
QI-DMO greedy-next,n30 m5 uniform high,30,5,20,20000,45.215929162660046,45.215929162660046,10.97415292812559,44.52792459708759,0.015451080907046265,17.353647708892822,19941,0.2540975364504776,0.020462543991955757,0.021015585721468076,3.283861236802413,0.6519231733614161,0.05149425287356322,0.9694410660116602,5.072297637003519,1.4954248366013072
QI-DMO greedy-next,n30 m5 uniform high,30,5,21,20000,45.54807502660461,45.54807502660461,10.995544494709508,44.52792459708759,0.022910352071152697,10.21705150604248,19941,0.3278531925590749,0.03976872800402212,0.024434389140271493,2.518149824032177,0.802366982598666,0.008888888888888889,0.9608833530436823,3.9066867772750125,1.1296128707893414
QI-DMO greedy-next,n30 m5 uniform high,30,5,22,20000,45.25520003498145,45.25520003498145,10.911688846200583,44.52792459708759,0.016333018986953347,21.577638626098633,19941,0.33388637506284563,0.03398692810457516,0.019205630970336854,3.132327802916038,0.952810791835916,0.04850574712643678,0.9616435899329859,4.6243338360985415,1.6403217697335344
QI-DMO greedy-next,n30 m5 uniform high,30,5,23,20000,44.95954971553393,44.95954971553393,10.910775357755709,44.52792459708759,0.009693358097237079,14.8410804271698,19941,0.3773755656108597,0.00261437908496732,0.022674710910005027,2.804474610356963,0.5516273005365829,0.0,0.9715580443367403,4.861437908496732,0.7475113122171946
QI-DMO greedy-next,n30 m5 uniform high,30,5,24,20000,45.40591778603178,45.40591778603178,10.96125246815367,44.52792459708759,0.019717810719649276,10.194140434265137,19941,0.33881347410759177,0.007038712921065862,0.021367521367521368,3.8994469582704876,0.5516273005365829,0.0,0.9745323969183695,6.967219708396179,0.8316742081447964
QI-DMO greedy-next,n30 m5 uniform high,30,5,25,20000,45.439551976341036,45.439551976341036,10.940216981486472,44.52792459708759,0.020473161224160714,22.823915243148804,19941,0.3068878833584716,0.07747611865258924,0.023529411764705882,2.4163901458019104,0.802366982598666,0.014482758620689654,0.9693464315208428,3.82272498743087,1.0100553041729512
QI-DMO greedy-next,n30 m5 uniform high,30,5,26,20000,45.18360735749444,45.18360735749444,10.946174859948774,44.52792459708759,0.014725203708455193,16.93375539779663,19941,0.35384615384615387,0.006988436400201106,0.023629964806435394,3.165309200603318,0.802366982598666,0.0,0.9714613441322778,5.492408245349422,0.8382101558572147
QI-DMO greedy-next,n30 m5 uniform high,30,5,27,20000,44.9643264913856,44.9643264913856,10.907714671819061,44.52792459708759,0.009800634057095749,20.384164094924927,19941,0.41251885369532426,0.0034690799396681748,0.01925590749120161,2.49587732528909,0.6519231733614161,0.0,0.9701004835206917,4.192760180995475,0.7989944695827049
QI-DMO greedy-next,n30 m5 uniform high,30,5,28,20000,44.69931052334746,44.69931052334746,10.894713535081063,44.52792459708759,0.0038489538376346374,10.301711082458496,19941,0.31096028154851685,0.01613876319758673,0.02905982905982906,2.755455002513826,1.0029587282483325,0.0,0.9695405670468268,4.4766214177978885,1.0342885872297638
QI-DMO greedy-next,n30 m5 uniform high,30,5,29,20000,44.89431962820868,44.89431962820868,10.90412317504178,44.52792459708759,0.008228432706810939,19.83461093902588,19941,0.2738562091503268,0.024534942182001005,0.028355957767722473,3.9414278531925593,0.9026628554234993,0.0,0.965819746972108,6.892709904474611,0.9901458019105078
GA,n30 m5 uniform high,30,5,0,20000,44.86112495649189,44.86112495649189,10.878686653463419,44.52792459708759,0.007482952830595096,9.909312963485718,19982,0.05162389735364876,0.06726142742582197,0.24709302325581395,3.567361668003208,0.7006305675107597,0.20337164750957853,,3.821972734562951,3.3127506014434642
GA,n30 m5 uniform high,30,5,1,20000,44.907441539795,44.907441539795,10.918283398168791,44.52792459708759,0.008523122201213804,10.312659740447998,19982,0.0426523656776263,0.066158781074579,0.25285685645549316,3.6679530874097837,0.7506756080472425,0.16015325670498085,,3.8817161186848437,3.454190056134723
GA,n30 m5 uniform high,30,5,2,20000,45.01510999774057,45.01510999774057,10.890024010004558,44.52792459708759,0.010941120769972917,9.276517868041992,19982,0.04976944667201283,0.06986768243785084,0.2440356856455493,3.5406475541299116,0.7506756080472425,0.250727969348659,,3.767040898155573,3.31425421010425
GA,n30 m5 uniform high,30,5,3,20000,44.75633678312072,44.75633678312072,10.890449430742198,44.52792459708759,0.005129639166880733,7.805724143981934,19982,0.05222534081796311,0.0673616680032077,0.24358460304731355,3.5126804330392942,0.8507656891202082,0.2738697318007663,,3.5988372093023258,3.426523656776263
GA,n30 m5 uniform high,30,5,4,20000,44.80264182791999,44.80264182791999,10.893074871176811,44.52792459708759,0.006169549407887053,6.593729496002197,19982,0.05869085805934242,0.06475541299117883,0.24674218123496391,3.4728348035284684,0.4003603242918627,0.22298850574712642,,3.6306134723336005,3.315056134723336
GA,n30 m5 uniform high,30,5,5,20000,45.06567213534218,45.06567213534218,10.902081243919286,44.52792459708759,0.012076636023807957,10.597435235977173,19982,0.05067161186848436,0.06445469125902165,0.2460906174819567,3.6257016840417,0.7006305675107597,0.1699616858237548,,3.654270248596632,3.5971331194867684
GA,n30 m5 uniform high,30,5,6,20000,44.9491287936557,44.9491287936557,10.916106819308272,44.52792459708759,0.0094593269365099,6.323941946029663,19982,0.05227546110665597,0.06891539695268645,0.24318364073777066,3.4938853247794706,0.9508557701931739,0.24643678160919538,,3.5315757818765037,3.456194867682438
GA,n30 m5 uniform high,30,5,7,20000,44.94145650536366,44.94145650536366,10.887719710008778,44.52792459708759,0.009287024086973007,5.66049599647522,19982,0.04420609462710505,0.07152165196471531,0.24919807538091418,3.73546511627907,0.9508557701931739,0.3465900383141763,,4.090316760224539,3.3806134723336005
GA,n30 m5 uniform high,30,5,8,20000,44.926141363370576,44.926141363370576,10.894018244082819,44.52792459708759,0.008943079424569253,5.322767972946167,19982,0.04550922213311949,0.0642542101042502,0.24949879711307138,3.7260926222935042,1.0509458512661396,0.18283524904214557,,4.032678428227746,3.419506816359262
GA,n30 m5 uniform high,30,5,9,20000,45.25920450558685,45.25920450558685,10.934694888090796,44.52792459708759,0.016422950656610903,5.4983971118927,19982,0.045659582999198076,0.06345228548516439,0.2522554129911788,3.7333600641539695,1.0509458512661396,0.2710344827586207,,3.9407578187650363,3.525962309542903
GA,n30 m5 uniform high,30,5,10,20000,44.79601146928712,44.79601146928712,10.893910134114845,44.52792459708759,0.006020646024384146,8.94686245918274,19982,0.051573777064955896,0.06766238973536487,0.24619085805934243,3.4486267040898158,1.0009008107296566,0.22988505747126436,,3.564354450681636,3.3328989574979953
GA,n30 m5 uniform high,30,5,11,20000,44.75622836465535,44.75622836465535,10.892218729716562,44.52792459708759,0.005127204324782107,6.76578950881958,19982,0.04706295108259823,0.06605854049719326,0.24779470729751404,3.7027365677626305,0.6505855269742769,0.2386206896551724,,4.103348035284683,3.3021251002405774
GA,n30 m5 uniform high,30,5,12,20000,44.82553198844816,44.82553198844816,10.900813646252635,44.52792459708759,0.006683612453386994,8.323680639266968,19982,0.04871692060946271,0.06310144346431436,0.25065156375300723,3.7275962309542905,0.7006305675107597,0.22045977011494253,,4.097233360064154,3.357959101844427
GA,n30 m5 uniform high,30,5,13,20000,44.99662165924629,44.99662165924629,10.904401386513628,44.52792459708759,0.01052591303995678,5.955481767654419,19982,0.050270649558941456,0.06981756214915798,0.2486467522052927,3.4968424218123495,0.7006305675107597,0.3189272030651341,,3.7275461106655974,3.266138732959102
GA,n30 m5 uniform high,30,5,14,20000,45.10917618695794,45.10917618695794,10.885832063975643,44.52792459708759,0.013053642071347868,7.2503581047058105,19982,0.045960304731355255,0.06470529270248597,0.2505513231756215,3.685244587008821,0.8007206485837254,0.23655172413793102,,4.011327185244587,3.3591619887730553
GA,n30 m5 uniform high,30,5,15,20000,45.060872370363654,45.060872370363654,10.90179669900065,44.52792459708759,0.01196884377833594,13.269469261169434,19982,0.04355453087409784,0.06691058540497194,0.24969927826784283,3.760625501202887,0.7006305675107597,0.19984674329501917,,4.10435044105854,3.416900561347233
GA,n30 m5 uniform high,30,5,16,20000,45.18495471924709,45.18495471924709,10.896648163498572,44.52792459708759,0.014755462512673932,7.910928249359131,19982,0.05077185244587009,0.0668103448275862,0.24443664795509223,3.5268143544506816,0.7506756080472425,0.15471264367816093,,3.81214915797915,3.241479550922213
GA,n30 m5 uniform high,30,5,17,20000,44.64762338620852,44.64762338620852,10.886364122099575,44.52792459708759,0.002688173549610279,7.903942346572876,19982,0.046862469927826784,0.06495589414595028,0.2508019246190858,3.6924619085805936,0.8007206485837254,0.17057471264367816,,3.8156575781876505,3.5692662389735363
GA,n30 m5 uniform high,30,5,18,20000,44.63805047264707,44.63805047264707,10.883977477469424,44.52792459708759,0.0024731868048187824,10.653241634368896,19982,0.04646150761828388,0.06370288692862872,0.2513031275060144,3.672213311948677,0.9008107296566911,0.12796934865900383,,4.006114675220529,3.3383119486768242
GA,n30 m5 uniform high,30,5,19,20000,44.79705817922498,44.79705817922498,10.871418270397415,44.52792459708759,0.0060441528450440206,8.953278303146362,19982,0.044657177225340815,0.06460505212510025,0.25140336808340014,3.7384723336006416,0.8507656891202082,0.2874329501915709,,4.057437850842021,3.419506816359262
GA,n30 m5 uniform high,30,5,20,20000,44.84158819971536,44.84158819971536,10.88784053456043,44.52792459708759,0.0070441999142328215,9.311539888381958,19982,0.04335404971932638,0.06946672012830794,0.248897353648757,3.736367281475541,0.9508557701931739,0.28229885057471266,,4.0621491579791495,3.4105854049719326
GA,n30 m5 uniform high,30,5,21,20000,45.01460385179,45.01460385179,10.906371947015408,44.52792459708759,0.010929753836634932,9.734106302261353,19982,0.04420609462710505,0.06926623897353648,0.24724338412189253,3.633771050521251,0.5504954459013112,0.2403831417624521,,3.7962109061748195,3.4713311948676826
GA,n30 m5 uniform high,30,5,22,20000,44.95912554572581,44.95912554572581,10.920118288136049,44.52792459708759,0.009683832169137839,13.187584638595581,19982,0.05287690457097033,0.06375300721732158,0.24548917401764234,3.543554530874098,1.1009908918026223,0.19095785440613028,,3.6996792301523658,3.38742983159583
GA,n30 m5 uniform high,30,5,23,20000,44.90749683375366,44.90749683375366,10.911337108451253,44.52792459708759,0.008524363982840953,10.65367579460144,19982,0.05307738572574178,0.06761226944667201,0.24398556535685645,3.5272153167602247,0.8507656891202082,0.20973180076628353,,3.921511627906977,3.132919005613472
GA,n30 m5 uniform high,30,5,24,20000,44.748926091468526,44.748926091468526,10.897077464623887,44.52792459708759,0.0049632112069150965,6.066801071166992,19982,0.04480753809141941,0.06350240577385725,0.25511226944667204,3.6810846030473137,0.7006305675107597,0.22298850574712642,,3.8229751403368084,3.539194065757819
GA,n30 m5 uniform high,30,5,25,20000,44.99158426077324,44.99158426077324,10.90892199882847,44.52792459708759,0.010412784064855629,6.056300401687622,19982,0.04806535685645549,0.06555733761026464,0.2462409783480353,3.6072072975140337,0.5504954459013112,0.22865900383141763,,3.6913592622293505,3.523055332798717
GA,n30 m5 uniform high,30,5,26,20000,44.724057533648974,44.724057533648974,10.884127175668986,44.52792459708759,0.0044047176762918765,8.713558673858643,19982,0.048767040898155575,0.06926623897353648,0.24869687249398556,3.500751804330393,1.1009908918026223,0.2374712643678161,,3.783380112269447,3.2181234963913394
GA,n30 m5 uniform high,30,5,27,20000,45.21527329802248,45.21527329802248,10.962061815443324,44.52792459708759,0.015436351618773799,11.914560317993164,19982,0.050571371291098635,0.06926623897353648,0.24127906976744187,3.5188452285485163,0.6505855269742769,0.2074329501915709,,3.793203688853248,3.2444867682437852
GA,n30 m5 uniform high,30,5,28,20000,44.94174240436202,44.94174240436202,10.903875486361207,44.52792459708759,0.009293444754474208,9.060477495193481,19982,0.044757417802726546,0.06244987971130714,0.2513031275060144,3.729400561347233,0.8507656891202082,0.17731800766283526,,3.835906174819567,3.6228949478749
GA,n30 m5 uniform high,30,5,29,20000,44.79674881128411,44.79674881128411,10.88674136244449,44.52792459708759,0.006037205116317127,8.218934297561646,19982,0.04696271050521251,0.06500601443464314,0.2505012028869286,3.624599037690457,0.9008107296566911,0.2616091954022989,,3.839514835605453,3.409683239775461
MRFO,n50 m10 bimodal high,50,10,0,20000,31.941839926316547,31.941839926316547,17.566993710867774,25.10693322506205,0.27223184289317376,3.6414365768432617,19950,0.2147590361445783,0.03313253012048193,0.013504016064257027,28.147238955823294,0.8521303258145363,0.003908045977011495,,31.653714859437752,24.640763052208836
MRFO,n50 m10 bimodal high,50,10,1,20000,41.49645785613219,41.49645785613219,21.34871340982306,25.10693322506205,0.6527887928068377,3.885990619659424,19950,0.10321285140562249,0.15828313253012047,0.008734939759036145,24.936546184738955,0.2506265664160401,0.03668965517241379,,28.13102409638554,21.742068273092368
MRFO,n50 m10 bimodal high,50,10,2,20000,36.702935972324866,36.702935972324866,19.474715507413347,25.10693322506205,0.46186456319912234,5.9978930950164795,19950,0.11365461847389559,0.07309236947791165,0.01104417670682731,30.939708835341367,0.5513784461152882,0.01908045977011494,,35.2718875502008,26.60753012048193
MRFO,n50 m10 bimodal high,50,10,3,20000,31.312463525784032,31.312463525784032,17.71056692568143,25.10693322506205,0.24716401023951204,5.356395483016968,19950,0.2063253012048193,0.09894578313253012,0.009086345381526105,25.87284136546185,0.5012531328320802,0.010528735632183907,,29.205923694779116,22.539759036144577
MRFO,n50 m10 bimodal high,50,10,4,20000,35.817536858239954,35.817536858239954,19.325438531963542,25.10693322506205,0.4265994391734968,6.104676008224487,19950,0.10326305220883535,0.14723895582329316,0.010793172690763053,26.980321285140562,0.5513784461152882,0.02735632183908046,,30.42801204819277,23.532630522088354
MRFO,n50 m10 bimodal high,50,10,5,20000,36.996639532551725,36.996639532551725,19.51635039247107,25.10693322506205,0.4735626689611467,8.167078256607056,19950,0.11169678714859438,0.12354417670682731,0.01144578313253012,29.7050702811245,0.5513784461152882,0.021839080459770118,,34.2785140562249,25.131626506024098
MRFO,n50 m10 bimodal high,50,10,6,20000,36.43885555248841,36.43885555248841,19.44428283612875,25.10693322506205,0.45134633632253807,4.011902093887329,19950,0.11997991967871485,0.08378514056224899,0.013805220883534136,29.12409638554217,0.7518796992481203,0.05222988505747127,,32.5468875502008,25.701305220883533
MRFO,n50 m10 bimodal high,50,10,7,20000,37.02524630609171,37.02524630609171,19.581421719914466,25.10693322506205,0.4747020663253548,3.960536241531372,19950,0.16089357429718876,0.06772088353413655,0.008283132530120483,28.096184738955824,0.2506265664160401,0.024413793103448277,,31.47991967871486,24.712449799196786
MRFO,n50 m10 bimodal high,50,10,8,20000,38.57792445687899,38.57792445687899,20.356079416697348,25.10693322506205,0.5365446711894717,9.19444990158081,19950,0.08348393574297189,0.12073293172690763,0.009036144578313253,26.72484939759036,0.3007518796992481,0.04804597701149425,,30.045682730923694,23.40401606425703
MRFO,n50 m10 bimodal high,50,10,9,20000,31.785777624359064,31.785777624359064,17.4589738758998,25.10693322506205,0.26601593828393616,8.836722373962402,19950,0.1670682730923695,0.09558232931726908,0.009086345381526105,29.599347389558233,0.20050125313283207,0.01264367816091954,,34.51566265060241,24.683032128514057
MRFO,n50 m10 bimodal high,50,10,10,20000,35.37775166971057,35.37775166971057,18.636144666165226,25.10693322506205,0.40908295539640266,5.630083799362183,19950,0.1246987951807229,0.11676706827309237,0.010491967871485944,28.415562248995982,0.45112781954887216,0.01908045977011494,,31.889558232931726,24.941566265060242
MRFO,n50 m10 bimodal high,50,10,11,20000,34.11580218577993,34.11580218577993,18.57871192556698,25.10693322506205,0.3588199673755898,11.418224811553955,19950,0.09829317269076306,0.08765060240963855,0.015311244979919678,30.78027108433735,0.6015037593984962,0.27563218390804595,,29.55281124497992,32.00773092369478
MRFO,n50 m10 bimodal high,50,10,12,20000,30.969456290366452,30.969456290366452,17.639247028258037,25.10693322506205,0.2335021570636257,4.7923197746276855,19950,0.1176706827309237,0.12610441767068273,0.008885542168674699,26.164156626506024,0.3007518796992481,0.030804597701149423,,29.8140562248996,22.51425702811245
MRFO,n50 m10 bimodal high,50,10,13,20000,37.77707469774239,37.77707469774239,20.0086081749281,25.10693322506205,0.5046471171569792,5.582951545715332,19950,0.20200803212851406,0.07705823293172691,0.011596385542168675,27.409839357429718,0.5012531328320802,0.012045977011494253,,30.974598393574297,23.845080321285142
MRFO,n50 m10 bimodal high,50,10,14,20000,36.90653183700425,36.90653183700425,19.438411261707834,25.10693322506205,0.4699737122877157,6.362306356430054,19950,0.05577309236947791,0.21802208835341366,0.009387550200803212,29.095732931726907,0.2506265664160401,0.06551724137931035,,32.43875502008032,25.752710843373492
MRFO,n50 m10 bimodal high,50,10,15,20000,36.89068817803516,36.89068817803516,19.33984532276982,25.10693322506205,0.4693426651252819,8.929023027420044,19950,0.05773092369477912,0.07605421686746988,0.012650602409638554,31.306124497991966,0.3508771929824561,0.1288735632183908,,33.26435742971888,29.34789156626506
MRFO,n50 m10 bimodal high,50,10,16,20000,38.097356469596065,38.097356469596065,20.163702339230387,25.10693322506205,0.5174038234015301,6.027546644210815,19950,0.12028112449799197,0.04623493975903614,0.01144578313253012,29.29889558232932,0.5012531328320802,0.12698850574712645,,34.122489959839356,24.475301204819278
MRFO,n50 m10 bimodal high,50,10,17,20000,38.66585730724424,38.66585730724424,20.002015613983694,25.10693322506205,0.5400470045719284,7.401762008666992,19950,0.15572289156626506,0.06475903614457831,0.009738955823293172,28.908232931726907,0.3007518796992481,0.010574712643678161,,32.28473895582329,25.53172690763052
MRFO,n50 m10 bimodal high,50,10,18,20000,34.76134941425127,34.76134941425127,18.760760061859237,25.10693322506205,0.38453187821251156,13.038854122161865,19950,0.225,0.027008032128514055,0.01104417670682731,26.280371485943775,0.2506265664160401,0.011724137931034481,,29.422389558232933,23.138353413654617
MRFO,n50 m10 bimodal high,50,10,19,20000,30.64584383481171,30.64584383481171,17.394337992002296,25.10693322506205,0.22061279090114644,7.47617506980896,19950,0.0732429718875502,0.075,0.008383534136546186,28.85652610441767,0.10025062656641603,0.09802298850574713,,31.345883534136547,26.367168674698796
MRFO,n50 m10 bimodal high,50,10,20,20000,38.3367352072507,38.3367352072507,20.226806075759487,25.10693322506205,0.5269381912794708,8.473758459091187,19950,0.22886546184738957,0.005271084337349397,0.012248995983935742,29.026305220883533,0.6015037593984962,0.0,,32.97419678714859,25.078413654618473
MRFO,n50 m10 bimodal high,50,10,21,20000,34.65554726241477,34.65554726241477,18.64383309027632,25.10693322506205,0.380317817065016,12.03932523727417,19950,0.046837349397590364,0.0944277108433735,0.009738955823293172,30.959287148594377,0.40100250626566414,0.511080459770115,,28.959236947791165,32.95933734939759
MRFO,n50 m10 bimodal high,50,10,22,20000,34.45538416125363,34.45538416125363,18.377121561877434,25.10693322506205,0.3723453936962657,6.650332689285278,19950,0.11024096385542169,0.07269076305220884,0.013654618473895583,29.892871485943775,0.6015037593984962,0.015080459770114941,,33.67088353413654,26.114859437751004
MRFO,n50 m10 bimodal high,50,10,23,20000,32.989652976422065,32.989652976422065,18.229263391489855,25.10693322506205,0.3139658547978845,6.573505163192749,19950,0.056877510040160645,0.20110441767068274,0.008785140562248996,27.11511044176707,0.45112781954887216,0.04657471264367816,,30.819477911646587,23.41074297188755
MRFO,n50 m10 bimodal high,50,10,24,20000,34.49555619279707,34.49555619279707,18.431625983118405,25.10693322506205,0.37394543107173195,12.999151468276978,19950,0.04879518072289157,0.15306224899598395,0.017670682730923693,29.151706827309237,0.7518796992481203,0.01949425287356322,,31.505522088353413,26.79789156626506
MRFO,n50 m10 bimodal high,50,10,25,20000,34.86718444455042,34.86718444455042,19.13374047276895,25.10693322506205,0.38874724889719164,10.749964714050293,19950,0.10125502008032128,0.1846887550200803,0.008634538152610442,26.65953815261044,0.2506265664160401,0.03995402298850575,,29.756224899598394,23.56285140562249
MRFO,n50 m10 bimodal high,50,10,26,20000,33.14546793681845,33.14546793681845,18.167093796581227,25.10693322506205,0.32017190788288846,16.535234212875366,19950,0.13920682730923695,0.04914658634538153,0.0125,30.4429718875502,0.40100250626566414,0.0087816091954023,,36.260140562249,24.625803212851405
MRFO,n50 m10 bimodal high,50,10,27,20000,37.57507683570003,37.57507683570003,19.83958905707753,25.10693322506205,0.49660161593101804,9.114934206008911,19950,0.13137550200803214,0.06244979919678715,0.01039156626506024,27.889508032128514,0.45112781954887216,0.019586206896551724,,33.06576305220884,22.71325301204819
MRFO,n50 m10 bimodal high,50,10,28,20000,34.20556021551642,34.20556021551642,18.839057075358415,25.10693322506205,0.36239499698720706,12.99274754524231,19950,0.06731927710843373,0.21019076305220882,0.009487951807228915,26.821887550200803,0.20050125313283207,0.03604597701149425,,30.226204819277108,23.417570281124497
MRFO,n50 m10 bimodal high,50,10,29,20000,43.6332038737181,43.6332038737181,22.460708042628212,25.10693322506205,0.7378946079389298,14.411109685897827,19950,0.10461847389558233,0.1392570281124498,0.009236947791164659,26.177560240963857,0.2506265664160401,0.05094252873563218,,29.23453815261044,23.12058232931727
QI-MRFO no-decoherence,n50 m10 bimodal high,50,10,0,20000,29.894998171300283,29.894998171300283,17.115371004847336,25.10693322506205,0.19070688177314812,238.14801025390625,19950,0.6066265060240964,0.0855421686746988,0.018524096385542168,3.862098393574297,0.9022556390977443,0.0,0.9904890979272876,5.775301204819277,1.9488955823293173
QI-MRFO no-decoherence,n50 m10 bimodal high,50,10,1,20000,30.231095373100487,30.231095373100487,17.278471355837606,25.10693322506205,0.20409351082845256,220.13075065612793,19950,0.44854417670682734,0.28303212851405624,0.013002008032128514,4.0348393574297186,0.7518796992481203,0.016137931034482758,0.9803675458386039,5.75070281124498,2.318975903614458
QI-MRFO no-decoherence,n50 m10 bimodal high,50,10,2,20000,30.11550731086301,30.11550731086301,17.233893350322408,25.10693322506205,0.19948968043621265,19.360777616500854,19950,0.7145582329317269,0.012248995983935742,0.012248995983935742,3.7446285140562248,0.8521303258145363,0.0,0.9815743423452704,5.393072289156627,2.0961847389558232
QI-MRFO no-decoherence,n50 m10 bimodal high,50,10,3,20000,30.24917514033006,30.24917514033006,17.212868751286734,25.10693322506205,0.2048136213679399,219.47330975532532,19950,0.6298192771084338,0.058684738955823296,0.01897590361445783,3.769277108433735,1.0025062656641603,0.0013333333333333333,0.9896583687996706,5.676706827309237,1.861847389558233
QI-MRFO no-decoherence,n50 m10 bimodal high,50,10,4,20000,30.415939782326966,30.415939782326966,17.316653513897894,25.10693322506205,0.21145579628042344,204.3574879169464,19950,0.5397590361445783,0.14748995983935742,0.021134538152610443,4.096736947791165,1.2531328320802004,0.008689655172413793,0.9823006861107557,5.927911646586345,2.265562248995984
QI-MRFO no-decoherence,n50 m10 bimodal high,50,10,5,20000,27.908524993344948,27.908524993344948,16.309508876815848,25.10693322506205,0.11158637907581295,181.17159986495972,19950,0.6330321285140562,0.08408634538152611,0.023644578313253013,3.7714859437751005,1.4035087719298245,0.003908045977011495,0.9899549300280543,5.667670682730924,1.8753012048192772
QI-MRFO no-decoherence,n50 m10 bimodal high,50,10,6,20000,29.98325338282059,29.98325338282059,17.191609979521868,25.10693322506205,0.1942220546829246,96.30548048019409,19950,0.45612449799196786,0.20607429718875503,0.02038152610441767,4.8466867469879515,1.3533834586466165,0.0,0.9857900290263796,7.493373493975904,2.2
QI-MRFO no-decoherence,n50 m10 bimodal high,50,10,7,20000,27.619094490795767,27.619094490795767,16.244577426659315,25.10693322506205,0.10005846764375213,71.86722660064697,19950,0.6815763052208835,0.025602409638554216,0.017269076305220885,3.6917670682730925,0.8020050125313283,0.0,0.9929111368360097,5.58714859437751,1.7963855421686747
QI-MRFO no-decoherence,n50 m10 bimodal high,50,10,8,20000,27.342696894673562,27.342696894673562,15.953567833431471,25.10693322506205,0.08904965212476626,17.162832975387573,19950,0.5318273092369478,0.17329317269076305,0.02178714859437751,4.026706827309237,0.8521303258145363,0.0013333333333333333,0.9936290716273158,5.910140562248996,2.143273092369478
QI-MRFO no-decoherence,n50 m10 bimodal high,50,10,9,20000,29.507423823350443,29.507423823350443,17.06215288969664,25.10693322506205,0.17526993674782107,212.09984040260315,19950,0.5287650602409638,0.17063253012048193,0.02384538152610442,4.273544176706827,1.2531328320802004,0.0013333333333333333,0.9858427474214045,6.196385542168675,2.3507028112449797
QI-MRFO no-decoherence,n50 m10 bimodal high,50,10,10,20000,29.212612061116495,29.212612061116495,16.809001019168246,25.10693322506205,0.16352769170374443,247.2423722743988,19950,0.6183734939759036,0.08308232931726908,0.027359437751004016,3.9247991967871485,1.4536340852130325,0.0,0.9948529893552941,6.062650602409638,1.7869477911646587
QI-MRFO no-decoherence,n50 m10 bimodal high,50,10,11,20000,28.975613370618035,28.975613370618035,16.741186216919008,25.10693322506205,0.1540881202366134,307.14675426483154,19950,0.45778112449799196,0.24683734939759036,0.02213855421686747,4.4065261044176705,1.1528822055137844,0.016689655172413793,0.9757544754251339,6.091265060240964,2.7217871485943776
QI-MRFO no-decoherence,n50 m10 bimodal high,50,10,12,20000,28.56465086584386,28.56465086584386,16.531907681106407,25.10693322506205,0.13771963344891014,175.5249617099762,19950,0.49056224899598394,0.19503012048192772,0.01857429718875502,4.286044176706827,0.9523809523809523,0.013195402298850573,0.9778299842481524,6.389156626506024,2.1829317269076305
QI-MRFO no-decoherence,n50 m10 bimodal high,50,10,13,20000,29.637324881526766,29.637324881526766,16.88405849125592,25.10693322506205,0.18044384855185827,232.9095959663391,19950,0.6486445783132531,0.06736947791164659,0.012751004016064257,3.7612951807228914,0.5012531328320802,0.005333333333333333,0.9865877607572043,5.51495983935743,2.0076305220883532
QI-MRFO no-decoherence,n50 m10 bimodal high,50,10,14,20000,28.542415116742028,28.542415116742028,16.617345948914238,25.10693322506205,0.1368339916661202,127.60840582847595,19950,0.3766566265060241,0.3036646586345382,0.015963855421686747,4.802359437751004,0.9022556390977443,0.01820689655172414,0.9866538312532149,6.562248995983936,3.0424698795180722
QI-MRFO no-decoherence,n50 m10 bimodal high,50,10,15,20000,30.66302781587573,30.66302781587573,17.07507660469322,25.10693322506205,0.22129722260413376,298.1969575881958,19950,0.402359437751004,0.30145582329317266,0.01641566265060241,4.8361947791164654,1.0526315789473684,0.027126436781609194,0.9682046969059316,6.579317269076305,3.0930722891566265
QI-MRFO no-decoherence,n50 m10 bimodal high,50,10,16,20000,28.36906024776471,28.36906024776471,16.598417036331874,25.10693322506205,0.12992933041484991,211.53718614578247,19950,0.6177208835341366,0.10251004016064257,0.023443775100401607,3.565512048192771,0.9022556390977443,0.0013333333333333333,0.9926413885996893,5.363152610441767,1.7678714859437752
QI-MRFO no-decoherence,n50 m10 bimodal high,50,10,17,20000,29.894998171300283,29.894998171300283,17.10259310180687,25.10693322506205,0.19070688177314812,253.99452090263367,19950,0.6375502008032129,0.07941767068273092,0.015612449799196787,3.733082329317269,1.0526315789473684,0.0,0.9922355707650793,5.671084337349398,1.7950803212851405
QI-MRFO no-decoherence,n50 m10 bimodal high,50,10,18,20000,32.65781043593366,32.65781043593366,18.096780544748597,25.10693322506205,0.3007486873519954,332.41614842414856,19950,0.4708333333333333,0.2448293172690763,0.007530120481927711,4.292921686746988,0.45112781954887216,0.010804597701149426,0.9777554663428789,6.039457831325302,2.5463855421686747
QI-MRFO no-decoherence,n50 m10 bimodal high,50,10,19,20000,29.758118635547262,29.758118635547262,17.089838752834442,25.10693322506205,0.18525501975057396,345.0122768878937,19950,0.6147088353413654,0.08303212851405622,0.005672690763052208,3.9843373493975904,0.15037593984962405,0.004,0.98383077947102,5.540461847389558,2.4282128514056227
QI-MRFO no-decoherence,n50 m10 bimodal high,50,10,20,20000,27.712910841682913,27.712910841682913,16.271509334120886,25.10693322506205,0.10379513870772329,326.33208107948303,19950,0.581726907630522,0.09106425702811245,0.024949799196787147,3.991214859437751,1.1528822055137844,0.0013333333333333333,0.9851178605895947,5.891867469879518,2.090562248995984
QI-MRFO no-decoherence,n50 m10 bimodal high,50,10,21,20000,30.24917514033006,30.24917514033006,17.376376894659042,25.10693322506205,0.2048136213679399,322.6399803161621,19950,0.47545180722891567,0.23689759036144578,0.011546184738955823,4.022540160642571,0.7017543859649122,0.013103448275862068,0.9803200344123009,5.701706827309237,2.3433734939759034
QI-MRFO no-decoherence,n50 m10 bimodal high,50,10,22,20000,28.407052244358376,28.407052244358376,16.567743289016974,25.10693322506205,0.13144253779279205,284.54096841812134,19950,0.6464357429718876,0.07248995983935742,0.0214859437751004,3.7068775100401608,1.1528822055137844,0.0,0.9945033650430752,5.580421686746988,1.8333333333333333
QI-MRFO no-decoherence,n50 m10 bimodal high,50,10,23,20000,29.758118635547262,29.758118635547262,17.14853470819928,25.10693322506205,0.18525501975057396,262.473237991333,19950,0.5219377510040161,0.17279116465863453,0.021686746987951807,4.140763052208835,1.1027568922305764,0.0026666666666666666,0.9879925850434405,6.096285140562249,2.1852409638554215
QI-MRFO no-decoherence,n50 m10 bimodal high,50,10,24,20000,31.75172785509988,31.75172785509988,17.614105695383618,25.10693322506205,0.26465974838396084,272.7329912185669,19950,0.6019076305220884,0.1018574297188755,0.028664658634538154,3.9768574297188755,1.4536340852130325,0.0,0.9912603890833043,6.026807228915662,1.9269076305220882
QI-MRFO no-decoherence,n50 m10 bimodal high,50,10,25,20000,29.88175125494343,29.88175125494343,17.144796565265978,25.10693322506205,0.19017926192256324,271.28731966018677,19950,0.531425702811245,0.1729417670682731,0.02720883534136546,4.0192269076305225,1.3533834586466165,0.007402298850574712,0.9874462088001722,5.84718875502008,2.191265060240964
QI-MRFO no-decoherence,n50 m10 bimodal high,50,10,26,20000,28.24984909932617,28.24984909932617,16.40410515222187,25.10693322506205,0.12518119381967455,267.6735055446625,19950,0.6568775100401606,0.04241967871485944,0.027309236947791166,3.6996987951807228,1.4035087719298245,0.0013333333333333333,0.9884756010528585,5.494979919678715,1.904417670682731
QI-MRFO no-decoherence,n50 m10 bimodal high,50,10,27,20000,29.98325338282059,29.98325338282059,16.917795568111814,25.10693322506205,0.1942220546829246,265.93601393699646,19950,0.5596887550200803,0.1538152610441767,0.011295180722891566,3.737048192771084,0.6015037593984962,0.009471264367816092,0.9817234202551962,5.286044176706827,2.1880522088353414
QI-MRFO no-decoherence,n50 m10 bimodal high,50,10,28,20000,28.691276879876064,28.691276879876064,16.808166980235665,25.10693322506205,0.14276310143829424,263.1104862689972,19950,0.6258534136546184,0.06385542168674699,0.028313253012048192,3.753614457831325,1.1528822055137844,0.0,0.9892719255435396,5.636847389558233,1.8703815261044177
QI-MRFO no-decoherence,n50 m10 bimodal high,50,10,29,20000,32.56745857096993,32.56745857096993,17.884779199812527,25.10693322506205,0.2971500054997037,263.62964701652527,19950,0.4045682730923695,0.31390562248995985,0.015311244979919678,4.191616465863453,0.9022556390977443,0.018804597701149426,0.9806376668593184,5.901706827309237,2.4815261044176706
QI-MRFO,n50 m10 bimodal high,50,10,0,20000,30.24917514033006,30.24917514033006,17.248280342114523,25.10693322506205,0.2048136213679399,327.44602251052856,19950,0.1258032128514056,0.1682730923694779,0.020431726907630524,6.993423694779117,1.2531328320802004,0.019862068965517243,0.9453388686172827,8.624799196787148,5.362048192771084
QI-MRFO,n50 m10 bimodal high,50,10,1,20000,27.06024893394277,27.06024893394277,16.079690581163998,25.10693322506205,0.07779985278850766,313.532678604126,19950,0.1367971887550201,0.15240963855421688,0.018373493975903616,6.32183734939759,1.3533834586466165,0.012,0.9519610651011767,7.969477911646586,4.6741967871485945
QI-MRFO,n50 m10 bimodal high,50,10,2,20000,26.70402954617669,26.70402954617669,15.962686494128867,25.10693322506205,0.06361176439981925,294.45092487335205,19950,0.11867469879518072,0.13654618473895583,0.031174698795180724,6.443524096385542,2.055137844611529,0.015724137931034485,0.9550856631102416,8.131425702811246,4.75562248995984
QI-MRFO,n50 m10 bimodal high,50,10,3,20000,26.37987249916972,26.37987249916972,15.755532048563524,25.10693322506205,0.05070070735827692,305.31363582611084,19950,0.11817269076305222,0.14789156626506025,0.0214859437751004,6.636947791164658,1.4536340852130325,0.016965517241379312,0.9504151976848126,8.486546184738955,4.787349397590361
QI-MRFO,n50 m10 bimodal high,50,10,4,20000,27.29735683508133,27.29735683508133,16.10798628755642,25.10693322506205,0.08724377407563152,285.20336961746216,19950,0.08483935742971888,0.2093875502008032,0.016616465863453816,7.244628514056225,1.4035087719298245,0.033563218390804596,0.9312054778221899,8.739558232931726,5.749698795180723
QI-MRFO,n50 m10 bimodal high,50,10,5,20000,27.06024893394277,27.06024893394277,15.94187752737305,25.10693322506205,0.07779985278850766,290.59259390830994,19950,0.1328313253012048,0.1256024096385542,0.021686746987951807,6.617369477911646,1.6040100250626566,0.014574712643678161,0.9479568219790921,8.269277108433736,4.965461847389558
QI-MRFO,n50 m10 bimodal high,50,10,6,20000,31.197352889850585,31.197352889850585,17.384751620807524,25.10693322506205,0.24257919556296115,288.5487093925476,19950,0.05587349397590361,0.3521586345381526,0.009588353413654618,7.199046184738956,0.8521303258145363,0.04170114942528736,0.9440640497736862,8.737951807228916,5.660140562248996
QI-MRFO,n50 m10 bimodal high,50,10,7,20000,27.60550768949869,27.60550768949869,16.191651193746843,25.10693322506205,0.09951731029987096,275.285719871521,19950,0.11355421686746987,0.20808232931726908,0.019226907630522087,6.724849397590361,1.2030075187969924,0.019816091954022987,0.9464195867353574,8.416767068273092,5.032931726907631
QI-MRFO,n50 m10 bimodal high,50,10,8,20000,25.597309524314653,25.597309524314653,15.531483507818955,25.10693322506205,0.019531509279002778,239.98579144477844,19950,0.16802208835341365,0.03504016064257028,0.02354417670682731,6.354969879518072,1.4536340852130325,0.0026666666666666666,0.9492267551438563,8.140261044176707,4.569678714859438
QI-MRFO,n50 m10 bimodal high,50,10,9,20000,26.914061026553256,26.914061026553256,16.003728457723927,25.10693322506205,0.07197724171613712,220.02973747253418,19950,0.08328313253012049,0.21084337349397592,0.035190763052208834,7.305471887550201,2.055137844611529,0.03177011494252874,0.9385624332035482,9.155421686746989,5.455522088353414
QI-MRFO,n50 m10 bimodal high,50,10,10,20000,28.975613370618035,28.975613370618035,16.7166898439975,25.10693322506205,0.1540881202366134,219.53815913200378,19950,0.11802208835341366,0.20025100401606424,0.023694779116465864,7.109638554216867,1.7042606516290726,0.0216551724137931,0.9394420482822012,8.803413654618474,5.415863453815261
QI-MRFO,n50 m10 bimodal high,50,10,11,20000,31.85958190667713,31.85958190667713,17.886822089543827,25.10693322506205,0.2689555359503048,195.16175484657288,19950,0.10160642570281124,0.2720883534136546,0.013303212851405623,7.033785140562249,0.8521303258145363,0.028873563218390803,0.9399204282328267,8.631024096385541,5.436546184738956
QI-MRFO,n50 m10 bimodal high,50,10,12,20000,26.12823470889463,26.12823470889463,15.696614930155407,25.10693322506205,0.04067806588233981,186.33279705047607,19950,0.12926706827309237,0.0875,0.03242971887550201,6.758433734939759,1.7042606516290726,0.007954022988505748,0.9476640290177752,8.764558232931726,4.7523092369477915
QI-MRFO,n50 m10 bimodal high,50,10,13,20000,30.24917514033006,30.24917514033006,17.074667233425824,25.10693322506205,0.2048136213679399,164.9688994884491,19950,0.0894578313253012,0.2667670682730924,0.014658634538152611,6.97394578313253,0.9022556390977443,0.03177011494252874,0.9455537288607392,8.630722891566265,5.317168674698795
QI-MRFO,n50 m10 bimodal high,50,10,14,20000,27.06024893394277,27.06024893394277,16.082563729625438,25.10693322506205,0.07779985278850766,160.04938197135925,19950,0.1051706827309237,0.1731425702811245,0.03253012048192771,6.703112449799197,2.0050125313283207,0.013241379310344827,0.9554336191891915,8.47289156626506,4.933333333333334
QI-MRFO,n50 m10 bimodal high,50,10,15,20000,31.872873820068676,31.872873820068676,17.667954868853396,25.10693322506205,0.2694849480163822,161.6143991947174,19950,0.11812248995983936,0.2811746987951807,0.011546184738955823,6.514708835341366,0.9022556390977443,0.017241379310344827,0.9503470985842639,8.133634538152611,4.895783132530121
QI-MRFO,n50 m10 bimodal high,50,10,16,20000,26.620960550097294,26.620960550097294,15.863758639450836,25.10693322506205,0.06030315656091055,155.92689085006714,19950,0.16174698795180723,0.07494979919678715,0.02705823293172691,6.311194779116466,1.7543859649122806,0.006666666666666666,0.9535947275428606,8.143574297188755,4.4788152610441765
QI-MRFO,n50 m10 bimodal high,50,10,17,20000,27.908524993344948,27.908524993344948,16.389744706811637,25.10693322506205,0.11158637907581295,156.60363221168518,19950,0.1307730923694779,0.16435742971887551,0.0285140562248996,6.532530120481928,2.0050125313283207,0.016,0.9528259113559793,8.22801204819277,4.837048192771085
QI-MRFO,n50 m10 bimodal high,50,10,18,20000,32.65781043593366,32.65781043593366,17.97824413429948,25.10693322506205,0.3007486873519954,95.08407425880432,19950,0.04613453815261044,0.33825301204819275,0.009236947791164659,7.573393574297189,0.40100250626566414,0.0433103448275862,0.9283146691672503,9.2035140562249,5.943273092369478
QI-MRFO,n50 m10 bimodal high,50,10,19,20000,27.908524993344948,27.908524993344948,16.38215790617157,25.10693322506205,0.11158637907581295,91.12901949882507,19950,0.11234939759036144,0.21752008032128514,0.01285140562248996,6.608132530120482,0.45112781954887216,0.017241379310344827,0.9486155412253895,8.145983935742972,5.070281124497992
QI-MRFO,n50 m10 bimodal high,50,10,20,20000,28.36906024776471,28.36906024776471,16.619444574216022,25.10693322506205,0.12992933041484991,81.68714141845703,19950,0.10737951807228915,0.18473895582329317,0.024196787148594377,6.959437751004016,1.2531328320802004,0.02367816091954023,0.9428781379870865,8.62941767068273,5.289457831325302
QI-MRFO,n50 m10 bimodal high,50,10,21,20000,30.231095373100487,30.231095373100487,17.238368669949356,25.10693322506205,0.20409351082845256,74.69466781616211,19950,0.09799196787148594,0.23980923694779116,0.013453815261044177,6.719829317269077,0.8020050125313283,0.022160919540229886,0.9480224080927472,8.380220883534136,5.059437751004016
QI-MRFO,n50 m10 bimodal high,50,10,22,20000,27.619094490795767,27.619094490795767,16.227740131469318,25.10693322506205,0.10005846764375213,49.96689510345459,19950,0.11917670682730924,0.15291164658634537,0.019377510040160643,6.768524096385542,1.4035087719298245,0.016873563218390803,0.9423958613973741,8.486847389558234,5.050200803212851
QI-MRFO,n50 m10 bimodal high,50,10,23,20000,26.029187757451126,26.029187757451126,15.69546978355057,25.10693322506205,0.03673306190452882,43.53528642654419,19950,0.14372489959839357,0.07484939759036145,0.03323293172690763,6.592369477911647,1.9548872180451127,0.013241379310344827,0.951918510714816,8.347188755020081,4.8375502008032125
QI-MRFO,n50 m10 bimodal high,50,10,24,20000,27.29735683508133,27.29735683508133,16.02577373819621,25.10693322506205,0.08724377407563152,6.39804744720459,19950,0.15903614457831325,0.09748995983935743,0.030220883534136544,6.505672690763052,2.055137844611529,0.009333333333333334,0.9503018960386227,8.208333333333334,4.803012048192771
QI-MRFO,n50 m10 bimodal high,50,10,25,20000,27.29735683508133,27.29735683508133,16.10292526926739,25.10693322506205,0.08724377407563152,7.162525177001953,19950,0.09548192771084338,0.20998995983935742,0.018524096385542168,7.130321285140562,1.2531328320802004,0.028229885057471264,0.9391011442315171,8.777710843373494,5.482931726907631
QI-MRFO,n50 m10 bimodal high,50,10,26,20000,27.908524993344948,27.908524993344948,16.338834395519175,25.10693322506205,0.11158637907581295,4.206673622131348,19950,0.10943775100401607,0.2020582329317269,0.014156626506024096,6.704568273092369,1.1528822055137844,0.018528735632183907,0.9488450120625966,8.35913654618474,5.05
QI-MRFO,n50 m10 bimodal high,50,10,27,20000,26.469479469288345,26.469479469288345,15.736612697176732,25.10693322506205,0.05426972032036887,4.243061065673828,19950,0.11079317269076305,0.17153614457831326,0.02635542168674699,6.77921686746988,1.2531328320802004,0.017149425287356322,0.9520969953207429,8.68152610441767,4.876907630522088
QI-MRFO,n50 m10 bimodal high,50,10,28,20000,27.908524993344948,27.908524993344948,16.330764275123485,25.10693322506205,0.11158637907581295,5.739190578460693,19950,0.07745983935742971,0.25376506024096385,0.01882530120481928,7.26425702811245,1.3533834586466165,0.035034482758620686,0.9388831384596082,8.896385542168675,5.632128514056225
QI-MRFO,n50 m10 bimodal high,50,10,29,20000,27.06024893394277,27.06024893394277,16.044878594081666,25.10693322506205,0.07779985278850766,6.9312744140625,19950,0.12038152610441767,0.14673694779116467,0.028463855421686748,6.738805220883534,2.0050125313283207,0.013241379310344827,0.9432550399162947,8.526606425702811,4.951004016064257
QI-MRFO unsigned,n50 m10 bimodal high,50,10,0,20000,26.469479469288345,26.469479469288345,15.78786864948254,25.10693322506205,0.05426972032036887,5.3060667514801025,19950,0.13062248995983936,0.13785140562248996,0.028714859437751004,6.478062248995984,1.8546365914786966,0.01701149425287356,0.9522733514730876,8.122289156626506,4.833835341365462
QI-MRFO unsigned,n50 m10 bimodal high,50,10,1,20000,26.12823470889463,26.12823470889463,15.686922342072974,25.10693322506205,0.04067806588233981,4.057407379150391,19950,0.16947791164658635,0.08017068273092369,0.025050200803212852,5.956626506024096,1.8546365914786966,0.006666666666666666,0.9540813139787782,7.635542168674699,4.277710843373494
QI-MRFO unsigned,n50 m10 bimodal high,50,10,2,20000,26.70402954617669,26.70402954617669,15.979658362340555,25.10693322506205,0.06361176439981925,5.642674446105957,19950,0.14949799196787147,0.10828313253012048,0.03172690763052209,6.107781124497992,2.155388471177945,0.010574712643678161,0.9555283208456367,7.749096385542169,4.4664658634538155
QI-MRFO unsigned,n50 m10 bimodal high,50,10,3,20000,28.36906024776471,28.36906024776471,16.618281076534352,25.10693322506205,0.12992933041484991,6.016616106033325,19950,0.12399598393574297,0.217570281124498,0.014558232931726908,6.315763052208835,0.8521303258145363,0.020689655172413793,0.9514288282469524,7.991666666666666,4.639859437751004
QI-MRFO unsigned,n50 m10 bimodal high,50,10,4,20000,27.06024893394277,27.06024893394277,16.15449964890698,25.10693322506205,0.07779985278850766,9.456530094146729,19950,0.15903614457831325,0.10321285140562249,0.023493975903614458,6.17464859437751,1.7042606516290726,0.009241379310344827,0.9515188955238251,7.73433734939759,4.61495983935743
QI-MRFO unsigned,n50 m10 bimodal high,50,10,5,20000,27.29735683508133,27.29735683508133,16.181598027977184,25.10693322506205,0.08724377407563152,5.129378318786621,19950,0.15758032128514057,0.14066265060240965,0.025502008032128515,6.321736947791164,1.8045112781954886,0.010666666666666666,0.9529536597678713,8.06355421686747,4.57991967871486
QI-MRFO unsigned,n50 m10 bimodal high,50,10,6,20000,30.889202035433225,30.889202035433225,17.35443147972987,25.10693322506205,0.23030565933872174,5.492773532867432,19950,0.12018072289156627,0.2876506024096386,0.0125,6.57218875502008,0.8521303258145363,0.02960919540229885,0.949445939199082,8.051004016064256,5.093373493975903
QI-MRFO unsigned,n50 m10 bimodal high,50,10,7,20000,27.60550768949869,27.60550768949869,16.203214888775356,25.10693322506205,0.09951731029987096,4.651598930358887,19950,0.08775100401606425,0.27776104417670683,0.018724899598393574,6.649799196787149,1.3533834586466165,0.029057471264367817,0.946605407940762,8.249497991967871,5.050100401606426
QI-MRFO unsigned,n50 m10 bimodal high,50,10,8,20000,26.620960550097294,26.620960550097294,15.928318292172085,25.10693322506205,0.06030315656091055,4.873855113983154,19950,0.12113453815261044,0.20130522088353414,0.024347389558232933,6.466666666666667,1.4536340852130325,0.018620689655172412,0.9457092658325035,7.955823293172691,4.9775100401606425
QI-MRFO unsigned,n50 m10 bimodal high,50,10,9,20000,30.11550731086301,30.11550731086301,17.288012644487395,25.10693322506205,0.19948968043621265,6.038095474243164,19950,0.11440763052208835,0.2141566265060241,0.025652610441767067,6.566516064257028,1.7042606516290726,0.022344827586206897,0.9475095782265546,8.190763052208835,4.942269076305221
QI-MRFO unsigned,n50 m10 bimodal high,50,10,10,20000,31.226684755215157,31.226684755215157,17.449138300732518,25.10693322506205,0.24374747307027905,7.480579137802124,19950,0.11315261044176707,0.29422690763052206,0.008785140562248996,6.5328313253012045,0.8020050125313283,0.025057471264367814,0.9502298807641198,8.08363453815261,4.982028112449799
QI-MRFO unsigned,n50 m10 bimodal high,50,10,11,20000,28.34580799314488,28.34580799314488,16.652116733200465,25.10693322506205,0.1290032015877489,5.6939356327056885,19950,0.12058232931726907,0.20702811244979918,0.026204819277108434,6.496335341365461,1.6541353383458646,0.019770114942528737,0.9550750503316536,8.26004016064257,4.732630522088353
QI-MRFO unsigned,n50 m10 bimodal high,50,10,12,20000,30.24917514033006,30.24917514033006,17.23613016375633,25.10693322506205,0.2048136213679399,5.7851386070251465,19950,0.10677710843373495,0.2333835341365462,0.010642570281124497,6.582028112449799,0.7017543859649122,0.020781609195402298,0.9469268213715905,8.315863453815261,4.848192771084338
QI-MRFO unsigned,n50 m10 bimodal high,50,10,13,20000,27.908524993344948,27.908524993344948,16.36388750373435,25.10693322506205,0.11158637907581295,5.679214239120483,19950,0.14191767068273092,0.19096385542168676,0.021586345381526106,6.399246987951807,1.2531328320802004,0.014574712643678161,0.9485295114966613,8.137048192771084,4.66144578313253
QI-MRFO unsigned,n50 m10 bimodal high,50,10,14,20000,27.06024893394277,27.06024893394277,16.077082309056763,25.10693322506205,0.07779985278850766,6.30242657661438,19950,0.08855421686746988,0.2217871485943775,0.025100401606425703,6.815210843373494,1.3533834586466165,0.033379310344827585,0.9461678580146183,8.395281124497991,5.235140562248996
QI-MRFO unsigned,n50 m10 bimodal high,50,10,15,20000,31.239976668606705,31.239976668606705,17.597208495061786,25.10693322506205,0.24427688513635645,5.152445077896118,19950,0.09081325301204819,0.26832329317269077,0.010943775100401607,6.848845381526105,0.6015037593984962,0.035080459770114945,0.9394529036656524,8.34136546184739,5.356325301204819
QI-MRFO unsigned,n50 m10 bimodal high,50,10,16,20000,28.36906024776471,28.36906024776471,16.58685073006364,25.10693322506205,0.12992933041484991,4.727172613143921,19950,0.11892570281124498,0.203714859437751,0.02570281124497992,6.272038152610442,1.3533834586466165,0.017241379310344827,0.9523987412446645,7.892971887550201,4.651104417670683
QI-MRFO unsigned,n50 m10 bimodal high,50,10,17,20000,31.134220162926333,31.134220162926333,17.317437027540727,25.10693322506205,0.2400646420586235,5.037571668624878,19950,0.1288152610441767,0.3441767068273092,0.014056224899598393,6.507781124497992,1.1528822055137844,0.021195402298850575,0.9514499360850994,8.191164658634538,4.824397590361446
QI-MRFO unsigned,n50 m10 bimodal high,50,10,18,20000,26.914061026553256,26.914061026553256,16.012425051873386,25.10693322506205,0.07197724171613712,8.794857501983643,19950,0.12113453815261044,0.18795180722891566,0.022690763052208834,6.387299196787149,1.1528822055137844,0.015954022988505748,0.9541451879227344,8.205120481927711,4.569477911646587
QI-MRFO unsigned,n50 m10 bimodal high,50,10,19,20000,29.758118635547262,29.758118635547262,17.05083941556442,25.10693322506205,0.18525501975057396,9.015100955963135,19950,0.06977911646586345,0.30677710843373496,0.006726907630522088,6.844377510040161,0.15037593984962405,0.04170114942528736,0.9420153203313466,8.2535140562249,5.4352409638554215
QI-MRFO unsigned,n50 m10 bimodal high,50,10,20,20000,30.11550731086301,30.11550731086301,17.16212807261695,25.10693322506205,0.19948968043621265,5.598933458328247,19950,0.12846385542168676,0.2325301204819277,0.01390562248995984,6.466265060240964,0.9022556390977443,0.019862068965517243,0.9538482690032086,8.144477911646586,4.788052208835341
QI-MRFO unsigned,n50 m10 bimodal high,50,10,21,20000,30.231095373100487,30.231095373100487,17.251936564973835,25.10693322506205,0.20409351082845256,8.014172315597534,19950,0.116214859437751,0.2556726907630522,0.006576305220883534,6.401355421686747,0.5513784461152882,0.025011494252873565,0.947814660425199,8.00301204819277,4.799698795180723
QI-MRFO unsigned,n50 m10 bimodal high,50,10,22,20000,30.24917514033006,30.24917514033006,17.193658269080263,25.10693322506205,0.2048136213679399,5.995052099227905,19950,0.12745983935742972,0.22153614457831325,0.024096385542168676,6.474146586345381,2.055137844611529,0.018482758620689654,0.950794827720817,8.230722891566264,4.717570281124498
QI-MRFO unsigned,n50 m10 bimodal high,50,10,23,20000,26.70402954617669,26.70402954617669,15.926436677447704,25.10693322506205,0.06361176439981925,7.572443962097168,19950,0.14497991967871485,0.11546184738955824,0.02635542168674699,6.470030120481928,2.0050125313283207,0.011724137931034481,0.9476489902682704,8.167871485943776,4.77218875502008
QI-MRFO unsigned,n50 m10 bimodal high,50,10,24,20000,27.29735683508133,27.29735683508133,16.104086962823324,25.10693322506205,0.08724377407563152,6.21381402015686,19950,0.14427710843373495,0.1512550200803213,0.012650602409638554,6.100652610441767,0.8020050125313283,0.01439080459770115,0.9560286118857199,7.597489959839358,4.6038152610441765
QI-MRFO unsigned,n50 m10 bimodal high,50,10,25,20000,31.239976668606705,31.239976668606705,17.578757635092288,25.10693322506205,0.24427688513635645,4.984640121459961,19950,0.14236947791164659,0.24001004016064256,0.011194779116465863,6.369628514056225,1.5037593984962405,0.01710344827586207,0.9517637735347834,7.911646586345381,4.827610441767068
QI-MRFO unsigned,n50 m10 bimodal high,50,10,26,20000,26.71301190996199,26.71301190996199,15.831032440863474,25.10693322506205,0.06396952867571776,9.793100357055664,19950,0.14869477911646586,0.22896586345381525,0.019427710843373493,6.405371485943775,1.6040100250626566,0.030022988505747125,0.9381393404467535,7.914959839357429,4.895783132530121
QI-MRFO unsigned,n50 m10 bimodal high,50,10,27,20000,28.34580799314488,28.34580799314488,16.422671275580868,25.10693322506205,0.1290032015877489,8.18998098373413,19950,0.16606425702811245,0.15597389558232932,0.014608433734939759,6.392620481927711,1.3533834586466165,0.011954022988505748,0.9491414530035303,8.065562248995985,4.7196787148594375
QI-MRFO unsigned,n50 m10 bimodal high,50,10,28,20000,30.90278927709811,30.90278927709811,17.499804082576293,25.10693322506205,0.23084683422229213,7.649247169494629,19950,0.1358433734939759,0.22299196787148595,0.012951807228915663,6.309136546184739,0.7518796992481203,0.017241379310344827,0.9524146303474793,7.791465863453816,4.826807228915663
QI-MRFO unsigned,n50 m10 bimodal high,50,10,29,20000,26.71301190996199,26.71301190996199,15.909909307810203,25.10693322506205,0.06396952867571776,5.811065912246704,19950,0.13172690763052208,0.15356425702811244,0.02781124497991968,6.306777108433735,1.9548872180451127,0.018482758620689654,0.9531222291278484,7.984437751004016,4.629116465863453
P-MRFO (linear twin),n50 m10 bimodal high,50,10,0,20000,27.908524993344948,27.908524993344948,16.312220984395353,25.10693322506205,0.11158637907581295,5.638959884643555,19950,0.12434738955823293,0.1891566265060241,0.025,7.931425702811245,2.0050125313283207,0.02064367816091954,0.9501678053068889,9.613955823293173,6.248895582329317
P-MRFO (linear twin),n50 m10 bimodal high,50,10,1,20000,27.06024893394277,27.06024893394277,16.054149851962013,25.10693322506205,0.07779985278850766,5.455557107925415,19950,0.17018072289156627,0.1718875502008032,0.01892570281124498,7.279969879518072,1.3533834586466165,0.010666666666666666,0.9545625286005317,9.103714859437751,5.456224899598394
P-MRFO (linear twin),n50 m10 bimodal high,50,10,2,20000,28.36906024776471,28.36906024776471,16.499395125129276,25.10693322506205,0.12992933041484991,7.089314937591553,19950,0.12329317269076305,0.27876506024096387,0.01646586345381526,7.60456827309237,1.0526315789473684,0.02147126436781609,0.9517223779418823,9.176204819277109,6.032931726907631
P-MRFO (linear twin),n50 m10 bimodal high,50,10,3,20000,27.005482524600794,27.005482524600794,16.06665018396295,25.10693322506205,0.07561852666432346,6.458209753036499,19950,0.15828313253012047,0.16099397590361444,0.02213855421686747,7.663303212851406,1.7042606516290726,0.02110344827586207,0.9537884603202195,9.470381526104418,5.856224899598393
P-MRFO (linear twin),n50 m10 bimodal high,50,10,4,20000,31.120973246569477,31.120973246569477,17.495105553230594,25.10693322506205,0.23953702220803844,5.342470645904541,19950,0.16009036144578312,0.24186746987951807,0.017369477911646586,7.4788152610441765,1.0526315789473684,0.017149425287356322,0.9511881471427047,9.081927710843374,5.87570281124498
P-MRFO (linear twin),n50 m10 bimodal high,50,10,5,20000,30.429186698683818,30.429186698683818,17.30601753135658,25.10693322506205,0.21198341613100832,5.6933913230896,19950,0.1464859437751004,0.25341365461847387,0.021234939759036144,7.687098393574297,1.2030075187969924,0.017241379310344827,0.9551104730252803,9.408232931726907,5.965963855421687
P-MRFO (linear twin),n50 m10 bimodal high,50,10,6,20000,30.231095373100487,30.231095373100487,17.163863213515334,25.10693322506205,0.20409351082845256,5.896952390670776,19950,0.19272088353413655,0.20968875502008033,0.008082329317269077,7.399598393574297,0.7017543859649122,0.014574712643678161,0.9525890087578988,9.003815261044176,5.795381526104418
P-MRFO (linear twin),n50 m10 bimodal high,50,10,7,20000,25.707545974255517,25.707545974255517,15.576145275970571,25.10693322506205,0.02392218690389184,7.0058674812316895,19950,0.14076305220883534,0.14578313253012049,0.048594377510040164,7.908333333333333,2.857142857142857,0.014574712643678161,0.953522132245391,9.999497991967871,5.817168674698795
P-MRFO (linear twin),n50 m10 bimodal high,50,10,8,20000,29.88175125494343,29.88175125494343,17.01604444237968,25.10693322506205,0.19017926192256324,6.3439741134643555,19950,0.13313253012048193,0.30562248995983937,0.012248995983935742,7.710793172690763,0.8020050125313283,0.026206896551724135,0.9470625371725602,9.26265060240964,6.158935742971887
P-MRFO (linear twin),n50 m10 bimodal high,50,10,9,20000,26.6136285550893,26.6136285550893,15.827332820910538,25.10693322506205,0.06001112587192636,5.8481621742248535,19950,0.16626506024096385,0.14779116465863454,0.024397590361445783,7.762901606425703,1.2531328320802004,0.013149425287356322,0.9552901582089918,9.564156626506024,5.961646586345381
P-MRFO (linear twin),n50 m10 bimodal high,50,10,10,20000,28.36906024776471,28.36906024776471,16.589408071421317,25.10693322506205,0.12992933041484991,5.50189733505249,19950,0.14046184738955822,0.2883534136546185,0.02776104417670683,7.727961847389558,1.6541353383458646,0.03232183908045977,0.9470705666322092,9.466465863453815,5.989457831325301
P-MRFO (linear twin),n50 m10 bimodal high,50,10,11,20000,27.908524993344948,27.908524993344948,16.370532365267657,25.10693322506205,0.11158637907581295,5.3474037647247314,19950,0.13860441767068274,0.20296184738955822,0.022690763052208834,7.801706827309237,1.3533834586466165,0.017149425287356322,0.947152927399568,9.496084337349398,6.107329317269076
P-MRFO (linear twin),n50 m10 bimodal high,50,10,12,20000,26.37987249916972,26.37987249916972,15.788983301904342,25.10693322506205,0.05070070735827692,5.441451072692871,19950,0.15993975903614457,0.12680722891566265,0.03318273092369478,7.739759036144578,2.155388471177945,0.011356321839080459,0.9474256959896922,9.539859437751003,5.939658634538152
P-MRFO (linear twin),n50 m10 bimodal high,50,10,13,20000,27.06024893394277,27.06024893394277,16.020457439819467,25.10693322506205,0.07779985278850766,5.3501410484313965,19950,0.13734939759036144,0.153714859437751,0.036897590361445784,7.588855421686747,2.556390977443609,0.016873563218390803,0.9559847162217541,9.442469879518072,5.735240963855421
P-MRFO (linear twin),n50 m10 bimodal high,50,10,14,20000,31.21094013151547,31.21094013151547,17.56227144937674,25.10693322506205,0.2431203704465317,9.207408666610718,19950,0.11310240963855421,0.31947791164658634,0.01571285140562249,7.79508032128514,0.8020050125313283,0.0287816091954023,0.9502351480743081,9.4070281124498,6.183132530120482
P-MRFO (linear twin),n50 m10 bimodal high,50,10,15,20000,27.908524993344948,27.908524993344948,16.429923781471327,25.10693322506205,0.11158637907581295,5.4844255447387695,19950,0.12364457831325301,0.2767570281124498,0.0285140562248996,7.714357429718875,1.7543859649122806,0.018666666666666668,0.9508845579959261,9.289658634538153,6.139056224899599
P-MRFO (linear twin),n50 m10 bimodal high,50,10,16,20000,27.712910841682913,27.712910841682913,16.32140541028001,25.10693322506205,0.10379513870772329,5.557765007019043,19950,0.12956827309236948,0.218574297188755,0.030170682730923694,7.731325301204819,1.8045112781954886,0.02,0.9556009298158021,9.50933734939759,5.953313253012048
P-MRFO (linear twin),n50 m10 bimodal high,50,10,17,20000,27.06024893394277,27.06024893394277,16.1540259283879,25.10693322506205,0.07779985278850766,5.617213010787964,19950,0.1520582329317269,0.15180722891566265,0.023293172690763052,7.427510040160643,1.2531328320802004,0.015586206896551724,0.9505400964548733,9.018172690763052,5.836847389558233
P-MRFO (linear twin),n50 m10 bimodal high,50,10,18,20000,32.65781043593366,32.65781043593366,18.083919193574005,25.10693322506205,0.3007486873519954,5.007076263427734,19950,0.11455823293172691,0.3994979919678715,0.007028112449799197,8.074698795180723,0.3007518796992481,0.03094252873563218,0.9429876259874989,9.725100401606426,6.42429718875502
P-MRFO (linear twin),n50 m10 bimodal high,50,10,19,20000,29.758118635547262,29.758118635547262,17.0583538431738,25.10693322506205,0.18525501975057396,8.88131332397461,19950,0.1304718875502008,0.2923694779116466,0.005622489959839358,7.906024096385543,0.20050125313283207,0.03287356321839081,0.9392179886191104,9.489658634538152,6.322389558232932
P-MRFO (linear twin),n50 m10 bimodal high,50,10,20,20000,27.233441009174044,27.233441009174044,16.128560508281186,25.10693322506205,0.0846980300242041,4.757246732711792,19950,0.10351405622489959,0.32339357429718874,0.02284136546184739,8.104769076305221,1.4536340852130325,0.05894252873563218,0.9529777721689874,9.728714859437751,6.480823293172691
P-MRFO (linear twin),n50 m10 bimodal high,50,10,21,20000,27.908524993344948,27.908524993344948,16.28257293846193,25.10693322506205,0.11158637907581295,7.38716721534729,19950,0.12710843373493977,0.23694779116465864,0.014859437751004016,7.756275100401607,1.0025062656641603,0.02528735632183908,0.9504571114935499,9.580522088353414,5.9320281124497996
P-MRFO (linear twin),n50 m10 bimodal high,50,10,22,20000,25.7948691902419,25.7948691902419,15.59821538020621,25.10693322506205,0.027400238771222926,5.56891131401062,19950,0.1953313253012048,0.11320281124497993,0.02650602409638554,7.627761044176707,1.6541353383458646,0.004,0.9579539450201323,9.586244979919678,5.669277108433735
P-MRFO (linear twin),n50 m10 bimodal high,50,10,23,20000,31.764974771456735,31.764974771456735,17.728788774956094,25.10693322506205,0.2651873682345459,5.75006103515625,19950,0.0980421686746988,0.33112449799196786,0.014357429718875502,7.840562248995984,0.9022556390977443,0.029885057471264367,0.9530310260256323,9.547590361445783,6.133534136546185
P-MRFO (linear twin),n50 m10 bimodal high,50,10,24,20000,28.36906024776471,28.36906024776471,16.492917421870875,25.10693322506205,0.12992933041484991,9.278180599212646,19950,0.16355421686746988,0.18263052208835343,0.02389558232931727,7.616566265060241,1.5037593984962405,0.012,0.9511226048349791,9.29277108433735,5.940361445783132
P-MRFO (linear twin),n50 m10 bimodal high,50,10,25,20000,28.975613370618035,28.975613370618035,16.754567932477396,25.10693322506205,0.1540881202366134,7.72207236289978,19950,0.14292168674698796,0.19528112449799198,0.020431726907630524,7.989708835341365,1.4035087719298245,0.019816091954022987,0.9530086897644345,9.734939759036145,6.2444779116465865
P-MRFO (linear twin),n50 m10 bimodal high,50,10,26,20000,27.399293438570467,27.399293438570467,16.170327883142296,25.10693322506205,0.0913038718412711,6.756397724151611,19950,0.14477911646586344,0.1720883534136546,0.020130522088353413,7.87745983935743,1.4536340852130325,0.018574712643678163,0.9412651650245841,9.501706827309237,6.253212851405623
P-MRFO (linear twin),n50 m10 bimodal high,50,10,27,20000,29.758118635547262,29.758118635547262,17.086496356314143,25.10693322506205,0.18525501975057396,9.161775588989258,19950,0.13589357429718876,0.2920682730923695,0.011746987951807229,7.680471887550201,0.6015037593984962,0.025241379310344828,0.9533484227462069,9.191967871485943,6.168975903614458
P-MRFO (linear twin),n50 m10 bimodal high,50,10,28,20000,27.908524993344948,27.908524993344948,16.43154195582154,25.10693322506205,0.11158637907581295,5.284069299697876,19950,0.16817269076305222,0.14708835341365462,0.014608433734939759,7.516867469879518,0.6015037593984962,0.012,0.9461872993755983,9.00652610441767,6.027208835341366
P-MRFO (linear twin),n50 m10 bimodal high,50,10,29,20000,27.712910841682913,27.712910841682913,16.232649865838358,25.10693322506205,0.10379513870772329,6.007341623306274,19950,0.16917670682730923,0.18634538152610441,0.021937751004016064,7.460040160642571,1.6541353383458646,0.013333333333333332,0.9506869841238105,9.030522088353413,5.889558232931727
DMO,n50 m10 bimodal high,50,10,0,20000,37.419305341650386,37.419305341650386,20.043321279053004,25.10693322506205,0.4903972940947632,2.911633014678955,19929,0.05012569130216189,0.07365510306686777,0.2157365510306687,25.27164404223228,0.7024938531787847,0.7106666666666667,,27.462745098039214,23.08054298642534
DMO,n50 m10 bimodal high,50,10,1,20000,36.042391863059066,36.042391863059066,19.430153082097096,25.10693322506205,0.4355553320658497,3.7680039405822754,19929,0.04992458521870287,0.07978883861236802,0.2106586224233283,24.612267471091002,0.5017813236991319,0.6813793103448276,,26.819909502262444,22.404625439919556
DMO,n50 m10 bimodal high,50,10,2,20000,37.454098329528385,37.454098329528385,19.977399877483954,25.10693322506205,0.491783086121456,3.858541965484619,19929,0.0526395173453997,0.07621920563097034,0.21458019105077927,24.687581699346406,0.25089066184956593,0.6014252873563218,,26.62312719959779,22.752036199095024
DMO,n50 m10 bimodal high,50,10,3,20000,31.23888992523679,31.23888992523679,17.476115127022386,25.10693322506205,0.24423360054400214,3.673579216003418,19929,0.04841628959276018,0.07536450477626948,0.21171442936148818,24.94640522875817,0.3512469265893923,0.7183908045977012,,27.704374057315235,22.188436400201105
DMO,n50 m10 bimodal high,50,10,4,20000,40.328020534903686,40.328020534903686,21.253494295859657,25.10693322506205,0.6062503601454501,3.688026189804077,19929,0.05027652086475616,0.07953745600804424,0.20824534942182002,25.103418803418805,0.3512469265893923,0.7479080459770115,,27.22061337355455,22.986224233283057
DMO,n50 m10 bimodal high,50,10,5,20000,41.0214986113544,41.0214986113544,21.45428412779249,25.10693322506205,0.63387133918874,3.026258945465088,19929,0.049522373051784814,0.0832579185520362,0.2062845651080945,25.093815987933635,0.10035626473982638,0.748183908045977,,27.65801910507793,22.529612870789343
DMO,n50 m10 bimodal high,50,10,6,20000,41.16580206189258,41.16580206189258,21.539471942295464,25.10693322506205,0.6396188930315219,3.16542911529541,19930,0.05032679738562092,0.0792357968828557,0.2040221216691805,25.388536953242834,0.3010536879076769,0.7609195402298851,,27.7236802413273,23.05339366515837
DMO,n50 m10 bimodal high,50,10,7,20000,38.459384794939574,38.459384794939574,20.2177124211149,25.10693322506205,0.5318232796568296,5.323401689529419,19929,0.049773755656108594,0.08717948717948718,0.21075917546505782,25.008848667672197,0.4014250589593055,0.23618390804597703,,27.636601307189544,22.38109602815485
DMO,n50 m10 bimodal high,50,10,8,20000,35.1287799024314,35.1287799024314,18.95709978933421,25.10693322506205,0.39916650064474685,4.395954847335815,19929,0.049371543489190546,0.07561588738059326,0.21231774761186525,25.185671191553546,0.6021375884389583,0.7322298850574712,,27.795274007038714,22.576068376068378
DMO,n50 m10 bimodal high,50,10,9,20000,35.30152554426729,35.30152554426729,18.98852093988495,25.10693322506205,0.40604689660101034,3.4286885261535645,19929,0.05042735042735043,0.07415786827551533,0.2088486676721971,24.96701860231272,0.25089066184956593,0.7634942528735632,,26.56299648064354,23.3710407239819
DMO,n50 m10 bimodal high,50,10,10,20000,35.187073111117776,35.187073111117776,19.215271265516964,25.10693322506205,0.40148829790145796,4.815727949142456,19929,0.04786324786324787,0.07566616390145801,0.2158371040723982,24.552036199095024,0.7526719855486979,0.6926436781609194,,26.458722976370034,22.64534942182001
DMO,n50 m10 bimodal high,50,10,11,20000,33.9966157886507,33.9966157886507,18.511982940638823,25.10693322506205,0.35407281661604373,4.116618871688843,19929,0.04806435394670689,0.0755656108597285,0.21327300150829562,24.948064353946705,0.25089066184956593,0.6752183908045977,,27.461940673705378,22.434188034188033
DMO,n50 m10 bimodal high,50,10,12,20000,34.23424172276904,34.23424172276904,18.65712328481866,25.10693322506205,0.36353737096795236,4.202483892440796,19929,0.04866767219708396,0.07375565610859729,0.21372549019607842,25.803871292106585,0.20071252947965276,0.7074022988505747,,28.406636500754146,23.201106083459024
DMO,n50 m10 bimodal high,50,10,13,20000,31.901829634688593,31.901829634688593,17.693761406934417,25.10693322506205,0.27063824755959415,4.6799702644348145,19929,0.04972347913524384,0.07606837606837606,0.2075917546505782,25.249421820010056,0.5017813236991319,0.6812413793103448,,27.32106586224233,23.177777777777777
DMO,n50 m10 bimodal high,50,10,14,20000,35.02761330734202,35.02761330734202,19.073266500236855,25.10693322506205,0.39513707203303616,5.178157806396484,19929,0.049270990447461034,0.06963298139768728,0.21830065359477124,25.01161387631976,0.5017813236991319,0.6459770114942529,,27.83489190548014,22.188335847159376
DMO,n50 m10 bimodal high,50,10,15,20000,37.10225167795103,37.10225167795103,19.84237944150233,25.10693322506205,0.4777691622214977,3.5371599197387695,19929,0.049120160884866766,0.07405731523378582,0.20588235294117646,24.630367018602314,0.4516031913292187,0.6192183908045977,,27.08275515334339,22.177978883861236
DMO,n50 m10 bimodal high,50,10,16,20000,36.16472654625135,36.16472654625135,19.40037360087048,25.10693322506205,0.440427877911878,4.475339889526367,19929,0.04776269482151835,0.07642031171442937,0.2111111111111111,25.745399698340876,0.5519594560690451,0.7656551724137931,,27.866566113624938,23.624233283056814
DMO,n50 m10 bimodal high,50,10,17,20000,31.754139230192596,31.754139230192596,17.673933003782878,25.10693322506205,0.2647557925750654,7.09439492225647,19929,0.047058823529411764,0.07078934137757667,0.2207642031171443,24.763800904977376,1.0035626473982637,0.541103448275862,,27.64947209653092,21.87812971342383
DMO,n50 m10 bimodal high,50,10,18,20000,34.85063402551691,34.85063402551691,18.98978124845953,25.10693322506205,0.38808805173897454,4.046853065490723,19930,0.049371543489190546,0.07792860734037205,0.20899949723479136,24.536701860231272,0.2007024586051179,0.5314482758620689,,27.240623428858722,21.83278029160382
DMO,n50 m10 bimodal high,50,10,19,20000,31.318591471990725,31.318591471990725,17.670535419334882,25.10693322506205,0.24740808410356233,4.518918037414551,19929,0.046907993966817496,0.08139768728004022,0.20874811463046758,24.631573655103068,0.0,0.5859770114942529,,27.0,22.263147310206133
DMO,n50 m10 bimodal high,50,10,20,20000,33.398089685378935,33.398089685378935,18.488466613564054,25.10693322506205,0.3302337400587241,6.143806219100952,19929,0.0481649069884364,0.07440925087983911,0.21659125188536954,25.618149824032177,0.7526719855486979,0.752,,27.654901960784315,23.58139768728004
DMO,n50 m10 bimodal high,50,10,21,20000,33.23617416624667,33.23617416624667,18.57041430639675,25.10693322506205,0.3237847039426508,5.996780157089233,19929,0.05042735042735043,0.07692307692307693,0.21327300150829562,24.591050779286075,0.4014250589593055,0.5880459770114943,,27.48195072900955,21.700150829562595
DMO,n50 m10 bimodal high,50,10,22,20000,33.49681923593425,33.49681923593425,18.507919851232135,25.10693322506205,0.33416610207483677,3.9930341243743896,19929,0.047058823529411764,0.07928607340372046,0.2084967320261438,25.11985922574158,0.5519594560690451,0.6525977011494253,,27.54680744092509,22.69291101055807
DMO,n50 m10 bimodal high,50,10,23,20000,37.10225167795103,37.10225167795103,19.78368662866467,25.10693322506205,0.4777691622214977,4.447790622711182,19929,0.047058823529411764,0.08024132730015084,0.21367521367521367,25.51447963800905,0.5017813236991319,0.7224827586206897,,28.373755656108596,22.655203619909503
DMO,n50 m10 bimodal high,50,10,24,20000,34.17002835896736,34.17002835896736,18.49837227774238,25.10693322506205,0.36097977609063037,4.366206407546997,19929,0.05087983911513323,0.07521367521367521,0.21070889894419306,24.67134238310709,0.7526719855486979,0.6566896551724137,,27.52579185520362,21.81689291101056
DMO,n50 m10 bimodal high,50,10,25,20000,36.59711413241904,36.59711413241904,19.705786009272792,25.10693322506205,0.4576497178830008,5.684098720550537,19929,0.04947209653092006,0.0787833081950729,0.20889894419306185,24.858622423328306,0.4516031913292187,0.5687816091954023,,27.10105580693816,22.616189039718453
DMO,n50 m10 bimodal high,50,10,26,20000,33.4675256814761,33.4675256814761,18.43063968389667,25.10693322506205,0.3329993504769591,7.005160808563232,19929,0.0473604826546003,0.07692307692307693,0.21377576671694318,24.892458521870285,0.802850117918611,0.7232643678160919,,27.349522373051784,22.435394670688787
DMO,n50 m10 bimodal high,50,10,27,20000,33.85094834332271,33.85094834332271,18.38348510825736,25.10693322506205,0.3482709353578986,5.0988850593566895,19930,0.04957264957264957,0.07637003519356461,0.2150326797385621,25.24132730015083,0.6021073758153538,0.7230804597701149,,27.479135243841124,23.003519356460533
DMO,n50 m10 bimodal high,50,10,28,20000,35.571951099909285,35.571951099909285,19.149348026256565,25.10693322506205,0.416817847924211,7.559336423873901,19929,0.047561588738059324,0.0800402212166918,0.21689291101055808,25.186123680241327,0.3512469265893923,0.667080459770115,,27.49411764705882,22.87812971342383
DMO,n50 m10 bimodal high,50,10,29,20000,34.902365453988345,34.902365453988345,18.9127297593206,25.10693322506205,0.39014849568119986,8.895870208740234,19929,0.04846656611362494,0.07712418300653595,0.21367521367521367,25.68717948717949,0.4014250589593055,0.7341609195402299,,27.545098039215688,23.82926093514329
QI-DMO no-decoherence,n50 m10 bimodal high,50,10,0,20000,32.67105735229052,32.67105735229052,17.92628949559252,25.10693322506205,0.3012763072025804,10.202056407928467,19932,0.07275012569130217,0.7361488185017597,0.06978381096028155,5.669582704876823,0.9030704394942806,0.08891954022988506,0.9734464621617579,8.355253896430368,2.983911513323278
QI-DMO no-decoherence,n50 m10 bimodal high,50,10,1,20000,28.96176130148577,28.96176130148577,16.693506552637256,25.10693322506205,0.15353639737153488,11.689802169799805,19932,0.3288084464555053,0.41357466063348414,0.09185520361990951,3.914228255404726,1.053582179409994,0.018666666666666668,0.9949600504236138,6.95676219205631,0.8716943187531423
QI-DMO no-decoherence,n50 m10 bimodal high,50,10,2,20000,30.09448649310425,30.09448649310425,17.182523973248504,25.10693322506205,0.19865242892602913,12.723403453826904,19932,0.13403720462543992,0.6896430367018602,0.06772247360482654,4.474509803921569,0.6020469596628537,0.06501149425287356,0.9810142781608804,6.839718451483157,2.10930115635998
QI-DMO no-decoherence,n50 m10 bimodal high,50,10,3,20000,32.308144886865236,32.308144886865236,17.863803060895098,25.10693322506205,0.2868216359700534,10.705456256866455,19932,0.09406737053795877,0.736500754147813,0.06234288587229764,5.307139265962795,0.5017057997190447,0.10119540229885057,0.9752226232037299,7.698039215686275,2.916239316239316
QI-DMO no-decoherence,n50 m10 bimodal high,50,10,4,20000,28.675948856694067,28.675948856694067,16.432592143501243,25.10693322506205,0.14215259186133417,11.796099662780762,19932,0.07315233785822021,0.6881347410759175,0.08521870286576169,6.28763197586727,0.9030704394942806,0.0936551724137931,0.975835709609924,9.49703368526898,3.0782302664655607
QI-DMO no-decoherence,n50 m10 bimodal high,50,10,5,20000,32.37890344680504,32.37890344680504,18.070785427838647,25.10693322506205,0.28963992362412544,10.997809171676636,19932,0.04932126696832579,0.7955253896430367,0.0547008547008547,6.6943690296631475,0.35119405980333135,0.14188505747126437,0.9644100504634728,9.057214680744092,4.331523378582202
QI-DMO no-decoherence,n50 m10 bimodal high,50,10,6,20000,29.110417161121003,29.110417161121003,16.464993556328963,25.10693322506205,0.15945730608239422,10.175768852233887,19932,0.11246857717445953,0.7560583207642031,0.04645550527903469,4.440522875816994,0.5017057997190447,0.09273563218390805,0.981078678585649,6.305379587732529,2.575666163901458
QI-DMO no-decoherence,n50 m10 bimodal high,50,10,7,20000,30.24917514033006,30.24917514033006,17.25732016006626,25.10693322506205,0.2048136213679399,11.268871307373047,19932,0.4097536450477627,0.39406737053795876,0.07420814479638009,3.2510306686777275,0.9030704394942806,0.023908045977011495,0.9950140978154689,5.812870789341377,0.6891905480140774
QI-DMO no-decoherence,n50 m10 bimodal high,50,10,8,20000,32.47747306468978,32.47747306468978,18.048538259327337,25.10693322506205,0.29356591558025763,9.111680507659912,19932,0.15942684766214177,0.6342885872297637,0.077526395173454,5.343036701860231,0.5017057997190447,0.04850574712643678,0.988234912144518,9.13996983408748,1.5461035696329815
QI-DMO no-decoherence,n50 m10 bimodal high,50,10,9,20000,30.87106980898833,30.87106980898833,17.192425176434455,25.10693322506205,0.22958345936780714,8.905091524124146,19932,0.04022121669180493,0.822674710910005,0.053544494720965306,6.406636500754148,0.5017057997190447,0.1373793103448276,0.9643753391907539,8.460935143288085,4.352337858220211
QI-DMO no-decoherence,n50 m10 bimodal high,50,10,10,20000,28.726574683073007,28.726574683073007,16.691138949291158,25.10693322506205,0.14416900007515795,10.806597232818604,19932,0.2916540975364505,0.5049773755656108,0.07828054298642534,3.8803418803418803,1.1539233393538029,0.0343448275862069,0.9917337216404738,6.700251382604324,1.060432378079437
QI-DMO no-decoherence,n50 m10 bimodal high,50,10,11,20000,30.861581475728094,30.861581475728094,17.28408860054971,25.10693322506205,0.22920554251212502,9.972856998443604,19932,0.22931121166415283,0.5331322272498743,0.08712921065862242,4.974057315233786,0.6020469596628537,0.049379310344827586,0.9902557676251983,8.4885872297637,1.4595274007038712
QI-DMO no-decoherence,n50 m10 bimodal high,50,10,12,20000,31.939405975053198,31.939405975053198,17.926505387103166,25.10693322506205,0.27213489950142095,10.320940971374512,19932,0.08019105077928608,0.7324283559577677,0.07104072398190045,5.802815485168426,0.35119405980333135,0.10022988505747125,0.9736760334055585,8.540874811463047,3.064756158873806
QI-DMO no-decoherence,n50 m10 bimodal high,50,10,13,20000,31.75172785509988,31.75172785509988,17.765625186620124,25.10693322506205,0.26465974838396084,12.25205111503601,19932,0.0444947209653092,0.7543489190548014,0.07647058823529412,7.330266465560583,0.6020469596628537,0.15245977011494252,0.9639265762189535,10.380291603821016,4.280241327300151
QI-DMO no-decoherence,n50 m10 bimodal high,50,10,14,20000,30.081709037468176,30.081709037468176,16.765748205912043,25.10693322506205,0.19814350752485546,10.448184967041016,19932,0.11568627450980393,0.7083961789844143,0.0648064353946707,4.931473102061338,0.8027292795504716,0.06896551724137931,0.9788868800106596,7.535243841126194,2.327702362996481
QI-DMO no-decoherence,n50 m10 bimodal high,50,10,15,20000,28.906239214800216,28.906239214800216,16.64070588663908,25.10693322506205,0.1513249728941666,11.66579556465149,19932,0.22101558572146807,0.4987430869783811,0.10799396681749623,5.101860231271996,0.9030704394942806,0.04482758620689655,0.9880866886698975,8.875816993464053,1.3279034690799396
QI-DMO no-decoherence,n50 m10 bimodal high,50,10,16,20000,30.24917514033006,30.24917514033006,16.95906575335252,25.10693322506205,0.2048136213679399,10.503711938858032,19932,0.1300653594771242,0.7275012569130216,0.05475113122171946,4.591050779286073,0.8027292795504716,0.08574712643678162,0.9803933377068046,6.793665158371041,2.388436400201106
QI-DMO no-decoherence,n50 m10 bimodal high,50,10,17,20000,31.21094013151547,31.21094013151547,17.67740449738082,25.10693322506205,0.2431203704465317,8.547691583633423,19932,0.12543991955756661,0.6252388134741076,0.09079939668174962,5.683308195072901,0.7023881196066627,0.06528735632183907,0.9822938917271027,9.384514831573656,1.9821015585721469
QI-DMO no-decoherence,n50 m10 bimodal high,50,10,18,20000,30.66302781587573,30.66302781587573,17.301081732493806,25.10693322506205,0.22129722260413376,5.244287014007568,19932,0.11840120663650075,0.6592257415786827,0.08159879336349925,5.635495223730518,0.5017057997190447,0.0790344827586207,0.9796101183357203,8.728808446455504,2.5421820010055303
QI-DMO no-decoherence,n50 m10 bimodal high,50,10,19,20000,31.120973246569477,31.120973246569477,17.420261527292194,25.10693322506205,0.23953702220803844,10.66632628440857,19932,0.11669180492709905,0.7020110608345902,0.06943187531422826,4.969482151835093,0.05017057997190447,0.08013793103448276,0.9805546297361538,7.5989944695827045,2.3399698340874813
QI-DMO no-decoherence,n50 m10 bimodal high,50,10,20,20000,28.87850301852513,28.87850301852513,16.880720671421802,25.10693322506205,0.15022025030513292,8.603883981704712,19932,0.3497234791352438,0.3853192559074912,0.09924585218702865,4.501156359979889,0.953241019466185,0.026942528735632184,0.9952116232791403,8.238310708898943,0.7640020110608345
QI-DMO no-decoherence,n50 m10 bimodal high,50,10,21,20000,30.761706115262413,30.761706115262413,17.103006954501474,25.10693322506205,0.22522754330487876,10.823324203491211,19932,0.05766716943187532,0.7111111111111111,0.08285570638511815,6.569230769230769,0.35119405980333135,0.11383908045977012,0.9694863995638275,9.703770739064856,3.4346907993966815
QI-DMO no-decoherence,n50 m10 bimodal high,50,10,22,20000,30.962510857779915,30.962510857779915,17.40100416224867,25.10693322506205,0.23322552301500346,7.371389389038086,19932,0.09974861739567623,0.673202614379085,0.08622423328305681,6.062845651080945,0.2006823198876179,0.07475862068965516,0.9765444145418435,9.59175465057818,2.5339366515837103
QI-DMO no-decoherence,n50 m10 bimodal high,50,10,23,20000,36.6106635964092,36.6106635964092,19.577771581326637,25.10693322506205,0.45818938809555554,10.18210506439209,19932,0.04625439919557567,0.8146807440925088,0.052187028657616895,6.17526395173454,0.2006823198876179,0.13025287356321838,0.9643264162786999,8.335344394167924,4.015183509301156
QI-DMO no-decoherence,n50 m10 bimodal high,50,10,24,20000,31.393101563518954,31.393101563518954,17.457780448334404,25.10693322506205,0.25037579389353587,10.385215044021606,19932,0.14374057315233785,0.6109602815485169,0.09386626445449975,5.262946204122675,0.4515352197471403,0.05636781609195403,0.9852870476760711,8.69663147310206,1.829260935143288
QI-DMO no-decoherence,n50 m10 bimodal high,50,10,25,20000,32.093100290851716,32.093100290851716,17.735309429421825,25.10693322506205,0.27825648808497194,11.020941019058228,19932,0.0330316742081448,0.8293112116641529,0.049120160884866766,6.551885369532428,0.5518763796909493,0.1585287356321839,0.9604353248183377,8.391452991452992,4.712317747611865
QI-DMO no-decoherence,n50 m10 bimodal high,50,10,26,20000,30.531512228035833,30.531512228035833,17.092397021515442,25.10693322506205,0.21605900467202027,10.252837657928467,19932,0.08009049773755657,0.6660130718954248,0.09326294620412268,6.417445952740071,0.5518763796909493,0.10726436781609194,0.972279964174529,9.72357968828557,3.11131221719457
QI-DMO no-decoherence,n50 m10 bimodal high,50,10,27,20000,31.120973246569477,31.120973246569477,17.359438832049566,25.10693322506205,0.23953702220803844,7.3207831382751465,19932,0.43780794369029663,0.2757164404223228,0.10507792860734037,4.902312719959779,0.8027292795504716,0.00974712643678161,0.9973836628458507,9.374560080442434,0.4300653594771242
QI-DMO no-decoherence,n50 m10 bimodal high,50,10,28,20000,31.106256090119842,31.106256090119842,17.415219573126475,25.10693322506205,0.23895084323039478,7.8582446575164795,19932,0.17048768225238814,0.5959778783308195,0.08215183509301156,4.871845148315736,0.8528998595223761,0.0568735632183908,0.987917873516227,8.01649069884364,1.7271995977878332
QI-DMO no-decoherence,n50 m10 bimodal high,50,10,29,20000,31.920499303886682,31.920499303886682,17.75583377011019,25.10693322506205,0.27138185367949463,10.35232663154602,19932,0.1370537958773253,0.7151835093011564,0.05852187028657617,4.406837606837607,0.8027292795504716,0.07701149425287357,0.9802306728674357,6.451985922574158,2.361689291101056
QI-DMO,n50 m10 bimodal high,50,10,0,20000,30.08829297781483,30.08829297781483,17.04817268257674,25.10693322506205,0.19840574346931092,10.713266134262085,19929,0.0013574660633484162,0.34057315233785823,0.21679235796882856,12.480844645550528,1.053740779768177,0.25131034482758624,0.9048270338446242,14.658019105077928,10.303670186023128
QI-DMO,n50 m10 bimodal high,50,10,1,20000,27.908524993344948,27.908524993344948,16.36016518414488,25.10693322506205,0.11158637907581295,12.64229702949524,19929,0.0048265460030165915,0.13559577677224735,0.2988436400201106,11.478783308195073,1.304631441617743,0.22363218390804598,0.897074459002358,15.632176973353443,7.325389643036702
QI-DMO,n50 m10 bimodal high,50,10,2,20000,26.676147024534373,26.676147024534373,15.890326685552164,25.10693322506205,0.06250121372473776,13.155986547470093,19929,0.00563097033685269,0.22966314731020612,0.25857214680744095,11.292961287078935,1.555522103467309,0.16455172413793104,0.9285022618565467,14.435595776772248,8.15032679738562
QI-DMO,n50 m10 bimodal high,50,10,3,20000,30.214519968361046,30.214519968361046,16.985535898756115,25.10693322506205,0.20343331849867427,14.369718551635742,19929,0.0014077425842131724,0.2533433886375063,0.25635997988939163,13.253192559074913,0.9533845150283506,0.30110344827586205,0.887963088297898,16.421719457013573,10.084665661136249
QI-DMO,n50 m10 bimodal high,50,10,4,20000,30.649440574210843,30.649440574210843,17.02125423449744,25.10693322506205,0.2207560477205632,9.915103197097778,19929,0.002564102564102564,0.22664655605832076,0.2584213172448467,11.712971342383106,0.9533845150283506,0.27213793103448275,0.886360418607681,14.91975867269985,8.506184012066365
QI-DMO,n50 m10 bimodal high,50,10,5,20000,27.06024893394277,27.06024893394277,15.974478850853211,25.10693322506205,0.07779985278850766,11.383034944534302,19927,0.0020613373554550026,0.09044746103569633,0.3231774761186526,13.452237305178482,1.4051287198273699,0.20639080459770112,0.9027877553140481,18.116943187531422,8.787531422825541
QI-DMO,n50 m10 bimodal high,50,10,6,20000,31.882281848276275,31.882281848276275,17.800907088153625,25.10693322506205,0.2698596663510854,14.60930848121643,19929,0.002212166918049271,0.29617898441427853,0.23624937154348918,11.998541980894922,0.4516031913292187,0.26891954022988507,0.8988705400566593,14.87621920563097,9.120864756158873
QI-DMO,n50 m10 bimodal high,50,10,7,20000,30.397348081164253,30.397348081164253,17.165566398227828,25.10693322506205,0.21071529559895613,13.58568549156189,19929,0.0018099547511312218,0.31995977878330817,0.22815485168426344,13.419457013574661,0.5519594560690451,0.29236781609195406,0.8912781059771829,16.826445449974862,10.01246857717446
QI-DMO,n50 m10 bimodal high,50,10,8,20000,28.98583653496772,28.98583653496772,16.741730099255392,25.10693322506205,0.1544953051467752,12.885691404342651,19929,0.0021116138763197585,0.28878833584715935,0.23695324283559577,12.15771744595274,1.053740779768177,0.2986666666666667,0.881410566033709,15.073906485671191,9.241528406234288
QI-DMO,n50 m10 bimodal high,50,10,9,20000,30.24917514033006,30.24917514033006,16.97495484948552,25.10693322506205,0.2048136213679399,11.271162748336792,19929,0.0018099547511312218,0.2757164404223228,0.24710910005027653,12.190045248868778,0.5017813236991319,0.29714942528735633,0.8839164498517811,15.07843137254902,9.301659125188538
QI-DMO,n50 m10 bimodal high,50,10,10,20000,30.816705552642276,30.816705552642276,17.47832781254964,25.10693322506205,0.22741815085088368,17.740713596343994,19929,0.0026646556058320765,0.3473604826546003,0.2111111111111111,11.310859728506788,0.5017813236991319,0.3029425287356322,0.8881539544091536,12.821216691804928,9.800502765208648
QI-DMO,n50 m10 bimodal high,50,10,11,20000,30.231095373100487,30.231095373100487,17.024699573488853,25.10693322506205,0.20409351082845256,12.790814399719238,19929,0.003217697335344394,0.21860231271995978,0.2679738562091503,12.893413775766717,0.6523157208088715,0.21066666666666667,0.9130923461939184,17.554047259929614,8.23278029160382
QI-DMO,n50 m10 bimodal high,50,10,12,20000,27.877252200196107,27.877252200196107,16.2401707527394,25.10693322506205,0.11034079512222902,9.00712776184082,19929,0.0026646556058320765,0.1817496229260935,0.28376068376068375,12.893514328808447,1.1540970445080034,0.2977471264367816,0.8894677074570015,16.823428858722977,8.963599798893917
QI-DMO,n50 m10 bimodal high,50,10,13,20000,29.760665106740422,29.760665106740422,16.99187704928923,25.10693322506205,0.18535644477012267,16.100393056869507,19929,0.001558572146807441,0.2343891402714932,0.26415284062342886,12.25686274509804,0.9032063826584374,0.33094252873563224,0.88653260146696,15.109904474610357,9.403821015585722
QI-DMO,n50 m10 bimodal high,50,10,14,20000,27.908524993344948,27.908524993344948,16.29632413389116,25.10693322506205,0.11158637907581295,14.055972337722778,19928,0.003217697335344394,0.1665158371040724,0.28330819507290095,12.36923076923077,0.8028904054596547,0.2149425287356322,0.9158353757933606,16.663750628456512,8.074710910005027
QI-DMO,n50 m10 bimodal high,50,10,15,20000,30.106747235755925,30.106747235755925,17.101865126903434,25.10693322506205,0.1991407698373531,11.202736377716064,19929,0.00130718954248366,0.3032679738562091,0.2358974358974359,13.096178984414278,0.6523157208088715,0.2676781609195402,0.8884696290079576,16.704474610356964,9.487883358471594
QI-DMO,n50 m10 bimodal high,50,10,16,20000,27.60550768949869,27.60550768949869,16.07660226997886,25.10693322506205,0.09951731029987096,11.951497793197632,19928,0.003368526897938663,0.13308195072900955,0.30040221216691804,13.04514831573655,1.1039743075070252,0.24717241379310345,0.8887158411636161,17.267068878833584,8.823227752639518
QI-DMO,n50 m10 bimodal high,50,10,17,20000,29.894998171300283,29.894998171300283,16.794878937511832,25.10693322506205,0.19070688177314812,7.6321258544921875,19929,0.0010558069381598793,0.2412770236299648,0.258974358974359,13.573102061337355,1.4551658387274826,0.25829885057471264,0.8950719254712907,17.822121669180493,9.324082453494219
QI-DMO,n50 m10 bimodal high,50,10,18,20000,29.758118635547262,29.758118635547262,17.136488430490978,25.10693322506205,0.18525501975057396,13.608761310577393,19929,0.0024635495223730517,0.22011060834590246,0.27194570135746604,12.370739064856712,0.4516031913292187,0.2289655172413793,0.9024682650445613,16.273001508295625,8.468476621417798
QI-DMO,n50 m10 bimodal high,50,10,19,20000,27.60550768949869,27.60550768949869,16.229124362710696,25.10693322506205,0.09951731029987096,7.921769857406616,19926,0.00261437908496732,0.11573655103066868,0.3092006033182504,11.592056309703368,0.7527853056308341,0.22413793103448276,0.9021616536912025,15.36088486676722,7.823227752639517
QI-DMO,n50 m10 bimodal high,50,10,20,20000,26.914061026553256,26.914061026553256,15.935354617489875,25.10693322506205,0.07197724171613712,7.739268779754639,19927,0.00392156862745098,0.0939165409753645,0.3159376571141277,12.413574660633484,1.204396045566317,0.16427586206896552,0.9204405169913298,16.519457013574662,8.307692307692308
QI-DMO,n50 m10 bimodal high,50,10,21,20000,31.75172785509988,31.75172785509988,17.456512727053756,25.10693322506205,0.26465974838396084,18.512037992477417,19929,0.001910507792860734,0.2811965811965812,0.24469582704876822,12.404927099044746,0.802850117918611,0.34193103448275863,0.8596630709696028,15.342986425339367,9.466867772750126
QI-DMO,n50 m10 bimodal high,50,10,22,20000,32.03182350706055,32.03182350706055,17.93115733930233,25.10693322506205,0.2758158561192169,10.014329433441162,19929,0.0024132730015082957,0.35525389643036703,0.21367521367521367,11.801860231271997,0.4014250589593055,0.2892873563218391,0.8846964346233278,14.425238813474108,9.178481649069884
QI-DMO,n50 m10 bimodal high,50,10,23,20000,28.328654103534788,28.328654103534788,16.379903230994184,25.10693322506205,0.12831996841640445,11.275809049606323,19929,0.0026646556058320765,0.1547008547008547,0.29160382101558574,12.896681749622926,0.9032063826584374,0.2182528735632184,0.9093767596146765,17.842031171442937,7.951332327802916
QI-DMO,n50 m10 bimodal high,50,10,24,20000,32.498249255173995,32.498249255173995,17.976019864627343,25.10693322506205,0.2943934236752517,12.970362186431885,19929,0.0026646556058320765,0.2876822523881347,0.2350930115635998,11.919507290095526,0.7024938531787847,0.28257471264367817,0.8840460845101865,14.444343891402715,9.394670688788336
QI-DMO,n50 m10 bimodal high,50,10,25,20000,31.77514400607504,31.77514400607504,17.56833956027549,25.10693322506205,0.26559240514316174,15.660059690475464,19929,0.0010558069381598793,0.3340372046254399,0.22101558572146807,12.535545500251382,0.4516031913292187,0.3107126436781609,0.8770505287124971,15.25781799899447,9.813273001508296
QI-DMO,n50 m10 bimodal high,50,10,26,20000,29.758118635547262,29.758118635547262,17.023293909128917,25.10693322506205,0.18525501975057396,11.942546367645264,19929,0.002815485168426345,0.23821015585721467,0.26189039718451484,12.472398190045249,0.802850117918611,0.23356321839080463,0.8993258493571873,16.82875816993464,8.116038210155857
QI-DMO,n50 m10 bimodal high,50,10,27,20000,30.090024954882264,30.090024954882264,16.918287203746427,25.10693322506205,0.1984747274846786,9.167368650436401,19929,0.0032679738562091504,0.3093011563599799,0.2257918552036199,11.406184012066365,0.802850117918611,0.28717241379310343,0.8880332693724396,14.57114127702363,8.2412267471091
QI-DMO,n50 m10 bimodal high,50,10,28,20000,30.24917514033006,30.24917514033006,16.809331154219905,25.10693322506205,0.2048136213679399,13.117405891418457,19929,0.002865761689291101,0.23780794369029662,0.25937657114127705,12.16671694318753,0.6021375884389583,0.28151724137931033,0.8966911872305835,15.54218200100553,8.791251885369533
QI-DMO,n50 m10 bimodal high,50,10,29,20000,29.97907555971308,29.97907555971308,16.936608211897315,25.10693322506205,0.19405565351118223,12.657404899597168,19929,0.004374057315233786,0.22885872297637003,0.2618401206636501,10.869532428355958,0.7526719855486979,0.2034942528735632,0.9075799030301847,13.726495726495726,8.012569130216189
P-DMO (linear twin),n50 m10 bimodal high,50,10,0,20000,31.020046595728303,31.020046595728303,17.140903175571573,25.10693322506205,0.23551715048828464,13.04662036895752,19929,0.0022624434389140274,0.2736551030668678,0.26440422322775264,14.658421317244846,0.4014250589593055,0.2574712643678161,0.9068101547655559,19.720965309200604,9.59587732528909
P-DMO (linear twin),n50 m10 bimodal high,50,10,1,20000,29.758118635547262,29.758118635547262,17.08358737218874,25.10693322506205,0.18525501975057396,12.877470970153809,19926,0.002212166918049271,0.12543991955756661,0.3199095022624434,15.87938662644545,0.6022282445046673,0.28822988505747127,0.8898977667513274,21.586425339366517,10.172347913524384
P-DMO (linear twin),n50 m10 bimodal high,50,10,2,20000,31.37742361385779,31.37742361385779,17.603197403607563,25.10693322506205,0.24975134687244313,7.523301601409912,19927,0.002161890397184515,0.1844142785319256,0.29808949220713926,15.318451483157366,0.5018316856526321,0.3410114942528735,0.871282614507783,20.279336349924584,10.357566616390146
P-DMO (linear twin),n50 m10 bimodal high,50,10,3,20000,29.98325338282059,29.98325338282059,17.02089897734193,25.10693322506205,0.1942220546829246,11.360454559326172,19927,0.003117144293614882,0.18320764203117143,0.29949723479135243,15.034439416792358,0.8029306970442114,0.2935632183908046,0.8920682421375726,21.019909502262443,9.048969331322272
P-DMO (linear twin),n50 m10 bimodal high,50,10,4,20000,31.043899158351103,31.043899158351103,17.45341172780321,25.10693322506205,0.2364671893643585,7.325722694396973,19928,0.00130718954248366,0.22337858220211163,0.2846153846153846,16.55917546505782,0.6523484544359694,0.3120919540229885,0.8919253947292982,22.021116138763198,11.097234791352438
P-DMO (linear twin),n50 m10 bimodal high,50,10,5,20000,29.28719933507152,29.28719933507152,16.77530148713862,25.10693322506205,0.16649847564164771,8.297107458114624,19928,0.0030165912518853697,0.14715937657114128,0.3153343388637506,15.309351432880845,0.95343235648334,0.29328735632183905,0.8828157286669751,21.226143790849672,9.392559074912016
P-DMO (linear twin),n50 m10 bimodal high,50,10,6,20000,28.328654103534788,28.328654103534788,16.37933032774055,25.10693322506205,0.12831996841640445,15.83356761932373,19927,0.005530417295123178,0.10950226244343891,0.32805429864253394,15.196430367018602,1.1542128770010538,0.15457471264367817,0.9269950190270241,21.1253896430367,9.267471091000504
P-DMO (linear twin),n50 m10 bimodal high,50,10,7,20000,29.81459542305856,29.81459542305856,17.111321327008078,25.10693322506205,0.18750446961388587,19.792428970336914,19929,0.002011060834590246,0.28717948717948716,0.25485168426344895,14.251734539969835,0.30106879421947913,0.27204597701149424,0.9103170476501463,18.71774761186526,9.78572146807441
P-DMO (linear twin),n50 m10 bimodal high,50,10,8,20000,28.36906024776471,28.36906024776471,16.485531535944506,25.10693322506205,0.12992933041484991,13.104844331741333,19926,0.007440925087983911,0.10980392156862745,0.3309703368526898,14.926395173453997,0.9033423667570009,0.1840919540229885,0.9391449698463181,21.42051282051282,8.432277526395174
P-DMO (linear twin),n50 m10 bimodal high,50,10,9,20000,26.620960550097294,26.620960550097294,15.733114722076401,25.10693322506205,0.06030315656091055,11.34333324432373,19926,0.012217194570135747,0.0963298139768728,0.33619909502262446,14.194318753142282,1.756499046471946,0.1215632183908046,0.9421398112002312,20.52820512820513,7.8604323780794365
P-DMO (linear twin),n50 m10 bimodal high,50,10,10,20000,27.06024893394277,27.06024893394277,15.936759633365721,25.10693322506205,0.07779985278850766,11.824336290359497,19926,0.004725992961287079,0.0983911513323278,0.3359477124183007,14.359778783308196,1.2044564890093346,0.1751264367816092,0.9272903664654086,19.631975867269986,9.087581699346405
P-DMO (linear twin),n50 m10 bimodal high,50,10,11,20000,27.083485257001584,27.083485257001584,15.890055454352929,25.10693322506205,0.07872534706733975,16.331936597824097,19926,0.010256410256410256,0.13941679235796883,0.3143288084464555,14.648064353946706,1.6059419853457795,0.06671264367816092,0.9501684294530361,19.324384112619406,9.971744595274007
P-DMO (linear twin),n50 m10 bimodal high,50,10,12,20000,30.66302781587573,30.66302781587573,17.291484338109186,25.10693322506205,0.22129722260413376,8.38321852684021,19926,0.0026646556058320765,0.1717948717948718,0.3066867772750126,15.92071392659628,0.6524139315467229,0.240183908045977,0.9118836429316234,22.087983911513323,9.753443941679237
P-DMO (linear twin),n50 m10 bimodal high,50,10,13,20000,29.355744736315255,29.355744736315255,16.888056441184425,25.10693322506205,0.16922861399145273,19.830140113830566,19926,0.00261437908496732,0.13931623931623932,0.31794871794871793,15.676973353443941,0.7527853056308341,0.23563218390804597,0.9191680090238656,21.694117647058825,9.65982905982906
P-DMO (linear twin),n50 m10 bimodal high,50,10,14,20000,29.540948062138174,29.540948062138174,16.906752922603886,25.10693322506205,0.17660519496065075,16.106775760650635,19927,0.004022121669180492,0.2170940170940171,0.2812971342383107,14.156510809451985,0.8531138656094746,0.2578390804597701,0.9081313852525807,19.077626948215183,9.235394670688787
P-DMO (linear twin),n50 m10 bimodal high,50,10,15,20000,29.758118635547262,29.758118635547262,16.914817682555263,25.10693322506205,0.18525501975057396,9.190789461135864,19926,0.0036701860231271996,0.1404725992961287,0.3191553544494721,15.434791352438411,0.6524139315467229,0.29572413793103447,0.8954150297121404,21.20191050779286,9.667672197083961
P-DMO (linear twin),n50 m10 bimodal high,50,10,16,20000,31.77279585994328,31.77279585994328,17.63573722090989,25.10693322506205,0.265498879338528,9.659147024154663,19928,0.0016591251885369532,0.1822021116138763,0.3007038712921066,15.447963800904978,0.4516258530710558,0.3158620689655172,0.8790005295281408,21.280844645550527,9.615082956259426
P-DMO (linear twin),n50 m10 bimodal high,50,10,17,20000,27.908524993344948,27.908524993344948,16.313076833014975,25.10693322506205,0.11158637907581295,8.353555679321289,19927,0.003217697335344394,0.17677224736048266,0.3009049773755656,14.665409753645047,0.8029306970442114,0.22147126436781608,0.916867485822633,20.791050779286074,8.539768728004022
P-DMO (linear twin),n50 m10 bimodal high,50,10,18,20000,28.071845493399934,28.071845493399934,16.15293133366525,25.10693322506205,0.1180913750699855,8.94641661643982,19928,0.0047762694821518355,0.14132730015082956,0.3155857214680744,14.847008547008548,0.602167804094741,0.20064367816091955,0.9248760684765874,21.176772247360482,8.517244846656611
P-DMO (linear twin),n50 m10 bimodal high,50,10,19,20000,29.396414641592738,29.396414641592738,16.75681945259391,25.10693322506205,0.1708484814962934,13.62332797050476,19927,0.002161890397184515,0.15002513826043237,0.31367521367521367,16.21995977878331,0.15054950569578962,0.247816091954023,0.9041998215162472,21.10306686777275,11.336852689793867
P-DMO (linear twin),n50 m10 bimodal high,50,10,20,20000,31.026476337592673,31.026476337592673,17.61307514829712,25.10693322506205,0.23577324476338915,11.751827955245972,19927,0.0011563599798893917,0.22538964303670186,0.28456510809451985,15.167068878833584,0.5018316856526321,0.3627126436781609,0.8739288325688194,19.74017094017094,10.593966817496229
P-DMO (linear twin),n50 m10 bimodal high,50,10,21,20000,29.996545296212137,29.996545296212137,16.858110383918877,25.10693322506205,0.19475146674900204,13.097017526626587,19927,0.0030165912518853697,0.1907993966817496,0.3011060834590246,14.708396178984414,0.5018316856526321,0.22101149425287356,0.9181343446219247,20.19155354449472,9.225238813474107
P-DMO (linear twin),n50 m10 bimodal high,50,10,22,20000,26.245522219973218,26.245522219973218,15.680921265611294,25.10693322506205,0.04534958470254796,13.665436506271362,19926,0.005027652086475616,0.07531422825540472,0.34479638009049773,14.922171945701358,1.5557562983037239,0.1624367816091954,0.929834217287212,20.54851684263449,9.295827048768226
P-DMO (linear twin),n50 m10 bimodal high,50,10,23,20000,31.75172785509988,31.75172785509988,17.78982961655807,25.10693322506205,0.26465974838396084,16.974103689193726,19926,0.002011060834590246,0.18878833584715937,0.29854198089492207,15.885922574157869,0.8531566797149452,0.239632183908046,0.9101626207514626,21.30910005027652,10.462745098039216
P-DMO (linear twin),n50 m10 bimodal high,50,10,24,20000,27.712910841682913,27.712910841682913,16.031840661338286,25.10693322506205,0.10379513870772329,17.17896819114685,19927,0.003117144293614882,0.12905982905982907,0.3205630970336853,14.775716440422324,1.4051287198273699,0.23627586206896553,0.9117317200719675,20.650779286073405,8.900653594771242
P-DMO (linear twin),n50 m10 bimodal high,50,10,25,20000,28.34580799314488,28.34580799314488,16.353269602125376,25.10693322506205,0.1290032015877489,16.050763368606567,19928,0.005077928607340372,0.15093011563599798,0.3136249371543489,14.962644544997486,1.0537936571657969,0.24804597701149425,0.8970828054406736,21.252488687782805,8.672800402212166
P-DMO (linear twin),n50 m10 bimodal high,50,10,26,20000,27.908524993344948,27.908524993344948,16.235938684635194,25.10693322506205,0.11158637907581295,17.973790884017944,19927,0.003117144293614882,0.10070387129210659,0.3334338863750628,16.017295123177476,1.1542128770010538,0.23517241379310344,0.9113386100276281,21.89250879839115,10.1420814479638
P-DMO (linear twin),n50 m10 bimodal high,50,10,27,20000,30.196026153378714,30.196026153378714,17.154009684084006,25.10693322506205,0.2026967165880964,12.860412836074829,19929,0.0030165912518853697,0.2504273504273504,0.2689291101055807,14.28677727501257,0.4014250589593055,0.2647816091954023,0.9036199097921681,20.120663650075414,8.452890899949724
P-DMO (linear twin),n50 m10 bimodal high,50,10,28,20000,26.277491958624715,26.277491958624715,15.651888268063308,25.10693322506205,0.046622927741497254,14.823490381240845,19926,0.0058823529411764705,0.06515837104072399,0.34705882352941175,15.00402212166918,1.2546421760513902,0.13075862068965516,0.9426051221439149,20.586726998491706,9.421317244846657
P-DMO (linear twin),n50 m10 bimodal high,50,10,29,20000,29.894998171300283,29.894998171300283,16.779845673062663,25.10693322506205,0.19070688177314812,13.98932671546936,19926,0.00522875816993464,0.17400703871292106,0.3016088486676722,14.886123680241328,0.9033423667570009,0.18675862068965518,0.9285975451021808,21.22473604826546,8.547511312217194
QI-DMO register-attractor,n50 m10 bimodal high,50,10,0,20000,34.32355615979084,34.32355615979084,18.76435469556491,25.10693322506205,0.367094732443413,19.231703281402588,19926,0.0,5.0276520864756156e-05,0.36163901458019104,45.01191553544495,0.7025996185887785,0.8971034482758621,0.10000000000000005,44.99145299145299,45.0323780794369
QI-DMO register-attractor,n50 m10 bimodal high,50,10,1,20000,34.65676841380282,34.65676841380282,18.65806622914782,25.10693322506205,0.38036645507974703,10.489182949066162,19926,0.0,0.0,0.3589240824534942,45.01593765711413,0.45167118337850043,0.9,0.10000000000000005,45.02936148818502,45.00251382604324
QI-DMO register-attractor,n50 m10 bimodal high,50,10,2,20000,34.76798438712093,34.76798438712093,18.916324878345293,25.10693322506205,0.38479614676375934,14.795248985290527,19926,0.0,0.0,0.3601809954751131,45.00125691302162,0.45167118337850043,0.8988505747126437,0.10000000000000005,45.005228758169935,44.9972850678733
QI-DMO register-attractor,n50 m10 bimodal high,50,10,3,20000,32.90935095973628,32.90935095973628,18.133297878068888,25.10693322506205,0.3107674547397832,18.62748694419861,19926,0.0,0.0,0.36118652589240824,45.02292609351433,0.35129980929438925,0.8999540229885058,0.10000000000000005,45.038411261940674,45.007440925087984
QI-DMO register-attractor,n50 m10 bimodal high,50,10,4,20000,31.828888081569865,31.828888081569865,17.618005964339364,25.10693322506205,0.2677330120828089,16.48797345161438,19926,0.0,0.0,0.35796882855706386,44.99582704876823,0.501856870420556,0.9050574712643679,0.10000000000000005,44.998089492207136,44.99356460532931
QI-DMO register-attractor,n50 m10 bimodal high,50,10,5,20000,33.62116166722833,33.62116166722833,18.3298721770025,25.10693322506205,0.3391186157960252,12.142250776290894,19928,0.0,0.0,0.36038210155857214,45.003217697335344,0.3010839020473705,0.8959080459770115,0.10000000000000005,45.03117144293615,44.97526395173454
QI-DMO register-attractor,n50 m10 bimodal high,50,10,6,20000,31.5896999482908,31.5896999482908,17.501669462035153,25.10693322506205,0.2582062359076803,12.704480171203613,19927,0.0,0.0,0.3611362493715435,45.00532931121167,0.35128217995684247,0.900551724137931,0.10000000000000005,44.99547511312217,45.01518350930116
QI-DMO register-attractor,n50 m10 bimodal high,50,10,7,20000,32.3975567744134,32.3975567744134,17.68943545309804,25.10693322506205,0.2903828788644629,15.007803201675415,19926,0.0,0.0,0.36334841628959275,45.00910005027652,0.35129980929438925,0.9017931034482758,0.10000000000000005,44.99969834087481,45.01850175967823
QI-DMO register-attractor,n50 m10 bimodal high,50,10,8,20000,33.699737520800404,33.699737520800404,18.70802972816367,25.10693322506205,0.3422482634064168,13.451258659362793,19928,0.0,0.0,0.3581699346405229,45.00110608345903,0.3010839020473705,0.899448275862069,0.10000000000000005,44.978280542986425,45.023931623931624
QI-DMO register-attractor,n50 m10 bimodal high,50,10,9,20000,33.892813037594365,33.892813037594365,18.54987636358901,25.10693322506205,0.34993839087292994,13.318723917007446,19926,0.0,0.0,0.3583710407239819,45.026998491704376,0.15055706112616682,0.8992183908045978,0.10000000000000005,45.04806435394671,45.005932629462045
QI-DMO register-attractor,n50 m10 bimodal high,50,10,10,20000,33.11527923566763,33.11527923566763,17.919643831812337,25.10693322506205,0.31896950291848264,12.209112644195557,19926,0.0,0.0,0.36279537456008043,45.0194067370538,0.501856870420556,0.9021149425287356,0.10000000000000005,45.03147310206134,45.00734037204626
QI-DMO register-attractor,n50 m10 bimodal high,50,10,11,20000,33.43423344031986,33.43423344031986,18.371978891622767,25.10693322506205,0.33167333264523896,10.662728309631348,19926,0.0,0.0,0.3628456510809452,44.98567119155354,0.35129980929438925,0.9011494252873562,0.10000000000000005,44.98722976370035,44.98411261940674
QI-DMO register-attractor,n50 m10 bimodal high,50,10,12,20000,35.468555223534025,35.468555223534025,18.93901395818047,25.10693322506205,0.41269962785135683,16.125627756118774,19926,0.0,0.0,0.3639517345399698,44.98712921065862,0.7025996185887785,0.9019310344827587,0.10000000000000005,44.97898441427853,44.99527400703871
QI-DMO register-attractor,n50 m10 bimodal high,50,10,13,20000,32.54166274651496,32.54166274651496,18.242010580795565,25.10693322506205,0.2961225672130864,17.93174910545349,19927,0.0,0.0,0.35857214680744093,44.99145299145299,0.4014653485221057,0.8977011494252873,0.10000000000000005,44.99265962795374,44.990246354952234
QI-DMO register-attractor,n50 m10 bimodal high,50,10,14,20000,33.3604365090693,33.3604365090693,18.128450297421974,25.10693322506205,0.3287340277692101,12.951415777206421,19926,0.0,0.0,0.3580191050779286,44.98934137757667,0.20074274816822243,0.9021149425287356,0.10000000000000005,45.01377576671695,44.9649069884364
QI-DMO register-attractor,n50 m10 bimodal high,50,10,15,20000,32.04327677784693,32.04327677784693,17.96941508828113,25.10693322506205,0.2762720357204333,15.028425693511963,19927,0.0,0.0,0.3597285067873303,45.015987933634996,0.35128217995684247,0.9022528735632185,0.10000000000000005,45.00754147812972,45.024434389140275
QI-DMO register-attractor,n50 m10 bimodal high,50,10,16,20000,32.12454718802557,32.12454718802557,17.96559423123059,25.10693322506205,0.2795090065384192,15.910305261611938,19926,0.0,0.0,0.35977878330819507,45.00482654600302,0.45167118337850043,0.9006896551724138,0.10000000000000005,44.98743086978381,45.022222222222226
QI-DMO register-attractor,n50 m10 bimodal high,50,10,17,20000,34.23423546481816,34.23423546481816,18.67550652395185,25.10693322506205,0.36353712171604957,13.79922366142273,19927,0.0,0.0,0.35761689291101056,45.02508798391151,0.4014653485221057,0.8997701149425288,0.10000000000000005,45.00130718954249,45.04886877828054
QI-DMO register-attractor,n50 m10 bimodal high,50,10,18,20000,32.145998427965075,32.145998427965075,17.764640429409933,25.10693322506205,0.28036340160719203,10.670036792755127,19926,0.0,0.0,0.35992961287078934,44.98371040723982,0.20074274816822243,0.9005977011494253,0.10000000000000005,45.001508295625946,44.96591251885369
QI-DMO register-attractor,n50 m10 bimodal high,50,10,19,20000,31.318591471990725,31.318591471990725,17.670535419334882,25.10693322506205,0.24740808410356233,13.090392112731934,19926,0.0,0.0,0.36344896933132226,44.986023127199594,0.0,0.9028505747126436,0.10000000000000005,44.9805932629462,44.99145299145299
QI-DMO register-attractor,n50 m10 bimodal high,50,10,20,20000,33.47483381019959,33.47483381019959,18.21759915215537,25.10693322506205,0.3332904305805298,9.11348009109497,19927,0.0,0.0,0.36163901458019104,45.01010558069382,0.4014653485221057,0.8985747126436782,0.10000000000000005,45.00693815987934,45.013273001508296
QI-DMO register-attractor,n50 m10 bimodal high,50,10,21,20000,33.78468391575853,33.78468391575853,18.59963536474185,25.10693322506205,0.3456316473584372,15.75853681564331,19926,0.0,0.0,0.3615887380593263,44.976269482151835,0.40148549633644487,0.900551724137931,0.10000000000000005,44.96440422322775,44.98813474107592
QI-DMO register-attractor,n50 m10 bimodal high,50,10,22,20000,33.089121814415904,33.089121814415904,18.18406875526726,25.10693322506205,0.31792766236323655,16.673893690109253,19926,0.0,0.0,0.3636500754147813,45.0166918049271,0.501856870420556,0.8983448275862069,0.10000000000000005,45.015686274509804,45.017697335344394
QI-DMO register-attractor,n50 m10 bimodal high,50,10,23,20000,34.817363250395374,34.817363250395374,18.89224699737434,25.10693322506205,0.3867628888915932,15.794913291931152,19926,0.0,0.0,0.3598290598290598,45.03026646556059,0.40148549633644487,0.898712643678161,0.10000000000000005,45.02926093514329,45.03127199597788
QI-DMO register-attractor,n50 m10 bimodal high,50,10,24,20000,33.15842247438641,33.15842247438641,18.371551772883652,25.10693322506205,0.32068788239287094,18.59843373298645,19927,0.0,0.0,0.36229260935143287,45.01458019105078,0.20073267426105285,0.9044597701149425,0.10000000000000005,45.019507290095525,45.00965309200603
QI-DMO register-attractor,n50 m10 bimodal high,50,10,25,20000,34.75386026695582,34.75386026695582,18.846025149904648,25.10693322506205,0.38423358820519293,15.885558605194092,19926,0.0,0.0,0.3646556058320764,44.99582704876823,0.40148549633644487,0.8971494252873563,0.10000000000000005,44.985620915032676,45.00603318250377
QI-DMO register-attractor,n50 m10 bimodal high,50,10,26,20000,34.48729645158451,34.48729645158451,18.498790196378163,25.10693322506205,0.3736164485895421,14.643154859542847,19926,0.0,0.0,0.3613373554550025,44.988536953242836,0.10037137408411122,0.9012413793103449,0.10000000000000005,44.99929612870789,44.977777777777774
QI-DMO register-attractor,n50 m10 bimodal high,50,10,27,20000,35.20911112319591,35.20911112319591,18.992955330940664,25.10693322506205,0.4023660638906603,13.986965417861938,19926,0.0,5.0276520864756156e-05,0.3566616390145802,44.99039718451483,0.30111412225233364,0.8971954022988505,0.10000000000000005,44.96359979889392,45.01719457013575
QI-DMO register-attractor,n50 m10 bimodal high,50,10,28,20000,31.096626027558838,31.096626027558838,17.52181934777462,25.10693322506205,0.23856728134831703,14.1036057472229,19927,0.0,5.0276520864756156e-05,0.3637506284565108,45.01860231271996,0.30109901139157924,0.9034022988505747,0.10000000000000005,45.00020110608346,45.03700351935646
QI-DMO register-attractor,n50 m10 bimodal high,50,10,29,20000,33.47086893907627,33.47086893907627,18.112077915412574,25.10693322506205,0.3331325112087061,17.365501642227173,19926,0.0,0.0,0.36470588235294116,45.02911010558069,0.45167118337850043,0.9040459770114943,0.10000000000000005,45.01116138763198,45.04705882352941
DMO greedy-next,n50 m10 bimodal high,50,10,0,20000,31.9458641202255,31.9458641202255,17.77810225967006,25.10693322506205,0.2723921250699287,5.9095587730407715,19932,0.041277023629964806,0.17762694821518352,0.025791855203619908,20.17928607340372,0.8528998595223761,0.232183908045977,,29.230165912518853,11.128406234288587
DMO greedy-next,n50 m10 bimodal high,50,10,1,20000,26.9943787835954,26.9943787835954,15.957058835654909,25.10693322506205,0.07517626870689564,5.82017183303833,19932,0.05203619909502263,0.03866264454499749,0.03494218200100553,18.92222222222222,1.1037527593818985,0.09903448275862069,,26.716540975364506,11.12790346907994
DMO greedy-next,n50 m10 bimodal high,50,10,2,20000,28.975613370618035,28.975613370618035,16.60336711887476,25.10693322506205,0.1540881202366134,7.1660284996032715,19932,0.04464555052790347,0.031121166415284063,0.02724987430869784,24.096681749622928,1.2040939193257074,0.5183908045977011,,27.994369029663147,20.198994469582704
DMO greedy-next,n50 m10 bimodal high,50,10,3,20000,30.879237871783253,30.879237871783253,17.63815282553269,25.10693322506205,0.22990879033203535,7.7552995681762695,19932,0.045600804424333834,0.03469079939668175,0.028456510809451985,20.00749120160885,0.9030704394942806,0.3474942528735632,,27.130819507290095,12.884162895927602
DMO greedy-next,n50 m10 bimodal high,50,10,4,20000,29.204172761408294,29.204172761408294,16.839352243495966,25.10693322506205,0.16319155747211408,8.830254554748535,19932,0.0424333836098542,0.07249874308697839,0.027199597787833082,19.48818501759678,0.7023881196066627,0.5337011494252873,,25.55736551030669,13.419004524886878
DMO greedy-next,n50 m10 bimodal high,50,10,5,20000,29.196662257914312,29.196662257914312,16.94592810294655,25.10693322506205,0.16289241685519135,8.257840394973755,19932,0.04429361488185018,0.06671694318753142,0.03499245852187029,20.864203117144292,1.0034115994380894,0.21085057471264368,,28.17506284565108,13.553343388637506
DMO greedy-next,n50 m10 bimodal high,50,10,6,20000,28.36906024776471,28.36906024776471,16.46195202987851,25.10693322506205,0.12992933041484991,8.220948934555054,19932,0.05434891905480141,0.03584715937657114,0.027853192559074914,19.089693313222725,0.7525586995785671,0.19935632183908045,,28.856913021618904,9.322473604826547
DMO greedy-next,n50 m10 bimodal high,50,10,7,20000,31.197352889850585,31.197352889850585,17.554249505805895,25.10693322506205,0.24257919556296115,8.974591255187988,19932,0.04328808446455505,0.040774258421317246,0.02865761689291101,26.11734539969834,0.8528998595223761,0.5852873563218391,,31.924183006535948,20.310507792860733
DMO greedy-next,n50 m10 bimodal high,50,10,8,20000,30.128754227219858,30.128754227219858,17.075382681023296,25.10693322506205,0.20001730028679743,6.787052154541016,19932,0.045449974861739566,0.037606837606837605,0.03157365510306687,23.04851684263449,0.5518763796909493,0.3449655172413793,,30.67682252388135,15.420211161387632
DMO greedy-next,n50 m10 bimodal high,50,10,9,20000,28.456379438263745,28.456379438263745,16.62037704330678,25.10693322506205,0.13340722194848698,8.474159955978394,19932,0.057114127702362995,0.05077928607340372,0.029763700351935644,18.81724484665661,1.053582179409994,0.06114942528735632,,29.629864253393666,8.004625439919558
DMO greedy-next,n50 m10 bimodal high,50,10,10,20000,29.027747520910133,29.027747520910133,16.936811452919883,25.10693322506205,0.1561646044421816,8.27804970741272,19932,0.04167923579688285,0.045600804424333834,0.02840623428858723,26.963046757164403,0.9030704394942806,0.4458390804597701,,31.663348416289594,22.262745098039215
DMO greedy-next,n50 m10 bimodal high,50,10,11,20000,29.24875790963403,29.24875790963403,16.704221346705037,25.10693322506205,0.1649673676766527,9.541816234588623,19932,0.05198592257415787,0.11251885369532429,0.02875816993464052,19.07028657616893,0.7525586995785671,0.2524137931034483,,26.724987430869785,11.415585721468075
DMO greedy-next,n50 m10 bimodal high,50,10,12,20000,27.561605124052992,27.561605124052992,16.252899962165376,25.10693322506205,0.0977686871186903,4.079135417938232,19932,0.07526395173453997,0.05520361990950226,0.028355957767722473,14.359074912016089,0.953241019466185,0.1434022988505747,,22.48446455505279,6.233685268979387
DMO greedy-next,n50 m10 bimodal high,50,10,13,20000,28.38593902116728,28.38593902116728,16.55280022970496,25.10693322506205,0.13060160580791633,6.770891427993774,19932,0.04524886877828054,0.01739567621920563,0.028808446455505277,21.61075917546506,1.254264499297612,0.36165517241379314,,28.419306184012065,14.80221216691805
DMO greedy-next,n50 m10 bimodal high,50,10,14,20000,29.88175125494343,29.88175125494343,17.088593215787455,25.10693322506205,0.19017926192256324,4.037728786468506,19932,0.04635495223730518,0.049120160884866766,0.0314228255404726,18.470437405731523,1.0034115994380894,0.20386206896551723,,25.236400201106083,11.704474610356963
DMO greedy-next,n50 m10 bimodal high,50,10,15,20000,29.88175125494343,29.88175125494343,16.79792962677337,25.10693322506205,0.19017926192256324,4.180992841720581,19932,0.04580191050779286,0.02513826043237808,0.03499245852187029,23.978381096028155,1.1037527593818985,0.41420689655172416,,30.170336852689793,17.786425339366517
DMO greedy-next,n50 m10 bimodal high,50,10,16,20000,30.431779157779978,30.431779157779978,17.3128683324821,25.10693322506205,0.212086672831973,6.8241777420043945,19932,0.04595274007038713,0.03408748114630467,0.03177476118652589,16.785872297637003,1.053582179409994,0.2711724137931034,,23.81277023629965,9.75897435897436
DMO greedy-next,n50 m10 bimodal high,50,10,17,20000,29.758118635547262,29.758118635547262,16.96960425226182,25.10693322506205,0.18525501975057396,4.251218318939209,19932,0.04725992961287079,0.03162393162393162,0.027752639517345398,23.22443438914027,1.2040939193257074,0.4382068965517242,,31.019205630970337,15.429663147310206
DMO greedy-next,n50 m10 bimodal high,50,10,18,20000,29.213379487640378,29.213379487640378,16.975954051796343,25.10693322506205,0.16355825802249802,6.728524923324585,19932,0.04504776269482152,0.052187028657616895,0.02905982905982906,22.200150829562595,0.4515352197471403,0.12464367816091954,,31.388335847159375,13.011965811965812
DMO greedy-next,n50 m10 bimodal high,50,10,19,20000,29.758118635547262,29.758118635547262,17.123756470258705,25.10693322506205,0.18525501975057396,7.729745149612427,19932,0.045198592257415786,0.14630467571644043,0.023730517848164906,15.446354952237305,0.35119405980333135,0.21154022988505747,,22.56128707893414,8.331422825540473
DMO greedy-next,n50 m10 bimodal high,50,10,20,20000,31.197352889850585,31.197352889850585,17.58302047795863,25.10693322506205,0.24257919556296115,5.503936290740967,19932,0.042634489693313224,0.04917043740573152,0.03102061337355455,20.982202111613876,1.0034115994380894,0.4100229885057471,,27.027450980392157,14.936953242835596
DMO greedy-next,n50 m10 bimodal high,50,10,21,20000,29.69648982232505,29.69648982232505,17.153255610445026,25.10693322506205,0.1828003665808792,9.9358389377594,19932,0.047561588738059324,0.07159376571141277,0.028054298642533938,20.192257415786827,0.8027292795504716,0.3293333333333333,,28.042433383609854,12.342081447963801
DMO greedy-next,n50 m10 bimodal high,50,10,22,20000,28.34580799314488,28.34580799314488,16.410875403716048,25.10693322506205,0.1290032015877489,6.201328277587891,19932,0.04645550527903469,0.06631473102061337,0.02921065862242333,17.16309703368527,0.8528998595223761,0.10786206896551724,,26.657415786827553,7.668778280542987
DMO greedy-next,n50 m10 bimodal high,50,10,23,20000,36.90653183700425,36.90653183700425,19.768549701641547,25.10693322506205,0.4699737122877157,6.995956182479858,19932,0.04198089492207139,0.07375565610859729,0.018250377073906487,19.48597285067873,0.4013646397752358,0.4548505747126437,,23.21196581196581,15.759979889391655
DMO greedy-next,n50 m10 bimodal high,50,10,24,20000,27.666971007373977,27.666971007373977,16.26781222098388,25.10693322506205,0.10196537185021329,7.083625555038452,19932,0.04771241830065359,0.02644544997486174,0.03333333333333333,18.679336349924586,0.7525586995785671,0.20491954022988504,,28.103770739064856,9.254901960784315
DMO greedy-next,n50 m10 bimodal high,50,10,25,20000,26.425345331537383,26.425345331537383,15.686024890893355,25.10693322506205,0.0525118736986673,11.72260856628418,19932,0.04695827048768225,0.019959778783308194,0.031825037707390647,21.951885369532427,1.5051173991571343,0.3641379310344828,,28.399195575666162,15.504575163398693
DMO greedy-next,n50 m10 bimodal high,50,10,26,20000,29.672727720232466,29.672727720232466,17.129621572947368,25.10693322506205,0.18185393071475503,6.966191530227661,19932,0.049773755656108594,0.08195072900955254,0.029260935143288085,16.834942182001004,1.1037527593818985,0.24271264367816092,,26.151533433886375,7.518350930115636
DMO greedy-next,n50 m10 bimodal high,50,10,27,20000,28.34503169088132,28.34503169088132,16.49620576510651,25.10693322506205,0.12897228175151876,5.5776941776275635,19932,0.04806435394670689,0.06415284062342885,0.028808446455505277,17.410206133735546,1.1037527593818985,0.25678160919540227,,24.17506284565108,10.64534942182001
DMO greedy-next,n50 m10 bimodal high,50,10,28,20000,28.497668014828058,28.497668014828058,16.40092443190209,25.10693322506205,0.13505173090520406,9.953485488891602,19932,0.04771241830065359,0.0473604826546003,0.03373554550025138,17.55485168426345,1.0034115994380894,0.22211494252873565,,25.932931121166416,9.176772247360482
DMO greedy-next,n50 m10 bimodal high,50,10,29,20000,30.924093041943,30.924093041943,17.432300262004656,25.10693322506205,0.2316953554117947,5.599939584732056,19932,0.04539969834087481,0.09974861739567623,0.03237807943690297,18.46968325791855,1.1539233393538029,0.22662068965517243,,26.653393665158372,10.285972850678734
QI-DMO greedy-next,n50 m10 bimodal high,50,10,0,20000,28.328654103534788,28.328654103534788,16.38005532084439,25.10693322506205,0.12831996841640445,10.64493179321289,19932,0.020864756158873805,0.3299145299145299,0.028908999497234793,7.744695827048768,1.3044350792695163,0.1465287356321839,0.9393976350527505,10.322373051784817,5.16701860231272
QI-DMO greedy-next,n50 m10 bimodal high,50,10,1,20000,27.619094490795767,27.619094490795767,16.143203360466675,25.10693322506205,0.10005846764375213,13.452411890029907,19932,0.011613876319758673,0.3352941176470588,0.03157365510306687,7.56807440925088,1.1539233393538029,0.14832183908045976,0.9388349137931652,9.731322272498742,5.404826546003017
QI-DMO greedy-next,n50 m10 bimodal high,50,10,2,20000,30.24917514033006,30.24917514033006,17.1562699417307,25.10693322506205,0.2048136213679399,16.024471521377563,19932,0.0014580191050779286,0.2920060331825038,0.019004524886877826,10.640372046254399,0.8027292795504716,0.272,0.8814705339672219,11.801407742584214,9.479336349924585
QI-DMO greedy-next,n50 m10 bimodal high,50,10,3,20000,27.06024893394277,27.06024893394277,15.997128709812864,25.10693322506205,0.07779985278850766,17.65743136405945,19932,0.06143790849673202,0.2774258421317245,0.03127199597787833,4.95570638511815,1.4549468191852297,0.056643678160919544,0.9633230170436125,7.2444444444444445,2.666968325791855
QI-DMO greedy-next,n50 m10 bimodal high,50,10,4,20000,27.29735683508133,27.29735683508133,16.109756625024623,25.10693322506205,0.08724377407563152,14.839208841323853,19932,0.05706385118149824,0.35806938159879337,0.028355957767722473,5.5864253393665155,1.1539233393538029,0.0726896551724138,0.9513907897708089,8.013172448466566,3.1596782302664654
QI-DMO greedy-next,n50 m10 bimodal high,50,10,5,20000,27.908524993344948,27.908524993344948,16.269235523552883,25.10693322506205,0.11158637907581295,10.608846426010132,19932,0.05475113122171946,0.3023629964806435,0.02850678733031674,6.496380090497738,0.9030704394942806,0.08170114942528736,0.9508850837897033,9.419306184012067,3.573453996983409
QI-DMO greedy-next,n50 m10 bimodal high,50,10,6,20000,26.029187757451126,26.029187757451126,15.633165819375964,25.10693322506205,0.03673306190452882,11.17191767692566,19932,0.14052287581699346,0.2398190045248869,0.050829562594268476,3.9434891905480143,1.90648203893237,0.03498850574712644,0.9770983144368374,6.091603821015585,1.7953745600804425
QI-DMO greedy-next,n50 m10 bimodal high,50,10,7,20000,26.12823470889463,26.12823470889463,15.621160347769997,25.10693322506205,0.04067806588233981,15.431729555130005,19932,0.083710407239819,0.23574660633484162,0.04645550527903469,4.953142282554047,2.107164358819988,0.05549425287356322,0.9682698804731604,7.405027652086476,2.501256913021619
QI-DMO greedy-next,n50 m10 bimodal high,50,10,8,20000,25.597309524314653,25.597309524314653,15.540797172110523,25.10693322506205,0.019531509279002778,15.777473211288452,19932,0.10452488687782806,0.12066365007541478,0.04881850175967823,6.0710407239819,2.107164358819988,0.052735632183908046,0.9684387030219478,9.900351935646054,2.2417295123177476
QI-DMO greedy-next,n50 m10 bimodal high,50,10,9,20000,30.415939782326966,30.415939782326966,17.075087460069756,25.10693322506205,0.21145579628042344,15.9159414768219,19932,0.006535947712418301,0.4046254399195576,0.023479135243841126,9.502362996480644,0.953241019466185,0.1871264367816092,0.9236593991316016,12.125992961287078,6.878733031674209
QI-DMO greedy-next,n50 m10 bimodal high,50,10,10,20000,29.990102804508652,29.990102804508652,17.142591472716553,25.10693322506205,0.1944948646524523,12.98714828491211,19932,0.006184012066365007,0.4034690799396682,0.019356460532931122,10.156108597285067,0.6522175396347581,0.41710344827586204,0.8943901709332552,11.122272498743087,9.189944695827048
QI-DMO greedy-next,n50 m10 bimodal high,50,10,11,20000,28.975613370618035,28.975613370618035,16.6822779206494,25.10693322506205,0.1540881202366134,10.230970859527588,19932,0.016792357968828556,0.3893413775766717,0.02629462041226747,6.894469582704877,1.254264499297612,0.1267126436781609,0.9369745135595975,8.917948717948718,4.870990447461035
QI-DMO greedy-next,n50 m10 bimodal high,50,10,12,20000,27.005482524600794,27.005482524600794,15.927960493495965,25.10693322506205,0.07561852666432346,11.946168184280396,19932,0.0743086978381096,0.1843137254901961,0.03298139768728004,6.026546003016591,1.1539233393538029,0.07333333333333333,0.9661368240139085,9.221116138763197,2.831975867269985
QI-DMO greedy-next,n50 m10 bimodal high,50,10,13,20000,27.619094490795767,27.619094490795767,16.299099874757754,25.10693322506205,0.10005846764375213,17.55913472175598,19932,0.023479135243841126,0.2659627953745601,0.03252890899949724,7.224233283056813,1.6054585591009431,0.10721839080459769,0.949334789277378,10.207541478129713,4.2409250879839115
QI-DMO greedy-next,n50 m10 bimodal high,50,10,14,20000,26.6136285550893,26.6136285550893,15.800907139780477,25.10693322506205,0.06001112587192636,13.563645839691162,19932,0.06475615887380594,0.3733031674208145,0.033182503770739065,4.8266465560583205,1.4549468191852297,0.07310344827586207,0.9622191845029083,6.6968325791855206,2.9564605329311213
QI-DMO greedy-next,n50 m10 bimodal high,50,10,15,20000,26.914061026553256,26.914061026553256,15.974094271522477,25.10693322506205,0.07197724171613712,19.69697332382202,19932,0.01664152840623429,0.2363499245852187,0.028557063851181497,7.904575163398693,0.953241019466185,0.1664367816091954,0.9354008331282027,10.084062342885872,5.725087983911513
QI-DMO greedy-next,n50 m10 bimodal high,50,10,16,20000,28.975613370618035,28.975613370618035,16.669810843449042,25.10693322506205,0.1540881202366134,16.246040105819702,19932,0.008044243338360985,0.3368526897938663,0.024987430869783812,8.081447963800905,1.1037527593818985,0.1908045977011494,0.9230575614220542,9.461437908496732,6.701458019105078
QI-DMO greedy-next,n50 m10 bimodal high,50,10,17,20000,27.908524993344948,27.908524993344948,16.322783158174214,25.10693322506205,0.11158637907581295,15.893526554107666,19932,0.010558069381598794,0.24600301659125187,0.02815485168426345,8.714630467571643,0.953241019466185,0.20105747126436782,0.9206292170004763,10.398592257415787,7.030668677727501
QI-DMO greedy-next,n50 m10 bimodal high,50,10,18,20000,26.37987249916972,26.37987249916972,15.739790584816197,25.10693322506205,0.05070070735827692,19.301111221313477,19932,0.2919054801407743,0.10221216691804927,0.03443941679235797,3.7213675213675215,1.3044350792695163,0.004,0.9788417540149535,6.408848667672197,1.0338863750628458
QI-DMO greedy-next,n50 m10 bimodal high,50,10,19,20000,27.06024893394277,27.06024893394277,16.037056550983912,25.10693322506205,0.07779985278850766,14.715970277786255,19932,0.054901960784313725,0.29341377576671696,0.03499245852187029,6.249421820010055,0.8528998595223761,0.07898850574712644,0.9600858299461928,9.407340372046255,3.0915032679738563
QI-DMO greedy-next,n50 m10 bimodal high,50,10,20,20000,26.71301190996199,26.71301190996199,15.846598003127761,25.10693322506205,0.06396952867571776,15.973847150802612,19932,0.10191050779286073,0.22448466566113626,0.04208144796380091,4.970035193564605,1.3546056592414208,0.05250574712643678,0.9678306386089558,7.6626445449974865,2.2774258421317244
QI-DMO greedy-next,n50 m10 bimodal high,50,10,21,20000,28.328654103534788,28.328654103534788,16.25885922811121,25.10693322506205,0.12831996841640445,16.104087591171265,19932,0.03499245852187029,0.4318753142282554,0.023479135243841126,6.112217194570135,0.953241019466185,0.0926896551724138,0.94149017598984,8.121870286576168,4.102564102564102
QI-DMO greedy-next,n50 m10 bimodal high,50,10,22,20000,26.803750485748118,26.803750485748118,16.00628443322686,25.10693322506205,0.06758361307912683,12.717083930969238,19932,0.02986425339366516,0.17405731523378581,0.03232780291603821,6.5025641025641026,1.254264499297612,0.09958620689655172,0.9561585025673729,9.166214177978883,3.8389140271493214
QI-DMO greedy-next,n50 m10 bimodal high,50,10,23,20000,27.712910841682913,27.712910841682913,16.177313116167145,25.10693322506205,0.10379513870772329,16.112560749053955,19932,0.012267471091000503,0.18195072900955253,0.03524384112619407,9.054851684263449,1.6054585591009431,0.19843678160919542,0.9200101787748808,11.377677224736049,6.73202614379085
QI-DMO greedy-next,n50 m10 bimodal high,50,10,24,20000,28.975613370618035,28.975613370618035,16.746316746701723,25.10693322506205,0.1540881202366134,15.357296705245972,19932,0.021116138763197588,0.326596279537456,0.02679738562091503,8.170035193564605,1.1037527593818985,0.15186206896551724,0.9265386343008354,10.768526897938663,5.571543489190548
QI-DMO greedy-next,n50 m10 bimodal high,50,10,25,20000,27.29735683508133,27.29735683508133,16.15429486662464,25.10693322506205,0.08724377407563152,21.286675453186035,19932,0.021769733534439416,0.23604826546003016,0.03288084464555053,8.086928104575163,1.4047762392133254,0.1552183908045977,0.9376563416086742,10.77948717948718,5.394369029663148
QI-DMO greedy-next,n50 m10 bimodal high,50,10,26,20000,28.36906024776471,28.36906024776471,16.556822619463876,25.10693322506205,0.12992933041484991,21.574302196502686,19932,0.016691804927099044,0.28340874811463046,0.028858722976370037,7.375766716943188,1.1539233393538029,0.1500689655172414,0.9365490497215982,9.359979889391655,5.391553544494721
QI-DMO greedy-next,n50 m10 bimodal high,50,10,27,20000,26.469479469288345,26.469479469288345,15.831355231050257,25.10693322506205,0.05426972032036887,14.842299699783325,19932,0.056359979889391655,0.3204625439919558,0.03705379587732529,5.16807440925088,1.9566526189042746,0.0654712643678161,0.964136176026091,7.52991452991453,2.8062342885872296
QI-DMO greedy-next,n50 m10 bimodal high,50,10,28,20000,26.36799617011701,26.36799617011701,15.80306840216317,25.10693322506205,0.05022767750049819,19.376323699951172,19932,0.12277526395173453,0.21412770236299647,0.05248868778280543,5.534137757667169,1.9566526189042746,0.022160919540229886,0.9716530168784162,9.318049270990448,1.7502262443438914
QI-DMO greedy-next,n50 m10 bimodal high,50,10,29,20000,28.328654103534788,28.328654103534788,16.40548266567674,25.10693322506205,0.12831996841640445,18.907735586166382,19932,0.021568627450980392,0.3151332327802916,0.025339366515837104,6.430568124685772,0.8528998595223761,0.11885057471264368,0.9423077658661766,8.103469079939668,4.757667169431875
GA,n50 m10 bimodal high,50,10,0,20000,27.06024893394277,27.06024893394277,16.145536905978542,25.10693322506205,0.07779985278850766,9.789977550506592,19982,0.02300521251002406,0.2775160384923817,0.17702485966319165,5.782477947072975,1.3011710539485537,0.16878160919540228,,6.1601844426623895,5.404771451483561
GA,n50 m10 bimodal high,50,10,1,20000,26.37987249916972,26.37987249916972,15.65324062949543,25.10693322506205,0.05070070735827692,8.536500930786133,19982,0.03017241379310345,0.1584803528468324,0.22017842822774658,4.798917401764234,1.4513061755580021,0.13485057471264367,,5.491279069767442,4.106555733761026
GA,n50 m10 bimodal high,50,10,2,20000,30.24917514033006,30.24917514033006,17.16947995705973,25.10693322506205,0.2048136213679399,11.322824716567993,19982,0.020699679230152365,0.3265336808340016,0.1631916599839615,6.178428227746592,0.6505855269742769,0.2737931034482759,,6.259823576583801,6.097032878909382
GA,n50 m10 bimodal high,50,10,3,20000,29.758118635547262,29.758118635547262,16.78996688963846,25.10693322506205,0.18525501975057396,5.139192819595337,19982,0.020900160384923816,0.4085805934242181,0.13016238973536487,5.741379310344827,0.45040536482834553,0.22404597701149423,,5.882417802726544,5.600340817963112
GA,n50 m10 bimodal high,50,10,4,20000,30.231095373100487,30.231095373100487,16.897751409657726,25.10693322506205,0.20409351082845256,5.2472968101501465,19982,0.019847634322373697,0.46351242983159585,0.11096631916599839,5.810144346431436,1.3512160944850364,0.21062068965517242,,6.252305533279872,5.367983159582999
GA,n50 m10 bimodal high,50,10,5,20000,27.908524993344948,27.908524993344948,16.301806611841265,25.10693322506205,0.11158637907581295,9.44123363494873,19982,0.020799919807538092,0.29450681635926224,0.17692461908580592,6.0236567762630315,1.1009908918026223,0.1491954022988506,,6.358460304731355,5.688853247794707
GA,n50 m10 bimodal high,50,10,6,20000,30.24917514033006,30.24917514033006,17.04734783461285,25.10693322506205,0.2048136213679399,8.438452243804932,19982,0.021000400962309543,0.37670408981555736,0.13758019246190858,5.948325982357658,0.9008107296566911,0.2215632183908046,,5.953889334402566,5.9427626303127505
GA,n50 m10 bimodal high,50,10,7,20000,26.37987249916972,26.37987249916972,15.631049096595516,25.10693322506205,0.05070070735827692,12.388797760009766,19982,0.033580593424218125,0.16254009623095428,0.21822373696872494,4.567311547714515,1.3512160944850364,0.1656551724137931,,5.129009623095429,4.005613472333601
GA,n50 m10 bimodal high,50,10,8,20000,29.88175125494343,29.88175125494343,17.01228761426902,25.10693322506205,0.19017926192256324,7.802742004394531,19982,0.02059943865276664,0.36552726543704894,0.14830593424218125,5.828738973536487,0.9508557701931739,0.16349425287356323,,6.037690457097033,5.619787489975942
GA,n50 m10 bimodal high,50,10,9,20000,28.24984909932617,28.24984909932617,16.349939363882623,25.10693322506205,0.12518119381967455,8.414668560028076,19982,0.025010024057738573,0.26709101844426625,0.1822373696872494,5.335655573376103,0.9508557701931739,0.1615632183908046,,5.813251804330393,4.858059342421813
GA,n50 m10 bimodal high,50,10,10,20000,30.231095373100487,30.231095373100487,17.33012674702487,25.10693322506205,0.20409351082845256,7.4103498458862305,19982,0.01904570970328789,0.35740777866880513,0.1509121892542101,6.322373696872494,0.7506756080472425,0.204,,6.691659983961507,5.95308740978348
GA,n50 m10 bimodal high,50,10,11,20000,27.712910841682913,27.712910841682913,16.240094566530324,25.10693322506205,0.10379513870772329,8.406984806060791,19982,0.022203287890938252,0.30177425821972736,0.1694065757818765,5.105703688853247,1.7015313782404164,0.16616091954022988,,5.294607056936648,4.916800320769847
GA,n50 m10 bimodal high,50,10,12,20000,27.06024893394277,27.06024893394277,15.883817649526884,25.10693322506205,0.07779985278850766,8.913079977035522,19982,0.023957497995188454,0.17958099438652766,0.2176222935044106,5.344376503608661,1.4012611350215194,0.16482758620689655,,6.046812349639134,4.641940657578187
GA,n50 m10 bimodal high,50,10,13,20000,30.415939782326966,30.415939782326966,17.176622556460213,25.10693322506205,0.21145579628042344,5.140573263168335,19982,0.019597032878909383,0.44090817963111467,0.12008821170809944,6.123997594226143,0.9508557701931739,0.22027586206896552,,6.4312349639133926,5.816760224538894
GA,n50 m10 bimodal high,50,10,14,20000,26.803750485748118,26.803750485748118,15.804904789602539,25.10693322506205,0.06758361307912683,10.589891910552979,19982,0.029270248596631916,0.20604450681635927,0.20308740978348036,4.768544506816359,1.1510359323391053,0.15333333333333335,,5.053528468323978,4.483560545308741
GA,n50 m10 bimodal high,50,10,15,20000,27.619094490795767,27.619094490795767,16.1436949547197,25.10693322506205,0.10005846764375213,7.9632039070129395,19982,0.027716519647153166,0.2320569366479551,0.1892542101042502,4.9114374498797115,1.0509458512661396,0.15788505747126436,,5.232858861267041,4.590016038492382
GA,n50 m10 bimodal high,50,10,16,20000,27.06024893394277,27.06024893394277,15.960089359741149,25.10693322506205,0.07779985278850766,4.80138087272644,19982,0.027866880513231756,0.21155773857257418,0.20323777064955895,4.968424218123497,1.6514863377039335,0.19029885057471266,,5.427726543704892,4.509121892542101
GA,n50 m10 bimodal high,50,10,17,20000,32.67105735229052,32.67105735229052,17.861878428367397,25.10693322506205,0.3012763072025804,4.75044322013855,19982,0.01869486768243785,0.4898255813953488,0.10364875701684041,6.498195669607057,0.5004504053648283,0.21075862068965517,,6.732457898957498,6.263933440256616
GA,n50 m10 bimodal high,50,10,18,20000,27.29735683508133,27.29735683508133,16.05960199480554,25.10693322506205,0.08724377407563152,4.913853406906128,19982,0.025410986367281476,0.21361267040898155,0.19727345629510826,4.992181234963914,1.0509458512661396,0.23310344827586207,,5.416599839615076,4.5677626303127505
GA,n50 m10 bimodal high,50,10,19,20000,29.758118635547262,29.758118635547262,16.879970955265694,25.10693322506205,0.18525501975057396,8.710767984390259,19982,0.02095028067361668,0.4299819566960706,0.12560144346431434,6.213863271852446,1.0009008107296566,0.1919080459770115,,6.665697674418604,5.762028869286287
GA,n50 m10 bimodal high,50,10,20,20000,28.24984909932617,28.24984909932617,16.449605352944225,25.10693322506205,0.12518119381967455,8.15057921409607,19982,0.022604250200481155,0.3883821170809944,0.1409382518043304,5.789845629510826,1.3011710539485537,0.19544827586206895,,6.281375300721733,5.29831595829992
GA,n50 m10 bimodal high,50,10,21,20000,26.37987249916972,26.37987249916972,15.751109577993766,25.10693322506205,0.05070070735827692,5.015629768371582,19982,0.022955092221331196,0.31004410585404973,0.16970729751403368,5.627957097032879,1.3512160944850364,0.15057471264367817,,6.716820368885325,4.539093825180433
GA,n50 m10 bimodal high,50,10,22,20000,28.34580799314488,28.34580799314488,16.49554979656979,25.10693322506205,0.1290032015877489,7.5953452587127686,19982,0.024859663191659984,0.2784683239775461,0.17772654370489174,5.574729350441059,1.201080972875588,0.14280459770114942,,6.291098636728147,4.8583600641539695
GA,n50 m10 bimodal high,50,10,23,20000,27.908524993344948,27.908524993344948,16.21148451387473,25.10693322506205,0.11158637907581295,7.344136476516724,19982,0.022654370489174017,0.3123496391339214,0.16264033680834,5.496441459502806,0.8507656891202082,0.27209195402298847,,5.647353648757017,5.345529270248597
GA,n50 m10 bimodal high,50,10,24,20000,29.98325338282059,29.98325338282059,16.987319321935132,25.10693322506205,0.1942220546829246,5.35810399055481,19982,0.019697273456295107,0.34417602245388934,0.15612469927826783,6.162590216519647,0.7006305675107597,0.23967816091954025,,6.720629510825982,5.604550922213312
GA,n50 m10 bimodal high,50,10,25,20000,28.36906024776471,28.36906024776471,16.620747716778272,25.10693322506205,0.12992933041484991,8.418112516403198,19982,0.021601844426623898,0.3106455493183641,0.16795308740978349,5.8142542101042505,0.9008107296566911,0.21466666666666664,,6.540998396150762,5.087510024057739
GA,n50 m10 bimodal high,50,10,26,20000,28.328654103534788,28.328654103534788,16.366811555215314,25.10693322506205,0.12831996841640445,5.1462953090667725,19982,0.022303528468323976,0.36768243785084204,0.14459703287890938,5.404470729751403,0.9508557701931739,0.2082758620689655,,5.909783480352846,4.89915797914996
GA,n50 m10 bimodal high,50,10,27,20000,27.399293438570467,27.399293438570467,16.116734171806666,25.10693322506205,0.0913038718412711,13.029847383499146,19982,0.029119887730553327,0.26488572574178026,0.18218724939855654,4.970479149959904,1.3011710539485537,0.1684597701149425,,5.380713712910986,4.560244587008821
GA,n50 m10 bimodal high,50,10,28,20000,28.36906024776471,28.36906024776471,16.447799735021867,25.10693322506205,0.12992933041484991,9.015398740768433,19982,0.022554129911788293,0.3103448275862069,0.16705092221331194,5.294256214915798,1.3011710539485537,0.200183908045977,,5.706896551724138,4.881615878107458
GA,n50 m10 bimodal high,50,10,29,20000,28.975613370618035,28.975613370618035,16.707711954839144,25.10693322506205,0.1540881202366134,11.730928659439087,19982,0.02044907778668805,0.30839013632718526,0.16830392943063352,5.725190457097033,0.9508557701931739,0.1754942528735632,,6.0996391339214115,5.350741780272655
MRFO,n100 m10 uniform high,100,10,0,20000,112.85614836905938,112.85614836905938,53.85553603688029,47.06057394079924,1.3981039523875967,5.510322570800781,19950,0.19332329317269076,0.06305220883534136,0.012098393574297189,38.47429718875502,0.45112781954887216,0.005632183908045977,,43.30552208835341,33.64307228915663
MRFO,n100 m10 uniform high,100,10,1,20000,84.98932577223562,84.98932577223562,43.28099588838041,47.06057394079924,0.8059559978836975,6.100194692611694,19950,0.07655622489959839,0.18970883534136546,0.012550200803212851,43.68785140562249,0.5012531328320802,0.028620689655172414,,48.02158634538153,39.354116465863456
MRFO,n100 m10 uniform high,100,10,2,20000,81.6559934040194,81.6559934040194,40.83232608589818,47.06057394079924,0.7351253196941486,4.7743260860443115,19950,0.1390562248995984,0.040512048192771086,0.01536144578313253,54.74663654618474,0.6516290726817042,0.0043678160919540234,,63.399397590361446,46.09387550200803
MRFO,n100 m10 uniform high,100,10,3,20000,104.66357826575931,104.66357826575931,50.7332296084788,47.06057394079924,1.2240183130240379,6.193686008453369,19950,0.23428714859437752,0.041716867469879515,0.014006024096385543,39.39994979919679,0.7017543859649122,0.003149425287356322,,44.24678714859438,34.553112449799194
MRFO,n100 m10 uniform high,100,10,4,20000,82.79714411537047,82.79714411537047,42.34508580770761,47.06057394079924,0.7593738703554008,9.218502044677734,19950,0.08298192771084337,0.17254016064257027,0.013654618473895583,42.9789156626506,0.5012531328320802,0.06811494252873564,,47.82078313253012,38.13704819277108
MRFO,n100 m10 uniform high,100,10,5,20000,73.58220019828126,73.58220019828126,38.30344939154106,47.06057394079924,0.5635635955236206,4.853508234024048,19950,0.21872489959839359,0.051957831325301206,0.012148594377510041,50.86285140562249,0.6516290726817042,0.006735632183908046,,57.564156626506026,44.16154618473895
MRFO,n100 m10 uniform high,100,10,6,20000,103.03626954734075,103.03626954734075,49.9934697952765,47.06057394079924,1.1894392889673897,4.9448347091674805,19950,0.17289156626506025,0.06044176706827309,0.011997991967871486,41.10261044176707,0.40100250626566414,0.025770114942528736,,46.210943775100404,35.994277108433735
MRFO,n100 m10 uniform high,100,10,7,20000,97.3371170144048,97.3371170144048,47.57188160267469,47.06057394079924,1.0683368021999033,8.455305337905884,19950,0.06234939759036145,0.17013052208835341,0.01034136546184739,40.501656626506026,0.45112781954887216,0.06703448275862069,,45.309839357429716,35.69347389558233
MRFO,n100 m10 uniform high,100,10,8,20000,91.70048488656789,91.70048488656789,44.82099598327534,47.06057394079924,0.9485628246252223,3.511861801147461,19950,0.11325301204819277,0.07816265060240964,0.013805220883534136,51.16335341365462,0.6516290726817042,0.009057471264367815,,62.10632530120482,40.22038152610442
MRFO,n100 m10 uniform high,100,10,9,20000,66.19458740445576,66.19458740445576,36.256480353548085,47.06057394079924,0.40658266275559085,5.800583362579346,19950,0.22399598393574296,0.001957831325301205,0.014809236947791165,53.63890562248996,0.40100250626566414,0.0,,62.78323293172691,44.494578313253015
MRFO,n100 m10 uniform high,100,10,10,20000,90.50910918194103,90.50910918194103,45.40263366603458,47.06057394079924,0.9232470325542294,3.636399030685425,19950,0.07951807228915662,0.12354417670682731,0.009036144578313253,45.31546184738956,0.3508771929824561,0.0663448275862069,,50.810140562248996,39.82078313253012
MRFO,n100 m10 uniform high,100,10,11,20000,88.01788689258686,88.01788689258686,44.495365505891094,47.06057394079924,0.8703105279444885,6.2505552768707275,19950,0.2317269076305221,0.0375,0.01179718875502008,43.8652108433735,0.6516290726817042,0.0032413793103448275,,49.90612449799197,37.82429718875502
MRFO,n100 m10 uniform high,100,10,12,20000,70.82482275987815,70.82482275987815,37.81339401702822,47.06057394079924,0.5049715043631556,8.076845169067383,19950,0.15446787148594376,0.05105421686746988,0.012801204819277108,43.766967871485946,0.45112781954887216,0.006252873563218391,,49.68303212851406,37.850903614457835
MRFO,n100 m10 uniform high,100,10,13,20000,77.78901240703681,77.78901240703681,40.70842684976858,47.06057394079924,0.6529550299342504,6.059716701507568,19950,0.12153614457831326,0.06445783132530121,0.012901606425702811,46.458182730923696,0.5012531328320802,0.029057471264367817,,51.62419678714859,41.29216867469879
MRFO,n100 m10 uniform high,100,10,14,20000,90.3754940813815,90.3754940813815,44.94197919676405,47.06057394079924,0.920407817275478,6.082438707351685,19950,0.11039156626506023,0.16470883534136546,0.009036144578313253,46.91239959839358,0.40100250626566414,0.041931034482758624,,52.730722891566266,41.09407630522088
MRFO,n100 m10 uniform high,100,10,15,20000,91.16501256601315,91.16501256601315,45.57130426587911,47.06057394079924,0.9371844610457991,3.552996873855591,19950,0.2286144578313253,0.04909638554216868,0.013654618473895583,41.97846385542169,0.6015037593984962,0.003149425287356322,,47.83785140562249,36.11907630522089
MRFO,n100 m10 uniform high,100,10,16,20000,77.17531631273485,77.17531631273485,40.34778377275426,47.06057394079924,0.6399144729900454,3.551692247390747,19950,0.046736947791164656,0.05652610441767068,0.012198795180722892,63.31059236947791,0.5012531328320802,0.2230574712643678,,62.13463855421687,64.48654618473896
MRFO,n100 m10 uniform high,100,10,17,20000,58.8169469631037,58.8169469631037,32.929764714803575,47.06057394079924,0.24981363459556663,8.5792875289917,19950,0.21350401606425704,0.021636546184738956,0.012751004016064257,47.91586345381526,0.7518796992481203,0.0006666666666666666,,54.070281124497996,41.76144578313253
MRFO,n100 m10 uniform high,100,10,18,20000,99.34112067152694,99.34112067152694,48.88876721206292,47.06057394079924,1.1109202959678102,12.292180061340332,19950,0.13865461847389557,0.1524598393574297,0.011345381526104417,40.077058232931726,0.40100250626566414,0.007149425287356321,,45.14598393574297,35.008132530120484
MRFO,n100 m10 uniform high,100,10,19,20000,88.26515077921462,88.26515077921462,44.117391266846354,47.06057394079924,0.8755646901002415,6.9243621826171875,19950,0.10025100401606425,0.06204819277108434,0.009236947791164659,50.87771084337349,0.3508771929824561,0.03949425287356322,,56.48152610441767,45.27389558232932
MRFO,n100 m10 uniform high,100,10,20,20000,92.90153249867103,92.90153249867103,45.730137858518326,47.06057394079924,0.9740841370855,6.028324842453003,19950,0.06731927710843373,0.1964859437751004,0.012349397590361445,43.50261044176707,0.7017543859649122,0.029172413793103445,,48.66787148594378,38.33734939759036
MRFO,n100 m10 uniform high,100,10,21,20000,80.1173850069884,80.1173850069884,41.59204728964312,47.06057394079924,0.7024311073590734,4.216850757598877,19950,0.2043172690763052,0.039909638554216864,0.012048192771084338,46.82976907630522,0.3007518796992481,0.005632183908045977,,54.06325301204819,39.59628514056225
MRFO,n100 m10 uniform high,100,10,22,20000,84.13072412926351,84.13072412926351,42.41273524101506,47.06057394079924,0.7877113916013304,4.021034479141235,19950,0.035190763052208834,0.234789156626506,0.011144578313253013,43.832078313253014,0.7017543859649122,0.07110344827586207,,47.975301204819274,39.688855421686746
MRFO,n100 m10 uniform high,100,10,23,20000,89.80188984475568,89.80188984475568,45.01599916685311,47.06057394079924,0.9082191806186577,4.5740180015563965,19950,0.04497991967871486,0.19633534136546185,0.010993975903614457,47.49754016064257,0.5012531328320802,0.062,,54.27359437751004,40.7214859437751
MRFO,n100 m10 uniform high,100,10,24,20000,64.29511238671618,64.29511238671618,35.366358147541185,47.06057394079924,0.36622031995609466,3.690584897994995,19950,0.19477911646586346,0.014708835341365462,0.014457831325301205,48.063052208835344,0.3508771929824561,0.0013333333333333333,,55.29839357429719,40.827710843373495
MRFO,n100 m10 uniform high,100,10,25,20000,93.53802966424347,93.53802966424347,46.48421802678423,47.06057394079924,0.9876091987724469,4.062716245651245,19950,0.058734939759036146,0.1996987951807229,0.010993975903614457,43.536194779116464,0.40100250626566414,0.028620689655172414,,49.310140562248996,37.76224899598394
MRFO,n100 m10 uniform high,100,10,26,20000,91.86095183855731,91.86095183855731,46.13657497083745,47.06057394079924,0.9519726205234041,6.870452165603638,19950,0.07113453815261044,0.035240963855421685,0.013805220883534136,58.270381526104416,0.6015037593984962,0.40758620689655173,,52.806626506024095,63.734136546184736
MRFO,n100 m10 uniform high,100,10,27,20000,95.46895512299947,95.46895512299947,47.556041367539976,47.06057394079924,1.0286398385854048,8.173321008682251,19950,0.0445281124497992,0.2356425702811245,0.010040160642570281,40.06425702811245,0.5012531328320802,0.027103448275862068,,45.374598393574296,34.753915662650606
MRFO,n100 m10 uniform high,100,10,28,20000,87.2187748026713,87.2187748026713,44.2602255535823,47.06057394079924,0.8533300276445811,5.674873113632202,19950,0.16626506024096385,0.09563253012048192,0.011696787148594378,44.92946787148595,0.6516290726817042,0.008390804597701149,,52.92138554216867,36.937550200803216
MRFO,n100 m10 uniform high,100,10,29,20000,86.53836599397899,86.53836599397899,44.13360776147683,47.06057394079924,0.8388718782486929,5.6032655239105225,19950,0.1357429718875502,0.11285140562248996,0.01390562248995984,44.42555220883534,0.45112781954887216,0.013724137931034483,,50.87680722891566,37.97429718875502
QI-MRFO no-decoherence,n100 m10 uniform high,100,10,0,20000,51.95919647265591,51.95919647265591,30.217614743891325,47.06057394079924,0.10409185697605369,13.543226957321167,19950,0.6818775100401606,0.016616465863453816,0.02143574297188755,6.76741967871486,1.1528822055137844,0.0,0.9967613118796949,10.226305220883534,3.308534136546185
QI-MRFO no-decoherence,n100 m10 uniform high,100,10,1,20000,59.454912069264545,59.454912069264545,33.675147114978664,47.06057394079924,0.26336988885977053,12.665675163269043,19950,0.6907630522088354,0.026004016064257028,0.02248995983935743,6.6403112449799195,1.0526315789473684,0.0,0.9964754399425134,10.207831325301205,3.0727911646586343
QI-MRFO no-decoherence,n100 m10 uniform high,100,10,2,20000,54.49655365494411,54.49655365494411,31.584441082856557,47.06057394079924,0.15800869159605035,15.223165035247803,19950,0.644277108433735,0.07710843373493977,0.01822289156626506,6.834236947791164,1.1528822055137844,0.0,0.9971233370884722,10.226104417670683,3.4423694779116465
QI-MRFO no-decoherence,n100 m10 uniform high,100,10,3,20000,54.04161626209135,54.04161626209135,31.282040999773894,47.06057394079924,0.14834163157623306,13.85565733909607,19950,0.5447791164658634,0.1356425702811245,0.02384538152610442,6.9325803212851405,1.2030075187969924,0.0045287356321839075,0.9925463484530986,10.433534136546184,3.4316265060240965
QI-MRFO no-decoherence,n100 m10 uniform high,100,10,4,20000,49.67352730681876,49.67352730681876,29.32164368869658,47.06057394079924,0.055523193773763586,11.912065029144287,19950,0.5990461847389559,0.08920682730923694,0.03162650602409638,7.372339357429719,1.7543859649122806,0.0,0.9970017325739781,11.375401606425703,3.3692771084337347
QI-MRFO no-decoherence,n100 m10 uniform high,100,10,5,20000,52.777711561798554,52.777711561798554,30.896333867492054,47.06057394079924,0.12148465567358574,12.03479528427124,19950,0.701004016064257,0.006124497991967871,0.01967871485943775,6.603765060240963,1.2030075187969924,0.0,0.9968371214649916,10.214156626506025,2.993373493975904
QI-MRFO no-decoherence,n100 m10 uniform high,100,10,6,20000,53.010603338615496,53.010603338615496,30.893622524811306,47.06057394079924,0.12643342185544132,13.122974157333374,19950,0.6440261044176707,0.07374497991967871,0.02474899598393574,6.753212851405623,1.2030075187969924,0.0,0.9958168400860442,10.234839357429719,3.271586345381526
QI-MRFO no-decoherence,n100 m10 uniform high,100,10,7,20000,49.399426638995436,49.399426638995436,29.34772852305364,47.06057394079924,0.049698771229148286,15.144986867904663,19950,0.6488453815261044,0.029819277108433736,0.03318273092369478,6.930773092369478,1.8045112781954886,0.0,0.9961157411586126,10.50652610441767,3.3550200803212853
QI-MRFO no-decoherence,n100 m10 uniform high,100,10,8,20000,52.408864850715844,52.408864850715844,30.707388091334213,47.06057394079924,0.11364695459610401,16.431001663208008,19950,0.5198795180722892,0.16817269076305222,0.03242971887550201,7.115461847389558,1.8045112781954886,0.0013333333333333333,0.9960749100599843,10.468875502008032,3.7620481927710845
QI-MRFO no-decoherence,n100 m10 uniform high,100,10,9,20000,51.449351062990736,51.449351062990736,30.35126946754016,47.06057394079924,0.09325804499776068,11.972855567932129,19950,0.4900100401606426,0.17424698795180724,0.03584337349397591,7.129066265060241,1.4536340852130325,0.007586206896551723,0.9897462364341296,10.591867469879517,3.666265060240964
QI-MRFO no-decoherence,n100 m10 uniform high,100,10,10,20000,56.90014678950207,56.90014678950207,32.54200015569162,47.06057394079924,0.20908314592764446,11.192130327224731,19950,0.6460341365461847,0.059839357429718874,0.026154618473895584,6.630773092369478,1.3032581453634084,0.0,0.9964056738137601,10.112751004016065,3.1487951807228916
QI-MRFO no-decoherence,n100 m10 uniform high,100,10,11,20000,50.77174699717787,50.77174699717787,29.973777633319717,47.06057394079924,0.07885949417121806,18.216728925704956,19950,0.6164156626506024,0.08463855421686747,0.03313253012048193,6.872339357429719,1.2030075187969924,0.0028735632183908046,0.995059073198205,10.40140562248996,3.343273092369478
QI-MRFO no-decoherence,n100 m10 uniform high,100,10,12,20000,52.77132450479237,52.77132450479237,30.657076642840305,47.06057394079924,0.121348935760475,13.678712368011475,19950,0.6237951807228915,0.05070281124497992,0.030973895582329318,7.063755020080321,1.4536340852130325,0.0006666666666666666,0.9930703282972764,10.448594377510041,3.6789156626506023
QI-MRFO no-decoherence,n100 m10 uniform high,100,10,13,20000,55.647879197105176,55.647879197105176,31.7974642944965,47.06057394079924,0.18247344936992282,10.629446268081665,19950,0.6340361445783133,0.05135542168674699,0.026656626506024097,7.0127510040160645,1.3533834586466165,0.0,0.9960723338994198,10.69929718875502,3.3262048192771085
QI-MRFO no-decoherence,n100 m10 uniform high,100,10,14,20000,51.64087371990209,51.64087371990209,30.285383548028083,47.06057394079924,0.0973277500793919,13.35315203666687,19950,0.6308232931726908,0.048644578313253015,0.027459839357429718,7.006275100401607,1.3032581453634084,0.002620689655172414,0.9945578578697926,10.338152610441767,3.674397590361446
QI-MRFO no-decoherence,n100 m10 uniform high,100,10,15,20000,52.49777062619433,52.49777062619433,30.721480533845714,47.06057394079924,0.11553613205471996,12.234750032424927,19950,0.5630020080321285,0.12354417670682731,0.0376004016064257,6.902158634538153,1.7042606516290726,0.0,0.9955850348817613,10.295983935742973,3.5083333333333333
QI-MRFO no-decoherence,n100 m10 uniform high,100,10,16,20000,55.630399900981246,55.630399900981246,32.0726537789762,47.06057394079924,0.18210202814276313,23.507930278778076,19950,0.6569277108433735,0.04231927710843374,0.025502008032128515,6.908835341365462,1.3032581453634084,0.0006666666666666666,0.9954245776426618,10.386044176706827,3.4316265060240965
QI-MRFO no-decoherence,n100 m10 uniform high,100,10,17,20000,58.15074761510437,58.15074761510437,33.00727749110976,47.06057394079924,0.23565742500837822,9.453192710876465,19950,0.6453313253012049,0.06360441767068273,0.018674698795180723,6.705873493975903,0.8521303258145363,0.0013333333333333333,0.9957829391518968,9.977208835341365,3.434538152610442
QI-MRFO no-decoherence,n100 m10 uniform high,100,10,18,20000,54.619651721038394,54.619651721038394,31.340658840845908,47.06057394079924,0.16062442820498207,8.870916366577148,19950,0.5866465863453815,0.11350401606425703,0.0196285140562249,6.924548192771084,0.8521303258145363,0.0028735632183908046,0.9931329992268758,10.350401606425702,3.498694779116466
QI-MRFO no-decoherence,n100 m10 uniform high,100,10,19,20000,48.69854655291634,48.69854655291634,29.015852365116356,47.06057394079924,0.03480562336909921,8.978034257888794,19950,0.66179718875502,0.045230923694779115,0.02791164658634538,6.642921686746988,1.4035087719298245,0.0,0.9965868434157055,10.201907630522088,3.0839357429718874
QI-MRFO no-decoherence,n100 m10 uniform high,100,10,20,20000,49.45996700184328,49.45996700184328,29.189999195710993,47.06057394079924,0.05098520608912266,13.351490259170532,19950,0.6510542168674699,0.048744979919678716,0.02821285140562249,6.730923694779117,1.4035087719298245,0.0,0.996964461589857,10.347791164658634,3.114056224899598
QI-MRFO no-decoherence,n100 m10 uniform high,100,10,21,20000,56.03578803263326,56.03578803263326,32.19259931573316,47.06057394079924,0.1907162055253421,12.494905471801758,19950,0.6621485943775101,0.019176706827309237,0.01967871485943775,6.619678714859438,0.8521303258145363,0.0,0.9944835088607071,10.04769076305221,3.191666666666667
QI-MRFO no-decoherence,n100 m10 uniform high,100,10,22,20000,50.001853069154066,50.001853069154066,29.81021014985235,47.06057394079924,0.06249985671774568,13.291644811630249,19950,0.5625,0.12093373493975904,0.03127510040160643,7.301556224899598,1.8546365914786966,0.0006666666666666666,0.9960805779357643,11.093373493975903,3.509738955823293
QI-MRFO no-decoherence,n100 m10 uniform high,100,10,23,20000,51.79211349626652,51.79211349626652,30.507365692769124,47.06057394079924,0.10054147578861698,13.520179510116577,19950,0.6647590361445783,0.030873493975903613,0.025903614457831327,6.721084337349398,1.3032581453634084,0.0,0.9968247785351854,10.357429718875501,3.084738955823293
QI-MRFO no-decoherence,n100 m10 uniform high,100,10,24,20000,49.49099072731693,49.49099072731693,29.532658410954287,47.06057394079924,0.0516444357345722,12.265673875808716,19950,0.6692771084337349,0.017670682730923693,0.01882530120481928,6.81882530120482,1.2531328320802004,0.0,0.9948034092403475,10.45933734939759,3.1783132530120484
QI-MRFO no-decoherence,n100 m10 uniform high,100,10,25,20000,55.220042406151016,55.220042406151016,31.704478323641492,47.06057394079924,0.17338225572038582,16.238070964813232,19950,0.5650602409638554,0.12093373493975904,0.02705823293172691,7.095180722891566,1.3533834586466165,0.003977011494252874,0.9945632720667433,10.672791164658635,3.517570281124498
QI-MRFO no-decoherence,n100 m10 uniform high,100,10,26,20000,50.05546750862578,50.05546750862578,29.783673331472915,47.06057394079924,0.06363912118016302,13.3172128200531,19950,0.5846385542168675,0.08062248995983935,0.030120481927710843,7.137198795180723,1.2030075187969924,0.0,0.9961910501666283,10.999096385542169,3.275301204819277
QI-MRFO no-decoherence,n100 m10 uniform high,100,10,27,20000,58.23637745593405,58.23637745593405,32.9920080938711,47.06057394079924,0.23747699144497533,13.442938089370728,19950,0.6103413654618474,0.08147590361445783,0.03509036144578313,6.6480923694779115,1.4536340852130325,0.0047816091954022985,0.9898920701661814,9.809939759036144,3.486244979919679
QI-MRFO no-decoherence,n100 m10 uniform high,100,10,28,20000,60.86188902857919,60.86188902857919,34.14645728615225,47.06057394079924,0.2932670371836431,10.815114498138428,19950,0.5908634538152611,0.0980421686746988,0.030120481927710843,7.079969879518072,1.6040100250626566,0.007264367816091954,0.989886017044271,10.5820281124498,3.577911646586345
QI-MRFO no-decoherence,n100 m10 uniform high,100,10,29,20000,49.85465274189974,49.85465274189974,29.639726764485896,47.06057394079924,0.05937196610936725,19.15138292312622,19950,0.6429718875502008,0.04628514056224899,0.02776104417670683,6.787700803212851,1.5037593984962405,0.0006666666666666666,0.9950336892299371,10.17710843373494,3.3982931726907633
QI-MRFO,n100 m10 uniform high,100,10,0,20000,47.62133692022121,47.62133692022121,28.81012364751204,47.06057394079924,0.01191577009084921,19.15355110168457,19950,0.15215863453815262,0.03820281124497992,0.04392570281124498,10.110341365461847,2.756892230576441,0.0013333333333333333,0.9768665371728468,13.609738955823293,6.610943775100401
QI-MRFO,n100 m10 uniform high,100,10,1,20000,47.50396928841302,47.50396928841302,28.800879046815645,47.06057394079924,0.009421800681214768,22.399715423583984,19950,0.16551204819277107,0.020933734939759037,0.03805220883534136,10.062349397590362,2.355889724310777,0.0,0.9759128174431096,13.754016064257028,6.370682730923694
QI-MRFO,n100 m10 uniform high,100,10,2,20000,47.50762416161833,47.50762416161833,28.793970592845422,47.06057394079924,0.00949946384804973,22.35523819923401,19950,0.1659136546184739,0.011696787148594378,0.039859437751004013,10.261746987951808,2.656641604010025,0.0,0.9750722349828768,13.68925702811245,6.834236947791164
QI-MRFO,n100 m10 uniform high,100,10,3,20000,47.41642692290142,47.41642692290142,28.78621117313921,47.06057394079924,0.007561594606768654,17.91076159477234,19950,0.173644578313253,0.013755020080321286,0.042018072289156626,10.060993975903614,3.007518796992481,0.0,0.9758623443531449,13.624899598393574,6.4970883534136545
QI-MRFO,n100 m10 uniform high,100,10,4,20000,47.510281290122634,47.510281290122634,28.782907952875888,47.06057394079924,0.009555925728596405,23.847965478897095,19950,0.16646586345381525,0.0107429718875502,0.03790160642570281,10.486295180722891,2.756892230576441,0.0,0.9727074910940298,14.085140562248997,6.887449799196787
QI-MRFO,n100 m10 uniform high,100,10,5,20000,47.652030433692495,47.652030433692495,28.843404984890498,47.06057394079924,0.012567982992245099,16.86612343788147,19950,0.1700301204819277,0.014859437751004016,0.03709839357429719,10.474096385542168,2.656641604010025,0.0,0.9756448187794693,14.30722891566265,6.6409638554216865
QI-MRFO,n100 m10 uniform high,100,10,6,20000,47.835732163976594,47.835732163976594,28.862786865006473,47.06057394079924,0.01647149956463519,17.23632502555847,19950,0.15140562248995984,0.04457831325301205,0.03679718875502008,10.308584337349398,2.155388471177945,0.002,0.9700872045046837,13.503413654618473,7.113755020080322
QI-MRFO,n100 m10 uniform high,100,10,7,20000,47.72472880021564,47.72472880021564,28.811536240445317,47.06057394079924,0.014112765820745957,19.308953762054443,19950,0.16275100401606427,0.03308232931726908,0.04116465863453815,10.233785140562249,2.556390977443609,0.0006666666666666666,0.9778510301040324,13.953614457831325,6.5139558232931725
QI-MRFO,n100 m10 uniform high,100,10,8,20000,47.572279990016895,47.572279990016895,28.799075890765376,47.06057394079924,0.010873349098150997,20.419928550720215,19950,0.17560240963855422,0.013353413654618474,0.038453815261044175,10.048493975903614,2.656641604010025,0.0,0.97808009072112,13.512751004016064,6.584236947791164
QI-MRFO,n100 m10 uniform high,100,10,9,20000,47.37859802233582,47.37859802233582,28.732425295140725,47.06057394079924,0.006757760369362461,18.128800630569458,19950,0.17238955823293173,0.011495983935742972,0.03303212851405622,10.076355421686747,1.5037593984962405,0.0,0.9766160224610073,13.688453815261044,6.46425702811245
QI-MRFO,n100 m10 uniform high,100,10,10,20000,47.420035019515836,47.420035019515836,28.74570418887411,47.06057394079924,0.007638263808018791,15.14561414718628,19950,0.16460843373493975,0.008483935742971887,0.033383534136546184,9.947941767068274,2.1052631578947367,0.005747126436781609,0.972404949488469,13.04789156626506,6.847991967871486
QI-MRFO,n100 m10 uniform high,100,10,11,20000,47.41134887060677,47.41134887060677,28.789730391070407,47.06057394079924,0.007453690009152873,21.046850204467773,19950,0.16350401606425702,0.014508032128514056,0.045431726907630525,10.455421686746988,3.508771929824561,0.0,0.9750266746406093,14.348895582329318,6.561947791164658
QI-MRFO,n100 m10 uniform high,100,10,12,20000,47.525714956297165,47.525714956297165,28.831825744465654,47.06057394079924,0.009883878936178309,21.322365522384644,19950,0.16596385542168673,0.011947791164658635,0.033785140562248996,10.30737951807229,2.305764411027569,0.0,0.9728032054596082,13.6785140562249,6.936244979919679
QI-MRFO,n100 m10 uniform high,100,10,13,20000,47.626285897730845,47.626285897730845,28.82876579754704,47.06057394079924,0.01202093195130294,16.813657522201538,19950,0.18473895582329317,0.009789156626506024,0.03353413654618474,9.889759036144579,1.8045112781954886,0.0,0.976463585861415,13.34508032128514,6.434437751004016
QI-MRFO,n100 m10 uniform high,100,10,14,20000,47.427323751193384,47.427323751193384,28.783336213235547,47.06057394079924,0.007793143595220639,15.346987962722778,19950,0.1700301204819277,0.013152610441767068,0.03132530120481928,10.269979919678715,2.055137844611529,0.003839080459770115,0.9754165387899143,13.63132530120482,6.908634538152611
QI-MRFO,n100 m10 uniform high,100,10,15,20000,47.31384554533794,47.31384554533794,28.73840422362158,47.06057394079924,0.005381821412915858,20.640680074691772,19950,0.1746987951807229,0.014859437751004016,0.029518072289156625,9.976455823293172,2.2055137844611528,0.0,0.9763355129964393,13.285642570281125,6.667269076305221
QI-MRFO,n100 m10 uniform high,100,10,16,20000,47.37597146888627,47.37597146888627,28.724963142330864,47.06057394079924,0.006701948184563009,18.94899320602417,19950,0.16526104417670684,0.013002008032128514,0.04216867469879518,10.302911646586345,2.706766917293233,0.0,0.9757511974386605,14.06656626506024,6.53925702811245
QI-MRFO,n100 m10 uniform high,100,10,17,20000,47.69760215708598,47.69760215708598,28.82774333403702,47.06057394079924,0.013536346094888388,18.010305881500244,19950,0.164859437751004,0.020180722891566263,0.03649598393574297,10.237248995983936,2.055137844611529,0.0025287356321839084,0.974227319147254,13.495983935742972,6.9785140562249
QI-MRFO,n100 m10 uniform high,100,10,18,20000,47.48793056176049,47.48793056176049,28.819420197689933,47.06057394079924,0.009080990416709685,19.356935024261475,19950,0.1665160642570281,0.014558232931726908,0.042218875502008035,10.139106425702812,2.857142857142857,0.0,0.9774517764398293,13.948594377510041,6.329618473895582
QI-MRFO,n100 m10 uniform high,100,10,19,20000,48.508860854834296,48.508860854834296,28.931906361464012,47.06057394079924,0.03077495221067553,25.11724305152893,19950,0.1429718875502008,0.07505020080321285,0.031174698795180724,10.105522088353414,1.8546365914786966,0.002,0.9769932318637304,13.47640562248996,6.734638554216867
QI-MRFO,n100 m10 uniform high,100,10,20,20000,47.70526316688742,47.70526316688742,28.818505610868577,47.06057394079924,0.01369913649797773,21.264001846313477,19950,0.17218875502008033,0.02319277108433735,0.03358433734939759,10.149748995983936,2.1052631578947367,0.0006666666666666666,0.9749623811526892,13.787951807228916,6.511546184738956
QI-MRFO,n100 m10 uniform high,100,10,21,20000,47.3983218998112,47.3983218998112,28.775919837094843,47.06057394079924,0.0071768771761440905,26.888981342315674,19950,0.15652610441767068,0.021586345381526106,0.041917670682730925,10.02690763052209,2.355889724310777,0.0013333333333333333,0.9738790658768476,13.395682730923696,6.658132530120482
QI-MRFO,n100 m10 uniform high,100,10,22,20000,47.53572953146988,47.53572953146988,28.81849551618185,47.06057394079924,0.010096680743171065,19.66507077217102,19950,0.14914658634538153,0.03353413654618474,0.04252008032128514,10.703965863453815,2.807017543859649,0.0019540229885057474,0.975932822089033,14.489759036144578,6.918172690763052
QI-MRFO,n100 m10 uniform high,100,10,23,20000,47.52266532562199,47.52266532562199,28.81258508163806,47.06057394079924,0.009819076694730769,24.89249897003174,19950,0.17163654618473895,0.014006024096385543,0.030120481927710843,10.087048192771084,1.9047619047619047,0.0,0.976717770237257,13.790562248995984,6.383534136546185
QI-MRFO,n100 m10 uniform high,100,10,24,20000,47.46747317298515,47.46747317298515,28.771674522486375,47.06057394079924,0.00864628707456439,25.14038634300232,19950,0.18237951807228917,0.006726907630522088,0.03102409638554217,9.937349397590362,2.0050125313283207,0.0,0.976764728142622,13.50652610441767,6.3681726907630525
QI-MRFO,n100 m10 uniform high,100,10,25,20000,47.89904161537025,47.89904161537025,28.870011932153353,47.06057394079924,0.0178167753675461,18.2521915435791,19950,0.1694277108433735,0.025803212851405622,0.03815261044176707,10.15266064257028,2.556390977443609,0.0013333333333333333,0.9765936663243339,13.621385542168674,6.6839357429718875
QI-MRFO,n100 m10 uniform high,100,10,26,20000,47.612330490349876,47.612330490349876,28.849502889777206,47.06057394079924,0.011724390574682149,17.31094765663147,19950,0.16541164658634538,0.029467871485943774,0.03473895582329317,10.19929718875502,2.055137844611529,0.002,0.974283531162211,13.861345381526105,6.537248995983936
QI-MRFO,n100 m10 uniform high,100,10,27,20000,47.39075755490108,47.39075755490108,28.752545104872926,47.06057394079924,0.007016140825592186,19.4850811958313,19950,0.16696787148594378,0.010140562248995984,0.036947791164658635,9.95687751004016,2.606516290726817,0.0,0.9726296242925072,13.231124497991967,6.6826305220883535
QI-MRFO,n100 m10 uniform high,100,10,28,20000,48.01653876333877,48.01653876333877,28.88692566282461,47.06057394079924,0.02031349689321914,15.189236879348755,19950,0.15667670682730925,0.0339859437751004,0.04457831325301205,9.939909638554218,2.756892230576441,0.0006666666666666666,0.9788308896647162,13.474196787148594,6.405622489959839
QI-MRFO,n100 m10 uniform high,100,10,29,20000,47.59504241859594,47.59504241859594,28.833155172977744,47.06057394079924,0.011357032714242826,16.823814153671265,19950,0.16014056224899598,0.02464859437751004,0.03423694779116466,10.28117469879518,2.255639097744361,0.0012873563218390805,0.9756355096343604,13.661546184738956,6.900803212851406
QI-MRFO unsigned,n100 m10 uniform high,100,10,0,20000,47.73761386733714,47.73761386733714,28.90103043716249,47.06057394079924,0.014386563312840103,21.956560373306274,19950,0.2021586345381526,0.018122489959839356,0.02635542168674699,9.469126506024097,1.9047619047619047,0.0,0.9765936746958308,12.753413654618473,6.184839357429719
QI-MRFO unsigned,n100 m10 uniform high,100,10,1,20000,47.5460614128,47.5460614128,28.821659304129206,47.06057394079924,0.010316225055212699,19.314619064331055,19950,0.18072289156626506,0.010993975903614457,0.04211847389558233,9.69894578313253,2.756892230576441,0.0,0.9760231477193329,13.233534136546185,6.1643574297188755
QI-MRFO unsigned,n100 m10 uniform high,100,10,2,20000,47.315656576405104,47.315656576405104,28.76991461194074,47.06057394079924,0.005420304391670883,18.93419337272644,19950,0.18875502008032127,0.011194779116465863,0.03835341365461847,9.865261044176707,2.456140350877193,0.0,0.9741987774664427,13.02520080321285,6.705321285140562
QI-MRFO unsigned,n100 m10 uniform high,100,10,3,20000,47.3688889806086,47.3688889806086,28.769836645338962,47.06057394079924,0.006551450906595741,20.50303888320923,19950,0.18022088353413654,0.02133534136546185,0.04628514056224899,9.653614457831326,2.857142857142857,0.0,0.9767186779462128,13.007028112449799,6.300200803212851
QI-MRFO unsigned,n100 m10 uniform high,100,10,4,20000,47.6057576655728,47.6057576655728,28.830523968467848,47.06057394079924,0.011584723243269191,21.500012159347534,19950,0.17590361445783131,0.024347389558232933,0.0427710843373494,9.916214859437751,2.305764411027569,0.0006666666666666666,0.9780036958847476,13.450602409638554,6.3818273092369475
QI-MRFO unsigned,n100 m10 uniform high,100,10,5,20000,47.83015745102476,47.83015745102476,28.900655419690384,47.06057394079924,0.01635304132061023,18.11042332649231,19950,0.18654618473895582,0.019327309236947792,0.030823293172690763,9.931124497991968,1.9548872180451127,0.0006666666666666666,0.975004249072951,13.376907630522089,6.4853413654618475
QI-MRFO unsigned,n100 m10 uniform high,100,10,6,20000,47.422632815346745,47.422632815346745,28.771395429260664,47.06057394079924,0.00769346491615182,17.53579092025757,19950,0.18724899598393574,0.008885542168674699,0.03654618473895582,9.822991967871486,2.305764411027569,0.0,0.9767415648821249,13.215562248995983,6.430421686746988
QI-MRFO unsigned,n100 m10 uniform high,100,10,7,20000,47.690516274049244,47.690516274049244,28.85367077706764,47.06057394079924,0.013385776680974081,29.327980279922485,19950,0.17896586345381527,0.027409638554216867,0.04613453815261044,9.945331325301204,2.756892230576441,0.0,0.9757056822285751,13.52520080321285,6.365461847389558
QI-MRFO unsigned,n100 m10 uniform high,100,10,8,20000,47.48095690300126,47.48095690300126,28.813654987342893,47.06057394079924,0.008932805679991246,26.85001277923584,19950,0.18734939759036146,0.007630522088353414,0.03940763052208835,9.860040160642571,2.506265664160401,0.0,0.9769068389492018,13.249096385542169,6.4709839357429715
QI-MRFO unsigned,n100 m10 uniform high,100,10,9,20000,47.55153921460319,47.55153921460319,28.83534792340247,47.06057394079924,0.010432624013926615,17.386120796203613,19950,0.18714859437751005,0.019427710843373493,0.028815261044176706,9.700602409638554,1.3032581453634084,0.0,0.9753464682253503,13.224698795180723,6.176506024096385
QI-MRFO unsigned,n100 m10 uniform high,100,10,10,20000,47.45014742488899,47.45014742488899,28.800749952208587,47.06057394079924,0.008278128621631842,22.16888403892517,19950,0.18820281124497992,0.008433734939759036,0.03478915662650602,9.518473895582328,2.2055137844611528,0.0,0.9767542646813749,12.777510040160642,6.2594377510040164
QI-MRFO unsigned,n100 m10 uniform high,100,10,11,20000,47.3950435022036,47.3950435022036,28.765973805580074,47.06057394079924,0.007107213818197671,22.81103014945984,19950,0.19221887550200803,0.012248995983935742,0.03112449799196787,9.65105421686747,1.8546365914786966,0.0,0.9782019666130761,13.109839357429719,6.192269076305221
QI-MRFO unsigned,n100 m10 uniform high,100,10,12,20000,47.625689659978974,47.625689659978974,28.855272805927736,47.06057394079924,0.012008262370336472,18.495003700256348,19950,0.18539156626506023,0.01320281124497992,0.04066265060240964,9.99929718875502,2.506265664160401,0.0,0.9770587322416084,13.51074297188755,6.48785140562249
QI-MRFO unsigned,n100 m10 uniform high,100,10,13,20000,47.623906325087304,47.623906325087304,28.798440487578148,47.06057394079924,0.011970367913419882,75.26190638542175,19950,0.19357429718875502,0.01571285140562249,0.038453815261044175,9.722389558232932,2.255639097744361,0.0,0.9754387787065203,13.093373493975903,6.35140562248996
QI-MRFO unsigned,n100 m10 uniform high,100,10,14,20000,47.49422449465214,47.49422449465214,28.758974865691194,47.06057394079924,0.009214731515990832,21.665624380111694,19950,0.18032128514056225,0.023142570281124496,0.02776104417670683,9.840010040160642,1.6541353383458646,0.0006666666666666666,0.9773952085791576,13.160642570281125,6.519377510040161
QI-MRFO unsigned,n100 m10 uniform high,100,10,15,20000,47.770458463385395,47.770458463385395,28.908110184626324,47.06057394079924,0.015084485018800898,138.90064001083374,19950,0.19784136546184738,0.011897590361445783,0.027008032128514055,9.620883534136546,2.155388471177945,0.0,0.9781774799857994,12.975803212851405,6.2659638554216865
QI-MRFO unsigned,n100 m10 uniform high,100,10,16,20000,47.520984319327695,47.520984319327695,28.787282433132532,47.06057394079924,0.00978335663962875,21.66271138191223,19950,0.17886546184738955,0.02073293172690763,0.04061244979919679,9.908885542168674,2.606516290726817,0.0,0.9780077506354845,13.610040160642571,6.207730923694779
QI-MRFO unsigned,n100 m10 uniform high,100,10,17,20000,48.03418120250671,48.03418120250671,28.96796129064098,47.06057394079924,0.02068838478111719,142.7197208404541,19950,0.172289156626506,0.03468875502008032,0.03579317269076305,9.864156626506023,2.255639097744361,0.0026666666666666666,0.9773938308716869,12.994779116465864,6.733534136546185
QI-MRFO unsigned,n100 m10 uniform high,100,10,18,20000,47.60962289833621,47.60962289833621,28.802399344471674,47.06057394079924,0.011666856384447453,31.34599995613098,19950,0.19548192771084338,0.012048192771084338,0.0338855421686747,9.567720883534136,2.255639097744361,0.0,0.9783967484540576,13.110240963855421,6.025200803212852
QI-MRFO unsigned,n100 m10 uniform high,100,10,19,20000,47.47208618595722,47.47208618595722,28.80193861337393,47.06057394079924,0.008744309954138026,79.12635350227356,19950,0.1830823293172691,0.01390562248995984,0.0356425702811245,9.775301204819277,1.8546365914786966,0.0,0.9779643669087538,13.05230923694779,6.498293172690763
QI-MRFO unsigned,n100 m10 uniform high,100,10,20,20000,47.55998786816028,47.55998786816028,28.796617132435266,47.06057394079924,0.010612151224277194,166.04074692726135,19950,0.18373493975903615,0.014407630522088353,0.040562248995983936,9.820883534136547,2.807017543859649,0.0,0.9766521271350866,13.404618473895582,6.23714859437751
QI-MRFO unsigned,n100 m10 uniform high,100,10,21,20000,47.508646589837014,47.508646589837014,28.811074268103326,47.06057394079924,0.009521189639578938,24.910001516342163,19950,0.16360441767068273,0.03734939759036145,0.04066265060240964,9.719929718875502,2.355889724310777,0.0,0.9758002265745235,13.029016064257029,6.410843373493976
QI-MRFO unsigned,n100 m10 uniform high,100,10,22,20000,47.71645244476685,47.71645244476685,28.873788970139593,47.06057394079924,0.013936899809013994,184.2345380783081,19950,0.181074297188755,0.023343373493975902,0.0427710843373494,10.142520080321285,2.656641604010025,0.0,0.9779628670141297,13.991064257028112,6.293975903614458
QI-MRFO unsigned,n100 m10 uniform high,100,10,23,20000,47.57952027897975,47.57952027897975,28.849806653490376,47.06057394079924,0.011027199515954295,208.34601044654846,19950,0.1866967871485944,0.016114457831325302,0.0302710843373494,9.728965863453816,2.255639097744361,0.0006666666666666666,0.9774282496166979,13.323092369477912,6.134839357429719
QI-MRFO unsigned,n100 m10 uniform high,100,10,24,20000,47.52494229521519,47.52494229521519,28.79289108334328,47.06057394079924,0.009867460498890517,63.24897789955139,19950,0.18353413654618475,0.027259036144578315,0.036646586345381524,9.797540160642571,2.155388471177945,0.0,0.974930955219594,13.382228915662651,6.21285140562249
QI-MRFO unsigned,n100 m10 uniform high,100,10,25,20000,47.52296889284003,47.52296889284003,28.777248346391673,47.06057394079924,0.009825527258177254,279.108446598053,19950,0.1894578313253012,0.00963855421686747,0.03895582329317269,9.717921686746989,2.355889724310777,0.0,0.9782495003661023,13.082730923694779,6.353112449799196
QI-MRFO unsigned,n100 m10 uniform high,100,10,26,20000,48.15535805791249,48.15535805791249,29.014206257588068,47.06057394079924,0.023263297181425252,253.63783812522888,19950,0.18498995983935743,0.040461847389558235,0.032228915662650605,9.668724899598393,2.155388471177945,0.0013333333333333333,0.976461302852659,13.293975903614458,6.04347389558233
QI-MRFO unsigned,n100 m10 uniform high,100,10,27,20000,47.98068345761087,47.98068345761087,28.9167879011262,47.06057394079924,0.019551599986202994,294.94172620773315,19950,0.19272088353413655,0.016917670682730923,0.02856425702811245,9.449347389558232,2.0050125313283207,0.0,0.9763094312991956,12.66425702811245,6.234437751004016
QI-MRFO unsigned,n100 m10 uniform high,100,10,28,20000,47.57908607833987,47.57908607833987,28.781582917125924,47.06057394079924,0.011017973095545008,269.2689619064331,19950,0.1695281124497992,0.01882530120481928,0.051556224899598393,9.763152610441766,3.4586466165413534,0.0,0.9761179594139858,13.348995983935742,6.177309236947791
QI-MRFO unsigned,n100 m10 uniform high,100,10,29,20000,47.58159475962434,47.58159475962434,28.835419051225113,47.06057394079924,0.011071280590001483,275.71155858039856,19950,0.17776104417670682,0.018323293172690762,0.03965863453815261,9.828112449799196,2.656641604010025,0.0006666666666666666,0.9771182676127754,13.060240963855422,6.5959839357429715
P-MRFO (linear twin),n100 m10 uniform high,100,10,0,20000,47.49858759008536,47.49858759008536,28.802597610411503,47.06057394079924,0.00930744384539652,288.9725184440613,19950,0.19322289156626507,0.02821285140562249,0.043524096385542166,13.312299196787148,2.656641604010025,0.0,0.9750752106905356,16.496084337349398,10.1285140562249
P-MRFO (linear twin),n100 m10 uniform high,100,10,1,20000,47.58600726939762,47.58600726939762,28.85350030664305,47.06057394079924,0.011165042935076842,351.47376799583435,19950,0.21144578313253012,0.02710843373493976,0.035391566265060244,13.431024096385542,2.305764411027569,0.0006666666666666666,0.9786618823196889,17.139457831325302,9.722590361445784
P-MRFO (linear twin),n100 m10 uniform high,100,10,2,20000,47.64805057126177,47.64805057126177,28.826439729809668,47.06057394079924,0.01248341406123861,386.8476564884186,19950,0.2171686746987952,0.016616465863453816,0.038654618473895584,13.286897590361447,2.255639097744361,0.0054482758620689655,0.9772057641402834,16.501104417670682,10.07269076305221
P-MRFO (linear twin),n100 m10 uniform high,100,10,3,20000,47.71132986173732,47.71132986173732,28.830960444523978,47.06057394079924,0.013828048968478638,410.2031331062317,19950,0.22645582329317268,0.02038152610441767,0.030522088353413655,13.283032128514057,1.9047619047619047,0.0013333333333333333,0.9771511392154487,16.98744979919679,9.578614457831325
P-MRFO (linear twin),n100 m10 uniform high,100,10,4,20000,47.7431349807092,47.7431349807092,28.93973909128787,47.06057394079924,0.014503882608159518,385.8373463153839,19950,0.20702811244979918,0.0321285140562249,0.028062248995983936,13.739508032128514,1.7543859649122806,0.0,0.9763956523885633,16.905722891566263,10.573293172690763
P-MRFO (linear twin),n100 m10 uniform high,100,10,5,20000,48.05348955747925,48.05348955747925,29.009560944945406,47.06057394079924,0.021098672063138733,380.74640226364136,19950,0.2054718875502008,0.033383534136546184,0.04036144578313253,13.67394578313253,2.406015037593985,0.0,0.9773876787673771,17.389457831325302,9.958433734939758
P-MRFO (linear twin),n100 m10 uniform high,100,10,6,20000,47.512588505849536,47.512588505849536,28.775231047196776,47.06057394079924,0.009604952239191106,391.0307276248932,19950,0.21255020080321285,0.01676706827309237,0.038654618473895584,13.636696787148594,2.506265664160401,0.0028735632183908046,0.9784003112854777,16.96124497991968,10.31214859437751
P-MRFO (linear twin),n100 m10 uniform high,100,10,7,20000,47.88637631053291,47.88637631053291,28.947981804306313,47.06057394079924,0.017547647650292295,389.30604815483093,19950,0.21832329317269075,0.03172690763052209,0.025803212851405622,13.189457831325301,1.4035087719298245,0.0013333333333333333,0.9787023075664701,16.889357429718874,9.489558232931726
P-MRFO (linear twin),n100 m10 uniform high,100,10,8,20000,47.64047999665183,47.64047999665183,28.832330560735446,47.06057394079924,0.012322545334489409,361.664573431015,19950,0.20542168674698796,0.019176706827309237,0.03950803212851406,13.534186746987952,2.255639097744361,0.0,0.9771648004102629,16.80542168674699,10.262951807228916
P-MRFO (linear twin),n100 m10 uniform high,100,10,9,20000,47.56335121431769,47.56335121431769,28.83418575093666,47.06057394079924,0.010683619671764576,359.9329788684845,19950,0.2196285140562249,0.020933734939759037,0.033383534136546184,13.523493975903614,1.8546365914786966,0.0,0.9783003212328284,17.052008032128516,9.994979919678714
P-MRFO (linear twin),n100 m10 uniform high,100,10,10,20000,47.75037991903018,47.75037991903018,28.810546484750542,47.06057394079924,0.014657831821148165,327.84267950057983,19950,0.20788152610441768,0.01746987951807229,0.03765060240963856,13.336546184738955,2.305764411027569,0.0,0.975599486835397,16.66827309236948,10.004819277108433
P-MRFO (linear twin),n100 m10 uniform high,100,10,11,20000,48.04803668631904,48.04803668631904,28.88100435099001,47.06057394079924,0.020982802860883026,334.8166787624359,19950,0.20532128514056225,0.03714859437751004,0.038805220883534136,13.637901606425702,2.155388471177945,0.0,0.9759978103208192,17.16566265060241,10.110140562248995
P-MRFO (linear twin),n100 m10 uniform high,100,10,12,20000,47.49585191394786,47.49585191394786,28.81136108390671,47.06057394079924,0.009249312889727792,328.7621669769287,19950,0.20783132530120482,0.014809236947791165,0.043624497991967874,13.35632530120482,2.606516290726817,0.0,0.9777834262695715,16.467570281124498,10.24508032128514
P-MRFO (linear twin),n100 m10 uniform high,100,10,13,20000,47.70392069718411,47.70392069718411,28.902020358094347,47.06057394079924,0.013670610077858013,287.4478557109833,19950,0.2127008032128514,0.03132530120481928,0.038504016064257025,13.34754016064257,2.606516290726817,0.0006666666666666666,0.9776422349979847,16.945682730923696,9.749397590361445
P-MRFO (linear twin),n100 m10 uniform high,100,10,14,20000,47.49402666664909,47.49402666664909,28.799230148971134,47.06057394079924,0.009210527827287535,292.8317093849182,19950,0.21064257028112449,0.01581325301204819,0.041214859437751,13.77625502008032,2.656641604010025,0.0,0.9778834827450809,17.025100401606426,10.527409638554216
P-MRFO (linear twin),n100 m10 uniform high,100,10,15,20000,47.46942052921337,47.46942052921337,28.785322892063892,47.06057394079924,0.008687666855241761,275.0683093070984,19950,0.23288152610441767,0.011244979919678716,0.022289156626506025,13.52520080321285,1.3533834586466165,0.0,0.978888576761731,16.94668674698795,10.103714859437751
P-MRFO (linear twin),n100 m10 uniform high,100,10,16,20000,47.43279665410366,47.43279665410366,28.80036141215155,47.06057394079924,0.007909438456332237,284.7103998661041,19950,0.21064257028112449,0.022339357429718876,0.04412650602409639,13.57374497991968,2.305764411027569,0.0,0.9790166088318645,17.080020080321287,10.067469879518072
P-MRFO (linear twin),n100 m10 uniform high,100,10,17,20000,47.520738715439286,47.520738715439286,28.795321314211368,47.06057394079924,0.009778137751123095,270.81330013275146,19950,0.2088855421686747,0.015110441767068272,0.04332329317269076,13.206576305220883,3.208020050125313,0.0,0.9767207112205097,16.45230923694779,9.960843373493976
P-MRFO (linear twin),n100 m10 uniform high,100,10,18,20000,47.80524606423246,47.80524606423246,28.889917671486845,47.06057394079924,0.015823694041003422,267.5709800720215,19950,0.21997991967871486,0.024196787148594377,0.03127510040160643,12.99929718875502,1.9047619047619047,0.0,0.9785827546169467,16.490261044176705,9.508333333333333
P-MRFO (linear twin),n100 m10 uniform high,100,10,19,20000,47.74037543091914,47.74037543091914,28.839646499259583,47.06057394079924,0.014445244356243277,208.31266236305237,19950,0.22389558232931728,0.012901606425702811,0.026154618473895584,13.158885542168674,1.5037593984962405,0.0,0.9764421316936568,16.621385542168674,9.696385542168676
P-MRFO (linear twin),n100 m10 uniform high,100,10,20,20000,47.57190559914671,47.57190559914671,28.833329602278273,47.06057394079924,0.010865393588074644,171.951651096344,19950,0.2209839357429719,0.017018072289156628,0.02710843373493976,13.407981927710843,1.9047619047619047,0.0006666666666666666,0.9768614436718175,16.753815261044178,10.06214859437751
P-MRFO (linear twin),n100 m10 uniform high,100,10,21,20000,47.544725538988985,47.544725538988985,28.799802609317155,47.06057394079924,0.01028783879259091,163.32824444770813,19950,0.21340361445783132,0.02003012048192771,0.041716867469879515,13.05828313253012,2.1052631578947367,0.0,0.9792973189744772,16.79879518072289,9.31777108433735
P-MRFO (linear twin),n100 m10 uniform high,100,10,22,20000,47.77912412688556,47.77912412688556,28.877711641918868,47.06057394079924,0.015268623518919248,142.77473664283752,19950,0.18559236947791163,0.04241967871485944,0.051857429718875504,13.613152610441768,2.656641604010025,0.0013333333333333333,0.9784764273990862,17.30913654618474,9.917168674698795
P-MRFO (linear twin),n100 m10 uniform high,100,10,23,20000,47.511038650651834,47.511038650651834,28.796718179950474,47.06057394079924,0.009572019041231143,134.6881320476532,19950,0.20130522088353414,0.02715863453815261,0.04784136546184739,13.436897590361445,2.556390977443609,0.0006666666666666666,0.9767380694672806,17.037650602409638,9.836144578313252
P-MRFO (linear twin),n100 m10 uniform high,100,10,24,20000,47.57030508861334,47.57030508861334,28.8387371345869,47.06057394079924,0.010831384004269203,118.86181259155273,19950,0.20958835341365462,0.021887550200803213,0.03599397590361446,13.142570281124499,1.8045112781954886,0.0006666666666666666,0.9772789738607691,16.766164658634537,9.518975903614457
P-MRFO (linear twin),n100 m10 uniform high,100,10,25,20000,47.870197580694416,47.870197580694416,28.92426034073486,47.06057394079924,0.017203862428742594,114.51850581169128,19950,0.2160140562248996,0.032078313253012046,0.028012048192771085,13.462951807228915,1.5538847117794485,0.0006666666666666666,0.9776967701425335,16.69457831325301,10.23132530120482
P-MRFO (linear twin),n100 m10 uniform high,100,10,26,20000,47.62880969535936,47.62880969535936,28.803990597306104,47.06057394079924,0.01207456065612255,86.72425246238708,19950,0.20512048192771085,0.028815261044176706,0.04397590361445783,13.150953815261044,2.456140350877193,0.0006666666666666666,0.9785964591395664,16.801004016064258,9.500903614457831
P-MRFO (linear twin),n100 m10 uniform high,100,10,27,20000,47.77731094100412,47.77731094100412,28.889150437061367,47.06057394079924,0.015230094752063862,85.57521176338196,19950,0.1897590361445783,0.04457831325301205,0.04954819277108434,13.524799196787148,2.807017543859649,0.0,0.9783413388376289,17.05582329317269,9.993775100401606
P-MRFO (linear twin),n100 m10 uniform high,100,10,28,20000,47.46355646367906,47.46355646367906,28.79122123222544,47.06057394079924,0.008563060097540761,83.11665797233582,19950,0.2052710843373494,0.016114457831325302,0.04643574297188755,13.315461847389559,3.3583959899749374,0.0,0.9784793166231148,16.617369477911648,10.01355421686747
P-MRFO (linear twin),n100 m10 uniform high,100,10,29,20000,47.5000245033276,47.5000245033276,28.813559849005028,47.06057394079924,0.00933797711607129,64.05267477035522,19950,0.21561244979919678,0.006626506024096385,0.03649598393574297,13.702158634538153,2.255639097744361,0.0,0.9782832984218142,17.16234939759036,10.241967871485944
DMO,n100 m10 uniform high,100,10,0,20000,89.81843890783797,89.81843890783797,44.975622148043485,47.06057394079924,0.9085708351289302,39.0547661781311,19923,0.03725490196078431,0.06153846153846154,0.25314228255404725,48.77048768225239,0.30115946393615417,0.7226436781609195,,53.06435394670689,44.47662141779789
DMO,n100 m10 uniform high,100,10,1,20000,71.93937721273089,71.93937721273089,37.57284866432545,47.06057394079924,0.5286549055527547,26.399414777755737,19923,0.038964303670186023,0.05656108597285068,0.25822021116138766,47.981799899446955,0.7528986598403855,0.5239770114942529,,53.825138260432375,42.13846153846154
DMO,n100 m10 uniform high,100,10,2,20000,87.14472255257427,87.14472255257427,43.918106384098756,47.06057394079924,0.851756475860232,19.287116765975952,19923,0.03700351935646053,0.05731523378582202,0.26224233283056814,49.631121166415284,0.7027054158510264,0.5032183908045976,,54.228355957767725,45.03388637506285
DMO,n100 m10 uniform high,100,10,3,20000,80.9628197612274,80.9628197612274,41.49962539803016,47.06057394079924,0.7203959276628489,2.4954380989074707,19923,0.03549522373051785,0.04746103569632981,0.2723479135243841,48.38456510809452,0.6023189278723083,0.4125977011494253,,54.76923076923077,41.99989944695827
DMO,n100 m10 uniform high,100,10,4,20000,83.21843960049218,83.21843960049218,42.70068971660371,47.06057394079924,0.7683260664261857,2.6618542671203613,19923,0.03599798893916541,0.05560583207642031,0.2597787833081951,49.50588235294118,0.6023189278723083,0.6646436781609195,,53.66073403720463,45.35103066867773
DMO,n100 m10 uniform high,100,10,5,20000,82.50110983579164,82.50110983579164,42.25922224174411,47.06057394079924,0.7530833758971047,2.8310513496398926,19923,0.037104072398190045,0.056862745098039215,0.25832076420311717,49.49492207139266,0.20077297595743612,0.7777011494252873,,53.17807943690297,45.811764705882354
DMO,n100 m10 uniform high,100,10,6,20000,79.87602080708244,79.87602080708244,41.370600216338104,47.06057394079924,0.697302308883101,7.103726148605347,19923,0.03594771241830065,0.05279034690799397,0.2646556058320764,49.636802413273,0.7027054158510264,0.6531034482758621,,53.658722976370036,45.61488185017597
DMO,n100 m10 uniform high,100,10,7,20000,87.72149806377982,87.72149806377982,44.635688192033186,47.06057394079924,0.8640124995953254,2.1011409759521484,19923,0.03695324283559578,0.05651080945198592,0.26028154851684265,49.29959778783308,0.6023189278723083,0.6700919540229886,,53.89944695827049,44.69974861739568
DMO,n100 m10 uniform high,100,10,8,20000,73.90819462876975,73.90819462876975,38.91527320542788,47.06057394079924,0.570490719508521,2.0796070098876953,19923,0.03609854198089492,0.054399195575666165,0.2623931623931624,49.86535947712418,0.5521256838829494,0.6251954022988506,,53.78541980894922,45.945299145299145
DMO,n100 m10 uniform high,100,10,9,20000,83.12226117373265,83.12226117373265,42.54982192327142,47.06057394079924,0.766282350876084,2.028465509414673,19923,0.036349924585218706,0.05314228255404726,0.26163901458019106,50.09924585218703,0.20077297595743612,0.737448275862069,,54.06435394670689,46.13413775766717
DMO,n100 m10 uniform high,100,10,10,20000,78.7252152914613,78.7252152914613,40.33640387032856,47.06057394079924,0.6728486012621777,2.012899160385132,19923,0.036249371543489194,0.053192559074912014,0.2595274007038713,49.79547511312217,0.2509662199467952,0.7364597701149426,,54.179084967320264,45.41186525892408
DMO,n100 m10 uniform high,100,10,11,20000,82.3542692658224,82.3542692658224,42.26688763092013,47.06057394079924,0.7499631298466855,2.0425212383270264,19923,0.03730517848164907,0.05580693815987934,0.25937657114127705,48.74439416792358,0.2509662199467952,0.7392183908045977,,52.23107088989442,45.25771744595274
DMO,n100 m10 uniform high,100,10,12,20000,86.76268282163984,86.76268282163984,44.139538387334824,47.06057394079924,0.8436384335385422,2.0348408222198486,19923,0.03901458019105078,0.05399698340874812,0.25736551030668675,50.443288084464555,0.4517391959042313,0.7306436781609196,,54.360080442433386,46.526495726495725
DMO,n100 m10 uniform high,100,10,13,20000,77.4831734337502,77.4831734337502,40.11590122176174,47.06057394079924,0.6464561934842031,2.054159164428711,19923,0.037104072398190045,0.05208647561588738,0.26244343891402716,50.32554047259929,0.2509662199467952,0.7757701149425287,,53.69160382101558,46.959477124183
DMO,n100 m10 uniform high,100,10,14,20000,81.90780884273407,81.90780884273407,41.995539902718185,47.06057394079924,0.7404761987342439,3.1357288360595703,19923,0.03675213675213675,0.056611362493715435,0.2629462041226747,48.715887380593266,0.5521256838829494,0.6695862068965518,,54.25118149824032,43.1805932629462
DMO,n100 m10 uniform high,100,10,15,20000,74.46282778975291,74.46282778975291,39.24059805013472,47.06057394079924,0.5822762358024972,2.111440420150757,19923,0.03629964806435395,0.05530417295123177,0.25771744595274004,50.75796882855706,0.5019324398935904,0.7250114942528735,,53.798190045248866,47.717747611865256
DMO,n100 m10 uniform high,100,10,16,20000,83.57865548957588,83.57865548957588,42.91873953893435,47.06057394079924,0.7759803693579104,3.0720272064208984,19923,0.03569632981397687,0.05495223730517848,0.25771744595274004,48.57219708396179,0.7528986598403855,0.7219540229885059,,52.559477124183005,44.584917043740575
DMO,n100 m10 uniform high,100,10,17,20000,88.83130916528489,88.83130916528489,44.10672450932565,47.06057394079924,0.8875951083178876,2.0404679775238037,19923,0.036701860231272,0.05766716943187532,0.2624937154348919,49.101860231272,0.5521256838829494,0.7697931034482758,,52.67078934137758,45.53293112116641
DMO,n100 m10 uniform high,100,10,18,20000,80.3831082277525,80.3831082277525,41.16926503146365,47.06057394079924,0.7080775157751368,2.0772910118103027,19923,0.03861236802413273,0.05595776772247361,0.26178984414278533,48.39245852187029,0.6023189278723083,0.5618390804597702,,53.57727501256913,43.207642031171446
DMO,n100 m10 uniform high,100,10,19,20000,81.57887362785146,81.57887362785146,41.86161416187203,47.06057394079924,0.7334865854053372,2.0672829151153564,19923,0.036852689793866265,0.056108597285067875,0.26209150326797387,49.06581196581197,0.3513527079255132,0.6949425287356321,,53.073202614379085,45.05842131724485
DMO,n100 m10 uniform high,100,10,20,20000,81.20123153151664,81.20123153151664,41.7358961051091,47.06057394079924,0.7254619893430392,2.1077213287353516,19923,0.03675213675213675,0.050226244343891405,0.2650075414781297,49.25872297637004,0.40154595191487225,0.6945977011494253,,53.22735042735043,45.290095525389646
DMO,n100 m10 uniform high,100,10,21,20000,81.69788795219462,81.69788795219462,41.724067033661726,47.06057394079924,0.7360155457298091,2.0779402256011963,19923,0.03579688285570638,0.05258924082453494,0.2677727501256913,50.8833081950729,0.40154595191487225,0.7053333333333334,,54.26495726495727,47.50165912518854
DMO,n100 m10 uniform high,100,10,22,20000,92.29208875933355,92.29208875933355,46.074570313435046,47.06057394079924,0.9611339393232683,2.0607450008392334,19923,0.03911513323278029,0.05716440422322775,0.2580693815987934,49.420965309200604,0.6525121718616674,0.7598620689655172,,52.88094519859226,45.96098541980895
DMO,n100 m10 uniform high,100,10,23,20000,78.4065049578815,78.4065049578815,40.50183542970248,47.06057394079924,0.6660762585793042,3.0445687770843506,19923,0.03484162895927602,0.056359979889391655,0.26430367018602313,48.603619909502264,0.7027054158510264,0.5246206896551724,,53.96651583710407,43.24072398190045
DMO,n100 m10 uniform high,100,10,24,20000,85.38461011921241,85.38461011921241,43.502011246171705,47.06057394079924,0.8143554778278658,3.015822649002075,19923,0.035646053293112115,0.06058320764203117,0.2536450477626948,49.318853695324286,0.30115946393615417,0.7143678160919541,,53.62242332830568,45.015284062342886
DMO,n100 m10 uniform high,100,10,25,20000,89.2182663861301,89.2182663861301,45.076500378696366,47.06057394079924,0.895817643413443,1.976353645324707,19923,0.03680241327300151,0.05701357466063348,0.2654600301659125,50.02599296128708,0.3513527079255132,0.720735632183908,,53.52508798391151,46.52689793866264
DMO,n100 m10 uniform high,100,10,26,20000,76.43391141879131,76.43391141879131,39.60756128624602,47.06057394079924,0.6241602049933099,2.090294599533081,19923,0.036701860231272,0.05545500251382604,0.2567621920563097,49.714831573655104,0.5019324398935904,0.7514022988505746,,53.57405731523379,45.85560583207642
DMO,n100 m10 uniform high,100,10,27,20000,74.91949619366571,74.91949619366571,39.16616841521093,47.06057394079924,0.5919800784391653,3.112170696258545,19923,0.03695324283559578,0.0542483660130719,0.2644544997486174,49.316842634489696,0.6023189278723083,0.6456551724137931,,53.75153343388637,44.88215183509301
DMO,n100 m10 uniform high,100,10,28,20000,88.10761780558221,88.10761780558221,44.549320901957415,47.06057394079924,0.8722172389231567,4.820793628692627,19923,0.03469079939668175,0.05746606334841629,0.2596279537456008,49.811010558069384,0.5019324398935904,0.7602988505747126,,53.35143288084465,46.27058823529412
DMO,n100 m10 uniform high,100,10,29,20000,92.28752415525682,92.28752415525682,46.56686753495363,47.06057394079924,0.9610369450944585,4.551923513412476,19923,0.03655103066867773,0.05444947209653092,0.26038210155857217,49.20849673202614,0.5019324398935904,0.7456551724137931,,53.359376571141276,45.057616892911014
QI-DMO no-decoherence,n100 m10 uniform high,100,10,0,20000,50.066032773670564,50.066032773670564,29.23113080209908,47.06057394079924,0.06386362471167695,4.512748956680298,19923,0.2489693313222725,0.32383107088989443,0.15646053293112117,10.118049270990447,1.2548310997339758,0.01335632183908046,0.9967062540677862,19.390548014077424,0.8455505279034691
QI-DMO no-decoherence,n100 m10 uniform high,100,10,1,20000,49.09880833933685,49.09880833933685,29.0648928930372,47.06057394079924,0.0433108699673244,4.988318681716919,19923,0.18401206636500755,0.3583710407239819,0.1665158371040724,10.297938662644546,1.4054108317020528,0.021885057471264367,0.9950886626373806,19.382503770739063,1.213373554550025
QI-DMO no-decoherence,n100 m10 uniform high,100,10,2,20000,49.61686241263884,49.61686241263884,29.421377389212807,47.06057394079924,0.05431910955984798,8.552322626113892,19923,0.11156359979889392,0.42413273001508295,0.17043740573152338,13.354298642533937,1.0540581237765396,0.03229885057471264,0.9924628829624194,24.85168426344897,1.856913021618904
QI-DMO no-decoherence,n100 m10 uniform high,100,10,3,20000,48.602179555801726,48.602179555801726,29.055664874582586,47.06057394079924,0.03275790084799606,4.294568777084351,19923,0.4597285067873303,0.05600804424333836,0.1809451985922574,11.543640020110608,1.3050243437233349,0.0006666666666666666,0.9995010045507111,22.928908999497235,0.1583710407239819
QI-DMO no-decoherence,n100 m10 uniform high,100,10,4,20000,49.41455024586975,49.41455024586975,29.253664036045425,47.06057394079924,0.05002013592166854,4.655838489532471,19923,0.27988939165409754,0.22699849170437406,0.17747611865258925,11.280794369029664,1.8069567836169251,0.005885057471264368,0.998212577617466,21.785017596782303,0.7765711412770236
QI-DMO no-decoherence,n100 m10 uniform high,100,10,5,20000,49.36903121124582,49.36903121124582,29.48411365875825,47.06057394079924,0.049052892413733624,4.688435077667236,19923,0.4353443941679236,0.049622926093514326,0.18677727501256913,12.597335344394168,1.2548310997339758,0.0,0.9999557960107504,24.859024635495224,0.3356460532931121
QI-DMO no-decoherence,n100 m10 uniform high,100,10,6,20000,48.74016398147079,48.74016398147079,28.97771660639434,47.06057394079924,0.035689960831851074,9.425047874450684,19924,0.27541478129713426,0.26359979889391655,0.16721970839617897,10.608396178984414,1.9574382654085525,0.06852873563218391,0.968434114459257,20.46143790849673,0.7553544494720965
QI-DMO no-decoherence,n100 m10 uniform high,100,10,7,20000,48.52464518181273,48.52464518181273,28.94212327940345,47.06057394079924,0.031110356683181323,6.144711017608643,19923,0.1865761689291101,0.32448466566113626,0.17526395173453996,11.931271995977879,1.505797319680771,0.01570114942528736,0.9957074163338313,22.789341377576672,1.073202614379085
QI-DMO no-decoherence,n100 m10 uniform high,100,10,8,20000,49.53268607486677,49.53268607486677,29.434882865411968,47.06057394079924,0.05253042891438959,6.050343990325928,19924,0.09326294620412268,0.42473604826546,0.17471091000502764,12.806535947712419,1.6562939168841597,0.08795402298850576,0.9617212662553486,23.56349924585219,2.0495726495726494
QI-DMO no-decoherence,n100 m10 uniform high,100,10,9,20000,49.156920698960526,49.156920698960526,29.312180289598704,47.06057394079924,0.04454571167785648,4.616384744644165,19923,0.214429361488185,0.32368024132730017,0.16520864756158873,10.534188034188034,1.505797319680771,0.017632183908045978,0.996669725476032,20.074710910005027,0.9936651583710407
QI-DMO no-decoherence,n100 m10 uniform high,100,10,10,20000,49.34943698348957,49.34943698348957,29.077341096246762,47.06057394079924,0.04863653056100952,7.619340658187866,19924,0.46108597285067876,0.159376571141277,0.13941679235796883,7.907139265962796,1.2547681188516362,0.004045977011494253,0.9994330704936689,15.50507792860734,0.3092006033182504
QI-DMO no-decoherence,n100 m10 uniform high,100,10,11,20000,48.99601094304993,48.99601094304993,29.156655570543315,47.06057394079924,0.0411265065463378,6.191630601882935,19923,0.22835595776772247,0.24293614881850176,0.19095022624434388,12.130417295123177,1.355217587712694,0.010229885057471265,0.997148258016612,23.3114127702363,0.9494218200100553
QI-DMO no-decoherence,n100 m10 uniform high,100,10,12,20000,49.15977922940834,49.15977922940834,28.961637556844405,47.06057394079924,0.044606453190516586,6.164973974227905,19923,0.2673202614379085,0.1670688788335847,0.2040221216691805,13.978079436902966,1.455604075691412,0.006620689655172414,0.9982624712605419,26.787028657616894,1.1691302161890398
QI-DMO no-decoherence,n100 m10 uniform high,100,10,13,20000,50.04301493935687,50.04301493935687,29.25967157951958,47.06057394079924,0.06337451392559416,6.244908094406128,19923,0.23660130718954248,0.2417295123177476,0.18632478632478633,12.432428355957768,1.455604075691412,0.011172413793103448,0.9970262877788403,23.988536953242836,0.8763197586726998
QI-DMO no-decoherence,n100 m10 uniform high,100,10,14,20000,48.78995129771326,48.78995129771326,29.114868995615705,47.06057394079924,0.0367479019505696,6.1490771770477295,19923,0.23117144293614883,0.2703871292106586,0.1799396681749623,11.64746103569633,1.2548310997339758,0.012275862068965518,0.9970981710884447,22.451784816490697,0.8431372549019608
QI-DMO no-decoherence,n100 m10 uniform high,100,10,15,20000,49.07326681761915,49.07326681761915,29.301674458774546,47.06057394079924,0.042768132818605614,10.670766115188599,19925,0.3058823529411765,0.31563599798893915,0.13504273504273503,9.741478129713423,1.7063989962358845,0.00942528735632184,0.9976540369868275,18.70779286073404,0.7751633986928105
QI-DMO no-decoherence,n100 m10 uniform high,100,10,16,20000,48.6563633394201,48.6563633394201,29.128031789908107,47.06057394079924,0.033909263423525605,5.401212930679321,19923,0.31633986928104574,0.16254399195575667,0.1894419306184012,11.570286576168929,1.606183807659489,0.005080459770114942,0.9987613060443042,22.55103066867773,0.5895424836601307
QI-DMO no-decoherence,n100 m10 uniform high,100,10,17,20000,48.987964434859286,48.987964434859286,28.88688231786243,47.06057394079924,0.040955524607172174,5.344667434692383,19923,0.377727501256913,0.1836098541980895,0.16259426847662142,11.360281548516843,1.505797319680771,0.004344827586206896,0.9984938705082302,22.37938662644545,0.3411764705882353
QI-DMO no-decoherence,n100 m10 uniform high,100,10,18,20000,48.76293087838043,48.76293087838043,29.297764787893716,47.06057394079924,0.036173739396436304,5.562134504318237,19923,0.1794871794871795,0.34238310708898945,0.1738562091503268,13.068878833584716,2.1583094915424383,0.017954022988505746,0.9947156840531741,24.982805429864253,1.1549522373051784
QI-DMO no-decoherence,n100 m10 uniform high,100,10,19,20000,48.33539732501815,48.33539732501815,29.02191208223178,47.06057394079924,0.02708898930605056,5.343302249908447,19923,0.29763700351935646,0.21814982403217698,0.1761689291101056,10.944896933132227,1.3050243437233349,0.00471264367816092,0.9989961921401587,21.275716440422322,0.6140774258421318
QI-DMO no-decoherence,n100 m10 uniform high,100,10,20,20000,49.19394990711416,49.19394990711416,29.190604802428393,47.06057394079924,0.04533255308357786,5.419389009475708,19923,0.2710910005027652,0.25223730517848164,0.17657114127702364,11.763247863247864,1.9073432715956433,0.010114942528735633,0.9976956925769623,22.87601809954751,0.6504776269482152
QI-DMO no-decoherence,n100 m10 uniform high,100,10,21,20000,48.95246023669945,48.95246023669945,28.912641578465035,47.06057394079924,0.040201088458465234,6.218185901641846,19923,0.4871292106586224,0.04881850175967823,0.17174459527400704,10.077928607340372,1.656377051648848,0.0019540229885057474,0.9996954455526604,20.032176973353444,0.12368024132730016
QI-DMO no-decoherence,n100 m10 uniform high,100,10,22,20000,49.58740272824781,49.58740272824781,29.37719832611277,47.06057394079924,0.053693114551200447,5.5174241065979,19923,0.32825540472599296,0.12282554047259929,0.20246354952237305,13.578682755153343,1.355217587712694,0.0036781609195402297,0.9992409263875515,26.410457516339868,0.7469079939668175
QI-DMO no-decoherence,n100 m10 uniform high,100,10,23,20000,49.07355645372534,49.07355645372534,29.012148315770574,47.06057394079924,0.042774287356936426,5.462648868560791,19924,0.43846153846153846,0.07365510306686777,0.17762694821518352,11.083107088989442,1.5057217426219636,0.06190804597701149,0.9694582627308143,21.915937657114128,0.25027652086475616
QI-DMO no-decoherence,n100 m10 uniform high,100,10,24,20000,48.94722298169321,48.94722298169321,29.210429723843603,47.06057394079924,0.04008980092906045,9.683689832687378,19923,0.27033685268979385,0.1852187028657617,0.19446958270487683,11.85284062342886,1.5559905636701301,0.0,0.9999237219173804,22.53021618903972,1.175465057817999
QI-DMO no-decoherence,n100 m10 uniform high,100,10,25,20000,48.62175315355288,48.62175315355288,29.13445057165362,47.06057394079924,0.03317382432941764,6.140375852584839,19923,0.2514831573655103,0.24032176973353445,0.18672699849170438,11.633283056812468,1.3050243437233349,0.0006666666666666666,0.9997766849371377,22.18521870286576,1.0813474107591754
QI-DMO no-decoherence,n100 m10 uniform high,100,10,26,20000,48.9201673104627,48.9201673104627,28.952615627576186,47.06057394079924,0.03951488929996426,5.975942611694336,19923,0.3957264957264957,0.040271493212669686,0.20015082956259428,12.590849673202614,1.355217587712694,0.0,0.9999314990143822,24.471392659627952,0.710306686777275
QI-DMO no-decoherence,n100 m10 uniform high,100,10,27,20000,49.32363341690509,49.32363341690509,29.140239947913624,47.06057394079924,0.048088225165989505,6.832364797592163,19923,0.37732528908999496,0.10025138260432379,0.1886375062845651,12.1359477124183,1.9575365155850022,0.0,0.9998927681613213,23.76088486676722,0.5110105580693816
QI-DMO no-decoherence,n100 m10 uniform high,100,10,28,20000,49.606029819949185,49.606029819949185,29.29627793670478,47.06057394079924,0.05408892552717384,5.950527191162109,19923,0.4356963298139769,0.08275515334338863,0.17687280040221218,11.092307692307692,1.5559905636701301,0.0013333333333333333,0.9995748963557222,21.955455002513826,0.22916038210155856
QI-DMO no-decoherence,n100 m10 uniform high,100,10,29,20000,48.43695495222788,48.43695495222788,28.955467125510307,47.06057394079924,0.02924700861404892,10.350118398666382,19923,0.3218200100553042,0.15751633986928104,0.18903971845148315,13.002061337355455,1.455604075691412,0.004597701149425287,0.9990391976724496,25.493715434891904,0.5104072398190045
QI-DMO,n100 m10 uniform high,100,10,0,20000,48.987846472576244,48.987846472576244,29.27205836354826,47.06057394079924,0.040953018001893826,7.462246894836426,19923,0.0007038712921065862,0.02538964303670186,0.3446958270487682,20.799296128707894,1.355217587712694,0.15724137931034482,0.9311426726552707,29.236500754147812,12.362091503267974
QI-DMO,n100 m10 uniform high,100,10,1,20000,48.92001152082432,48.92001152082432,29.256319992943816,47.06057394079924,0.03951157889328328,8.424179553985596,19923,0.0008547008547008547,0.02277526395173454,0.34132730015082957,22.648768225238815,1.5559905636701301,0.1309655172413793,0.9365711940998855,30.39979889391654,14.897737556561086
QI-DMO,n100 m10 uniform high,100,10,2,20000,49.23258205488615,49.23258205488615,29.17078437491096,47.06057394079924,0.046153455689240716,8.634681224822998,19923,0.00040221216691804925,0.022423328305681247,0.34776269482151834,23.78044243338361,1.1042513677658987,0.18172413793103448,0.9298328915808952,33.19004524886878,14.370839617898442
QI-DMO,n100 m10 uniform high,100,10,3,20000,48.83635705212775,48.83635705212775,29.110085738501486,47.06057394079924,0.0377339875531989,6.959325075149536,19923,0.0012066365007541479,0.0306184012066365,0.3442433383609854,22.513122171945703,1.5559905636701301,0.13595402298850576,0.9391456218897437,32.57415786827551,12.452086475615888
QI-DMO,n100 m10 uniform high,100,10,4,20000,48.43634257767748,48.43634257767748,29.065331470761567,47.06057394079924,0.0292339961388681,7.524560451507568,19923,0.0018099547511312218,0.025992961287078935,0.34167923579688286,21.62126696832579,1.455604075691412,0.10675862068965516,0.9567519310852712,31.02694821518351,12.215585721468074
QI-DMO,n100 m10 uniform high,100,10,5,20000,48.62388066039133,48.62388066039133,29.032440901953617,47.06057394079924,0.03321903216817295,7.543174743652344,19923,0.0015082956259426848,0.031724484665661135,0.34399195575666164,21.60517848164907,1.355217587712694,0.13917241379310347,0.9368289736409043,32.1965811965812,11.013775766716943
QI-DMO,n100 m10 uniform high,100,10,6,20000,49.21009899836904,49.21009899836904,29.24358734035939,47.06057394079924,0.04567570850865186,9.48634386062622,19923,0.0032679738562091504,0.03408748114630467,0.3394670688788336,21.429462041226746,1.9575365155850022,0.07673563218390805,0.9598483972764614,33.04746103569633,9.811463046757165
QI-DMO,n100 m10 uniform high,100,10,7,20000,48.79933239352503,48.79933239352503,28.940561676358104,47.06057394079924,0.0369472428218384,7.5022711753845215,19923,0.002011060834590246,0.026897938662644547,0.3421820010055304,22.091704374057315,1.3050243437233349,0.10551724137931034,0.9569956676361642,31.877626948215184,12.305781799899448
QI-DMO,n100 m10 uniform high,100,10,8,20000,48.67044476565331,48.67044476565331,29.191847992562952,47.06057394079924,0.034208482601152265,10.59394383430481,19923,0.000955253896430367,0.03036701860231272,0.3426344896933132,20.396178984414277,1.3050243437233349,0.14482758620689654,0.9332544548137645,28.630769230769232,12.161588738059326
QI-DMO,n100 m10 uniform high,100,10,9,20000,48.87903363519579,48.87903363519579,29.24139409034867,47.06057394079924,0.0386408312122185,8.044230222702026,19923,0.0015082956259426848,0.03092006033182504,0.3400201106083459,20.78255404725993,1.1544446117552578,0.11455172413793104,0.9492137276282289,28.805228758169935,12.759879336349925
QI-DMO,n100 m10 uniform high,100,10,10,20000,48.9228583943738,48.9228583943738,29.139317118908934,47.06057394079924,0.039572072706067225,8.28076720237732,19923,0.0011060834590246355,0.031473102061337355,0.34258421317244847,20.630165912518855,1.4054108317020528,0.11059770114942528,0.9504520259590017,29.597385620915034,11.662946204122674
QI-DMO,n100 m10 uniform high,100,10,11,20000,48.88199260430069,48.88199260430069,29.191226336560458,47.06057394079924,0.03870370696695589,6.031003713607788,19923,0.0036701860231271996,0.038763197586727,0.338562091503268,19.747662141779788,1.5559905636701301,0.0927816091954023,0.9571077795245986,29.806938159879337,9.68838612368024
QI-DMO,n100 m10 uniform high,100,10,12,20000,48.77148779557292,48.77148779557292,29.12308664584483,47.06057394079924,0.0363555671234685,8.333311796188354,19923,0.0014580191050779286,0.02679738562091503,0.3418803418803419,21.82750125691302,1.3050243437233349,0.11724137931034483,0.9499725164675623,30.13836098541981,13.516641528406234
QI-DMO,n100 m10 uniform high,100,10,13,20000,48.69395576905493,48.69395576905493,29.102061601404078,47.06057394079924,0.03470807284055732,5.948272705078125,19923,0.001558572146807441,0.025842131724484664,0.34067370537958774,22.91427853192559,1.1544446117552578,0.11209195402298851,0.9426575035063877,31.83278029160382,13.99577677224736
QI-DMO,n100 m10 uniform high,100,10,14,20000,49.101254212468056,49.101254212468056,29.148182117452617,47.06057394079924,0.04336284283816709,8.637634754180908,19923,0.00025138260432378077,0.023881347410759174,0.34248366013071896,22.873805932629462,1.0038648797871808,0.135816091954023,0.9345358959444394,31.76701860231272,13.980593262946204
QI-DMO,n100 m10 uniform high,100,10,15,20000,48.9770157886707,48.9770157886707,29.130885447910664,47.06057394079924,0.040722874529373274,12.973225831985474,19923,0.0014077425842131724,0.03448969331322273,0.33619909502262446,20.81900452488688,1.455604075691412,0.10954022988505746,0.953513957821658,31.141779788838612,10.496229260935143
QI-DMO,n100 m10 uniform high,100,10,16,20000,49.09841875365499,49.09841875365499,29.202502460811978,47.06057394079924,0.043302591579509817,5.923922777175903,19923,0.00065359477124183,0.027853192559074914,0.3458521870286576,21.726395173453998,1.2046378557446167,0.15544827586206897,0.9438542659577086,30.53655103066868,12.916239316239317
QI-DMO,n100 m10 uniform high,100,10,17,20000,49.25133107783503,49.25133107783503,29.07828034834049,47.06057394079924,0.04655185760785028,11.213458061218262,19923,0.0017596782302664656,0.02895927601809955,0.3461035696329814,21.72885872297637,1.656377051648848,0.10629885057471265,0.9446672415794174,31.195274007038712,12.262443438914028
QI-DMO,n100 m10 uniform high,100,10,18,20000,48.838623926193925,48.838623926193925,29.051604533232602,47.06057394079924,0.0377821568353888,5.763394832611084,19923,0.0005027652086475615,0.030517848164906988,0.34228255404725993,20.552438411261942,1.5559905636701301,0.15535632183908046,0.9307885761676585,29.61870286576169,11.486173956762192
QI-DMO,n100 m10 uniform high,100,10,19,20000,49.25118152951918,49.25118152951918,29.21343833304885,47.06057394079924,0.046548679824339995,8.483396291732788,19923,0.0007541478129713424,0.022825540472599295,0.34258421317244847,24.205530417295122,1.1544446117552578,0.12098850574712644,0.9458961467334974,33.57094017094017,14.840120663650076
QI-DMO,n100 m10 uniform high,100,10,20,20000,48.53300682781183,48.53300682781183,29.07058683220678,47.06057394079924,0.031288035051694654,5.976393699645996,19923,0.000955253896430367,0.024434389140271493,0.3480140774258421,24.57998994469583,1.8571500276062842,0.17558620689655172,0.9258508815602418,35.25118149824032,13.908798391151333
QI-DMO,n100 m10 uniform high,100,10,21,20000,48.653661558609045,48.653661558609045,28.93534636233272,47.06057394079924,0.03385185271675316,8.756476879119873,19923,0.0020613373554550026,0.03167420814479638,0.3405228758169935,22.59627953745601,1.455604075691412,0.0999080459770115,0.9584420190953629,32.76380090497737,12.42875816993464
QI-DMO,n100 m10 uniform high,100,10,22,20000,49.112546454100084,49.112546454100084,29.301142028928638,47.06057394079924,0.043602794047564425,8.563004493713379,19923,0.0008044243338360985,0.027551533433886374,0.3452991452991453,22.052086475615887,1.5559905636701301,0.14236781609195404,0.9403414779390648,31.49069884364002,12.613474107591754
QI-DMO,n100 m10 uniform high,100,10,23,20000,48.67862252647554,48.67862252647554,29.137265448465282,47.06057394079924,0.03438225355499831,10.611910820007324,19923,0.0038712921065862244,0.03443941679235797,0.3376571141277024,21.075816993464052,1.5559905636701301,0.04703448275862069,0.9708365777164254,30.849974861739568,11.301659125188538
QI-DMO,n100 m10 uniform high,100,10,24,20000,48.87509744395196,48.87509744395196,29.289754362492285,47.06057394079924,0.03855719025941621,10.396797180175781,19923,0.00040221216691804925,0.022724987430869783,0.3417797888386124,23.24228255404726,1.1042513677658987,0.1221609195402299,0.9450996284091789,31.343288084464554,15.141277023629964
QI-DMO,n100 m10 uniform high,100,10,25,20000,49.3926238315457,49.3926238315457,29.453138450288264,47.06057394079924,0.049554216947717396,8.906035661697388,19923,0.0005027652086475615,0.023076923076923078,0.34796380090497736,22.198190045248868,1.4054108317020528,0.12636781609195402,0.9424343410531573,30.071392659627953,14.324987430869784
QI-DMO,n100 m10 uniform high,100,10,26,20000,48.97150622804473,48.97150622804473,29.089066211040464,47.06057394079924,0.04060580072077719,5.874410629272461,19923,0.0010558069381598793,0.031473102061337355,0.3424333836098542,20.577526395173454,1.3050243437233349,0.13613793103448274,0.943217734007318,28.75515334338864,12.39989944695827
QI-DMO,n100 m10 uniform high,100,10,27,20000,49.36935312445768,49.36935312445768,29.308007179966054,47.06057394079924,0.049059732815048496,13.074434518814087,19923,0.0018602312719959778,0.03886375062845651,0.3375062845651081,21.88521870286576,1.1544446117552578,0.0977471264367816,0.9527583701967657,32.05771744595274,11.712719959778783
QI-DMO,n100 m10 uniform high,100,10,28,20000,48.972056823338434,48.972056823338434,29.211682108235483,47.06057394079924,0.04061750043558295,7.542070627212524,19923,0.0008547008547008547,0.026143790849673203,0.3434389140271493,22.963046757164403,1.656377051648848,0.18045977011494252,0.9324972513731039,32.889089994972345,13.03700351935646
QI-DMO,n100 m10 uniform high,100,10,29,20000,48.82071308626244,48.82071308626244,28.975991590639534,47.06057394079924,0.03740156564340674,7.047429323196411,19923,0.0016591251885369532,0.03177476118652589,0.3404725992961287,21.77094017094017,1.756763539627566,0.09133333333333332,0.958697287891168,31.13192559074912,12.409954751131222
P-DMO (linear twin),n100 m10 uniform high,100,10,0,20000,49.46022747799176,49.46022747799176,29.21981206486016,47.06057394079924,0.05099074100139984,12.155441761016846,19923,0.0018602312719959778,0.019205630970336854,0.3663650075414781,33.64047259929613,1.0540581237765396,0.08726436781609195,0.9630794211969177,44.36068376068376,22.920261437908497
P-DMO (linear twin),n100 m10 uniform high,100,10,1,20000,48.76617583844956,48.76617583844956,28.964695900868044,47.06057394079924,0.03624269223311897,5.9152913093566895,19923,0.0020613373554550026,0.023278029160382102,0.3614881850175968,32.26028154851684,2.2085027355317974,0.06482758620689655,0.96593195799136,43.175062845651084,21.345500251382603
P-DMO (linear twin),n100 m10 uniform high,100,10,2,20000,48.61657221509551,48.61657221509551,29.091377557326666,47.06057394079924,0.033063733482164286,13.744090795516968,19923,0.006083459024635495,0.030517848164906988,0.35545500251382606,28.963147310206132,1.3050243437233349,0.06889655172413793,0.9675972297322979,41.48295625942685,16.44333836098542
P-DMO (linear twin),n100 m10 uniform high,100,10,3,20000,49.14508972443484,49.14508972443484,29.137309910814842,47.06057394079924,0.04429431282027838,5.889816761016846,19923,0.0034690799396681748,0.03117144293614882,0.35570638511814984,31.167370537958774,1.4054108317020528,0.05489655172413793,0.96713226338568,43.75103066867773,18.58371040723982
P-DMO (linear twin),n100 m10 uniform high,100,10,4,20000,49.95193626866031,49.95193626866031,29.32365483311333,47.06057394079924,0.061439164161030416,6.328916311264038,19923,0.0003519356460532931,0.018903971845148314,0.36264454499748616,33.59969834087481,1.355217587712694,0.11048275862068965,0.9590277978231132,43.337556561085975,23.86184012066365
P-DMO (linear twin),n100 m10 uniform high,100,10,5,20000,48.95819333121263,48.95819333121263,29.191658079131706,47.06057394079924,0.04032291218548538,12.681949377059937,19923,0.00045248868778280545,0.016691804927099044,0.3651080945198592,32.10849673202615,1.2046378557446167,0.15197701149425286,0.9440867069816256,42.438310708898946,21.778682755153344
P-DMO (linear twin),n100 m10 uniform high,100,10,6,20000,49.383152294158954,49.383152294158954,29.193484089655417,47.06057394079924,0.049352954264464545,5.867957830429077,19923,0.002011060834590246,0.02528908999497235,0.36551030668677725,31.96163901458019,1.355217587712694,0.08225287356321839,0.9667645140979068,43.219909502262446,20.70336852689794
P-DMO (linear twin),n100 m10 uniform high,100,10,7,20000,49.03259709786337,49.03259709786337,29.305369878997304,47.06057394079924,0.041903933418765374,9.246792316436768,19923,0.0010558069381598793,0.020713926596279537,0.3608848667672197,32.99446958270487,1.5559905636701301,0.09073563218390804,0.962727060713847,44.473604826546,21.515334338863752
P-DMO (linear twin),n100 m10 uniform high,100,10,8,20000,49.500925991484785,49.500925991484785,29.274767895805418,47.06057394079924,0.051855552245398354,10.388578414916992,19923,0.003167420814479638,0.02458521870286576,0.36425339366515835,32.01533433886375,1.606183807659489,0.07232183908045978,0.9681316875024325,43.23197586726999,20.798692810457517
P-DMO (linear twin),n100 m10 uniform high,100,10,9,20000,48.710604775918924,48.710604775918924,29.059384912020338,47.06057394079924,0.03506185107719627,13.623630285263062,19923,0.002161890397184515,0.02016088486676722,0.36344896933132226,31.169733534439416,1.4054108317020528,0.10135632183908046,0.959548444486131,41.85872297637003,20.480744092508797
P-DMO (linear twin),n100 m10 uniform high,100,10,10,20000,49.137721392258534,49.137721392258534,29.21923106495216,47.06057394079924,0.04413774158539343,9.334273099899292,19923,0.0010558069381598793,0.01985922574157868,0.3650075414781297,32.03629964806436,1.5559905636701301,0.10016091954022988,0.9620858827432877,42.69230769230769,21.380291603821014
P-DMO (linear twin),n100 m10 uniform high,100,10,11,20000,49.36003323032626,49.36003323032626,29.172933778004897,47.06057394079924,0.0488616924311138,6.052679061889648,19923,0.0009049773755656109,0.022423328305681247,0.3614881850175968,31.824786324786324,1.505797319680771,0.10898850574712643,0.9571648550826036,43.133836098541984,20.51573655103067
P-DMO (linear twin),n100 m10 uniform high,100,10,12,20000,49.25624313117415,49.25624313117415,29.289480727421466,47.06057394079924,0.046656234858865074,17.30060362815857,19923,0.001005530417295123,0.02091503267973856,0.36103569632981397,32.61508295625943,1.1042513677658987,0.12057471264367817,0.9579608237676147,43.978481649069884,21.25168426344897
P-DMO (linear twin),n100 m10 uniform high,100,10,13,20000,49.61462018816116,49.61462018816116,29.320645717317074,47.06057394079924,0.05427146406193083,9.141973972320557,19923,0.0014077425842131724,0.02317747611865259,0.36118652589240824,31.20392156862745,1.455604075691412,0.09567816091954023,0.9619035036001032,43.67772750125691,18.73011563599799
P-DMO (linear twin),n100 m10 uniform high,100,10,14,20000,49.24513714867964,49.24513714867964,29.203584009591744,47.06057394079924,0.04642024150892242,10.845351457595825,19923,0.00065359477124183,0.02317747611865259,0.36390145801910506,31.02483660130719,1.505797319680771,0.13151724137931034,0.951991195140959,42.91593765711413,19.13373554550025
P-DMO (linear twin),n100 m10 uniform high,100,10,15,20000,49.51016568368799,49.51016568368799,29.40123392645176,47.06057394079924,0.05205188840174922,6.937930107116699,19923,0.00065359477124183,0.02171945701357466,0.363499245852187,32.47179487179487,1.2548310997339758,0.13075862068965516,0.9517925210735801,43.99738562091503,20.94620412267471
P-DMO (linear twin),n100 m10 uniform high,100,10,16,20000,49.82654988995843,49.82654988995843,29.2197518549605,47.06057394079924,0.05877480271784837,6.333863973617554,19923,0.00010055304172951231,0.013323278029160382,0.3685771744595274,33.983760683760686,1.0038648797871808,0.15777011494252874,0.9450663643197486,43.94509803921569,24.02242332830568
P-DMO (linear twin),n100 m10 uniform high,100,10,17,20000,49.624181271593365,49.624181271593365,29.2955011399973,47.06057394079924,0.05447462952787331,10.919968128204346,19923,0.00045248868778280545,0.021870286576168928,0.3609854198089492,31.762543991955756,1.455604075691412,0.12108045977011495,0.9526767148721582,42.36721970839618,21.157868275515334
P-DMO (linear twin),n100 m10 uniform high,100,10,18,20000,49.210953756995536,49.210953756995536,29.058694329048652,47.06057394079924,0.04569387145387158,11.600710391998291,19923,0.0011060834590246355,0.021367521367521368,0.3658119658119658,32.488536953242836,1.355217587712694,0.11604597701149424,0.9560487713550643,43.49049773755656,21.48657616892911
P-DMO (linear twin),n100 m10 uniform high,100,10,19,20000,48.95166974255922,48.95166974255922,29.185583007051918,47.06057394079924,0.04018429108278453,8.989938735961914,19923,0.00196078431372549,0.01985922574157868,0.363298139768728,32.633634992458525,1.4054108317020528,0.09411494252873563,0.963034379997479,43.1430869783811,22.124183006535947
P-DMO (linear twin),n100 m10 uniform high,100,10,20,20000,48.548263448967106,48.548263448967106,29.12399454764524,47.06057394079924,0.0316122261925521,10.29282808303833,19923,0.0021116138763197585,0.028205128205128206,0.35877325289089995,31.88888888888889,1.455604075691412,0.10404597701149426,0.9575131970930021,42.76380090497737,21.013976872800402
P-DMO (linear twin),n100 m10 uniform high,100,10,21,20000,49.15143917881882,49.15143917881882,29.313363451986945,47.06057394079924,0.04442923370738798,28.1337149143219,19923,0.00045248868778280545,0.018250377073906487,0.36586224233283055,33.69582704876822,1.3050243437233349,0.11882758620689655,0.9483521846680395,43.44595274007039,23.945701357466064
P-DMO (linear twin),n100 m10 uniform high,100,10,22,20000,49.70633571692061,49.70633571692061,29.383771731268514,47.06057394079924,0.056220346556964285,13.281144142150879,19923,0.000955253896430367,0.021769733534439416,0.36561085972850677,30.554901960784314,1.8069567836169251,0.10333333333333333,0.9610647568149596,41.85510306686777,19.254700854700854
P-DMO (linear twin),n100 m10 uniform high,100,10,23,20000,49.39770842655648,49.39770842655648,29.0898892117388,47.06057394079924,0.04966226057287961,12.73598575592041,19923,0.00020110608345902463,0.016842634489693312,0.3699849170437406,33.803519356460534,1.1042513677658987,0.13728735632183908,0.954441432952429,43.54218200100553,24.064856711915535
P-DMO (linear twin),n100 m10 uniform high,100,10,24,20000,49.40952363598041,49.40952363598041,29.26919857009215,47.06057394079924,0.04991332443450611,7.838932037353516,19923,0.00045248868778280545,0.019658119658119658,0.36083459024635495,33.01880341880342,1.0540581237765396,0.14855172413793105,0.9516636438446433,44.602513826043236,21.4350930115636
P-DMO (linear twin),n100 m10 uniform high,100,10,25,20000,49.48406217160115,49.48406217160115,29.372558830115786,47.06057394079924,0.0514972094018783,13.345813989639282,19923,0.004575163398692811,0.023127199597787834,0.3604323780794369,31.61302161890397,1.4054108317020528,0.04372413793103449,0.9752145632908324,42.35525389643037,20.870789341377577
P-DMO (linear twin),n100 m10 uniform high,100,10,26,20000,49.075760362561745,49.075760362561745,29.096038644188145,47.06057394079924,0.04282111867776093,9.32202935218811,19923,0.00025138260432378077,0.016540975364504776,0.3635997988939165,33.04198089492207,1.355217587712694,0.13170114942528735,0.9529595110869913,44.9894419306184,21.09451985922574
P-DMO (linear twin),n100 m10 uniform high,100,10,27,20000,48.99888864533083,48.99888864533083,29.15143957250683,47.06057394079924,0.04118765544529765,32.94225859642029,19923,0.001005530417295123,0.017194570135746608,0.37013574660633486,32.0640522875817,1.8069567836169251,0.09448275862068967,0.9632920752887817,42.131121166415284,21.996983408748115
P-DMO (linear twin),n100 m10 uniform high,100,10,28,20000,49.55128030618515,49.55128030618515,29.214571919182603,47.06057394079924,0.0529255416331969,11.654065370559692,19923,0.0011060834590246355,0.019205630970336854,0.36822523881347413,31.38034188034188,1.2046378557446167,0.1326896551724138,0.9545227975431937,42.86173956762192,19.89894419306184
P-DMO (linear twin),n100 m10 uniform high,100,10,29,20000,49.85447264762455,49.85447264762455,29.28884109526198,47.06057394079924,0.059368139248364225,8.50414228439331,19923,0.0011563599798893917,0.023881347410759174,0.36370035193564604,30.701206636500753,1.2548310997339758,0.10013793103448275,0.9648446023833552,42.0623428858723,19.34007038712921
QI-DMO register-attractor,n100 m10 uniform high,100,10,0,20000,92.34808412233485,92.34808412233485,46.03031640475739,47.06057394079924,0.9623237965288294,12.41064167022705,19923,0.0,0.0,0.3652086475615887,89.98929110105581,0.40154595191487225,0.8991954022988505,0.10000000000000006,89.99517345399698,89.98340874811463
QI-DMO register-attractor,n100 m10 uniform high,100,10,1,20000,90.20096081035533,90.20096081035533,45.563907056875486,47.06057394079924,0.9166991232156534,10.26319694519043,19923,0.0,0.0,0.35615887380593264,90.01659125188537,0.30115946393615417,0.9005287356321838,0.10000000000000006,90.01980894922072,90.01337355455003
QI-DMO register-attractor,n100 m10 uniform high,100,10,2,20000,91.21482210024779,91.21482210024779,46.0685158164181,47.06057394079924,0.9382428742792904,10.148147821426392,19923,0.0,0.0,0.36380090497737555,90.00120663650075,0.30115946393615417,0.9025747126436783,0.10000000000000006,90.00221216691806,90.00020110608347
QI-DMO register-attractor,n100 m10 uniform high,100,10,3,20000,82.1160471600221,82.1160471600221,42.54818702362768,47.06057394079924,0.7449010983869764,23.382533311843872,19923,0.0,0.0,0.36309703368526897,90.03247863247863,0.40154595191487225,0.9012873563218391,0.10000000000000006,90.02101558572147,90.0439416792358
QI-DMO register-attractor,n100 m10 uniform high,100,10,4,20000,86.09374314398096,86.09374314398096,43.84505529601242,47.06057394079924,0.8294239941120194,14.869064569473267,19923,0.0,0.0,0.35832076420311715,90.0219708396179,0.2509662199467952,0.9015172413793104,0.10000000000000006,90.00834590246355,90.03559577677225
QI-DMO register-attractor,n100 m10 uniform high,100,10,5,20000,100.3167497154841,100.3167497154841,49.55510513131413,47.06057394079924,1.131651642023735,11.487449407577515,19923,0.0,0.0,0.36380090497737555,90.01608848667672,0.3513527079255132,0.8980919540229886,0.10000000000000006,90.00623428858724,90.02594268476622
QI-DMO register-attractor,n100 m10 uniform high,100,10,6,20000,80.11898590857653,80.11898590857653,41.322068594559724,47.06057394079924,0.7024651252524835,17.011216640472412,19923,0.0,0.0,0.36083459024635495,89.96214177978884,0.40154595191487225,0.9011034482758621,0.10000000000000006,89.93162393162393,89.99265962795374
QI-DMO register-attractor,n100 m10 uniform high,100,10,7,20000,95.51090236958707,95.51090236958707,47.413303333269326,47.06057394079924,1.0295311844206758,10.18075442314148,19923,0.0,0.0,0.3621417797888386,90.02041226747109,0.4517391959042313,0.8974712643678161,0.10000000000000006,90.02795374560081,90.01287078934138
QI-DMO register-attractor,n100 m10 uniform high,100,10,8,20000,98.89420662021406,98.89420662021406,49.1859244541886,47.06057394079924,1.1014237256141404,28.58026361465454,19923,0.0,0.0,0.3598290598290598,90.01533433886375,0.6023189278723083,0.9008275862068966,0.10000000000000006,90.03901458019105,89.99165409753645
QI-DMO register-attractor,n100 m10 uniform high,100,10,9,20000,89.98247983655948,89.98247983655948,45.635315487147736,47.06057394079924,0.9120565752078308,20.58512806892395,19923,0.0,0.0,0.36540975364504774,89.98536953242835,0.2509662199467952,0.8997701149425288,0.10000000000000006,89.98029160382102,89.9904474610357
QI-DMO register-attractor,n100 m10 uniform high,100,10,10,20000,79.48009956623683,79.48009956623683,41.44163516007908,47.06057394079924,0.6888892954476153,8.984438419342041,19923,0.0,0.0,0.361236802413273,90.010407239819,0.3513527079255132,0.8978850574712643,0.10000000000000006,90.0231271995978,89.99768728004022
QI-DMO register-attractor,n100 m10 uniform high,100,10,11,20000,83.0304524712036,83.0304524712036,42.515354996025415,47.06057394079924,0.7643314885120902,12.66650390625,19923,0.0,0.0,0.3628456510809452,89.95771744595274,0.2509662199467952,0.8991494252873564,0.10000000000000006,89.93303167420814,89.98240321769734
QI-DMO register-attractor,n100 m10 uniform high,100,10,12,20000,90.8219165268163,90.8219165268163,45.7945698396516,47.06057394079924,0.9298939413927991,16.39796805381775,19923,0.0,0.0,0.367219708396179,89.99743589743589,0.4517391959042313,0.8994252873563218,0.10000000000000006,90.01850175967823,89.97637003519357
QI-DMO register-attractor,n100 m10 uniform high,100,10,13,20000,99.51487890668012,99.51487890668012,49.454637340642094,47.06057394079924,1.1146125211279148,16.525575637817383,19923,0.0,0.0,0.3597285067873303,89.99089994972348,0.3513527079255132,0.8988735632183907,0.10000000000000006,89.96802413273001,90.01377576671695
QI-DMO register-attractor,n100 m10 uniform high,100,10,14,20000,93.17416329235182,93.17416329235182,46.122026035632786,47.06057394079924,0.9798773259663613,16.40639019012451,19923,0.0,0.0,0.3590749120160885,89.99497234791352,0.30115946393615417,0.8994942528735632,0.10000000000000006,90.02815485168426,89.96178984414279
QI-DMO register-attractor,n100 m10 uniform high,100,10,15,20000,85.73115959090077,85.73115959090077,43.80512628370395,47.06057394079924,0.8217193801917493,8.62001895904541,19923,0.0,0.0,0.3631975867269985,90.00472599296128,0.4517391959042313,0.9009885057471264,0.10000000000000006,89.95625942684767,90.05319255907492
QI-DMO register-attractor,n100 m10 uniform high,100,10,16,20000,89.33511450517976,89.33511450517976,45.269651380667824,47.06057394079924,0.8983005735875768,16.650726556777954,19923,0.0,0.0,0.36013071895424836,90.01271995977878,0.2509662199467952,0.9005977011494253,0.10000000000000006,89.98521870286577,90.0402212166918
QI-DMO register-attractor,n100 m10 uniform high,100,10,17,20000,81.49925101200127,81.49925101200127,42.20408426858415,47.06057394079924,0.731794667751499,16.22888207435608,19923,0.0,0.0,0.36013071895424836,89.98722976370036,0.4517391959042313,0.9010574712643679,0.10000000000000006,89.97486173956761,89.99959778783308
QI-DMO register-attractor,n100 m10 uniform high,100,10,18,20000,101.57947574970312,101.57947574970312,49.86158902195778,47.06057394079924,1.1584835722039215,9.033391237258911,19923,0.0,0.0,0.35806938159879337,90.00326797385621,0.5019324398935904,0.901264367816092,0.10000000000000006,90.00915032679738,89.99738562091503
QI-DMO register-attractor,n100 m10 uniform high,100,10,19,20000,85.48264727738137,85.48264727738137,43.769745376857415,47.06057394079924,0.8164386899512941,25.25076174736023,19923,0.0,0.0,0.3621417797888386,89.98848667672198,0.3513527079255132,0.8998850574712643,0.10000000000000006,89.96943187531423,90.00754147812971
QI-DMO register-attractor,n100 m10 uniform high,100,10,20,20000,87.78287187295568,87.78287187295568,44.66162914345207,47.06057394079924,0.8653166445310219,9.049716234207153,19923,0.0,0.0,0.36073403720462544,89.97043740573152,0.4517391959042313,0.9012413793103449,0.10000000000000006,89.97667169431875,89.9642031171443
QI-DMO register-attractor,n100 m10 uniform high,100,10,21,20000,78.37749918671615,78.37749918671615,40.62606175763055,47.06057394079924,0.6654599088679336,9.002072811126709,19923,0.0,0.0,0.35957767722473605,89.98763197586727,0.3513527079255132,0.8988505747126437,0.10000000000000006,89.98029160382102,89.99497234791352
QI-DMO register-attractor,n100 m10 uniform high,100,10,22,20000,102.2429988766333,102.2429988766333,50.4049479385742,47.06057394079924,1.1725829142086508,17.354019165039062,19923,0.0,0.0,0.36279537456008043,90.04062342885872,0.2509662199467952,0.8997471264367816,0.10000000000000006,90.05470085470085,90.02654600301659
QI-DMO register-attractor,n100 m10 uniform high,100,10,23,20000,87.98772401282488,87.98772401282488,44.53602836165477,47.06057394079924,0.8696695905900075,12.528049230575562,19923,0.0,0.0,0.36103569632981397,90.02106586224234,0.30115946393615417,0.8983908045977012,0.10000000000000006,89.99084967320262,90.05128205128206
QI-DMO register-attractor,n100 m10 uniform high,100,10,24,20000,98.4321280518952,98.4321280518952,48.7697563093403,47.06057394079924,1.0916049212599874,26.261441230773926,19923,0.0,0.0,0.3616892911010558,90.00010055304173,0.2509662199467952,0.901448275862069,0.10000000000000006,89.99255907491201,90.00764203117144
QI-DMO register-attractor,n100 m10 uniform high,100,10,25,20000,83.77165394470488,83.77165394470488,43.01508038290398,47.06057394079924,0.7800814339852093,14.11121392250061,19923,0.0,0.0,0.35887380593262946,90.00050276520865,0.15057973196807709,0.9000229885057471,0.10000000000000006,90.0068376068376,89.99416792357968
QI-DMO register-attractor,n100 m10 uniform high,100,10,26,20000,94.99522211831342,94.99522211831342,47.49563951971125,47.06057394079924,1.0185733866700075,9.394663572311401,19923,0.0,0.0,0.3597285067873303,89.98315736551031,0.3513527079255132,0.8975172413793103,0.10000000000000006,89.98401206636501,89.9823026646556
QI-DMO register-attractor,n100 m10 uniform high,100,10,27,20000,91.3894235241974,91.3894235241974,45.759639572381374,47.06057394079924,0.9419530165348705,18.17219877243042,19923,0.0,0.0,0.3623931623931624,89.98607340372047,0.2509662199467952,0.9009885057471264,0.10000000000000006,89.9805932629462,89.99155354449472
QI-DMO register-attractor,n100 m10 uniform high,100,10,28,20000,87.65757588869351,87.65757588869351,44.639566934221996,47.06057394079924,0.8626542038982369,16.566117763519287,19923,0.0,0.0,0.3589240824534942,90.00839617898441,0.3513527079255132,0.8986436781609196,0.10000000000000006,90.01297134238311,90.00382101558573
QI-DMO register-attractor,n100 m10 uniform high,100,10,29,20000,89.79418703652513,89.79418703652513,45.198374425693586,47.06057394079924,0.9080555020319869,12.360472440719604,19923,0.0,0.0,0.36279537456008043,90.00125691302162,0.5019324398935904,0.9008735632183908,0.10000000000000006,90.03288084464555,89.96963298139768
DMO greedy-next,n100 m10 uniform high,100,10,0,20000,68.49980907518632,68.49980907518632,36.95264110255955,47.06057394079924,0.45556680123274707,4.732167959213257,19926,0.03614881850175968,0.05052790346907994,0.020110608345902465,50.63323278029161,0.6524139315467229,0.12855172413793103,,61.042031171442936,40.22443438914027
DMO greedy-next,n100 m10 uniform high,100,10,1,20000,56.60312050096359,56.60312050096359,32.345493530093684,47.06057394079924,0.20277157206303062,7.035032272338867,19926,0.03363499245852187,0.04318753142282554,0.027149321266968326,41.99436902966315,1.154270801967279,0.23763218390804597,,57.97184514831574,26.016892911010558
DMO greedy-next,n100 m10 uniform high,100,10,2,20000,54.207250666459366,54.207250666459366,31.159615829659575,47.06057394079924,0.1518612317531535,5.11913537979126,19926,0.03619909502262444,0.027450980392156862,0.018652589240824535,54.2579185520362,0.9535280537990565,0.5351264367816092,,61.14459527400704,47.37124183006536
DMO greedy-next,n100 m10 uniform high,100,10,3,20000,73.94734548684904,73.94734548684904,38.81502299820678,47.06057394079924,0.5713226442982303,8.007860660552979,19926,0.03524384112619407,0.0314228255404726,0.015736551030668677,56.100502765208645,0.7527853056308341,0.818551724137931,,60.869281045751634,51.33172448466566
DMO greedy-next,n100 m10 uniform high,100,10,4,20000,54.25984260098745,54.25984260098745,31.375066497111767,47.06057394079924,0.15297876879369704,8.139631032943726,19926,0.038763197586727,0.046656611362493716,0.03328305681246858,37.70191050779286,1.3048278630934458,0.1674942528735632,,54.56520864756159,20.838612368024133
DMO greedy-next,n100 m10 uniform high,100,10,5,20000,65.16734581722491,65.16734581722491,35.30903112536756,47.06057394079924,0.3847545909491763,7.7072038650512695,19926,0.038210155857214684,0.047310206133735544,0.027450980392156862,47.47893413775767,1.154270801967279,0.2246206896551724,,60.93584715937657,34.02202111613877
DMO greedy-next,n100 m10 uniform high,100,10,6,20000,56.13502406346672,56.13502406346672,31.708757984042492,47.06057394079924,0.192824892745313,4.21680474281311,19926,0.04022121669180493,0.03730517848164907,0.02931121166415284,37.06963298139769,1.4553849242196126,0.3797701149425287,,48.91573655103067,25.223529411764705
DMO greedy-next,n100 m10 uniform high,100,10,7,20000,60.60394681887126,60.60394681887126,33.956303458920615,47.06057394079924,0.28778596910248416,3.9220499992370605,19926,0.03645047762694822,0.03192559074912016,0.016038210155857213,56.08109602815485,0.6524139315467229,0.8157701149425287,,61.662946204122676,50.49924585218703
DMO greedy-next,n100 m10 uniform high,100,10,8,20000,60.95652487505251,60.95652487505251,33.80791480717819,47.06057394079924,0.2952779741219041,4.038100719451904,19926,0.03519356460532931,0.022926093514328807,0.018401206636500755,53.34449472096531,0.7527853056308341,0.6542758620689655,,60.769431875314226,45.91955756661639
DMO greedy-next,n100 m10 uniform high,100,10,9,20000,57.05219374003621,57.05219374003621,32.34214606467719,47.06057394079924,0.21231402344999284,4.830912351608276,19926,0.03257918552036199,0.05434891905480141,0.02654600301659125,48.6482151835093,0.6524139315467229,0.0700919540229885,,60.97667169431875,36.31975867269985
DMO greedy-next,n100 m10 uniform high,100,10,10,20000,65.51543903088945,65.51543903088945,35.70192269467713,47.06057394079924,0.3921512966098941,8.165473461151123,19926,0.03765711412770236,0.11910507792860733,0.016540975364504776,32.56782302664656,0.40148549633644487,0.24149425287356321,,47.78350930115636,17.35213675213675
DMO greedy-next,n100 m10 uniform high,100,10,11,20000,66.83959932275832,66.83959932275832,35.912302388344806,47.06057394079924,0.4202886562080711,7.422549486160278,19926,0.03750628456510809,0.029260935143288085,0.017043740573152336,53.685118149824035,0.6524139315467229,0.790183908045977,,59.14771241830066,48.22252388134741
DMO greedy-next,n100 m10 uniform high,100,10,12,20000,60.26909233267954,60.26909233267954,33.5198079374225,47.06057394079924,0.2806705759367962,5.125175476074219,19926,0.03469079939668175,0.03745600804424334,0.0240824534942182,49.12176973353444,0.7527853056308341,0.18682758620689655,,60.940573152337855,37.30296631473102
DMO greedy-next,n100 m10 uniform high,100,10,13,20000,53.6268443896612,53.6268443896612,30.66928318277576,47.06057394079924,0.13952805711894062,6.658048152923584,19926,0.03594771241830065,0.02971342383107089,0.02679738562091503,43.0693313222725,1.3048278630934458,0.281632183908046,,58.242332830568124,27.896329813976873
DMO greedy-next,n100 m10 uniform high,100,10,14,20000,62.98796834147082,62.98796834147082,34.43819918726602,47.06057394079924,0.33844454214918324,5.963387727737427,19926,0.03690296631473102,0.029160382101558573,0.02227249874308698,44.015837104072396,1.3550135501355014,0.5334022988505747,,52.37395676219206,35.65771744595274
DMO greedy-next,n100 m10 uniform high,100,10,15,20000,58.43329560131492,58.43329560131492,32.62895432152159,47.06057394079924,0.24166134639203968,11.371535301208496,19926,0.03619909502262444,0.036701860231272,0.03413775766716943,36.1114127702363,1.0538994278831677,0.08232183908045977,,53.27038712921066,18.95243841126194
DMO greedy-next,n100 m10 uniform high,100,10,16,20000,63.31485535081639,63.31485535081639,34.49009229487516,47.06057394079924,0.3453906327293105,5.197436094284058,19926,0.0400201106083459,0.03247863247863248,0.016289592760180997,55.150175967823024,0.8029709926728897,0.8153103448275862,,60.84555052790347,49.454801407742586
DMO greedy-next,n100 m10 uniform high,100,10,17,20000,63.717243633017006,63.717243633017006,34.63888440299883,47.06057394079924,0.3539410656821005,5.780191898345947,19926,0.03403720462543992,0.026596279537456007,0.02473604826546003,38.48486676721971,0.9535280537990565,0.42901149425287355,,49.198893916540975,27.770839617898442
DMO greedy-next,n100 m10 uniform high,100,10,18,20000,57.3115567342778,57.3115567342778,32.237304433982096,47.06057394079924,0.21782528207951704,11.816357374191284,19926,0.0403720462543992,0.06138763197586727,0.030970336852689795,26.494017094017092,1.154270801967279,0.16788505747126437,,36.84424333836098,16.143790849673202
DMO greedy-next,n100 m10 uniform high,100,10,19,20000,68.79684916908668,68.79684916908668,36.76073509796149,47.06057394079924,0.4618786684503894,6.510483503341675,19926,0.0355455002513826,0.026143790849673203,0.018552036199095023,50.4131221719457,0.501856870420556,0.6583448275862069,,57.78733031674208,43.038914027149325
DMO greedy-next,n100 m10 uniform high,100,10,20,20000,59.67266936723557,59.67266936723557,33.2623721578043,47.06057394079924,0.26799705932830237,6.808441400527954,19926,0.036349924585218706,0.028808446455505277,0.027450980392156862,41.06289592760181,1.5055706112616682,0.3155862068965517,,55.52166918049271,26.60412267471091
DMO greedy-next,n100 m10 uniform high,100,10,21,20000,54.74651979373019,54.74651979373019,31.424544076789196,47.06057394079924,0.16332027447433248,10.302207946777344,19926,0.03453996983408748,0.03036701860231272,0.02709904474610357,42.80100553041729,1.154270801967279,0.26291954022988506,,59.64333836098542,25.95867269984917
DMO greedy-next,n100 m10 uniform high,100,10,22,20000,58.38520301105579,58.38520301105579,32.915946322391854,47.06057394079924,0.24063941686097143,6.795989513397217,19926,0.0350930115635998,0.030316742081447964,0.02081447963800905,50.807541478129714,0.7527853056308341,0.3200919540229885,,59.354047259929615,42.26103569632981
DMO greedy-next,n100 m10 uniform high,100,10,23,20000,60.961327988353354,60.961327988353354,33.491761863247184,47.06057394079924,0.29538003648321076,6.69921088218689,19926,0.03946706887883358,0.051583710407239816,0.03152337858220211,31.450779286073402,1.003713740841112,0.23298850574712646,,46.364504776269484,16.537053795877327
DMO greedy-next,n100 m10 uniform high,100,10,24,20000,62.62643187576078,62.62643187576078,34.361138958688294,47.06057394079924,0.3307621780079205,9.971166849136353,19926,0.03549522373051785,0.04183006535947712,0.028707893413775765,36.604725992961285,0.7527853056308341,0.3157011494252874,,50.171744595274006,23.037707390648567
DMO greedy-next,n100 m10 uniform high,100,10,25,20000,63.11508627341718,63.11508627341718,34.772626159973434,47.06057394079924,0.3411456977302067,4.998549699783325,19926,0.03534439416792358,0.029160382101558573,0.027450980392156862,36.797435897435896,1.2546421760513902,0.4339310344827586,,46.189140271493216,27.40573152337858
DMO greedy-next,n100 m10 uniform high,100,10,26,20000,56.17044884634365,56.17044884634365,31.9502834757147,47.06057394079924,0.19357764138202735,6.490284204483032,19926,0.036349924585218706,0.026344896933132227,0.02483660130718954,49.32760180995475,0.9535280537990565,0.22082758620689658,,60.8807440925088,37.7744595274007
DMO greedy-next,n100 m10 uniform high,100,10,27,20000,58.93070825595592,58.93070825595592,33.17212615121455,47.06057394079924,0.2522309721528035,7.030625581741333,19926,0.033182503770739065,0.03936651583710407,0.025691302161890396,44.4955756661639,1.2546421760513902,0.32045977011494253,,60.75324283559578,28.237908496732025
DMO greedy-next,n100 m10 uniform high,100,10,28,20000,68.10899052397284,68.10899052397284,36.39102852901177,47.06057394079924,0.4472622159188254,5.045866012573242,19926,0.03645047762694822,0.03298139768728004,0.0175465057817999,53.972247360482655,0.8029709926728897,0.750712643678161,,60.36691804927099,47.57757667169432
DMO greedy-next,n100 m10 uniform high,100,10,29,20000,64.75543955653049,64.75543955653049,35.226809615410815,47.06057394079924,0.3760019084763151,6.634377479553223,19926,0.03494218200100553,0.02800402212166918,0.022071392659627955,52.11251885369533,0.8029709926728897,0.43919540229885057,,61.756963298139766,42.46807440925088
QI-DMO greedy-next,n100 m10 uniform high,100,10,0,20000,47.84728246623689,47.84728246623689,28.852414671566343,47.06057394079924,0.016716934358414513,15.206183910369873,19926,0.2355455002513826,0.09351432880844646,0.03841126194067371,6.321065862242333,1.5055706112616682,0.0037241379310344828,0.9890951857645899,11.536551030668678,1.105580693815988
QI-DMO greedy-next,n100 m10 uniform high,100,10,1,20000,47.583338943119514,47.583338943119514,28.832130898802724,47.06057394079924,0.011108343110687502,11.610013008117676,19926,0.18541980894922072,0.04841628959276018,0.04137757667169432,8.879135243841127,2.157984542808391,0.0,0.9898782234152748,16.44112619406737,1.3171442936148818
QI-DMO greedy-next,n100 m10 uniform high,100,10,2,20000,47.79837948304573,47.79837948304573,28.92330232342528,47.06057394079924,0.01567778461806751,13.589348793029785,19926,0.1318753142282554,0.07269984917043741,0.041176470588235294,10.668979386626445,1.7063133594298905,0.0031264367816091956,0.9875321012809607,19.59808949220714,1.7398692810457517
QI-DMO greedy-next,n100 m10 uniform high,100,10,3,20000,47.469661268396116,47.469661268396116,28.800073283494644,47.06057394079924,0.008692782372597034,15.955759525299072,19926,0.23655103066867772,0.02056309703368527,0.041528406234288585,8.287782805429865,1.2044564890093346,0.0023908045977011493,0.9877352670216589,15.570839617898441,1.004725992961287
QI-DMO greedy-next,n100 m10 uniform high,100,10,4,20000,47.79174651952333,47.79174651952333,28.8853711746982,47.06057394079924,0.01553683938584949,19.281355142593384,19926,0.3132730015082956,0.01699346405228758,0.03524384112619407,7.0398692810457515,1.5055706112616682,0.0006666666666666666,0.9896066429634006,13.18954248366013,0.8901960784313725
QI-DMO greedy-next,n100 m10 uniform high,100,10,5,20000,47.76133126355134,47.76133126355134,28.903158322877772,47.06057394079924,0.014890539236381495,16.269201517105103,19926,0.19547511312217195,0.07094017094017094,0.0440422322775264,10.99175465057818,2.05761316872428,0.0006666666666666666,0.9891437124720838,20.796480643539468,1.187028657616893
QI-DMO greedy-next,n100 m10 uniform high,100,10,6,20000,47.728835620752946,47.728835620752946,28.887919374348147,47.06057394079924,0.014200032511170847,12.267319202423096,19926,0.2347410759175465,0.04524886877828054,0.04142785319255907,7.021518350930116,1.5055706112616682,0.0006666666666666666,0.990475957224498,13.029864253393665,1.013172448466566
QI-DMO greedy-next,n100 m10 uniform high,100,10,7,20000,48.051408911532434,48.051408911532434,28.934293466668727,47.06057394079924,0.02105445998129212,20.05069065093994,19926,0.11126194067370537,0.08466566113624938,0.04047259929612871,12.542835595776772,1.8568704205560573,0.008344827586206896,0.9853283195335715,23.122674710910005,1.9629964806435394
QI-DMO greedy-next,n100 m10 uniform high,100,10,8,20000,47.72229947017051,47.72229947017051,28.875419412886178,47.06057394079924,0.014061144477407032,18.181300401687622,19926,0.20040221216691806,0.06279537456008044,0.04012066365007542,7.961538461538462,1.8568704205560573,0.0018620689655172414,0.9897995273754441,14.747410759175464,1.175666163901458
QI-DMO greedy-next,n100 m10 uniform high,100,10,9,20000,47.783984897986564,47.783984897986564,28.819529877161497,47.06057394079924,0.015371911062907032,11.541513681411743,19926,0.25369532428355956,0.04389140271493212,0.04062342885872298,8.089291101055807,1.8066847335140017,0.0,0.9900176587064158,15.174560080442433,1.0040221216691805
QI-DMO greedy-next,n100 m10 uniform high,100,10,10,20000,47.503503850677866,47.503503850677866,28.772405362853274,47.06057394079924,0.009411910497220477,19.43098783493042,19926,0.32393162393162395,0.02066365007541478,0.03961789844142785,6.21850175967823,1.5055706112616682,0.0,0.9915235434494343,11.605429864253393,0.8315736551030669
QI-DMO greedy-next,n100 m10 uniform high,100,10,11,20000,48.52797474442078,48.52797474442078,28.94941480301879,47.06057394079924,0.03118110725694696,19.285927534103394,19926,0.09100050276520864,0.1342885872297637,0.03433886375062846,7.9747611865258925,1.4553849242196126,0.03933333333333333,0.9850412942287814,13.11945701357466,2.8300653594771243
QI-DMO greedy-next,n100 m10 uniform high,100,10,12,20000,47.599804865346826,47.599804865346826,28.859380313937468,47.06057394079924,0.011458230943505376,18.995450735092163,19926,0.1994469582704877,0.056108597285067875,0.039567621920563095,7.940372046254399,1.7063133594298905,0.0006666666666666666,0.9902040819927739,14.481347410759176,1.3993966817496228
QI-DMO greedy-next,n100 m10 uniform high,100,10,13,20000,47.55720201625668,47.55720201625668,28.799206968366633,47.06057394079924,0.010552954073237336,12.34849762916565,19926,0.2268476621417798,0.08129713423831071,0.03750628456510809,6.292156862745098,1.756499046471946,0.0013333333333333333,0.9875190584431484,11.425238813474108,1.1590749120160886
QI-DMO greedy-next,n100 m10 uniform high,100,10,14,20000,47.57835218920093,47.57835218920093,28.84797416316038,47.06057394079924,0.011002378531401664,25.171783447265625,19926,0.21895424836601307,0.05615887380593263,0.044595274007038714,7.698541980894922,2.408912978018669,0.006436781609195402,0.9880775687314051,14.202312719959778,1.1947712418300653
QI-DMO greedy-next,n100 m10 uniform high,100,10,15,20000,48.00426268356249,48.00426268356249,28.919980463795163,47.06057394079924,0.020052639900872894,18.5490300655365,19926,0.10854700854700855,0.09688285570638512,0.04012066365007542,14.508446455505279,1.8066847335140017,0.012229885057471263,0.9872876076067211,27.188536953242835,1.8283559577677224
QI-DMO greedy-next,n100 m10 uniform high,100,10,16,20000,47.35833277360173,47.35833277360173,28.71685946124137,47.06057394079924,0.006327139851228018,14.132572174072266,19926,0.177526395173454,0.030165912518853696,0.044846656611362494,11.008949220713927,2.157984542808391,0.007402298850574712,0.9900128318261214,20.708295625942686,1.3096028154851684
QI-DMO greedy-next,n100 m10 uniform high,100,10,17,20000,47.7923402033257,47.7923402033257,28.944262067018293,47.06057394079924,0.015549454697407702,11.930360078811646,19926,0.14715937657114128,0.062242332830568126,0.046153846153846156,9.06068376068376,2.1077988557663354,0.0,0.9904232022393917,16.323981900452488,1.7973856209150327
QI-DMO greedy-next,n100 m10 uniform high,100,10,18,20000,47.444446232981775,47.444446232981775,28.77621852698554,47.06057394079924,0.008156982799772852,14.69243836402893,19926,0.24705882352941178,0.026244343891402715,0.042634489693313224,8.325339366515838,2.05761316872428,0.0,0.9899215308235249,15.695726495726495,0.9549522373051785
QI-DMO greedy-next,n100 m10 uniform high,100,10,19,20000,47.60425645050633,47.60425645050633,28.820750690526037,47.06057394079924,0.01155282360965307,16.642399549484253,19926,0.19994972347913526,0.036701860231272,0.04183006535947712,10.042433383609854,1.756499046471946,0.0,0.990506242693389,18.895827048768226,1.1890397184514832
QI-DMO greedy-next,n100 m10 uniform high,100,10,20,20000,47.79817508052803,47.79817508052803,28.87521990379827,47.06057394079924,0.015673441226124334,14.156935453414917,19926,0.2222222222222222,0.02654600301659125,0.04087481146304676,8.792659627953746,1.9572417946401686,0.0,0.9897409154409352,16.41809954751131,1.167219708396179
QI-DMO greedy-next,n100 m10 uniform high,100,10,21,20000,47.519110275178676,47.519110275178676,28.809128102459077,47.06057394079924,0.009743534682689231,17.22108745574951,19926,0.15143288084464554,0.05625942684766214,0.043237807943690296,9.981900452488688,1.8066847335140017,0.0,0.9871056242697339,18.444343891402713,1.5194570135746606
QI-DMO greedy-next,n100 m10 uniform high,100,10,22,20000,48.17102709963207,48.17102709963207,29.026842358796017,47.06057394079924,0.023596251933300876,18.912084102630615,19926,0.112166918049271,0.12735042735042734,0.03936651583710407,9.299597787833083,1.8066847335140017,0.024160919540229885,0.9863616792571849,16.4885872297637,2.1106083459024636
QI-DMO greedy-next,n100 m10 uniform high,100,10,23,20000,47.711893209397815,47.711893209397815,28.886320923025842,47.06057394079924,0.013840019660999393,18.001155614852905,19926,0.16923076923076924,0.05776772247360483,0.03690296631473102,11.897838109602816,1.5055706112616682,0.01239080459770115,0.98811733037739,22.547209653092008,1.248466566113625
QI-DMO greedy-next,n100 m10 uniform high,100,10,24,20000,47.488594310741576,47.488594310741576,28.79076327713466,47.06057394079924,0.009095094557936643,18.025141954421997,19926,0.29492207139265963,0.01779788838612368,0.04384112619406737,8.326093514328809,2.2081702298504466,0.0,0.9895296244927124,15.69281045751634,0.9593765711412771
QI-DMO greedy-next,n100 m10 uniform high,100,10,25,20000,47.9264989976343,47.9264989976343,28.973156098808964,47.06057394079924,0.018400223038596328,19.61039638519287,19926,0.23971845148315737,0.07807943690296631,0.039316239316239315,7.609250879839115,1.6059419853457795,0.0006666666666666666,0.9900288173668539,14.111613876319758,1.1068878833584717
QI-DMO greedy-next,n100 m10 uniform high,100,10,26,20000,47.88454274675621,47.88454274675621,28.907260785954872,47.06057394079924,0.017508685869269264,13.931183099746704,19926,0.16294620412267471,0.05037707390648567,0.04072398190045249,12.509049773755656,1.9572417946401686,0.0013333333333333333,0.9896111264758852,23.57978883861237,1.4383107088989442
QI-DMO greedy-next,n100 m10 uniform high,100,10,27,20000,48.189593448136684,48.189593448136684,29.052124926460525,47.06057394079924,0.02399077216435393,15.240944862365723,19926,0.23660130718954248,0.05706385118149824,0.03815987933634993,6.773453996983409,1.5055706112616682,0.002,0.9891887357856469,12.557466063348416,0.9894419306184012
QI-DMO greedy-next,n100 m10 uniform high,100,10,28,20000,47.74146071239805,47.74146071239805,28.85135601544433,47.06057394079924,0.01446830572987378,13.390100955963135,19926,0.17038712921065863,0.07642031171442937,0.04358974358974359,7.902011060834591,1.8568704205560573,0.0006666666666666666,0.9892554270278582,14.24514831573655,1.5588738059326295
QI-DMO greedy-next,n100 m10 uniform high,100,10,29,20000,47.46259144329251,47.46259144329251,28.791859490872525,47.06057394079924,0.008542554177069714,16.58670997619629,19926,0.25052790346907994,0.03278029160382102,0.04922071392659628,7.312870789341377,2.3587272909766135,0.0,0.989818800683755,13.629663147310206,0.996078431372549
GA,n100 m10 uniform high,100,10,0,20000,47.77358729411057,47.77358729411057,28.90551550983471,47.06057394079924,0.015150970198712012,7.800775527954102,19982,0.036587810745789894,0.10470128307939054,0.23411186848436247,5.1039995990376905,1.9017115403863478,0.07754022988505747,,6.099338412189254,4.108660785886126
GA,n100 m10 uniform high,100,10,1,20000,47.739392872905206,47.739392872905206,28.790365473033265,47.06057394079924,0.01442436577505201,12.80425500869751,19982,0.03092421812349639,0.10054129911788291,0.23711908580593424,5.48300922213312,1.8016214593133821,0.09282758620689656,,6.398957497995188,4.5670609462710505
GA,n100 m10 uniform high,100,10,2,20000,47.756652368909855,47.756652368909855,28.87524939677038,47.06057394079924,0.014791116423404919,7.861096382141113,19982,0.032528067361668,0.10304731355252607,0.23792101042502004,5.245138331996793,1.8516664998498649,0.08160919540229886,,6.139635124298316,4.3506415396952685
GA,n100 m10 uniform high,100,10,3,20000,47.62137991755149,47.62137991755149,28.83201133779377,47.06057394079924,0.011916683750132879,12.17109751701355,19982,0.030122293504410584,0.09798516439454691,0.2420308740978348,5.499548917401764,1.7515764187768992,0.0964367816091954,,6.735064153969527,4.264033680834002
GA,n100 m10 uniform high,100,10,4,20000,47.732441895559134,47.732441895559134,28.899907337467614,47.06057394079924,0.01427666300043612,9.139092922210693,19982,0.03002205292702486,0.10640537289494788,0.23711908580593424,5.432287489975942,1.5513962566309678,0.09843678160919539,,6.488672814755413,4.375902165196472
GA,n100 m10 uniform high,100,10,5,20000,47.59037139300886,47.59037139300886,28.807196908818756,47.06057394079924,0.011257777112452775,7.706954717636108,19982,0.027465918203688853,0.10610465116279069,0.23972534081796312,5.483610665597434,1.4513061755580021,0.09567816091954023,,6.312249398556536,4.654971932638332
GA,n100 m10 uniform high,100,10,6,20000,48.164875441218115,48.164875441218115,29.016854807642794,47.06057394079924,0.023465534054218185,7.451990604400635,19982,0.033881315156375304,0.10520248596631916,0.2389234161988773,5.176022453889335,1.3011710539485537,0.10273563218390805,,6.189454691259022,4.162590216519647
GA,n100 m10 uniform high,100,10,7,20000,47.80053040528809,47.80053040528809,28.82889275781493,47.06057394079924,0.015723490015648732,7.197545289993286,19982,0.032327586206896554,0.10655573376102646,0.24037690457097033,5.1910084202085,2.3020718646782106,0.07662068965517242,,5.953287890938252,4.428728949478749
GA,n100 m10 uniform high,100,10,8,20000,47.63599359971949,47.63599359971949,28.844093880090885,47.06057394079924,0.012227212945683874,6.911060094833374,19982,0.03317963111467522,0.10004009623095429,0.23521451483560546,5.319266238973537,1.8016214593133821,0.11177011494252874,,6.293404170008019,4.345128307939054
GA,n100 m10 uniform high,100,10,9,20000,48.01608940473721,48.01608940473721,28.890944377108006,47.06057394079924,0.020303948378104782,8.806267261505127,19982,0.03353047313552526,0.09983961507618284,0.23977546110665598,5.315958299919807,1.8516664998498649,0.08174712643678161,,6.0827987169206095,4.549117882919005
GA,n100 m10 uniform high,100,10,10,20000,47.79196124343632,47.79196124343632,28.909187460437785,47.06057394079924,0.015541402099284727,5.715377569198608,19982,0.028718925421010424,0.10344827586206896,0.23807137129109865,5.464314354450682,1.4513061755580021,0.07282758620689656,,6.227546110665598,4.701082598235766
GA,n100 m10 uniform high,100,10,11,20000,47.74528438767525,47.74528438767525,28.910046742486884,47.06057394079924,0.014549555807316664,6.703266859054565,19982,0.0321271050521251,0.10149358460304732,0.23646752205292704,5.239174017642342,1.7515764187768992,0.07675862068965517,,6.112169206094627,4.366178829190056
GA,n100 m10 uniform high,100,10,12,20000,47.58878010227116,47.58878010227116,28.83664484348182,47.06057394079924,0.011223963442018117,5.724601745605469,19982,0.03182638331996792,0.10194466720128308,0.24253207698476342,5.322072975140337,1.501351216094485,0.08958620689655172,,6.307638331996793,4.336507618283881
GA,n100 m10 uniform high,100,10,13,20000,47.78497107752605,47.78497107752605,28.86734658105768,47.06057394079924,0.01539286659865398,10.515608310699463,19982,0.03643744987971131,0.10625501202886929,0.235014033680834,5.0842020850040095,1.251126013412071,0.076,,6.136226944667201,4.032177225340818
GA,n100 m10 uniform high,100,10,14,20000,47.93674385928277,47.93674385928277,28.800448637240425,47.06057394079924,0.018617918251182586,7.416096448898315,19982,0.029621090617481957,0.10109262229350441,0.2404270248596632,5.551373295910184,2.1519367430687617,0.06404597701149425,,6.526162790697675,4.576583801122695
GA,n100 m10 uniform high,100,10,15,20000,47.52410488074213,47.52410488074213,28.795504812869662,47.06057394079924,0.00984966610322262,7.104902744293213,19982,0.029320368885324778,0.101242983159583,0.24132919005613473,5.692161186848436,1.9017115403863478,0.07135632183908046,,6.963813151563753,4.42050922213312
GA,n100 m10 uniform high,100,10,16,20000,47.73687578068887,47.73687578068887,28.84567973745377,47.06057394079924,0.014370879554941237,8.600553035736084,19982,0.02841820368885325,0.09623095429029671,0.24132919005613473,5.499448676824379,1.251126013412071,0.10719540229885056,,6.516840417000802,4.482056936647955
GA,n100 m10 uniform high,100,10,17,20000,47.516263115389904,47.516263115389904,28.81639148452434,47.06057394079924,0.009683034787546575,5.92378044128418,19982,0.03368083400160385,0.10094226142742582,0.23260825982357658,5.140036086607859,1.7015313782404164,0.0850344827586207,,5.5719727345629515,4.708099438652766
GA,n100 m10 uniform high,100,10,18,20000,47.58220887874432,47.58220887874432,28.832732035374665,47.06057394079924,0.011084330135906996,7.50623893737793,19982,0.028518444266238972,0.09753408179631115,0.24117882919005612,5.510725741780273,1.6014412971674508,0.09075862068965516,,6.079991980753809,4.941459502806736
GA,n100 m10 uniform high,100,10,19,20000,47.63292272123834,47.63292272123834,28.79084669944749,47.06057394079924,0.01216195920515328,7.006127119064331,19982,0.03182638331996792,0.10144346431435446,0.2402766639935846,5.443364073777065,2.0518466619957962,0.06818390804597702,,6.554931836407378,4.331796311146753
GA,n100 m10 uniform high,100,10,20,20000,47.83805571918749,47.83805571918749,28.858456520202097,47.06057394079924,0.016520873276350136,7.496371030807495,19982,0.03227746591820369,0.10079190056134724,0.23401162790697674,5.533380112269446,1.3512160944850364,0.10204597701149425,,6.764234161988773,4.30252606255012
GA,n100 m10 uniform high,100,10,21,20000,47.862763263470285,47.862763263470285,28.854688723370298,47.06057394079924,0.017045889063745316,9.222946882247925,19982,0.03222734562951082,0.10094226142742582,0.2382718524458701,5.420910184442662,1.7015313782404164,0.0515632183908046,,6.754510825982358,4.087309542902967
GA,n100 m10 uniform high,100,10,22,20000,47.615492253693,47.615492253693,28.80034485309508,47.06057394079924,0.011791575546695025,11.583075284957886,19982,0.03588612670408982,0.10154370489174018,0.23641740176423418,5.249097834803528,2.0518466619957962,0.06429885057471264,,6.564153969526864,3.9340417000801926
GA,n100 m10 uniform high,100,10,23,20000,47.49266364954059,47.49266364954059,28.791789135538792,47.06057394079924,0.009181564791047958,7.584892749786377,19982,0.0321271050521251,0.1029971932638332,0.24263231756214915,5.289895749799519,2.452206986287659,0.10620689655172415,,6.123396150761828,4.4563953488372094
GA,n100 m10 uniform high,100,10,24,20000,48.200303572272695,48.200303572272695,28.81006275208927,47.06057394079924,0.0242183538370612,6.68986177444458,19982,0.028518444266238972,0.10710705693664796,0.24062750601443464,5.651814354450682,1.4012611350215194,0.08450574712643678,,6.655172413793103,4.64845629510826
GA,n100 m10 uniform high,100,10,25,20000,47.5497100307158,47.5497100307158,28.81386109180955,47.06057394079924,0.010393755302089634,8.826922178268433,19982,0.031475541299117886,0.10349839615076183,0.23671812349639135,5.243534482758621,1.7515764187768992,0.06777011494252873,,6.224338412189254,4.262730553327987
GA,n100 m10 uniform high,100,10,26,20000,47.88352163678522,47.88352163678522,28.863865875192076,47.06057394079924,0.01748698808946155,8.490554332733154,19982,0.0303728949478749,0.10505212510024058,0.23631716118684842,5.357357658380113,2.352116905214693,0.08450574712643678,,6.383420208500401,4.331295108259823
GA,n100 m10 uniform high,100,10,27,20000,47.66362420769855,47.66362420769855,28.85000668272686,47.06057394079924,0.012814341526262051,5.775677442550659,19982,0.03192662389735365,0.1043504410585405,0.24233159582999197,5.419757417802726,1.7015313782404164,0.07926436781609195,,6.3250801924619084,4.514434643143544
GA,n100 m10 uniform high,100,10,28,20000,47.79800704402817,47.79800704402817,28.884155636280553,47.06057394079924,0.015669870583316703,8.345755577087402,19982,0.028518444266238972,0.10099238171611868,0.2390737770649559,5.680834001603849,1.3512160944850364,0.067816091954023,,6.793303929430634,4.568364073777065
GA,n100 m10 uniform high,100,10,29,20000,47.62780959614525,47.62780959614525,28.820014339399403,47.06057394079924,0.01205330933829187,5.9134838581085205,19982,0.03277866880513232,0.10174418604651163,0.2398757016840417,5.347884923817161,1.3011710539485537,0.07236781609195403,,6.27906976744186,4.416700080192462
MRFO,n50 m10 uniform none,50,10,0,20000,34.315348844491496,34.315348844491496,17.74670157754915,28.387133832233918,0.20883457439884337,7.252951145172119,19950,0.18589357429718875,0.008684738955823293,0.010140562248995984,25.971787148594377,0.5012531328320802,0.0013333333333333333,,30.795180722891565,21.148393574297188
MRFO,n50 m10 uniform none,50,10,1,20000,31.623929099996978,31.623929099996978,16.84956166271764,28.387133832233918,0.11402332080766964,3.0890066623687744,19950,0.1371987951807229,0.06320281124497992,0.009086345381526105,25.654869477911646,0.20050125313283207,0.010528735632183907,,28.88574297188755,22.423995983935743
MRFO,n50 m10 uniform none,50,10,2,20000,33.74808377874869,33.74808377874869,17.557613222301544,28.387133832233918,0.18885139930637715,6.425621747970581,19950,0.15346385542168675,0.014357429718875502,0.009738955823293172,26.361897590361444,0.3007518796992481,0.08211494252873563,,30.125,22.59879518072289
MRFO,n50 m10 uniform none,50,10,3,20000,34.09723222316393,34.09723222316393,17.673996037106622,28.387133832233918,0.20115093072362691,5.187950849533081,19950,0.17198795180722892,0.04573293172690763,0.00853413654618474,26.706425702811245,0.3007518796992481,0.010160919540229884,,31.484236947791164,21.928614457831326
MRFO,n50 m10 uniform none,50,10,4,20000,32.53546305290649,32.53546305290649,17.15340631368748,28.387133832233918,0.14613413404780232,3.5660364627838135,19950,0.23112449799196788,0.036947791164658635,0.0071285140562249,26.225803212851407,0.10025062656641603,0.002574712643678161,,30.462449799196786,21.989156626506023
MRFO,n50 m10 uniform none,50,10,5,20000,32.11981502280499,32.11981502280499,17.014856970320313,28.387133832233918,0.1314920066474824,5.635599851608276,19950,0.08032128514056225,0.0376004016064257,0.010943775100401607,27.353815261044176,0.3007518796992481,0.014942528735632184,,31.495381526104417,23.212248995983934
MRFO,n50 m10 uniform none,50,10,6,20000,37.2217504613415,37.2217504613415,18.71550211649915,28.387133832233918,0.3112190431524219,4.371525526046753,19950,0.06490963855421687,0.14738955823293173,0.00642570281124498,26.666315261044176,0.10025062656641603,0.06211494252873563,,30.67921686746988,22.653413654618475
MRFO,n50 m10 uniform none,50,10,7,20000,32.74323106686859,32.74323106686859,17.22266231834151,28.387133832233918,0.15345322498491454,4.999691009521484,19950,0.08790160642570281,0.04678714859437751,0.009538152610441768,29.13504016064257,0.45112781954887216,0.02528735632183908,,34.83805220883534,23.4320281124498
MRFO,n50 m10 uniform none,50,10,8,20000,33.31187616255131,33.31187616255131,17.412210683569086,28.387133832233918,0.17348501470498187,3.3947880268096924,19950,0.13850401606425702,0.05883534136546185,0.008433734939759036,29.697991967871484,0.20050125313283207,0.0047816091954022985,,35.08684738955823,24.30913654618474
MRFO,n50 m10 uniform none,50,10,9,20000,35.319757071187496,35.319757071187496,18.081504319781146,28.387133832233918,0.24421709073994305,5.259227991104126,19950,0.01711847389558233,0.016716867469879517,0.007329317269076306,37.15768072289157,0.05012531328320802,0.564,,38.96345381526105,35.351907630522085
MRFO,n50 m10 uniform none,50,10,10,20000,33.230143158064436,33.230143158064436,17.384966348740125,28.387133832233918,0.17060578762380108,3.2950024604797363,19950,0.14563253012048194,0.001606425702811245,0.00858433734939759,28.665712851405623,0.5012531328320802,0.08372413793103448,,33.56536144578313,23.766064257028113
MRFO,n50 m10 uniform none,50,10,11,20000,32.02022670152331,32.02022670152331,16.981660863226416,28.387133832233918,0.12798378627306067,5.080742835998535,19950,0.23278112449799196,0.027008032128514055,0.009538152610441768,25.92550200803213,0.3007518796992481,0.0,,30.228413654618475,21.622590361445784
MRFO,n50 m10 uniform none,50,10,12,20000,32.813690401810916,32.813690401810916,17.24614876332229,28.387133832233918,0.1559353119528606,5.378718137741089,19950,0.20230923694779115,0.04904618473895583,0.008383534136546186,25.026706827309237,0.20050125313283207,0.011632183908045976,,28.603614457831327,21.449799196787147
MRFO,n50 m10 uniform none,50,10,13,20000,35.013845400012116,35.013845400012116,17.979533762722685,28.387133832233918,0.2334406709371092,5.041540145874023,19950,0.05893574297188755,0.00853413654618474,0.008032128514056224,31.392670682730923,0.3508771929824561,0.22648275862068967,,33.91586345381526,28.869477911646587
MRFO,n50 m10 uniform none,50,10,14,20000,34.176248649629656,34.176248649629656,17.70033484592853,28.387133832233918,0.20393446029490064,5.685301065444946,19950,0.19633534136546185,0.05065261044176707,0.008333333333333333,26.144628514056226,0.2506265664160401,0.0073563218390804595,,31.11917670682731,21.17008032128514
MRFO,n50 m10 uniform none,50,10,15,20000,33.83529451805928,33.83529451805928,17.586683468738407,28.387133832233918,0.19192359179421317,3.5983548164367676,19950,0.046837349397590364,0.005421686746987952,0.00858433734939759,32.83097389558233,0.2506265664160401,0.08340229885057472,,36.371184738955826,29.290763052208835
MRFO,n50 m10 uniform none,50,10,16,20000,33.812058517913314,33.812058517913314,17.578938135356417,28.387133832233918,0.1911050519485462,8.270600080490112,19950,0.09703815261044177,0.1316265060240964,0.008835341365461847,26.07515060240964,0.3007518796992481,0.020965517241379312,,30.110642570281126,22.039658634538153
MRFO,n50 m10 uniform none,50,10,17,20000,32.660196307053525,32.660196307053525,17.19498406506982,28.387133832233918,0.15052814067362782,3.6463866233825684,19950,0.14849397590361446,0.07349397590361446,0.0069277108433734936,25.86059236947791,0.2506265664160401,0.010160919540229884,,30.028614457831324,21.6925702811245
MRFO,n50 m10 uniform none,50,10,18,20000,33.128128140421694,33.128128140421694,17.35096134285921,28.387133832233918,0.16701208146643964,3.608701467514038,19950,0.105070281124498,0.1467871485943775,0.008383534136546186,26.123192771084337,0.20050125313283207,0.02928735632183908,,30.046787148594376,22.1995983935743
MRFO,n50 m10 uniform none,50,10,19,20000,31.465430514844858,31.465430514844858,16.796728801000263,28.387133832233918,0.10843985521058483,7.782214641571045,19950,0.1772590361445783,0.03614457831325301,0.012098393574297189,26.422791164658634,0.40100250626566414,0.0,,31.065562248995985,21.780020080321286
MRFO,n50 m10 uniform none,50,10,20,20000,32.990155164842164,32.990155164842164,17.30497035099937,28.387133832233918,0.16215167617174028,4.97523045539856,19950,0.2053714859437751,0.040160642570281124,0.007178714859437751,25.308734939759034,0.10025062656641603,0.0,,29.260441767068272,21.3570281124498
MRFO,n50 m10 uniform none,50,10,21,20000,32.58360306989892,32.58360306989892,17.16945298601829,28.387133832233918,0.14782997334165043,3.742182970046997,19950,0.20266064257028113,0.004417670682730923,0.007429718875502008,26.650552208835343,0.3508771929824561,0.0013333333333333333,,31.05371485943775,22.247389558232932
MRFO,n50 m10 uniform none,50,10,22,20000,32.801865157115344,32.801865157115344,17.24220701509043,28.387133832233918,0.1555187413767165,5.224922180175781,19950,0.05256024096385542,0.010291164658634538,0.00893574297188755,35.19663654618474,0.40100250626566414,0.20009195402298852,,36.14046184738956,34.25281124497992
MRFO,n50 m10 uniform none,50,10,23,20000,33.95901062454991,33.95901062454991,17.627922170901947,28.387133832233918,0.19628176712891893,3.78737473487854,19950,0.17901606425702812,0.06320281124497992,0.007479919678714859,26.392921686746988,0.20050125313283207,0.009931034482758621,,30.42359437751004,22.362248995983936
MRFO,n50 m10 uniform none,50,10,24,20000,34.247806290364494,34.247806290364494,17.724187392840147,28.387133832233918,0.206455237530029,6.909530162811279,19950,0.0608433734939759,0.019528112449799198,0.010793172690763053,32.506224899598394,0.2506265664160401,0.32721839080459775,,35.7105421686747,29.301907630522088
MRFO,n50 m10 uniform none,50,10,25,20000,33.12823188528479,33.12823188528479,17.350995924480245,28.387133832233918,0.16701573611025505,6.202608585357666,19950,0.1796686746987952,0.03458835341365462,0.007730923694779117,27.79663654618474,0.3007518796992481,0.013471264367816092,,32.393574297188756,23.199698795180723
MRFO,n50 m10 uniform none,50,10,26,20000,33.07319403692585,33.07319403692585,17.332649975027266,28.387133832233918,0.16507690534684608,9.221257209777832,19950,0.06475903614457831,0.007680722891566265,0.009387550200803212,29.68870481927711,0.3007518796992481,0.16032183908045977,,33.349799196787146,26.027610441767067
MRFO,n50 m10 uniform none,50,10,27,20000,34.440095675127836,34.440095675127836,17.788283854427927,28.387133832233918,0.2132290592867361,5.060154438018799,19950,0.14538152610441768,0.05085341365461847,0.00858433734939759,29.246184738955822,0.2506265664160401,0.01406896551724138,,34.26787148594377,24.224497991967873
MRFO,n50 m10 uniform none,50,10,28,20000,32.27000212859089,32.27000212859089,17.06491933891561,28.387133832233918,0.1367826818763904,4.8557045459747314,19950,0.2305722891566265,0.011696787148594378,0.009387550200803212,25.57449799196787,0.2506265664160401,0.0,,28.822791164658636,22.32620481927711
MRFO,n50 m10 uniform none,50,10,29,20000,33.68774323257604,33.68774323257604,17.53749970691066,28.387133832233918,0.18672576920475215,6.1806535720825195,19950,0.13694779116465863,0.025853413654618473,0.012048192771084338,26.06024096385542,0.3508771929824561,0.002574712643678161,,31.154819277108434,20.96566265060241
QI-MRFO no-decoherence,n50 m10 uniform none,50,10,0,20000,29.758499312759692,29.758499312759692,16.227751733638545,28.387133832233918,0.0483094027255606,12.475373268127441,19950,0.7315261044176706,0.003714859437751004,0.015411646586345381,3.4846887550200805,0.6015037593984962,0.0,0.9948897606471211,5.127811244979919,1.841566265060241
QI-MRFO no-decoherence,n50 m10 uniform none,50,10,1,20000,29.746454481246264,29.746454481246264,16.223736789800736,28.387133832233918,0.04788509671479486,17.075122356414795,19950,0.675,0.03323293172690763,0.015562248995983935,3.4178212851405623,0.6516290726817042,0.0,0.9930480461197294,5.269176706827309,1.5664658634538153
QI-MRFO no-decoherence,n50 m10 uniform none,50,10,2,20000,31.7827518523046,31.7827518523046,16.902502580153516,28.387133832233918,0.11961820591464287,17.235963821411133,19950,0.6775602409638555,0.040160642570281124,0.01179718875502008,3.619979919678715,0.5513784461152882,0.0013333333333333333,0.9912316076291304,5.405522088353414,1.834437751004016
QI-MRFO no-decoherence,n50 m10 uniform none,50,10,3,20000,31.629510518288807,31.629510518288807,16.851422135481585,28.387133832233918,0.11421993869536534,11.71492052078247,19950,0.7093875502008032,0.007680722891566265,0.0125,3.442520080321285,0.45112781954887216,0.0,0.9922664232819035,5.219779116465864,1.6652610441767068
QI-MRFO no-decoherence,n50 m10 uniform none,50,10,4,20000,30.106670823668836,30.106670823668836,16.343808903941593,28.387133832233918,0.06057451948468161,12.430068969726562,19950,0.7027610441767068,0.00928714859437751,0.01967871485943775,3.4887550200803212,0.8521303258145363,0.0,0.9918530745137987,5.188253012048193,1.7892570281124498
QI-MRFO no-decoherence,n50 m10 uniform none,50,10,5,20000,30.499547376355768,30.499547376355768,16.474767754837238,28.387133832233918,0.0744144708869192,12.207768440246582,19950,0.7167168674698795,0.006877510040160643,0.010843373493975903,3.505020080321285,0.3508771929824561,0.0,0.9944138006460673,5.302610441767068,1.707429718875502
QI-MRFO no-decoherence,n50 m10 uniform none,50,10,6,20000,30.569342089553587,30.569342089553587,16.49803265923651,28.387133832233918,0.07687314507397525,8.520955801010132,19950,0.7031626506024097,0.009236947791164659,0.011997991967871486,3.556526104417671,0.5012531328320802,0.0,0.9918719999179999,5.343072289156627,1.769979919678715
QI-MRFO no-decoherence,n50 m10 uniform none,50,10,7,20000,30.639966896344188,30.639966896344188,16.521574261500042,28.387133832233918,0.07936106115623945,9.745496988296509,19950,0.6719879518072289,0.01109437751004016,0.010542168674698794,3.713152610441767,0.45112781954887216,0.0,0.9891491548652034,5.571485943775101,1.8548192771084338
QI-MRFO no-decoherence,n50 m10 uniform none,50,10,8,20000,30.5449755399778,30.5449755399778,16.489910476044578,28.387133832233918,0.07601477910720338,13.931488037109375,19950,0.7254016064257028,0.006526104417670682,0.012098393574297189,3.3664658634538154,0.40100250626566414,0.0,0.9944637274316233,5.073092369477911,1.6598393574297188
QI-MRFO no-decoherence,n50 m10 uniform none,50,10,9,20000,30.230402982912587,30.230402982912587,16.385052957022843,28.387133832233918,0.06493326031336125,11.19119143486023,19950,0.6810240963855422,0.02896586345381526,0.014056224899598393,3.6225903614457833,0.5012531328320802,0.0,0.9884332000546965,5.305923694779117,1.9392570281124497
QI-MRFO no-decoherence,n50 m10 uniform none,50,10,10,20000,30.766400461717446,30.766400461717446,16.56371878329113,28.387133832233918,0.0838149650311594,11.385658979415894,19950,0.695281124497992,0.0038654618473895584,0.012600401606425702,3.647740963855422,0.7017543859649122,0.0,0.9919111210679245,5.523192771084338,1.772289156626506
QI-MRFO no-decoherence,n50 m10 uniform none,50,10,11,20000,30.13645586066192,30.13645586066192,16.353737249605956,28.387133832233918,0.061623763736289056,9.124869585037231,19950,0.659487951807229,0.030170682730923694,0.014156626506024096,3.7147590361445784,0.6015037593984962,0.0,0.9926953941222791,5.5114457831325305,1.9180722891566264
QI-MRFO no-decoherence,n50 m10 uniform none,50,10,12,20000,30.6468786697824,30.6468786697824,16.52387818597945,28.387133832233918,0.07960454376632119,9.992180585861206,19950,0.6333835341365461,0.019226907630522087,0.012951807228915663,3.728965863453815,0.45112781954887216,0.0,0.9831104509195875,5.409236947791165,2.048694779116466
QI-MRFO no-decoherence,n50 m10 uniform none,50,10,13,20000,30.087680832693497,30.087680832693497,16.337478906949812,28.387133832233918,0.05990555476680737,20.711779832839966,19950,0.6795682730923694,0.001004016064257028,0.010140562248995984,3.579417670682731,0.45112781954887216,0.0,0.9886916772447195,5.32991967871486,1.8289156626506025
QI-MRFO no-decoherence,n50 m10 uniform none,50,10,14,20000,30.815203691416443,30.815203691416443,16.579986526524124,28.387133832233918,0.08553416746939853,9.354216575622559,19950,0.6690763052208836,0.03594377510040161,0.01581325301204819,3.673544176706827,0.6015037593984962,0.0,0.9913290271353169,5.485140562248996,1.8619477911646587
QI-MRFO no-decoherence,n50 m10 uniform none,50,10,15,20000,30.358972533346666,30.358972533346666,16.4279094738342,28.387133832233918,0.06946240901833149,10.067952156066895,19950,0.7057228915662651,0.005070281124497992,0.012600401606425702,3.719277108433735,0.5012531328320802,0.0,0.99336576448926,5.592469879518072,1.8460843373493976
QI-MRFO no-decoherence,n50 m10 uniform none,50,10,16,20000,30.935368946187268,30.935368946187268,16.620041611447736,28.387133832233918,0.08976725614545135,12.705841779708862,19950,0.7099397590361446,0.007028112449799197,0.018072289156626505,3.4458333333333333,0.6516290726817042,0.0,0.9943608049743248,5.268674698795181,1.622991967871486
QI-MRFO no-decoherence,n50 m10 uniform none,50,10,17,20000,30.038649566862233,30.038649566862233,16.321135151672724,28.387133832233918,0.05817831924803202,8.643558263778687,19950,0.6974899598393575,0.019076305220883535,0.010793172690763053,3.539307228915663,0.3508771929824561,0.0,0.9940831526642342,5.372188755020081,1.706425702811245
QI-MRFO no-decoherence,n50 m10 uniform none,50,10,18,20000,32.36291646443727,32.36291646443727,17.095890784197735,28.387133832233918,0.14005579625262501,9.255574941635132,19950,0.6328815261044177,0.06671686746987952,0.015210843373493975,3.8393072289156627,0.5513784461152882,0.0,0.9935385149625015,5.963855421686747,1.7147590361445784
QI-MRFO no-decoherence,n50 m10 uniform none,50,10,19,20000,30.27480502475956,30.27480502475956,16.3998536376385,28.387133832233918,0.0664974211092128,10.271000862121582,19950,0.703363453815261,0.00391566265060241,0.015963855421686747,3.487098393574297,0.6516290726817042,0.0,0.9910767920512245,5.153112449799197,1.8210843373493977
QI-MRFO no-decoherence,n50 m10 uniform none,50,10,20,20000,31.03813238264536,31.03813238264536,16.654296090267103,28.387133832233918,0.09338732702211748,10.64350962638855,19950,0.6961847389558233,0.01902610441767068,0.014859437751004016,3.7396084337349396,0.5513784461152882,0.0013333333333333333,0.993827866658902,5.713253012048193,1.7659638554216868
QI-MRFO no-decoherence,n50 m10 uniform none,50,10,21,20000,30.153684706161386,30.153684706161386,16.359480198105775,28.387133832233918,0.06223068818316307,11.012203931808472,19950,0.6647088353413655,0.029819277108433736,0.014708835341365462,3.5220883534136544,0.5513784461152882,0.0,0.9923481346927017,5.449799196787149,1.5943775100401607
QI-MRFO no-decoherence,n50 m10 uniform none,50,10,22,20000,31.46342057630161,31.46342057630161,16.79605882148585,28.387133832233918,0.1083690506497888,11.665494680404663,19950,0.706726907630522,0.02003012048192771,0.011847389558232932,3.4876506024096385,0.45112781954887216,0.002574712643678161,0.992282096338481,5.224598393574297,1.7507028112449798
QI-MRFO no-decoherence,n50 m10 uniform none,50,10,23,20000,30.146345289843055,30.146345289843055,16.357033725999667,28.387133832233918,0.06197214090037974,11.31174373626709,19950,0.6973895582329317,0.006676706827309237,0.014608433734939759,3.4718875502008033,0.7518796992481203,0.0,0.9927487463848423,5.2125502008032125,1.7312248995983937
QI-MRFO no-decoherence,n50 m10 uniform none,50,10,24,20000,30.95814515420356,30.95814515420356,16.6276336807865,28.387133832233918,0.0905695987895132,13.830927610397339,19950,0.6347389558232932,0.08052208835341365,0.0107429718875502,3.746987951807229,0.3007518796992481,0.0037241379310344828,0.9863017684482245,5.392469879518072,2.1015060240963854
QI-MRFO no-decoherence,n50 m10 uniform none,50,10,25,20000,30.47031572542613,30.47031572542613,16.465023871194024,28.387133832233918,0.07338472089164333,12.666927814483643,19950,0.5569277108433734,0.13232931726907632,0.015863453815261046,3.9392570281124497,0.6015037593984962,0.0047816091954022985,0.9832865161611594,5.595582329317269,2.2829317269076306
QI-MRFO no-decoherence,n50 m10 uniform none,50,10,26,20000,30.888210886350628,30.888210886350628,16.604322258168857,28.387133832233918,0.08810600847897888,12.82916784286499,19950,0.7261044176706827,0.01069277108433735,0.014206827309236949,3.399397590361446,0.5012531328320802,0.0,0.9941489909911441,5.0992971887550205,1.6994979919678714
QI-MRFO no-decoherence,n50 m10 uniform none,50,10,27,20000,30.8012799906366,30.8012799906366,16.575345292930848,28.387133832233918,0.08504367410497049,11.501710891723633,19950,0.6584839357429719,0.03393574297188755,0.014658634538152611,3.4880020080321286,0.45112781954887216,0.003908045977011495,0.9893885690373634,5.130823293172691,1.8451807228915662
QI-MRFO no-decoherence,n50 m10 uniform none,50,10,28,20000,29.963746584340363,29.963746584340363,16.2961674908321,28.387133832233918,0.05553969489924987,13.118277072906494,19950,0.7138052208835342,0.00788152610441767,0.01606425702811245,3.557831325301205,0.7017543859649122,0.0,0.9899700055426581,5.21355421686747,1.9021084337349397
QI-MRFO no-decoherence,n50 m10 uniform none,50,10,29,20000,30.57266562114046,30.57266562114046,16.4991405030988,28.387133832233918,0.07699022387476274,11.186262607574463,19950,0.7194277108433735,0.004718875502008032,0.013002008032128514,3.4542168674698797,0.5513784461152882,0.0,0.9936720520372276,5.275602409638554,1.6328313253012048
QI-MRFO,n50 m10 uniform none,50,10,0,20000,29.329299610311175,29.329299610311175,16.084685166155705,28.387133832233918,0.033189887490769385,12.49282956123352,19950,0.18057228915662651,0.016917670682730923,0.019427710843373493,6.313604417670683,1.1027568922305764,0.003908045977011495,0.9531362615892396,7.927309236947791,4.699899598393574
QI-MRFO,n50 m10 uniform none,50,10,1,20000,29.256102544373473,29.256102544373473,16.060286144176473,28.387133832233918,0.030611357852296843,16.84908938407898,19950,0.182429718875502,0.009939759036144578,0.01390562248995984,6.020732931726908,0.8020050125313283,0.0,0.9524346043827513,7.644176706827309,4.397289156626506
QI-MRFO,n50 m10 uniform none,50,10,2,20000,29.27976761244833,29.27976761244833,16.068174500201426,28.387133832233918,0.031445012571181735,16.236414670944214,19950,0.18002008032128514,0.02003012048192771,0.013102409638554217,6.244277108433735,0.6015037593984962,0.0013333333333333333,0.9444225847030826,7.7698795180722895,4.718674698795181
QI-MRFO,n50 m10 uniform none,50,10,3,20000,29.382120421055546,29.382120421055546,16.102292103070496,28.387133832233918,0.03505061816743929,13.205108165740967,19950,0.17991967871485945,0.02133534136546185,0.015863453815261046,6.131375502008032,0.7017543859649122,0.0,0.954047009286796,7.930421686746988,4.332329317269076
QI-MRFO,n50 m10 uniform none,50,10,4,20000,28.873853196420242,28.873853196420242,15.932869694858727,28.387133832233918,0.017145773400823197,12.700624942779541,19950,0.18865461847389559,0.002008032128514056,0.015110441767068272,6.055120481927711,0.7518796992481203,0.0,0.9542492589815398,7.502409638554217,4.607831325301205
QI-MRFO,n50 m10 uniform none,50,10,5,20000,29.127251558726815,29.127251558726815,16.017335815627586,28.387133832233918,0.02607229496528055,15.27416467666626,19950,0.1742971887550201,0.0232429718875502,0.01651606425702811,6.268975903614458,0.9022556390977443,0.0,0.9568009652426549,7.937650602409638,4.600301204819277
QI-MRFO,n50 m10 uniform none,50,10,6,20000,29.289336714992366,29.289336714992366,16.071364201049438,28.387133832233918,0.03178210551619645,12.563818454742432,19950,0.1786144578313253,0.025903614457831327,0.015311244979919678,6.308333333333334,0.6015037593984962,0.0,0.9500004021734099,7.968574297188755,4.6480923694779115
QI-MRFO,n50 m10 uniform none,50,10,7,20000,29.14110068236871,29.14110068236871,16.021952190174883,28.387133832233918,0.0265601611839605,14.514523029327393,19950,0.17233935742971887,0.02459839357429719,0.020080321285140562,6.307831325301205,1.2030075187969924,0.0,0.9526897396831476,8.042068273092369,4.57359437751004
QI-MRFO,n50 m10 uniform none,50,10,8,20000,29.165565660305543,29.165565660305543,16.030107182820494,28.387133832233918,0.027421994508924553,11.185973882675171,19950,0.16094377510040161,0.0302710843373494,0.024146586345381527,6.365010040160643,1.1528822055137844,0.0,0.9503818195382888,8.029116465863455,4.700903614457832
QI-MRFO,n50 m10 uniform none,50,10,9,20000,29.27537563253028,29.27537563253028,16.066710506895408,28.387133832233918,0.03129029529877209,10.192923784255981,19950,0.17359437751004017,0.02133534136546185,0.01857429718875502,6.317269076305221,0.7017543859649122,0.0013333333333333333,0.953819774014126,8.10140562248996,4.533132530120482
QI-MRFO,n50 m10 uniform none,50,10,10,20000,29.237305229228195,29.237305229228195,16.05402037246138,28.387133832233918,0.029949180569575417,13.658967971801758,19950,0.18413654618473896,0.014006024096385543,0.0142570281124498,6.193172690763052,0.6516290726817042,0.0,0.9542701344289991,7.830020080321285,4.5563253012048195
QI-MRFO,n50 m10 uniform none,50,10,11,20000,29.269299368146278,29.269299368146278,16.06468508543407,28.387133832233918,0.0310762453555861,15.85808777809143,19950,0.17560240963855422,0.020833333333333332,0.017269076305220885,6.187098393574297,0.7518796992481203,0.0013333333333333333,0.9540515017344344,7.872791164658635,4.50140562248996
QI-MRFO,n50 m10 uniform none,50,10,12,20000,29.22695433506232,29.22695433506232,16.05057007440609,28.387133832233918,0.029584547273834902,14.185461282730103,19950,0.17183734939759035,0.02218875502008032,0.017620481927710843,6.205120481927711,0.7518796992481203,0.0013333333333333333,0.9539009282924835,8.002911646586345,4.407329317269077
QI-MRFO,n50 m10 uniform none,50,10,13,20000,29.366912550797878,29.366912550797878,16.097222812984604,28.387133832233918,0.03451488707364355,15.985328674316406,19950,0.17630522088353415,0.015210843373493975,0.021636546184738956,6.265612449799197,1.1027568922305764,0.0,0.9476241570504702,8.00491967871486,4.526305220883534
QI-MRFO,n50 m10 uniform none,50,10,14,20000,29.28445700557811,29.28445700557811,16.069737631244685,28.387133832233918,0.03161020688623625,12.464928150177002,19950,0.17580321285140563,0.01395582329317269,0.01902610441767068,6.29347389558233,0.9022556390977443,0.0026666666666666666,0.9526785687456842,7.984939759036145,4.602008032128514
QI-MRFO,n50 m10 uniform none,50,10,15,20000,29.518786653618037,29.518786653618037,16.147847513924663,28.387133832233918,0.03986499052958682,10.89882493019104,19950,0.1634538152610442,0.03127510040160643,0.01782128514056225,6.317620481927711,0.8020050125313283,0.0039540229885057475,0.9503032806653343,8.045080321285141,4.5901606425702814
QI-MRFO,n50 m10 uniform none,50,10,16,20000,28.902233850395575,28.902233850395575,15.942329912850504,28.387133832233918,0.0181455451334349,14.600895404815674,19950,0.17560240963855422,0.008032128514056224,0.0214859437751004,6.195682730923695,0.9523809523809523,0.0,0.9514095255411067,7.845180722891566,4.546184738955823
QI-MRFO,n50 m10 uniform none,50,10,17,20000,29.498904072860604,29.498904072860604,16.141219987005513,28.387133832233918,0.039164582349073176,16.051740884780884,19950,0.17118473895582328,0.018122489959839356,0.017670682730923693,6.162399598393574,0.9523809523809523,0.0013333333333333333,0.9513681339733554,7.705522088353414,4.619277108433735
QI-MRFO,n50 m10 uniform none,50,10,18,20000,29.51914523220438,29.51914523220438,16.147967040120108,28.387133832233918,0.03987762225875197,12.780789852142334,19950,0.18157630522088353,0.01641566265060241,0.011596385542168675,6.346385542168675,0.5012531328320802,0.0013333333333333333,0.9468515714180561,8.15863453815261,4.534136546184739
QI-MRFO,n50 m10 uniform none,50,10,19,20000,29.27689480280266,29.27689480280266,16.0672168969862,28.387133832233918,0.031343811454413444,18.870392560958862,19950,0.16576305220883533,0.015512048192771084,0.023694779116465864,6.374196787148595,1.1027568922305764,0.0013333333333333333,0.948577935404449,7.977710843373494,4.770682730923695
QI-MRFO,n50 m10 uniform none,50,10,20,20000,28.83486788784336,28.83486788784336,15.919874591999767,28.387133832233918,0.015772429096065837,15.600755453109741,19950,0.1830823293172691,0.007429718875502008,0.022540160642570282,6.18644578313253,0.9022556390977443,0.0,0.9485900692775119,7.863152610441767,4.509738955823293
QI-MRFO,n50 m10 uniform none,50,10,21,20000,29.408649245899827,29.408649245899827,16.11113504468526,28.387133832233918,0.035985155095368135,15.44439435005188,19950,0.1556726907630522,0.03965863453815261,0.022289156626506025,6.297640562248996,1.0025062656641603,0.015494252873563218,0.9533936182441701,8.050602409638554,4.544678714859438
QI-MRFO,n50 m10 uniform none,50,10,22,20000,29.62495247001243,29.62495247001243,16.18323611938946,28.387133832233918,0.04360491781572383,14.698901176452637,19950,0.158785140562249,0.059989959839357426,0.02033132530120482,6.39718875502008,1.0025062656641603,0.010344827586206896,0.9483764098140202,8.104819277108433,4.689558232931727
QI-MRFO,n50 m10 uniform none,50,10,23,20000,29.126746767429747,29.126746767429747,16.0171675518619,28.387133832233918,0.026054512567802474,21.27181363105774,19950,0.1802710843373494,0.008283132530120483,0.02153614457831325,6.317821285140562,0.9523809523809523,0.0,0.9548909677612871,8.105120481927711,4.530522088353414
QI-MRFO,n50 m10 uniform none,50,10,24,20000,28.6624646302315,28.6624646302315,15.862406839462482,28.387133832233918,0.009699140449499755,12.815823793411255,19950,0.1706827309236948,0.020933734939759037,0.017419678714859436,6.247991967871486,0.6516290726817042,0.0,0.9484066610703387,7.836044176706827,4.659939759036145
QI-MRFO,n50 m10 uniform none,50,10,25,20000,29.733114912739772,29.733114912739772,16.219290266965235,28.387133832233918,0.04741518071040612,11.924399614334106,19950,0.172289156626506,0.025652610441767067,0.01892570281124498,6.33152610441767,0.9523809523809523,0.0013333333333333333,0.951673705114907,7.965562248995984,4.697489959839357
QI-MRFO,n50 m10 uniform none,50,10,26,20000,29.342371430371934,29.342371430371934,16.089042439509292,28.387133832233918,0.033650371459951076,14.179447889328003,19950,0.17339357429718877,0.02971887550200803,0.018674698795180723,6.1761044176706825,0.6015037593984962,0.0052873563218390806,0.9518007315974533,7.7203815261044175,4.6318273092369475
QI-MRFO,n50 m10 uniform none,50,10,27,20000,29.474378605806486,29.474378605806486,16.13304483132081,28.387133832233918,0.03830061816025924,15.608275413513184,19950,0.16350401606425702,0.022339357429718876,0.023142570281124496,6.43960843373494,1.1528822055137844,0.005333333333333333,0.9530338900345335,8.130020080321286,4.749196787148595
QI-MRFO,n50 m10 uniform none,50,10,28,20000,29.435263146073748,29.435263146073748,16.12000634474323,28.387133832233918,0.036922688991224153,14.2367684841156,19950,0.17560240963855422,0.025803212851405622,0.017419678714859436,6.296184738955823,0.8521303258145363,0.004,0.9541478363751413,8.01214859437751,4.580220883534136
QI-MRFO,n50 m10 uniform none,50,10,29,20000,29.47804786183346,29.47804786183346,16.134267916663134,28.387133832233918,0.03842987587428769,13.445950031280518,19950,0.19231927710843374,0.010240963855421687,0.017269076305220885,5.84789156626506,0.7017543859649122,0.0,0.9577998941476559,7.491767068273092,4.204016064257028
QI-MRFO unsigned,n50 m10 uniform none,50,10,0,20000,29.16334658234446,29.16334658234446,16.0293674901668,28.387133832233918,0.027343822546436275,13.015090227127075,19950,0.1968875502008032,0.013504016064257027,0.016566265060240965,6.146686746987951,0.9022556390977443,0.0,0.9532412853534917,7.86706827309237,4.426305220883534
QI-MRFO unsigned,n50 m10 uniform none,50,10,1,20000,29.212141293776924,29.212141293776924,16.04563239397762,28.387133832233918,0.029062724909768817,13.949424743652344,19950,0.1926706827309237,0.014759036144578313,0.021134538152610443,5.704568273092369,0.9022556390977443,0.0013333333333333333,0.9560407072933753,7.295281124497992,4.113855421686747
QI-MRFO unsigned,n50 m10 uniform none,50,10,2,20000,29.335597786328254,29.335597786328254,16.086784558161398,28.387133832233918,0.03341175476536996,10.834956884384155,19950,0.1951305220883534,0.02078313253012048,0.02078313253012048,5.839558232931727,1.1027568922305764,0.0,0.9554659953734415,7.400903614457832,4.278212851405622
QI-MRFO unsigned,n50 m10 uniform none,50,10,3,20000,29.698138804355942,29.698138804355942,16.20763156417063,28.387133832233918,0.04618306940989453,12.097690343856812,19950,0.17540160642570282,0.05230923694779117,0.018323293172690762,6.019176706827309,0.7017543859649122,0.006620689655172414,0.9514649558163464,7.659437751004016,4.378915662650602
QI-MRFO unsigned,n50 m10 uniform none,50,10,4,20000,29.511510563420945,29.511510563420945,16.14542215052563,28.387133832233918,0.03960867405043494,16.647905349731445,19950,0.19693775100401606,0.02003012048192771,0.018524096385542168,5.873544176706828,0.8521303258145363,0.0013333333333333333,0.9563484251705608,7.437951807228916,4.309136546184739
QI-MRFO unsigned,n50 m10 uniform none,50,10,5,20000,29.560714940595513,29.560714940595513,16.16182360958382,28.387133832233918,0.0413420078017521,13.41280746459961,19950,0.19789156626506024,0.019126506024096386,0.010190763052208835,5.944026104417671,0.6015037593984962,0.0013333333333333333,0.9530225006526035,7.50722891566265,4.380823293172691
QI-MRFO unsigned,n50 m10 uniform none,50,10,6,20000,29.292275897703675,29.292275897703675,16.07234392861987,28.387133832233918,0.031885644771997304,10.876967191696167,19950,0.2001004016064257,0.009889558232931727,0.01536144578313253,5.954969879518072,0.8521303258145363,0.0,0.9543707648204224,7.568172690763052,4.341767068273092
QI-MRFO unsigned,n50 m10 uniform none,50,10,7,20000,29.853441513923144,29.853441513923144,16.25939913402636,28.387133832233918,0.05165395317311736,11.687642097473145,19950,0.18780120481927712,0.041716867469879515,0.021937751004016064,5.930873493975904,1.1027568922305764,0.004,0.9587273161867691,7.661646586345381,4.200100401606425
QI-MRFO unsigned,n50 m10 uniform none,50,10,8,20000,29.927517489203737,29.927517489203737,16.28409112578656,28.387133832233918,0.05426344435029562,15.336066007614136,19950,0.20406626506024098,0.017670682730923693,0.013453815261044177,5.825050200803213,0.45112781954887216,0.0,0.952700560337817,7.41777108433735,4.232329317269076
QI-MRFO unsigned,n50 m10 uniform none,50,10,9,20000,29.418588607590475,29.418588607590475,16.114448165248803,28.387133832233918,0.03633529124329308,12.571796894073486,19950,0.19713855421686746,0.011345381526104417,0.01897590361445783,5.9853915662650605,0.8020050125313283,0.0,0.9557589240983956,7.72078313253012,4.25
QI-MRFO unsigned,n50 m10 uniform none,50,10,10,20000,28.797903700036862,28.797903700036862,15.907553196064267,28.387133832233918,0.014470283270955323,16.860919952392578,19950,0.19764056224899598,0.007279116465863454,0.02289156626506024,5.960291164658635,1.0025062656641603,0.0,0.9554981502522196,7.614156626506024,4.306425702811245
QI-MRFO unsigned,n50 m10 uniform none,50,10,11,20000,29.433308995729398,29.433308995729398,16.119354961295112,28.387133832233918,0.03685384969396016,12.755861282348633,19950,0.19673694779116466,0.028664658634538154,0.01857429718875502,5.92816265060241,0.8020050125313283,0.0026666666666666666,0.9505277644281119,7.510943775100402,4.3453815261044175
QI-MRFO unsigned,n50 m10 uniform none,50,10,12,20000,29.08337996920597,29.08337996920597,16.00271195245397,28.387133832233918,0.024526820533796127,24.875553369522095,19950,0.1751004016064257,0.037248995983935745,0.0213855421686747,6.06390562248996,0.8521303258145363,0.0,0.9555702084691727,7.835341365461847,4.292469879518072
QI-MRFO unsigned,n50 m10 uniform none,50,10,13,20000,29.440198380341393,29.440198380341393,16.121651422832443,28.387133832233918,0.03709654360778431,13.738849401473999,19950,0.18845381526104418,0.02218875502008032,0.022590361445783132,5.973343373493976,1.0526315789473684,0.0013333333333333333,0.9509251196370537,7.688755020080321,4.25793172690763
QI-MRFO unsigned,n50 m10 uniform none,50,10,14,20000,29.227239564692912,29.227239564692912,16.05066515094962,28.387133832233918,0.029594595122704657,12.697719097137451,19950,0.18237951807228917,0.03313253012048193,0.018473895582329317,6.022038152610442,0.8521303258145363,0.0026666666666666666,0.956965584263608,7.738052208835342,4.306024096385542
QI-MRFO unsigned,n50 m10 uniform none,50,10,15,20000,29.948706016090778,29.948706016090778,16.291153968082238,28.387133832233918,0.05500985739122691,10.130343675613403,19950,0.18247991967871485,0.04231927710843374,0.01536144578313253,6.004518072289157,0.7518796992481203,0.003908045977011495,0.9544063903679944,7.673092369477912,4.335943775100402
QI-MRFO unsigned,n50 m10 uniform none,50,10,16,20000,28.905008478850206,28.905008478850206,15.943254789002047,28.387133832233918,0.018243287599124778,17.461106777191162,19950,0.17776104417670682,0.03237951807228916,0.0196285140562249,5.9580321285140565,1.0025062656641603,0.010298850574712644,0.9569628054356497,7.5608433734939755,4.355220883534137
QI-MRFO unsigned,n50 m10 uniform none,50,10,17,20000,29.561334906379066,29.561334906379066,16.162030264845004,28.387133832233918,0.04136384747698022,12.940447807312012,19950,0.1852409638554217,0.0302710843373494,0.01827309236947791,5.960692771084338,0.8521303258145363,0.0039540229885057475,0.9542607445952368,7.5550200803212855,4.36636546184739
QI-MRFO unsigned,n50 m10 uniform none,50,10,18,20000,29.47278719833263,29.47278719833263,16.13251436216286,28.387133832233918,0.03824455728834234,13.317310810089111,19950,0.1932730923694779,0.016716867469879517,0.01746987951807229,6.190763052208835,0.8020050125313283,0.0026666666666666666,0.9568688785399038,8.196787148594378,4.184738955823293
QI-MRFO unsigned,n50 m10 uniform none,50,10,19,20000,29.457949016883823,29.457949016883823,16.127568301679922,28.387133832233918,0.03772184930603958,9.88979434967041,19950,0.1793172690763052,0.02469879518072289,0.014759036144578313,6.012349397590361,0.8020050125313283,0.0026666666666666666,0.9523346527726271,7.551506024096385,4.473192771084338
QI-MRFO unsigned,n50 m10 uniform none,50,10,20,20000,29.394276215016866,29.394276215016866,16.106344034390936,28.387133832233918,0.0354788330775165,13.250040054321289,19950,0.18298192771084337,0.021234939759036144,0.022690763052208834,6.105220883534137,1.0025062656641603,0.0013333333333333333,0.9528407316723289,7.79578313253012,4.414658634538153
QI-MRFO unsigned,n50 m10 uniform none,50,10,21,20000,29.018235722629633,29.018235722629633,15.980997203595193,28.387133832233918,0.02223196938886067,16.594932556152344,19950,0.19583333333333333,0.007479919678714859,0.021184738955823294,5.90210843373494,1.0025062656641603,0.0,0.9564227961953754,7.6708835341365464,4.133333333333334
QI-MRFO unsigned,n50 m10 uniform none,50,10,22,20000,29.244731296637454,29.244731296637454,16.056495728264466,28.387133832233918,0.030210780329986132,10.747599363327026,19950,0.21450803212851405,0.003815261044176707,0.012700803212851405,5.9137048192771084,0.9523809523809523,0.0,0.9579992549054299,7.714859437751004,4.112550200803213
QI-MRFO unsigned,n50 m10 uniform none,50,10,23,20000,29.312055074300986,29.312055074300986,16.07893698748564,28.387133832233918,0.032582410310716514,15.798242568969727,19950,0.2059738955823293,0.00853413654618474,0.016265060240963854,6.101606425702811,0.7017543859649122,0.0,0.9579783885945389,7.980622489959839,4.222590361445783
QI-MRFO unsigned,n50 m10 uniform none,50,10,24,20000,29.47139124988195,29.47139124988195,16.132049046012632,28.387133832233918,0.03819538189575327,13.10214638710022,19950,0.2005020080321285,0.01721887550200803,0.020431726907630524,5.834638554216867,0.8020050125313283,0.0,0.9572182263355135,7.426706827309237,4.242570281124498
QI-MRFO unsigned,n50 m10 uniform none,50,10,25,20000,30.687073258875948,30.687073258875948,16.53727638234396,28.387133832233918,0.08102048767003109,17.967479467391968,19950,0.1664156626506024,0.08122489959839357,0.011194779116465863,6.096234939759036,0.5513784461152882,0.007862068965517242,0.953550627627702,7.638152610441767,4.554317269076305
QI-MRFO unsigned,n50 m10 uniform none,50,10,26,20000,29.162647988651116,29.162647988651116,16.029134625602353,28.387133832233918,0.027319213028001908,15.227443933486938,19950,0.2036144578313253,0.00818273092369478,0.019929718875502007,5.87429718875502,0.8020050125313283,0.0,0.9522136622118627,7.394176706827309,4.354417670682731
QI-MRFO unsigned,n50 m10 uniform none,50,10,27,20000,29.259743778435706,29.259743778435706,16.06149988886388,28.387133832233918,0.03073962843021965,10.270808219909668,19950,0.19322289156626507,0.010993975903614457,0.017319277108433735,6.016867469879518,0.7017543859649122,0.0,0.9524016257889626,7.661546184738956,4.372188755020081
QI-MRFO unsigned,n50 m10 uniform none,50,10,28,20000,29.34832001536975,29.34832001536975,16.09102530117523,28.387133832233918,0.033859923612449924,17.032033920288086,19950,0.2051706827309237,0.007680722891566265,0.01746987951807229,5.875200803212851,0.8020050125313283,0.0,0.9577549439622396,7.440060240963855,4.310341365461848
QI-MRFO unsigned,n50 m10 uniform none,50,10,29,20000,29.486846827162346,29.486846827162346,16.137200905106095,28.387133832233918,0.038739839021003634,12.75792932510376,19950,0.1576305220883534,0.058734939759036146,0.017018072289156628,5.933584337349398,0.5513784461152882,0.00974712643678161,0.9523967860506798,7.447690763052209,4.419477911646586
P-MRFO (linear twin),n50 m10 uniform none,50,10,0,20000,29.467045141128292,29.467045141128292,16.130600343094745,28.387133832233918,0.03804228053725249,13.881694555282593,19950,0.2171686746987952,0.0338855421686747,0.0196285140562249,7.433082329317269,0.9523809523809523,0.0026666666666666666,0.957095928600623,9.065261044176706,5.800903614457831
P-MRFO (linear twin),n50 m10 uniform none,50,10,1,20000,28.80873744262481,28.80873744262481,15.911164443593584,28.387133832233918,0.014851925977541168,20.970040321350098,19950,0.2271586345381526,0.0022088353413654616,0.013052208835341365,7.111596385542168,0.8521303258145363,0.0,0.9521643872542893,8.958935742971887,5.26425702811245
P-MRFO (linear twin),n50 m10 uniform none,50,10,2,20000,29.275021768553696,29.275021768553696,16.066592552236546,28.387133832233918,0.031277829652233906,13.03097414970398,19950,0.22279116465863455,0.025602409638554216,0.011997991967871486,7.096837349397591,0.5513784461152882,0.0013333333333333333,0.956435711773242,8.610642570281124,5.5830321285140565
P-MRFO (linear twin),n50 m10 uniform none,50,10,3,20000,29.38489513718657,29.38489513718657,16.103217008447505,28.387133832233918,0.03514836372172538,9.69898247718811,19950,0.22108433734939759,0.02289156626506024,0.019076305220883535,7.213604417670683,0.9022556390977443,0.0026666666666666666,0.9546179991793392,8.971887550200803,5.455321285140562
P-MRFO (linear twin),n50 m10 uniform none,50,10,4,20000,28.87472225738756,28.87472225738756,15.933159381847833,28.387133832233918,0.017176388008569587,11.197888612747192,19950,0.22991967871485944,0.013052208835341365,0.023092369477911646,7.078112449799197,0.8521303258145363,0.0,0.9568179654842375,8.682128514056226,5.474096385542168
P-MRFO (linear twin),n50 m10 uniform none,50,10,5,20000,29.208651952229467,29.208651952229467,16.044469280128467,28.387133832233918,0.028939805083904084,10.764581680297852,19950,0.22796184738955824,0.010240963855421687,0.018524096385542168,7.259487951807229,0.7518796992481203,0.0,0.954747618853274,8.949899598393575,5.569076305220883
P-MRFO (linear twin),n50 m10 uniform none,50,10,6,20000,29.382140286718503,29.382140286718503,16.10229872495815,28.387133832233918,0.035051317979652594,11.102878093719482,19950,0.20893574297188755,0.04176706827309237,0.019327309236947792,7.210491967871486,0.9523809523809523,0.005333333333333333,0.9595386544281106,8.826104417670683,5.594879518072289
P-MRFO (linear twin),n50 m10 uniform none,50,10,7,20000,29.41129935699441,29.41129935699441,16.112018415050116,28.387133832233918,0.03607851115978251,10.319844245910645,19950,0.2171686746987952,0.04754016064257028,0.01646586345381526,7.4756024096385545,0.8020050125313283,0.0013333333333333333,0.9563280322038247,9.32429718875502,5.626907630522088
P-MRFO (linear twin),n50 m10 uniform none,50,10,8,20000,28.940506529083134,28.940506529083134,15.955087472413025,28.387133832233918,0.01949378546349949,12.102948665618896,19950,0.2256024096385542,0.018122489959839356,0.017720883534136547,7.1578815261044175,0.9523809523809523,0.0,0.9547261058140022,8.859236947791164,5.45652610441767
P-MRFO (linear twin),n50 m10 uniform none,50,10,9,20000,29.323948936842044,29.323948936842044,16.08290160833266,28.387133832233918,0.03300139810326189,17.28690242767334,19950,0.21405622489959839,0.016666666666666666,0.023744979919678715,7.478664658634538,1.0526315789473684,0.0,0.9546332316333783,9.269477911646586,5.68785140562249
P-MRFO (linear twin),n50 m10 uniform none,50,10,10,20000,29.136135767219304,29.136135767219304,16.020297218458417,28.387133832233918,0.026385260992248763,13.168344974517822,19950,0.21812248995983935,0.0107429718875502,0.026757028112449798,7.38820281124498,1.2531328320802004,0.0,0.9557109944637691,9.260642570281124,5.515763052208835
P-MRFO (linear twin),n50 m10 uniform none,50,10,11,20000,29.474504108033408,29.474504108033408,16.13308666539645,28.387133832233918,0.038305039255663365,13.125265121459961,19950,0.2191265060240964,0.025602409638554216,0.01355421686746988,7.321034136546185,0.7518796992481203,0.0026666666666666666,0.9543738708815416,8.946184738955823,5.695883534136546
P-MRFO (linear twin),n50 m10 uniform none,50,10,12,20000,29.668247567673067,29.668247567673067,16.19766781860967,28.387133832233918,0.04513008403773507,12.896307706832886,19950,0.218925702811245,0.033634538152610444,0.015411646586345381,7.313704819277109,0.5513784461152882,0.0026666666666666666,0.9579995808289129,8.976907630522089,5.650502008032128
P-MRFO (linear twin),n50 m10 uniform none,50,10,13,20000,29.184806213551187,29.184806213551187,16.036520700569042,28.387133832233918,0.028099785840707298,66.6156234741211,19950,0.21937751004016065,0.013002008032128514,0.024046184738955822,7.18785140562249,1.0526315789473684,0.0,0.9583344672967345,8.989156626506023,5.386546184738956
P-MRFO (linear twin),n50 m10 uniform none,50,10,14,20000,29.296766432737233,29.296766432737233,16.07384077363106,28.387133832233918,0.03204383386780727,61.448554277420044,19950,0.20883534136546184,0.02926706827309237,0.012248995983935742,7.221536144578313,0.6015037593984962,0.0039540229885057475,0.954565057099217,8.856124497991967,5.586947791164659
P-MRFO (linear twin),n50 m10 uniform none,50,10,15,20000,29.31356344003597,29.31356344003597,16.07943977606397,28.387133832233918,0.03263554585246931,9.984338521957397,19950,0.22605421686746988,0.019377510040160643,0.014156626506024096,7.224497991967872,0.7518796992481203,0.0013333333333333333,0.9559007577944162,8.819779116465863,5.6292168674698795
P-MRFO (linear twin),n50 m10 uniform none,50,10,16,20000,30.02212389526627,30.02212389526627,16.315626594474068,28.387133832233918,0.057596165667694176,29.500589609146118,19950,0.22339357429718876,0.03589357429718876,0.01034136546184739,7.231626506024097,0.5513784461152882,0.0026666666666666666,0.9560978248696185,8.948192771084337,5.515060240963855
P-MRFO (linear twin),n50 m10 uniform none,50,10,17,20000,28.970752977843695,28.970752977843695,15.965169621999877,28.387133832233918,0.02055928397206029,13.353126764297485,19950,0.21641566265060241,0.014959839357429719,0.025502008032128515,7.163453815261044,1.2030075187969924,0.0,0.9515256360110205,8.785843373493975,5.541064257028112
P-MRFO (linear twin),n50 m10 uniform none,50,10,18,20000,29.126098037386697,29.126098037386697,16.016951308514212,28.387133832233918,0.026031659607483056,21.36135482788086,19950,0.22389558232931728,0.013052208835341365,0.018072289156626505,7.452610441767068,0.9022556390977443,0.0026666666666666666,0.9577042285136076,9.237951807228916,5.667269076305221
P-MRFO (linear twin),n50 m10 uniform none,50,10,19,20000,29.070452937384605,29.070452937384605,15.998402941846848,28.387133832233918,0.024071437052752772,20.081881284713745,19950,0.208785140562249,0.03920682730923695,0.020130522088353413,7.212048192771085,0.8521303258145363,0.0013333333333333333,0.9551086157020118,9.013353413654619,5.41074297188755
P-MRFO (linear twin),n50 m10 uniform none,50,10,20,20000,29.207007710126366,29.207007710126366,16.043921199427434,28.387133832233918,0.028881882994523093,14.21453070640564,19950,0.22570281124497993,0.025602409638554216,0.01882530120481928,7.394427710843374,0.7017543859649122,0.0013333333333333333,0.9575346481633817,9.18152610441767,5.607329317269076
P-MRFO (linear twin),n50 m10 uniform none,50,10,21,20000,28.855369706889405,28.855369706889405,15.926708531681783,28.387133832233918,0.016494651324178433,21.12096858024597,19950,0.21566265060240963,0.015010040160642571,0.026606425702811246,7.224196787148594,1.2531328320802004,0.0,0.952910902872688,9.09487951807229,5.3535140562249
P-MRFO (linear twin),n50 m10 uniform none,50,10,22,20000,30.069777636083764,30.069777636083764,16.331511174746566,28.387133832233918,0.0592748748004698,14.852891683578491,19950,0.21069277108433734,0.05502008032128514,0.013504016064257027,7.519779116465863,0.7518796992481203,0.0013333333333333333,0.9581660111201037,9.43222891566265,5.607329317269076
P-MRFO (linear twin),n50 m10 uniform none,50,10,23,20000,29.23694433332027,29.23694433332027,16.053900073825407,28.387133832233918,0.029936467207597513,106.80367350578308,19950,0.2219879518072289,0.015311244979919678,0.020080321285140562,7.256576305220883,0.8020050125313283,0.0026666666666666666,0.9555180162723554,9.009839357429719,5.503313253012048
P-MRFO (linear twin),n50 m10 uniform none,50,10,24,20000,29.02836612602811,29.02836612602811,15.984374004728018,28.387133832233918,0.022588835406344064,20.210686206817627,19950,0.21691767068273093,0.022389558232931726,0.018775100401606425,7.35210843373494,0.8521303258145363,0.0,0.9553062667962707,8.998493975903614,5.705722891566265
P-MRFO (linear twin),n50 m10 uniform none,50,10,25,20000,29.44686540135802,29.44686540135802,16.12387376317132,28.387133832233918,0.03733140426881583,150.6322193145752,19950,0.21927710843373494,0.03604417670682731,0.018072289156626505,7.572690763052209,0.8020050125313283,0.010942528735632184,0.9581268643565097,9.301606425702811,5.843775100401606
P-MRFO (linear twin),n50 m10 uniform none,50,10,26,20000,29.089285904158583,29.089285904158583,16.004680597438178,28.387133832233918,0.024734870243482046,117.13957095146179,19950,0.22946787148594378,0.011847389558232932,0.017720883534136547,7.2894076305220885,0.8020050125313283,0.0,0.952971844721174,8.909939759036144,5.668875502008032
P-MRFO (linear twin),n50 m10 uniform none,50,10,27,20000,29.17380945215895,29.17380945215895,16.032855113438295,28.387133832233918,0.027712400433739875,212.31882643699646,19950,0.22620481927710842,0.008734939759036145,0.01897590361445783,7.152309236947791,0.8020050125313283,0.0,0.9581995628875194,8.691265060240964,5.613353413654618
P-MRFO (linear twin),n50 m10 uniform none,50,10,28,20000,29.455206180415384,29.455206180415384,16.126654022857107,28.387133832233918,0.0376252267838558,213.21905779838562,19950,0.22625502008032128,0.011646586345381526,0.01817269076305221,7.240612449799197,0.7017543859649122,0.0,0.9539015280888841,8.783734939759036,5.697489959839357
P-MRFO (linear twin),n50 m10 uniform none,50,10,29,20000,29.74476704184837,29.74476704184837,16.22317431000144,28.387133832233918,0.047825652904515625,78.66564512252808,19950,0.22208835341365463,0.03825301204819277,0.01782128514056225,7.176305220883534,0.7017543859649122,0.0013333333333333333,0.956071760440744,8.748092369477911,5.6045180722891565
DMO,n50 m10 uniform none,50,10,0,20000,33.39075347830255,33.39075347830255,17.43850312215283,28.387133832233918,0.17626364379157447,21.45123553276062,19929,0.045600804424333834,0.06093514328808446,0.23453996983408748,27.888738059326293,0.6021375884389583,0.8076781609195401,,30.27843137254902,25.499044746103568
DMO,n50 m10 uniform none,50,10,1,20000,31.93782135580426,31.93782135580426,16.954192414653402,28.387133832233918,0.12508087447484734,17.83892250061035,19929,0.04499748617395676,0.05897435897435897,0.23388637506284565,27.75927601809955,0.25089066184956593,0.8299770114942528,,30.176168929110105,25.34238310708899
DMO,n50 m10 uniform none,50,10,2,20000,33.11857617665007,33.11857617665007,17.347777354935335,28.387133832233918,0.1666755922728468,86.12262034416199,19929,0.04670688788335847,0.055505279034690796,0.23227752639517346,28.08054298642534,0.5519594560690451,0.8149885057471264,,30.48215183509301,25.67893413775767
DMO,n50 m10 uniform none,50,10,3,20000,33.79843808633814,33.79843808633814,17.574397991498028,28.387133832233918,0.19062524191715408,15.613275527954102,19929,0.04555052790346908,0.058572146807440925,0.2342885872297637,28.251533433886376,0.4014250589593055,0.8431724137931035,,30.468878833584714,26.034188034188034
DMO,n50 m10 uniform none,50,10,4,20000,32.956227751478224,32.956227751478224,17.29366121321139,28.387133832233918,0.1609565074884752,15.222172498703003,19929,0.045701357466063346,0.06048265460030166,0.23333333333333334,28.136450477626948,0.5519594560690451,0.8415172413793104,,30.531221719457015,25.741679235796884
DMO,n50 m10 uniform none,50,10,5,20000,33.291895813654236,33.291895813654236,17.40555056727006,28.387133832233918,0.17278116242404523,23.549638986587524,19929,0.046556058320764204,0.05721468074409251,0.23609854198089492,27.525490196078433,0.5017813236991319,0.7674942528735632,,30.048466566113625,25.002513826043238
DMO,n50 m10 uniform none,50,10,6,20000,32.42984792154758,32.42984792154758,17.118201269901174,28.387133832233918,0.14241360586827229,135.7473304271698,19929,0.046405228758169936,0.06420311714429361,0.22468577174459528,28.09703368526898,0.4014250589593055,0.8328735632183908,,30.456410256410255,25.737657114127703
DMO,n50 m10 uniform none,50,10,7,20000,32.47227485449594,32.47227485449594,17.132343580883962,28.387133832233918,0.14390818905511696,53.121880531311035,19929,0.04514831573655103,0.06319758672699849,0.2294620412267471,27.59653092006033,0.4516031913292187,0.8445517241379311,,29.850980392156863,25.3420814479638
DMO,n50 m10 uniform none,50,10,8,20000,33.504986974034395,33.504986974034395,17.476580954063444,28.387133832233918,0.18028777304699553,177.69028639793396,19929,0.046907993966817496,0.05575666163901458,0.23489190548014077,27.916742081447964,0.30106879421947913,0.8348045977011495,,30.38903971845148,25.444444444444443
DMO,n50 m10 uniform none,50,10,9,20000,33.9095938183179,33.9095938183179,17.61144990215795,28.387133832233918,0.19454095009102915,121.04476976394653,19929,0.045198592257415786,0.06143790849673202,0.23001508295625941,28.07556561085973,0.25089066184956593,0.8326896551724139,,30.41649069884364,25.734640522875818
DMO,n50 m10 uniform none,50,10,10,20000,32.96532147595234,32.96532147595234,17.296692454702757,28.387133832233918,0.16127685418243365,162.50975942611694,19929,0.04620412267471091,0.060180995475113123,0.2302664655605832,28.05475113122172,0.25089066184956593,0.8167356321839081,,30.75243841126194,25.357063851181497
DMO,n50 m10 uniform none,50,10,11,20000,32.40658709318109,32.40658709318109,17.110447660445676,28.387133832233918,0.14159419139325136,193.317302942276,19929,0.04550025138260432,0.05877325289089995,0.23157365510306688,28.22644544997486,0.4516031913292187,0.8335172413793103,,30.942986425339367,25.50990447461036
DMO,n50 m10 uniform none,50,10,12,20000,32.384986120236036,32.384986120236036,17.103247336130657,28.387133832233918,0.1408332490215166,207.38773393630981,19929,0.043489190548014076,0.062141779788838614,0.2341880341880342,27.732528908999498,0.10035626473982638,0.7616091954022989,,30.65399698340875,24.811060834590247
DMO,n50 m10 uniform none,50,10,13,20000,33.2185318100187,33.2185318100187,17.381095899391546,28.387133832233918,0.17019675203343979,228.56682109832764,19929,0.04761186525892408,0.05982905982905983,0.23192559074912017,28.176269482151834,0.30106879421947913,0.835632183908046,,30.626244343891404,25.72629462041227
DMO,n50 m10 uniform none,50,10,14,20000,32.43051997454168,32.43051997454168,17.118425287565874,28.387133832233918,0.14243728043147674,219.27896356582642,19929,0.045198592257415786,0.0583710407239819,0.2390145801910508,27.7552036199095,0.4014250589593055,0.794022988505747,,30.097435897435897,25.412971342383106
DMO,n50 m10 uniform none,50,10,15,20000,33.36001059148678,33.36001059148678,17.42825549321424,28.387133832233918,0.1751806571470805,237.9262638092041,19929,0.04429361488185018,0.061236802413273,0.23504273504273504,28.013273001508296,0.4014250589593055,0.8195862068965518,,30.716943187531424,25.309602815485167
DMO,n50 m10 uniform none,50,10,16,20000,33.536722148355935,33.536722148355935,17.487159345503958,28.387133832233918,0.1814057152284462,246.77193570137024,19929,0.04595274007038713,0.06269482151835093,0.23413775766716943,28.168878833584717,0.4516031913292187,0.8516321839080461,,30.289994972347912,26.047762694821518
DMO,n50 m10 uniform none,50,10,17,20000,32.145776839977714,32.145776839977714,17.023510909377887,28.387133832233918,0.13240656946760201,244.18274688720703,19929,0.04479638009049774,0.056108597285067875,0.23750628456510808,28.1298139768728,0.3512469265893923,0.8308045977011494,,30.55676219205631,25.702865761689292
DMO,n50 m10 uniform none,50,10,18,20000,33.33708512437544,33.33708512437544,17.420613670843796,28.387133832233918,0.1743730565190346,230.83465719223022,19929,0.04429361488185018,0.06309703368526898,0.23504273504273504,28.116742081447963,0.30106879421947913,0.8077701149425287,,30.724685771744596,25.508798391151334
DMO,n50 m10 uniform none,50,10,19,20000,32.070048628426264,32.070048628426264,16.998268172194066,28.387133832233918,0.12973887458868263,223.27955389022827,19929,0.04580191050779286,0.06244343891402715,0.23031674208144795,27.716440422322776,0.3512469265893923,0.7511724137931034,,30.452388134741074,24.980492709904475
DMO,n50 m10 uniform none,50,10,20,20000,33.5544149688598,33.5544149688598,17.493056952338584,28.387133832233918,0.18202898422800182,215.43194699287415,19929,0.04504776269482152,0.06691804927099045,0.22332830568124687,27.796028154851683,0.3512469265893923,0.8406896551724138,,30.153946706887883,25.438109602815484
DMO,n50 m10 uniform none,50,10,21,20000,32.66852605115881,32.66852605115881,17.19776064643825,28.387133832233918,0.15082157445790878,233.06992197036743,19929,0.047058823529411764,0.06264454499748617,0.23318250377073907,27.141025641025642,0.5017813236991319,0.7716781609195402,,30.091905480140774,24.190145801910507
DMO,n50 m10 uniform none,50,10,22,20000,32.33734982552666,32.33734982552666,17.087368571227532,28.387133832233918,0.13915515446674734,201.66253185272217,19929,0.047812971342383104,0.061990950226244346,0.228657616892911,28.068376068376068,0.4516031913292187,0.8279080459770115,,30.63308195072901,25.50367018602313
DMO,n50 m10 uniform none,50,10,23,20000,32.742217500446486,32.742217500446486,17.222324462867476,28.387133832233918,0.15341751985074734,202.3841233253479,19929,0.044846656611362494,0.06153846153846154,0.23685268979386626,27.88119658119658,0.15053439710973957,0.7996781609195402,,30.654298642533938,25.108094519859225
DMO,n50 m10 uniform none,50,10,24,20000,33.124486012242215,33.124486012242215,17.34974730013272,28.387133832233918,0.16688377939124588,201.56884288787842,19929,0.04635495223730518,0.06063348416289593,0.23172448466566115,28.100804424333838,0.15053439710973957,0.8544367816091955,,30.142584213172448,26.059024635495224
DMO,n50 m10 uniform none,50,10,25,20000,32.92720980789366,32.92720980789366,17.28398856534987,28.387133832233918,0.15993428581030025,165.76987314224243,19929,0.04595274007038713,0.057717445952740074,0.23494218200100553,27.888285570638512,0.6021375884389583,0.7958160919540229,,30.741075917546507,25.035495223730518
DMO,n50 m10 uniform none,50,10,26,20000,33.250618066583456,33.250618066583456,17.391791318246465,28.387133832233918,0.17132706186867644,159.68053579330444,19929,0.04685771744595274,0.0583710407239819,0.23413775766716943,27.631674208144798,0.3512469265893923,0.7980229885057472,,30.5614881850176,24.701860231271997
DMO,n50 m10 uniform none,50,10,27,20000,31.961986687286668,31.961986687286668,16.96224752514754,28.387133832233918,0.12593215208621955,140.05042815208435,19929,0.045902463549522377,0.05796882855706385,0.23112116641528407,27.97526395173454,0.20071252947965276,0.8344367816091954,,30.417094017094016,25.533433886375065
DMO,n50 m10 uniform none,50,10,28,20000,33.866209276402714,33.866209276402714,17.59698838818622,28.387133832233918,0.19301263299598223,138.11179542541504,19929,0.04384112619406737,0.06349924585218703,0.23443941679235797,27.97591754650578,0.4014250589593055,0.7899310344827586,,30.65811965811966,25.293715434891904
DMO,n50 m10 uniform none,50,10,29,20000,33.204938353110315,33.204938353110315,17.376564747088754,28.387133832233918,0.16971789224475084,137.47097158432007,19929,0.04660633484162896,0.060030165912518856,0.2394670688788336,28.1289592760181,0.15053439710973957,0.8204597701149425,,30.72569130216189,25.53222724987431
QI-DMO no-decoherence,n50 m10 uniform none,50,10,0,20000,30.74573697669117,30.74573697669117,16.556830954949035,28.387133832233918,0.08308704775890516,123.26289510726929,19931,0.5273504273504274,0.02433383609854198,0.15570638511814983,7.031271995977878,0.5017309718528925,0.058666666666666666,0.9698830808377196,13.960583207642031,0.10196078431372549
QI-DMO no-decoherence,n50 m10 uniform none,50,10,1,20000,30.607881731845293,30.607881731845293,16.510879206667077,28.387133832233918,0.0782307897914544,105.13841676712036,19929,0.31850175967823025,0.08541980894922072,0.20191050779286074,9.019255907491202,0.4516031913292187,0.0,0.9997926499168539,16.906586224233283,1.1319255907491201
QI-DMO no-decoherence,n50 m10 uniform none,50,10,2,20000,30.582439221024913,30.582439221024913,16.50239836972695,28.387133832233918,0.0773345206939561,97.67154598236084,19932,0.5297134238310709,0.10889894419306184,0.12574157868275515,6.360382101558572,0.5017057997190447,0.0013333333333333333,0.9987559123503889,12.533433886375063,0.18733031674208145
QI-DMO no-decoherence,n50 m10 uniform none,50,10,3,20000,30.29648615766241,30.29648615766241,16.40708068193945,28.387133832233918,0.06726118729395644,63.79198169708252,19932,0.29306184012066366,0.34796380090497736,0.12332830568124686,5.918853695324284,0.5017057997190447,0.019816091954022987,0.9930805267651482,11.107993966817496,0.7297134238310709
QI-DMO no-decoherence,n50 m10 uniform none,50,10,4,20000,31.510424900930563,31.510424900930563,16.8117269296955,28.387133832233918,0.11002488265124223,54.77397322654724,19929,0.23353443941679236,0.3225238813474108,0.15138260432378078,7.604474610356963,0.3512469265893923,0.03177011494252874,0.9941370553274201,14.223831070889894,0.9851181498240322
QI-DMO no-decoherence,n50 m10 uniform none,50,10,5,20000,30.349706596256482,30.349706596256482,16.424820828137474,28.387133832233918,0.06913599575149923,51.251620292663574,19929,0.3033182503770739,0.2801910507792861,0.14489693313222726,6.3241830065359474,0.802850117918611,0.01811494252873563,0.9945632577792549,11.995676219205631,0.6526897938662645
QI-DMO no-decoherence,n50 m10 uniform none,50,10,6,20000,30.42399593381632,30.42399593381632,16.44958394065742,28.387133832233918,0.07175300309006623,46.44085073471069,19929,0.40372046254399196,0.12453494218200101,0.16093514328808448,6.557063851181498,0.5519594560690451,0.0013333333333333333,0.9997047452151503,12.760583207642032,0.35354449472096533
QI-DMO no-decoherence,n50 m10 uniform none,50,10,7,20000,30.485929858749117,30.485929858749117,16.470228582301687,28.387133832233918,0.07393476350655705,38.48162603378296,19932,0.5763700351935646,0.05706385118149824,0.12684766214177978,5.16289592760181,0.7525586995785671,0.0,0.9998394638685643,10.195072900955253,0.13071895424836602
QI-DMO no-decoherence,n50 m10 uniform none,50,10,8,20000,30.438328327112174,30.438328327112174,16.454361405089372,28.387133832233918,0.07225789355842263,40.69709587097168,19932,0.22378079436902967,0.38667672197083963,0.1347410759175465,6.229864253393665,0.5017057997190447,0.028275862068965516,0.9927188931454295,11.354449472096531,1.1052790346907995
QI-DMO no-decoherence,n50 m10 uniform none,50,10,9,20000,31.93720650251342,31.93720650251342,16.95398746355645,28.387133832233918,0.12505921489855917,17.21531319618225,19932,0.3445952740070387,0.30321769733534437,0.12483660130718954,6.118652589240824,0.25085289985952236,0.015310344827586206,0.9954231070163857,11.612066365007541,0.6252388134741076
QI-DMO no-decoherence,n50 m10 uniform none,50,10,10,20000,29.99971035291469,29.99971035291469,16.30815541369021,28.387133832233918,0.0568065987292339,4.968899250030518,19931,0.33690296631473104,0.2386626445449975,0.14575163398692811,7.098441427853192,0.9031157493352064,0.008689655172413793,0.9984264961476892,13.630467571644042,0.5664152840623429
QI-DMO no-decoherence,n50 m10 uniform none,50,10,11,20000,30.28010346995704,30.28010346995704,16.40161978603766,28.387133832233918,0.0666840706395527,4.500996828079224,19931,0.2582704876822524,0.2678733031674208,0.1611362493715435,8.606435394670688,0.7525964577793387,0.02432183908045977,0.9935431758569043,16.43710407239819,0.7757667169431876
QI-DMO no-decoherence,n50 m10 uniform none,50,10,12,20000,30.552806250236458,30.552806250236458,16.492520712797464,28.387133832233918,0.07629063331301852,8.864941596984863,19930,0.4482151835093012,0.11608848667672197,0.14856711915535445,6.833584715937657,0.4014049172102358,0.06262068965517241,0.9685446699394293,13.44112619406737,0.2260432378079437
QI-DMO no-decoherence,n50 m10 uniform none,50,10,13,20000,30.891475417723395,30.891475417723395,16.605410435293113,28.387133832233918,0.08822100886584643,4.341892719268799,19931,0.2597787833081951,0.33273001508295624,0.13996983408748115,6.61639014580191,0.5519040690381817,0.14206896551724138,0.9349025153097589,12.379185520361991,0.85359477124183
QI-DMO no-decoherence,n50 m10 uniform none,50,10,14,20000,30.54217680962041,30.54217680962041,16.488977565925452,28.387133832233918,0.07591618759832024,4.172404527664185,19930,0.1382101558572147,0.4077928607340372,0.15394670688788337,8.03911513323278,0.4515805318615153,0.055172413793103454,0.984784368132363,14.471593765711413,1.6066365007541479
QI-DMO no-decoherence,n50 m10 uniform none,50,10,15,20000,30.93270124760883,30.93270124760883,16.619152378588257,28.387133832233918,0.08967328052275536,8.148911714553833,19932,0.3343891402714932,0.30372046254399193,0.12478632478632479,5.665560583207642,0.4013646397752358,0.08266666666666668,0.965687999962326,10.698240321769733,0.6328808446455505
QI-DMO no-decoherence,n50 m10 uniform none,50,10,16,20000,30.728430670252834,30.728430670252834,16.55106218613626,28.387133832233918,0.08247739457797415,8.089592933654785,19931,0.2175465057817999,0.3138763197586727,0.15625942684766214,7.250377073906486,0.8529426521499173,0.02698850574712644,0.9920200051195706,13.45992961287079,1.040824534942182
QI-DMO no-decoherence,n50 m10 uniform none,50,10,17,20000,30.785210283072768,30.785210283072768,16.569988723742902,28.387133832233918,0.08447758287297771,9.751596927642822,19929,0.2659125188536953,0.22458521870286577,0.17335344394167923,8.307340372046255,0.5017813236991319,0.018344827586206897,0.9958962922651344,15.860532931121167,0.7541478129713424
QI-DMO no-decoherence,n50 m10 uniform none,50,10,18,20000,30.297188762887714,30.297188762887714,16.40731488368122,28.387133832233918,0.06728593812753675,4.484825134277344,19929,0.3619406737053796,0.1482654600301659,0.169281045751634,7.8460030165912515,0.7024938531787847,0.009931034482758621,0.9976094722319923,15.282051282051283,0.4099547511312217
QI-DMO no-decoherence,n50 m10 uniform none,50,10,19,20000,30.61947942085304,30.61947942085304,16.51474510300299,28.387133832233918,0.07863934421178752,4.415653705596924,19929,0.14580191050779287,0.31322272498743087,0.18089492207139266,8.92493715434892,0.4014250589593055,0.034482758620689655,0.9885868252714116,16.335042735042734,1.514831573655103
QI-DMO no-decoherence,n50 m10 uniform none,50,10,20,20000,30.467104842022092,30.467104842022092,16.463953576726013,28.387133832233918,0.07327161037393438,4.45238733291626,19930,0.4733534439416792,0.10874811463046757,0.14278531925590748,6.01131221719457,0.6522829904666332,0.0,0.9998282237317859,11.794972347913525,0.22765208647561588
QI-DMO no-decoherence,n50 m10 uniform none,50,10,21,20000,30.066129771696637,30.066129771696637,16.33029521995086,28.387133832233918,0.05914637065458861,4.462660312652588,19932,0.43081950729009555,0.21513323278029162,0.12468577174459528,5.6333836098541985,0.953241019466185,0.00960919540229885,0.9972640809207198,10.854198089492208,0.412569130216189
QI-DMO no-decoherence,n50 m10 uniform none,50,10,22,20000,31.111765769388228,31.111765769388228,16.678840552514725,28.387133832233918,0.09598122703252483,4.563912868499756,19932,0.6024132730015083,0.03559577677224736,0.1275012569130216,5.478984414278532,0.6522175396347581,0.0,0.999881615376706,10.861538461538462,0.09643036701860232
QI-DMO no-decoherence,n50 m10 uniform none,50,10,23,20000,29.605351114682705,29.605351114682705,16.17670233427955,28.387133832233918,0.04291441642711697,4.745767831802368,19929,0.42357968828557063,0.10090497737556561,0.16314731020613374,7.65052790346908,0.5519594560690451,0.005747126436781609,0.9987560349487956,15.062342885872297,0.23871292106586225
QI-DMO no-decoherence,n50 m10 uniform none,50,10,24,20000,30.61402562823436,30.61402562823436,16.5129271721301,28.387133832233918,0.07844722222261762,4.623865842819214,19932,0.35635997988939166,0.2083961789844143,0.1486173956762192,6.558069381598793,0.9030704394942806,0.0037241379310344828,0.9975736737885443,12.552941176470588,0.5631975867269985
QI-DMO no-decoherence,n50 m10 uniform none,50,10,25,20000,31.309306792530965,31.309306792530965,16.744687560228968,28.387133832233918,0.10294004944517808,4.6040167808532715,19929,0.37893413775766716,0.19371543489190549,0.14499748617395677,6.77209653092006,0.5017813236991319,0.009195402298850575,0.9962997336292317,13.138461538461538,0.4057315233785822
QI-DMO no-decoherence,n50 m10 uniform none,50,10,26,20000,30.828159334765196,30.828159334765196,16.584305074307046,28.387133832233918,0.08599055885520454,7.89291787147522,19929,0.23539467068878833,0.206184012066365,0.18964303670186022,9.2587732528909,0.6021375884389583,0.017379310344827585,0.9946244900914857,17.36701860231272,1.1505279034690798
QI-DMO no-decoherence,n50 m10 uniform none,50,10,27,20000,29.967365441832907,29.967365441832907,16.29737377666295,28.387133832233918,0.055667177212678595,6.35909366607666,19931,0.48562091503267973,0.0751131221719457,0.15329311211664154,7.166666666666667,0.9031157493352064,0.0,0.9999041866703035,14.169834087481146,0.16349924585218703
QI-DMO no-decoherence,n50 m10 uniform none,50,10,28,20000,31.429929281134644,31.429929281134644,16.784895056430194,28.387133832233918,0.10718924520113393,7.890761852264404,19931,0.38587229763700354,0.21613876319758674,0.14017094017094017,6.015736551030669,0.3512116802970247,0.012413793103448277,0.9982017220380329,11.575565610859728,0.45590749120160884
QI-DMO no-decoherence,n50 m10 uniform none,50,10,29,20000,31.493707145268445,31.493707145268445,16.8061543444748,28.387133832233918,0.1094359624819529,5.224854230880737,19932,0.609502262443439,0.026395173453996983,0.12745098039215685,5.53288084464555,0.4013646397752358,0.0,0.9999388319979886,10.976772247360483,0.0889894419306184
QI-DMO,n50 m10 uniform none,50,10,0,20000,30.07009684442332,30.07009684442332,16.331617577526416,28.387133832233918,0.059286119625024516,5.691883087158203,19929,0.0026646556058320765,0.044947209653092006,0.32619406737053797,13.384364002011061,1.1039189121380901,0.1830344827586207,0.9228349747169283,17.84514831573655,8.923579688285571
QI-DMO,n50 m10 uniform none,50,10,1,20000,30.87542927169597,30.87542927169597,16.600061719950638,28.387133832233918,0.08765574764143906,5.753077507019043,19929,0.004072398190045249,0.04891905480140774,0.3205630970336853,14.008999497234791,0.3512469265893923,0.2,0.8984817064461464,19.938662644544998,8.079336349924585
QI-DMO,n50 m10 uniform none,50,10,2,20000,30.154201685171913,30.154201685171913,16.359652524442616,28.387133832233918,0.0622488999199866,9.744205236434937,19929,0.007290095525389643,0.05314228255404726,0.3174962292609351,12.898039215686275,0.6021375884389583,0.16928735632183908,0.9217507908073503,18.058823529411764,7.737254901960784
QI-DMO,n50 m10 uniform none,50,10,3,20000,30.25983410129667,30.25983410129667,16.394863329817536,28.387133832233918,0.065970036993882,5.906471490859985,19929,0.005279034690799397,0.04786324786324787,0.31965811965811963,13.4359477124183,0.5519594560690451,0.21779310344827585,0.9058234087026616,19.11965811965812,7.752237305178482
QI-DMO,n50 m10 uniform none,50,10,4,20000,29.977731740420488,29.977731740420488,16.300829209525475,28.387133832233918,0.056032353163475344,8.300382375717163,19929,0.003217697335344394,0.04087481146304676,0.3232780291603821,13.681699346405228,0.6021375884389583,0.2766896551724138,0.8748173126197211,18.675314228255406,8.688084464555052
QI-DMO,n50 m10 uniform none,50,10,5,20000,31.060640748075652,31.060640748075652,16.661798878743863,28.387133832233918,0.09418023431467169,7.206996202468872,19928,0.0017094017094017094,0.039064856711915535,0.32312719959778785,14.827752639517346,0.7527097551184263,0.1768735632183908,0.9245316547689215,19.59627953745601,10.059225741578683
QI-DMO,n50 m10 uniform none,50,10,6,20000,30.335197809259185,30.335197809259185,16.419984565805045,28.387133832233918,0.06862489142222658,7.463078022003174,19926,0.003418803418803419,0.0457516339869281,0.3219205630970337,13.887129210658623,0.8029709926728897,0.19383908045977014,0.9133631996751318,18.832176973353445,8.942081447963801
QI-DMO,n50 m10 uniform none,50,10,7,20000,30.5881883417102,30.5881883417102,16.504314743288717,28.387133832233918,0.07753704627189095,6.169798851013184,19928,0.0058320764203117145,0.051231774761186524,0.3197083961789844,13.258823529411766,0.602167804094741,0.20321839080459772,0.9090078361398585,18.90105580693816,7.616591251885369
QI-DMO,n50 m10 uniform none,50,10,8,20000,30.094071869110742,30.094071869110742,16.33960925242223,28.387133832233918,0.060130693255779716,9.645846843719482,19929,0.006435394670688788,0.048014077425842135,0.31895424836601305,13.897234791352439,0.8530282502885242,0.18142528735632182,0.9088773210304738,19.847058823529412,7.947410759175465
QI-DMO,n50 m10 uniform none,50,10,9,20000,30.647022503482134,30.647022503482134,16.523926130546023,28.387133832233918,0.07960961062867455,8.447738885879517,19927,0.004524886877828055,0.05093011563599799,0.3172951231774761,12.394117647058824,0.7025643599136849,0.1286896551724138,0.9333242313616393,17.28607340372046,7.5021618903971845
QI-DMO,n50 m10 uniform none,50,10,10,20000,30.65370640652267,30.65370640652267,16.526154098226204,28.387133832233918,0.07984506599659007,6.395463943481445,19928,0.010105580693815988,0.06319758672699849,0.3117144293614882,12.665811965811965,0.4516258530710558,0.1406896551724138,0.9318036986656224,18.881649069884364,6.449974861739568
QI-DMO,n50 m10 uniform none,50,10,11,20000,29.666713428526464,29.666713428526464,16.197156438894133,28.387133832233918,0.04507604057016734,10.755074739456177,19929,0.00864756158873806,0.05203619909502263,0.31669180492709903,12.640925087983911,0.5519594560690451,0.22147126436781608,0.8930127072355983,18.761890397184516,6.519959778783308
QI-DMO,n50 m10 uniform none,50,10,12,20000,30.04328975041652,30.04328975041652,16.322681879524154,28.387133832233918,0.058341780046212974,10.74834418296814,19928,0.0036199095022624436,0.042986425339366516,0.32222222222222224,13.625389643036701,0.602167804094741,0.1948505747126437,0.9015011721948145,18.085972850678733,9.16480643539467
QI-DMO,n50 m10 uniform none,50,10,13,20000,30.42159391917486,30.42159391917486,16.448783269110265,28.387133832233918,0.07166838677565925,6.380903005599976,19929,0.003117144293614882,0.042885872297637004,0.3236299648064354,14.53604826546003,0.6021375884389583,0.2790344827586207,0.8775237801039629,20.064957264957265,9.007139265962795
QI-DMO,n50 m10 uniform none,50,10,14,20000,30.94598099793714,30.94598099793714,16.62357896203103,28.387133832233918,0.09014108929861821,10.598393440246582,19928,0.003569632981397687,0.04007038712921066,0.3233283056812469,14.327149321266969,0.602167804094741,0.22505747126436781,0.9065370937924553,20.106586224233283,8.547712418300653
QI-DMO,n50 m10 uniform none,50,10,15,20000,30.017945887299675,30.017945887299675,16.31423392515187,28.387133832233918,0.057448986033734446,6.196237802505493,19929,0.0023629964806435393,0.042634489693313224,0.3261437908496732,14.05580693815988,0.9533845150283506,0.2988965517241379,0.8794947754948768,19.046254399195576,9.065359477124183
QI-DMO,n50 m10 uniform none,50,10,16,20000,31.121023693205345,31.121023693205345,16.681926527120428,28.387133832233918,0.09630735801396982,6.314208984375,19929,0.00020110608345902463,0.03619909502262444,0.3270990447461036,15.473504273504274,0.3512469265893923,0.25158620689655176,0.8870665124318128,19.645047762694823,11.301960784313726
QI-DMO,n50 m10 uniform none,50,10,17,20000,30.277506664735853,30.277506664735853,16.400754184297266,28.387133832233918,0.06659259239322693,6.542406797409058,19929,0.004374057315233786,0.048265460030165915,0.3219205630970337,13.574861739567622,0.5017813236991319,0.21388505747126438,0.890150920643772,18.77365510306687,8.376068376068377
QI-DMO,n50 m10 uniform none,50,10,18,20000,30.336610146076442,30.336610146076442,16.420455344744127,28.387133832233918,0.068674644131521,6.229702711105347,19929,0.002564102564102564,0.04474610356963298,0.32322775263951736,14.246807440925087,0.5519594560690451,0.212183908045977,0.8934399473396053,19.174459527400703,9.319155354449473
QI-DMO,n50 m10 uniform none,50,10,19,20000,30.63136766242617,30.63136766242617,16.51870785019404,28.387133832233918,0.07905813399322127,7.333633899688721,19928,0.00196078431372549,0.04318753142282554,0.32106586224233286,14.594369029663147,0.5018065034122843,0.23310344827586207,0.8776450961720555,19.97134238310709,9.217395676219205
QI-DMO,n50 m10 uniform none,50,10,20,20000,29.97293761781512,29.97293761781512,16.29923116865702,28.387133832233918,0.05586346951943784,6.836883306503296,19927,0.0024132730015082957,0.04157868275515334,0.3276520864756159,14.789793866264455,0.5520148542178953,0.1823448275862069,0.9164882956803446,20.362091503267973,9.217496229260934
QI-DMO,n50 m10 uniform none,50,10,21,20000,30.06264235431385,30.06264235431385,16.32913274748993,28.387133832233918,0.05902351861170903,6.53261923789978,19929,0.00432378079436903,0.04791352438411262,0.3221719457013575,13.357164404223228,0.9032063826584374,0.21770114942528734,0.90928027472784,19.093916540975364,7.620412267471091
QI-DMO,n50 m10 uniform none,50,10,22,20000,30.012774191391102,30.012774191391102,16.31251002651568,28.387133832233918,0.05726680152933408,6.46999716758728,19928,0.00392156862745098,0.049019607843137254,0.31804927099044744,12.53192559074912,0.5519871537535126,0.2006896551724138,0.9160592158860789,17.396480643539466,7.6673705379587735
QI-DMO,n50 m10 uniform none,50,10,23,20000,30.863168052667906,30.863168052667906,16.595974646941283,28.387133832233918,0.08722381889863155,6.9681007862091064,19928,0.002513826043237808,0.042131724484665664,0.322473604826546,14.643539467068878,0.4516258530710558,0.2949425287356322,0.8671914169130529,20.227953745600804,9.059125188536953
QI-DMO,n50 m10 uniform none,50,10,24,20000,30.79927638078625,30.79927638078625,16.574677422980734,28.387133832233918,0.08497309248647414,7.196355581283569,19927,0.0036701860231271996,0.0436902966314731,0.3239819004524887,14.384816490698844,0.6523811913484218,0.22652873563218393,0.8942453948398513,20.491704374057313,8.277928607340373
QI-DMO,n50 m10 uniform none,50,10,25,20000,30.587257614915874,30.587257614915874,16.50400450102394,28.387133832233918,0.07750425934807445,6.679216146469116,19927,0.0032679738562091504,0.044695827048768226,0.32161890397184517,13.973705379587733,0.5018316856526321,0.24377011494252873,0.9034621556722108,19.92176973353444,8.025641025641026
QI-DMO,n50 m10 uniform none,50,10,26,20000,30.276047261356446,30.276047261356446,16.40026771650413,28.387133832233918,0.06654118165947578,9.346282243728638,19928,0.0059326294620412265,0.04504776269482152,0.3216691804927099,13.71618903971845,0.25090325170614214,0.24583908045977013,0.9010389324895575,20.402614379084966,7.0297637003519355
QI-DMO,n50 m10 uniform none,50,10,27,20000,31.07094829355022,31.07094829355022,16.665234727235386,28.387133832233918,0.09454334055623467,7.815361022949219,19929,0.0058320764203117145,0.051583710407239816,0.3179989944695827,13.64333836098542,0.5017813236991319,0.16367816091954024,0.9262464873014501,19.604826546003018,7.681850175967823
QI-DMO,n50 m10 uniform none,50,10,28,20000,30.312323392511324,30.312323392511324,16.412359760222422,28.387133832233918,0.06781908915690993,6.226375102996826,19928,0.005178481649069884,0.04384112619406737,0.32197083961789846,13.834640522875818,0.4516258530710558,0.17181609195402298,0.9203410117617835,18.753443941679237,8.915837104072398
QI-DMO,n50 m10 uniform none,50,10,29,20000,30.504615883572185,30.504615883572185,16.47645725724271,28.387133832233918,0.07459302033986405,6.632107257843018,19929,0.0023127199597787833,0.04022121669180493,0.3239819004524887,15.041779788838612,0.4516031913292187,0.2497471264367816,0.8856607212734674,20.131121166415284,9.95243841126194
P-DMO (linear twin),n50 m10 uniform none,50,10,0,20000,31.15478249746244,31.15478249746244,16.693179461872795,28.387133832233918,0.0974965870659976,7.4840216636657715,19927,0.004725992961287079,0.03775766716943187,0.33514328808446453,17.559879336349926,0.4516485170873689,0.1312183908045977,0.919328929444436,24.1815987933635,10.93815987933635
P-DMO (linear twin),n50 m10 uniform none,50,10,1,20000,29.35360138133289,29.35360138133289,16.092785756496276,28.387133832233918,0.034045971488729065,7.419241428375244,19927,0.0022624434389140274,0.03469079939668175,0.33579688285570636,18.15600804424334,0.5520148542178953,0.17788505747126437,0.9245005017366925,23.544092508798393,12.767923579688286
P-DMO (linear twin),n50 m10 uniform none,50,10,2,20000,30.599099203948114,30.599099203948114,16.507951697368018,28.387133832233918,0.07792140568987223,6.526917219161987,19926,0.006334841628959276,0.03423831070889895,0.33780794369029665,18.029964806435395,0.7527853056308341,0.09839080459770115,0.9526755173619921,23.3649069884364,12.695022624434388
P-DMO (linear twin),n50 m10 uniform none,50,10,3,20000,30.263910497961955,30.263910497961955,16.396222128705965,28.387133832233918,0.06611363714349125,7.468351125717163,19928,0.0032679738562091504,0.041779788838612365,0.3317244846656611,18.288335847159377,0.5018065034122843,0.15834482758620688,0.9267768123725849,24.22443438914027,12.352237305178482
P-DMO (linear twin),n50 m10 uniform none,50,10,4,20000,30.230757817596693,30.230757817596693,16.38517123525088,28.387133832233918,0.06494576015523339,8.863582372665405,19929,0.003117144293614882,0.02679738562091503,0.33836098541980897,18.88908999497235,0.6021375884389583,0.1152183908045977,0.9428747253306885,24.161287078934137,13.616892911010558
P-DMO (linear twin),n50 m10 uniform none,50,10,5,20000,30.273125902235442,30.273125902235442,16.39929393013046,28.387133832233918,0.06643827027933193,7.932962656021118,19927,0.002865761689291101,0.02840623428858723,0.33941679235796884,18.761136249371543,0.7025643599136849,0.17167816091954025,0.9286011968987816,23.914027149321267,13.60824534942182
P-DMO (linear twin),n50 m10 uniform none,50,10,6,20000,30.914525034764807,30.914525034764807,16.613093640973585,28.387133832233918,0.08903298295162887,8.17904782295227,19928,0.004977375565610859,0.03755656108597285,0.3372046254399196,17.792559074912017,0.3010839020473705,0.15039080459770116,0.9200437681567298,23.78371040723982,11.801407742584214
P-DMO (linear twin),n50 m10 uniform none,50,10,7,20000,30.938790165633574,30.938790165633574,16.62118201792984,28.387133832233918,0.08988777621861284,6.333280801773071,19927,0.004022121669180492,0.03338360985419809,0.3337858220211161,18.345852187028658,0.4516485170873689,0.1434942528735632,0.9217232843812837,23.763700351935647,12.92800402212167
P-DMO (linear twin),n50 m10 uniform none,50,10,8,20000,30.086170386202106,30.086170386202106,16.336975424786015,28.387133832233918,0.05985234592577686,5.694092750549316,19927,0.006485671191553545,0.03162393162393162,0.33700351935646056,18.31965811965812,0.6523811913484218,0.14510344827586208,0.9403839219912905,24.126897938662644,12.512418300653595
P-DMO (linear twin),n50 m10 uniform none,50,10,9,20000,30.086207358050682,30.086207358050682,16.33698774873554,28.387133832233918,0.059853648341469654,7.626460552215576,19927,0.005580693815987934,0.0355455002513826,0.33479135243841124,18.197184514831573,0.6523811913484218,0.19011494252873565,0.9115746444856508,24.450779286073402,11.943589743589744
P-DMO (linear twin),n50 m10 uniform none,50,10,10,20000,30.992088889898568,30.992088889898568,16.6389482593515,28.387133832233918,0.09176534246323571,9.991923570632935,19927,0.0022624434389140274,0.034389140271493215,0.33745600804424336,18.62523881347411,0.4516485170873689,0.22763218390804596,0.8983707236004326,23.7342383107089,13.516239316239316
P-DMO (linear twin),n50 m10 uniform none,50,10,11,20000,31.092107481365414,31.092107481365414,16.672287789840453,28.387133832233918,0.09528872006302966,7.367966175079346,19928,0.003217697335344394,0.03046757164404223,0.338763197586727,18.348818501759677,0.7025291047771979,0.12133333333333333,0.936787230728284,23.40211161387632,13.295525389643037
P-DMO (linear twin),n50 m10 uniform none,50,10,12,20000,30.340001713783387,30.340001713783387,16.42158586731311,28.387133832233918,0.0687941196561368,10.379629135131836,19926,0.006887883358471594,0.03152337858220211,0.33961789844142787,18.478984414278532,0.6022282445046673,0.12303448275862068,0.9401508201587252,24.0640522875817,12.893916540975365
P-DMO (linear twin),n50 m10 uniform none,50,10,13,20000,31.097101626336745,31.097101626336745,16.673952504830897,28.387133832233918,0.09546464994030596,7.731913328170776,19927,0.0012066365007541479,0.03192559074912016,0.33760683760683763,18.64183006535948,0.7025643599136849,0.20427586206896553,0.9152570270812004,23.819808949220715,13.46385118149824
P-DMO (linear twin),n50 m10 uniform none,50,10,14,20000,30.018158563250175,30.018158563250175,16.314304817135373,28.387133832233918,0.05745647801766482,6.434783220291138,19926,0.0038712921065862244,0.03926596279537456,0.3371543489190548,17.83489190548014,0.7527853056308341,0.12547126436781608,0.9480770341926302,23.943690296631473,11.726093514328808
P-DMO (linear twin),n50 m10 uniform none,50,10,15,20000,30.43362653819281,30.43362653819281,16.45279414211625,28.387133832233918,0.07209226257407776,7.588842153549194,19928,0.0036199095022624436,0.042634489693313224,0.3309703368526898,18.197385620915032,0.6523484544359694,0.19816091954022988,0.9285653178121354,23.900351935646054,12.494419306184012
P-DMO (linear twin),n50 m10 uniform none,50,10,16,20000,30.62811761730256,30.62811761730256,16.5176245018195,28.387133832233918,0.07894364391673737,10.795633316040039,19926,0.004424333836098542,0.03192559074912016,0.33147310206133734,18.430417295123178,0.8531566797149452,0.10110344827586207,0.9480263703303398,24.26143790849673,12.599396681749623
P-DMO (linear twin),n50 m10 uniform none,50,10,17,20000,30.683968257334186,30.683968257334186,16.53624138183004,28.387133832233918,0.08091110707669213,7.520271062850952,19927,0.004072398190045249,0.031724484665661135,0.34022121669180494,18.206435394670688,0.35128217995684247,0.1031264367816092,0.9441162622969166,23.975766716943188,12.43710407239819
P-DMO (linear twin),n50 m10 uniform none,50,10,18,20000,30.951738786172523,30.951738786172523,16.625498224776152,28.387133832233918,0.09034392021030553,8.093395233154297,19927,0.008999497234791352,0.0371543489190548,0.3361488185017597,17.345701357466062,0.6021980227831585,0.10988505747126437,0.9491220124071525,23.266163901458018,11.425238813474108
P-DMO (linear twin),n50 m10 uniform none,50,10,19,20000,30.696297932021174,30.696297932021174,16.54035127339237,28.387133832233918,0.08134544732251814,7.823969602584839,19927,0.0024635495223730517,0.030819507290095527,0.33514328808446453,18.622976370035193,0.25091584282631607,0.1821609195402299,0.9179518503469771,23.295927601809954,13.950025138260433
P-DMO (linear twin),n50 m10 uniform none,50,10,20,20000,30.383755560711585,30.383755560711585,16.43617048295584,28.387133832233918,0.07033544634261314,8.189663171768188,19926,0.002765208647561589,0.031473102061337355,0.33896430367018604,18.842232277526396,0.45167118337850043,0.1513103448275862,0.9353191009203495,23.912820512820513,13.771644042232278
P-DMO (linear twin),n50 m10 uniform none,50,10,21,20000,30.816714815868885,30.816714815868885,16.580490234674944,28.387133832233918,0.0855874001931167,8.885127067565918,19927,0.003770739064856712,0.03675213675213675,0.32966314731020613,18.35379587732529,0.8029306970442114,0.1365057471264368,0.9294539669623932,23.916440422322776,12.791151332327804
P-DMO (linear twin),n50 m10 uniform none,50,10,22,20000,29.728615484771485,29.728615484771485,16.217790457642476,28.387133832233918,0.047256678341168035,8.67855453491211,19928,0.001558572146807441,0.029160382101558573,0.33690296631473104,18.39547511312217,0.40144520272982737,0.21466666666666664,0.917338132272171,22.899849170437406,13.891101055806939
P-DMO (linear twin),n50 m10 uniform none,50,10,23,20000,30.513008544439906,30.513008544439906,16.47925481086528,28.387133832233918,0.07488867050720115,8.796961307525635,19926,0.005681246857717446,0.03288084464555053,0.3393665158371041,18.278531925590748,0.8531566797149452,0.11760919540229885,0.9450652846314749,24.25329311211664,12.303770739064857
P-DMO (linear twin),n50 m10 uniform none,50,10,24,20000,30.38696192930049,30.38696192930049,16.437239272485478,28.387133832233918,0.07044839781590576,8.83074140548706,19926,0.004927099044746103,0.03534439416792358,0.33298139768728,18.2771744595274,0.7527853056308341,0.0975632183908046,0.9464884554970943,23.39738562091503,13.156963298139768
P-DMO (linear twin),n50 m10 uniform none,50,10,25,20000,31.310239178575063,31.310239178575063,16.744998355577003,28.387133832233918,0.10297289481976253,12.749374151229858,19929,0.00392156862745098,0.03237807943690297,0.33896430367018604,18.464353946706886,0.5017813236991319,0.13282758620689655,0.9450011346006612,24.07823026646556,12.850477626948216
P-DMO (linear twin),n50 m10 uniform none,50,10,26,20000,31.332779359548752,31.332779359548752,16.7525117492349,28.387133832233918,0.10376692288567788,9.438461780548096,19927,0.005128205128205128,0.03504273504273504,0.33996983408748116,18.146455505279036,0.5520148542178953,0.1769655172413793,0.9119426692511544,23.704675716440423,12.588235294117647
P-DMO (linear twin),n50 m10 uniform none,50,10,27,20000,29.96758882139836,29.96758882139836,16.2974482365181,28.387133832233918,0.05567504625527977,8.683878660202026,19928,0.007742584213172449,0.04147812971342383,0.3322272498743087,17.70432378079437,0.40144520272982737,0.1260229885057471,0.936646243796687,23.564203117144295,11.844444444444445
P-DMO (linear twin),n50 m10 uniform none,50,10,28,20000,30.37054361815449,30.37054361815449,16.431766502103475,28.387133832233918,0.06987002624648166,6.614104509353638,19929,0.009502262443438913,0.03549522373051785,0.3358471593765711,17.6938662644545,0.5519594560690451,0.09558620689655171,0.9469867443460569,24.029462041226747,11.358270487682253
P-DMO (linear twin),n50 m10 uniform none,50,10,29,20000,30.114057218773212,30.114057218773212,16.346271035643053,28.387133832233918,0.06083472169981292,6.66215705871582,19929,0.0022624434389140274,0.03217697335344394,0.3362493715434892,18.76365007541478,0.6523157208088715,0.16390804597701147,0.9372045055621425,24.02664655605832,13.500653594771242
QI-DMO register-attractor,n50 m10 uniform none,50,10,0,20000,32.247750055543904,32.247750055543904,17.05750198123328,28.387133832233918,0.13599880305373457,11.042129039764404,19926,0.0,0.0,0.3623428858722976,45.01427853192559,0.30111412225233364,0.8971034482758621,0.10000000000000005,44.98702865761689,45.04152840623429
QI-DMO register-attractor,n50 m10 uniform none,50,10,1,20000,31.985847588827998,31.985847588827998,16.970201158994648,28.387133832233918,0.12677270547503106,14.385877847671509,19926,0.0,0.0,0.36289592760180994,45.013273001508296,0.30111412225233364,0.9,0.10000000000000005,45.02322775263952,45.00331825037708
QI-DMO register-attractor,n50 m10 uniform none,50,10,2,20000,33.20562551621057,33.20562551621057,17.376793801455502,28.387133832233918,0.16974209909509064,9.843326807022095,19926,0.0,0.0,0.35912518853695324,45.00437405731523,0.40148549633644487,0.8988505747126437,0.10000000000000005,44.98934137757667,45.0194067370538
QI-DMO register-attractor,n50 m10 uniform none,50,10,3,20000,32.05569488908475,32.05569488908475,16.99348359241356,28.387133832233918,0.12923323215833565,9.144740343093872,19926,0.0,0.0,0.363499245852187,44.99100050276521,0.45167118337850043,0.8999540229885058,0.10000000000000005,44.992257415786824,44.98974358974359
QI-DMO register-attractor,n50 m10 uniform none,50,10,4,20000,32.593651644052024,32.593651644052024,17.172802510735988,28.387133832233918,0.14818395674175308,12.95984411239624,19926,0.0,0.0,0.358974358974359,45.00769230769231,0.30111412225233364,0.9050574712643679,0.10000000000000005,45.01075917546506,45.00462543991956
QI-DMO register-attractor,n50 m10 uniform none,50,10,5,20000,32.26893934010312,32.26893934010312,17.064565076086353,28.387133832233918,0.13674524278535524,7.20967698097229,19927,0.0,0.0,0.35731523378582203,44.98280542986425,0.35128217995684247,0.8991724137931034,0.10000000000000005,44.9965811965812,44.96902966314731
QI-DMO register-attractor,n50 m10 uniform none,50,10,6,20000,32.58757608280786,32.58757608280786,17.170777323654598,28.387133832233918,0.14796993156823351,8.008155345916748,19926,0.0,0.0,0.3623428858722976,44.98898944193062,0.15055706112616682,0.9000459770114942,0.10000000000000005,44.98964303670186,44.98833584715938
QI-DMO register-attractor,n50 m10 uniform none,50,10,7,20000,33.18559692426472,33.18559692426472,17.370117604140223,28.387133832233918,0.1690365473453362,8.18128252029419,19926,0.0,0.0,0.3572649572649573,45.00110608345903,0.501856870420556,0.9017931034482758,0.10000000000000005,44.99688285570638,45.00532931121167
QI-DMO register-attractor,n50 m10 uniform none,50,10,8,20000,32.479438100036006,32.479438100036006,17.13473132939732,28.387133832233918,0.14416053032994933,9.48545241355896,19926,0.0,0.0,0.3637506284565108,44.99979889391654,0.250928435210278,0.8988505747126437,0.10000000000000005,44.97345399698341,45.02614379084967
QI-DMO register-attractor,n50 m10 uniform none,50,10,9,20000,31.874626266233033,31.874626266233033,16.933127384796325,28.387133832233918,0.12285468672568231,12.313127756118774,19926,0.0,0.0,0.3595274007038713,45.00844645550528,0.30111412225233364,0.8992183908045978,0.10000000000000005,45.00985419808949,45.007038712921066
QI-DMO register-attractor,n50 m10 uniform none,50,10,10,20000,32.597703838217534,32.597703838217534,17.174153242124493,28.387133832233918,0.14832670430441502,10.239327192306519,19927,0.0,0.0,0.3658119658119658,45.020412267471094,0.35128217995684247,0.9012873563218391,0.10000000000000005,45.03157365510307,45.009250879839115
QI-DMO register-attractor,n50 m10 uniform none,50,10,11,20000,32.644708640512235,32.644708640512235,17.189821509556058,28.387133832233918,0.14998255313270803,11.864232540130615,19926,0.0,0.0,0.3651080945198592,44.989844142785316,0.6022282445046673,0.9011494252873562,0.10000000000000005,45.01005530417295,44.96963298139769
QI-DMO register-attractor,n50 m10 uniform none,50,10,12,20000,32.649572259901916,32.649572259901916,17.191442716019285,28.387133832233918,0.1501538849557242,7.701854228973389,19927,0.0,0.0,0.3601809954751131,44.9718954248366,0.30109901139157924,0.8986666666666666,0.10000000000000005,44.978481649069884,44.965309200603315
QI-DMO register-attractor,n50 m10 uniform none,50,10,13,20000,32.90758843778893,32.90758843778893,17.27744810864829,28.387133832233918,0.1592430793566762,9.232367277145386,19926,0.0,0.0,0.35947712418300654,44.990196078431374,0.40148549633644487,0.9045057471264367,0.10000000000000005,44.98391151332328,44.99648064353946
QI-DMO register-attractor,n50 m10 uniform none,50,10,14,20000,33.01952916579674,33.01952916579674,17.314761684650897,28.387133832233918,0.16318644076362102,10.259912967681885,19926,0.0,0.0,0.3622423328305681,44.99446958270487,0.501856870420556,0.9021149425287356,0.10000000000000005,45.01096028154852,44.97797888386123
QI-DMO register-attractor,n50 m10 uniform none,50,10,15,20000,33.797070169619445,33.797070169619445,17.57394201925846,28.387133832233918,0.1905770540047436,9.904314041137695,19926,0.0,0.0,0.36561085972850677,44.99547511312217,0.35129980929438925,0.8983448275862069,0.10000000000000005,44.98662644544997,45.00432378079437
QI-DMO register-attractor,n50 m10 uniform none,50,10,16,20000,31.81113216863434,31.81113216863434,16.91196268559676,28.387133832233918,0.12061796575293676,13.629543542861938,19926,0.0,0.0,0.3638511814982403,44.97943690296631,0.45167118337850043,0.9006896551724138,0.10000000000000005,44.95696329813977,45.001910507792864
QI-DMO register-attractor,n50 m10 uniform none,50,10,17,20000,31.98146080120047,31.98146080120047,16.968738896452138,28.387133832233918,0.12661817111261695,7.507120370864868,19926,0.0,0.0,0.3651080945198592,45.00955253896431,0.250928435210278,0.9002758620689656,0.10000000000000005,44.99044746103569,45.028657616892914
QI-DMO register-attractor,n50 m10 uniform none,50,10,18,20000,32.856865298291396,32.856865298291396,17.260540395482447,28.387133832233918,0.15745624382064408,13.042720317840576,19927,0.0,0.0,0.35490196078431374,44.999346405228756,0.35128217995684247,0.9008735632183908,0.10000000000000005,45.02916038210156,44.969532428355954
QI-DMO register-attractor,n50 m10 uniform none,50,10,19,20000,32.36533465841959,32.36533465841959,17.09669684885851,28.387133832233918,0.140140982520341,8.35224723815918,19926,0.0,0.0,0.3619406737053796,44.989291101055805,0.15055706112616682,0.9028505747126436,0.10000000000000005,44.98692810457516,44.99165409753645
QI-DMO register-attractor,n50 m10 uniform none,50,10,20,20000,33.36456642421446,33.36456642421446,17.429774104123467,28.387133832233918,0.17534114649956697,7.8324971199035645,19926,0.0,0.0,0.36028154851684263,44.9955756661639,0.20074274816822243,0.9029885057471264,0.10000000000000005,44.97194570135746,45.01920563097034
QI-DMO register-attractor,n50 m10 uniform none,50,10,21,20000,33.08211136413007,33.08211136413007,17.33562241742867,28.387133832233918,0.16539103805418187,10.196969032287598,19927,0.0,0.0,0.3583710407239819,44.968225238813474,0.6021980227831585,0.9008275862068966,0.10000000000000005,44.96520864756159,44.97124183006536
QI-DMO register-attractor,n50 m10 uniform none,50,10,22,20000,31.438319460266648,31.438319460266648,16.78769178280753,28.387133832233918,0.10748480794380423,8.083234548568726,19926,0.0,0.0,0.36138763197586726,45.00251382604324,0.30111412225233364,0.8983448275862069,0.10000000000000005,45.00432378079437,45.00070387129211
QI-DMO register-attractor,n50 m10 uniform none,50,10,23,20000,32.4591288105571,32.4591288105571,17.127961566237683,28.387133832233918,0.1434450903845524,13.114930391311646,19926,0.0,0.0,0.3584715937657114,45.032880844645554,0.250928435210278,0.898712643678161,0.10000000000000005,45.01759678230267,45.04816490698844
QI-DMO register-attractor,n50 m10 uniform none,50,10,24,20000,33.626782207470924,33.626782207470924,17.517179365208957,28.387133832233918,0.1845782813510861,11.913702964782715,19926,0.0,0.0,0.35887380593262946,45.01699346405229,0.20074274816822243,0.900183908045977,0.10000000000000005,45.01337355455003,45.02061337355455
QI-DMO register-attractor,n50 m10 uniform none,50,10,25,20000,33.122625397127614,33.122625397127614,17.34912709509452,28.387133832233918,0.1668182350807284,10.795124053955078,19926,0.0,0.0,0.36229260935143287,45.02347913524384,0.20074274816822243,0.8971494252873563,0.10000000000000005,45.01337355455003,45.03358471593766
QI-DMO register-attractor,n50 m10 uniform none,50,10,26,20000,32.84400569517393,32.84400569517393,17.256253861109958,28.387133832233918,0.15700323566584168,12.914342164993286,19926,0.0,0.0,0.3652086475615887,45.005731523378586,0.6524139315467229,0.9012413793103449,0.10000000000000005,45.007742584213176,45.003720462543995
QI-DMO register-attractor,n50 m10 uniform none,50,10,27,20000,33.16734383488784,33.16734383488784,17.364033241014592,28.387133832233918,0.1683935416271556,9.476354122161865,19926,0.0,0.0,0.3608848667672197,44.98572146807441,0.20074274816822243,0.8971954022988505,0.10000000000000005,44.942785319255904,45.028657616892914
QI-DMO register-attractor,n50 m10 uniform none,50,10,28,20000,33.6305148008377,33.6305148008377,17.51842356299788,28.387133832233918,0.18470977026394486,11.927868366241455,19927,0.0,0.0,0.3560080442433384,45.01764705882353,0.20073267426105285,0.9034022988505747,0.10000000000000005,44.97456008044243,45.060734037204625
QI-DMO register-attractor,n50 m10 uniform none,50,10,29,20000,32.52758100793869,32.52758100793869,17.15077896536488,28.387133832233918,0.14585647146254863,19.29909372329712,19926,0.0,0.0,0.36073403720462544,45.014932126696834,0.250928435210278,0.9040459770114943,0.10000000000000005,44.994771241830065,45.0350930115636
DMO greedy-next,n50 m10 uniform none,50,10,0,20000,31.514633524028593,31.514633524028593,16.81312980406151,28.387133832233918,0.11017314077137873,4.8148512840271,19932,0.046807440925087984,0.01950729009552539,0.013071895424836602,29.67898441427853,0.5518763796909493,0.871264367816092,,32.341277023629964,27.0166918049271
DMO greedy-next,n50 m10 uniform none,50,10,1,20000,31.828537821609185,31.828537821609185,16.917764569921708,28.387133832233918,0.12123111863683517,7.521454811096191,19932,0.04198089492207139,0.020361990950226245,0.013373554550025138,29.58466566113625,0.30102347983142685,0.8634022988505747,,32.37335344394168,26.79597787833082
DMO greedy-next,n50 m10 uniform none,50,10,2,20000,32.18420462678391,32.18420462678391,17.03632017164662,28.387133832233918,0.13376027382653102,5.396083354949951,19932,0.040422322775263954,0.020462543991955757,0.01493212669683258,29.439165409753645,0.6522175396347581,0.8399080459770114,,32.61176470588235,26.266566113624936
DMO greedy-next,n50 m10 uniform none,50,10,3,20000,32.546566754150916,32.546566754150916,17.15710754743562,28.387133832233918,0.14652528664919015,5.740304231643677,19932,0.0436902966314731,0.02091503267973856,0.013474107591754651,29.6228255404726,0.15051173991571343,0.8623908045977012,,32.59788838612368,26.64776269482152
DMO greedy-next,n50 m10 uniform none,50,10,4,20000,31.410995500660388,31.410995500660388,16.778583796272112,28.387133832233918,0.10652226062332648,5.117225170135498,19932,0.0452991452991453,0.02056309703368527,0.014731020613373554,29.49884364002011,0.25085289985952236,0.8639540229885057,,32.31744595274007,26.680241327300152
DMO greedy-next,n50 m10 uniform none,50,10,5,20000,30.98928106742444,30.98928106742444,16.638012318526794,28.387133832233918,0.0916664306642946,4.562182903289795,19932,0.04293614881850176,0.023278029160382102,0.013172448466566114,29.49069884364002,0.8528998595223761,0.8447356321839081,,32.48054298642534,26.500854700854703
DMO greedy-next,n50 m10 uniform none,50,10,6,20000,32.26825309036258,32.26825309036258,17.06433632617284,28.387133832233918,0.13672106811014517,8.885828256607056,19932,0.044846656611362494,0.027300150829562594,0.011915535444947209,29.81091000502765,0.25085289985952236,0.8588045977011494,,32.84474610356963,26.777073906485672
DMO greedy-next,n50 m10 uniform none,50,10,7,20000,32.40637007560991,32.40637007560991,17.110375321255283,28.387133832233918,0.14158654646606483,6.059367656707764,19932,0.045600804424333834,0.019054801407742586,0.012468577174459528,29.79683257918552,0.35119405980333135,0.8730114942528736,,32.66475615887381,26.928908999497235
DMO greedy-next,n50 m10 uniform none,50,10,8,20000,32.725828073645644,32.725828073645644,17.21686132060053,28.387133832233918,0.1528401657966994,4.039229869842529,19932,0.04620412267471091,0.021166415284062344,0.013122171945701358,29.59512317747612,0.4013646397752358,0.8628045977011495,,32.54539969834087,26.644846656611364
DMO greedy-next,n50 m10 uniform none,50,10,9,20000,32.31386919436987,32.31386919436987,17.079541694175273,28.387133832233918,0.13832799694899459,5.905320167541504,19932,0.044947209653092006,0.020864756158873805,0.014580191050779286,29.496681749622926,0.4013646397752358,0.8667586206896551,,32.30377073906486,26.689592760180997
DMO greedy-next,n50 m10 uniform none,50,10,10,20000,31.784428622045553,31.784428622045553,16.903061503400497,28.387133832233918,0.1196772738624978,6.199890375137329,19932,0.0457516339869281,0.021065862242332832,0.014630467571644042,29.247109100050277,0.4013646397752358,0.8602758620689656,,32.035997988939165,26.458220211161386
DMO greedy-next,n50 m10 uniform none,50,10,11,20000,32.23091830452571,32.23091830452571,17.051891397560553,28.387133832233918,0.13540586714418942,6.155513525009155,19932,0.0400201106083459,0.021920563097033684,0.013071895424836602,29.98446455505279,0.6020469596628537,0.8748045977011495,,32.824032176973354,27.144896933132227
DMO greedy-next,n50 m10 uniform none,50,10,12,20000,31.85587548001335,31.85587548001335,16.926877122723095,28.387133832233918,0.12219414852797275,4.038457632064819,19932,0.04720965309200603,0.017445952740070388,0.013373554550025138,29.386827551533433,0.25085289985952236,0.8577471264367815,,32.39517345399698,26.378481649069883
DMO greedy-next,n50 m10 uniform none,50,10,13,20000,31.824937159250027,31.824937159250027,16.916564349135324,28.387133832233918,0.12110427728749577,4.005407094955444,19932,0.043137254901960784,0.019959778783308194,0.014077425842131725,29.71573655103067,0.6020469596628537,0.865103448275862,,32.742684766214175,26.68878833584716
DMO greedy-next,n50 m10 uniform none,50,10,14,20000,32.36028779667006,32.36028779667006,17.095014561608668,28.387133832233918,0.13996319557716594,3.970890998840332,19932,0.04353946706887883,0.023378582202111614,0.013826043237807943,29.967521367521368,0.4013646397752358,0.8748505747126437,,32.90397184514831,27.03107088989442
DMO greedy-next,n50 m10 uniform none,50,10,15,20000,31.314709407473085,31.314709407473085,16.746488431876344,28.387133832233918,0.10313036858673177,5.671401023864746,19932,0.045449974861739566,0.018149824032176975,0.013323278029160382,29.721015585721467,0.25085289985952236,0.8629425287356323,,32.74570135746606,26.696329813976874
DMO greedy-next,n50 m10 uniform none,50,10,16,20000,32.077429736584264,32.077429736584264,17.00072854158007,28.387133832233918,0.1299988905593552,8.724758386611938,19932,0.0457516339869281,0.017345399698340876,0.013524384112619407,29.465711412770236,0.4013646397752358,0.8673103448275862,,32.38340874811463,26.548014077425844
DMO greedy-next,n50 m10 uniform none,50,10,17,20000,33.4112237217873,33.4112237217873,17.445326536647748,28.387133832233918,0.17698475370022992,7.600999116897583,19932,0.04645550527903469,0.02423328305681247,0.014630467571644042,29.523076923076925,0.4013646397752358,0.8665287356321839,,32.23086978381096,26.815284062342887
DMO greedy-next,n50 m10 uniform none,50,10,18,20000,31.793487140444945,31.793487140444945,16.90608100953363,28.387133832233918,0.11999638034407947,5.551620006561279,19932,0.042735042735042736,0.01608848667672197,0.013876319758672699,29.79989944695827,0.30102347983142685,0.7046896551724138,,32.98592257415787,26.613876319758674
DMO greedy-next,n50 m10 uniform none,50,10,19,20000,31.55800859227236,31.55800859227236,16.827588160142767,28.387133832233918,0.11170112413525439,6.8484532833099365,19932,0.0452991452991453,0.025842131724484664,0.013172448466566114,29.629864253393666,0.5518763796909493,0.8691494252873564,,32.4780291603821,26.78169934640523
DMO greedy-next,n50 m10 uniform none,50,10,20,20000,31.658747714523553,31.658747714523553,16.86116786755983,28.387133832233918,0.11524988403636158,4.940857410430908,19932,0.04142785319255907,0.019557566616390146,0.014630467571644042,29.8911513323278,0.35119405980333135,0.8812413793103449,,32.56943187531423,27.212870789341377
DMO greedy-next,n50 m10 uniform none,50,10,21,20000,32.242578633786984,32.242578633786984,17.055778173980976,28.387133832233918,0.13581662820693663,6.897217750549316,19932,0.06370035193564605,0.09834087481146304,0.014982403217697336,15.359678230266466,0.4515352197471403,0.11172413793103449,,24.86013071895425,5.859225741578682
DMO greedy-next,n50 m10 uniform none,50,10,22,20000,31.773765939296155,31.773765939296155,16.899507275817367,28.387133832233918,0.11930165711963063,9.244470596313477,19932,0.04796380090497738,0.01689291101055807,0.013021618903971846,29.205128205128204,0.5518763796909493,0.8593103448275862,,31.885671191553545,26.524585218702867
DMO greedy-next,n50 m10 uniform none,50,10,23,20000,30.74243514590624,30.74243514590624,16.555730344687394,28.387133832233918,0.08297073341718808,6.365908861160278,19932,0.04303670186023127,0.028104575163398694,0.013323278029160382,29.31121166415284,0.5518763796909493,0.852183908045977,,32.272699849170436,26.349723479135243
DMO greedy-next,n50 m10 uniform none,50,10,24,20000,31.612799770336192,31.612799770336192,16.84585188616405,28.387133832233918,0.1136312653882476,5.806288719177246,19932,0.04550025138260432,0.017043740573152336,0.014680744092508798,29.315284062342887,0.2006823198876179,0.8541149425287357,,32.20663650075415,26.423931623931622
DMO greedy-next,n50 m10 uniform none,50,10,25,20000,32.0089247956491,32.0089247956491,16.97789356126835,28.387133832233918,0.12758565147223838,6.79429817199707,19932,0.04489693313222725,0.026244343891402715,0.014027149321266969,29.929210658622424,0.4013646397752358,0.867816091954023,,32.87088989441931,26.98753142282554
DMO greedy-next,n50 m10 uniform none,50,10,26,20000,32.233649445190096,32.233649445190096,17.052801777782012,28.387133832233918,0.135502077655632,5.891022205352783,19932,0.04343891402714932,0.017445952740070388,0.01452991452991453,29.39165409753645,0.30102347983142685,0.8442298850574713,,32.34861739567622,26.43469079939668
DMO greedy-next,n50 m10 uniform none,50,10,27,20000,32.15766967927507,32.15766967927507,17.027475189143672,28.387133832233918,0.1328255212141094,6.446148157119751,19932,0.04479638009049774,0.024937154348919056,0.013976872800402213,30.10266465560583,0.35119405980333135,0.8830344827586206,,33.03740573152338,27.167923579688285
DMO greedy-next,n50 m10 uniform none,50,10,28,20000,31.825267219010776,31.825267219010776,16.916674369055574,28.387133832233918,0.12111590437752535,8.664005279541016,19932,0.04524886877828054,0.021317244846656612,0.013574660633484163,29.521468074409253,0.30102347983142685,0.8673563218390805,,32.28376068376068,26.75917546505782
DMO greedy-next,n50 m10 uniform none,50,10,29,20000,32.112961089681825,32.112961089681825,17.01257232594592,28.387133832233918,0.13125056159129342,4.7808122634887695,19932,0.04218200100553042,0.018753142282554047,0.013725490196078431,29.10010055304173,0.30102347983142685,0.8536091954022988,,32.068979386626445,26.131221719457013
QI-DMO greedy-next,n50 m10 uniform none,50,10,0,20000,28.93626294075745,28.93626294075745,15.953672942971131,28.387133832233918,0.019344295615360486,16.943840742111206,19932,0.2506787330316742,0.04097536450477627,0.03046757164404223,5.6669683257918555,1.1539233393538029,0.0,0.9806015390011791,10.415183509301157,0.918753142282554
QI-DMO greedy-next,n50 m10 uniform none,50,10,1,20000,29.512547577917843,29.512547577917843,16.145767822024595,28.387133832233918,0.03964520519524958,15.768253326416016,19932,0.12549019607843137,0.08355957767722473,0.02895927601809955,8.922373051784817,0.4515352197471403,0.02142528735632184,0.9708230969807689,16.104172951231774,1.7405731523378583
QI-DMO greedy-next,n50 m10 uniform none,50,10,2,20000,29.44203699564489,29.44203699564489,16.122264294600274,28.387133832233918,0.03716131292596783,10.1734619140625,19932,0.27058823529411763,0.037355455002513825,0.02986425339366516,7.929512317747612,0.9030704394942806,0.0013333333333333333,0.9817060063224232,14.831674208144797,1.0273504273504273
QI-DMO greedy-next,n50 m10 uniform none,50,10,3,20000,29.521018587839052,29.521018587839052,16.14859149199833,28.387133832233918,0.03994361538245876,9.269180536270142,19932,0.18919054801407742,0.03966817496229261,0.021618903971845148,9.714881850175967,0.7023881196066627,0.006482758620689655,0.973187194676729,18.213876319758672,1.2158873805932628
QI-DMO greedy-next,n50 m10 uniform none,50,10,4,20000,29.0384841588136,29.0384841588136,15.98774668232318,28.387133832233918,0.022945265641438783,15.066231727600098,19932,0.25279034690799396,0.10085470085470086,0.029964806435394672,4.151382604323781,1.053582179409994,0.0013333333333333333,0.9779418160342317,7.131825037707391,1.170940170940171
QI-DMO greedy-next,n50 m10 uniform none,50,10,5,20000,29.920757618422698,29.920757618422698,16.281837835526215,28.387133832233918,0.05402531284956048,15.309009075164795,19932,0.20718954248366014,0.06505781799899447,0.017345399698340876,7.933685268979387,0.4515352197471403,0.005149425287356322,0.9690525505908802,14.565108094519859,1.302262443438914
QI-DMO greedy-next,n50 m10 uniform none,50,10,6,20000,29.23659784555151,29.23659784555151,16.053784577902487,28.387133832233918,0.02992426140440488,12.87088942527771,19932,0.17561588738059325,0.09924585218702865,0.02669683257918552,8.139517345399698,0.8528998595223761,0.009931034482758621,0.9739193965362207,14.95897435897436,1.3200603318250377
QI-DMO greedy-next,n50 m10 uniform none,50,10,7,20000,30.22813662589226,30.22813662589226,16.38429750468273,28.387133832233918,0.064853422840733,12.773805618286133,19932,0.1199597787833082,0.17853192559074912,0.018903971845148314,5.293413775766717,0.7023881196066627,0.035816091954022994,0.9687935416921877,8.633182503770739,1.9536450477626948
QI-DMO greedy-next,n50 m10 uniform none,50,10,8,20000,29.28974765127175,29.28974765127175,16.071501179809232,28.387133832233918,0.031796581661685884,13.845642328262329,19932,0.27214680744092506,0.050829562594268476,0.027199597787833082,5.330668677727501,0.9030704394942806,0.0,0.9806577896561559,9.775465057818,0.8858722976370035
QI-DMO greedy-next,n50 m10 uniform none,50,10,9,20000,29.261635418672068,29.261635418672068,16.062130435609337,28.387133832233918,0.030806265669736033,9.971060276031494,19932,0.23640020110608345,0.02644544997486174,0.02699849170437406,8.757516339869282,0.8027292795504716,0.006666666666666666,0.9756006911652274,16.353745600804423,1.1612870789341379
QI-DMO greedy-next,n50 m10 uniform none,50,10,10,20000,29.545214532744286,29.545214532744286,16.15665680696674,28.387133832233918,0.04079597141981815,14.755902767181396,19932,0.2119155354449472,0.03021618903971845,0.026395173453996983,9.53700351935646,0.8027292795504716,0.002574712643678161,0.9769034957820604,17.994871794871795,1.0791352438411261
QI-DMO greedy-next,n50 m10 uniform none,50,10,11,20000,29.314644205713158,29.314644205713158,16.0798000312897,28.387133832233918,0.03267361823003214,17.143858432769775,19932,0.19909502262443438,0.0844142785319256,0.03117144293614882,5.865158371040724,1.2040939193257074,0.01181609195402299,0.9775938818842345,10.50739064856712,1.222926093514329
QI-DMO greedy-next,n50 m10 uniform none,50,10,12,20000,29.012051869059935,29.012051869059935,15.97893591907196,28.387133832233918,0.022014129377035428,13.520268678665161,19932,0.23398692810457516,0.07239819004524888,0.02895927601809955,6.826194067370538,0.9030704394942806,0.0,0.9825223355148446,12.561287078934138,1.091101055806938
QI-DMO greedy-next,n50 m10 uniform none,50,10,13,20000,29.361316399987622,29.361316399987622,16.09535742938119,28.387133832233918,0.03431775020018079,14.280570030212402,19932,0.29808949220713926,0.025590749120160884,0.02619406737053796,5.401960784313726,0.7023881196066627,0.0,0.9783931174425519,9.873202614379085,0.930718954248366
QI-DMO greedy-next,n50 m10 uniform none,50,10,14,20000,29.35550923573151,29.35550923573151,16.093421707962484,28.387133832233918,0.03411317990821572,13.962875604629517,19932,0.20950226244343892,0.0644544997486174,0.02594268476621418,7.186525892408246,0.8528998595223761,0.0,0.9800163164025855,13.220713926596279,1.152337858220211
QI-DMO greedy-next,n50 m10 uniform none,50,10,15,20000,29.31663619712445,29.31663619712445,16.080464028426796,28.387133832233918,0.03274379056314135,13.107068538665771,19932,0.1497737556561086,0.0915032679738562,0.029663147310206132,8.628959276018099,1.1539233393538029,0.0,0.9763217981680669,15.87239819004525,1.3855203619909502
QI-DMO greedy-next,n50 m10 uniform none,50,10,16,20000,29.72632873977293,29.72632873977293,16.217028209309625,28.387133832233918,0.04717612265660799,17.202558040618896,19932,0.0893413775766717,0.132579185520362,0.028607340372046253,10.46194067370538,0.8027292795504716,0.00910344827586207,0.9790214299001784,18.984012066365008,1.9398692810457516
QI-DMO greedy-next,n50 m10 uniform none,50,10,17,20000,29.76237531530431,29.76237531530431,16.22904373448675,28.387133832233918,0.048445943546043764,13.33015751838684,19932,0.3098541980894922,0.07104072398190045,0.024786324786324785,3.2221719457013576,0.5017057997190447,0.0013333333333333333,0.9775993297467852,5.474912016088487,0.9694318753142283
QI-DMO greedy-next,n50 m10 uniform none,50,10,18,20000,29.555240298925327,29.555240298925327,16.15999872902709,28.387133832233918,0.041149151358317496,12.047372341156006,19932,0.10623428858722976,0.04987430869783811,0.03323278029160382,13.486023127199598,1.0034115994380894,0.010344827586206896,0.9766736560120138,24.833584715937658,2.1384615384615384
QI-DMO greedy-next,n50 m10 uniform none,50,10,19,20000,29.603948013440306,29.603948013440306,16.176234633865413,28.387133832233918,0.042864989061512135,14.624467372894287,19932,0.22921065862242332,0.10316742081447963,0.022574157868275515,6.401910507792861,0.5017057997190447,0.005057471264367817,0.9764148777331763,11.70487682252388,1.0989441930618402
QI-DMO greedy-next,n50 m10 uniform none,50,10,20,20000,29.450714738696846,29.450714738696846,16.125156875617595,28.387133832233918,0.03746700574804841,12.108042478561401,19932,0.21277023629964806,0.04620412267471091,0.031473102061337355,7.914429361488185,0.9030704394942806,0.0,0.9812289137497151,14.769834087481147,1.0590246354952237
QI-DMO greedy-next,n50 m10 uniform none,50,10,21,20000,28.99412334976241,28.99412334976241,15.972959745972787,28.387133832233918,0.021382557362633413,14.33193325996399,19932,0.26953242835595775,0.05168426344896933,0.027853192559074914,6.598441427853192,1.1037527593818985,0.0,0.9792791217605294,12.203318250377073,0.9935646053293112
QI-DMO greedy-next,n50 m10 uniform none,50,10,22,20000,29.28164548777101,29.28164548777101,16.06880045864232,28.387133832233918,0.031511164910962675,16.48870539665222,19932,0.2642031171442936,0.07642031171442937,0.025238813474107592,5.963197586726999,0.8027292795504716,0.0,0.9813551571894303,10.85982905982906,1.0665661136249371
QI-DMO greedy-next,n50 m10 uniform none,50,10,23,20000,29.483446586979174,29.483446586979174,16.136067491711703,28.387133832233918,0.03862005798910139,16.198511600494385,19932,0.09492207139265962,0.05510306686777275,0.026143790849673203,11.954147812971343,0.8027292795504716,0.0,0.9791645692133479,20.676923076923078,3.231372549019608
QI-DMO greedy-next,n50 m10 uniform none,50,10,24,20000,29.237009262971792,29.237009262971792,16.053921717042577,28.387133832233918,0.029938754499153813,16.204379320144653,19932,0.2946204122674711,0.014328808446455505,0.02277526395173454,7.480492709904475,0.7525586995785671,0.0026666666666666666,0.9813297271200037,14.11744595274007,0.8435394670688788
QI-DMO greedy-next,n50 m10 uniform none,50,10,25,20000,30.100259018051702,30.100259018051702,16.341671635402548,28.387133832233918,0.06034864935439557,17.258745908737183,19932,0.11523378582202111,0.04831573655103067,0.024183006535947713,14.679839115133232,0.7525586995785671,0.012229885057471263,0.9780234820356378,25.02483660130719,4.334841628959276
QI-DMO greedy-next,n50 m10 uniform none,50,10,26,20000,29.794785376306095,29.794785376306095,16.239847088154015,28.387133832233918,0.049587660113603035,15.116472244262695,19932,0.18270487682252387,0.13453996983408748,0.02483660130718954,6.057868275515334,0.8528998595223761,0.02413793103448276,0.9750828889454154,10.667169431875314,1.4485671191553544
QI-DMO greedy-next,n50 m10 uniform none,50,10,27,20000,29.290889311249565,29.290889311249565,16.07188173313517,28.387133832233918,0.03183679917658409,20.617985248565674,19932,0.3019105077928607,0.026897938662644547,0.022976370035193566,5.921065862242333,0.35119405980333135,0.0,0.9792366651627005,10.985922574157868,0.8562091503267973
QI-DMO greedy-next,n50 m10 uniform none,50,10,28,20000,29.220932107165208,29.220932107165208,16.04856266510705,28.387133832233918,0.029372400886224816,18.039487600326538,19932,0.2882855706385118,0.08451483157365511,0.024987430869783812,3.6351935646053293,0.7023881196066627,0.006114942528735632,0.9817673851482591,6.319155354449472,0.9512317747611865
QI-DMO greedy-next,n50 m10 uniform none,50,10,29,20000,29.218012114561972,29.218012114561972,16.047589334239305,28.387133832233918,0.02926953764471222,16.942127466201782,19932,0.30276520864756157,0.03675213675213675,0.026344896933132227,3.4322775263951733,0.8027292795504716,0.0,0.974960152785891,5.8559074912016085,1.008647561588738
GA,n50 m10 uniform none,50,10,0,20000,29.34868888492451,29.34868888492451,16.091148257693483,28.387133832233918,0.03387291786389281,8.459333419799805,19982,0.03844226142742582,0.11888532477947072,0.2162690457097033,4.22373696872494,0.9008107296566911,0.15319540229885056,,4.489574979951884,3.9578989574979953
GA,n50 m10 uniform none,50,10,1,20000,29.445465605047406,29.445465605047406,16.12340716440112,28.387133832233918,0.03728209332679232,7.353534460067749,19982,0.03378107457898957,0.11231956696070569,0.2244887730553328,4.451934643143544,1.0509458512661396,0.16639080459770114,,4.813853247794707,4.090016038492382
GA,n50 m10 uniform none,50,10,2,20000,29.528833608198564,29.528833608198564,16.151196498784834,28.387133832233918,0.04021891687663913,8.209492921829224,19982,0.03718925421010425,0.11652967121090617,0.22524057738572575,4.400060144346432,0.9508557701931739,0.17848275862068966,,4.677125100240578,4.122995188452285
GA,n50 m10 uniform none,50,10,3,20000,29.068724128320774,29.068724128320774,15.997826672158904,28.387133832233918,0.024010535903871446,5.746850252151489,19982,0.03373095429029671,0.10921210906174819,0.2318063352044908,4.371692060946271,0.9008107296566911,0.14124137931034483,,4.804230152365678,3.9391539695268647
GA,n50 m10 uniform none,50,10,4,20000,29.446747096288924,29.446747096288924,16.12383432814829,28.387133832233918,0.03732723670932227,5.6969335079193115,19982,0.04325380914194066,0.1121692060946271,0.22303528468323977,4.160134322373697,0.45040536482834553,0.12133333333333333,,4.3785084202085,3.941760224538893
GA,n50 m10 uniform none,50,10,5,20000,29.21087826013042,29.21087826013042,16.045211382762123,28.387133832233918,0.029018231737123538,9.331461191177368,19982,0.0330793905372895,0.10996391339214114,0.22794707297514033,4.588512429831596,0.7506756080472425,0.11535632183908046,,4.993384121892542,4.1836407377706495
GA,n50 m10 uniform none,50,10,6,20000,29.672316970999045,29.672316970999045,16.199024286384997,28.387133832233918,0.045273437831394835,9.45930004119873,19982,0.03628708901363272,0.11778267842822775,0.22198275862068967,4.51067562149158,0.9008107296566911,0.13475862068965516,,5.045609462710505,3.9757417802726542
GA,n50 m10 uniform none,50,10,7,20000,29.15482431020032,29.15482431020032,16.02652673278542,28.387133832233918,0.02704360653327668,5.929118633270264,19982,0.03142542101042502,0.1170308740978348,0.23060344827586207,4.465316760224539,0.5004504053648283,0.20427586206896553,,4.715316760224539,4.215316760224539
GA,n50 m10 uniform none,50,10,8,20000,29.230417959224383,29.230417959224383,16.05172461579344,28.387133832233918,0.029706561147533186,6.834331512451172,19982,0.03984562951082598,0.11617882919005613,0.22348636728147553,4.278067361668003,1.0009008107296566,0.0815632183908046,,5.069065757818765,3.4870689655172415
GA,n50 m10 uniform none,50,10,9,20000,29.33921219036649,29.33921219036649,16.08798935950748,28.387133832233918,0.033539080195953946,7.826225519180298,19982,0.03473336006415397,0.11552726543704891,0.22062951082598237,4.4107357658380115,1.0009008107296566,0.12078160919540229,,4.753207698476343,4.068263833199679
GA,n50 m10 uniform none,50,10,10,20000,29.423746463748422,29.423746463748422,16.116167450634787,28.387133832233918,0.036516988211660134,6.418888330459595,19982,0.03428227746591821,0.1150260625501203,0.2258420208500401,4.451884522854852,0.7506756080472425,0.17972413793103448,,4.919506816359262,3.984262229350441
GA,n50 m10 uniform none,50,10,11,20000,29.365149396776296,29.365149396776296,16.09663509497741,28.387133832233918,0.03445277604714817,6.921071529388428,19982,0.036337209302325583,0.11733159582999197,0.22965116279069767,4.21586808340016,0.7006305675107597,0.11885057471264368,,4.724338412189254,3.7073977546110664
GA,n50 m10 uniform none,50,10,12,20000,29.510609760769498,29.510609760769498,16.145121882975147,28.387133832233918,0.03957694127118463,7.38031792640686,19982,0.033831194867682435,0.11617882919005613,0.22674418604651161,4.506565757818765,0.8007206485837254,0.1912183908045977,,5.254711307137129,3.758420208500401
GA,n50 m10 uniform none,50,10,13,20000,29.35948350545643,29.35948350545643,16.094746464537458,28.387133832233918,0.034253182408940465,8.06297755241394,19982,0.030974338412189256,0.11206896551724138,0.2292000801924619,4.530272654370489,1.0509458512661396,0.13480459770114941,,5.0243584603047315,4.036186848436247
GA,n50 m10 uniform none,50,10,14,20000,29.21399652722189,29.21399652722189,16.046250805125943,28.387133832233918,0.029128079638989866,8.693415403366089,19982,0.029069767441860465,0.10620489174017643,0.22970128307939053,4.844677225340818,1.0009008107296566,0.14910344827586205,,5.428728949478749,4.260625501202887
GA,n50 m10 uniform none,50,10,15,20000,29.413632111545475,29.413632111545475,16.11279599990047,28.387133832233918,0.03616068763328112,5.933722257614136,19982,0.038492381716118684,0.11201884522854852,0.2205793905372895,4.441409382518043,0.8007206485837254,0.13788505747126437,,4.707698476343224,4.175120288692863
GA,n50 m10 uniform none,50,10,16,20000,29.15616882470307,29.15616882470307,16.026974904286337,28.387133832233918,0.027090970050519986,6.554953575134277,19982,0.030874097834803528,0.11116680032076985,0.22985164394546911,4.669657177225341,1.201080972875588,0.21733333333333335,,4.955994386527666,4.383319967923015
GA,n50 m10 uniform none,50,10,17,20000,29.114278109228813,29.114278109228813,16.013011332461584,28.387133832233918,0.025615276318217615,6.5528764724731445,19982,0.03653769045709703,0.10891138732959102,0.22659382518043303,4.420108259823577,0.9508557701931739,0.1269425287356322,,4.791399358460304,4.048817161186848
GA,n50 m10 uniform none,50,10,18,20000,29.567491760882735,29.567491760882735,16.16408254967956,28.387133832233918,0.04158073638658466,6.50635027885437,19982,0.03338011226944667,0.1152766639935846,0.22524057738572575,4.414895749799519,0.7006305675107597,0.16570114942528735,,4.783279871692061,4.046511627906977
GA,n50 m10 uniform none,50,10,19,20000,29.88187350852389,29.88187350852389,16.26887646555994,28.387133832233918,0.052655533493581395,6.577828645706177,19982,0.04059743384121892,0.11452485966319166,0.22524057738572575,4.176924619085806,0.8507656891202082,0.09788505747126436,,4.697173215717722,3.6566760224538895
GA,n50 m10 uniform none,50,10,20,20000,29.398626222251877,29.398626222251877,16.107794036802606,28.387133832233918,0.03563207176870384,6.401121377944946,19982,0.03553528468323978,0.10986367281475541,0.22403769045709704,4.559542902967121,1.3512160944850364,0.1669425287356322,,5.076984763432238,4.042101042502005
GA,n50 m10 uniform none,50,10,21,20000,29.401824413024617,29.401824413024617,16.10886010039352,28.387133832233918,0.03574473516021213,5.117008924484253,19982,0.03368083400160385,0.11071571772253408,0.22874899759422615,4.429129911788292,0.9008107296566911,0.18924137931034482,,4.773356054530874,4.0849037690457095
GA,n50 m10 uniform none,50,10,22,20000,29.035590909486864,29.035590909486864,15.986782265880935,28.387133832233918,0.022843344491391217,5.131759166717529,19982,0.036387329591018445,0.11171812349639133,0.22614274258219727,4.433841218925421,0.9008107296566911,0.12919540229885057,,4.895048115477145,3.972634322373697
GA,n50 m10 uniform none,50,10,23,20000,29.921637491756528,29.921637491756528,16.282131126637488,28.387133832233918,0.05405630834699357,5.097531795501709,19982,0.0334803528468324,0.11156776263031275,0.2254410585404972,4.555032076984763,0.8007206485837254,0.18147126436781608,,5.007217321571773,4.102846832397755
GA,n50 m10 uniform none,50,10,24,20000,29.36150340232757,29.36150340232757,16.095419763494505,28.387133832233918,0.03432433777401104,6.961859464645386,19982,0.034182036888532476,0.10941259021651965,0.22594226142742582,4.513532477947073,0.7006305675107597,0.17586206896551723,,4.876804330392943,4.150260625501203
GA,n50 m10 uniform none,50,10,25,20000,29.75553728330138,29.75553728330138,16.226764390485776,28.387133832233918,0.04820505864222275,4.977020025253296,19982,0.034182036888532476,0.11532678428227747,0.23045308740978349,4.623746992782679,0.9508557701931739,0.14556321839080458,,5.0478147554129915,4.199679230152365
GA,n50 m10 uniform none,50,10,26,20000,29.291203241320677,29.291203241320677,16.071986376492205,28.387133832233918,0.03184785806237957,6.5894997119903564,19982,0.037941058540497195,0.11397353648757017,0.22564153969526865,4.381014434643143,0.9008107296566911,0.13995402298850576,,5.082197273456295,3.679831595829992
GA,n50 m10 uniform none,50,10,27,20000,29.540125338814484,29.540125338814484,16.15496040899014,28.387133832233918,0.040616693231330415,5.466502904891968,19982,0.03493384121892542,0.11678027265437049,0.22849839615076184,4.39705292702486,0.7506756080472425,0.18257471264367817,,4.673015236567762,4.121090617481957
GA,n50 m10 uniform none,50,10,28,20000,29.423386468540443,29.423386468540443,16.116047452232127,28.387133832233918,0.03650430657884341,5.165705919265747,19982,0.03583600641539695,0.10891138732959102,0.22704490777866881,4.509522854851644,1.0009008107296566,0.1625287356321839,,4.879711307137129,4.139334402566159
GA,n50 m10 uniform none,50,10,29,20000,29.262554460919976,29.262554460919976,16.062436783025305,28.387133832233918,0.030838640979386506,4.986438274383545,19982,0.03889334402566159,0.11532678428227747,0.2235364875701684,4.152265437048918,0.8007206485837254,0.12813793103448276,,4.424819566960705,3.879711307137129
