algo,instance,n,m,seed,budget,best,makespan,energy_Wh,lb,gap,runtime_s,evals,wasted,neutral,improving,move_size,gb_impr_per_1k,div_end,purity_end,move_sizes_early,move_sizes_late
QI-MRFO c=0.0,n50 m10 bimodal high,50,10,0,20000,29.894998171300283,29.894998171300283,17.115371004847336,25.10693322506205,0.19070688177314812,8.761741399765015,19950,0.6066265060240964,0.0855421686746988,0.018524096385542168,3.862098393574297,0.9022556390977443,0.0,0.9904890979272876,5.775301204819277,1.9488955823293173
QI-MRFO c=0.0,n50 m10 bimodal high,50,10,1,20000,30.231095373100487,30.231095373100487,17.278471355837606,25.10693322506205,0.20409351082845256,9.764366626739502,19950,0.44854417670682734,0.28303212851405624,0.013002008032128514,4.0348393574297186,0.7518796992481203,0.016137931034482758,0.9803675458386039,5.75070281124498,2.318975903614458
QI-MRFO c=0.0,n50 m10 bimodal high,50,10,2,20000,30.11550731086301,30.11550731086301,17.233893350322408,25.10693322506205,0.19948968043621265,14.945152044296265,19950,0.7145582329317269,0.012248995983935742,0.012248995983935742,3.7446285140562248,0.8521303258145363,0.0,0.9815743423452704,5.393072289156627,2.0961847389558232
QI-MRFO c=0.0,n50 m10 bimodal high,50,10,3,20000,30.24917514033006,30.24917514033006,17.212868751286734,25.10693322506205,0.2048136213679399,9.851158857345581,19950,0.6298192771084338,0.058684738955823296,0.01897590361445783,3.769277108433735,1.0025062656641603,0.0013333333333333333,0.9896583687996706,5.676706827309237,1.861847389558233
QI-MRFO c=0.0,n50 m10 bimodal high,50,10,4,20000,30.415939782326966,30.415939782326966,17.316653513897894,25.10693322506205,0.21145579628042344,9.146868467330933,19950,0.5397590361445783,0.14748995983935742,0.021134538152610443,4.096736947791165,1.2531328320802004,0.008689655172413793,0.9823006861107557,5.927911646586345,2.265562248995984
QI-MRFO c=0.0,n50 m10 bimodal high,50,10,5,20000,27.908524993344948,27.908524993344948,16.309508876815848,25.10693322506205,0.11158637907581295,16.48794960975647,19950,0.6330321285140562,0.08408634538152611,0.023644578313253013,3.7714859437751005,1.4035087719298245,0.003908045977011495,0.9899549300280543,5.667670682730924,1.8753012048192772
QI-MRFO c=0.0,n50 m10 bimodal high,50,10,6,20000,29.98325338282059,29.98325338282059,17.191609979521868,25.10693322506205,0.1942220546829246,9.851294994354248,19950,0.45612449799196786,0.20607429718875503,0.02038152610441767,4.8466867469879515,1.3533834586466165,0.0,0.9857900290263796,7.493373493975904,2.2
QI-MRFO c=0.0,n50 m10 bimodal high,50,10,7,20000,27.619094490795767,27.619094490795767,16.244577426659315,25.10693322506205,0.10005846764375213,11.874946117401123,19950,0.6815763052208835,0.025602409638554216,0.017269076305220885,3.6917670682730925,0.8020050125313283,0.0,0.9929111368360097,5.58714859437751,1.7963855421686747
QI-MRFO c=0.0,n50 m10 bimodal high,50,10,8,20000,27.342696894673562,27.342696894673562,15.953567833431471,25.10693322506205,0.08904965212476626,11.47956371307373,19950,0.5318273092369478,0.17329317269076305,0.02178714859437751,4.026706827309237,0.8521303258145363,0.0013333333333333333,0.9936290716273158,5.910140562248996,2.143273092369478
QI-MRFO c=0.0,n50 m10 bimodal high,50,10,9,20000,29.507423823350443,29.507423823350443,17.06215288969664,25.10693322506205,0.17526993674782107,9.006369590759277,19950,0.5287650602409638,0.17063253012048193,0.02384538152610442,4.273544176706827,1.2531328320802004,0.0013333333333333333,0.9858427474214045,6.196385542168675,2.3507028112449797
QI-MRFO c=0.0,n50 m10 bimodal high,50,10,10,20000,29.212612061116495,29.212612061116495,16.809001019168246,25.10693322506205,0.16352769170374443,12.279011011123657,19950,0.6183734939759036,0.08308232931726908,0.027359437751004016,3.9247991967871485,1.4536340852130325,0.0,0.9948529893552941,6.062650602409638,1.7869477911646587
QI-MRFO c=0.0,n50 m10 bimodal high,50,10,11,20000,28.975613370618035,28.975613370618035,16.741186216919008,25.10693322506205,0.1540881202366134,9.414135932922363,19950,0.45778112449799196,0.24683734939759036,0.02213855421686747,4.4065261044176705,1.1528822055137844,0.016689655172413793,0.9757544754251339,6.091265060240964,2.7217871485943776
QI-MRFO c=0.0,n50 m10 bimodal high,50,10,12,20000,28.56465086584386,28.56465086584386,16.531907681106407,25.10693322506205,0.13771963344891014,10.25605320930481,19950,0.49056224899598394,0.19503012048192772,0.01857429718875502,4.286044176706827,0.9523809523809523,0.013195402298850573,0.9778299842481524,6.389156626506024,2.1829317269076305
QI-MRFO c=0.0,n50 m10 bimodal high,50,10,13,20000,29.637324881526766,29.637324881526766,16.88405849125592,25.10693322506205,0.18044384855185827,10.097224473953247,19950,0.6486445783132531,0.06736947791164659,0.012751004016064257,3.7612951807228914,0.5012531328320802,0.005333333333333333,0.9865877607572043,5.51495983935743,2.0076305220883532
QI-MRFO c=0.0,n50 m10 bimodal high,50,10,14,20000,28.542415116742028,28.542415116742028,16.617345948914238,25.10693322506205,0.1368339916661202,10.102869510650635,19950,0.3766566265060241,0.3036646586345382,0.015963855421686747,4.802359437751004,0.9022556390977443,0.01820689655172414,0.9866538312532149,6.562248995983936,3.0424698795180722
QI-MRFO c=0.0,n50 m10 bimodal high,50,10,15,20000,30.66302781587573,30.66302781587573,17.07507660469322,25.10693322506205,0.22129722260413376,10.862797498703003,19950,0.402359437751004,0.30145582329317266,0.01641566265060241,4.8361947791164654,1.0526315789473684,0.027126436781609194,0.9682046969059316,6.579317269076305,3.0930722891566265
QI-MRFO c=0.0,n50 m10 bimodal high,50,10,16,20000,28.36906024776471,28.36906024776471,16.598417036331874,25.10693322506205,0.12992933041484991,12.674012184143066,19950,0.6177208835341366,0.10251004016064257,0.023443775100401607,3.565512048192771,0.9022556390977443,0.0013333333333333333,0.9926413885996893,5.363152610441767,1.7678714859437752
QI-MRFO c=0.0,n50 m10 bimodal high,50,10,17,20000,29.894998171300283,29.894998171300283,17.10259310180687,25.10693322506205,0.19070688177314812,8.383333921432495,19950,0.6375502008032129,0.07941767068273092,0.015612449799196787,3.733082329317269,1.0526315789473684,0.0,0.9922355707650793,5.671084337349398,1.7950803212851405
QI-MRFO c=0.0,n50 m10 bimodal high,50,10,18,20000,32.65781043593366,32.65781043593366,18.096780544748597,25.10693322506205,0.3007486873519954,7.5267040729522705,19950,0.4708333333333333,0.2448293172690763,0.007530120481927711,4.292921686746988,0.45112781954887216,0.010804597701149426,0.9777554663428789,6.039457831325302,2.5463855421686747
QI-MRFO c=0.0,n50 m10 bimodal high,50,10,19,20000,29.758118635547262,29.758118635547262,17.089838752834442,25.10693322506205,0.18525501975057396,13.85931658744812,19950,0.6147088353413654,0.08303212851405622,0.005672690763052208,3.9843373493975904,0.15037593984962405,0.004,0.98383077947102,5.540461847389558,2.4282128514056227
QI-MRFO c=0.0,n50 m10 bimodal high,50,10,20,20000,27.712910841682913,27.712910841682913,16.271509334120886,25.10693322506205,0.10379513870772329,12.491633892059326,19950,0.581726907630522,0.09106425702811245,0.024949799196787147,3.991214859437751,1.1528822055137844,0.0013333333333333333,0.9851178605895947,5.891867469879518,2.090562248995984
QI-MRFO c=0.0,n50 m10 bimodal high,50,10,21,20000,30.24917514033006,30.24917514033006,17.376376894659042,25.10693322506205,0.2048136213679399,7.668349742889404,19950,0.47545180722891567,0.23689759036144578,0.011546184738955823,4.022540160642571,0.7017543859649122,0.013103448275862068,0.9803200344123009,5.701706827309237,2.3433734939759034
QI-MRFO c=0.0,n50 m10 bimodal high,50,10,22,20000,28.407052244358376,28.407052244358376,16.567743289016974,25.10693322506205,0.13144253779279205,10.892501831054688,19950,0.6464357429718876,0.07248995983935742,0.0214859437751004,3.7068775100401608,1.1528822055137844,0.0,0.9945033650430752,5.580421686746988,1.8333333333333333
QI-MRFO c=0.0,n50 m10 bimodal high,50,10,23,20000,29.758118635547262,29.758118635547262,17.14853470819928,25.10693322506205,0.18525501975057396,9.891983032226562,19950,0.5219377510040161,0.17279116465863453,0.021686746987951807,4.140763052208835,1.1027568922305764,0.0026666666666666666,0.9879925850434405,6.096285140562249,2.1852409638554215
QI-MRFO c=0.0,n50 m10 bimodal high,50,10,24,20000,31.75172785509988,31.75172785509988,17.614105695383618,25.10693322506205,0.26465974838396084,8.043504238128662,19950,0.6019076305220884,0.1018574297188755,0.028664658634538154,3.9768574297188755,1.4536340852130325,0.0,0.9912603890833043,6.026807228915662,1.9269076305220882
QI-MRFO c=0.0,n50 m10 bimodal high,50,10,25,20000,29.88175125494343,29.88175125494343,17.144796565265978,25.10693322506205,0.19017926192256324,14.846766471862793,19950,0.531425702811245,0.1729417670682731,0.02720883534136546,4.0192269076305225,1.3533834586466165,0.007402298850574712,0.9874462088001722,5.84718875502008,2.191265060240964
QI-MRFO c=0.0,n50 m10 bimodal high,50,10,26,20000,28.24984909932617,28.24984909932617,16.40410515222187,25.10693322506205,0.12518119381967455,10.37278151512146,19950,0.6568775100401606,0.04241967871485944,0.027309236947791166,3.6996987951807228,1.4035087719298245,0.0013333333333333333,0.9884756010528585,5.494979919678715,1.904417670682731
QI-MRFO c=0.0,n50 m10 bimodal high,50,10,27,20000,29.98325338282059,29.98325338282059,16.917795568111814,25.10693322506205,0.1942220546829246,12.470248222351074,19950,0.5596887550200803,0.1538152610441767,0.011295180722891566,3.737048192771084,0.6015037593984962,0.009471264367816092,0.9817234202551962,5.286044176706827,2.1880522088353414
QI-MRFO c=0.0,n50 m10 bimodal high,50,10,28,20000,28.691276879876064,28.691276879876064,16.808166980235665,25.10693322506205,0.14276310143829424,10.62536358833313,19950,0.6258534136546184,0.06385542168674699,0.028313253012048192,3.753614457831325,1.1528822055137844,0.0,0.9892719255435396,5.636847389558233,1.8703815261044177
QI-MRFO c=0.0,n50 m10 bimodal high,50,10,29,20000,32.56745857096993,32.56745857096993,17.884779199812527,25.10693322506205,0.2971500054997037,15.329052925109863,19950,0.4045682730923695,0.31390562248995985,0.015311244979919678,4.191616465863453,0.9022556390977443,0.018804597701149426,0.9806376668593184,5.901706827309237,2.4815261044176706
QI-MRFO c=0.25,n50 m10 bimodal high,50,10,0,20000,30.21780345970894,30.21780345970894,17.27393131681905,25.10693322506205,0.20356409876237513,14.248998403549194,19950,0.3766566265060241,0.16681726907630523,0.021837349397590362,5.007781124497992,0.9523809523809523,0.006620689655172414,0.9766961176011321,6.653815261044176,3.361746987951807
QI-MRFO c=0.25,n50 m10 bimodal high,50,10,1,20000,27.06024893394277,27.06024893394277,16.08748711613894,25.10693322506205,0.07779985278850766,11.77436113357544,19950,0.42284136546184736,0.0891566265060241,0.02786144578313253,4.483433734939759,1.4536340852130325,0.0074482758620689656,0.9792129536502802,6.077610441767068,2.88925702811245
QI-MRFO c=0.25,n50 m10 bimodal high,50,10,2,20000,30.24917514033006,30.24917514033006,17.3763450986782,25.10693322506205,0.2048136213679399,13.65270733833313,19950,0.40376506024096387,0.1716867469879518,0.022339357429718876,4.712248995983936,1.1027568922305764,0.004,0.9808871338964327,6.46144578313253,2.9630522088353413
QI-MRFO c=0.25,n50 m10 bimodal high,50,10,3,20000,26.469479469288345,26.469479469288345,15.814962527910197,25.10693322506205,0.05426972032036887,12.404338836669922,19950,0.2973895582329317,0.236144578313253,0.03237951807228916,5.247841365461848,1.7042606516290726,0.017517241379310343,0.9666340534239667,7.045281124497992,3.450401606425703
QI-MRFO c=0.25,n50 m10 bimodal high,50,10,4,20000,30.415939782326966,30.415939782326966,17.31435366011458,25.10693322506205,0.21145579628042344,12.143471002578735,19950,0.3846887550200803,0.16265060240963855,0.019879518072289156,4.7653112449799195,1.1528822055137844,0.009333333333333334,0.9815950727011986,6.389457831325301,3.1411646586345383
QI-MRFO c=0.25,n50 m10 bimodal high,50,10,5,20000,27.908524993344948,27.908524993344948,16.344313266951723,25.10693322506205,0.11158637907581295,10.246394395828247,19950,0.3933734939759036,0.16626506024096385,0.022389558232931726,4.754317269076306,1.3533834586466165,0.008,0.9819479222920137,6.525301204819277,2.9833333333333334
QI-MRFO c=0.25,n50 m10 bimodal high,50,10,6,20000,26.70402954617669,26.70402954617669,15.938992296226873,25.10693322506205,0.06361176439981925,10.41390085220337,19950,0.4431224899598394,0.07761044176706827,0.025200803212851404,4.683734939759036,1.4035087719298245,0.0013333333333333333,0.9801349905157003,6.4853413654618475,2.882128514056225
QI-MRFO c=0.25,n50 m10 bimodal high,50,10,7,20000,27.60550768949869,27.60550768949869,16.28383931503373,25.10693322506205,0.09951731029987096,11.669830083847046,19950,0.41917670682730923,0.11465863453815262,0.020130522088353413,4.690060240963855,0.9523809523809523,0.004,0.9792972608945243,6.426004016064257,2.954116465863454
QI-MRFO c=0.25,n50 m10 bimodal high,50,10,8,20000,26.70402954617669,26.70402954617669,15.930776678600234,25.10693322506205,0.06361176439981925,14.946165561676025,19950,0.407429718875502,0.10080321285140562,0.02751004016064257,4.840913654618474,1.2030075187969924,0.004,0.9796530251107498,6.7295180722891565,2.9523092369477912
QI-MRFO c=0.25,n50 m10 bimodal high,50,10,9,20000,29.88175125494343,29.88175125494343,16.85589481045654,25.10693322506205,0.19017926192256324,11.860630750656128,19950,0.3545682730923695,0.21064257028112449,0.025100401606425703,5.063755020080321,1.5037593984962405,0.012919540229885057,0.9774924367030448,6.941967871485944,3.185542168674699
QI-MRFO c=0.25,n50 m10 bimodal high,50,10,10,20000,28.975613370618035,28.975613370618035,16.8438728744851,25.10693322506205,0.1540881202366134,15.711485385894775,19950,0.369929718875502,0.1881024096385542,0.026004016064257028,4.900301204819277,1.5037593984962405,0.009333333333333334,0.9786629900398506,6.620883534136547,3.179718875502008
QI-MRFO c=0.25,n50 m10 bimodal high,50,10,11,20000,28.34580799314488,28.34580799314488,16.533298267533684,25.10693322506205,0.1290032015877489,12.13424563407898,19950,0.42971887550200805,0.11661646586345381,0.03569277108433735,4.718373493975903,1.8546365914786966,0.0026666666666666666,0.9811315747285211,6.526104417670683,2.9106425702811247
QI-MRFO c=0.25,n50 m10 bimodal high,50,10,12,20000,27.005482524600794,27.005482524600794,16.018899221193358,25.10693322506205,0.07561852666432346,10.776206254959106,19950,0.39362449799196786,0.1278112449799197,0.019226907630522087,4.685993975903615,1.0526315789473684,0.006666666666666666,0.9819745535629545,6.510642570281124,2.8613453815261045
QI-MRFO c=0.25,n50 m10 bimodal high,50,10,13,20000,28.34580799314488,28.34580799314488,16.53754458156185,25.10693322506205,0.1290032015877489,12.260577917098999,19950,0.46204819277108433,0.08167670682730924,0.019076305220883535,4.508032128514056,1.1027568922305764,0.0013333333333333333,0.9812380925056714,6.2549196787148595,2.761144578313253
QI-MRFO c=0.25,n50 m10 bimodal high,50,10,14,20000,26.70402954617669,26.70402954617669,15.878007221032906,25.10693322506205,0.06361176439981925,12.54707956314087,19950,0.40276104417670683,0.10015060240963855,0.04598393574297189,4.877058232931727,2.255639097744361,0.004,0.9775120809296887,6.637349397590361,3.1167670682730924
QI-MRFO c=0.25,n50 m10 bimodal high,50,10,15,20000,26.914061026553256,26.914061026553256,15.99067685934214,25.10693322506205,0.07197724171613712,15.270442247390747,19950,0.41365461847389556,0.09673694779116467,0.04181726907630522,4.674397590361446,2.155388471177945,0.004,0.9836538630058521,6.522690763052209,2.826104417670683
QI-MRFO c=0.25,n50 m10 bimodal high,50,10,16,20000,28.36906024776471,28.36906024776471,16.561942761488908,25.10693322506205,0.12992933041484991,18.41432785987854,19950,0.37525100401606426,0.16887550200803214,0.025451807228915664,4.634638554216868,1.0526315789473684,0.010620689655172412,0.9804872619177761,6.267670682730924,3.0016064257028114
QI-MRFO c=0.25,n50 m10 bimodal high,50,10,17,20000,27.908524993344948,27.908524993344948,16.383909702615494,25.10693322506205,0.11158637907581295,20.046504020690918,19950,0.339859437751004,0.19924698795180723,0.02108433734939759,4.842670682730923,1.1027568922305764,0.01186206896551724,0.9756445883960455,6.446887550200803,3.2384538152610443
QI-MRFO c=0.25,n50 m10 bimodal high,50,10,18,20000,30.53254835152459,30.53254835152459,17.430219617220104,25.10693322506205,0.21610027309295676,9.399508237838745,19950,0.42776104417670685,0.14949799196787147,0.01957831325301205,4.639307228915663,0.7518796992481203,0.005333333333333333,0.9827582266509935,6.455923694779116,2.8226907630522087
QI-MRFO c=0.25,n50 m10 bimodal high,50,10,19,20000,26.914061026553256,26.914061026553256,15.8870969476788,25.10693322506205,0.07197724171613712,11.204975605010986,19950,0.4376004016064257,0.09196787148594378,0.02635542168674699,4.622590361445783,1.0526315789473684,0.0,0.9843031254166815,6.473493975903614,2.771686746987952
QI-MRFO c=0.25,n50 m10 bimodal high,50,10,20,20000,31.239976668606705,31.239976668606705,17.44609754496817,25.10693322506205,0.24427688513635645,15.035728931427002,19950,0.378714859437751,0.1625,0.011646586345381526,4.977961847389558,1.0025062656641603,0.00639080459770115,0.9710145804734241,6.68644578313253,3.2694779116465864
QI-MRFO c=0.25,n50 m10 bimodal high,50,10,21,20000,27.908524993344948,27.908524993344948,16.3980253316572,25.10693322506205,0.11158637907581295,14.037734985351562,19950,0.4109437751004016,0.18599397590361447,0.016716867469879517,4.593122489959839,1.0025062656641603,0.006666666666666666,0.9793710622456414,6.228012048192771,2.958232931726908
QI-MRFO c=0.25,n50 m10 bimodal high,50,10,22,20000,27.60550768949869,27.60550768949869,16.216304457957012,25.10693322506205,0.09951731029987096,13.59624981880188,19950,0.3910140562248996,0.14754016064257028,0.019829317269076305,4.749698795180723,1.0025062656641603,0.008,0.9790394328396922,6.466767068273092,3.0326305220883536
QI-MRFO c=0.25,n50 m10 bimodal high,50,10,23,20000,26.620960550097294,26.620960550097294,15.890419562731447,25.10693322506205,0.06030315656091055,14.26753044128418,19950,0.3605923694779116,0.13674698795180723,0.050200803212851405,4.974196787148594,2.305764411027569,0.011448275862068966,0.9716806855621737,6.6116465863453815,3.3367469879518072
QI-MRFO c=0.25,n50 m10 bimodal high,50,10,24,20000,27.29735683508133,27.29735683508133,16.107139111855183,25.10693322506205,0.08724377407563152,15.788655042648315,19950,0.38850401606425705,0.14166666666666666,0.024949799196787147,4.745983935742972,1.3533834586466165,0.006666666666666666,0.9824341926290717,6.375301204819277,3.1166666666666667
QI-MRFO c=0.25,n50 m10 bimodal high,50,10,25,20000,27.29735683508133,27.29735683508133,16.223153098600935,25.10693322506205,0.08724377407563152,9.7734694480896,19950,0.3797690763052209,0.1271586345381526,0.04568273092369478,4.911194779116466,2.406015037593985,0.0013333333333333333,0.9797739233151083,6.735542168674699,3.086847389558233
QI-MRFO c=0.25,n50 m10 bimodal high,50,10,26,20000,28.24984909932617,28.24984909932617,16.393995667057556,25.10693322506205,0.12518119381967455,18.310088872909546,19950,0.323644578313253,0.24543172690763052,0.02354417670682731,5.011746987951807,1.4035087719298245,0.015954022988505748,0.9766787964320609,6.717469879518072,3.306024096385542
QI-MRFO c=0.25,n50 m10 bimodal high,50,10,27,20000,28.36906024776471,28.36906024776471,16.362210567511998,25.10693322506205,0.12992933041484991,16.992023229599,19950,0.4178714859437751,0.16325301204819276,0.021686746987951807,4.580672690763052,1.3032581453634084,0.005333333333333333,0.9839908286838859,6.327710843373494,2.8336345381526105
QI-MRFO c=0.25,n50 m10 bimodal high,50,10,28,20000,27.908524993344948,27.908524993344948,16.435883401350765,25.10693322506205,0.11158637907581295,16.026103734970093,19950,0.3759036144578313,0.1634538152610442,0.02715863453815261,4.781726907630522,1.5037593984962405,0.008,0.981695497369018,6.485542168674699,3.077911646586345
QI-MRFO c=0.25,n50 m10 bimodal high,50,10,29,20000,30.24917514033006,30.24917514033006,17.189981436820286,25.10693322506205,0.2048136213679399,17.486318826675415,19950,0.3969879518072289,0.132429718875502,0.026907630522088354,5.155120481927711,1.5538847117794485,0.009333333333333334,0.9759423203203774,7.039056224899598,3.2711847389558235
QI-MRFO c=0.5,n50 m10 bimodal high,50,10,0,20000,26.70402954617669,26.70402954617669,15.886974197132698,25.10693322506205,0.06361176439981925,16.68889355659485,19950,0.2751004016064257,0.14231927710843373,0.03810240963855422,5.547088353413654,1.7042606516290726,0.010620689655172412,0.9685116354545006,7.054618473895582,4.039558232931727
QI-MRFO c=0.5,n50 m10 bimodal high,50,10,1,20000,31.120973246569477,31.120973246569477,17.416333893906316,25.10693322506205,0.23953702220803844,17.748940467834473,19950,0.22625502008032128,0.2705321285140562,0.01430722891566265,5.3125,1.0526315789473684,0.014298850574712642,0.9702620608255275,6.971385542168675,3.6536144578313254
QI-MRFO c=0.5,n50 m10 bimodal high,50,10,2,20000,26.71301190996199,26.71301190996199,15.927923625945548,25.10693322506205,0.06396952867571776,12.822631597518921,19950,0.2616967871485944,0.14663654618473895,0.019829317269076305,5.375401606425703,1.2030075187969924,0.009057471264367815,0.9676592471648179,7.016767068273093,3.7340361445783135
QI-MRFO c=0.5,n50 m10 bimodal high,50,10,3,20000,28.36906024776471,28.36906024776471,16.548351855251518,25.10693322506205,0.12992933041484991,15.219394207000732,19950,0.23950803212851407,0.20130522088353414,0.020481927710843374,5.453915662650602,1.4035087719298245,0.011908045977011495,0.9704912353994521,7.267068273092369,3.6407630522088352
QI-MRFO c=0.5,n50 m10 bimodal high,50,10,4,20000,27.60550768949869,27.60550768949869,16.188520725018115,25.10693322506205,0.09951731029987096,21.010653018951416,19950,0.23900602409638555,0.19829317269076305,0.027359437751004016,5.4169678714859435,1.5538847117794485,0.011448275862068966,0.9685690088158533,7.028413654618474,3.8055220883534138
QI-MRFO c=0.5,n50 m10 bimodal high,50,10,5,20000,27.908524993344948,27.908524993344948,16.498754243013185,25.10693322506205,0.11158637907581295,18.306042671203613,19950,0.27730923694779114,0.1128012048192771,0.02891566265060241,5.363353413654618,1.6541353383458646,0.008,0.9726402820804748,7.089357429718875,3.6373493975903615
QI-MRFO c=0.5,n50 m10 bimodal high,50,10,6,20000,27.60550768949869,27.60550768949869,16.2418409090665,25.10693322506205,0.09951731029987096,13.24034595489502,19950,0.2539156626506024,0.17730923694779116,0.022289156626506025,5.487399598393575,1.5037593984962405,0.010574712643678161,0.9681643573527524,7.19789156626506,3.7769076305220883
QI-MRFO c=0.5,n50 m10 bimodal high,50,10,7,20000,27.60550768949869,27.60550768949869,16.328626090622787,25.10693322506205,0.09951731029987096,12.743182897567749,19950,0.30160642570281126,0.10015060240963855,0.02650602409638554,5.344226907630522,1.3533834586466165,0.007954022988505748,0.9709711906562768,7.090361445783133,3.5980923694779117
QI-MRFO c=0.5,n50 m10 bimodal high,50,10,8,20000,26.70402954617669,26.70402954617669,15.890268413919863,25.10693322506205,0.06361176439981925,10.521449089050293,19950,0.29392570281124497,0.108785140562249,0.025903614457831327,5.261947791164658,1.3533834586466165,0.004,0.972728983720095,7.071987951807229,3.451907630522088
QI-MRFO c=0.5,n50 m10 bimodal high,50,10,9,20000,30.24917514033006,30.24917514033006,17.208056952352244,25.10693322506205,0.2048136213679399,15.32314157485962,19950,0.2570281124497992,0.26867469879518074,0.020431726907630524,5.799949799196787,1.3533834586466165,0.008,0.9674906829626384,7.760140562248996,3.8397590361445784
QI-MRFO c=0.5,n50 m10 bimodal high,50,10,10,20000,27.60550768949869,27.60550768949869,16.05770782995161,25.10693322506205,0.09951731029987096,10.759357690811157,19950,0.2552710843373494,0.15045180722891566,0.03428714859437751,5.716315261044176,2.255639097744361,0.009333333333333334,0.9668086626478563,7.5679718875502004,3.8646586345381526
QI-MRFO c=0.5,n50 m10 bimodal high,50,10,11,20000,31.85958190667713,31.85958190667713,17.74904987471188,25.10693322506205,0.2689555359503048,17.459481477737427,19950,0.17690763052208835,0.3205823293172691,0.00823293172690763,6.069628514056225,0.6516290726817042,0.024689655172413793,0.9585104700114275,7.606526104417671,4.532730923694779
QI-MRFO c=0.5,n50 m10 bimodal high,50,10,12,20000,25.37722383718907,25.37722383718907,15.456112369983463,25.10693322506205,0.010765576572180186,18.40017008781433,19950,0.2788152610441767,0.055120481927710845,0.04899598393574297,5.3625,2.506265664160401,0.003908045977011495,0.9705843182123178,7.283734939759036,3.441265060240964
QI-MRFO c=0.5,n50 m10 bimodal high,50,10,13,20000,28.34580799314488,28.34580799314488,16.488686322632304,25.10693322506205,0.1290032015877489,15.23059368133545,19950,0.27304216867469877,0.22941767068273092,0.016917670682730923,5.324748995983936,1.0526315789473684,0.010390804597701149,0.9717297602608047,7.054116465863454,3.5953815261044175
QI-MRFO c=0.5,n50 m10 bimodal high,50,10,14,20000,26.6136285550893,26.6136285550893,15.85761429260833,25.10693322506205,0.06001112587192636,10.224880933761597,19950,0.2588855421686747,0.17248995983935744,0.027008032128514055,5.588253012048193,1.6040100250626566,0.0087816091954023,0.9699641039453238,7.468172690763052,3.7083333333333335
QI-MRFO c=0.5,n50 m10 bimodal high,50,10,15,20000,27.908524993344948,27.908524993344948,16.427293639140963,25.10693322506205,0.11158637907581295,13.439521074295044,19950,0.2741465863453815,0.18835341365461847,0.021285140562248995,5.56179718875502,1.3032581453634084,0.014666666666666666,0.9692890926422489,7.28504016064257,3.83855421686747
QI-MRFO c=0.5,n50 m10 bimodal high,50,10,16,20000,28.36906024776471,28.36906024776471,16.657858491158976,25.10693322506205,0.12992933041484991,12.107791900634766,19950,0.31867469879518073,0.11947791164658635,0.012048192771084338,5.136646586345382,0.6015037593984962,0.004,0.9737920333354545,6.794076305220884,3.4792168674698796
QI-MRFO c=0.5,n50 m10 bimodal high,50,10,17,20000,31.239976668606705,31.239976668606705,17.57299119674976,25.10693322506205,0.24427688513635645,10.815679550170898,19950,0.26024096385542167,0.23910642570281124,0.01746987951807229,5.4332831325301205,1.0526315789473684,0.013241379310344827,0.9686299975178827,7.061546184738956,3.805020080321285
QI-MRFO c=0.5,n50 m10 bimodal high,50,10,18,20000,26.37987249916972,26.37987249916972,15.788506063159403,25.10693322506205,0.05070070735827692,15.543207168579102,19950,0.23283132530120482,0.19884538152610443,0.03810240963855422,5.761847389558233,2.0050125313283207,0.021241379310344824,0.9625046576433778,7.341164658634538,4.182530120481927
QI-MRFO c=0.5,n50 m10 bimodal high,50,10,19,20000,29.758118635547262,29.758118635547262,17.136514387619194,25.10693322506205,0.18525501975057396,11.604609251022339,19950,0.25983935742971886,0.23433734939759035,0.006726907630522088,5.3772590361445785,0.15037593984962405,0.010574712643678161,0.9655755547314566,6.863955823293173,3.890562248995984
QI-MRFO c=0.5,n50 m10 bimodal high,50,10,20,20000,27.06024893394277,27.06024893394277,16.144629595164847,25.10693322506205,0.07779985278850766,10.318212032318115,19950,0.2463855421686747,0.17720883534136547,0.02203815261044177,5.623142570281124,1.2531328320802004,0.010574712643678161,0.9681518747846475,7.441465863453815,3.8048192771084337
QI-MRFO c=0.5,n50 m10 bimodal high,50,10,21,20000,27.908524993344948,27.908524993344948,16.31050947814431,25.10693322506205,0.11158637907581295,17.351168394088745,19950,0.3257530120481928,0.1373995983935743,0.011847389558232932,5.030672690763052,0.8020050125313283,0.004,0.9714539207321599,6.70652610441767,3.3548192771084335
QI-MRFO c=0.5,n50 m10 bimodal high,50,10,22,20000,27.05759537385895,27.05759537385895,15.935609576316708,25.10693322506205,0.07769416245747301,22.526763916015625,19950,0.2876506024096386,0.1126004016064257,0.0197289156626506,5.5315763052208835,1.2030075187969924,0.013011494252873563,0.9652082164025977,7.221084337349398,3.8420682730923694
QI-MRFO c=0.5,n50 m10 bimodal high,50,10,23,20000,29.758118635547262,29.758118635547262,17.017831592282466,25.10693322506205,0.18525501975057396,11.591646909713745,19950,0.22550200803212853,0.25707831325301206,0.024799196787148595,5.709789156626506,1.6040100250626566,0.016965517241379312,0.9653950112133116,7.4319277108433734,3.9876506024096385
QI-MRFO c=0.5,n50 m10 bimodal high,50,10,24,20000,31.872873820068676,31.872873820068676,17.83562307693516,25.10693322506205,0.2694849480163822,20.51658582687378,19950,0.22223895582329317,0.24969879518072288,0.01887550200803213,5.586044176706827,1.1528822055137844,0.018436781609195402,0.9699624355446299,7.21355421686747,3.958534136546185
QI-MRFO c=0.5,n50 m10 bimodal high,50,10,25,20000,28.328654103534788,28.328654103534788,16.56442007433966,25.10693322506205,0.12831996841640445,12.466972827911377,19950,0.24051204819277108,0.20306224899598393,0.023694779116465864,5.616465863453815,1.6040100250626566,0.010528735632183907,0.9619076906390982,7.205722891566265,4.027208835341366
QI-MRFO c=0.5,n50 m10 bimodal high,50,10,26,20000,27.127562333708713,27.127562333708713,16.039438433279194,25.10693322506205,0.08048092096846164,15.937035083770752,19950,0.2812751004016064,0.1606425702811245,0.02650602409638554,5.323092369477911,1.5538847117794485,0.014344827586206896,0.9705542236071075,7.009236947791164,3.636947791164659
QI-MRFO c=0.5,n50 m10 bimodal high,50,10,27,20000,28.34580799314488,28.34580799314488,16.47441000598502,25.10693322506205,0.1290032015877489,10.702493667602539,19950,0.2712349397590361,0.18549196787148595,0.020481927710843374,5.368524096385542,1.1027568922305764,0.006666666666666666,0.9729197212079307,7.155421686746988,3.5816265060240964
QI-MRFO c=0.5,n50 m10 bimodal high,50,10,28,20000,27.908524993344948,27.908524993344948,16.453355872262588,25.10693322506205,0.11158637907581295,16.85723614692688,19950,0.23770080321285142,0.24924698795180722,0.01571285140562249,5.505973895582329,1.0025062656641603,0.018666666666666668,0.9711178270251496,7.026907630522088,3.9850401606425705
QI-MRFO c=0.5,n50 m10 bimodal high,50,10,29,20000,25.597309524314653,25.597309524314653,15.538263836510607,25.10693322506205,0.019531509279002778,11.143751382827759,19950,0.2321285140562249,0.14728915662650602,0.05220883534136546,5.524949799196787,2.656641604010025,0.0,0.967330086358217,7.200401606425703,3.8494979919678713
QI-MRFO c=1.0,n50 m10 bimodal high,50,10,0,20000,30.24917514033006,30.24917514033006,17.248280342114523,25.10693322506205,0.2048136213679399,10.773879766464233,19950,0.1258032128514056,0.1682730923694779,0.020431726907630524,6.993423694779117,1.2531328320802004,0.019862068965517243,0.9453388686172827,8.624799196787148,5.362048192771084
QI-MRFO c=1.0,n50 m10 bimodal high,50,10,1,20000,27.06024893394277,27.06024893394277,16.079690581163998,25.10693322506205,0.07779985278850766,15.49253511428833,19950,0.1367971887550201,0.15240963855421688,0.018373493975903616,6.32183734939759,1.3533834586466165,0.012,0.9519610651011767,7.969477911646586,4.6741967871485945
QI-MRFO c=1.0,n50 m10 bimodal high,50,10,2,20000,26.70402954617669,26.70402954617669,15.962686494128867,25.10693322506205,0.06361176439981925,13.365440130233765,19950,0.11867469879518072,0.13654618473895583,0.031174698795180724,6.443524096385542,2.055137844611529,0.015724137931034485,0.9550856631102416,8.131425702811246,4.75562248995984
QI-MRFO c=1.0,n50 m10 bimodal high,50,10,3,20000,26.37987249916972,26.37987249916972,15.755532048563524,25.10693322506205,0.05070070735827692,11.251154899597168,19950,0.11817269076305222,0.14789156626506025,0.0214859437751004,6.636947791164658,1.4536340852130325,0.016965517241379312,0.9504151976848126,8.486546184738955,4.787349397590361
QI-MRFO c=1.0,n50 m10 bimodal high,50,10,4,20000,27.29735683508133,27.29735683508133,16.10798628755642,25.10693322506205,0.08724377407563152,10.819854736328125,19950,0.08483935742971888,0.2093875502008032,0.016616465863453816,7.244628514056225,1.4035087719298245,0.033563218390804596,0.9312054778221899,8.739558232931726,5.749698795180723
QI-MRFO c=1.0,n50 m10 bimodal high,50,10,5,20000,27.06024893394277,27.06024893394277,15.94187752737305,25.10693322506205,0.07779985278850766,13.189137935638428,19950,0.1328313253012048,0.1256024096385542,0.021686746987951807,6.617369477911646,1.6040100250626566,0.014574712643678161,0.9479568219790921,8.269277108433736,4.965461847389558
QI-MRFO c=1.0,n50 m10 bimodal high,50,10,6,20000,31.197352889850585,31.197352889850585,17.384751620807524,25.10693322506205,0.24257919556296115,15.610583066940308,19950,0.05587349397590361,0.3521586345381526,0.009588353413654618,7.199046184738956,0.8521303258145363,0.04170114942528736,0.9440640497736862,8.737951807228916,5.660140562248996
QI-MRFO c=1.0,n50 m10 bimodal high,50,10,7,20000,27.60550768949869,27.60550768949869,16.191651193746843,25.10693322506205,0.09951731029987096,14.456852674484253,19950,0.11355421686746987,0.20808232931726908,0.019226907630522087,6.724849397590361,1.2030075187969924,0.019816091954022987,0.9464195867353574,8.416767068273092,5.032931726907631
QI-MRFO c=1.0,n50 m10 bimodal high,50,10,8,20000,25.597309524314653,25.597309524314653,15.531483507818955,25.10693322506205,0.019531509279002778,14.043457746505737,19950,0.16802208835341365,0.03504016064257028,0.02354417670682731,6.354969879518072,1.4536340852130325,0.0026666666666666666,0.9492267551438563,8.140261044176707,4.569678714859438
QI-MRFO c=1.0,n50 m10 bimodal high,50,10,9,20000,26.914061026553256,26.914061026553256,16.003728457723927,25.10693322506205,0.07197724171613712,20.82028031349182,19950,0.08328313253012049,0.21084337349397592,0.035190763052208834,7.305471887550201,2.055137844611529,0.03177011494252874,0.9385624332035482,9.155421686746989,5.455522088353414
QI-MRFO c=1.0,n50 m10 bimodal high,50,10,10,20000,28.975613370618035,28.975613370618035,16.7166898439975,25.10693322506205,0.1540881202366134,12.078593730926514,19950,0.11802208835341366,0.20025100401606424,0.023694779116465864,7.109638554216867,1.7042606516290726,0.0216551724137931,0.9394420482822012,8.803413654618474,5.415863453815261
QI-MRFO c=1.0,n50 m10 bimodal high,50,10,11,20000,31.85958190667713,31.85958190667713,17.886822089543827,25.10693322506205,0.2689555359503048,17.04825234413147,19950,0.10160642570281124,0.2720883534136546,0.013303212851405623,7.033785140562249,0.8521303258145363,0.028873563218390803,0.9399204282328267,8.631024096385541,5.436546184738956
QI-MRFO c=1.0,n50 m10 bimodal high,50,10,12,20000,26.12823470889463,26.12823470889463,15.696614930155407,25.10693322506205,0.04067806588233981,14.295814514160156,19950,0.12926706827309237,0.0875,0.03242971887550201,6.758433734939759,1.7042606516290726,0.007954022988505748,0.9476640290177752,8.764558232931726,4.7523092369477915
QI-MRFO c=1.0,n50 m10 bimodal high,50,10,13,20000,30.24917514033006,30.24917514033006,17.074667233425824,25.10693322506205,0.2048136213679399,11.872414350509644,19950,0.0894578313253012,0.2667670682730924,0.014658634538152611,6.97394578313253,0.9022556390977443,0.03177011494252874,0.9455537288607392,8.630722891566265,5.317168674698795
QI-MRFO c=1.0,n50 m10 bimodal high,50,10,14,20000,27.06024893394277,27.06024893394277,16.082563729625438,25.10693322506205,0.07779985278850766,17.56210160255432,19950,0.1051706827309237,0.1731425702811245,0.03253012048192771,6.703112449799197,2.0050125313283207,0.013241379310344827,0.9554336191891915,8.47289156626506,4.933333333333334
QI-MRFO c=1.0,n50 m10 bimodal high,50,10,15,20000,31.872873820068676,31.872873820068676,17.667954868853396,25.10693322506205,0.2694849480163822,11.01012396812439,19950,0.11812248995983936,0.2811746987951807,0.011546184738955823,6.514708835341366,0.9022556390977443,0.017241379310344827,0.9503470985842639,8.133634538152611,4.895783132530121
QI-MRFO c=1.0,n50 m10 bimodal high,50,10,16,20000,26.620960550097294,26.620960550097294,15.863758639450836,25.10693322506205,0.06030315656091055,12.762583017349243,19950,0.16174698795180723,0.07494979919678715,0.02705823293172691,6.311194779116466,1.7543859649122806,0.006666666666666666,0.9535947275428606,8.143574297188755,4.4788152610441765
QI-MRFO c=1.0,n50 m10 bimodal high,50,10,17,20000,27.908524993344948,27.908524993344948,16.389744706811637,25.10693322506205,0.11158637907581295,20.35803723335266,19950,0.1307730923694779,0.16435742971887551,0.0285140562248996,6.532530120481928,2.0050125313283207,0.016,0.9528259113559793,8.22801204819277,4.837048192771085
QI-MRFO c=1.0,n50 m10 bimodal high,50,10,18,20000,32.65781043593366,32.65781043593366,17.97824413429948,25.10693322506205,0.3007486873519954,13.146245002746582,19950,0.04613453815261044,0.33825301204819275,0.009236947791164659,7.573393574297189,0.40100250626566414,0.0433103448275862,0.9283146691672503,9.2035140562249,5.943273092369478
QI-MRFO c=1.0,n50 m10 bimodal high,50,10,19,20000,27.908524993344948,27.908524993344948,16.38215790617157,25.10693322506205,0.11158637907581295,11.872519969940186,19950,0.11234939759036144,0.21752008032128514,0.01285140562248996,6.608132530120482,0.45112781954887216,0.017241379310344827,0.9486155412253895,8.145983935742972,5.070281124497992
QI-MRFO c=1.0,n50 m10 bimodal high,50,10,20,20000,28.36906024776471,28.36906024776471,16.619444574216022,25.10693322506205,0.12992933041484991,14.085916519165039,19950,0.10737951807228915,0.18473895582329317,0.024196787148594377,6.959437751004016,1.2531328320802004,0.02367816091954023,0.9428781379870865,8.62941767068273,5.289457831325302
QI-MRFO c=1.0,n50 m10 bimodal high,50,10,21,20000,30.231095373100487,30.231095373100487,17.238368669949356,25.10693322506205,0.20409351082845256,15.564038515090942,19950,0.09799196787148594,0.23980923694779116,0.013453815261044177,6.719829317269077,0.8020050125313283,0.022160919540229886,0.9480224080927472,8.380220883534136,5.059437751004016
QI-MRFO c=1.0,n50 m10 bimodal high,50,10,22,20000,27.619094490795767,27.619094490795767,16.227740131469318,25.10693322506205,0.10005846764375213,12.125340700149536,19950,0.11917670682730924,0.15291164658634537,0.019377510040160643,6.768524096385542,1.4035087719298245,0.016873563218390803,0.9423958613973741,8.486847389558234,5.050200803212851
QI-MRFO c=1.0,n50 m10 bimodal high,50,10,23,20000,26.029187757451126,26.029187757451126,15.69546978355057,25.10693322506205,0.03673306190452882,12.82132887840271,19950,0.14372489959839357,0.07484939759036145,0.03323293172690763,6.592369477911647,1.9548872180451127,0.013241379310344827,0.951918510714816,8.347188755020081,4.8375502008032125
QI-MRFO c=1.0,n50 m10 bimodal high,50,10,24,20000,27.29735683508133,27.29735683508133,16.02577373819621,25.10693322506205,0.08724377407563152,11.947004556655884,19950,0.15903614457831325,0.09748995983935743,0.030220883534136544,6.505672690763052,2.055137844611529,0.009333333333333334,0.9503018960386227,8.208333333333334,4.803012048192771
QI-MRFO c=1.0,n50 m10 bimodal high,50,10,25,20000,27.29735683508133,27.29735683508133,16.10292526926739,25.10693322506205,0.08724377407563152,12.44540786743164,19950,0.09548192771084338,0.20998995983935742,0.018524096385542168,7.130321285140562,1.2531328320802004,0.028229885057471264,0.9391011442315171,8.777710843373494,5.482931726907631
QI-MRFO c=1.0,n50 m10 bimodal high,50,10,26,20000,27.908524993344948,27.908524993344948,16.338834395519175,25.10693322506205,0.11158637907581295,12.976667642593384,19950,0.10943775100401607,0.2020582329317269,0.014156626506024096,6.704568273092369,1.1528822055137844,0.018528735632183907,0.9488450120625966,8.35913654618474,5.05
QI-MRFO c=1.0,n50 m10 bimodal high,50,10,27,20000,26.469479469288345,26.469479469288345,15.736612697176732,25.10693322506205,0.05426972032036887,13.313085794448853,19950,0.11079317269076305,0.17153614457831326,0.02635542168674699,6.77921686746988,1.2531328320802004,0.017149425287356322,0.9520969953207429,8.68152610441767,4.876907630522088
QI-MRFO c=1.0,n50 m10 bimodal high,50,10,28,20000,27.908524993344948,27.908524993344948,16.330764275123485,25.10693322506205,0.11158637907581295,17.67409110069275,19950,0.07745983935742971,0.25376506024096385,0.01882530120481928,7.26425702811245,1.3533834586466165,0.035034482758620686,0.9388831384596082,8.896385542168675,5.632128514056225
QI-MRFO c=1.0,n50 m10 bimodal high,50,10,29,20000,27.06024893394277,27.06024893394277,16.044878594081666,25.10693322506205,0.07779985278850766,20.06490969657898,19950,0.12038152610441767,0.14673694779116467,0.028463855421686748,6.738805220883534,2.0050125313283207,0.013241379310344827,0.9432550399162947,8.526606425702811,4.951004016064257
QI-MRFO c=2.0,n50 m10 bimodal high,50,10,0,20000,27.908524993344948,27.908524993344948,16.317864556880956,25.10693322506205,0.11158637907581295,18.51736044883728,19950,0.013403614457831326,0.17399598393574298,0.023142570281124496,9.556576305220883,1.7543859649122806,0.026436781609195402,0.9021681746106267,11.134738955823293,7.978413654618474
QI-MRFO c=2.0,n50 m10 bimodal high,50,10,1,20000,27.06024893394277,27.06024893394277,15.887813249513384,25.10693322506205,0.07779985278850766,14.995147943496704,19950,0.01706827309236948,0.1514558232931727,0.014156626506024096,9.101305220883534,1.2030075187969924,0.04841379310344828,0.8976062286713851,10.592871485943775,7.6097389558232935
QI-MRFO c=2.0,n50 m10 bimodal high,50,10,2,20000,29.894998171300283,29.894998171300283,17.08668301924796,25.10693322506205,0.19070688177314812,13.863356590270996,19950,0.016716867469879517,0.19206827309236948,0.020481927710843374,9.276305220883534,1.1528822055137844,0.062160919540229884,0.9071828846734902,10.87078313253012,7.681827309236948
QI-MRFO c=2.0,n50 m10 bimodal high,50,10,3,20000,26.469479469288345,26.469479469288345,15.740731779672164,25.10693322506205,0.05426972032036887,14.874505996704102,19950,0.014859437751004016,0.16275100401606427,0.02535140562248996,9.448443775100401,1.6040100250626566,0.034298850574712644,0.9137369589308181,10.938654618473896,7.958232931726908
QI-MRFO c=2.0,n50 m10 bimodal high,50,10,4,20000,28.36906024776471,28.36906024776471,16.446963070150595,25.10693322506205,0.12992933041484991,14.29824185371399,19950,0.011194779116465863,0.1794678714859438,0.018524096385542168,10.112801204819277,1.3032581453634084,0.062022988505747126,0.8907322435193643,12.009839357429719,8.215763052208835
QI-MRFO c=2.0,n50 m10 bimodal high,50,10,5,20000,27.06024893394277,27.06024893394277,15.947257223719555,25.10693322506205,0.07779985278850766,13.73060131072998,19950,0.018524096385542168,0.12063253012048193,0.022991967871485944,9.428413654618474,1.8546365914786966,0.047908045977011496,0.9015071754150374,11.07429718875502,7.782530120481928
QI-MRFO c=2.0,n50 m10 bimodal high,50,10,6,20000,27.60550768949869,27.60550768949869,16.21262233938552,25.10693322506205,0.09951731029987096,21.731611490249634,19950,0.026154618473895584,0.12720883534136546,0.018674698795180723,9.088152610441767,1.7543859649122806,0.039356321839080464,0.9093949207799579,10.800903614457832,7.375401606425703
QI-MRFO c=2.0,n50 m10 bimodal high,50,10,7,20000,26.12823470889463,26.12823470889463,15.772706148663733,25.10693322506205,0.04067806588233981,13.14906120300293,19950,0.0391566265060241,0.03855421686746988,0.02650602409638554,8.589457831325301,1.9548872180451127,0.01581609195402299,0.9146846428797915,10.496184738955824,6.682730923694779
QI-MRFO c=2.0,n50 m10 bimodal high,50,10,8,20000,31.85958190667713,31.85958190667713,17.711305427776765,25.10693322506205,0.2689555359503048,13.072941064834595,19950,0.02068273092369478,0.20913654618473895,0.00783132530120482,9.71762048192771,0.5012531328320802,0.06560919540229886,0.8883360482039666,11.143373493975904,8.291867469879518
QI-MRFO c=2.0,n50 m10 bimodal high,50,10,9,20000,28.36906024776471,28.36906024776471,16.455600998466146,25.10693322506205,0.12992933041484991,13.893132448196411,19950,0.020080321285140562,0.13232931726907632,0.02454819277108434,9.291265060240963,2.155388471177945,0.03774712643678161,0.9044620059353403,11.22921686746988,7.353313253012049
QI-MRFO c=2.0,n50 m10 bimodal high,50,10,10,20000,28.36906024776471,28.36906024776471,16.519421651847964,25.10693322506205,0.12992933041484991,12.57467269897461,19950,0.023042168674698795,0.18463855421686748,0.020481927710843374,9.340913654618474,1.5037593984962405,0.03163218390804598,0.9016037168714741,11.289156626506024,7.392670682730924
QI-MRFO c=2.0,n50 m10 bimodal high,50,10,11,20000,27.908524993344948,27.908524993344948,16.397333781136293,25.10693322506205,0.11158637907581295,18.29666495323181,19950,0.034889558232931724,0.11089357429718875,0.021184738955823294,8.54894578313253,1.3533834586466165,0.025057471264367814,0.9172611888539132,10.277309236947792,6.820582329317269
QI-MRFO c=2.0,n50 m10 bimodal high,50,10,12,20000,26.620960550097294,26.620960550097294,15.884259254728947,25.10693322506205,0.06030315656091055,12.142089366912842,19950,0.02319277108433735,0.12916666666666668,0.01651606425702811,9.180371485943775,1.4536340852130325,0.04671264367816092,0.9083475361170326,11.027710843373494,7.3330321285140565
QI-MRFO c=2.0,n50 m10 bimodal high,50,10,13,20000,28.34580799314488,28.34580799314488,16.49299117839192,25.10693322506205,0.1290032015877489,21.12993597984314,19950,0.008333333333333333,0.18293172690763052,0.01887550200803213,10.168975903614458,1.3533834586466165,0.08790804597701149,0.886378119753111,11.762248995983935,8.57570281124498
QI-MRFO c=2.0,n50 m10 bimodal high,50,10,14,20000,28.36906024776471,28.36906024776471,16.499391803000776,25.10693322506205,0.12992933041484991,21.181626081466675,19950,0.02570281124497992,0.12745983935742972,0.012349397590361445,9.071234939759035,1.1027568922305764,0.04836781609195402,0.9096178314765012,10.615562248995984,7.526907630522088
QI-MRFO c=2.0,n50 m10 bimodal high,50,10,15,20000,26.007978445719473,26.007978445719473,15.69933148958124,25.10693322506205,0.0358883027481026,15.532264709472656,19950,0.04437751004016064,0.04357429718875502,0.023092369477911646,8.349246987951807,1.6040100250626566,0.009333333333333334,0.9165629697367245,10.269477911646586,6.429016064257028
QI-MRFO c=2.0,n50 m10 bimodal high,50,10,16,20000,28.36906024776471,28.36906024776471,16.467866841389153,25.10693322506205,0.12992933041484991,13.251083612442017,19950,0.014608433734939759,0.2761044176706827,0.020883534136546186,10.13504016064257,1.5037593984962405,0.05103448275862069,0.9026669640836487,11.655823293172691,8.61425702811245
QI-MRFO c=2.0,n50 m10 bimodal high,50,10,17,20000,27.29735683508133,27.29735683508133,16.08612377084852,25.10693322506205,0.08724377407563152,18.465699672698975,19950,0.03137550200803213,0.1176706827309237,0.018072289156626505,8.593724899598394,1.3032581453634084,0.030206896551724136,0.9113377305688141,10.227409638554217,6.960040160642571
QI-MRFO c=2.0,n50 m10 bimodal high,50,10,18,20000,28.328654103534788,28.328654103534788,16.513445504983117,25.10693322506205,0.12831996841640445,16.26791501045227,19950,0.03780120481927711,0.11350401606425703,0.01581325301204819,8.84979919678715,1.1027568922305764,0.03025287356321839,0.9111463895778801,10.680722891566266,7.018875502008032
QI-MRFO c=2.0,n50 m10 bimodal high,50,10,19,20000,25.56031911335355,25.56031911335355,15.537912264114427,25.10693322506205,0.01805819469177241,11.623841047286987,19950,0.034889558232931724,0.06224899598393574,0.029769076305220885,8.680321285140563,1.8546365914786966,0.002574712643678161,0.9166751512212828,10.70210843373494,6.6585341365461845
QI-MRFO c=2.0,n50 m10 bimodal high,50,10,20,20000,26.70402954617669,26.70402954617669,15.867351010847347,25.10693322506205,0.06361176439981925,12.447446346282959,19950,0.02715863453815261,0.14412650602409638,0.021285140562248995,9.214457831325301,1.6541353383458646,0.019862068965517243,0.9029180915238927,10.868072289156627,7.5608433734939755
QI-MRFO c=2.0,n50 m10 bimodal high,50,10,21,20000,30.231095373100487,30.231095373100487,17.23226299344984,25.10693322506205,0.20409351082845256,13.732591390609741,19950,0.012751004016064257,0.19442771084337349,0.009839357429718875,9.137299196787149,0.5012531328320802,0.05857471264367816,0.9047580219326815,10.646485943775101,7.628112449799197
QI-MRFO c=2.0,n50 m10 bimodal high,50,10,22,20000,27.05759537385895,27.05759537385895,16.035339032525467,25.10693322506205,0.07769416245747301,12.191795349121094,19950,0.04246987951807229,0.0657128514056225,0.01651606425702811,8.359287148594378,1.1528822055137844,0.013241379310344827,0.9136633457784951,10.149497991967872,6.569076305220883
QI-MRFO c=2.0,n50 m10 bimodal high,50,10,23,20000,29.758118635547262,29.758118635547262,17.03839017857212,25.10693322506205,0.18525501975057396,12.37025499343872,19950,0.025853413654618473,0.1534136546184739,0.011897590361445783,8.95913654618474,0.8020050125313283,0.041885057471264364,0.9086162599615032,10.498895582329316,7.41937751004016
QI-MRFO c=2.0,n50 m10 bimodal high,50,10,24,20000,25.597309524314653,25.597309524314653,15.529913781631203,25.10693322506205,0.019531509279002778,13.224266290664673,19950,0.04382530120481928,0.025552208835341365,0.028363453815261043,8.34733935742972,2.355889724310777,0.004,0.9199401565827608,10.312751004016064,6.381927710843374
QI-MRFO c=2.0,n50 m10 bimodal high,50,10,25,20000,30.51925643813304,30.51925643813304,17.262974280103567,25.10693322506205,0.21557086102687933,14.764836549758911,19950,0.0107429718875502,0.19467871485943775,0.018072289156626505,10.25210843373494,1.5037593984962405,0.06809195402298851,0.8762023300252216,11.781425702811244,8.722791164658634
QI-MRFO c=2.0,n50 m10 bimodal high,50,10,26,20000,31.134220162926333,31.134220162926333,17.554412700064546,25.10693322506205,0.2400646420586235,12.795079708099365,19950,0.013002008032128514,0.18237951807228917,0.01576305220883534,9.518473895582328,1.1528822055137844,0.06285057471264369,0.898648038038157,10.864156626506023,8.172791164658635
QI-MRFO c=2.0,n50 m10 bimodal high,50,10,27,20000,29.758118635547262,29.758118635547262,17.056755590885434,25.10693322506205,0.18525501975057396,12.12366509437561,19950,0.020431726907630524,0.18017068273092368,0.01104417670682731,9.209588353413654,0.8020050125313283,0.05613793103448276,0.9046504134532735,10.58925702811245,7.82991967871486
QI-MRFO c=2.0,n50 m10 bimodal high,50,10,28,20000,27.908524993344948,27.908524993344948,16.390096376398915,25.10693322506205,0.11158637907581295,17.29374074935913,19950,0.011947791164658635,0.17876506024096386,0.009738955823293172,9.20948795180723,0.7518796992481203,0.052000000000000005,0.9036521151365658,10.582730923694779,7.8362449799196785
QI-MRFO c=2.0,n50 m10 bimodal high,50,10,29,20000,27.399293438570467,27.399293438570467,16.13105394110259,25.10693322506205,0.0913038718412711,11.59288740158081,19950,0.026004016064257028,0.08132530120481928,0.01927710843373494,8.774196787148595,1.2531328320802004,0.027264367816091952,0.9006712875902326,10.375903614457831,7.172489959839357
QI-MRFO c=4.0,n50 m10 bimodal high,50,10,0,20000,29.98325338282059,29.98325338282059,17.037320518883703,25.10693322506205,0.1942220546829246,12.039791822433472,19950,0.00015060240963855423,0.08443775100401607,0.017570281124497992,13.721234939759036,1.8546365914786966,0.1133793103448276,0.8333597697525998,15.298393574297188,12.144076305220883
QI-MRFO c=4.0,n50 m10 bimodal high,50,10,1,20000,25.707545974255517,25.707545974255517,15.542220587421271,25.10693322506205,0.02392218690389184,18.33000349998474,19950,0.000502008032128514,0.05532128514056225,0.0285140562248996,13.502660642570282,2.355889724310777,0.034298850574712644,0.8354814978157632,15.117670682730923,11.88765060240964
QI-MRFO c=4.0,n50 m10 bimodal high,50,10,2,20000,28.24984909932617,28.24984909932617,16.335328377769468,25.10693322506205,0.12518119381967455,26.708319425582886,19950,0.0008534136546184739,0.053062248995983934,0.012299196787148595,12.69191767068273,1.3533834586466165,0.08294252873563218,0.8347234940485949,14.233734939759037,11.150100401606426
QI-MRFO c=4.0,n50 m10 bimodal high,50,10,3,20000,27.73466435143405,27.73466435143405,16.234068740690553,25.10693322506205,0.10466157307292968,28.065105676651,19950,0.001857429718875502,0.02208835341365462,0.01576305220883534,12.632781124497992,1.3032581453634084,0.08197701149425286,0.8354033386093368,14.752710843373494,10.51285140562249
QI-MRFO c=4.0,n50 m10 bimodal high,50,10,4,20000,26.37987249916972,26.37987249916972,15.759870951718037,25.10693322506205,0.05070070735827692,17.791988611221313,19950,0.0014056224899598394,0.03765060240963856,0.024347389558232933,12.990110441767069,1.8045112781954886,0.055999999999999994,0.8332506365760077,15.186044176706828,10.79417670682731
QI-MRFO c=4.0,n50 m10 bimodal high,50,10,5,20000,27.908524993344948,27.908524993344948,16.28286425808282,25.10693322506205,0.11158637907581295,15.908267498016357,19950,0.001355421686746988,0.027660642570281124,0.015863453815261046,12.759889558232931,1.2531328320802004,0.0673103448275862,0.8270151773565141,14.472289156626506,11.047489959839357
QI-MRFO c=4.0,n50 m10 bimodal high,50,10,6,20000,27.06024893394277,27.06024893394277,16.002489866520495,25.10693322506205,0.07779985278850766,12.263072967529297,19950,0.0013052208835341366,0.024246987951807228,0.015512048192771084,12.620833333333334,1.4536340852130325,0.06386206896551724,0.8391065831261298,14.411345381526104,10.830321285140561
QI-MRFO c=4.0,n50 m10 bimodal high,50,10,7,20000,28.34580799314488,28.34580799314488,16.458961431328927,25.10693322506205,0.1290032015877489,20.111703395843506,19950,0.001355421686746988,0.05130522088353413,0.017921686746987953,12.871234939759036,1.6541353383458646,0.07880459770114942,0.8363317596198419,14.643273092369478,11.099196787148594
QI-MRFO c=4.0,n50 m10 bimodal high,50,10,8,20000,27.29735683508133,27.29735683508133,16.1190316034616,25.10693322506205,0.08724377407563152,11.292786836624146,19950,0.0014558232931726907,0.03142570281124498,0.02359437751004016,13.280923694779116,1.8045112781954886,0.07604597701149425,0.832781419401195,15.652309236947792,10.909538152610441
QI-MRFO c=4.0,n50 m10 bimodal high,50,10,9,20000,25.597309524314653,25.597309524314653,15.501908476318368,25.10693322506205,0.019531509279002778,11.815504312515259,19950,0.0012048192771084338,0.03298192771084337,0.02540160642570281,13.997088353413655,2.556390977443609,0.04170114942528736,0.8377908806749395,16.352911646586346,11.641265060240963
QI-MRFO c=4.0,n50 m10 bimodal high,50,10,10,20000,27.60550768949869,27.60550768949869,16.157415059993316,25.10693322506205,0.09951731029987096,13.689412117004395,19950,0.0005522088353413654,0.05391566265060241,0.01646586345381526,13.246234939759036,1.3533834586466165,0.09691954022988507,0.8296133188977176,14.860642570281124,11.631827309236948
QI-MRFO c=4.0,n50 m10 bimodal high,50,10,11,20000,28.36906024776471,28.36906024776471,16.506753024530283,25.10693322506205,0.12992933041484991,27.710251331329346,19950,0.0015060240963855422,0.036897590361445784,0.02033132530120482,12.98659638554217,1.4536340852130325,0.06786206896551725,0.8415958207475943,15.113253012048192,10.859939759036145
QI-MRFO c=4.0,n50 m10 bimodal high,50,10,12,20000,27.005482524600794,27.005482524600794,15.909736894470015,25.10693322506205,0.07561852666432346,13.498989343643188,19950,0.0014558232931726907,0.041616465863453814,0.013755020080321286,13.08117469879518,1.3032581453634084,0.08252873563218391,0.8231112616281625,14.778313253012048,11.384036144578314
QI-MRFO c=4.0,n50 m10 bimodal high,50,10,13,20000,28.34580799314488,28.34580799314488,16.409358049650766,25.10693322506205,0.1290032015877489,13.699824571609497,19950,0.0006526104417670683,0.06460843373493975,0.012600401606425702,12.797339357429719,0.9523809523809523,0.09521839080459771,0.8321469297892341,14.243072289156627,11.351606425702812
QI-MRFO c=4.0,n50 m10 bimodal high,50,10,14,20000,26.620960550097294,26.620960550097294,15.84348218821552,25.10693322506205,0.06030315656091055,13.680268049240112,19950,0.0015562248995983935,0.03107429718875502,0.01711847389558233,13.180873493975904,1.4536340852130325,0.07232183908045978,0.8365844429874649,15.307329317269076,11.054417670682732
QI-MRFO c=4.0,n50 m10 bimodal high,50,10,15,20000,28.328654103534788,28.328654103534788,16.46658439930998,25.10693322506205,0.12831996841640445,12.674425601959229,19950,0.0015060240963855422,0.038755020080321285,0.02399598393574297,13.357981927710844,1.9548872180451127,0.06841379310344828,0.8344980677217403,15.836044176706828,10.87991967871486
QI-MRFO c=4.0,n50 m10 bimodal high,50,10,16,20000,28.36906024776471,28.36906024776471,16.505931818583665,25.10693322506205,0.12992933041484991,15.462156772613525,19950,0.0015562248995983935,0.05818273092369478,0.016566265060240965,13.057781124497993,1.2030075187969924,0.08367816091954022,0.8286901233289036,14.837650602409639,11.277911646586345
QI-MRFO c=4.0,n50 m10 bimodal high,50,10,17,20000,26.71301190996199,26.71301190996199,15.9309676115233,25.10693322506205,0.06396952867571776,14.235075950622559,19950,0.0011546184738955823,0.02289156626506024,0.0197289156626506,12.916214859437751,1.5538847117794485,0.07627586206896551,0.8396044878778492,14.836244979919678,10.996184738955824
QI-MRFO c=4.0,n50 m10 bimodal high,50,10,18,20000,28.328654103534788,28.328654103534788,16.53992232573878,25.10693322506205,0.12831996841640445,14.433477878570557,19950,0.0013052208835341366,0.05577309236947791,0.01676706827309237,13.41551204819277,0.8020050125313283,0.08606896551724137,0.8321056155091359,15.587449799196786,11.243574297188754
QI-MRFO c=4.0,n50 m10 bimodal high,50,10,19,20000,29.758118635547262,29.758118635547262,17.025398607318287,25.10693322506205,0.18525501975057396,18.869091033935547,19950,0.0016566265060240963,0.05401606425702811,0.0077811244979919675,12.795281124497992,0.15037593984962405,0.09843678160919539,0.8378959165643269,14.028313253012048,11.562248995983936
QI-MRFO c=4.0,n50 m10 bimodal high,50,10,20,20000,27.712910841682913,27.712910841682913,16.243121127316112,25.10693322506205,0.10379513870772329,17.388657808303833,19950,0.0009036144578313253,0.02133534136546185,0.01566265060240964,12.962048192771084,1.2030075187969924,0.06271264367816091,0.8212392071120648,14.817369477911647,11.106726907630522
QI-MRFO c=4.0,n50 m10 bimodal high,50,10,21,20000,28.36906024776471,28.36906024776471,16.61646181575531,25.10693322506205,0.12992933041484991,12.431641340255737,19950,0.0014056224899598394,0.0321285140562249,0.020180722891566263,12.871034136546184,1.8045112781954886,0.06855172413793104,0.8418834014478407,15.063855421686746,10.678212851405622
QI-MRFO c=4.0,n50 m10 bimodal high,50,10,22,20000,29.894998171300283,29.894998171300283,17.077585951328675,25.10693322506205,0.19070688177314812,14.458829402923584,19950,0.001004016064257028,0.061646586345381525,0.0107429718875502,12.976004016064257,0.9523809523809523,0.09452873563218392,0.8249692375694178,14.514759036144579,11.437248995983936
QI-MRFO c=4.0,n50 m10 bimodal high,50,10,23,20000,29.758118635547262,29.758118635547262,16.962652350764454,25.10693322506205,0.18525501975057396,12.715994596481323,19950,0.000502008032128514,0.07088353413654619,0.01566265060240964,13.576506024096386,1.3032581453634084,0.10022988505747125,0.8350267379523006,14.904216867469879,12.248795180722892
QI-MRFO c=4.0,n50 m10 bimodal high,50,10,24,20000,27.29735683508133,27.29735683508133,16.123202376525953,25.10693322506205,0.08724377407563152,13.510010242462158,19950,0.0026606425702811244,0.027459839357429718,0.01576305220883534,12.55371485943775,1.4536340852130325,0.060137931034482756,0.8352685975914731,14.276807228915663,10.83062248995984
QI-MRFO c=4.0,n50 m10 bimodal high,50,10,25,20000,30.128754227219858,30.128754227219858,17.046107084085126,25.10693322506205,0.20001730028679743,12.202426195144653,19950,0.0006024096385542169,0.05230923694779117,0.01902610441767068,13.236997991967872,1.4536340852130325,0.0910344827586207,0.8322985826777517,14.628413654618473,11.845582329317269
QI-MRFO c=4.0,n50 m10 bimodal high,50,10,26,20000,27.399293438570467,27.399293438570467,16.236025759799066,25.10693322506205,0.0913038718412711,16.49140477180481,19950,0.001857429718875502,0.017771084337349398,0.01430722891566265,12.447489959839357,1.2030075187969924,0.05250574712643678,0.8403645120247851,14.13433734939759,10.760642570281124
QI-MRFO c=4.0,n50 m10 bimodal high,50,10,27,20000,28.36906024776471,28.36906024776471,16.56679662460253,25.10693322506205,0.12992933041484991,13.007479190826416,19950,0.0014558232931726907,0.03980923694779116,0.012098393574297189,12.391265060240963,0.9022556390977443,0.07154022988505747,0.8409021656329206,13.932530120481928,10.85
QI-MRFO c=4.0,n50 m10 bimodal high,50,10,28,20000,27.908524993344948,27.908524993344948,16.4075756608902,25.10693322506205,0.11158637907581295,14.269939184188843,19950,0.0006024096385542169,0.03624497991967871,0.014006024096385543,12.971385542168674,1.2531328320802004,0.08404597701149426,0.8374819246666386,14.615763052208836,11.327008032128514
QI-MRFO c=4.0,n50 m10 bimodal high,50,10,29,20000,27.908524993344948,27.908524993344948,16.400706386157434,25.10693322506205,0.11158637907581295,17.94188618659973,19950,0.001004016064257028,0.0628012048192771,0.018072289156626505,13.382781124497992,1.1027568922305764,0.0959080459770115,0.8269749380628993,14.712550200803213,12.053012048192771
QI-DMO c=0.0,n50 m10 bimodal high,50,10,0,20000,32.67105735229052,32.67105735229052,17.92628949559252,25.10693322506205,0.3012763072025804,13.647951126098633,19932,0.07275012569130217,0.7361488185017597,0.06978381096028155,5.669582704876823,0.9030704394942806,0.08891954022988506,0.9734464621617579,8.355253896430368,2.983911513323278
QI-DMO c=0.0,n50 m10 bimodal high,50,10,1,20000,28.96176130148577,28.96176130148577,16.693506552637256,25.10693322506205,0.15353639737153488,17.086352109909058,19932,0.3288084464555053,0.41357466063348414,0.09185520361990951,3.914228255404726,1.053582179409994,0.018666666666666668,0.9949600504236138,6.95676219205631,0.8716943187531423
QI-DMO c=0.0,n50 m10 bimodal high,50,10,2,20000,30.09448649310425,30.09448649310425,17.182523973248504,25.10693322506205,0.19865242892602913,14.817855596542358,19932,0.13403720462543992,0.6896430367018602,0.06772247360482654,4.474509803921569,0.6020469596628537,0.06501149425287356,0.9810142781608804,6.839718451483157,2.10930115635998
QI-DMO c=0.0,n50 m10 bimodal high,50,10,3,20000,32.308144886865236,32.308144886865236,17.863803060895098,25.10693322506205,0.2868216359700534,12.021461725234985,19932,0.09406737053795877,0.736500754147813,0.06234288587229764,5.307139265962795,0.5017057997190447,0.10119540229885057,0.9752226232037299,7.698039215686275,2.916239316239316
QI-DMO c=0.0,n50 m10 bimodal high,50,10,4,20000,28.675948856694067,28.675948856694067,16.432592143501243,25.10693322506205,0.14215259186133417,14.438776731491089,19932,0.07315233785822021,0.6881347410759175,0.08521870286576169,6.28763197586727,0.9030704394942806,0.0936551724137931,0.975835709609924,9.49703368526898,3.0782302664655607
QI-DMO c=0.0,n50 m10 bimodal high,50,10,5,20000,32.37890344680504,32.37890344680504,18.070785427838647,25.10693322506205,0.28963992362412544,11.436872959136963,19932,0.04932126696832579,0.7955253896430367,0.0547008547008547,6.6943690296631475,0.35119405980333135,0.14188505747126437,0.9644100504634728,9.057214680744092,4.331523378582202
QI-DMO c=0.0,n50 m10 bimodal high,50,10,6,20000,29.110417161121003,29.110417161121003,16.464993556328963,25.10693322506205,0.15945730608239422,15.776981353759766,19932,0.11246857717445953,0.7560583207642031,0.04645550527903469,4.440522875816994,0.5017057997190447,0.09273563218390805,0.981078678585649,6.305379587732529,2.575666163901458
QI-DMO c=0.0,n50 m10 bimodal high,50,10,7,20000,30.24917514033006,30.24917514033006,17.25732016006626,25.10693322506205,0.2048136213679399,15.453266143798828,19932,0.4097536450477627,0.39406737053795876,0.07420814479638009,3.2510306686777275,0.9030704394942806,0.023908045977011495,0.9950140978154689,5.812870789341377,0.6891905480140774
QI-DMO c=0.0,n50 m10 bimodal high,50,10,8,20000,32.47747306468978,32.47747306468978,18.048538259327337,25.10693322506205,0.29356591558025763,11.1667320728302,19932,0.15942684766214177,0.6342885872297637,0.077526395173454,5.343036701860231,0.5017057997190447,0.04850574712643678,0.988234912144518,9.13996983408748,1.5461035696329815
QI-DMO c=0.0,n50 m10 bimodal high,50,10,9,20000,30.87106980898833,30.87106980898833,17.192425176434455,25.10693322506205,0.22958345936780714,28.27564764022827,19932,0.04022121669180493,0.822674710910005,0.053544494720965306,6.406636500754148,0.5017057997190447,0.1373793103448276,0.9643753391907539,8.460935143288085,4.352337858220211
QI-DMO c=0.0,n50 m10 bimodal high,50,10,10,20000,28.726574683073007,28.726574683073007,16.691138949291158,25.10693322506205,0.14416900007515795,19.987712144851685,19932,0.2916540975364505,0.5049773755656108,0.07828054298642534,3.8803418803418803,1.1539233393538029,0.0343448275862069,0.9917337216404738,6.700251382604324,1.060432378079437
QI-DMO c=0.0,n50 m10 bimodal high,50,10,11,20000,30.861581475728094,30.861581475728094,17.28408860054971,25.10693322506205,0.22920554251212502,13.658848285675049,19932,0.22931121166415283,0.5331322272498743,0.08712921065862242,4.974057315233786,0.6020469596628537,0.049379310344827586,0.9902557676251983,8.4885872297637,1.4595274007038712
QI-DMO c=0.0,n50 m10 bimodal high,50,10,12,20000,31.939405975053198,31.939405975053198,17.926505387103166,25.10693322506205,0.27213489950142095,16.123438358306885,19932,0.08019105077928608,0.7324283559577677,0.07104072398190045,5.802815485168426,0.35119405980333135,0.10022988505747125,0.9736760334055585,8.540874811463047,3.064756158873806
QI-DMO c=0.0,n50 m10 bimodal high,50,10,13,20000,31.75172785509988,31.75172785509988,17.765625186620124,25.10693322506205,0.26465974838396084,14.003562450408936,19932,0.0444947209653092,0.7543489190548014,0.07647058823529412,7.330266465560583,0.6020469596628537,0.15245977011494252,0.9639265762189535,10.380291603821016,4.280241327300151
QI-DMO c=0.0,n50 m10 bimodal high,50,10,14,20000,30.081709037468176,30.081709037468176,16.765748205912043,25.10693322506205,0.19814350752485546,13.68244743347168,19932,0.11568627450980393,0.7083961789844143,0.0648064353946707,4.931473102061338,0.8027292795504716,0.06896551724137931,0.9788868800106596,7.535243841126194,2.327702362996481
QI-DMO c=0.0,n50 m10 bimodal high,50,10,15,20000,28.906239214800216,28.906239214800216,16.64070588663908,25.10693322506205,0.1513249728941666,20.811972856521606,19932,0.22101558572146807,0.4987430869783811,0.10799396681749623,5.101860231271996,0.9030704394942806,0.04482758620689655,0.9880866886698975,8.875816993464053,1.3279034690799396
QI-DMO c=0.0,n50 m10 bimodal high,50,10,16,20000,30.24917514033006,30.24917514033006,16.95906575335252,25.10693322506205,0.2048136213679399,27.242451906204224,19932,0.1300653594771242,0.7275012569130216,0.05475113122171946,4.591050779286073,0.8027292795504716,0.08574712643678162,0.9803933377068046,6.793665158371041,2.388436400201106
QI-DMO c=0.0,n50 m10 bimodal high,50,10,17,20000,31.21094013151547,31.21094013151547,17.67740449738082,25.10693322506205,0.2431203704465317,21.668617486953735,19932,0.12543991955756661,0.6252388134741076,0.09079939668174962,5.683308195072901,0.7023881196066627,0.06528735632183907,0.9822938917271027,9.384514831573656,1.9821015585721469
QI-DMO c=0.0,n50 m10 bimodal high,50,10,18,20000,30.66302781587573,30.66302781587573,17.301081732493806,25.10693322506205,0.22129722260413376,24.22080087661743,19932,0.11840120663650075,0.6592257415786827,0.08159879336349925,5.635495223730518,0.5017057997190447,0.0790344827586207,0.9796101183357203,8.728808446455504,2.5421820010055303
QI-DMO c=0.0,n50 m10 bimodal high,50,10,19,20000,31.120973246569477,31.120973246569477,17.420261527292194,25.10693322506205,0.23953702220803844,22.009454488754272,19932,0.11669180492709905,0.7020110608345902,0.06943187531422826,4.969482151835093,0.05017057997190447,0.08013793103448276,0.9805546297361538,7.5989944695827045,2.3399698340874813
QI-DMO c=0.0,n50 m10 bimodal high,50,10,20,20000,28.87850301852513,28.87850301852513,16.880720671421802,25.10693322506205,0.15022025030513292,15.068782329559326,19932,0.3497234791352438,0.3853192559074912,0.09924585218702865,4.501156359979889,0.953241019466185,0.026942528735632184,0.9952116232791403,8.238310708898943,0.7640020110608345
QI-DMO c=0.0,n50 m10 bimodal high,50,10,21,20000,30.761706115262413,30.761706115262413,17.103006954501474,25.10693322506205,0.22522754330487876,20.119383335113525,19932,0.05766716943187532,0.7111111111111111,0.08285570638511815,6.569230769230769,0.35119405980333135,0.11383908045977012,0.9694863995638275,9.703770739064856,3.4346907993966815
QI-DMO c=0.0,n50 m10 bimodal high,50,10,22,20000,30.962510857779915,30.962510857779915,17.40100416224867,25.10693322506205,0.23322552301500346,136.404470205307,19932,0.09974861739567623,0.673202614379085,0.08622423328305681,6.062845651080945,0.2006823198876179,0.07475862068965516,0.9765444145418435,9.59175465057818,2.5339366515837103
QI-DMO c=0.0,n50 m10 bimodal high,50,10,23,20000,36.6106635964092,36.6106635964092,19.577771581326637,25.10693322506205,0.45818938809555554,20.217753887176514,19932,0.04625439919557567,0.8146807440925088,0.052187028657616895,6.17526395173454,0.2006823198876179,0.13025287356321838,0.9643264162786999,8.335344394167924,4.015183509301156
QI-DMO c=0.0,n50 m10 bimodal high,50,10,24,20000,31.393101563518954,31.393101563518954,17.457780448334404,25.10693322506205,0.25037579389353587,36.621790647506714,19932,0.14374057315233785,0.6109602815485169,0.09386626445449975,5.262946204122675,0.4515352197471403,0.05636781609195403,0.9852870476760711,8.69663147310206,1.829260935143288
QI-DMO c=0.0,n50 m10 bimodal high,50,10,25,20000,32.093100290851716,32.093100290851716,17.735309429421825,25.10693322506205,0.27825648808497194,61.460052490234375,19932,0.0330316742081448,0.8293112116641529,0.049120160884866766,6.551885369532428,0.5518763796909493,0.1585287356321839,0.9604353248183377,8.391452991452992,4.712317747611865
QI-DMO c=0.0,n50 m10 bimodal high,50,10,26,20000,30.531512228035833,30.531512228035833,17.092397021515442,25.10693322506205,0.21605900467202027,236.30956196784973,19932,0.08009049773755657,0.6660130718954248,0.09326294620412268,6.417445952740071,0.5518763796909493,0.10726436781609194,0.972279964174529,9.72357968828557,3.11131221719457
QI-DMO c=0.0,n50 m10 bimodal high,50,10,27,20000,31.120973246569477,31.120973246569477,17.359438832049566,25.10693322506205,0.23953702220803844,194.61852431297302,19932,0.43780794369029663,0.2757164404223228,0.10507792860734037,4.902312719959779,0.8027292795504716,0.00974712643678161,0.9973836628458507,9.374560080442434,0.4300653594771242
QI-DMO c=0.0,n50 m10 bimodal high,50,10,28,20000,31.106256090119842,31.106256090119842,17.415219573126475,25.10693322506205,0.23895084323039478,194.14102244377136,19932,0.17048768225238814,0.5959778783308195,0.08215183509301156,4.871845148315736,0.8528998595223761,0.0568735632183908,0.987917873516227,8.01649069884364,1.7271995977878332
QI-DMO c=0.0,n50 m10 bimodal high,50,10,29,20000,31.920499303886682,31.920499303886682,17.75583377011019,25.10693322506205,0.27138185367949463,172.57322335243225,19932,0.1370537958773253,0.7151835093011564,0.05852187028657617,4.406837606837607,0.8027292795504716,0.07701149425287357,0.9802306728674357,6.451985922574158,2.361689291101056
QI-DMO c=0.25,n50 m10 bimodal high,50,10,0,20000,30.08829297781483,30.08829297781483,17.04817268257674,25.10693322506205,0.19840574346931092,273.2568516731262,19929,0.0013574660633484162,0.34057315233785823,0.21679235796882856,12.480844645550528,1.053740779768177,0.25131034482758624,0.9048270338446242,14.658019105077928,10.303670186023128
QI-DMO c=0.25,n50 m10 bimodal high,50,10,1,20000,27.908524993344948,27.908524993344948,16.36016518414488,25.10693322506205,0.11158637907581295,271.6025366783142,19929,0.0048265460030165915,0.13559577677224735,0.2988436400201106,11.478783308195073,1.304631441617743,0.22363218390804598,0.897074459002358,15.632176973353443,7.325389643036702
QI-DMO c=0.25,n50 m10 bimodal high,50,10,2,20000,26.676147024534373,26.676147024534373,15.890326685552164,25.10693322506205,0.06250121372473776,268.0099124908447,19929,0.00563097033685269,0.22966314731020612,0.25857214680744095,11.292961287078935,1.555522103467309,0.16455172413793104,0.9285022618565467,14.435595776772248,8.15032679738562
QI-DMO c=0.25,n50 m10 bimodal high,50,10,3,20000,30.214519968361046,30.214519968361046,16.985535898756115,25.10693322506205,0.20343331849867427,268.5212905406952,19929,0.0014077425842131724,0.2533433886375063,0.25635997988939163,13.253192559074913,0.9533845150283506,0.30110344827586205,0.887963088297898,16.421719457013573,10.084665661136249
QI-DMO c=0.25,n50 m10 bimodal high,50,10,4,20000,30.649440574210843,30.649440574210843,17.02125423449744,25.10693322506205,0.2207560477205632,255.6633152961731,19929,0.002564102564102564,0.22664655605832076,0.2584213172448467,11.712971342383106,0.9533845150283506,0.27213793103448275,0.886360418607681,14.91975867269985,8.506184012066365
QI-DMO c=0.25,n50 m10 bimodal high,50,10,5,20000,27.06024893394277,27.06024893394277,15.974478850853211,25.10693322506205,0.07779985278850766,264.3293297290802,19927,0.0020613373554550026,0.09044746103569633,0.3231774761186526,13.452237305178482,1.4051287198273699,0.20639080459770112,0.9027877553140481,18.116943187531422,8.787531422825541
QI-DMO c=0.25,n50 m10 bimodal high,50,10,6,20000,31.882281848276275,31.882281848276275,17.800907088153625,25.10693322506205,0.2698596663510854,264.9280288219452,19929,0.002212166918049271,0.29617898441427853,0.23624937154348918,11.998541980894922,0.4516031913292187,0.26891954022988507,0.8988705400566593,14.87621920563097,9.120864756158873
QI-DMO c=0.25,n50 m10 bimodal high,50,10,7,20000,30.397348081164253,30.397348081164253,17.165566398227828,25.10693322506205,0.21071529559895613,262.59500527381897,19929,0.0018099547511312218,0.31995977878330817,0.22815485168426344,13.419457013574661,0.5519594560690451,0.29236781609195406,0.8912781059771829,16.826445449974862,10.01246857717446
QI-DMO c=0.25,n50 m10 bimodal high,50,10,8,20000,28.98583653496772,28.98583653496772,16.741730099255392,25.10693322506205,0.1544953051467752,262.3793842792511,19929,0.0021116138763197585,0.28878833584715935,0.23695324283559577,12.15771744595274,1.053740779768177,0.2986666666666667,0.881410566033709,15.073906485671191,9.241528406234288
QI-DMO c=0.25,n50 m10 bimodal high,50,10,9,20000,30.24917514033006,30.24917514033006,16.97495484948552,25.10693322506205,0.2048136213679399,261.4182870388031,19929,0.0018099547511312218,0.2757164404223228,0.24710910005027653,12.190045248868778,0.5017813236991319,0.29714942528735633,0.8839164498517811,15.07843137254902,9.301659125188538
QI-DMO c=0.25,n50 m10 bimodal high,50,10,10,20000,30.816705552642276,30.816705552642276,17.47832781254964,25.10693322506205,0.22741815085088368,261.23758339881897,19929,0.0026646556058320765,0.3473604826546003,0.2111111111111111,11.310859728506788,0.5017813236991319,0.3029425287356322,0.8881539544091536,12.821216691804928,9.800502765208648
QI-DMO c=0.25,n50 m10 bimodal high,50,10,11,20000,30.231095373100487,30.231095373100487,17.024699573488853,25.10693322506205,0.20409351082845256,245.6479299068451,19929,0.003217697335344394,0.21860231271995978,0.2679738562091503,12.893413775766717,0.6523157208088715,0.21066666666666667,0.9130923461939184,17.554047259929614,8.23278029160382
QI-DMO c=0.25,n50 m10 bimodal high,50,10,12,20000,27.877252200196107,27.877252200196107,16.2401707527394,25.10693322506205,0.11034079512222902,220.98706007003784,19929,0.0026646556058320765,0.1817496229260935,0.28376068376068375,12.893514328808447,1.1540970445080034,0.2977471264367816,0.8894677074570015,16.823428858722977,8.963599798893917
QI-DMO c=0.25,n50 m10 bimodal high,50,10,13,20000,29.760665106740422,29.760665106740422,16.99187704928923,25.10693322506205,0.18535644477012267,150.49605011940002,19929,0.001558572146807441,0.2343891402714932,0.26415284062342886,12.25686274509804,0.9032063826584374,0.33094252873563224,0.88653260146696,15.109904474610357,9.403821015585722
QI-DMO c=0.25,n50 m10 bimodal high,50,10,14,20000,27.908524993344948,27.908524993344948,16.29632413389116,25.10693322506205,0.11158637907581295,109.29034566879272,19928,0.003217697335344394,0.1665158371040724,0.28330819507290095,12.36923076923077,0.8028904054596547,0.2149425287356322,0.9158353757933606,16.663750628456512,8.074710910005027
QI-DMO c=0.25,n50 m10 bimodal high,50,10,15,20000,30.106747235755925,30.106747235755925,17.101865126903434,25.10693322506205,0.1991407698373531,85.20657110214233,19929,0.00130718954248366,0.3032679738562091,0.2358974358974359,13.096178984414278,0.6523157208088715,0.2676781609195402,0.8884696290079576,16.704474610356964,9.487883358471594
QI-DMO c=0.25,n50 m10 bimodal high,50,10,16,20000,27.60550768949869,27.60550768949869,16.07660226997886,25.10693322506205,0.09951731029987096,85.22535037994385,19928,0.003368526897938663,0.13308195072900955,0.30040221216691804,13.04514831573655,1.1039743075070252,0.24717241379310345,0.8887158411636161,17.267068878833584,8.823227752639518
QI-DMO c=0.25,n50 m10 bimodal high,50,10,17,20000,29.894998171300283,29.894998171300283,16.794878937511832,25.10693322506205,0.19070688177314812,44.34882140159607,19929,0.0010558069381598793,0.2412770236299648,0.258974358974359,13.573102061337355,1.4551658387274826,0.25829885057471264,0.8950719254712907,17.822121669180493,9.324082453494219
QI-DMO c=0.25,n50 m10 bimodal high,50,10,18,20000,29.758118635547262,29.758118635547262,17.136488430490978,25.10693322506205,0.18525501975057396,15.328604221343994,19929,0.0024635495223730517,0.22011060834590246,0.27194570135746604,12.370739064856712,0.4516031913292187,0.2289655172413793,0.9024682650445613,16.273001508295625,8.468476621417798
QI-DMO c=0.25,n50 m10 bimodal high,50,10,19,20000,27.60550768949869,27.60550768949869,16.229124362710696,25.10693322506205,0.09951731029987096,5.008780002593994,19926,0.00261437908496732,0.11573655103066868,0.3092006033182504,11.592056309703368,0.7527853056308341,0.22413793103448276,0.9021616536912025,15.36088486676722,7.823227752639517
QI-DMO c=0.25,n50 m10 bimodal high,50,10,20,20000,26.914061026553256,26.914061026553256,15.935354617489875,25.10693322506205,0.07197724171613712,4.710216999053955,19927,0.00392156862745098,0.0939165409753645,0.3159376571141277,12.413574660633484,1.204396045566317,0.16427586206896552,0.9204405169913298,16.519457013574662,8.307692307692308
QI-DMO c=0.25,n50 m10 bimodal high,50,10,21,20000,31.75172785509988,31.75172785509988,17.456512727053756,25.10693322506205,0.26465974838396084,4.709500789642334,19929,0.001910507792860734,0.2811965811965812,0.24469582704876822,12.404927099044746,0.802850117918611,0.34193103448275863,0.8596630709696028,15.342986425339367,9.466867772750126
QI-DMO c=0.25,n50 m10 bimodal high,50,10,22,20000,32.03182350706055,32.03182350706055,17.93115733930233,25.10693322506205,0.2758158561192169,9.716362714767456,19929,0.0024132730015082957,0.35525389643036703,0.21367521367521367,11.801860231271997,0.4014250589593055,0.2892873563218391,0.8846964346233278,14.425238813474108,9.178481649069884
QI-DMO c=0.25,n50 m10 bimodal high,50,10,23,20000,28.328654103534788,28.328654103534788,16.379903230994184,25.10693322506205,0.12831996841640445,9.886688709259033,19929,0.0026646556058320765,0.1547008547008547,0.29160382101558574,12.896681749622926,0.9032063826584374,0.2182528735632184,0.9093767596146765,17.842031171442937,7.951332327802916
QI-DMO c=0.25,n50 m10 bimodal high,50,10,24,20000,32.498249255173995,32.498249255173995,17.976019864627343,25.10693322506205,0.2943934236752517,4.734954595565796,19929,0.0026646556058320765,0.2876822523881347,0.2350930115635998,11.919507290095526,0.7024938531787847,0.28257471264367817,0.8840460845101865,14.444343891402715,9.394670688788336
QI-DMO c=0.25,n50 m10 bimodal high,50,10,25,20000,31.77514400607504,31.77514400607504,17.56833956027549,25.10693322506205,0.26559240514316174,10.428031206130981,19929,0.0010558069381598793,0.3340372046254399,0.22101558572146807,12.535545500251382,0.4516031913292187,0.3107126436781609,0.8770505287124971,15.25781799899447,9.813273001508296
QI-DMO c=0.25,n50 m10 bimodal high,50,10,26,20000,29.758118635547262,29.758118635547262,17.023293909128917,25.10693322506205,0.18525501975057396,7.112503528594971,19929,0.002815485168426345,0.23821015585721467,0.26189039718451484,12.472398190045249,0.802850117918611,0.23356321839080463,0.8993258493571873,16.82875816993464,8.116038210155857
QI-DMO c=0.25,n50 m10 bimodal high,50,10,27,20000,30.090024954882264,30.090024954882264,16.918287203746427,25.10693322506205,0.1984747274846786,4.821792125701904,19929,0.0032679738562091504,0.3093011563599799,0.2257918552036199,11.406184012066365,0.802850117918611,0.28717241379310343,0.8880332693724396,14.57114127702363,8.2412267471091
QI-DMO c=0.25,n50 m10 bimodal high,50,10,28,20000,30.24917514033006,30.24917514033006,16.809331154219905,25.10693322506205,0.2048136213679399,6.9278810024261475,19929,0.002865761689291101,0.23780794369029662,0.25937657114127705,12.16671694318753,0.6021375884389583,0.28151724137931033,0.8966911872305835,15.54218200100553,8.791251885369533
QI-DMO c=0.25,n50 m10 bimodal high,50,10,29,20000,29.97907555971308,29.97907555971308,16.936608211897315,25.10693322506205,0.19405565351118223,5.091928720474243,19929,0.004374057315233786,0.22885872297637003,0.2618401206636501,10.869532428355958,0.7526719855486979,0.2034942528735632,0.9075799030301847,13.726495726495726,8.012569130216189
QI-DMO c=0.5,n50 m10 bimodal high,50,10,0,20000,29.853693611369476,29.853693611369476,17.12821392658007,25.10693322506205,0.18906173620476874,7.065735340118408,19928,0.00030165912518853697,0.0685771744595274,0.3335847159376571,16.95530417295123,0.4516258530710558,0.4282298850574713,0.784746990081152,20.56752136752137,13.343086978381097
QI-DMO c=0.5,n50 m10 bimodal high,50,10,1,20000,28.36906024776471,28.36906024776471,16.491236404975567,25.10693322506205,0.12992933041484991,10.329240322113037,19926,0.00015082956259426848,0.03519356460532931,0.35193564605329314,17.394419306184012,0.8531566797149452,0.3916781609195402,0.8240068762343368,20.632277526395175,14.15656108597285
QI-DMO c=0.5,n50 m10 bimodal high,50,10,2,20000,27.738443793263233,27.738443793263233,16.245102056484473,25.10693322506205,0.1048121068635486,5.221650123596191,19926,0.00025138260432378077,0.024132730015082957,0.35193564605329314,17.521317244846657,1.5055706112616682,0.41218390804597704,0.8139263819080076,20.50759175465058,14.535042735042735
QI-DMO c=0.5,n50 m10 bimodal high,50,10,3,20000,30.21780345970894,30.21780345970894,17.02560485482456,25.10693322506205,0.20356409876237513,8.491257667541504,19927,0.00030165912518853697,0.08743086978381095,0.3213675213675214,16.92041226747109,0.6021980227831585,0.3703448275862069,0.8427780815611142,21.461136249371542,12.379688285570639
QI-DMO c=0.5,n50 m10 bimodal high,50,10,4,20000,29.374606286488493,29.374606286488493,16.857358471038285,25.10693322506205,0.16997986266066137,5.577998161315918,19926,0.00030165912518853697,0.0473604826546003,0.345148315736551,17.289291101055806,1.2044564890093346,0.3178850574712644,0.8497629991717651,20.88235294117647,13.696229260935143
QI-DMO c=0.5,n50 m10 bimodal high,50,10,5,20000,29.996545296212137,29.996545296212137,16.965354079607124,25.10693322506205,0.19475146674900204,5.8413355350494385,19927,5.0276520864756156e-05,0.07456008044243338,0.32574157868275516,17.652941176470588,0.5018316856526321,0.404551724137931,0.8297176653990811,21.649069884364003,13.656812468577174
QI-DMO c=0.5,n50 m10 bimodal high,50,10,6,20000,27.399293438570467,27.399293438570467,16.119070573840002,25.10693322506205,0.0913038718412711,8.139350652694702,19926,0.00025138260432378077,0.03247863247863248,0.3506284565108094,17.510708898944195,1.1040851149252233,0.3627126436781609,0.8380054621712987,21.797285067873304,13.224132730015082
QI-DMO c=0.5,n50 m10 bimodal high,50,10,7,20000,30.24917514033006,30.24917514033006,16.955122051049077,25.10693322506205,0.2048136213679399,5.331501722335815,19927,5.0276520864756156e-05,0.09084967320261438,0.3257918552036199,17.8543489190548,1.0036633713052643,0.4125977011494253,0.8344372237879544,21.422926093514327,14.285771744595275
QI-DMO c=0.5,n50 m10 bimodal high,50,10,8,20000,29.963825334262673,29.963825334262673,16.99858373835271,25.10693322506205,0.19344824258951757,6.835982084274292,19926,0.00015082956259426848,0.08893916540975365,0.3208144796380091,17.83308195072901,0.8029709926728897,0.4013793103448276,0.8476996952646417,21.112518853695324,14.553645047762695
QI-DMO c=0.5,n50 m10 bimodal high,50,10,9,20000,27.908524993344948,27.908524993344948,16.295421651456124,25.10693322506205,0.11158637907581295,5.448422431945801,19926,0.0003519356460532931,0.042232277526395176,0.3444947209653092,17.026244343891403,1.1040851149252233,0.3451034482758621,0.8408972194613425,21.23911513323278,12.813373554550026
QI-DMO c=0.5,n50 m10 bimodal high,50,10,10,20000,28.34580799314488,28.34580799314488,16.303038660299723,25.10693322506205,0.1290032015877489,9.749983787536621,19926,0.00015082956259426848,0.04565108094519859,0.3457516339869281,17.05741578682755,0.9033423667570009,0.4001379310344828,0.8240567376511019,20.376168929110104,13.738662644544997
QI-DMO c=0.5,n50 m10 bimodal high,50,10,11,20000,28.328654103534788,28.328654103534788,16.381588490943464,25.10693322506205,0.12831996841640445,7.5587310791015625,19926,0.00015082956259426848,0.029964806435394672,0.35832076420311715,17.825339366515838,1.0538994278831677,0.2453793103448276,0.853015662400787,21.419708396178983,14.230970336852689
QI-DMO c=0.5,n50 m10 bimodal high,50,10,12,20000,28.34580799314488,28.34580799314488,16.496519764640176,25.10693322506205,0.1290032015877489,5.7669172286987305,19926,5.0276520864756156e-05,0.04982403217697336,0.3412770236299648,17.24871794871795,1.1040851149252233,0.35259770114942524,0.8506534203822598,20.491201608848666,14.00623428858723
QI-DMO c=0.5,n50 m10 bimodal high,50,10,13,20000,28.325970325942347,28.325970325942347,16.453704139973976,25.10693322506205,0.1282130745330144,5.704960823059082,19928,0.00015082956259426848,0.06058320764203117,0.3373051784816491,16.96737053795877,0.9032517061421116,0.3891034482758621,0.8241367288257843,20.35615887380593,13.578582202111614
QI-DMO c=0.5,n50 m10 bimodal high,50,10,14,20000,29.455251267256113,29.455251267256113,16.871786194336263,25.10693322506205,0.1731919228531471,6.323231935501099,19926,0.00030165912518853697,0.0579185520361991,0.3364002011060835,16.583459024635495,1.0538994278831677,0.3060229885057471,0.8745099240198736,19.87672197083962,13.290196078431373
QI-DMO c=0.5,n50 m10 bimodal high,50,10,15,20000,28.71850103107702,28.71850103107702,16.557832027934122,25.10693322506205,0.1438474294586429,5.93781852722168,19926,0.00025138260432378077,0.05751633986928104,0.33805932629462043,16.908848667672196,0.9535280537990565,0.35222988505747127,0.8526299218700423,20.825540472599297,12.992156862745098
QI-DMO c=0.5,n50 m10 bimodal high,50,10,16,20000,30.07556167226211,30.07556167226211,17.00503971613162,25.10693322506205,0.19789866020913754,8.320630073547363,19928,0.00010055304172951231,0.05314228255404726,0.3416289592760181,17.386073403720463,0.8530710558008832,0.37108045977011495,0.8203678066009339,20.679638009049775,14.092508798391151
QI-DMO c=0.5,n50 m10 bimodal high,50,10,17,20000,32.22509874802129,32.22509874802129,17.877708375206844,25.10693322506205,0.2835139385265022,6.989017724990845,19928,0.00010055304172951231,0.13288084464555053,0.2983911513323278,16.83343388637506,0.8028904054596547,0.42294252873563215,0.8363342212892441,20.211563599798893,13.455304172951232
QI-DMO c=0.5,n50 m10 bimodal high,50,10,18,20000,27.60550768949869,27.60550768949869,16.05618091689573,25.10693322506205,0.09951731029987096,6.754641056060791,19926,0.00025138260432378077,0.040925087983911514,0.3501759678230266,16.867823026646555,0.9033423667570009,0.30735632183908046,0.8599127438888572,20.753142282554048,12.982503770739065
QI-DMO c=0.5,n50 m10 bimodal high,50,10,19,20000,29.88175125494343,29.88175125494343,16.787107841703072,25.10693322506205,0.19017926192256324,10.135915994644165,19928,5.0276520864756156e-05,0.08989441930618401,0.32131724484665664,17.056711915535445,0.15054195102368526,0.3898850574712644,0.8446509350563278,20.619406737053797,13.494017094017094
QI-DMO c=0.5,n50 m10 bimodal high,50,10,20,20000,29.30614890860491,29.30614890860491,16.64439524363949,25.10693322506205,0.16725323024921065,7.032017946243286,19926,0.00025138260432378077,0.05822021116138763,0.3405228758169935,16.250879839115132,0.9033423667570009,0.34551724137931034,0.8346456846913388,19.68064353946707,12.821116138763198
QI-DMO c=0.5,n50 m10 bimodal high,50,10,21,20000,31.75172785509988,31.75172785509988,17.527577742639636,25.10693322506205,0.26465974838396084,6.800012588500977,19927,0.00010055304172951231,0.09708396178984414,0.3215686274509804,16.797435897435896,0.5520148542178953,0.3412413793103448,0.8524966128681734,20.36852689793866,13.226344896933131
QI-DMO c=0.5,n50 m10 bimodal high,50,10,22,20000,29.514589515977406,29.514589515977406,16.697144364933514,25.10693322506205,0.1755553436735785,8.413394689559937,19927,0.00010055304172951231,0.06309703368526898,0.33514328808446453,16.8175465057818,0.25091584282631607,0.39163218390804594,0.832545369963766,20.25168426344897,13.38340874811463
QI-DMO c=0.5,n50 m10 bimodal high,50,10,23,20000,27.908524993344948,27.908524993344948,16.133313992192004,25.10693322506205,0.11158637907581295,6.816783905029297,19926,0.00030165912518853697,0.03313222724987431,0.34590246354952237,17.41427853192559,1.0538994278831677,0.36275862068965514,0.8441440203320725,21.56299648064354,13.265560583207643
QI-DMO c=0.5,n50 m10 bimodal high,50,10,24,20000,26.82880638918731,26.82880638918731,15.871938859396549,25.10693322506205,0.0685815805813537,9.01845645904541,19926,0.00030165912518853697,0.023629964806435394,0.3554047259929613,17.76118652589241,1.2546421760513902,0.39705747126436786,0.82531083981767,21.096028154851684,14.426344896933132
QI-DMO c=0.5,n50 m10 bimodal high,50,10,25,20000,28.36906024776471,28.36906024776471,16.23985979711749,25.10693322506205,0.12992933041484991,7.823868274688721,19926,0.0003519356460532931,0.03328305681246858,0.3506284565108094,17.16998491704374,2.308541603934558,0.308,0.8468985082552055,21.448466566113623,12.891503267973857
QI-DMO c=0.5,n50 m10 bimodal high,50,10,26,20000,29.758118635547262,29.758118635547262,16.839033987125827,25.10693322506205,0.18525501975057396,6.902226448059082,19926,0.00010055304172951231,0.057114127702362995,0.3373051784816491,17.358823529411765,0.9535280537990565,0.43319540229885056,0.8109597419398823,21.71543489190548,13.00221216691805
QI-DMO c=0.5,n50 m10 bimodal high,50,10,27,20000,31.120973246569477,31.120973246569477,17.501734681973502,25.10693322506205,0.23953702220803844,8.878706216812134,19926,0.00030165912518853697,0.0669683257918552,0.3335847159376571,17.811513323278028,0.7527853056308341,0.32657471264367816,0.8421783500987794,21.527702362996482,14.095324283559577
QI-DMO c=0.5,n50 m10 bimodal high,50,10,28,20000,30.414562410682173,30.414562410682173,17.272738121011283,25.10693322506205,0.21140093606980168,8.672982931137085,19927,0.00015082956259426848,0.06676721970839618,0.3314228255404726,16.830316742081447,0.5520148542178953,0.39393103448275857,0.8157034022863116,20.175666163901457,13.484967320261438
QI-DMO c=0.5,n50 m10 bimodal high,50,10,29,20000,31.087948575811918,31.087948575811918,17.24563542942847,25.10693322506205,0.2382216616077803,7.562811851501465,19926,0.00015082956259426848,0.0762694821518351,0.33247863247863246,17.82518853695324,0.8531566797149452,0.37839080459770114,0.8345870339470968,21.307591754650577,14.342785319255908
QI-DMO c=1.0,n50 m10 bimodal high,50,10,0,20000,28.62262718281103,28.62262718281103,16.37192441627672,25.10693322506205,0.14002880902393808,7.437894344329834,19926,0.0,0.009904474610356963,0.36138763197586726,22.2718954248366,1.2546421760513902,0.5616551724137931,0.73662841078196,24.854298642533937,19.689492207139267
QI-DMO c=1.0,n50 m10 bimodal high,50,10,1,20000,30.200721526214835,30.200721526214835,17.016557796704838,25.10693322506205,0.2028837315769057,7.061370849609375,19926,0.0,0.008345902463549522,0.3620412267471091,22.64183006535948,0.5520425574626117,0.589287356321839,0.711515998856806,25.28044243338361,20.003217697335344
QI-DMO c=1.0,n50 m10 bimodal high,50,10,2,20000,30.497779197734307,30.497779197734307,17.249607554418027,25.10693322506205,0.21471543036929128,8.910701990127563,19926,0.0,0.01714429361488185,0.35500251382604325,22.280643539467068,0.7025996185887785,0.5977931034482759,0.7180473224635728,24.813976872800403,19.747310206133736
QI-DMO c=1.0,n50 m10 bimodal high,50,10,3,20000,29.247428470695606,29.247428470695606,16.619030331008027,25.10693322506205,0.16491441660825634,7.75853419303894,19926,0.0,0.011412770236299647,0.3646556058320764,22.930618401206637,0.6524139315467229,0.5655632183908046,0.7256836852161046,25.77094017094017,20.0902966314731
QI-DMO c=1.0,n50 m10 bimodal high,50,10,4,20000,30.20601180902522,30.20601180902522,17.022586817020443,25.10693322506205,0.2030944416131719,6.601791143417358,19926,0.0,0.010507792860734038,0.3616892911010558,22.455957767722474,0.5520425574626117,0.5631724137931035,0.7531124412297451,24.866566113624938,20.04534942182001
QI-DMO c=1.0,n50 m10 bimodal high,50,10,5,20000,28.983225653857875,28.983225653857875,16.553495981369426,25.10693322506205,0.15439131470371945,6.8429083824157715,19926,0.0,0.010105580693815988,0.3621417797888386,22.419004524886876,0.8029709926728897,0.5365977011494253,0.7386708361685833,25.23298139768728,19.605027652086477
QI-DMO c=1.0,n50 m10 bimodal high,50,10,6,20000,29.640354008255017,29.640354008255017,17.006897683283754,25.10693322506205,0.18056449756546328,7.423894643783569,19926,0.0,0.011915535444947209,0.3639517345399698,23.068426344896935,0.35129980929438925,0.5635862068965518,0.7356776369679119,25.518552036199097,20.618300653594773
QI-DMO c=1.0,n50 m10 bimodal high,50,10,7,20000,28.92365801095386,28.92365801095386,16.661125153043248,25.10693322506205,0.15201875719659416,6.70032525062561,19927,0.0,0.008949220713926596,0.3630467571644042,22.340422322775265,0.8531138656094746,0.5334252873563219,0.7417158270130225,25.39577677224736,19.285067873303166
QI-DMO c=1.0,n50 m10 bimodal high,50,10,8,20000,30.441757132350187,30.441757132350187,17.272280219031863,25.10693322506205,0.21248409192257894,7.980558633804321,19926,0.0,0.008396178984414278,0.36103569632981397,22.868577174459528,0.501856870420556,0.5894252873563218,0.721896753378436,25.564303670186025,20.17285067873303
QI-DMO c=1.0,n50 m10 bimodal high,50,10,9,20000,28.36078819583485,28.36078819583485,16.353211908457105,25.10693322506205,0.1295998576012765,9.621863842010498,19926,0.0,0.010005027652086475,0.36390145801910506,22.200301659125188,0.6524139315467229,0.5127816091954023,0.7360237035954534,25.109803921568627,19.29079939668175
QI-DMO c=1.0,n50 m10 bimodal high,50,10,10,20000,29.012405912037174,29.012405912037174,16.754729568694874,25.10693322506205,0.15555355375210192,8.105833530426025,19926,0.0,0.009150326797385621,0.36244343891402714,22.789994972347912,0.8531566797149452,0.5851494252873564,0.7220249006497965,25.45500251382604,20.124987430869783
QI-DMO c=1.0,n50 m10 bimodal high,50,10,11,20000,30.649440574210843,30.649440574210843,17.28995124354203,25.10693322506205,0.2207560477205632,6.4608166217803955,19926,0.0,0.010658622423328306,0.36003016591251885,22.063046757164404,0.6524139315467229,0.5497931034482759,0.7095584119585749,25.104072398190045,19.022021116138763
QI-DMO c=1.0,n50 m10 bimodal high,50,10,12,20000,31.120973246569477,31.120973246569477,17.352967210949345,25.10693322506205,0.23953702220803844,9.76456594467163,19926,0.0,0.012016088486676723,0.36334841628959275,22.885570638511815,0.6022282445046673,0.5650574712643678,0.7472155304614184,26.04977375565611,19.721367521367522
QI-DMO c=1.0,n50 m10 bimodal high,50,10,13,20000,29.825888120420437,29.825888120420437,16.584996000768214,25.10693322506205,0.18795425363412635,9.276782512664795,19926,0.0,0.008697838109602816,0.36576168929110103,22.851030668677726,0.501856870420556,0.5768735632183908,0.7383701608008333,25.40402212166918,20.298039215686273
QI-DMO c=1.0,n50 m10 bimodal high,50,10,14,20000,30.429121631748185,30.429121631748185,17.34396634505499,25.10693322506205,0.21198082453867603,8.483462810516357,19926,0.0,0.007239819004524887,0.36083459024635495,23.324434389140272,0.6524139315467229,0.5811494252873564,0.7425822918070503,25.82865761689291,20.820211161387633
QI-DMO c=1.0,n50 m10 bimodal high,50,10,15,20000,29.46200053390701,29.46200053390701,17.02926424906779,25.10693322506205,0.17346074368404646,8.266242265701294,19927,0.0,0.00980392156862745,0.36138763197586726,22.63996983408748,0.6523811913484218,0.5218390804597701,0.7596903430751049,25.707893413775768,19.572046254399197
QI-DMO c=1.0,n50 m10 bimodal high,50,10,16,20000,29.8961898421869,29.8961898421869,16.98282024157044,25.10693322506205,0.1907543455902513,10.055937051773071,19926,0.0,0.008999497234791352,0.3606837606837607,22.58878833584716,0.501856870420556,0.542528735632184,0.7431636704473757,25.456209150326796,19.721367521367522
QI-DMO c=1.0,n50 m10 bimodal high,50,10,17,20000,29.215045915626334,29.215045915626334,16.881508953194466,25.10693322506205,0.16362463124184018,8.577130556106567,19926,0.0,0.00889894419306184,0.35681246857717447,22.308094519859225,0.8029709926728897,0.6317701149425288,0.6830946887072241,24.8596279537456,19.75656108597285
QI-DMO c=1.0,n50 m10 bimodal high,50,10,18,20000,29.1159185984144,29.1159185984144,16.74824909058873,25.10693322506205,0.15967642632476237,8.783409595489502,19927,0.0,0.007792860734037205,0.36495726495726494,22.693614881850177,0.7025643599136849,0.5597241379310345,0.7498371869089944,25.003318250377074,20.383911513323277
QI-DMO c=1.0,n50 m10 bimodal high,50,10,19,20000,30.811858333510486,30.811858333510486,17.446408414235336,25.10693322506205,0.22722508787945908,9.19971251487732,19926,0.0,0.010356963298139768,0.3601809954751131,22.324886877828053,0.05018568704205561,0.591632183908046,0.7320468263719253,24.28607340372046,20.363700351935645
QI-DMO c=1.0,n50 m10 bimodal high,50,10,20,20000,29.98325338282059,29.98325338282059,16.79245671088205,25.10693322506205,0.1942220546829246,7.532653331756592,19926,0.0,0.008697838109602816,0.3581699346405229,22.573102061337355,0.8029709926728897,0.612183908045977,0.7330296824100586,25.341578682755152,19.80462543991956
QI-DMO c=1.0,n50 m10 bimodal high,50,10,21,20000,29.38148000846039,29.38148000846039,16.848238086975503,25.10693322506205,0.17025364050163777,9.108616828918457,19926,0.0,0.008345902463549522,0.3644042232277526,22.290899949723478,0.5520425574626117,0.5407816091954023,0.7348348727711397,24.661337355455004,19.920462543991956
QI-DMO c=1.0,n50 m10 bimodal high,50,10,22,20000,29.823752825974154,29.823752825974154,16.826746365781457,25.10693322506205,0.1878692056345502,9.305937051773071,19926,5.0276520864756156e-05,0.007541478129713424,0.3582704876822524,22.972247360482655,0.45167118337850043,0.500551724137931,0.7453387767708436,25.42051282051282,20.52398190045249
QI-DMO c=1.0,n50 m10 bimodal high,50,10,23,20000,27.808711635427233,27.808711635427233,16.209952180400222,25.10693322506205,0.10761084940745508,8.35164761543274,19926,0.0,0.008597285067873304,0.3637506284565108,22.634288587229765,0.7527853056308341,0.5404137931034483,0.7351865263909587,25.414680744092507,19.85389643036702
QI-DMO c=1.0,n50 m10 bimodal high,50,10,24,20000,30.776601627404823,30.776601627404823,17.16527461898696,25.10693322506205,0.22582082612476298,9.19960355758667,19926,0.00010055304172951231,0.009854198089492207,0.3636500754147813,22.47144293614882,0.7527853056308341,0.5794482758620689,0.7191159992388965,25.01850175967823,19.924384112619407
QI-DMO c=1.0,n50 m10 bimodal high,50,10,25,20000,30.24917514033006,30.24917514033006,17.064317161255868,25.10693322506205,0.2048136213679399,9.536869287490845,19926,0.0,0.01322272498743087,0.35852187028657617,22.04313725490196,0.6022282445046673,0.48896551724137927,0.7640617054107549,25.215284062342885,18.870990447461036
QI-DMO c=1.0,n50 m10 bimodal high,50,10,26,20000,28.883287564261344,28.883287564261344,16.604499782445334,25.10693322506205,0.15041081701805342,10.213204145431519,19927,5.0276520864756156e-05,0.008044243338360985,0.3637506284565108,22.175012569130217,1.0036633713052643,0.5742528735632184,0.714220745919184,25.091201608848667,19.258823529411764
QI-DMO c=1.0,n50 m10 bimodal high,50,10,27,20000,29.48042496039714,29.48042496039714,16.613628364168086,25.10693322506205,0.17419458187626902,9.155898571014404,19926,0.0,0.010558069381598794,0.35731523378582203,22.55686274509804,0.5520425574626117,0.5532413793103449,0.7329915970729335,25.23086978381096,19.88285570638512
QI-DMO c=1.0,n50 m10 bimodal high,50,10,28,20000,29.248637301310758,29.248637301310758,16.75501571245788,25.10693322506205,0.16496256389109315,8.987852811813354,19926,0.0,0.007993966817496229,0.36495726495726494,22.570839617898443,0.501856870420556,0.5914022988505747,0.7128431974626575,25.547511312217196,19.59416792357969
QI-DMO c=1.0,n50 m10 bimodal high,50,10,29,20000,29.758118635547262,29.758118635547262,16.883946941072857,25.10693322506205,0.18525501975057396,11.538805484771729,19926,0.0,0.0102061337355455,0.3614881850175968,22.605429864253395,0.8531566797149452,0.5062528735632185,0.7624883528928815,24.72569130216189,20.485168426344895
QI-DMO c=2.0,n50 m10 bimodal high,50,10,0,20000,30.97352183378775,30.97352183378775,17.378549129605865,25.10693322506205,0.23366408617638726,6.987541913986206,19926,0.0,0.002564102564102564,0.3695324283559578,27.66194067370538,0.501856870420556,0.7485977011494254,0.593386025182582,28.88496732026144,26.43891402714932
QI-DMO c=2.0,n50 m10 bimodal high,50,10,1,20000,29.201568014205566,29.201568014205566,16.690132062738023,25.10693322506205,0.16308781134034328,8.655174732208252,19926,0.0,0.003770739064856712,0.36289592760180994,27.441679235796883,0.6022282445046673,0.7399080459770114,0.6057124362541036,29.045852187028657,25.83750628456511
QI-DMO c=2.0,n50 m10 bimodal high,50,10,2,20000,30.361979062235154,30.361979062235154,17.100850024626148,25.10693322506205,0.20930656046543555,6.704659700393677,19926,0.0,0.002865761689291101,0.36173956762192055,27.392307692307693,0.8531566797149452,0.7433563218390805,0.6104525972703658,28.927199597787833,25.857415786827552
QI-DMO c=2.0,n50 m10 bimodal high,50,10,3,20000,30.814994555095367,30.814994555095367,17.109790632612402,25.10693322506205,0.2273500024421724,9.190155267715454,19926,0.0,0.0027149321266968325,0.36450477626948213,27.64544997486174,0.501856870420556,0.747816091954023,0.6073291015021556,28.887983911513324,26.402916038210154
QI-DMO c=2.0,n50 m10 bimodal high,50,10,4,20000,30.93389347344152,30.93389347344152,17.541360469759613,25.10693322506205,0.23208570302656176,9.772127866744995,19927,0.0,0.002815485168426345,0.3661136249371543,27.362996480643538,0.30109901139157924,0.7260229885057471,0.6170943980532486,28.859024635495224,25.866968325791856
QI-DMO c=2.0,n50 m10 bimodal high,50,10,5,20000,30.703775481705993,30.703775481705993,17.289090045768095,25.10693322506205,0.22292018728345145,6.923320531845093,19926,0.0,0.003368526897938663,0.36807440925087986,27.742081447963802,0.40148549633644487,0.7329655172413793,0.6231706696559453,29.244444444444444,26.239718451483157
QI-DMO c=2.0,n50 m10 bimodal high,50,10,6,20000,30.248455060064114,30.248455060064114,17.158342669123318,25.10693322506205,0.20478494083338433,8.938831567764282,19926,0.0,0.00261437908496732,0.36551030668677725,27.35801910507793,0.45167118337850043,0.7367816091954024,0.6146545821246016,29.011161387631976,25.704876822523882
QI-DMO c=2.0,n50 m10 bimodal high,50,10,7,20000,30.708064731385623,30.708064731385623,17.30015167032041,25.10693322506205,0.22309102653495144,15.895068407058716,19926,0.0,0.0029160382101558573,0.3673202614379085,27.446656611362492,0.5520425574626117,0.7322758620689654,0.5684568772116382,28.991352438411262,25.901960784313726
QI-DMO c=2.0,n50 m10 bimodal high,50,10,8,20000,31.382754805692436,31.382754805692436,17.27591997926427,25.10693322506205,0.2499636863002361,15.498489141464233,19926,0.0,0.0032679738562091504,0.3623931623931624,27.65857214680744,0.5520425574626117,0.7190344827586208,0.6088808878423632,29.129411764705882,26.187732528909
QI-DMO c=2.0,n50 m10 bimodal high,50,10,9,20000,30.673267758802325,30.673267758802325,17.36538616989528,25.10693322506205,0.22170507579889887,9.671102046966553,19926,0.0,0.002815485168426345,0.3674710910005028,27.263800904977376,0.30111412225233364,0.7363218390804598,0.6090667547526566,29.024233283056812,25.50336852689794
QI-DMO c=2.0,n50 m10 bimodal high,50,10,10,20000,31.096197411210667,31.096197411210667,17.193442517281216,25.10693322506205,0.2385502097153809,11.099064350128174,19926,0.0,0.0029160382101558573,0.36264454499748616,27.533986928104575,0.8029709926728897,0.7359080459770115,0.5844115482086079,28.805429864253394,26.262543991955756
QI-DMO c=2.0,n50 m10 bimodal high,50,10,11,20000,31.027002505056654,31.027002505056654,17.538021573833912,25.10693322506205,0.235794201821715,16.728121995925903,19927,0.0,0.0030165912518853697,0.36686777275012566,27.364555052790347,0.6523811913484218,0.7060229885057471,0.6163177659327617,28.963298139768728,25.765811965811967
QI-DMO c=2.0,n50 m10 bimodal high,50,10,12,20000,30.562020021850245,30.562020021850245,17.231546787789718,25.10693322506205,0.21727411898092194,9.562305450439453,19926,0.0,0.003117144293614882,0.37048768225238815,27.449572649572648,0.40148549633644487,0.7221149425287356,0.6369321773093443,28.95495223730518,25.94419306184012
QI-DMO c=2.0,n50 m10 bimodal high,50,10,13,20000,31.295879617366708,31.295879617366708,17.551448892783647,25.10693322506205,0.2465034792113429,10.653311014175415,19926,0.0,0.0033182503770739064,0.3622423328305681,27.603670186023127,0.6524139315467229,0.7606436781609196,0.5940316215023432,29.22493715434892,25.982403217697335
QI-DMO c=2.0,n50 m10 bimodal high,50,10,14,20000,30.217334475102966,30.217334475102966,17.009334078546285,25.10693322506205,0.20354541927644312,10.789125204086304,19926,0.0,0.0026646556058320765,0.36495726495726494,27.404524886877827,0.6524139315467229,0.7127816091954022,0.6108774212215345,28.77516339869281,26.033886375062846
QI-DMO c=2.0,n50 m10 bimodal high,50,10,15,20000,30.484586536801462,30.484586536801462,17.223013525628108,25.10693322506205,0.21418997149247093,9.652857542037964,19926,0.0,0.002513826043237808,0.3643036701860231,27.400653594771242,0.8531566797149452,0.7216551724137931,0.6243464268507406,28.83308195072901,25.968225238813474
QI-DMO c=2.0,n50 m10 bimodal high,50,10,16,20000,30.305914271477366,30.305914271477366,17.081533747283398,25.10693322506205,0.20707352028266157,8.313841581344604,19926,0.0,0.0026646556058320765,0.3661136249371543,27.249622926093515,0.5520425574626117,0.747632183908046,0.5919945286065231,28.814982403217698,25.684263448969332
QI-DMO c=2.0,n50 m10 bimodal high,50,10,17,20000,32.121431118531945,32.121431118531945,17.73389934817653,25.10693322506205,0.2793848946261559,8.592396020889282,19926,0.0,0.003368526897938663,0.3669180492709904,27.603217697335346,0.6524139315467229,0.7376091954022987,0.614047197295358,29.079336349924585,26.127099044746103
QI-DMO c=2.0,n50 m10 bimodal high,50,10,18,20000,30.580722640127597,30.580722640127597,17.101887810887476,25.10693322506205,0.21801903745064102,7.9668288230896,19926,0.0,0.0026646556058320765,0.36576168929110103,27.610708898944193,0.20074274816822243,0.7139770114942529,0.6247632134856349,29.194871794871794,26.02654600301659
QI-DMO c=2.0,n50 m10 bimodal high,50,10,19,20000,30.962176176712635,30.962176176712635,17.566748490832296,25.10693322506205,0.23321219279007,12.117033958435059,19926,0.0,0.0030165912518853697,0.3643036701860231,27.525439919557567,0.05018568704205561,0.7468045977011494,0.6228769159991966,29.007340372046254,26.04353946706888
QI-DMO c=2.0,n50 m10 bimodal high,50,10,20,20000,30.50880166439285,30.50880166439285,17.194431362970096,25.10693322506205,0.21515445119910487,8.140523433685303,19926,0.0,0.003217697335344394,0.3648567119155354,27.321618903971846,0.8029709926728897,0.7185747126436781,0.610986464781856,28.867672197083962,25.77556561085973
QI-DMO c=2.0,n50 m10 bimodal high,50,10,21,20000,29.950237881954884,29.950237881954884,16.939754122658737,25.10693322506205,0.19290705931611699,11.120451927185059,19926,0.0,0.002765208647561589,0.3611362493715435,27.17269984917044,0.30111412225233364,0.7356781609195403,0.6039534689086165,28.842533936651584,25.502865761689293
QI-DMO c=2.0,n50 m10 bimodal high,50,10,22,20000,30.61579887137132,30.61579887137132,17.00374022912633,25.10693322506205,0.2194161109573611,13.807075500488281,19926,0.0,0.0038712921065862244,0.36576168929110103,27.337606837606838,0.9033423667570009,0.7414252873563218,0.5991785981864911,28.746204122674712,25.929009552538965
QI-DMO c=2.0,n50 m10 bimodal high,50,10,23,20000,31.245799757689145,31.245799757689145,17.234050325226658,25.10693322506205,0.24450881665225455,11.764888286590576,19927,0.0,0.0018602312719959778,0.3689291101055807,27.72418300653595,0.25091584282631607,0.718712643678161,0.6030453790314205,29.12357968828557,26.324786324786324
QI-DMO c=2.0,n50 m10 bimodal high,50,10,24,20000,30.076705098730102,30.076705098730102,17.23587837005582,25.10693322506205,0.19794420246862982,11.827767133712769,19926,0.0,0.002865761689291101,0.37013574660633486,27.50125691302162,0.6524139315467229,0.7054712643678162,0.6293677842698042,28.992257415786828,26.01025641025641
QI-DMO c=2.0,n50 m10 bimodal high,50,10,25,20000,30.971910848757084,30.971910848757084,17.343513018066645,25.10693322506205,0.23359992122974782,12.205743074417114,19926,0.0,0.002765208647561589,0.37023629964806437,27.609753645047764,0.6022282445046673,0.7498390804597702,0.6003047770962104,29.357466063348415,25.86204122674711
QI-DMO c=2.0,n50 m10 bimodal high,50,10,26,20000,30.607438964649187,30.607438964649187,17.16220889897777,25.10693322506205,0.2190831389194306,10.325478792190552,19926,0.0,0.0023127199597787833,0.3648567119155354,27.91322272498743,0.6524139315467229,0.7651494252873563,0.5897154746635657,29.37285067873303,26.45359477124183
QI-DMO c=2.0,n50 m10 bimodal high,50,10,27,20000,30.002533222426173,30.002533222426173,17.095487417687263,25.10693322506205,0.19498996366777582,13.46550440788269,19926,0.0,0.0029160382101558573,0.36199095022624433,27.710407239819006,0.30111412225233364,0.7359540229885058,0.6007523753649934,29.215082956259426,26.20573152337858
QI-DMO c=2.0,n50 m10 bimodal high,50,10,28,20000,31.717028828181228,31.717028828181228,17.597293554127393,25.10693322506205,0.2632776987880343,9.325721502304077,19926,0.0,0.003569632981397687,0.3657114127702363,27.684715937657113,0.5520425574626117,0.6836781609195403,0.6145560949051595,29.227953745600804,26.141478129713423
QI-DMO c=2.0,n50 m10 bimodal high,50,10,29,20000,30.254082858218545,30.254082858218545,17.251442630219035,25.10693322506205,0.20500909398279463,12.040696144104004,19926,0.0,0.0029160382101558573,0.36701860231271993,27.38974358974359,0.6524139315467229,0.7205977011494252,0.6172047614261832,28.941478129713424,25.838009049773756
QI-DMO c=4.0,n50 m10 bimodal high,50,10,0,20000,31.872784924767423,31.872784924767423,17.74515517706796,25.10693322506205,0.2694814073489316,15.967572689056396,19926,0.0,0.0011060834590246355,0.36515837104072396,32.275816993464055,0.501856870420556,0.8296551724137932,0.4767348814320736,33.07330316742082,31.47833081950729
QI-DMO c=4.0,n50 m10 bimodal high,50,10,1,20000,32.029507474272336,32.029507474272336,17.603359675406253,25.10693322506205,0.27572360937735263,9.541683435440063,19926,0.0,0.0010558069381598793,0.3658119658119658,32.334288587229764,0.45167118337850043,0.8233103448275862,0.45824304882790723,33.10729009552539,31.56128707893414
QI-DMO c=4.0,n50 m10 bimodal high,50,10,2,20000,30.417108310742847,30.417108310742847,17.148240372726868,25.10693322506205,0.21150233834135165,12.112341403961182,19926,0.0,0.0014077425842131724,0.3617898441427853,32.208949220713926,0.6022282445046673,0.840919540229885,0.4640284313770358,33.06686777275013,31.351030668677726
QI-DMO c=4.0,n50 m10 bimodal high,50,10,3,20000,30.991727587118014,30.991727587118014,17.41992180082165,25.10693322506205,0.23438921469634885,12.337276220321655,19926,0.0,0.0010558069381598793,0.3682755153343389,32.18652589240825,0.45167118337850043,0.8216091954022988,0.4756874775594265,32.95032679738562,31.42272498743087
QI-DMO c=4.0,n50 m10 bimodal high,50,10,4,20000,31.76273964481927,31.76273964481927,17.762253474651796,25.10693322506205,0.26509834395517934,16.822611808776855,19927,0.0,0.0011060834590246355,0.36530920060331823,32.39140271493213,0.4516485170873689,0.8299770114942528,0.4657224801033037,33.062946204122674,31.71985922574158
QI-DMO c=4.0,n50 m10 bimodal high,50,10,5,20000,30.642576555040485,30.642576555040485,17.18803095496791,25.10693322506205,0.22048265633863584,9.350754499435425,19926,0.0,0.00130718954248366,0.371543489190548,32.127450980392155,0.6524139315467229,0.8457471264367815,0.47913606372329187,32.867068878833585,31.387833081950728
QI-DMO c=4.0,n50 m10 bimodal high,50,10,6,20000,31.601760077407125,31.601760077407125,17.562027154312382,25.10693322506205,0.2586865864550059,14.32465410232544,19926,0.0,0.0010558069381598793,0.3633986928104575,32.197435897435895,0.501856870420556,0.8029885057471264,0.4922060039371444,32.95444947209653,31.440422322775262
QI-DMO c=4.0,n50 m10 bimodal high,50,10,7,20000,31.709748236451848,31.709748236451848,17.357542316409614,25.10693322506205,0.26298771547290317,16.437336921691895,19926,0.0,0.0007541478129713424,0.36867772750125694,32.23247863247863,0.35129980929438925,0.836183908045977,0.4723573454105848,33.0534942182001,31.411463046757163
QI-DMO c=4.0,n50 m10 bimodal high,50,10,8,20000,32.05941605340546,32.05941605340546,17.762653959535637,25.10693322506205,0.2769148571838854,15.49990725517273,19926,0.0,0.001005530417295123,0.3622423328305681,32.21764705882353,0.6022282445046673,0.8338390804597701,0.48125142183005826,33.13725490196079,31.298039215686273
QI-DMO c=4.0,n50 m10 bimodal high,50,10,9,20000,31.712504950670958,31.712504950670958,17.36008261781085,25.10693322506205,0.2630975143955513,8.893473625183105,19926,0.0,0.0010558069381598793,0.3670688788335847,32.173956762192056,0.45167118337850043,0.8411954022988506,0.46267382359539816,32.92438411261941,31.423529411764704
QI-DMO c=4.0,n50 m10 bimodal high,50,10,10,20000,30.225485410923966,30.225485410923966,17.241749993609258,25.10693322506205,0.203870068079542,15.888517379760742,19926,0.0,0.001005530417295123,0.36470588235294116,32.11045751633987,0.501856870420556,0.8269885057471263,0.45695636107180065,32.942785319255904,31.27812971342383
QI-DMO c=4.0,n50 m10 bimodal high,50,10,11,20000,31.34601755134222,31.34601755134222,17.282623713957733,25.10693322506205,0.24850045484855315,14.347264528274536,19926,0.0,0.0008547008547008547,0.3661639014580191,32.21091000502765,0.35129980929438925,0.8145747126436781,0.4594013930817254,32.96359979889392,31.458220211161386
QI-DMO c=4.0,n50 m10 bimodal high,50,10,12,20000,31.529677745755706,31.529677745755706,17.55911363279374,25.10693322506205,0.2558155734561158,13.40224814414978,19926,0.0,0.0015082956259426848,0.36913021618903974,32.128908999497234,0.250928435210278,0.8168735632183908,0.5086276581848115,32.99034690799397,31.267471091000502
QI-DMO c=4.0,n50 m10 bimodal high,50,10,13,20000,31.46478989797626,31.46478989797626,17.463681447767627,25.10693322506205,0.2532311141277788,13.211678504943848,19926,0.0,0.0008547008547008547,0.3679235796882856,32.274007038712924,0.501856870420556,0.8128735632183909,0.47711459278757923,33.10517848164907,31.44283559577677
QI-DMO c=4.0,n50 m10 bimodal high,50,10,14,20000,32.63729009503321,32.63729009503321,17.711957701809343,25.10693322506205,0.29993136965267675,11.355947256088257,19926,0.0,0.0007541478129713424,0.36390145801910506,32.359577677224735,0.35129980929438925,0.8288735632183908,0.4656583935508369,33.12438411261941,31.594771241830067
QI-DMO c=4.0,n50 m10 bimodal high,50,10,15,20000,31.300068894173233,31.300068894173233,17.292704467392724,25.10693322506205,0.24667033657974274,13.197678089141846,19926,0.0,0.001005530417295123,0.3665158371040724,32.283710407239816,0.501856870420556,0.8429885057471265,0.44925699295940374,33.17405731523379,31.39336349924585
QI-DMO c=4.0,n50 m10 bimodal high,50,10,16,20000,31.914821924211033,31.914821924211033,17.660197516226,25.10693322506205,0.2711557257161645,9.619946002960205,19926,0.0,0.0010558069381598793,0.3648567119155354,32.08667672197084,0.45167118337850043,0.8279080459770115,0.4506498798329094,32.9850175967823,31.188335847159376
QI-DMO c=4.0,n50 m10 bimodal high,50,10,17,20000,31.860890128844147,31.860890128844147,17.753177721996924,25.10693322506205,0.26900764196242866,14.298340559005737,19926,0.0,0.000955253896430367,0.36495726495726494,32.306988436400204,0.5520425574626117,0.8470344827586207,0.4448971992412415,33.054499748617395,31.559477124183008
QI-DMO c=4.0,n50 m10 bimodal high,50,10,18,20000,31.146800694581216,31.146800694581216,17.614288512746036,25.10693322506205,0.2405657200493964,13.369983434677124,19927,0.0,0.0010558069381598793,0.3674710910005028,32.14283559577677,0.25091584282631607,0.7822988505747126,0.5074036877273612,32.99909502262443,31.28657616892911
QI-DMO c=4.0,n50 m10 bimodal high,50,10,19,20000,31.318591471990725,31.318591471990725,17.670535419334882,25.10693322506205,0.24740808410356233,10.681355714797974,19926,0.0,0.000955253896430367,0.3663650075414781,32.26480643539467,0.0,0.8235862068965517,0.5030138652698223,32.912317747611866,31.617295123177477
QI-DMO c=4.0,n50 m10 bimodal high,50,10,20,20000,31.966486208774754,31.966486208774754,17.654117100969337,25.10693322506205,0.2732134953410165,11.478257179260254,19926,0.0,0.0007541478129713424,0.369079939668175,32.28295625942685,0.40148549633644487,0.8404137931034482,0.44512582787731314,33.229663147310205,31.336249371543488
QI-DMO c=4.0,n50 m10 bimodal high,50,10,21,20000,31.138039244179602,31.138039244179602,17.547456402273752,25.10693322506205,0.2402167546730569,14.261379957199097,19926,0.0,0.0008044243338360985,0.3639517345399698,32.24901960784314,0.6022282445046673,0.8046436781609195,0.45625426854817963,32.870588235294115,31.627450980392158
QI-DMO c=4.0,n50 m10 bimodal high,50,10,22,20000,31.853682680458885,31.853682680458885,17.707373686961663,25.10693322506205,0.26872057192003623,14.320910930633545,19926,0.0,0.0010558069381598793,0.36777275012569133,32.263901458019106,0.5520425574626117,0.8357241379310345,0.4891333655623455,33.13433886375063,31.39346405228758
QI-DMO c=4.0,n50 m10 bimodal high,50,10,23,20000,30.982946312659205,30.982946312659205,17.36266135215026,25.10693322506205,0.2340394597350363,12.274703025817871,19926,0.0,0.0010558069381598793,0.36711915535444944,32.30472599296129,0.30111412225233364,0.8319080459770114,0.4501280976711564,33.09230769230769,31.517144293614884
QI-DMO c=4.0,n50 m10 bimodal high,50,10,24,20000,31.47719771612855,31.47719771612855,17.529005926110475,25.10693322506205,0.25372531300268975,18.363429307937622,19926,0.0,0.0012066365007541479,0.3693815987933635,32.16385118149824,0.501856870420556,0.828735632183908,0.47075079868699915,33.10517848164907,31.22252388134741
QI-DMO c=4.0,n50 m10 bimodal high,50,10,25,20000,32.602272813458804,32.602272813458804,18.058089312301544,25.10693322506205,0.2985366440898012,14.186525583267212,19926,0.0,0.0011060834590246355,0.36978381096028157,32.190849673202614,0.501856870420556,0.8353563218390805,0.44081172912702876,32.97043740573152,31.411261940673704
QI-DMO c=4.0,n50 m10 bimodal high,50,10,26,20000,30.25198502789982,30.25198502789982,17.047966733498384,25.10693322506205,0.20492553816576514,9.796219110488892,19926,0.0,0.0012066365007541479,0.3699849170437406,32.1746103569633,0.35129980929438925,0.8321379310344829,0.4967265966702305,32.99768728004022,31.351533433886374
QI-DMO c=4.0,n50 m10 bimodal high,50,10,27,20000,31.565710761769964,31.565710761769964,17.619614838006957,25.10693322506205,0.25725075535154096,13.505828142166138,19926,0.0,0.001256913021618904,0.36561085972850677,32.3447963800905,0.30111412225233364,0.8285977011494253,0.4723633363729102,33.09311211664153,31.59648064353947
QI-DMO c=4.0,n50 m10 bimodal high,50,10,28,20000,32.06618013621069,32.06618013621069,17.640455616980006,25.10693322506205,0.27718426813681224,14.418937921524048,19926,0.0,0.0009049773755656109,0.3686274509803922,32.308446455505276,0.45167118337850043,0.8346206896551724,0.4598132915209241,33.13172448466566,31.485168426344895
QI-DMO c=4.0,n50 m10 bimodal high,50,10,29,20000,31.66341396457901,31.66341396457901,17.665112186812213,25.10693322506205,0.26114223831097777,17.516026496887207,19926,0.0,0.0007541478129713424,0.36596279537456006,32.08190045248869,0.35129980929438925,0.8387586206896551,0.49446130031655894,32.76370035193565,31.400100553041728
QI-MRFO P=15,n50 m10 bimodal high,50,10,0,20000,27.06024893394277,27.06024893394277,16.043577039156787,25.10693322506205,0.07779985278850766,14.429840326309204,19995,0.11736736736736737,0.18043043043043044,0.015315315315315315,6.830780780780781,1.550387596899225,0.008,0.9439180062601672,8.388088088088088,5.273473473473474
QI-MRFO P=15,n50 m10 bimodal high,50,10,1,20000,28.36906024776471,28.36906024776471,16.379542503630933,25.10693322506205,0.12992933041484991,14.78972339630127,19995,0.11001001001001001,0.27177177177177175,0.00995995995995996,6.6974474474474475,1.2003000750187547,0.02857142857142857,0.9516800089134356,8.291691691691693,5.103203203203203
QI-MRFO P=15,n50 m10 bimodal high,50,10,2,20000,26.70402954617669,26.70402954617669,15.823844160576925,25.10693322506205,0.06361176439981925,11.011037826538086,19995,0.08553553553553554,0.20795795795795796,0.020920920920920922,7.554954954954955,2.3005751437859465,0.04095238095238095,0.9210205247205714,8.873773773773774,6.236136136136136
QI-MRFO P=15,n50 m10 bimodal high,50,10,3,20000,28.328654103534788,28.328654103534788,16.51312152663871,25.10693322506205,0.12831996841640445,8.574188470840454,19995,0.12452452452452452,0.22352352352352353,0.01006006006006006,6.529229229229229,1.0502625656414104,0.016,0.9493603478017146,8.016516516516516,5.041941941941942
QI-MRFO P=15,n50 m10 bimodal high,50,10,4,20000,26.914061026553256,26.914061026553256,15.965078622185317,25.10693322506205,0.07197724171613712,15.021756172180176,19995,0.0998998998998999,0.20135135135135135,0.01876876876876877,6.643093093093093,2.000500125031258,0.0026666666666666666,0.9511054913997554,8.062462462462463,5.223723723723723
QI-MRFO P=15,n50 m10 bimodal high,50,10,5,20000,27.908524993344948,27.908524993344948,16.373378044186598,25.10693322506205,0.11158637907581295,8.99343991279602,19995,0.12802802802802804,0.17572572572572573,0.017167167167167166,6.4511511511511515,1.7504376094023506,0.02361904761904762,0.9505717120680196,7.9072072072072075,4.995095095095095
QI-MRFO P=15,n50 m10 bimodal high,50,10,6,20000,30.429186698683818,30.429186698683818,17.310083244192082,25.10693322506205,0.21198341613100832,11.555603981018066,19995,0.11476476476476477,0.2606606606606607,0.009209209209209208,6.551651651651651,1.1502875718929733,0.021333333333333333,0.952407431708285,8.025525525525525,5.0777777777777775
QI-MRFO P=15,n50 m10 bimodal high,50,10,7,20000,26.71301190996199,26.71301190996199,15.903021490191652,25.10693322506205,0.06396952867571776,14.245907068252563,19995,0.11396396396396397,0.1643143143143143,0.01826826826826827,6.65960960960961,1.9504876219054763,0.017523809523809525,0.9497494225599616,8.367767767767768,4.951451451451452
QI-MRFO P=15,n50 m10 bimodal high,50,10,8,20000,30.24917514033006,30.24917514033006,17.22534850505763,25.10693322506205,0.2048136213679399,10.628050804138184,19995,0.09504504504504505,0.2601101101101101,0.008458458458458459,6.977177177177177,1.3003250812703175,0.02914285714285714,0.9449811828569756,8.585385385385385,5.368968968968969
QI-MRFO P=15,n50 m10 bimodal high,50,10,9,20000,28.36906024776471,28.36906024776471,16.529048691987352,25.10693322506205,0.12992933041484991,10.937365531921387,19995,0.10405405405405406,0.22917917917917918,0.011511511511511512,6.854054054054054,1.1502875718929733,0.03142857142857143,0.9500776566182297,8.402902902902904,5.305205205205205
QI-MRFO P=15,n50 m10 bimodal high,50,10,10,20000,28.24984909932617,28.24984909932617,16.4556630913408,25.10693322506205,0.12518119381967455,16.553052186965942,19995,0.10065065065065065,0.27507507507507506,0.01001001001001001,6.8865365365365365,1.1002750687671918,0.023809523809523808,0.9441775636882036,8.517317317317318,5.2557557557557555
QI-MRFO P=15,n50 m10 bimodal high,50,10,11,20000,30.415939782326966,30.415939782326966,17.143820104760515,25.10693322506205,0.21145579628042344,14.572712898254395,19995,0.12007007007007008,0.21376376376376377,0.014364364364364364,6.696846846846847,1.2503125781445361,0.018476190476190476,0.9477594087661529,8.395095095095096,4.998598598598599
QI-MRFO P=15,n50 m10 bimodal high,50,10,12,20000,27.05759537385895,27.05759537385895,16.04826764253509,25.10693322506205,0.07769416245747301,9.069127082824707,19995,0.13553553553553555,0.13403403403403402,0.011911911911911911,6.325525525525525,1.4003500875218804,0.01219047619047619,0.9530943442533374,7.762562562562563,4.8884884884884885
QI-MRFO P=15,n50 m10 bimodal high,50,10,13,20000,26.007978445719473,26.007978445719473,15.60309701945333,25.10693322506205,0.0358883027481026,11.875888109207153,19995,0.14944944944944946,0.08718718718718718,0.02182182182182182,6.235885885885886,2.100525131282821,0.010666666666666666,0.9546565615900077,7.982682682682682,4.489089089089089
QI-MRFO P=15,n50 m10 bimodal high,50,10,14,20000,30.51925643813304,30.51925643813304,17.24359558981123,25.10693322506205,0.21557086102687933,11.686116933822632,19995,0.08083083083083083,0.2707707707707708,0.010810810810810811,7.031531531531532,1.0502625656414104,0.03142857142857143,0.9378518805745468,8.486886886886888,5.576176176176176
QI-MRFO P=15,n50 m10 bimodal high,50,10,15,20000,27.619094490795767,27.619094490795767,16.312145378927948,25.10693322506205,0.10005846764375213,13.20030164718628,19995,0.13753753753753753,0.15745745745745746,0.00935935935935936,6.536386386386386,1.0502625656414104,0.008,0.9460779078707737,8.11871871871872,4.954054054054054
QI-MRFO P=15,n50 m10 bimodal high,50,10,16,20000,28.36906024776471,28.36906024776471,16.539159359914745,25.10693322506205,0.12992933041484991,9.538611650466919,19995,0.06956956956956957,0.26126126126126126,0.015165165165165166,7.803453453453454,1.550387596899225,0.06876190476190476,0.8960214755943358,8.355155155155154,7.251751751751752
QI-MRFO P=15,n50 m10 bimodal high,50,10,17,20000,30.649440574210843,30.649440574210843,17.36390912919377,25.10693322506205,0.2207560477205632,13.185006618499756,19995,0.10800800800800801,0.23203203203203204,0.011711711711711712,6.761911911911912,1.4003500875218804,0.02019047619047619,0.944879597169085,8.166566566566567,5.357257257257257
QI-MRFO P=15,n50 m10 bimodal high,50,10,18,20000,26.6136285550893,26.6136285550893,15.845797481680036,25.10693322506205,0.06001112587192636,10.843764543533325,19995,0.13918918918918918,0.1506006006006006,0.015115115115115116,6.422572572572572,1.4503625906476618,0.013333333333333332,0.9434079592286858,7.879479479479479,4.965665665665665
QI-MRFO P=15,n50 m10 bimodal high,50,10,19,20000,29.996545296212137,29.996545296212137,17.035009997250803,25.10693322506205,0.19475146674900204,15.642182350158691,19995,0.07582582582582582,0.2481981981981982,0.014514514514514515,6.596996996996997,1.1002750687671918,0.02895238095238095,0.9507006656330158,8.066566566566566,5.127427427427428
QI-MRFO P=15,n50 m10 bimodal high,50,10,20,20000,26.007978445719473,26.007978445719473,15.673766708148042,25.10693322506205,0.0358883027481026,12.281181812286377,19995,0.1087087087087087,0.18733733733733735,0.016016016016016016,6.965165165165165,1.7504376094023506,0.016,0.9435342464577043,8.79029029029029,5.14004004004004
QI-MRFO P=15,n50 m10 bimodal high,50,10,21,20000,27.06024893394277,27.06024893394277,16.006689895494162,25.10693322506205,0.07779985278850766,12.391587734222412,19995,0.06161161161161161,0.2043043043043043,0.01871871871871872,6.7244244244244245,1.6004001000250063,0.03123809523809524,0.9499432570659486,8.11991991991992,5.328928928928929
QI-MRFO P=15,n50 m10 bimodal high,50,10,22,20000,26.914061026553256,26.914061026553256,15.888456121842433,25.10693322506205,0.07197724171613712,10.41758131980896,19995,0.145995995995996,0.16646646646646646,0.016116116116116116,6.569419419419419,1.9504876219054763,0.01561904761904762,0.9469235327727261,8.212412412412412,4.926426426426427
QI-MRFO P=15,n50 m10 bimodal high,50,10,23,20000,26.620960550097294,26.620960550097294,15.926936991495815,25.10693322506205,0.06030315656091055,10.358827590942383,19995,0.12562562562562563,0.13053053053053054,0.01941941941941942,6.455905905905906,1.9504876219054763,0.016,0.9494454119994251,7.858658658658658,5.053153153153153
QI-MRFO P=15,n50 m10 bimodal high,50,10,24,20000,29.758118635547262,29.758118635547262,17.06008061200804,25.10693322506205,0.18525501975057396,16.6840341091156,19995,0.08383383383383383,0.2940940940940941,0.009559559559559559,7.231031031031031,1.1002750687671918,0.037142857142857144,0.9378209048154357,8.592892892892893,5.869169169169169
QI-MRFO P=15,n50 m10 bimodal high,50,10,25,20000,26.007978445719473,26.007978445719473,15.629871665561598,25.10693322506205,0.0358883027481026,11.590149879455566,19995,0.13798798798798798,0.11616616616616617,0.01976976976976977,6.531181181181181,1.9504876219054763,0.012952380952380953,0.9482622575160126,8.166966966966967,4.895395395395395
QI-MRFO P=15,n50 m10 bimodal high,50,10,26,20000,30.21780345970894,30.21780345970894,17.26128210196169,25.10693322506205,0.20356409876237513,15.73256230354309,19995,0.16361361361361362,0.12967967967967967,0.011761761761761762,6.232382382382382,1.6004001000250063,0.008,0.9561304034164111,7.913613613613614,4.551151151151151
QI-MRFO P=15,n50 m10 bimodal high,50,10,27,20000,28.34580799314488,28.34580799314488,16.524422619961324,25.10693322506205,0.1290032015877489,10.436645030975342,19995,0.10215215215215215,0.22602602602602603,0.012112112112112113,6.571171171171171,1.2503125781445361,0.020952380952380955,0.9500852540394443,8.053053053053054,5.089289289289289
QI-MRFO P=15,n50 m10 bimodal high,50,10,28,20000,26.676147024534373,26.676147024534373,15.943265031099614,25.10693322506205,0.06250121372473776,10.750816583633423,19995,0.12082082082082082,0.10315315315315315,0.01696696696696697,6.81936936936937,2.050512628157039,0.010666666666666666,0.9429781030987667,8.351151151151152,5.287587587587588
QI-MRFO P=15,n50 m10 bimodal high,50,10,29,20000,26.914061026553256,26.914061026553256,16.029171587841418,25.10693322506205,0.07197724171613712,9.510478496551514,19995,0.17207207207207206,0.08288288288288288,0.01876876876876877,6.1717717717717715,1.9504876219054763,0.0026666666666666666,0.9533901177066745,7.917517517517518,4.426026026026026
QI-MRFO P=60,n50 m10 bimodal high,50,10,0,20000,27.06024893394277,27.06024893394277,16.02129796337908,25.10693322506205,0.07779985278850766,18.854156255722046,19980,0.1144578313253012,0.166214859437751,0.02575301204819277,6.971435742971887,1.2512512512512513,0.019807909604519773,0.9445055501001558,8.998694779116466,4.944176706827309
QI-MRFO P=60,n50 m10 bimodal high,50,10,1,20000,29.894998171300283,29.894998171300283,16.90445555397806,25.10693322506205,0.19070688177314812,12.624739408493042,19980,0.10225903614457832,0.24327309236947792,0.02133534136546185,7.095230923694779,1.1011011011011012,0.025163841807909603,0.9475829209842307,8.929618473895582,5.260843373493976
QI-MRFO P=60,n50 m10 bimodal high,50,10,2,20000,26.620960550097294,26.620960550097294,15.867020056994416,25.10693322506205,0.06030315656091055,12.699371337890625,19980,0.12233935742971888,0.16907630522088354,0.028664658634538154,6.915963855421687,1.2012012012012012,0.015740112994350283,0.9461501390903496,8.872791164658635,4.959136546184739
QI-MRFO P=60,n50 m10 bimodal high,50,10,3,20000,32.65781043593366,32.65781043593366,18.07188854046307,25.10693322506205,0.3007486873519954,21.217299461364746,19980,0.09769076305220883,0.2532128514056225,0.019226907630522087,7.567469879518073,0.9009009009009009,0.03815819209039548,0.9276523815305802,9.335341365461847,5.799598393574297
QI-MRFO P=60,n50 m10 bimodal high,50,10,4,20000,26.70402954617669,26.70402954617669,15.89093451546893,25.10693322506205,0.06361176439981925,15.117697715759277,19980,0.1290160642570281,0.13448795180722892,0.04096385542168675,6.817319277108433,1.8518518518518519,0.013853107344632768,0.95372207437892,8.918273092369478,4.716365461847389
QI-MRFO P=60,n50 m10 bimodal high,50,10,5,20000,27.619094490795767,27.619094490795767,16.32500663247014,25.10693322506205,0.10005846764375213,12.632239818572998,19980,0.10963855421686747,0.1430722891566265,0.0429718875502008,7.200602409638554,2.1021021021021022,0.023435028248587574,0.9473534836371059,9.225502008032128,5.17570281124498
QI-MRFO P=60,n50 m10 bimodal high,50,10,6,20000,27.908524993344948,27.908524993344948,16.461653442944872,25.10693322506205,0.11158637907581295,11.648566007614136,19980,0.10833333333333334,0.15707831325301205,0.03393574297188755,7.213755020080321,1.6016016016016017,0.021728813559322036,0.946920734874926,9.19578313253012,5.231726907630522
QI-MRFO P=60,n50 m10 bimodal high,50,10,7,20000,30.11550731086301,30.11550731086301,17.253212754554905,25.10693322506205,0.19948968043621265,10.084526538848877,19980,0.09508032128514056,0.21556224899598395,0.024447791164658634,7.460943775100402,0.8508508508508509,0.03549152542372881,0.9371873965735296,9.414658634538153,5.50722891566265
QI-MRFO P=60,n50 m10 bimodal high,50,10,8,20000,27.619094490795767,27.619094490795767,16.253847675813343,25.10693322506205,0.10005846764375213,14.369894742965698,19980,0.07846385542168674,0.21676706827309236,0.040411646586345384,7.31972891566265,1.4014014014014013,0.03183050847457627,0.9426370686416014,9.21355421686747,5.425903614457831
QI-MRFO P=60,n50 m10 bimodal high,50,10,9,20000,28.36906024776471,28.36906024776471,16.471519950812382,25.10693322506205,0.12992933041484991,14.966525316238403,19980,0.11400602409638554,0.17761044176706828,0.03177710843373494,6.93363453815261,1.2512512512512513,0.0192090395480226,0.9538300452245667,8.939558232931727,4.927710843373494
QI-MRFO P=60,n50 m10 bimodal high,50,10,10,20000,26.620960550097294,26.620960550097294,15.903940580786623,25.10693322506205,0.06030315656091055,10.566566228866577,19980,0.10978915662650603,0.23589357429718877,0.03172690763052209,7.01425702811245,1.3513513513513513,0.004666666666666667,0.945949313982091,8.731124497991967,5.297389558232932
QI-MRFO P=60,n50 m10 bimodal high,50,10,11,20000,26.37987249916972,26.37987249916972,15.7083900404034,25.10693322506205,0.05070070735827692,9.193175792694092,19980,0.10803212851405622,0.10687751004016065,0.05220883534136546,7.072038152610442,2.5025025025025025,0.014395480225988702,0.9482210416499343,9.213052208835341,4.931024096385542
QI-MRFO P=60,n50 m10 bimodal high,50,10,12,20000,25.46342501720403,25.46342501720403,15.463164983424592,25.10693322506205,0.014198938155701392,10.44376802444458,19980,0.14563253012048194,0.023092369477911646,0.05316265060240964,6.9417168674698795,2.002002002002002,0.0006666666666666666,0.9521197484794677,9.238253012048192,4.645180722891566
QI-MRFO P=60,n50 m10 bimodal high,50,10,13,20000,27.167386328586463,27.167386328586463,16.090362178519968,25.10693322506205,0.08206709617037748,12.576274156570435,19980,0.09357429718875503,0.25853413654618473,0.02640562248995984,7.511144578313253,1.5515515515515514,0.05737853107344633,0.9358565720588762,9.341967871485943,5.680321285140562
QI-MRFO P=60,n50 m10 bimodal high,50,10,14,20000,27.399293438570467,27.399293438570467,16.16862067753793,25.10693322506205,0.0913038718412711,9.977316617965698,19980,0.09332329317269077,0.2269578313253012,0.03584337349397591,7.848142570281125,1.0510510510510511,0.014598870056497175,0.9474889114146443,9.830321285140561,5.865963855421687
QI-MRFO P=60,n50 m10 bimodal high,50,10,15,20000,25.56031911335355,25.56031911335355,15.514605557441136,25.10693322506205,0.01805819469177241,11.504596948623657,19980,0.16094377510040161,0.023092369477911646,0.045230923694779115,6.846234939759036,1.951951951951952,0.0013333333333333333,0.9512279458750243,9.072489959839357,4.619979919678715
QI-MRFO P=60,n50 m10 bimodal high,50,10,16,20000,28.36906024776471,28.36906024776471,16.506909511854463,25.10693322506205,0.12992933041484991,11.568696975708008,19980,0.11752008032128514,0.17464859437751004,0.03940763052208835,6.882630522088354,1.6016016016016017,0.01392090395480226,0.9502109164272282,8.768172690763052,4.9970883534136545
QI-MRFO P=60,n50 m10 bimodal high,50,10,17,20000,28.24984909932617,28.24984909932617,16.453154649760087,25.10693322506205,0.12518119381967455,17.267333269119263,19980,0.1088855421686747,0.17404618473895583,0.02786144578313253,7.206074297188755,1.2012012012012012,0.024440677966101693,0.9480941842705153,9.291967871485944,5.120180722891567
QI-MRFO P=60,n50 m10 bimodal high,50,10,18,20000,29.758118635547262,29.758118635547262,17.169729779956594,25.10693322506205,0.18525501975057396,12.823745012283325,19980,0.06827309236947791,0.26219879518072287,0.035240963855421685,7.42956827309237,1.4014014014014013,0.041536723163841806,0.9389729766790206,9.131425702811246,5.727710843373494
QI-MRFO P=60,n50 m10 bimodal high,50,10,19,20000,29.758118635547262,29.758118635547262,16.87179188101586,25.10693322506205,0.18525501975057396,11.662238836288452,19980,0.0697289156626506,0.2950301204819277,0.009186746987951808,7.898544176706827,0.15015015015015015,0.054000000000000006,0.9249819539737966,9.395481927710843,6.401606425702811
QI-MRFO P=60,n50 m10 bimodal high,50,10,20,20000,26.676147024534373,26.676147024534373,15.883490072675244,25.10693322506205,0.06250121372473776,11.803120136260986,19980,0.14392570281124498,0.11089357429718875,0.03684738955823293,6.670331325301205,1.5515515515515514,0.009254237288135592,0.949884634169517,8.657329317269076,4.683333333333334
QI-MRFO P=60,n50 m10 bimodal high,50,10,21,20000,26.914061026553256,26.914061026553256,15.967660468657757,25.10693322506205,0.07197724171613712,9.26634693145752,19980,0.11626506024096385,0.16054216867469878,0.02610441767068273,6.841566265060241,1.1011011011011012,0.01856497175141243,0.9486776780037851,8.713253012048193,4.969879518072289
QI-MRFO P=60,n50 m10 bimodal high,50,10,22,20000,29.88175125494343,29.88175125494343,16.892487300223166,25.10693322506205,0.19017926192256324,10.061662673950195,19980,0.08057228915662651,0.29116465863453816,0.017620481927710843,7.354769076305221,0.7507507507507507,0.03267796610169491,0.9409610042801808,9.191767068273093,5.517771084337349
QI-MRFO P=60,n50 m10 bimodal high,50,10,23,20000,29.758118635547262,29.758118635547262,17.10121087905567,25.10693322506205,0.18525501975057396,11.80380916595459,19980,0.07911646586345382,0.1945281124497992,0.03308232931726908,7.838755020080321,1.7517517517517518,0.042214689265536724,0.9307060189251094,9.738855421686747,5.938654618473896
QI-MRFO P=60,n50 m10 bimodal high,50,10,24,20000,30.51925643813304,30.51925643813304,17.192883305222896,25.10693322506205,0.21557086102687933,10.917613983154297,19980,0.096285140562249,0.22133534136546185,0.015210843373493975,7.153614457831325,0.5505505505505506,0.027943502824858756,0.9378853082294414,8.841967871485943,5.465261044176707
QI-MRFO P=60,n50 m10 bimodal high,50,10,25,20000,30.51925643813304,30.51925643813304,17.274714926698774,25.10693322506205,0.21557086102687933,15.14587664604187,19980,0.10130522088353414,0.22941767068273092,0.01997991967871486,7.018775100401607,0.8508508508508509,0.025694915254237286,0.9465282390240526,8.741265060240965,5.296285140562249
QI-MRFO P=60,n50 m10 bimodal high,50,10,26,20000,27.60550768949869,27.60550768949869,16.27053392818693,25.10693322506205,0.09951731029987096,15.16435694694519,19980,0.10296184738955823,0.142570281124498,0.03258032128514056,7.050552208835342,1.1511511511511512,0.024666666666666667,0.9462272300659953,8.88624497991968,5.214859437751004
QI-MRFO P=60,n50 m10 bimodal high,50,10,27,20000,27.005482524600794,27.005482524600794,16.102379990665654,25.10693322506205,0.07561852666432346,14.397483825683594,19980,0.08127510040160643,0.2283132530120482,0.04969879518072289,7.600150602409639,2.2022022022022023,0.03389830508474576,0.9379596825198588,9.011546184738956,6.188755020080321
QI-MRFO P=60,n50 m10 bimodal high,50,10,28,20000,26.676147024534373,26.676147024534373,15.92048571328166,25.10693322506205,0.06250121372473776,15.219807863235474,19980,0.13704819277108435,0.1123995983935743,0.03132530120481928,6.635441767068273,1.2512512512512513,0.013276836158192092,0.9508589922266903,8.517168674698794,4.753714859437751
QI-MRFO P=60,n50 m10 bimodal high,50,10,29,20000,27.399293438570467,27.399293438570467,16.181316682740473,25.10693322506205,0.0913038718412711,17.33729362487793,19980,0.1268574297188755,0.16320281124497993,0.01641566265060241,6.501355421686747,0.7507507507507507,0.018576271186440677,0.9523149936401633,8.155923694779116,4.846787148594378
QI-MRFO S=1.0,n50 m10 bimodal high,50,10,0,20000,27.908524993344948,27.908524993344948,16.497095302435017,25.10693322506205,0.11158637907581295,12.165579319000244,19950,0.1576305220883534,0.13373493975903614,0.025,5.273644578313253,1.4536340852130325,0.010666666666666666,0.9528790471256392,6.93433734939759,3.6129518072289155
QI-MRFO S=1.0,n50 m10 bimodal high,50,10,1,20000,27.06024893394277,27.06024893394277,16.15875652971392,25.10693322506205,0.07779985278850766,10.370575666427612,19950,0.13805220883534136,0.08970883534136546,0.020582329317269075,5.295431726907631,1.3032581453634084,0.013241379310344827,0.9406927180129975,7.018975903614458,3.5718875502008034
QI-MRFO S=1.0,n50 m10 bimodal high,50,10,2,20000,27.908524993344948,27.908524993344948,16.290810438331963,25.10693322506205,0.11158637907581295,9.688785791397095,19950,0.14302208835341365,0.18780120481927712,0.02359437751004016,5.358634538152611,1.3533834586466165,0.012,0.9463566880613887,7.062349397590362,3.6549196787148595
QI-MRFO S=1.0,n50 m10 bimodal high,50,10,3,20000,26.36799617011701,26.36799617011701,15.818116231877775,25.10693322506205,0.05022767750049819,14.042786598205566,19950,0.12786144578313252,0.1606425702811245,0.02901606425702811,5.548744979919679,1.8045112781954886,0.015586206896551724,0.9453852193064122,7.390461847389558,3.707028112449799
QI-MRFO S=1.0,n50 m10 bimodal high,50,10,4,20000,27.05759537385895,27.05759537385895,16.04409626574127,25.10693322506205,0.07769416245747301,12.601625919342041,19950,0.11360441767068273,0.20828313253012049,0.030120481927710843,5.678915662650603,1.9047619047619047,0.020367816091954025,0.9472998858550533,7.555622489959839,3.8022088353413657
QI-MRFO S=1.0,n50 m10 bimodal high,50,10,5,20000,27.908524993344948,27.908524993344948,16.438594004379375,25.10693322506205,0.11158637907581295,9.633941888809204,19950,0.15471887550200802,0.1305722891566265,0.026656626506024097,5.1546686746987955,1.5037593984962405,0.009287356321839082,0.9529746389204897,6.919176706827309,3.3901606425702813
QI-MRFO S=1.0,n50 m10 bimodal high,50,10,6,20000,31.21094013151547,31.21094013151547,17.45214866694017,25.10693322506205,0.2431203704465317,11.317821979522705,19950,0.12314257028112449,0.2599899598393574,0.00858433734939759,5.810090361445783,0.45112781954887216,0.033195402298850575,0.9393240398130793,7.366064257028112,4.254116465863453
QI-MRFO S=1.0,n50 m10 bimodal high,50,10,7,20000,27.60550768949869,27.60550768949869,16.23995489664419,25.10693322506205,0.09951731029987096,13.68143081665039,19950,0.11817269076305222,0.172289156626506,0.01927710843373494,5.6018574297188755,1.2531328320802004,0.021379310344827585,0.940791314164899,7.325903614457832,3.87781124497992
QI-MRFO S=1.0,n50 m10 bimodal high,50,10,8,20000,25.597309524314653,25.597309524314653,15.542499454579147,25.10693322506205,0.019531509279002778,11.894865274429321,19950,0.1625,0.045130522088353414,0.03423694779116466,5.081124497991968,1.8045112781954886,0.002620689655172414,0.9501087278093717,6.831626506024096,3.3306224899598393
QI-MRFO S=1.0,n50 m10 bimodal high,50,10,9,20000,30.429186698683818,30.429186698683818,17.245321969614043,25.10693322506205,0.21198341613100832,11.995203971862793,19950,0.07259036144578314,0.3825803212851406,0.019779116465863455,6.117018072289157,1.1027568922305764,0.04777011494252873,0.9476040359248337,7.875602409638554,4.358433734939759
QI-MRFO S=1.0,n50 m10 bimodal high,50,10,10,20000,30.21780345970894,30.21780345970894,17.15998411288187,25.10693322506205,0.20356409876237513,11.21746277809143,19950,0.08765060240963855,0.2667168674698795,0.028112449799196786,6.0947289156626505,2.1052631578947367,0.03779310344827586,0.9423600187838718,7.905020080321285,4.284437751004016
QI-MRFO S=1.0,n50 m10 bimodal high,50,10,11,20000,28.36906024776471,28.36906024776471,16.44354504555495,25.10693322506205,0.12992933041484991,12.13856053352356,19950,0.12213855421686746,0.2479417670682731,0.022439759036144577,5.5927710843373495,1.4536340852130325,0.023770114942528738,0.9453375636195684,7.2730923694779115,3.912449799196787
QI-MRFO S=1.0,n50 m10 bimodal high,50,10,12,20000,27.005482524600794,27.005482524600794,16.013927895429063,25.10693322506205,0.07561852666432346,9.903594017028809,19950,0.12891566265060242,0.15612449799196787,0.01706827309236948,5.320933734939759,1.0025062656641603,0.014114942528735632,0.9452355423611889,7.015763052208835,3.6261044176706827
QI-MRFO S=1.0,n50 m10 bimodal high,50,10,13,20000,31.872873820068676,31.872873820068676,17.735782651646424,25.10693322506205,0.2694849480163822,16.017354011535645,19950,0.04407630522088354,0.4179718875502008,0.007329317269076306,6.853965863453816,0.5012531328320802,0.06326436781609196,0.912021121835548,8.411746987951807,5.296184738955823
QI-MRFO S=1.0,n50 m10 bimodal high,50,10,14,20000,29.98325338282059,29.98325338282059,17.03829198301478,25.10693322506205,0.1942220546829246,11.581799507141113,19950,0.10055220883534137,0.3178714859437751,0.024447791164658634,5.767469879518072,1.5538847117794485,0.03144827586206897,0.9495849038012965,7.467670682730923,4.067269076305221
QI-MRFO S=1.0,n50 m10 bimodal high,50,10,15,20000,30.21780345970894,30.21780345970894,17.097357171374416,25.10693322506205,0.20356409876237513,12.783004522323608,19950,0.07093373493975903,0.29859437751004014,0.01034136546184739,6.342068273092369,0.7017543859649122,0.04418390804597701,0.9241536467637765,7.9449799196787145,4.739156626506024
QI-MRFO S=1.0,n50 m10 bimodal high,50,10,16,20000,28.36906024776471,28.36906024776471,16.479027453189328,25.10693322506205,0.12992933041484991,12.009258508682251,19950,0.12414658634538153,0.2075301204819277,0.01902610441767068,5.623644578313253,1.2531328320802004,0.025885057471264367,0.9443194763703406,7.3844377510040164,3.86285140562249
QI-MRFO S=1.0,n50 m10 bimodal high,50,10,17,20000,27.908524993344948,27.908524993344948,16.200664485321358,25.10693322506205,0.11158637907581295,12.264237403869629,19950,0.13192771084337349,0.20943775100401607,0.018674698795180723,5.202259036144579,1.3032581453634084,0.014620689655172414,0.9458213997566808,6.767771084337349,3.636746987951807
QI-MRFO S=1.0,n50 m10 bimodal high,50,10,18,20000,28.328654103534788,28.328654103534788,16.518598040694656,25.10693322506205,0.12831996841640445,15.800840377807617,19950,0.08468875502008032,0.2876506024096386,0.016214859437751004,5.8616465863453815,0.7017543859649122,0.03696551724137931,0.9456044588987378,7.598192771084338,4.125100401606426
QI-MRFO S=1.0,n50 m10 bimodal high,50,10,19,20000,29.758118635547262,29.758118635547262,17.089546747913168,25.10693322506205,0.18525501975057396,12.426280498504639,19950,0.11581325301204819,0.2713855421686747,0.008383534136546186,5.623192771084337,0.2506265664160401,0.02754022988505747,0.9413655738491052,7.115160642570281,4.131224899598394
QI-MRFO S=1.0,n50 m10 bimodal high,50,10,20,20000,30.51925643813304,30.51925643813304,17.35193475288754,25.10693322506205,0.21557086102687933,11.690155982971191,19950,0.10296184738955823,0.27259036144578314,0.018122489959839356,5.7607429718875505,1.0025062656641603,0.0272183908045977,0.940706532085654,7.409538152610442,4.111947791164659
QI-MRFO S=1.0,n50 m10 bimodal high,50,10,21,20000,27.908524993344948,27.908524993344948,16.453576471821982,25.10693322506205,0.11158637907581295,17.116811752319336,19950,0.11997991967871485,0.19377510040160642,0.025652610441767067,5.450451807228916,1.4536340852130325,0.02147126436781609,0.9437451831710801,7.168373493975904,3.7325301204819277
QI-MRFO S=1.0,n50 m10 bimodal high,50,10,22,20000,26.37987249916972,26.37987249916972,15.805258468246208,25.10693322506205,0.05070070735827692,13.338014602661133,19950,0.15451807228915662,0.06726907630522089,0.03890562248995984,5.480471887550201,2.706766917293233,0.006482758620689655,0.9409242381962294,7.3421686746987955,3.6187751004016064
QI-MRFO S=1.0,n50 m10 bimodal high,50,10,23,20000,29.758118635547262,29.758118635547262,17.122805750428697,25.10693322506205,0.18525501975057396,18.23907780647278,19950,0.07595381526104418,0.27018072289156625,0.021686746987951807,6.110692771084337,1.3032581453634084,0.04225287356321839,0.9382030261004839,7.8434738955823295,4.3779116465863455
QI-MRFO S=1.0,n50 m10 bimodal high,50,10,24,20000,28.328654103534788,28.328654103534788,16.62861176578977,25.10693322506205,0.12831996841640445,13.368199110031128,19950,0.14071285140562248,0.1755020080321285,0.01882530120481928,5.513805220883534,1.0526315789473684,0.019632183908045976,0.9495963553495179,7.145783132530121,3.881827309236948
QI-MRFO S=1.0,n50 m10 bimodal high,50,10,25,20000,27.908524993344948,27.908524993344948,16.479854434277623,25.10693322506205,0.11158637907581295,10.923222541809082,19950,0.11044176706827309,0.17670682730923695,0.018524096385542168,5.632881526104418,1.3032581453634084,0.024873563218390803,0.9457352416880611,7.277510040160642,3.988253012048193
QI-MRFO S=1.0,n50 m10 bimodal high,50,10,26,20000,27.06024893394277,27.06024893394277,16.037919406761926,25.10693322506205,0.07779985278850766,11.809825420379639,19950,0.17740963855421688,0.08669678714859438,0.025,5.3681726907630525,1.9548872180451127,0.011908045977011495,0.9499657365734715,7.232931726907631,3.5034136546184738
QI-MRFO S=1.0,n50 m10 bimodal high,50,10,27,20000,26.71301190996199,26.71301190996199,15.868275360235963,25.10693322506205,0.06396952867571776,16.277053833007812,19950,0.1358433734939759,0.17394578313253012,0.024347389558232933,5.5341867469879515,1.6040100250626566,0.005333333333333333,0.9535094060143602,7.763755020080321,3.3046184738955824
QI-MRFO S=1.0,n50 m10 bimodal high,50,10,28,20000,30.51925643813304,30.51925643813304,17.41108996393072,25.10693322506205,0.21557086102687933,10.569717645645142,19950,0.11882530120481928,0.24106425702811246,0.014056224899598393,5.516315261044177,0.9022556390977443,0.026390804597701146,0.9466403148042849,7.002008032128514,4.030622489959839
QI-MRFO S=1.0,n50 m10 bimodal high,50,10,29,20000,26.096322168666003,26.096322168666003,15.702519650686773,25.10693322506205,0.039407001035727134,12.828930377960205,19950,0.16139558232931728,0.08780120481927711,0.032329317269076306,5.0964859437751,1.8045112781954886,0.009333333333333334,0.9531873369608145,6.8590361445783135,3.3339357429718874
QI-MRFO S=3.0,n50 m10 bimodal high,50,10,0,20000,29.894998171300283,29.894998171300283,17.04061537210024,25.10693322506205,0.19070688177314812,11.058883428573608,19950,0.07349397590361446,0.22685742971887551,0.017720883534136547,8.254166666666666,1.1027568922305764,0.026482758620689655,0.9481094828455823,9.786546184738956,6.721787148594378
QI-MRFO S=3.0,n50 m10 bimodal high,50,10,1,20000,29.758118635547262,29.758118635547262,17.034688355687734,25.10693322506205,0.18525501975057396,12.805065155029297,19950,0.05727911646586346,0.25346385542168676,0.009688755020080321,8.236947791164658,1.0526315789473684,0.03255172413793103,0.9347859275976909,9.871084337349398,6.60281124497992
QI-MRFO S=3.0,n50 m10 bimodal high,50,10,2,20000,30.415939782326966,30.415939782326966,17.185285731372357,25.10693322506205,0.21145579628042344,12.521446943283081,19950,0.09738955823293173,0.22761044176706827,0.017720883534136547,7.8069277108433734,1.5037593984962405,0.022252873563218388,0.9439078242098126,9.44277108433735,6.171084337349398
QI-MRFO S=3.0,n50 m10 bimodal high,50,10,3,20000,26.914061026553256,26.914061026553256,15.970815660054784,25.10693322506205,0.07197724171613712,17.056018829345703,19950,0.06887550200803212,0.17309236947791165,0.017720883534136547,7.934487951807229,1.3533834586466165,0.027126436781609194,0.9446061109730819,9.676104417670683,6.192871485943775
QI-MRFO S=3.0,n50 m10 bimodal high,50,10,4,20000,27.06024893394277,27.06024893394277,16.01116020321158,25.10693322506205,0.07779985278850766,20.318509101867676,19950,0.11541164658634538,0.09096385542168675,0.023644578313253013,7.726957831325302,1.7042606516290726,0.014666666666666666,0.9467324613117191,9.453212851405622,6.00070281124498
QI-MRFO S=3.0,n50 m10 bimodal high,50,10,5,20000,29.996545296212137,29.996545296212137,17.166963300439033,25.10693322506205,0.19475146674900204,19.20888352394104,19950,0.08755020080321285,0.20085341365461848,0.02223895582329317,8.107630522088353,1.5037593984962405,0.03806896551724138,0.9468989833875878,9.616867469879518,6.598393574297189
QI-MRFO S=3.0,n50 m10 bimodal high,50,10,6,20000,26.676147024534373,26.676147024534373,15.851674573418011,25.10693322506205,0.06250121372473776,15.542094707489014,19950,0.0696285140562249,0.20828313253012049,0.019779116465863455,8.026154618473896,1.7042606516290726,0.029885057471264367,0.9504486709747696,9.814859437751004,6.237449799196787
QI-MRFO S=3.0,n50 m10 bimodal high,50,10,7,20000,27.05759537385895,27.05759537385895,15.920958869368704,25.10693322506205,0.07769416245747301,13.098520278930664,19950,0.0911144578313253,0.16435742971887551,0.032228915662650605,8.072439759036145,2.255639097744361,0.021195402298850575,0.9455526396532211,9.898092369477911,6.246787148594377
QI-MRFO S=3.0,n50 m10 bimodal high,50,10,8,20000,25.597309524314653,25.597309524314653,15.554300416130681,25.10693322506205,0.019531509279002778,12.63985538482666,19950,0.12464859437751004,0.04643574297188755,0.03132530120481928,7.548795180722892,1.8045112781954886,0.007908045977011495,0.9462134727688182,9.387048192771084,5.710542168674698
QI-MRFO S=3.0,n50 m10 bimodal high,50,10,9,20000,25.27162097852934,25.27162097852934,15.432206162814436,25.10693322506205,0.006559453199281929,16.61523675918579,19950,0.12379518072289157,0.05150602409638554,0.04533132530120482,7.740261044176707,2.756892230576441,0.0,0.956182197635162,9.789658634538153,5.690863453815261
QI-MRFO S=3.0,n50 m10 bimodal high,50,10,10,20000,27.06024893394277,27.06024893394277,16.097138980338148,25.10693322506205,0.07779985278850766,12.865521907806396,19950,0.13920682730923695,0.10773092369477912,0.020632530120481926,7.384789156626506,1.6040100250626566,0.008,0.9523202631321659,9.176606425702811,5.592971887550201
QI-MRFO S=3.0,n50 m10 bimodal high,50,10,11,20000,25.597309524314653,25.597309524314653,15.559063175316023,25.10693322506205,0.019531509279002778,14.36653184890747,19950,0.13483935742971886,0.04904618473895583,0.03127510040160643,7.755070281124498,2.155388471177945,0.006666666666666666,0.9421946306980666,9.52078313253012,5.989357429718876
QI-MRFO S=3.0,n50 m10 bimodal high,50,10,12,20000,27.05759537385895,27.05759537385895,16.03903716176301,25.10693322506205,0.07769416245747301,19.11496877670288,19950,0.08885542168674698,0.13855421686746988,0.023092369477911646,7.859588353413654,1.2531328320802004,0.02009195402298851,0.9476741431731288,9.705421686746988,6.013755020080321
QI-MRFO S=3.0,n50 m10 bimodal high,50,10,13,20000,30.11550731086301,30.11550731086301,17.14895056519486,25.10693322506205,0.19948968043621265,14.4796462059021,19950,0.06912650602409638,0.24924698795180722,0.012399598393574298,8.444779116465863,1.2030075187969924,0.03963218390804597,0.9352081262111432,10.05371485943775,6.835843373493976
QI-MRFO S=3.0,n50 m10 bimodal high,50,10,14,20000,27.908524993344948,27.908524993344948,16.39247885002682,25.10693322506205,0.11158637907581295,16.65254306793213,19950,0.12605421686746987,0.13493975903614458,0.020883534136546186,7.712299196787149,1.3032581453634084,0.013241379310344827,0.946974737534606,9.459939759036144,5.964658634538153
QI-MRFO S=3.0,n50 m10 bimodal high,50,10,15,20000,31.85958190667713,31.85958190667713,17.479009849470177,25.10693322506205,0.2689555359503048,15.60680890083313,19950,0.0896586345381526,0.26862449799196786,0.014206827309236949,8.161947791164659,0.7017543859649122,0.04202298850574713,0.9292050443336358,9.323192771084337,7.00070281124498
QI-MRFO S=3.0,n50 m10 bimodal high,50,10,16,20000,26.70402954617669,26.70402954617669,15.988520754462913,25.10693322506205,0.06361176439981925,14.042006254196167,19950,0.10396586345381525,0.08709839357429719,0.03278112449799197,7.721787148594378,1.8045112781954886,0.014298850574712642,0.9442143809010225,9.452409638554217,5.991164658634538
QI-MRFO S=3.0,n50 m10 bimodal high,50,10,17,20000,27.908524993344948,27.908524993344948,16.40186289639112,25.10693322506205,0.11158637907581295,17.2545485496521,19950,0.1108433734939759,0.1322289156626506,0.017419678714859436,7.641465863453815,1.3533834586466165,0.021149425287356322,0.9492861121051117,9.228313253012049,6.054618473895582
QI-MRFO S=3.0,n50 m10 bimodal high,50,10,18,20000,26.6136285550893,26.6136285550893,15.733416537539433,25.10693322506205,0.06001112587192636,12.685324668884277,19950,0.0893574297188755,0.13413654618473897,0.029819277108433736,7.899698795180723,1.6541353383458646,0.021057471264367814,0.9486202231323141,9.868273092369478,5.931124497991968
QI-MRFO S=3.0,n50 m10 bimodal high,50,10,19,20000,29.758118635547262,29.758118635547262,17.098823113543958,25.10693322506205,0.18525501975057396,17.11820960044861,19950,0.07093373493975903,0.2583835341365462,0.005220883534136547,8.981626506024096,0.20050125313283207,0.053609195402298845,0.9170469866593572,10.407429718875502,7.555823293172691
QI-MRFO S=3.0,n50 m10 bimodal high,50,10,20,20000,31.21094013151547,31.21094013151547,17.31210285876048,25.10693322506205,0.2431203704465317,15.714933156967163,19950,0.07670682730923695,0.2684236947791165,0.01631526104417671,8.177610441767069,0.9523809523809523,0.06211494252873563,0.91915322356103,9.37710843373494,6.978112449799196
QI-MRFO S=3.0,n50 m10 bimodal high,50,10,21,20000,27.619094490795767,27.619094490795767,16.232871443762704,25.10693322506205,0.10005846764375213,12.76630187034607,19950,0.04442771084337349,0.2418172690763052,0.02108433734939759,8.826305220883533,1.3032581453634084,0.058850574712643676,0.9255376345891887,10.306124497991968,7.3464859437751
QI-MRFO S=3.0,n50 m10 bimodal high,50,10,22,20000,25.707545974255517,25.707545974255517,15.575609616777896,25.10693322506205,0.02392218690389184,12.844783544540405,19950,0.12710843373493977,0.06887550200803212,0.03810240963855422,7.774046184738956,2.857142857142857,0.005333333333333333,0.9502950612626504,9.974497991967871,5.57359437751004
QI-MRFO S=3.0,n50 m10 bimodal high,50,10,23,20000,31.226684755215157,31.226684755215157,17.501542291108986,25.10693322506205,0.24374747307027905,12.850287437438965,19950,0.07048192771084337,0.27269076305220885,0.01651606425702811,8.434387550200803,1.1027568922305764,0.043264367816091956,0.9340237186556544,10.107530120481927,6.761244979919678
QI-MRFO S=3.0,n50 m10 bimodal high,50,10,24,20000,28.328654103534788,28.328654103534788,16.51363501851932,25.10693322506205,0.12831996841640445,17.25257658958435,19950,0.11877510040160642,0.13514056224899598,0.014859437751004016,7.536546184738956,1.1027568922305764,0.013333333333333332,0.9486437104312039,9.100100401606426,5.972991967871486
QI-MRFO S=3.0,n50 m10 bimodal high,50,10,25,20000,29.996545296212137,29.996545296212137,17.162644673625614,25.10693322506205,0.19475146674900204,16.020437717437744,19950,0.10150602409638554,0.15512048192771086,0.018323293172690762,7.849196787148594,1.2030075187969924,0.02239080459770115,0.9481949740376733,9.415060240963856,6.283333333333333
QI-MRFO S=3.0,n50 m10 bimodal high,50,10,26,20000,28.36906024776471,28.36906024776471,16.543344261283437,25.10693322506205,0.12992933041484991,14.385434865951538,19950,0.08559236947791164,0.2036144578313253,0.02354417670682731,8.2554718875502,1.7543859649122806,0.019908045977011495,0.9482718359234962,10.138353413654619,6.372590361445783
QI-MRFO S=3.0,n50 m10 bimodal high,50,10,27,20000,26.676147024534373,26.676147024534373,15.888306147906437,25.10693322506205,0.06250121372473776,14.868720531463623,19950,0.10271084337349398,0.1493975903614458,0.02710843373493976,7.863704819277109,1.6040100250626566,0.01972413793103448,0.9360170486060493,9.372489959839358,6.354919678714859
QI-MRFO S=3.0,n50 m10 bimodal high,50,10,28,20000,29.98325338282059,29.98325338282059,17.10220317435245,25.10693322506205,0.1942220546829246,13.1850745677948,19950,0.09141566265060241,0.20803212851405622,0.020431726907630524,7.799347389558233,1.2531328320802004,0.03245977011494253,0.9429925070787457,9.13152610441767,6.4671686746987955
QI-MRFO S=3.0,n50 m10 bimodal high,50,10,29,20000,27.60550768949869,27.60550768949869,16.295068765546294,25.10693322506205,0.09951731029987096,13.301743030548096,19950,0.12444779116465864,0.13247991967871486,0.026606425702811246,7.343724899598394,1.7543859649122806,0.009287356321839082,0.9582154918017453,9.217469879518072,5.469979919678715
QI-MRFO c=0.0,n100 m10 uniform high,100,10,0,20000,51.95919647265591,51.95919647265591,30.217614743891325,47.06057394079924,0.10409185697605369,11.872721433639526,19950,0.6818775100401606,0.016616465863453816,0.02143574297188755,6.76741967871486,1.1528822055137844,0.0,0.9967613118796949,10.226305220883534,3.308534136546185
QI-MRFO c=0.0,n100 m10 uniform high,100,10,1,20000,59.454912069264545,59.454912069264545,33.675147114978664,47.06057394079924,0.26336988885977053,11.474029064178467,19950,0.6907630522088354,0.026004016064257028,0.02248995983935743,6.6403112449799195,1.0526315789473684,0.0,0.9964754399425134,10.207831325301205,3.0727911646586343
QI-MRFO c=0.0,n100 m10 uniform high,100,10,2,20000,54.49655365494411,54.49655365494411,31.584441082856557,47.06057394079924,0.15800869159605035,10.738276720046997,19950,0.644277108433735,0.07710843373493977,0.01822289156626506,6.834236947791164,1.1528822055137844,0.0,0.9971233370884722,10.226104417670683,3.4423694779116465
QI-MRFO c=0.0,n100 m10 uniform high,100,10,3,20000,54.04161626209135,54.04161626209135,31.282040999773894,47.06057394079924,0.14834163157623306,18.769563674926758,19950,0.5447791164658634,0.1356425702811245,0.02384538152610442,6.9325803212851405,1.2030075187969924,0.0045287356321839075,0.9925463484530986,10.433534136546184,3.4316265060240965
QI-MRFO c=0.0,n100 m10 uniform high,100,10,4,20000,49.67352730681876,49.67352730681876,29.32164368869658,47.06057394079924,0.055523193773763586,15.235225439071655,19950,0.5990461847389559,0.08920682730923694,0.03162650602409638,7.372339357429719,1.7543859649122806,0.0,0.9970017325739781,11.375401606425703,3.3692771084337347
QI-MRFO c=0.0,n100 m10 uniform high,100,10,5,20000,52.777711561798554,52.777711561798554,30.896333867492054,47.06057394079924,0.12148465567358574,19.979066371917725,19950,0.701004016064257,0.006124497991967871,0.01967871485943775,6.603765060240963,1.2030075187969924,0.0,0.9968371214649916,10.214156626506025,2.993373493975904
QI-MRFO c=0.0,n100 m10 uniform high,100,10,6,20000,53.010603338615496,53.010603338615496,30.893622524811306,47.06057394079924,0.12643342185544132,16.31689190864563,19950,0.6440261044176707,0.07374497991967871,0.02474899598393574,6.753212851405623,1.2030075187969924,0.0,0.9958168400860442,10.234839357429719,3.271586345381526
QI-MRFO c=0.0,n100 m10 uniform high,100,10,7,20000,49.399426638995436,49.399426638995436,29.34772852305364,47.06057394079924,0.049698771229148286,15.699721813201904,19950,0.6488453815261044,0.029819277108433736,0.03318273092369478,6.930773092369478,1.8045112781954886,0.0,0.9961157411586126,10.50652610441767,3.3550200803212853
QI-MRFO c=0.0,n100 m10 uniform high,100,10,8,20000,52.408864850715844,52.408864850715844,30.707388091334213,47.06057394079924,0.11364695459610401,13.011489152908325,19950,0.5198795180722892,0.16817269076305222,0.03242971887550201,7.115461847389558,1.8045112781954886,0.0013333333333333333,0.9960749100599843,10.468875502008032,3.7620481927710845
QI-MRFO c=0.0,n100 m10 uniform high,100,10,9,20000,51.449351062990736,51.449351062990736,30.35126946754016,47.06057394079924,0.09325804499776068,12.858230590820312,19950,0.4900100401606426,0.17424698795180724,0.03584337349397591,7.129066265060241,1.4536340852130325,0.007586206896551723,0.9897462364341296,10.591867469879517,3.666265060240964
QI-MRFO c=0.0,n100 m10 uniform high,100,10,10,20000,56.90014678950207,56.90014678950207,32.54200015569162,47.06057394079924,0.20908314592764446,11.144129037857056,19950,0.6460341365461847,0.059839357429718874,0.026154618473895584,6.630773092369478,1.3032581453634084,0.0,0.9964056738137601,10.112751004016065,3.1487951807228916
QI-MRFO c=0.0,n100 m10 uniform high,100,10,11,20000,50.77174699717787,50.77174699717787,29.973777633319717,47.06057394079924,0.07885949417121806,10.739750385284424,19950,0.6164156626506024,0.08463855421686747,0.03313253012048193,6.872339357429719,1.2030075187969924,0.0028735632183908046,0.995059073198205,10.40140562248996,3.343273092369478
QI-MRFO c=0.0,n100 m10 uniform high,100,10,12,20000,52.77132450479237,52.77132450479237,30.657076642840305,47.06057394079924,0.121348935760475,10.565791845321655,19950,0.6237951807228915,0.05070281124497992,0.030973895582329318,7.063755020080321,1.4536340852130325,0.0006666666666666666,0.9930703282972764,10.448594377510041,3.6789156626506023
QI-MRFO c=0.0,n100 m10 uniform high,100,10,13,20000,55.647879197105176,55.647879197105176,31.7974642944965,47.06057394079924,0.18247344936992282,12.550589561462402,19950,0.6340361445783133,0.05135542168674699,0.026656626506024097,7.0127510040160645,1.3533834586466165,0.0,0.9960723338994198,10.69929718875502,3.3262048192771085
QI-MRFO c=0.0,n100 m10 uniform high,100,10,14,20000,51.64087371990209,51.64087371990209,30.285383548028083,47.06057394079924,0.0973277500793919,11.867601871490479,19950,0.6308232931726908,0.048644578313253015,0.027459839357429718,7.006275100401607,1.3032581453634084,0.002620689655172414,0.9945578578697926,10.338152610441767,3.674397590361446
QI-MRFO c=0.0,n100 m10 uniform high,100,10,15,20000,52.49777062619433,52.49777062619433,30.721480533845714,47.06057394079924,0.11553613205471996,11.863298892974854,19950,0.5630020080321285,0.12354417670682731,0.0376004016064257,6.902158634538153,1.7042606516290726,0.0,0.9955850348817613,10.295983935742973,3.5083333333333333
QI-MRFO c=0.0,n100 m10 uniform high,100,10,16,20000,55.630399900981246,55.630399900981246,32.0726537789762,47.06057394079924,0.18210202814276313,10.713645219802856,19950,0.6569277108433735,0.04231927710843374,0.025502008032128515,6.908835341365462,1.3032581453634084,0.0006666666666666666,0.9954245776426618,10.386044176706827,3.4316265060240965
QI-MRFO c=0.0,n100 m10 uniform high,100,10,17,20000,58.15074761510437,58.15074761510437,33.00727749110976,47.06057394079924,0.23565742500837822,13.892157793045044,19950,0.6453313253012049,0.06360441767068273,0.018674698795180723,6.705873493975903,0.8521303258145363,0.0013333333333333333,0.9957829391518968,9.977208835341365,3.434538152610442
QI-MRFO c=0.0,n100 m10 uniform high,100,10,18,20000,54.619651721038394,54.619651721038394,31.340658840845908,47.06057394079924,0.16062442820498207,12.101081848144531,19950,0.5866465863453815,0.11350401606425703,0.0196285140562249,6.924548192771084,0.8521303258145363,0.0028735632183908046,0.9931329992268758,10.350401606425702,3.498694779116466
QI-MRFO c=0.0,n100 m10 uniform high,100,10,19,20000,48.69854655291634,48.69854655291634,29.015852365116356,47.06057394079924,0.03480562336909921,12.265462875366211,19950,0.66179718875502,0.045230923694779115,0.02791164658634538,6.642921686746988,1.4035087719298245,0.0,0.9965868434157055,10.201907630522088,3.0839357429718874
QI-MRFO c=0.0,n100 m10 uniform high,100,10,20,20000,49.45996700184328,49.45996700184328,29.189999195710993,47.06057394079924,0.05098520608912266,19.328078269958496,19950,0.6510542168674699,0.048744979919678716,0.02821285140562249,6.730923694779117,1.4035087719298245,0.0,0.996964461589857,10.347791164658634,3.114056224899598
QI-MRFO c=0.0,n100 m10 uniform high,100,10,21,20000,56.03578803263326,56.03578803263326,32.19259931573316,47.06057394079924,0.1907162055253421,19.449375867843628,19950,0.6621485943775101,0.019176706827309237,0.01967871485943775,6.619678714859438,0.8521303258145363,0.0,0.9944835088607071,10.04769076305221,3.191666666666667
QI-MRFO c=0.0,n100 m10 uniform high,100,10,22,20000,50.001853069154066,50.001853069154066,29.81021014985235,47.06057394079924,0.06249985671774568,12.37683653831482,19950,0.5625,0.12093373493975904,0.03127510040160643,7.301556224899598,1.8546365914786966,0.0006666666666666666,0.9960805779357643,11.093373493975903,3.509738955823293
QI-MRFO c=0.0,n100 m10 uniform high,100,10,23,20000,51.79211349626652,51.79211349626652,30.507365692769124,47.06057394079924,0.10054147578861698,13.638074159622192,19950,0.6647590361445783,0.030873493975903613,0.025903614457831327,6.721084337349398,1.3032581453634084,0.0,0.9968247785351854,10.357429718875501,3.084738955823293
QI-MRFO c=0.0,n100 m10 uniform high,100,10,24,20000,49.49099072731693,49.49099072731693,29.532658410954287,47.06057394079924,0.0516444357345722,12.539734840393066,19950,0.6692771084337349,0.017670682730923693,0.01882530120481928,6.81882530120482,1.2531328320802004,0.0,0.9948034092403475,10.45933734939759,3.1783132530120484
QI-MRFO c=0.0,n100 m10 uniform high,100,10,25,20000,55.220042406151016,55.220042406151016,31.704478323641492,47.06057394079924,0.17338225572038582,12.424382209777832,19950,0.5650602409638554,0.12093373493975904,0.02705823293172691,7.095180722891566,1.3533834586466165,0.003977011494252874,0.9945632720667433,10.672791164658635,3.517570281124498
QI-MRFO c=0.0,n100 m10 uniform high,100,10,26,20000,50.05546750862578,50.05546750862578,29.783673331472915,47.06057394079924,0.06363912118016302,16.867305755615234,19950,0.5846385542168675,0.08062248995983935,0.030120481927710843,7.137198795180723,1.2030075187969924,0.0,0.9961910501666283,10.999096385542169,3.275301204819277
QI-MRFO c=0.0,n100 m10 uniform high,100,10,27,20000,58.23637745593405,58.23637745593405,32.9920080938711,47.06057394079924,0.23747699144497533,20.348339557647705,19950,0.6103413654618474,0.08147590361445783,0.03509036144578313,6.6480923694779115,1.4536340852130325,0.0047816091954022985,0.9898920701661814,9.809939759036144,3.486244979919679
QI-MRFO c=0.0,n100 m10 uniform high,100,10,28,20000,60.86188902857919,60.86188902857919,34.14645728615225,47.06057394079924,0.2932670371836431,14.245379447937012,19950,0.5908634538152611,0.0980421686746988,0.030120481927710843,7.079969879518072,1.6040100250626566,0.007264367816091954,0.989886017044271,10.5820281124498,3.577911646586345
QI-MRFO c=0.0,n100 m10 uniform high,100,10,29,20000,49.85465274189974,49.85465274189974,29.639726764485896,47.06057394079924,0.05937196610936725,13.229973554611206,19950,0.6429718875502008,0.04628514056224899,0.02776104417670683,6.787700803212851,1.5037593984962405,0.0006666666666666666,0.9950336892299371,10.17710843373494,3.3982931726907633
QI-MRFO c=0.25,n100 m10 uniform high,100,10,0,20000,47.70679435856068,47.70679435856068,28.89049025654409,47.06057394079924,0.01373167311079475,26.078662633895874,19950,0.4350903614457831,0.020230923694779118,0.05923694779116466,7.994979919678715,2.807017543859649,0.0,0.9913000604785299,11.518072289156626,4.471887550200803
QI-MRFO c=0.25,n100 m10 uniform high,100,10,1,20000,47.53321684417716,47.53321684417716,28.804485826564957,47.06057394079924,0.010043288124205504,18.98974323272705,19950,0.41807228915662653,0.023493975903614458,0.055220883534136546,8.151506024096385,2.556390977443609,0.0,0.9871595038774148,11.677911646586345,4.625100401606426
QI-MRFO c=0.25,n100 m10 uniform high,100,10,2,20000,47.770815145552405,47.770815145552405,28.88478383230631,47.06057394079924,0.01509206423293156,20.2858567237854,19950,0.4378012048192771,0.03674698795180723,0.036947791164658635,7.956827309236948,1.8546365914786966,0.0006666666666666666,0.9909377281971178,11.19769076305221,4.715963855421687
QI-MRFO c=0.25,n100 m10 uniform high,100,10,3,20000,47.83804876967044,47.83804876967044,28.85201670555409,47.06057394079924,0.016520725604605793,16.458158493041992,19950,0.4411144578313253,0.024397590361445783,0.053614457831325305,7.964307228915662,2.406015037593985,0.0,0.9912137175840368,11.498293172690763,4.430321285140562
QI-MRFO c=0.25,n100 m10 uniform high,100,10,4,20000,47.55211276017221,47.55211276017221,28.827589013546437,47.06057394079924,0.01044481140394315,17.90511727333069,19950,0.42766064257028114,0.02650602409638554,0.04533132530120482,8.266867469879518,2.155388471177945,0.0,0.9887710662413294,11.711345381526105,4.822389558232932
QI-MRFO c=0.25,n100 m10 uniform high,100,10,5,20000,47.66996836423493,47.66996836423493,28.904919028598634,47.06057394079924,0.012949149838297657,17.318771839141846,19950,0.41681726907630523,0.03744979919678715,0.05788152610441767,8.27078313253012,2.556390977443609,0.0,0.9901728186364765,11.88152610441767,4.66004016064257
QI-MRFO c=0.25,n100 m10 uniform high,100,10,6,20000,47.69349649748704,47.69349649748704,28.824924785793964,47.06057394079924,0.013449104073486215,16.018022060394287,19950,0.4583835341365462,0.020080321285140562,0.03810240963855422,7.989006024096385,1.8546365914786966,0.0,0.9915499770079179,11.375,4.603012048192771
QI-MRFO c=0.25,n100 m10 uniform high,100,10,7,20000,47.855343995617915,47.855343995617915,28.87050168193162,47.06057394079924,0.016888235486003076,17.874769926071167,19950,0.4602409638554217,0.011646586345381526,0.02901606425702811,8.11726907630522,1.8546365914786966,0.0,0.9908211072779628,11.58082329317269,4.653714859437751
QI-MRFO c=0.25,n100 m10 uniform high,100,10,8,20000,48.0810978262901,48.0810978262901,28.927181638658535,47.06057394079924,0.02168532595404909,20.59237051010132,19950,0.47680722891566263,0.01887550200803213,0.026957831325301204,7.859236947791165,1.4536340852130325,0.0,0.9922108446999819,11.123192771084337,4.595281124497992
QI-MRFO c=0.25,n100 m10 uniform high,100,10,9,20000,48.32644648683086,48.32644648683086,28.968572903688464,47.06057394079924,0.026898791069230314,14.583391427993774,19950,0.4579317269076305,0.03288152610441767,0.02464859437751004,7.962700803212852,1.3533834586466165,0.0006666666666666666,0.99074742240145,11.590461847389559,4.3349397590361445
QI-MRFO c=0.25,n100 m10 uniform high,100,10,10,20000,48.35336531640253,48.35336531640253,29.1128068966745,47.06057394079924,0.027470794921234613,24.71349287033081,19950,0.4559738955823293,0.03810240963855422,0.03684738955823293,7.784136546184739,2.055137844611529,0.0,0.9922056088165614,11.189357429718875,4.378915662650602
QI-MRFO c=0.25,n100 m10 uniform high,100,10,11,20000,47.84249095501376,47.84249095501376,28.881144010542318,47.06057394079924,0.016615118532089065,15.838406085968018,19950,0.42043172690763053,0.035391566265060244,0.06234939759036145,8.174698795180722,2.9573934837092732,0.0013333333333333333,0.9898301941833877,11.757530120481928,4.591867469879518
QI-MRFO c=0.25,n100 m10 uniform high,100,10,12,20000,47.33319385028745,47.33319385028745,28.76711879856501,47.06057394079924,0.005792957600371828,17.5647132396698,19950,0.42213855421686747,0.04754016064257028,0.044026104417670686,8.318925702811246,2.406015037593985,0.0,0.989791268803447,11.724698795180723,4.913152610441767
QI-MRFO c=0.25,n100 m10 uniform high,100,10,13,20000,47.578483271567066,47.578483271567066,28.78545300709635,47.06057394079924,0.011005163928075818,20.33345365524292,19950,0.4375,0.029819277108433736,0.06044176706827309,8.088504016064258,2.556390977443609,0.0,0.9916015706603981,11.64086345381526,4.536144578313253
QI-MRFO c=0.25,n100 m10 uniform high,100,10,14,20000,47.472565070668324,47.472565070668324,28.80319255416611,47.06057394079924,0.008754485875743012,17.67182159423828,19950,0.40406626506024096,0.04583333333333333,0.05778112449799197,8.140512048192772,2.706766917293233,0.0,0.9907075243156649,11.538453815261045,4.742570281124498
QI-MRFO c=0.25,n100 m10 uniform high,100,10,15,20000,47.451501868618145,47.451501868618145,28.78153994369992,47.06057394079924,0.008306909480336617,15.28800630569458,19950,0.43920682730923694,0.03333333333333333,0.043624497991967874,7.985943775100401,2.055137844611529,0.0006666666666666666,0.9906762306520187,11.346184738955824,4.62570281124498
QI-MRFO c=0.25,n100 m10 uniform high,100,10,16,20000,48.20170777242659,48.20170777242659,28.948589539501437,47.06057394079924,0.024248191980464615,13.552949905395508,19950,0.45562248995983934,0.0339859437751004,0.03624497991967871,8.14206827309237,1.8546365914786966,0.0,0.9901545605368063,11.707630522088353,4.5765060240963855
QI-MRFO c=0.25,n100 m10 uniform high,100,10,17,20000,47.65185797461476,47.65185797461476,28.829098001053264,47.06057394079924,0.012564318373153213,20.749106645584106,19950,0.45818273092369477,0.00858433734939759,0.03187751004016064,7.983333333333333,1.4536340852130325,0.0,0.9913332776938107,11.143273092369478,4.823393574297189
QI-MRFO c=0.25,n100 m10 uniform high,100,10,18,20000,47.45844306851862,47.45844306851862,28.783761288163863,47.06057394079924,0.00845440449196155,17.620055675506592,19950,0.43765060240963854,0.02469879518072289,0.05436746987951807,7.9495983935742975,2.556390977443609,0.0,0.9895566147918371,11.496285140562248,4.402911646586346
QI-MRFO c=0.25,n100 m10 uniform high,100,10,19,20000,47.57916864305438,47.57916864305438,28.820290780795492,47.06057394079924,0.011019727530469973,16.764228343963623,19950,0.4499497991967871,0.019879518072289156,0.0376004016064257,8.007279116465863,1.8546365914786966,0.0,0.9914960567032449,11.467771084337349,4.546787148594378
QI-MRFO c=0.25,n100 m10 uniform high,100,10,20,20000,47.77547801655387,47.77547801655387,28.88447792206901,47.06057394079924,0.015191146556222607,17.4072048664093,19950,0.45095381526104417,0.033433734939759034,0.03770080321285141,8.181977911646586,1.9548872180451127,0.0,0.992260335481059,11.81636546184739,4.547590361445783
QI-MRFO c=0.25,n100 m10 uniform high,100,10,21,20000,47.57021793514173,47.57021793514173,28.833191965864227,47.06057394079924,0.010829532061882762,17.21033239364624,19950,0.4467369477911647,0.01646586345381526,0.041616465863453814,7.878815261044177,2.2055137844611528,0.0,0.9907214763221678,11.25632530120482,4.501305220883534
QI-MRFO c=0.25,n100 m10 uniform high,100,10,22,20000,47.80342453330086,47.80342453330086,28.896987186334748,47.06057394079924,0.015784987948428097,17.106590509414673,19950,0.4464859437751004,0.027560240963855422,0.041867469879518074,8.190963855421687,2.055137844611529,0.0,0.9917360580300765,11.80421686746988,4.577710843373494
QI-MRFO c=0.25,n100 m10 uniform high,100,10,23,20000,47.36226322640012,47.36226322640012,28.736303677246664,47.06057394079924,0.006410658866600211,24.16468381881714,19950,0.4431224899598394,0.021987951807228914,0.04422690763052209,7.978363453815261,1.8546365914786966,0.0,0.9902087181509766,11.536646586345382,4.42008032128514
QI-MRFO c=0.25,n100 m10 uniform high,100,10,24,20000,47.67439911385438,47.67439911385438,28.85573405745072,47.06057394079924,0.01304329976568738,24.255409479141235,19950,0.43704819277108437,0.033483935742971885,0.04769076305220884,7.971636546184739,2.2055137844611528,0.0,0.9891139254318635,11.455220883534137,4.488052208835342
QI-MRFO c=0.25,n100 m10 uniform high,100,10,25,20000,47.73484654112256,47.73484654112256,28.88922998322295,47.06057394079924,0.014327759818049275,17.647051572799683,19950,0.4415160642570281,0.024347389558232933,0.03930722891566265,8.109738955823293,2.1052631578947367,0.0,0.9897581747725541,11.484839357429719,4.734638554216867
QI-MRFO c=0.25,n100 m10 uniform high,100,10,26,20000,47.58109120166925,47.58109120166925,28.827837280823424,47.06057394079924,0.011060580381463474,20.532622814178467,19950,0.4295180722891566,0.028363453815261043,0.05120481927710843,8.10281124497992,2.506265664160401,0.0013333333333333333,0.9908712402055271,11.691767068273093,4.513855421686747
QI-MRFO c=0.25,n100 m10 uniform high,100,10,27,20000,47.64548060995125,47.64548060995125,28.869664326621745,47.06057394079924,0.012428804414663682,16.91812825202942,19950,0.42766064257028114,0.028463855421686748,0.053463855421686746,7.980471887550201,2.857142857142857,0.0,0.9900531012541067,11.367871485943775,4.593072289156627
QI-MRFO c=0.25,n100 m10 uniform high,100,10,28,20000,48.42180950339075,48.42180950339075,29.100787349968115,47.06057394079924,0.02892517979708243,21.181692600250244,19950,0.425,0.04156626506024096,0.04623493975903614,7.959738955823293,2.355889724310777,0.0006666666666666666,0.989326541347734,11.352309236947791,4.567168674698795
QI-MRFO c=0.25,n100 m10 uniform high,100,10,29,20000,47.53060151894348,47.53060151894348,28.820149916265063,47.06057394079924,0.009987714530118572,18.276232957839966,19950,0.4318273092369478,0.034036144578313256,0.04302208835341365,8.103564257028113,2.706766917293233,0.008482758620689656,0.9902876447084694,11.532128514056225,4.675
QI-MRFO c=0.5,n100 m10 uniform high,100,10,0,20000,47.344222123515635,47.344222123515635,28.75150783698099,47.06057394079924,0.006027299689825684,24.181084632873535,19950,0.33363453815261046,0.016265060240963854,0.03629518072289157,8.585090361445783,2.1052631578947367,0.0,0.9851732964871371,12.020883534136546,5.14929718875502
QI-MRFO c=0.5,n100 m10 uniform high,100,10,1,20000,47.50244166353967,47.50244166353967,28.79634544786229,47.06057394079924,0.009389339860076699,18.053483724594116,19950,0.2892570281124498,0.031927710843373494,0.05296184738955823,8.815160642570282,2.556390977443609,0.0,0.9855860081036473,12.409538152610441,5.22078313253012
QI-MRFO c=0.5,n100 m10 uniform high,100,10,2,20000,47.35204173182974,47.35204173182974,28.713935175114862,47.06057394079924,0.006193460185954457,17.469245195388794,19950,0.31656626506024094,0.014959839357429719,0.03428714859437751,8.86019076305221,2.2055137844611528,0.0013333333333333333,0.9841504203894594,12.028815261044176,5.691566265060241
QI-MRFO c=0.5,n100 m10 uniform high,100,10,3,20000,47.733671543002046,47.733671543002046,28.873782445821607,47.06057394079924,0.014302792036696045,24.31843400001526,19950,0.3245481927710843,0.0178714859437751,0.028363453815261043,8.706275100401607,1.8045112781954886,0.0013333333333333333,0.9848256701874036,12.122389558232932,5.290160642570281
QI-MRFO c=0.5,n100 m10 uniform high,100,10,4,20000,47.78994357920617,47.78994357920617,28.921046019687616,47.06057394079924,0.015498528329137123,19.338737964630127,19950,0.3071285140562249,0.042018072289156626,0.038604417670682734,9.1570281124498,2.055137844611529,0.0,0.9864075546806031,12.666566265060242,5.6474899598393575
QI-MRFO c=0.5,n100 m10 uniform high,100,10,5,20000,47.75764392261606,47.75764392261606,28.902882244508675,47.06057394079924,0.01481218615594695,28.7239933013916,19950,0.32108433734939756,0.021034136546184738,0.03263052208835342,9.003815261044176,1.7543859649122806,0.0,0.9856113225094302,12.616164658634538,5.391465863453815
QI-MRFO c=0.5,n100 m10 uniform high,100,10,6,20000,47.69292378853335,47.69292378853335,28.83149049043054,47.06057394079924,0.01343693446088415,28.371811866760254,19950,0.3192269076305221,0.02459839357429719,0.03895582329317269,8.898192771084338,1.8546365914786966,0.0,0.9835438376914818,12.217570281124498,5.578815261044177
QI-MRFO c=0.5,n100 m10 uniform high,100,10,7,20000,47.63338894734031,47.63338894734031,28.776073693322573,47.06057394079924,0.012171866141319355,15.763986349105835,19950,0.31019076305220883,0.021686746987951807,0.050451807228915665,8.959839357429718,2.756892230576441,0.0,0.986293794500905,12.528915662650602,5.390763052208835
QI-MRFO c=0.5,n100 m10 uniform high,100,10,8,20000,47.72780793630491,47.72780793630491,28.835910297880122,47.06057394079924,0.014178195028922418,18.15892481803894,19950,0.32113453815261045,0.035592369477911646,0.04071285140562249,8.73413654618474,2.0050125313283207,0.0,0.987276624995043,12.089558232931727,5.378714859437751
QI-MRFO c=0.5,n100 m10 uniform high,100,10,9,20000,47.64514127217822,47.64514127217822,28.813350231424177,47.06057394079924,0.012421593755196279,15.564343690872192,19950,0.31315261044176707,0.026556224899598392,0.03137550200803213,8.844176706827309,1.5538847117794485,0.0,0.9840258869552719,12.476004016064257,5.212349397590361
QI-MRFO c=0.5,n100 m10 uniform high,100,10,10,20000,47.526329296755215,47.526329296755215,28.829937194913075,47.06057394079924,0.009896933185342858,21.163578987121582,19950,0.30697791164658633,0.03112449799196787,0.04457831325301205,8.722289156626506,2.406015037593985,0.0013333333333333333,0.9843346720343226,12.071084337349397,5.373493975903615
QI-MRFO c=0.5,n100 m10 uniform high,100,10,11,20000,47.556956221986965,47.556956221986965,28.838116778557282,47.06057394079924,0.01054773113927938,22.11972427368164,19950,0.33393574297188755,0.01631526104417671,0.038704819277108435,8.76671686746988,2.155388471177945,0.0,0.9870567502693369,12.398795180722892,5.134638554216868
QI-MRFO c=0.5,n100 m10 uniform high,100,10,12,20000,47.613000150072516,47.613000150072516,28.836793701361128,47.06057394079924,0.011738620314495391,16.207244396209717,19950,0.2987449799196787,0.028463855421686748,0.04944779116465863,9.14277108433735,2.907268170426065,0.0006666666666666666,0.981332238940945,12.477008032128515,5.808534136546185
QI-MRFO c=0.5,n100 m10 uniform high,100,10,13,20000,47.71515069670481,47.71515069670481,28.89310761203817,47.06057394079924,0.01390923869158525,21.591830015182495,19950,0.31214859437751,0.020582329317269075,0.05105421686746988,8.811295180722892,2.456140350877193,0.0,0.9861943680748679,12.319678714859437,5.302911646586345
QI-MRFO c=0.5,n100 m10 uniform high,100,10,14,20000,47.5048140476394,47.5048140476394,28.811953390618473,47.06057394079924,0.009439751147085514,17.215710401535034,19950,0.31204819277108437,0.018072289156626505,0.04262048192771084,8.927610441767069,2.2055137844611528,0.0,0.98593948610103,12.303313253012048,5.551907630522089
QI-MRFO c=0.5,n100 m10 uniform high,100,10,15,20000,47.577124355542146,47.577124355542146,28.811673484238412,47.06057394079924,0.010976288036620922,19.858121395111084,19950,0.33343373493975903,0.016265060240963854,0.04257028112449799,8.695331325301204,2.406015037593985,0.0,0.987757413899653,12.185441767068273,5.205220883534136
QI-MRFO c=0.5,n100 m10 uniform high,100,10,16,20000,48.561474148627525,48.561474148627525,29.15564285200367,47.06057394079924,0.03189294311872129,17.61405301094055,19950,0.3000502008032129,0.06355421686746988,0.028413654618473897,9.218273092369477,1.9047619047619047,0.0026666666666666666,0.9841838472418201,12.864457831325302,5.572088353413655
QI-MRFO c=0.5,n100 m10 uniform high,100,10,17,20000,47.58434749883148,47.58434749883148,28.82927841925837,47.06057394079924,0.011129774122413604,16.707022428512573,19950,0.3192771084337349,0.01039156626506024,0.033383534136546184,8.824146586345382,1.7543859649122806,0.0,0.9861325280324452,11.995883534136546,5.652409638554217
QI-MRFO c=0.5,n100 m10 uniform high,100,10,18,20000,47.717919145376406,47.717919145376406,28.840887124780544,47.06057394079924,0.013968066037700453,18.086976766586304,19950,0.30075301204819277,0.0393574297188755,0.048493975903614456,8.891315261044177,2.305764411027569,0.0,0.986402222195973,12.493875502008033,5.2887550200803215
QI-MRFO c=0.5,n100 m10 uniform high,100,10,19,20000,47.54124267081403,47.54124267081403,28.825245450064216,47.06057394079924,0.01021383059669986,18.80862593650818,19950,0.3200301204819277,0.02143574297188755,0.0394578313253012,8.698493975903615,2.055137844611529,0.0,0.9863785765488906,12.100602409638554,5.296385542168674
QI-MRFO c=0.5,n100 m10 uniform high,100,10,20,20000,47.853729002572265,47.853729002572265,28.959298915813733,47.06057394079924,0.016853918160258583,20.523573398590088,19950,0.3044678714859438,0.030572289156626506,0.05120481927710843,8.802359437751004,2.506265664160401,0.0,0.9865174602339165,12.397690763052209,5.207028112449799
QI-MRFO c=0.5,n100 m10 uniform high,100,10,21,20000,47.679164753739045,47.679164753739045,28.818982619877637,47.06057394079924,0.013144565846518904,16.3969988822937,19950,0.31390562248995985,0.01892570281124498,0.037299196787148596,8.796435742971887,2.2055137844611528,0.0,0.9877346959012544,12.268875502008033,5.323995983935743
QI-MRFO c=0.5,n100 m10 uniform high,100,10,22,20000,47.55906195128098,47.55906195128098,28.822951692427104,47.06057394079924,0.010592476222428272,16.310738801956177,19950,0.2998995983935743,0.029317269076305223,0.04583333333333333,9.249196787148595,2.355889724310777,0.0,0.9840954051956419,12.713453815261044,5.784939759036145
QI-MRFO c=0.5,n100 m10 uniform high,100,10,23,20000,47.80234988760096,47.80234988760096,28.94463917912303,47.06057394079924,0.0157621525766952,15.71429181098938,19950,0.3025602409638554,0.04603413654618474,0.04422690763052209,8.698594377510041,2.355889724310777,0.0,0.9830174926258574,12.270682730923696,5.126506024096385
QI-MRFO c=0.5,n100 m10 uniform high,100,10,24,20000,47.84670426551677,47.84670426551677,28.942926006791904,47.06057394079924,0.016704648050116448,16.146653175354004,19950,0.3183734939759036,0.03187751004016064,0.03127510040160643,8.681074297188754,1.8546365914786966,0.0006666666666666666,0.9853502168006415,12.170381526104418,5.1917670682730925
QI-MRFO c=0.5,n100 m10 uniform high,100,10,25,20000,47.76342750288525,47.76342750288525,28.895906588610053,47.06057394079924,0.014935082665378898,25.23672342300415,19950,0.3049196787148594,0.04126506024096385,0.045080321285140564,8.8179718875502,2.406015037593985,0.0013333333333333333,0.9862164593940626,12.174397590361446,5.461546184738956
QI-MRFO c=0.5,n100 m10 uniform high,100,10,26,20000,47.9039743663485,47.9039743663485,28.911305257384655,47.06057394079924,0.017921592427033176,22.403637170791626,19950,0.3052710843373494,0.041967871485943775,0.04593373493975904,8.808132530120481,2.606516290726817,0.0006666666666666666,0.98560182538413,12.597489959839358,5.018775100401607
QI-MRFO c=0.5,n100 m10 uniform high,100,10,27,20000,47.616529553066705,47.616529553066705,28.83427244640941,47.06057394079924,0.011813617338514463,20.54479169845581,19950,0.31721887550200806,0.014809236947791165,0.04708835341365462,8.549497991967872,2.456140350877193,0.0,0.9835351229089665,11.780923694779116,5.3180722891566266
QI-MRFO c=0.5,n100 m10 uniform high,100,10,28,20000,47.53411107602777,47.53411107602777,28.81597535284155,47.06057394079924,0.010062289844238362,21.271061897277832,19950,0.31420682730923694,0.016666666666666666,0.05215863453815261,8.668172690763052,2.807017543859649,0.0,0.9867642747108651,12.13504016064257,5.201305220883534
QI-MRFO c=0.5,n100 m10 uniform high,100,10,29,20000,48.035957050484875,48.035957050484875,28.94408686208363,47.06057394079924,0.02072612014703942,23.40677046775818,19950,0.29904618473895583,0.03810240963855422,0.033684738955823294,9.088654618473896,1.8546365914786966,0.0013333333333333333,0.9812092519212431,12.355020080321285,5.822289156626506
QI-MRFO c=1.0,n100 m10 uniform high,100,10,0,20000,47.62133692022121,47.62133692022121,28.81012364751204,47.06057394079924,0.01191577009084921,32.0226354598999,19950,0.15215863453815262,0.03820281124497992,0.04392570281124498,10.110341365461847,2.756892230576441,0.0013333333333333333,0.9768665371728468,13.609738955823293,6.610943775100401
QI-MRFO c=1.0,n100 m10 uniform high,100,10,1,20000,47.50396928841302,47.50396928841302,28.800879046815645,47.06057394079924,0.009421800681214768,18.661048650741577,19950,0.16551204819277107,0.020933734939759037,0.03805220883534136,10.062349397590362,2.355889724310777,0.0,0.9759128174431096,13.754016064257028,6.370682730923694
QI-MRFO c=1.0,n100 m10 uniform high,100,10,2,20000,47.50762416161833,47.50762416161833,28.793970592845422,47.06057394079924,0.00949946384804973,16.909947633743286,19950,0.1659136546184739,0.011696787148594378,0.039859437751004013,10.261746987951808,2.656641604010025,0.0,0.9750722349828768,13.68925702811245,6.834236947791164
QI-MRFO c=1.0,n100 m10 uniform high,100,10,3,20000,47.41642692290142,47.41642692290142,28.78621117313921,47.06057394079924,0.007561594606768654,21.893898725509644,19950,0.173644578313253,0.013755020080321286,0.042018072289156626,10.060993975903614,3.007518796992481,0.0,0.9758623443531449,13.624899598393574,6.4970883534136545
QI-MRFO c=1.0,n100 m10 uniform high,100,10,4,20000,47.510281290122634,47.510281290122634,28.782907952875888,47.06057394079924,0.009555925728596405,17.5991108417511,19950,0.16646586345381525,0.0107429718875502,0.03790160642570281,10.486295180722891,2.756892230576441,0.0,0.9727074910940298,14.085140562248997,6.887449799196787
QI-MRFO c=1.0,n100 m10 uniform high,100,10,5,20000,47.652030433692495,47.652030433692495,28.843404984890498,47.06057394079924,0.012567982992245099,16.88628888130188,19950,0.1700301204819277,0.014859437751004016,0.03709839357429719,10.474096385542168,2.656641604010025,0.0,0.9756448187794693,14.30722891566265,6.6409638554216865
QI-MRFO c=1.0,n100 m10 uniform high,100,10,6,20000,47.835732163976594,47.835732163976594,28.862786865006473,47.06057394079924,0.01647149956463519,16.645856380462646,19950,0.15140562248995984,0.04457831325301205,0.03679718875502008,10.308584337349398,2.155388471177945,0.002,0.9700872045046837,13.503413654618473,7.113755020080322
QI-MRFO c=1.0,n100 m10 uniform high,100,10,7,20000,47.72472880021564,47.72472880021564,28.811536240445317,47.06057394079924,0.014112765820745957,16.087462425231934,19950,0.16275100401606427,0.03308232931726908,0.04116465863453815,10.233785140562249,2.556390977443609,0.0006666666666666666,0.9778510301040324,13.953614457831325,6.5139558232931725
QI-MRFO c=1.0,n100 m10 uniform high,100,10,8,20000,47.572279990016895,47.572279990016895,28.799075890765376,47.06057394079924,0.010873349098150997,26.702733516693115,19950,0.17560240963855422,0.013353413654618474,0.038453815261044175,10.048493975903614,2.656641604010025,0.0,0.97808009072112,13.512751004016064,6.584236947791164
QI-MRFO c=1.0,n100 m10 uniform high,100,10,9,20000,47.37859802233582,47.37859802233582,28.732425295140725,47.06057394079924,0.006757760369362461,16.117316007614136,19950,0.17238955823293173,0.011495983935742972,0.03303212851405622,10.076355421686747,1.5037593984962405,0.0,0.9766160224610073,13.688453815261044,6.46425702811245
QI-MRFO c=1.0,n100 m10 uniform high,100,10,10,20000,47.420035019515836,47.420035019515836,28.74570418887411,47.06057394079924,0.007638263808018791,18.054674863815308,19950,0.16460843373493975,0.008483935742971887,0.033383534136546184,9.947941767068274,2.1052631578947367,0.005747126436781609,0.972404949488469,13.04789156626506,6.847991967871486
QI-MRFO c=1.0,n100 m10 uniform high,100,10,11,20000,47.41134887060677,47.41134887060677,28.789730391070407,47.06057394079924,0.007453690009152873,15.075438499450684,19950,0.16350401606425702,0.014508032128514056,0.045431726907630525,10.455421686746988,3.508771929824561,0.0,0.9750266746406093,14.348895582329318,6.561947791164658
QI-MRFO c=1.0,n100 m10 uniform high,100,10,12,20000,47.525714956297165,47.525714956297165,28.831825744465654,47.06057394079924,0.009883878936178309,30.573933124542236,19950,0.16596385542168673,0.011947791164658635,0.033785140562248996,10.30737951807229,2.305764411027569,0.0,0.9728032054596082,13.6785140562249,6.936244979919679
QI-MRFO c=1.0,n100 m10 uniform high,100,10,13,20000,47.626285897730845,47.626285897730845,28.82876579754704,47.06057394079924,0.01202093195130294,51.47837805747986,19950,0.18473895582329317,0.009789156626506024,0.03353413654618474,9.889759036144579,1.8045112781954886,0.0,0.976463585861415,13.34508032128514,6.434437751004016
QI-MRFO c=1.0,n100 m10 uniform high,100,10,14,20000,47.427323751193384,47.427323751193384,28.783336213235547,47.06057394079924,0.007793143595220639,24.320558309555054,19950,0.1700301204819277,0.013152610441767068,0.03132530120481928,10.269979919678715,2.055137844611529,0.003839080459770115,0.9754165387899143,13.63132530120482,6.908634538152611
QI-MRFO c=1.0,n100 m10 uniform high,100,10,15,20000,47.31384554533794,47.31384554533794,28.73840422362158,47.06057394079924,0.005381821412915858,24.072827100753784,19950,0.1746987951807229,0.014859437751004016,0.029518072289156625,9.976455823293172,2.2055137844611528,0.0,0.9763355129964393,13.285642570281125,6.667269076305221
QI-MRFO c=1.0,n100 m10 uniform high,100,10,16,20000,47.37597146888627,47.37597146888627,28.724963142330864,47.06057394079924,0.006701948184563009,117.4124026298523,19950,0.16526104417670684,0.013002008032128514,0.04216867469879518,10.302911646586345,2.706766917293233,0.0,0.9757511974386605,14.06656626506024,6.53925702811245
QI-MRFO c=1.0,n100 m10 uniform high,100,10,17,20000,47.69760215708598,47.69760215708598,28.82774333403702,47.06057394079924,0.013536346094888388,170.9965226650238,19950,0.164859437751004,0.020180722891566263,0.03649598393574297,10.237248995983936,2.055137844611529,0.0025287356321839084,0.974227319147254,13.495983935742972,6.9785140562249
QI-MRFO c=1.0,n100 m10 uniform high,100,10,18,20000,47.48793056176049,47.48793056176049,28.819420197689933,47.06057394079924,0.009080990416709685,198.38319206237793,19950,0.1665160642570281,0.014558232931726908,0.042218875502008035,10.139106425702812,2.857142857142857,0.0,0.9774517764398293,13.948594377510041,6.329618473895582
QI-MRFO c=1.0,n100 m10 uniform high,100,10,19,20000,48.508860854834296,48.508860854834296,28.931906361464012,47.06057394079924,0.03077495221067553,115.55207991600037,19950,0.1429718875502008,0.07505020080321285,0.031174698795180724,10.105522088353414,1.8546365914786966,0.002,0.9769932318637304,13.47640562248996,6.734638554216867
QI-MRFO c=1.0,n100 m10 uniform high,100,10,20,20000,47.70526316688742,47.70526316688742,28.818505610868577,47.06057394079924,0.01369913649797773,24.244489192962646,19950,0.17218875502008033,0.02319277108433735,0.03358433734939759,10.149748995983936,2.1052631578947367,0.0006666666666666666,0.9749623811526892,13.787951807228916,6.511546184738956
QI-MRFO c=1.0,n100 m10 uniform high,100,10,21,20000,47.3983218998112,47.3983218998112,28.775919837094843,47.06057394079924,0.0071768771761440905,143.16803240776062,19950,0.15652610441767068,0.021586345381526106,0.041917670682730925,10.02690763052209,2.355889724310777,0.0013333333333333333,0.9738790658768476,13.395682730923696,6.658132530120482
QI-MRFO c=1.0,n100 m10 uniform high,100,10,22,20000,47.53572953146988,47.53572953146988,28.81849551618185,47.06057394079924,0.010096680743171065,150.6419656276703,19950,0.14914658634538153,0.03353413654618474,0.04252008032128514,10.703965863453815,2.807017543859649,0.0019540229885057474,0.975932822089033,14.489759036144578,6.918172690763052
QI-MRFO c=1.0,n100 m10 uniform high,100,10,23,20000,47.52266532562199,47.52266532562199,28.81258508163806,47.06057394079924,0.009819076694730769,34.332637310028076,19950,0.17163654618473895,0.014006024096385543,0.030120481927710843,10.087048192771084,1.9047619047619047,0.0,0.976717770237257,13.790562248995984,6.383534136546185
QI-MRFO c=1.0,n100 m10 uniform high,100,10,24,20000,47.46747317298515,47.46747317298515,28.771674522486375,47.06057394079924,0.00864628707456439,232.0663878917694,19950,0.18237951807228917,0.006726907630522088,0.03102409638554217,9.937349397590362,2.0050125313283207,0.0,0.976764728142622,13.50652610441767,6.3681726907630525
QI-MRFO c=1.0,n100 m10 uniform high,100,10,25,20000,47.89904161537025,47.89904161537025,28.870011932153353,47.06057394079924,0.0178167753675461,25.614381074905396,19950,0.1694277108433735,0.025803212851405622,0.03815261044176707,10.15266064257028,2.556390977443609,0.0013333333333333333,0.9765936663243339,13.621385542168674,6.6839357429718875
QI-MRFO c=1.0,n100 m10 uniform high,100,10,26,20000,47.612330490349876,47.612330490349876,28.849502889777206,47.06057394079924,0.011724390574682149,258.5979645252228,19950,0.16541164658634538,0.029467871485943774,0.03473895582329317,10.19929718875502,2.055137844611529,0.002,0.974283531162211,13.861345381526105,6.537248995983936
QI-MRFO c=1.0,n100 m10 uniform high,100,10,27,20000,47.39075755490108,47.39075755490108,28.752545104872926,47.06057394079924,0.007016140825592186,154.8576362133026,19950,0.16696787148594378,0.010140562248995984,0.036947791164658635,9.95687751004016,2.606516290726817,0.0,0.9726296242925072,13.231124497991967,6.6826305220883535
QI-MRFO c=1.0,n100 m10 uniform high,100,10,28,20000,48.01653876333877,48.01653876333877,28.88692566282461,47.06057394079924,0.02031349689321914,225.2883403301239,19950,0.15667670682730925,0.0339859437751004,0.04457831325301205,9.939909638554218,2.756892230576441,0.0006666666666666666,0.9788308896647162,13.474196787148594,6.405622489959839
QI-MRFO c=1.0,n100 m10 uniform high,100,10,29,20000,47.59504241859594,47.59504241859594,28.833155172977744,47.06057394079924,0.011357032714242826,205.32011485099792,19950,0.16014056224899598,0.02464859437751004,0.03423694779116466,10.28117469879518,2.255639097744361,0.0012873563218390805,0.9756355096343604,13.661546184738956,6.900803212851406
QI-MRFO c=2.0,n100 m10 uniform high,100,10,0,20000,47.570472545950786,47.570472545950786,28.798104134644213,47.06057394079924,0.010834942340333227,281.0683448314667,19950,0.05918674698795181,0.005070281124497992,0.0232429718875502,11.95933734939759,1.7543859649122806,0.0006666666666666666,0.9597540657854712,15.43363453815261,8.485040160642571
QI-MRFO c=2.0,n100 m10 uniform high,100,10,1,20000,47.84097782546576,47.84097782546576,28.840732658684548,47.06057394079924,0.016582965725157613,279.06427001953125,19950,0.04738955823293173,0.01636546184738956,0.032178714859437754,12.432530120481928,2.305764411027569,0.0013333333333333333,0.9577290683896176,16.355020080321285,8.51004016064257
QI-MRFO c=2.0,n100 m10 uniform high,100,10,2,20000,47.54137615968344,47.54137615968344,28.815572610014154,47.06057394079924,0.010216667129666433,279.8769178390503,19950,0.0410140562248996,0.016265060240963854,0.03433734939759036,12.748795180722892,2.305764411027569,0.0,0.9576771406820969,16.25331325301205,9.244277108433735
QI-MRFO c=2.0,n100 m10 uniform high,100,10,3,20000,47.818048556296695,47.818048556296695,28.887071232506727,47.06057394079924,0.01609573687839714,275.8153884410858,19950,0.04497991967871486,0.02143574297188755,0.03157630522088353,12.399497991967872,2.2055137844611528,0.0,0.9573558819231441,16.132429718875503,8.666566265060242
QI-MRFO c=2.0,n100 m10 uniform high,100,10,4,20000,47.470665100815374,47.470665100815374,28.779391347452822,47.06057394079924,0.008714113018086412,272.3948304653168,19950,0.04733935742971888,0.0077811244979919675,0.03659638554216867,12.787098393574297,2.656641604010025,0.0,0.9575120418977571,16.75491967871486,8.819277108433734
QI-MRFO c=2.0,n100 m10 uniform high,100,10,5,20000,47.601818825938146,47.601818825938146,28.830223156663415,47.06057394079924,0.01150102601425512,264.68161964416504,19950,0.05125502008032128,0.008734939759036145,0.029367469879518073,12.616967871485944,2.255639097744361,0.0006666666666666666,0.9582446713380379,16.508935742971886,8.725
QI-MRFO c=2.0,n100 m10 uniform high,100,10,6,20000,48.099007192696696,48.099007192696696,29.00763036583568,47.06057394079924,0.022065885834791903,252.65273880958557,19950,0.046686746987951805,0.020431726907630524,0.03187751004016064,12.574196787148594,2.305764411027569,0.006643678160919541,0.9555311248218141,16.055722891566266,9.092670682730924
QI-MRFO c=2.0,n100 m10 uniform high,100,10,7,20000,47.48587044368908,47.48587044368908,28.762742101704337,47.06057394079924,0.009037214535990424,192.20423555374146,19950,0.05215863453815261,0.00783132530120482,0.03042168674698795,12.665461847389558,2.305764411027569,0.0013333333333333333,0.9577811340733905,16.450502008032128,8.880421686746988
QI-MRFO c=2.0,n100 m10 uniform high,100,10,8,20000,47.813281671570216,47.813281671570216,28.86971985341612,47.06057394079924,0.015994444345661024,184.87305879592896,19950,0.04442771084337349,0.01716867469879518,0.032279116465863456,12.755873493975903,2.406015037593985,0.002,0.9575174058294349,16.56214859437751,8.949598393574297
QI-MRFO c=2.0,n100 m10 uniform high,100,10,9,20000,47.55274214122884,47.55274214122884,28.809468536415338,47.06057394079924,0.010458185253939649,167.03692293167114,19950,0.05542168674698795,0.006024096385542169,0.02540160642570281,12.531475903614458,1.7042606516290726,0.0006666666666666666,0.956347132101882,16.48343373493976,8.579518072289156
QI-MRFO c=2.0,n100 m10 uniform high,100,10,10,20000,48.11164081064454,48.11164081064454,28.99274308779291,47.06057394079924,0.02233434023068886,155.4755744934082,19950,0.04583333333333333,0.019879518072289156,0.029919678714859437,12.471987951807229,2.305764411027569,0.003333333333333333,0.9541409601750221,15.950602409638554,8.993373493975904
QI-MRFO c=2.0,n100 m10 uniform high,100,10,11,20000,47.73797927093642,47.73797927093642,28.87442940004003,47.06057394079924,0.01439432785051323,148.4738574028015,19950,0.05617469879518072,0.009387550200803212,0.02575301204819277,12.361546184738955,1.8546365914786966,0.002,0.9581365033398433,16.135341365461848,8.587751004016065
QI-MRFO c=2.0,n100 m10 uniform high,100,10,12,20000,47.81970465626131,47.81970465626131,28.91455646458594,47.06057394079924,0.016130927693679086,136.15173888206482,19950,0.04819277108433735,0.015010040160642571,0.031174698795180724,12.759036144578314,1.9548872180451127,0.002,0.9572455262493514,16.418373493975903,9.099698795180723
QI-MRFO c=2.0,n100 m10 uniform high,100,10,13,20000,47.421487604623,47.421487604623,28.761837579091758,47.06057394079924,0.007669130093436262,103.81191515922546,19950,0.04412650602409639,0.011746987951807229,0.03714859437751004,12.563755020080322,2.556390977443609,0.006620689655172414,0.9590082374467533,16.496184738955822,8.63132530120482
QI-MRFO c=2.0,n100 m10 uniform high,100,10,14,20000,47.50213324606245,47.50213324606245,28.826912183170485,47.06057394079924,0.009382786232456067,90.02005243301392,19950,0.03579317269076305,0.01827309236947791,0.038403614457831324,12.907680722891566,2.506265664160401,0.0127816091954023,0.9532960304978079,16.546184738955823,9.26917670682731
QI-MRFO c=2.0,n100 m10 uniform high,100,10,15,20000,47.60181547742577,47.60181547742577,28.820922476530054,47.06057394079924,0.011500954861013693,68.0820791721344,19950,0.05461847389558233,0.004869477911646586,0.025150602409638553,12.280823293172691,1.8546365914786966,0.0,0.9577206604012598,15.809437751004015,8.752208835341365
QI-MRFO c=2.0,n100 m10 uniform high,100,10,16,20000,47.59094982332404,47.59094982332404,28.813044973435616,47.06057394079924,0.011270068299464382,72.68523621559143,19950,0.045431726907630525,0.01325301204819277,0.032329317269076306,12.694176706827308,2.255639097744361,0.0006666666666666666,0.9572543243077264,16.560441767068273,8.827911646586346
QI-MRFO c=2.0,n100 m10 uniform high,100,10,17,20000,47.60897998401978,47.60897998401978,28.801099752048966,47.06057394079924,0.011653194963376846,40.90438985824585,19950,0.042018072289156626,0.007730923694779117,0.03453815261044177,12.705070281124499,2.255639097744361,0.0,0.9572732477138358,16.141867469879518,9.268273092369478
QI-MRFO c=2.0,n100 m10 uniform high,100,10,18,20000,47.57950489354664,47.57950489354664,28.827608294007426,47.06057394079924,0.011026872587661234,4.93628716468811,19950,0.05145582329317269,0.0071285140562249,0.030773092369477912,12.400853413654618,2.055137844611529,0.0,0.9560257860490716,16.11395582329317,8.687751004016064
QI-MRFO c=2.0,n100 m10 uniform high,100,10,19,20000,47.76427258722031,47.76427258722031,28.871630376554958,47.06057394079924,0.014953040039552121,10.463613986968994,19950,0.04889558232931727,0.010491967871485944,0.024899598393574297,12.33117469879518,1.7543859649122806,0.0013333333333333333,0.9571675688072231,15.68343373493976,8.978915662650602
QI-MRFO c=2.0,n100 m10 uniform high,100,10,20,20000,47.579085744284015,47.579085744284015,28.816505366961703,47.06057394079924,0.011017965997122124,5.0500452518463135,19950,0.051706827309236945,0.00818273092369478,0.025050200803212852,12.251104417670684,1.3032581453634084,0.0,0.9532117600478336,15.745281124497993,8.756927710843373
QI-MRFO c=2.0,n100 m10 uniform high,100,10,21,20000,47.92161110362716,47.92161110362716,28.93528604103405,47.06057394079924,0.018296359154290766,5.012531518936157,19950,0.046837349397590364,0.01651606425702811,0.02178714859437751,12.411194779116466,1.8045112781954886,0.003310344827586207,0.9574189004727661,15.943975903614458,8.878413654618473
QI-MRFO c=2.0,n100 m10 uniform high,100,10,22,20000,47.816313556154384,47.816313556154384,28.88263110080995,47.06057394079924,0.01605886949670108,10.436664581298828,19950,0.041967871485943775,0.017670682730923693,0.03448795180722892,12.843775100401606,2.907268170426065,0.0006666666666666666,0.9597444275814412,16.888253012048192,8.79929718875502
QI-MRFO c=2.0,n100 m10 uniform high,100,10,23,20000,47.475923243973504,47.475923243973504,28.803741194816308,47.06057394079924,0.008825844404209004,5.006471157073975,19950,0.04538152610441767,0.010040160642570281,0.031676706827309234,12.519226907630522,1.9047619047619047,0.0006666666666666666,0.9564148137996107,16.324196787148594,8.71425702811245
QI-MRFO c=2.0,n100 m10 uniform high,100,10,24,20000,48.0951375457188,48.0951375457188,28.98101690461546,47.06057394079924,0.02198365889504474,4.996143341064453,19950,0.05677710843373494,0.015963855421686747,0.016265060240963854,12.483584337349397,1.3032581453634084,0.003310344827586207,0.9552308614445638,15.789156626506024,9.178012048192771
QI-MRFO c=2.0,n100 m10 uniform high,100,10,25,20000,47.65927731605136,47.65927731605136,28.863205794069426,47.06057394079924,0.012721973514502221,10.079627752304077,19950,0.05105421686746988,0.009839357429718875,0.02966867469879518,12.484487951807228,2.255639097744361,0.0006666666666666666,0.9578868930057004,16.111646586345383,8.857329317269077
QI-MRFO c=2.0,n100 m10 uniform high,100,10,26,20000,47.67163382332982,47.67163382332982,28.86028113114407,47.06057394079924,0.012984539527700565,11.732416152954102,19950,0.05115461847389558,0.010542168674698794,0.03413654618473896,12.318775100401606,2.255639097744361,0.0013333333333333333,0.9580010414971653,16.271184738955824,8.366365461847389
QI-MRFO c=2.0,n100 m10 uniform high,100,10,27,20000,47.92848232179374,47.92848232179374,28.93038037507538,47.06057394079924,0.018442367109383368,5.844301223754883,19950,0.0464859437751004,0.01395582329317269,0.029919678714859437,12.389006024096386,2.456140350877193,0.003310344827586207,0.9580996459391863,16.158132530120483,8.61987951807229
QI-MRFO c=2.0,n100 m10 uniform high,100,10,28,20000,47.680752593692254,47.680752593692254,28.862973360964503,47.06057394079924,0.013178306190510615,5.993373394012451,19950,0.05271084337349398,0.0059738955823293175,0.03032128514056225,12.296034136546185,2.606516290726817,0.0006666666666666666,0.9562625393824715,15.940461847389559,8.651606425702811
QI-MRFO c=2.0,n100 m10 uniform high,100,10,29,20000,47.45261366588265,47.45261366588265,28.794911468397384,47.06057394079924,0.008330534293453118,6.893429756164551,19950,0.047038152610441766,0.01606425702811245,0.0339859437751004,12.619126506024097,2.556390977443609,0.0013333333333333333,0.9593689246149186,16.354518072289157,8.883734939759035
QI-MRFO c=4.0,n100 m10 uniform high,100,10,0,20000,47.56978385437,47.56978385437,28.852698925247065,47.06057394079924,0.010820308188577018,6.295751094818115,19950,0.0017068273092369479,0.001857429718875502,0.023092369477911646,17.696586345381526,1.9548872180451127,0.022735632183908047,0.9186102077953449,21.721787148594377,13.671385542168675
QI-MRFO c=4.0,n100 m10 uniform high,100,10,1,20000,47.91701713565077,47.91701713565077,28.864267980726705,47.06057394079924,0.01819874096582223,7.95380425453186,19950,0.0035140562248995983,0.002710843373493976,0.022289156626506025,16.856777108433736,1.7042606516290726,0.006,0.9226249221558953,21.252610441767068,12.460943775100402
QI-MRFO c=4.0,n100 m10 uniform high,100,10,2,20000,47.80359416584176,47.80359416584176,28.886737499133663,47.06057394079924,0.015788592505846143,9.28510046005249,19950,0.0021586345381526106,0.0017570281124497991,0.026857429718875503,18.149899598393574,2.406015037593985,0.004505747126436781,0.9185727028100922,22.53785140562249,13.761947791164658
QI-MRFO c=4.0,n100 m10 uniform high,100,10,3,20000,47.83879329035044,47.83879329035044,28.916031460077367,47.06057394079924,0.01653654608059342,8.167249917984009,19950,0.0015060240963855422,0.004016064257028112,0.027710843373493974,18.111997991967872,2.506265664160401,0.010482758620689656,0.9228087392357939,22.212349397590362,14.011646586345382
QI-MRFO c=4.0,n100 m10 uniform high,100,10,4,20000,47.741044088472094,47.741044088472094,28.794990334452827,47.06057394079924,0.014459452800742876,6.176593542098999,19950,0.002008032128514056,0.0030120481927710845,0.02459839357429719,17.577158634538154,1.5538847117794485,0.00639080459770115,0.9192773500788404,21.464056224899597,13.690261044176706
QI-MRFO c=4.0,n100 m10 uniform high,100,10,5,20000,47.378407471264225,47.378407471264225,28.736603327158758,47.06057394079924,0.006753711309700826,8.672743320465088,19950,0.002811244979919679,0.002811244979919679,0.026706827309236948,17.480371485943774,2.305764411027569,0.019011494252873563,0.9203557111210684,21.625803212851405,13.334939759036144
QI-MRFO c=4.0,n100 m10 uniform high,100,10,6,20000,47.887619836961704,47.887619836961704,28.870633650199476,47.06057394079924,0.017574071604032397,6.806251049041748,19950,0.002108433734939759,0.0036144578313253013,0.022590361445783132,17.899748995983934,1.8546365914786966,0.02845977011494253,0.9223248253566558,21.831425702811245,13.968072289156627
QI-MRFO c=4.0,n100 m10 uniform high,100,10,7,20000,48.316287952732644,48.316287952732644,29.03812643999557,47.06057394079924,0.026682930248854514,7.0300586223602295,19950,0.002259036144578313,0.004116465863453815,0.02279116465863454,17.68313253012048,2.2055137844611528,0.00864367816091954,0.9221121932212236,22.40140562248996,12.964859437751004
QI-MRFO c=4.0,n100 m10 uniform high,100,10,8,20000,47.426546846637905,47.426546846637905,28.770056516195044,47.06057394079924,0.007776634987474868,7.299745559692383,19950,0.0014056224899598394,0.002008032128514056,0.02720883534136546,17.7210843373494,2.155388471177945,0.011218390804597703,0.9180258515192997,21.53835341365462,13.903815261044176
QI-MRFO c=4.0,n100 m10 uniform high,100,10,9,20000,48.05765380458542,48.05765380458542,28.877552480577926,47.06057394079924,0.021187159022762435,6.691089391708374,19950,0.002359437751004016,0.0025602409638554218,0.022991967871485944,17.502058232931727,1.6541353383458646,0.010551724137931035,0.9214783052752473,21.76305220883534,13.241064257028112
QI-MRFO c=4.0,n100 m10 uniform high,100,10,10,20000,47.65544952992984,47.65544952992984,28.885308625807706,47.06057394079924,0.012640636084866654,9.788723468780518,19950,0.0016566265060240963,0.0039658634538152614,0.02781124497991968,18.05281124497992,2.556390977443609,0.017816091954022988,0.9178200401115952,22.35933734939759,13.746285140562248
QI-MRFO c=4.0,n100 m10 uniform high,100,10,11,20000,47.80117218184061,47.80117218184061,28.89619797499786,47.06057394079924,0.015737127260135535,7.90589165687561,19950,0.002710843373493976,0.002108433734939759,0.023092369477911646,17.290411646586346,1.6541353383458646,0.00767816091954023,0.9233439483975535,21.41616465863454,13.164658634538153
QI-MRFO c=4.0,n100 m10 uniform high,100,10,12,20000,47.62199602007405,47.62199602007405,28.84773875812209,47.06057394079924,0.011929775441775627,10.405389785766602,19950,0.00391566265060241,0.0009036144578313253,0.019377510040160643,17.41059236947791,1.7042606516290726,0.002,0.9220617829950798,21.64136546184739,13.179819277108434
QI-MRFO c=4.0,n100 m10 uniform high,100,10,13,20000,47.78390130741508,47.78390130741508,28.908352364279935,47.06057394079924,0.015370134829332187,6.871779680252075,19950,0.0030622489959839356,0.002961847389558233,0.021686746987951807,17.383584337349397,1.9047619047619047,0.007264367816091954,0.9200660757136007,21.73995983935743,13.027208835341366
QI-MRFO c=4.0,n100 m10 uniform high,100,10,14,20000,47.893112048061745,47.893112048061745,28.934104247347072,47.06057394079924,0.017690776748915456,8.204023838043213,19950,0.0020582329317269075,0.00286144578313253,0.025552208835341365,17.726004016064255,2.0050125313283207,0.014942528735632184,0.922671242619728,21.814859437751004,13.63714859437751
QI-MRFO c=4.0,n100 m10 uniform high,100,10,15,20000,47.638327336426414,47.638327336426414,28.796586347857378,47.06057394079924,0.012276803006142102,9.239509582519531,19950,0.0029116465863453815,0.0027610441767068274,0.0232429718875502,16.999046184738955,1.8045112781954886,0.014114942528735632,0.9197011640116073,20.299397590361444,13.698694779116465
QI-MRFO c=4.0,n100 m10 uniform high,100,10,16,20000,48.47338943168239,48.47338943168239,29.08615848006388,47.06057394079924,0.030021212504982055,8.249776363372803,19950,0.0016566265060240963,0.005572289156626506,0.029216867469879518,18.65828313253012,2.305764411027569,0.016436781609195403,0.9205942781180132,23.654819277108434,13.661746987951807
QI-MRFO c=4.0,n100 m10 uniform high,100,10,17,20000,47.64919878179017,47.64919878179017,28.840179203597465,47.06057394079924,0.012507812627432113,7.988941431045532,19950,0.004066265060240964,0.0016566265060240963,0.019176706827309237,16.92550200803213,1.2030075187969924,0.011310344827586208,0.9162745478111248,20.535341365461846,13.315662650602409
QI-MRFO c=4.0,n100 m10 uniform high,100,10,18,20000,48.13766788215395,48.13766788215395,29.001372254225487,47.06057394079924,0.022887394928707464,7.031795024871826,19950,0.002811244979919679,0.0030120481927710845,0.021937751004016064,17.588955823293173,1.8045112781954886,0.009195402298850575,0.917775871198463,21.931827309236947,13.246084337349398
QI-MRFO c=4.0,n100 m10 uniform high,100,10,19,20000,47.684856595784744,47.684856595784744,28.89567844775777,47.06057394079924,0.013265512991210758,11.18077278137207,19950,0.0026104417670682733,0.0030120481927710845,0.02178714859437751,17.815110441767068,1.5538847117794485,0.02891954022988506,0.9187403857808936,20.619678714859436,15.010542168674698
QI-MRFO c=4.0,n100 m10 uniform high,100,10,20,20000,48.003227572493714,48.003227572493714,28.94985533321118,47.06057394079924,0.02003064460880366,7.510056972503662,19950,0.001004016064257028,0.0035140562248995983,0.025652610441767067,18.104668674698797,2.2055137844611528,0.03616091954022989,0.9210283020204795,21.62590361445783,14.583433734939758
QI-MRFO c=4.0,n100 m10 uniform high,100,10,21,20000,47.70771443301769,47.70771443301769,28.851794715326605,47.06057394079924,0.013751223965787958,13.100679397583008,19950,0.0030622489959839356,0.0025602409638554218,0.02535140562248996,17.12555220883534,1.8546365914786966,0.01560919540229885,0.9218782359128902,21.162248995983937,13.088855421686747
QI-MRFO c=4.0,n100 m10 uniform high,100,10,22,20000,48.50549882281204,48.50549882281204,29.063536842666803,47.06057394079924,0.0307035116875215,9.964791774749756,19950,0.0030622489959839356,0.005170682730923695,0.025903614457831327,17.54979919678715,2.0050125313283207,0.009218390804597701,0.9215944572077732,21.912951807228914,13.18664658634538
QI-MRFO c=4.0,n100 m10 uniform high,100,10,23,20000,47.90303552697061,47.90303552697061,28.907678291918742,47.06057394079924,0.017901642832303014,7.4896628856658936,19950,0.0023092369477911647,0.002008032128514056,0.02354417670682731,17.533182730923695,2.0050125313283207,0.013379310344827587,0.9212643084910896,21.691967871485943,13.374397590361445
QI-MRFO c=4.0,n100 m10 uniform high,100,10,24,20000,47.5562352584222,47.5562352584222,28.80420794984212,47.06057394079924,0.01053241123337101,7.755817651748657,19950,0.0010542168674698795,0.0020582329317269075,0.023644578313253013,18.37168674698795,1.9047619047619047,0.01657471264367816,0.9214839970974575,22.666265060240963,14.07710843373494
QI-MRFO c=4.0,n100 m10 uniform high,100,10,25,20000,48.033538087627534,48.033538087627534,28.925953111575843,47.06057394079924,0.020674719098246773,7.643910646438599,19950,0.002710843373493976,0.002259036144578313,0.021887550200803213,17.6859437751004,1.6541353383458646,0.014804597701149424,0.9189770479097178,21.29859437751004,14.073293172690763
QI-MRFO c=4.0,n100 m10 uniform high,100,10,26,20000,47.86580877275005,47.86580877275005,28.912532975230242,47.06057394079924,0.017110603728797986,7.81410813331604,19950,0.004016064257028112,0.0019076305220883535,0.01641566265060241,16.22690763052209,0.9523809523809523,0.01560919540229885,0.9219491152273247,20.063253012048193,12.390562248995984
QI-MRFO c=4.0,n100 m10 uniform high,100,10,27,20000,47.691359273576474,47.691359273576474,28.900076946894323,47.06057394079924,0.013403689754628684,11.018396615982056,19950,0.002710843373493976,0.005823293172690763,0.025100401606425703,17.11516064257028,2.255639097744361,0.014988505747126436,0.9156197928249517,20.987951807228917,13.242369477911646
QI-MRFO c=4.0,n100 m10 uniform high,100,10,28,20000,47.88665736260458,47.88665736260458,28.930263747178696,47.06057394079924,0.017553619784674342,7.711261749267578,19950,0.0030622489959839356,0.0026606425702811244,0.02033132530120482,17.061345381526106,1.5037593984962405,0.011977011494252874,0.923302960298854,20.462048192771086,13.660642570281125
QI-MRFO c=4.0,n100 m10 uniform high,100,10,29,20000,47.681369056333835,47.681369056333835,28.892697545559226,47.06057394079924,0.013191405534397845,12.30570650100708,19950,0.0012048192771084338,0.0017570281124497991,0.02635542168674699,17.903564257028112,2.2055137844611528,0.018643678160919542,0.9201548370285302,21.705923694779116,14.101204819277108
QI-DMO c=0.0,n100 m10 uniform high,100,10,0,20000,50.066032773670564,50.066032773670564,29.23113080209908,47.06057394079924,0.06386362471167695,7.16398024559021,19923,0.2489693313222725,0.32383107088989443,0.15646053293112117,10.118049270990447,1.2548310997339758,0.01335632183908046,0.9967062540677862,19.390548014077424,0.8455505279034691
QI-DMO c=0.0,n100 m10 uniform high,100,10,1,20000,49.09880833933685,49.09880833933685,29.0648928930372,47.06057394079924,0.0433108699673244,7.630181550979614,19923,0.18401206636500755,0.3583710407239819,0.1665158371040724,10.297938662644546,1.4054108317020528,0.021885057471264367,0.9950886626373806,19.382503770739063,1.213373554550025
QI-DMO c=0.0,n100 m10 uniform high,100,10,2,20000,49.61686241263884,49.61686241263884,29.421377389212807,47.06057394079924,0.05431910955984798,7.575076341629028,19923,0.11156359979889392,0.42413273001508295,0.17043740573152338,13.354298642533937,1.0540581237765396,0.03229885057471264,0.9924628829624194,24.85168426344897,1.856913021618904
QI-DMO c=0.0,n100 m10 uniform high,100,10,3,20000,48.602179555801726,48.602179555801726,29.055664874582586,47.06057394079924,0.03275790084799606,6.633855581283569,19923,0.4597285067873303,0.05600804424333836,0.1809451985922574,11.543640020110608,1.3050243437233349,0.0006666666666666666,0.9995010045507111,22.928908999497235,0.1583710407239819
QI-DMO c=0.0,n100 m10 uniform high,100,10,4,20000,49.41455024586975,49.41455024586975,29.253664036045425,47.06057394079924,0.05002013592166854,7.39765739440918,19923,0.27988939165409754,0.22699849170437406,0.17747611865258925,11.280794369029664,1.8069567836169251,0.005885057471264368,0.998212577617466,21.785017596782303,0.7765711412770236
QI-DMO c=0.0,n100 m10 uniform high,100,10,5,20000,49.36903121124582,49.36903121124582,29.48411365875825,47.06057394079924,0.049052892413733624,10.48377537727356,19923,0.4353443941679236,0.049622926093514326,0.18677727501256913,12.597335344394168,1.2548310997339758,0.0,0.9999557960107504,24.859024635495224,0.3356460532931121
QI-DMO c=0.0,n100 m10 uniform high,100,10,6,20000,48.74016398147079,48.74016398147079,28.97771660639434,47.06057394079924,0.035689960831851074,7.893711566925049,19924,0.27541478129713426,0.26359979889391655,0.16721970839617897,10.608396178984414,1.9574382654085525,0.06852873563218391,0.968434114459257,20.46143790849673,0.7553544494720965
QI-DMO c=0.0,n100 m10 uniform high,100,10,7,20000,48.52464518181273,48.52464518181273,28.94212327940345,47.06057394079924,0.031110356683181323,7.442440748214722,19923,0.1865761689291101,0.32448466566113626,0.17526395173453996,11.931271995977879,1.505797319680771,0.01570114942528736,0.9957074163338313,22.789341377576672,1.073202614379085
QI-DMO c=0.0,n100 m10 uniform high,100,10,8,20000,49.53268607486677,49.53268607486677,29.434882865411968,47.06057394079924,0.05253042891438959,6.776861906051636,19924,0.09326294620412268,0.42473604826546,0.17471091000502764,12.806535947712419,1.6562939168841597,0.08795402298850576,0.9617212662553486,23.56349924585219,2.0495726495726494
QI-DMO c=0.0,n100 m10 uniform high,100,10,9,20000,49.156920698960526,49.156920698960526,29.312180289598704,47.06057394079924,0.04454571167785648,7.004127502441406,19923,0.214429361488185,0.32368024132730017,0.16520864756158873,10.534188034188034,1.505797319680771,0.017632183908045978,0.996669725476032,20.074710910005027,0.9936651583710407
QI-DMO c=0.0,n100 m10 uniform high,100,10,10,20000,49.34943698348957,49.34943698348957,29.077341096246762,47.06057394079924,0.04863653056100952,7.26832127571106,19924,0.46108597285067876,0.159376571141277,0.13941679235796883,7.907139265962796,1.2547681188516362,0.004045977011494253,0.9994330704936689,15.50507792860734,0.3092006033182504
QI-DMO c=0.0,n100 m10 uniform high,100,10,11,20000,48.99601094304993,48.99601094304993,29.156655570543315,47.06057394079924,0.0411265065463378,7.72401237487793,19923,0.22835595776772247,0.24293614881850176,0.19095022624434388,12.130417295123177,1.355217587712694,0.010229885057471265,0.997148258016612,23.3114127702363,0.9494218200100553
QI-DMO c=0.0,n100 m10 uniform high,100,10,12,20000,49.15977922940834,49.15977922940834,28.961637556844405,47.06057394079924,0.044606453190516586,7.348349571228027,19923,0.2673202614379085,0.1670688788335847,0.2040221216691805,13.978079436902966,1.455604075691412,0.006620689655172414,0.9982624712605419,26.787028657616894,1.1691302161890398
QI-DMO c=0.0,n100 m10 uniform high,100,10,13,20000,50.04301493935687,50.04301493935687,29.25967157951958,47.06057394079924,0.06337451392559416,12.709326028823853,19923,0.23660130718954248,0.2417295123177476,0.18632478632478633,12.432428355957768,1.455604075691412,0.011172413793103448,0.9970262877788403,23.988536953242836,0.8763197586726998
QI-DMO c=0.0,n100 m10 uniform high,100,10,14,20000,48.78995129771326,48.78995129771326,29.114868995615705,47.06057394079924,0.0367479019505696,8.573177337646484,19923,0.23117144293614883,0.2703871292106586,0.1799396681749623,11.64746103569633,1.2548310997339758,0.012275862068965518,0.9970981710884447,22.451784816490697,0.8431372549019608
QI-DMO c=0.0,n100 m10 uniform high,100,10,15,20000,49.07326681761915,49.07326681761915,29.301674458774546,47.06057394079924,0.042768132818605614,8.207869291305542,19925,0.3058823529411765,0.31563599798893915,0.13504273504273503,9.741478129713423,1.7063989962358845,0.00942528735632184,0.9976540369868275,18.70779286073404,0.7751633986928105
QI-DMO c=0.0,n100 m10 uniform high,100,10,16,20000,48.6563633394201,48.6563633394201,29.128031789908107,47.06057394079924,0.033909263423525605,12.471470355987549,19923,0.31633986928104574,0.16254399195575667,0.1894419306184012,11.570286576168929,1.606183807659489,0.005080459770114942,0.9987613060443042,22.55103066867773,0.5895424836601307
QI-DMO c=0.0,n100 m10 uniform high,100,10,17,20000,48.987964434859286,48.987964434859286,28.88688231786243,47.06057394079924,0.040955524607172174,7.124994993209839,19923,0.377727501256913,0.1836098541980895,0.16259426847662142,11.360281548516843,1.505797319680771,0.004344827586206896,0.9984938705082302,22.37938662644545,0.3411764705882353
QI-DMO c=0.0,n100 m10 uniform high,100,10,18,20000,48.76293087838043,48.76293087838043,29.297764787893716,47.06057394079924,0.036173739396436304,8.49496054649353,19923,0.1794871794871795,0.34238310708898945,0.1738562091503268,13.068878833584716,2.1583094915424383,0.017954022988505746,0.9947156840531741,24.982805429864253,1.1549522373051784
QI-DMO c=0.0,n100 m10 uniform high,100,10,19,20000,48.33539732501815,48.33539732501815,29.02191208223178,47.06057394079924,0.02708898930605056,12.094801902770996,19923,0.29763700351935646,0.21814982403217698,0.1761689291101056,10.944896933132227,1.3050243437233349,0.00471264367816092,0.9989961921401587,21.275716440422322,0.6140774258421318
QI-DMO c=0.0,n100 m10 uniform high,100,10,20,20000,49.19394990711416,49.19394990711416,29.190604802428393,47.06057394079924,0.04533255308357786,8.517117738723755,19923,0.2710910005027652,0.25223730517848164,0.17657114127702364,11.763247863247864,1.9073432715956433,0.010114942528735633,0.9976956925769623,22.87601809954751,0.6504776269482152
QI-DMO c=0.0,n100 m10 uniform high,100,10,21,20000,48.95246023669945,48.95246023669945,28.912641578465035,47.06057394079924,0.040201088458465234,8.294036388397217,19923,0.4871292106586224,0.04881850175967823,0.17174459527400704,10.077928607340372,1.656377051648848,0.0019540229885057474,0.9996954455526604,20.032176973353444,0.12368024132730016
QI-DMO c=0.0,n100 m10 uniform high,100,10,22,20000,49.58740272824781,49.58740272824781,29.37719832611277,47.06057394079924,0.053693114551200447,7.157214403152466,19923,0.32825540472599296,0.12282554047259929,0.20246354952237305,13.578682755153343,1.355217587712694,0.0036781609195402297,0.9992409263875515,26.410457516339868,0.7469079939668175
QI-DMO c=0.0,n100 m10 uniform high,100,10,23,20000,49.07355645372534,49.07355645372534,29.012148315770574,47.06057394079924,0.042774287356936426,8.58130955696106,19924,0.43846153846153846,0.07365510306686777,0.17762694821518352,11.083107088989442,1.5057217426219636,0.06190804597701149,0.9694582627308143,21.915937657114128,0.25027652086475616
QI-DMO c=0.0,n100 m10 uniform high,100,10,24,20000,48.94722298169321,48.94722298169321,29.210429723843603,47.06057394079924,0.04008980092906045,8.761320114135742,19923,0.27033685268979385,0.1852187028657617,0.19446958270487683,11.85284062342886,1.5559905636701301,0.0,0.9999237219173804,22.53021618903972,1.175465057817999
QI-DMO c=0.0,n100 m10 uniform high,100,10,25,20000,48.62175315355288,48.62175315355288,29.13445057165362,47.06057394079924,0.03317382432941764,7.279458284378052,19923,0.2514831573655103,0.24032176973353445,0.18672699849170438,11.633283056812468,1.3050243437233349,0.0006666666666666666,0.9997766849371377,22.18521870286576,1.0813474107591754
QI-DMO c=0.0,n100 m10 uniform high,100,10,26,20000,48.9201673104627,48.9201673104627,28.952615627576186,47.06057394079924,0.03951488929996426,8.392027378082275,19923,0.3957264957264957,0.040271493212669686,0.20015082956259428,12.590849673202614,1.355217587712694,0.0,0.9999314990143822,24.471392659627952,0.710306686777275
QI-DMO c=0.0,n100 m10 uniform high,100,10,27,20000,49.32363341690509,49.32363341690509,29.140239947913624,47.06057394079924,0.048088225165989505,11.413426876068115,19923,0.37732528908999496,0.10025138260432379,0.1886375062845651,12.1359477124183,1.9575365155850022,0.0,0.9998927681613213,23.76088486676722,0.5110105580693816
QI-DMO c=0.0,n100 m10 uniform high,100,10,28,20000,49.606029819949185,49.606029819949185,29.29627793670478,47.06057394079924,0.05408892552717384,9.206331729888916,19923,0.4356963298139769,0.08275515334338863,0.17687280040221218,11.092307692307692,1.5559905636701301,0.0013333333333333333,0.9995748963557222,21.955455002513826,0.22916038210155856
QI-DMO c=0.0,n100 m10 uniform high,100,10,29,20000,48.43695495222788,48.43695495222788,28.955467125510307,47.06057394079924,0.02924700861404892,11.74422836303711,19923,0.3218200100553042,0.15751633986928104,0.18903971845148315,13.002061337355455,1.455604075691412,0.004597701149425287,0.9990391976724496,25.493715434891904,0.5104072398190045
QI-DMO c=0.25,n100 m10 uniform high,100,10,0,20000,48.987846472576244,48.987846472576244,29.27205836354826,47.06057394079924,0.040953018001893826,8.777933597564697,19923,0.0007038712921065862,0.02538964303670186,0.3446958270487682,20.799296128707894,1.355217587712694,0.15724137931034482,0.9311426726552707,29.236500754147812,12.362091503267974
QI-DMO c=0.25,n100 m10 uniform high,100,10,1,20000,48.92001152082432,48.92001152082432,29.256319992943816,47.06057394079924,0.03951157889328328,12.665608644485474,19923,0.0008547008547008547,0.02277526395173454,0.34132730015082957,22.648768225238815,1.5559905636701301,0.1309655172413793,0.9365711940998855,30.39979889391654,14.897737556561086
QI-DMO c=0.25,n100 m10 uniform high,100,10,2,20000,49.23258205488615,49.23258205488615,29.17078437491096,47.06057394079924,0.046153455689240716,11.104883909225464,19923,0.00040221216691804925,0.022423328305681247,0.34776269482151834,23.78044243338361,1.1042513677658987,0.18172413793103448,0.9298328915808952,33.19004524886878,14.370839617898442
QI-DMO c=0.25,n100 m10 uniform high,100,10,3,20000,48.83635705212775,48.83635705212775,29.110085738501486,47.06057394079924,0.0377339875531989,16.64413595199585,19923,0.0012066365007541479,0.0306184012066365,0.3442433383609854,22.513122171945703,1.5559905636701301,0.13595402298850576,0.9391456218897437,32.57415786827551,12.452086475615888
QI-DMO c=0.25,n100 m10 uniform high,100,10,4,20000,48.43634257767748,48.43634257767748,29.065331470761567,47.06057394079924,0.0292339961388681,11.379290580749512,19923,0.0018099547511312218,0.025992961287078935,0.34167923579688286,21.62126696832579,1.455604075691412,0.10675862068965516,0.9567519310852712,31.02694821518351,12.215585721468074
QI-DMO c=0.25,n100 m10 uniform high,100,10,5,20000,48.62388066039133,48.62388066039133,29.032440901953617,47.06057394079924,0.03321903216817295,20.251293420791626,19923,0.0015082956259426848,0.031724484665661135,0.34399195575666164,21.60517848164907,1.355217587712694,0.13917241379310347,0.9368289736409043,32.1965811965812,11.013775766716943
QI-DMO c=0.25,n100 m10 uniform high,100,10,6,20000,49.21009899836904,49.21009899836904,29.24358734035939,47.06057394079924,0.04567570850865186,9.672015190124512,19923,0.0032679738562091504,0.03408748114630467,0.3394670688788336,21.429462041226746,1.9575365155850022,0.07673563218390805,0.9598483972764614,33.04746103569633,9.811463046757165
QI-DMO c=0.25,n100 m10 uniform high,100,10,7,20000,48.79933239352503,48.79933239352503,28.940561676358104,47.06057394079924,0.0369472428218384,11.496614694595337,19923,0.002011060834590246,0.026897938662644547,0.3421820010055304,22.091704374057315,1.3050243437233349,0.10551724137931034,0.9569956676361642,31.877626948215184,12.305781799899448
QI-DMO c=0.25,n100 m10 uniform high,100,10,8,20000,48.67044476565331,48.67044476565331,29.191847992562952,47.06057394079924,0.034208482601152265,11.255368709564209,19923,0.000955253896430367,0.03036701860231272,0.3426344896933132,20.396178984414277,1.3050243437233349,0.14482758620689654,0.9332544548137645,28.630769230769232,12.161588738059326
QI-DMO c=0.25,n100 m10 uniform high,100,10,9,20000,48.87903363519579,48.87903363519579,29.24139409034867,47.06057394079924,0.0386408312122185,12.212688684463501,19923,0.0015082956259426848,0.03092006033182504,0.3400201106083459,20.78255404725993,1.1544446117552578,0.11455172413793104,0.9492137276282289,28.805228758169935,12.759879336349925
QI-DMO c=0.25,n100 m10 uniform high,100,10,10,20000,48.9228583943738,48.9228583943738,29.139317118908934,47.06057394079924,0.039572072706067225,9.709398031234741,19923,0.0011060834590246355,0.031473102061337355,0.34258421317244847,20.630165912518855,1.4054108317020528,0.11059770114942528,0.9504520259590017,29.597385620915034,11.662946204122674
QI-DMO c=0.25,n100 m10 uniform high,100,10,11,20000,48.88199260430069,48.88199260430069,29.191226336560458,47.06057394079924,0.03870370696695589,16.000205516815186,19923,0.0036701860231271996,0.038763197586727,0.338562091503268,19.747662141779788,1.5559905636701301,0.0927816091954023,0.9571077795245986,29.806938159879337,9.68838612368024
QI-DMO c=0.25,n100 m10 uniform high,100,10,12,20000,48.77148779557292,48.77148779557292,29.12308664584483,47.06057394079924,0.0363555671234685,10.806737899780273,19923,0.0014580191050779286,0.02679738562091503,0.3418803418803419,21.82750125691302,1.3050243437233349,0.11724137931034483,0.9499725164675623,30.13836098541981,13.516641528406234
QI-DMO c=0.25,n100 m10 uniform high,100,10,13,20000,48.69395576905493,48.69395576905493,29.102061601404078,47.06057394079924,0.03470807284055732,13.101419448852539,19923,0.001558572146807441,0.025842131724484664,0.34067370537958774,22.91427853192559,1.1544446117552578,0.11209195402298851,0.9426575035063877,31.83278029160382,13.99577677224736
QI-DMO c=0.25,n100 m10 uniform high,100,10,14,20000,49.101254212468056,49.101254212468056,29.148182117452617,47.06057394079924,0.04336284283816709,15.849056243896484,19923,0.00025138260432378077,0.023881347410759174,0.34248366013071896,22.873805932629462,1.0038648797871808,0.135816091954023,0.9345358959444394,31.76701860231272,13.980593262946204
QI-DMO c=0.25,n100 m10 uniform high,100,10,15,20000,48.9770157886707,48.9770157886707,29.130885447910664,47.06057394079924,0.040722874529373274,15.08487868309021,19923,0.0014077425842131724,0.03448969331322273,0.33619909502262446,20.81900452488688,1.455604075691412,0.10954022988505746,0.953513957821658,31.141779788838612,10.496229260935143
QI-DMO c=0.25,n100 m10 uniform high,100,10,16,20000,49.09841875365499,49.09841875365499,29.202502460811978,47.06057394079924,0.043302591579509817,12.041393995285034,19923,0.00065359477124183,0.027853192559074914,0.3458521870286576,21.726395173453998,1.2046378557446167,0.15544827586206897,0.9438542659577086,30.53655103066868,12.916239316239317
QI-DMO c=0.25,n100 m10 uniform high,100,10,17,20000,49.25133107783503,49.25133107783503,29.07828034834049,47.06057394079924,0.04655185760785028,13.303439617156982,19923,0.0017596782302664656,0.02895927601809955,0.3461035696329814,21.72885872297637,1.656377051648848,0.10629885057471265,0.9446672415794174,31.195274007038712,12.262443438914028
QI-DMO c=0.25,n100 m10 uniform high,100,10,18,20000,48.838623926193925,48.838623926193925,29.051604533232602,47.06057394079924,0.0377821568353888,12.961279153823853,19923,0.0005027652086475615,0.030517848164906988,0.34228255404725993,20.552438411261942,1.5559905636701301,0.15535632183908046,0.9307885761676585,29.61870286576169,11.486173956762192
QI-DMO c=0.25,n100 m10 uniform high,100,10,19,20000,49.25118152951918,49.25118152951918,29.21343833304885,47.06057394079924,0.046548679824339995,12.97339940071106,19923,0.0007541478129713424,0.022825540472599295,0.34258421317244847,24.205530417295122,1.1544446117552578,0.12098850574712644,0.9458961467334974,33.57094017094017,14.840120663650076
QI-DMO c=0.25,n100 m10 uniform high,100,10,20,20000,48.53300682781183,48.53300682781183,29.07058683220678,47.06057394079924,0.031288035051694654,12.528167963027954,19923,0.000955253896430367,0.024434389140271493,0.3480140774258421,24.57998994469583,1.8571500276062842,0.17558620689655172,0.9258508815602418,35.25118149824032,13.908798391151333
QI-DMO c=0.25,n100 m10 uniform high,100,10,21,20000,48.653661558609045,48.653661558609045,28.93534636233272,47.06057394079924,0.03385185271675316,13.661380052566528,19923,0.0020613373554550026,0.03167420814479638,0.3405228758169935,22.59627953745601,1.455604075691412,0.0999080459770115,0.9584420190953629,32.76380090497737,12.42875816993464
QI-DMO c=0.25,n100 m10 uniform high,100,10,22,20000,49.112546454100084,49.112546454100084,29.301142028928638,47.06057394079924,0.043602794047564425,12.568310737609863,19923,0.0008044243338360985,0.027551533433886374,0.3452991452991453,22.052086475615887,1.5559905636701301,0.14236781609195404,0.9403414779390648,31.49069884364002,12.613474107591754
QI-DMO c=0.25,n100 m10 uniform high,100,10,23,20000,48.67862252647554,48.67862252647554,29.137265448465282,47.06057394079924,0.03438225355499831,11.456361532211304,19923,0.0038712921065862244,0.03443941679235797,0.3376571141277024,21.075816993464052,1.5559905636701301,0.04703448275862069,0.9708365777164254,30.849974861739568,11.301659125188538
QI-DMO c=0.25,n100 m10 uniform high,100,10,24,20000,48.87509744395196,48.87509744395196,29.289754362492285,47.06057394079924,0.03855719025941621,13.481318950653076,19923,0.00040221216691804925,0.022724987430869783,0.3417797888386124,23.24228255404726,1.1042513677658987,0.1221609195402299,0.9450996284091789,31.343288084464554,15.141277023629964
QI-DMO c=0.25,n100 m10 uniform high,100,10,25,20000,49.3926238315457,49.3926238315457,29.453138450288264,47.06057394079924,0.049554216947717396,22.95014524459839,19923,0.0005027652086475615,0.023076923076923078,0.34796380090497736,22.198190045248868,1.4054108317020528,0.12636781609195402,0.9424343410531573,30.071392659627953,14.324987430869784
QI-DMO c=0.25,n100 m10 uniform high,100,10,26,20000,48.97150622804473,48.97150622804473,29.089066211040464,47.06057394079924,0.04060580072077719,12.123507022857666,19923,0.0010558069381598793,0.031473102061337355,0.3424333836098542,20.577526395173454,1.3050243437233349,0.13613793103448274,0.943217734007318,28.75515334338864,12.39989944695827
QI-DMO c=0.25,n100 m10 uniform high,100,10,27,20000,49.36935312445768,49.36935312445768,29.308007179966054,47.06057394079924,0.049059732815048496,17.773926734924316,19923,0.0018602312719959778,0.03886375062845651,0.3375062845651081,21.88521870286576,1.1544446117552578,0.0977471264367816,0.9527583701967657,32.05771744595274,11.712719959778783
QI-DMO c=0.25,n100 m10 uniform high,100,10,28,20000,48.972056823338434,48.972056823338434,29.211682108235483,47.06057394079924,0.04061750043558295,13.608267545700073,19923,0.0008547008547008547,0.026143790849673203,0.3434389140271493,22.963046757164403,1.656377051648848,0.18045977011494252,0.9324972513731039,32.889089994972345,13.03700351935646
QI-DMO c=0.25,n100 m10 uniform high,100,10,29,20000,48.82071308626244,48.82071308626244,28.975991590639534,47.06057394079924,0.03740156564340674,20.22091555595398,19923,0.0016591251885369532,0.03177476118652589,0.3404725992961287,21.77094017094017,1.756763539627566,0.09133333333333332,0.958697287891168,31.13192559074912,12.409954751131222
QI-DMO c=0.5,n100 m10 uniform high,100,10,0,20000,49.19917116608425,49.19917116608425,29.11268795002607,47.06057394079924,0.04544350070985749,13.331854104995728,19923,0.0,0.010658622423328306,0.3523378582202112,28.81850175967823,1.1042513677658987,0.3353563218390805,0.8604936250069444,36.37194570135747,21.265057817998994
QI-DMO c=0.5,n100 m10 uniform high,100,10,1,20000,49.0896316951493,49.0896316951493,29.11654850080946,47.06057394079924,0.04311587353147362,14.116347789764404,19923,0.0,0.014027149321266969,0.3469079939668175,27.521417797888386,1.1042513677658987,0.2908965517241379,0.8901447544918939,35.48878833584716,19.554047259929614
QI-DMO c=0.5,n100 m10 uniform high,100,10,2,20000,50.53429333917849,50.53429333917849,29.595383988033806,47.06057394079924,0.07381379161990427,15.2136869430542,19923,0.0,0.008195072900955254,0.35138260432378077,31.05304172951232,1.355217587712694,0.34793103448275864,0.8531409404531609,36.60683760683761,25.499245852187027
QI-DMO c=0.5,n100 m10 uniform high,100,10,3,20000,50.019563184331034,50.019563184331034,29.7663948628783,47.06057394079924,0.06287618266734517,17.311529397964478,19923,5.0276520864756156e-05,0.010256410256410256,0.3516339869281046,30.14323780794369,1.505797319680771,0.3158850574712644,0.8755635454313494,36.66928104575163,23.617194570135748
QI-DMO c=0.5,n100 m10 uniform high,100,10,4,20000,49.51216729922635,49.51216729922635,29.3839967442406,47.06057394079924,0.05209442114988101,19.255650281906128,19923,0.0,0.011161387631975868,0.34932126696832577,29.32312719959779,1.455604075691412,0.2924827586206897,0.874237068768636,34.341578682755156,24.30467571644042
QI-DMO c=0.5,n100 m10 uniform high,100,10,5,20000,48.732273438728754,48.732273438728754,29.092499275604887,47.06057394079924,0.03552229303519467,20.05743980407715,19923,0.0,0.013122171945701358,0.35128205128205126,28.489492207139264,1.355217587712694,0.33450574712643677,0.8766749627233944,35.194871794871794,21.784112619406738
QI-DMO c=0.5,n100 m10 uniform high,100,10,6,20000,50.167378169712435,50.167378169712435,29.381747295428845,47.06057394079924,0.06601713427510389,16.383809089660645,19923,0.0,0.011362493715434891,0.35037707390648565,28.690095525389644,1.505797319680771,0.28595402298850575,0.8743599350144157,36.811563599798895,20.568627450980394
QI-DMO c=0.5,n100 m10 uniform high,100,10,7,20000,49.62229539963767,49.62229539963767,29.435104481925123,47.06057394079924,0.054434556239390565,15.785340070724487,19923,0.0,0.009100050276520865,0.34660633484162895,29.46259426847662,1.3050243437233349,0.3138390804597701,0.8651482550058389,35.569934640522874,23.355253896430366
QI-DMO c=0.5,n100 m10 uniform high,100,10,8,20000,49.67364870891767,49.67364870891767,29.52653958672496,47.06057394079924,0.05552577347241023,12.623305559158325,19923,0.0,0.01060834590246355,0.35213675213675216,29.02503770739065,1.656377051648848,0.2691264367816092,0.8896945812829097,37.04504776269482,21.005027652086476
QI-DMO c=0.5,n100 m10 uniform high,100,10,9,20000,49.82709796899122,49.82709796899122,29.44715663828051,47.06057394079924,0.058786448964098556,12.290627002716064,19923,0.0,0.009150326797385621,0.3494218200100553,28.182151835093013,1.0540581237765396,0.33627586206896554,0.8632410317785263,34.026646556058324,22.3376571141277
QI-DMO c=0.5,n100 m10 uniform high,100,10,10,20000,49.83866122558527,49.83866122558527,29.51880452017455,47.06057394079924,0.05903215902723118,12.201167821884155,19923,5.0276520864756156e-05,0.013474107591754651,0.34821518350930114,28.846606334841628,1.606183807659489,0.2197471264367816,0.9022087528533285,36.421518350930114,21.27169431875314
QI-DMO c=0.5,n100 m10 uniform high,100,10,11,20000,49.03318392102439,49.03318392102439,29.271023627633745,47.06057394079924,0.04191640294711735,18.17375612258911,19923,0.00015082956259426848,0.011362493715434891,0.35118149824032174,28.184816490698843,1.1042513677658987,0.2804597701149425,0.8796218676797322,35.72579185520362,20.64384112619407
QI-DMO c=0.5,n100 m10 uniform high,100,10,12,20000,49.91680021208743,49.91680021208743,29.214074703685753,47.06057394079924,0.06069255073007054,17.084632635116577,19923,0.00010055304172951231,0.01216691804927099,0.347209653092006,28.4420814479638,1.8069567836169251,0.2274022988505747,0.9001182821634741,37.38622423328306,19.497938662644543
QI-DMO c=0.5,n100 m10 uniform high,100,10,13,20000,49.629892110529745,49.629892110529745,29.43252221370574,47.06057394079924,0.05459598034147717,17.346831798553467,19923,0.0,0.013122171945701358,0.34947209653092004,28.985771744595272,1.0038648797871808,0.2877241379310345,0.8689680781246228,36.72669683257919,21.24484665661136
QI-DMO c=0.5,n100 m10 uniform high,100,10,14,20000,49.9908590265369,49.9908590265369,29.242545488062376,47.06057394079924,0.06226624200172047,16.159586429595947,19923,5.0276520864756156e-05,0.011362493715434891,0.34811463046757163,28.19597787833082,1.0540581237765396,0.31080459770114943,0.8752104510810643,35.73966817496229,20.652287581699348
QI-DMO c=0.5,n100 m10 uniform high,100,10,15,20000,50.04103851357873,50.04103851357873,29.688683598412144,47.06057394079924,0.0633325164399572,15.870747327804565,19923,0.0,0.008949220713926596,0.35535444947209655,31.41588738059326,1.1544446117552578,0.30517241379310345,0.8748635704926949,38.567722473604825,24.2640522875817
QI-DMO c=0.5,n100 m10 uniform high,100,10,16,20000,49.840360478050656,49.840360478050656,29.473561437242743,47.06057394079924,0.05906826679904721,15.726948738098145,19923,0.0,0.010306686777275012,0.34992458521870284,30.80804424333836,1.2548310997339758,0.32875862068965517,0.876549355275256,36.815384615384616,24.800703871292107
QI-DMO c=0.5,n100 m10 uniform high,100,10,17,20000,48.88366445249692,48.88366445249692,29.14319170068049,47.06057394079924,0.03873923241971247,16.61135745048523,19923,0.0,0.011362493715434891,0.34947209653092004,29.311513323278028,1.656377051648848,0.23103448275862068,0.8966022804847505,37.539668174962294,21.083358471593765
QI-DMO c=0.5,n100 m10 uniform high,100,10,18,20000,49.93915821718189,49.93915821718189,29.386456924853995,47.06057394079924,0.061167640666767574,14.127030849456787,19923,0.0,0.010256410256410256,0.3537958773252891,28.85837104072398,1.656377051648848,0.25942528735632187,0.886964633671374,36.3771744595274,21.339567621920562
QI-DMO c=0.5,n100 m10 uniform high,100,10,19,20000,49.45117751916548,49.45117751916548,29.45345181391694,47.06057394079924,0.05079843652934518,26.306578159332275,19923,0.00010055304172951231,0.010507792860734038,0.35082956259426845,29.525389643036704,1.2548310997339758,0.2637701149425287,0.8949524515212458,36.73142282554047,22.31935646053293
QI-DMO c=0.5,n100 m10 uniform high,100,10,20,20000,49.39047786131003,49.39047786131003,29.463164690083396,47.06057394079924,0.049508616776364485,27.36469864845276,19923,0.0,0.011060834590246356,0.35274007038712923,29.22388134741076,1.656377051648848,0.27986206896551724,0.8799996778639797,37.63921568627451,20.80854700854701
QI-DMO c=0.5,n100 m10 uniform high,100,10,21,20000,49.679543440039055,49.679543440039055,29.206294229948092,47.06057394079924,0.05565103184959879,18.891295909881592,19923,0.0,0.010658622423328306,0.3547511312217195,27.610306686777275,1.4054108317020528,0.27395402298850574,0.8917432420259466,33.852388134741076,21.368225238813473
QI-DMO c=0.5,n100 m10 uniform high,100,10,22,20000,49.39477564543361,49.39477564543361,29.504228537561588,47.06057394079924,0.04959994129206177,15.283754110336304,19923,0.0,0.011161387631975868,0.349270990447461,28.398089492207138,1.606183807659489,0.3506896551724138,0.8594711341873436,36.494419306184014,20.301759678230265
QI-DMO c=0.5,n100 m10 uniform high,100,10,23,20000,49.26876662818761,49.26876662818761,29.23779279518496,47.06057394079924,0.046922349271945024,13.322233200073242,19923,0.0,0.010558069381598794,0.3520864756158874,29.10432378079437,1.1042513677658987,0.2747816091954023,0.882561135264996,37.178682755153346,21.029964806435395
QI-DMO c=0.5,n100 m10 uniform high,100,10,24,20000,49.7293595579892,49.7293595579892,29.364834004387056,47.06057394079924,0.05670958498184089,16.5406756401062,19923,5.0276520864756156e-05,0.01060834590246355,0.3541478129713424,28.57365510306687,1.1544446117552578,0.3312873563218391,0.8658443625358355,35.49864253393665,21.648667672197085
QI-DMO c=0.5,n100 m10 uniform high,100,10,25,20000,49.437188864223444,49.437188864223444,29.283193189120315,47.06057394079924,0.05050118866833021,21.73558282852173,19923,0.0,0.011060834590246356,0.3465560583207642,28.22021116138763,1.2548310997339758,0.23577011494252872,0.9003993487294258,36.112016088486676,20.328406234288586
QI-DMO c=0.5,n100 m10 uniform high,100,10,26,20000,50.16905310719734,50.16905310719734,29.62756172481457,47.06057394079924,0.06605272537280307,22.085927486419678,19923,0.0,0.007692307692307693,0.35153343388637504,28.95284062342886,1.0038648797871808,0.34772413793103446,0.8483725469762876,33.89140271493213,24.01427853192559
QI-DMO c=0.5,n100 m10 uniform high,100,10,27,20000,49.86054311721159,49.86054311721159,29.317201771473375,47.06057394079924,0.059497131929045946,16.060787200927734,19923,0.0,0.009753645047762695,0.3558572146807441,29.59376571141277,1.3050243437233349,0.28186206896551724,0.8757972077695229,36.6429361488185,22.54459527400704
QI-DMO c=0.5,n100 m10 uniform high,100,10,28,20000,49.67300555064142,49.67300555064142,29.098648666067568,47.06057394079924,0.055512106867386314,14.214708089828491,19923,0.00010055304172951231,0.012870789341377576,0.35455002513826045,28.018954248366015,1.2046378557446167,0.319448275862069,0.8654293936667259,36.156359979889395,19.881548516842635
QI-DMO c=0.5,n100 m10 uniform high,100,10,29,20000,49.71113895940735,49.71113895940735,29.59239798908191,47.06057394079924,0.05632241166336905,18.174771785736084,19923,0.00010055304172951231,0.012669683257918552,0.35002513826043236,28.07008547008547,1.2046378557446167,0.2732413793103448,0.8863156153391866,36.129210658622426,20.010960281548517
QI-DMO c=1.0,n100 m10 uniform high,100,10,0,20000,50.41226829089585,50.41226829089585,29.214483750268066,47.06057394079924,0.07122085579136676,21.19634199142456,19923,0.0,0.005279034690799397,0.3560080442433384,36.68964303670186,1.4054108317020528,0.40386206896551724,0.8060692189885513,43.03790849673203,30.341377576671693
QI-DMO c=1.0,n100 m10 uniform high,100,10,1,20000,51.280694866807124,51.280694866807124,29.953673348846877,47.06057394079924,0.08967423413315506,24.657744646072388,19923,0.0,0.006787330316742082,0.35555555555555557,35.9771744595274,1.1042513677658987,0.41101149425287353,0.8273001703664943,40.500251382604326,31.454097536450476
QI-DMO c=1.0,n100 m10 uniform high,100,10,2,20000,50.969933137534895,50.969933137534895,29.949053579183385,47.06057394079924,0.08307079300931416,19.655373096466064,19923,0.0,0.004524886877828055,0.3535947712418301,37.02267471091,1.2046378557446167,0.4329655172413793,0.8119411866679813,42.30065359477124,31.74469582704877
QI-DMO c=1.0,n100 m10 uniform high,100,10,3,20000,51.11069174422828,51.11069174422828,29.718431973306814,47.06057394079924,0.086061802147249,21.347853422164917,19923,0.0,0.006485671191553545,0.3576671694318753,36.883559577677225,0.9536716357978217,0.5111494252873563,0.7810755305228217,41.50950226244344,32.25761689291101
QI-DMO c=1.0,n100 m10 uniform high,100,10,4,20000,50.62697767053058,50.62697767053058,29.42679947707069,47.06057394079924,0.07578326040429868,16.538513898849487,19923,0.0,0.0069381598793363496,0.35429864253393667,36.21689291101056,1.1544446117552578,0.391103448275862,0.8224953487739305,41.207340372046254,31.22644544997486
QI-DMO c=1.0,n100 m10 uniform high,100,10,5,20000,50.393216321988135,50.393216321988135,29.561479617277293,47.06057394079924,0.0708160165105776,14.96025538444519,19923,0.0,0.005379587732528909,0.351332327802916,36.08129713423831,1.2046378557446167,0.4340459770114943,0.806005200658516,43.35012569130216,28.81246857717446
QI-DMO c=1.0,n100 m10 uniform high,100,10,6,20000,50.931511187556545,50.931511187556545,30.06253983925706,47.06057394079924,0.0822543569406278,19.326232433319092,19923,0.0,0.006787330316742082,0.35545500251382606,36.08682755153343,0.9536716357978217,0.40636781609195405,0.8220944945448941,41.65530417295123,30.518350930115638
QI-DMO c=1.0,n100 m10 uniform high,100,10,7,20000,49.549338614133376,49.549338614133376,29.448799083259182,47.06057394079924,0.05288428221179215,18.31880497932434,19923,0.0,0.005379587732528909,0.34489693313222725,36.876269482151834,1.1042513677658987,0.43225287356321834,0.7998315398346347,42.53403720462544,31.21850175967823
QI-DMO c=1.0,n100 m10 uniform high,100,10,8,20000,49.78481824780232,49.78481824780232,29.297634229495905,47.06057394079924,0.0578880383063347,17.198803901672363,19923,0.0,0.005279034690799397,0.35354449472096533,36.4270990447461,1.1544446117552578,0.4962528735632184,0.7839919195908407,40.97305178481649,31.881146304675717
QI-DMO c=1.0,n100 m10 uniform high,100,10,9,20000,51.68049774773928,51.68049774773928,30.05703117590721,47.06057394079924,0.09816972935246746,15.060313940048218,19923,0.0,0.007239819004524887,0.35605832076420313,36.40231271995978,1.355217587712694,0.445632183908046,0.8027509091100975,41.10226244343892,31.702362996480645
QI-DMO c=1.0,n100 m10 uniform high,100,10,10,20000,50.86606197793027,50.86606197793027,29.60031925542908,47.06057394079924,0.0808636129665189,24.774133920669556,19923,0.0,0.003770739064856712,0.3549522373051785,36.49235796882856,0.7027054158510264,0.44797701149425284,0.8068385060244218,40.87209653092006,32.11261940673705
QI-DMO c=1.0,n100 m10 uniform high,100,10,11,20000,50.96471348107925,50.96471348107925,29.62352140163968,47.06057394079924,0.08295987943519986,23.20272421836853,19923,0.0,0.004876822523881347,0.3517345399698341,35.822926093514326,0.9536716357978217,0.4451494252873563,0.7992772422837936,39.804625439919555,31.8412267471091
QI-DMO c=1.0,n100 m10 uniform high,100,10,12,20000,50.818392546595106,50.818392546595106,29.63516643095053,47.06057394079924,0.07985067522812386,22.35682725906372,19923,0.0,0.005279034690799397,0.35258924082453497,37.375867269984916,0.9034783918084626,0.435632183908046,0.8098306423795296,44.448265460030164,30.303469079939667
QI-DMO c=1.0,n100 m10 uniform high,100,10,13,20000,50.443413141417246,50.443413141417246,29.79406286432216,47.06057394079924,0.07188265924834483,19.58996844291687,19923,0.0,0.007290095525389643,0.35786827551533434,35.39668174962293,0.9034783918084626,0.40788505747126436,0.8191857760123755,41.45168426344897,29.34167923579688
QI-DMO c=1.0,n100 m10 uniform high,100,10,14,20000,51.13155806739433,51.13155806739433,29.778211990283012,47.06057394079924,0.08650519502197883,15.988654851913452,19923,0.0,0.0058320764203117145,0.35786827551533434,36.28195072900955,1.0540581237765396,0.3757701149425287,0.8435946894711996,42.306083459024634,30.25781799899447
QI-DMO c=1.0,n100 m10 uniform high,100,10,15,20000,50.69434718821194,50.69434718821194,29.80958462117034,47.06057394079924,0.07721480940678456,18.64971613883972,19923,0.0,0.00522875816993464,0.35500251382604325,35.65475113122172,1.2548310997339758,0.3842068965517242,0.8311623236901797,41.62403217697335,29.685470085470087
QI-DMO c=1.0,n100 m10 uniform high,100,10,16,20000,50.04814413481068,50.04814413481068,29.550270131699815,47.06057394079924,0.0634835052749189,16.039313793182373,19923,0.0,0.005429864253393665,0.3536953242835596,36.431020613373555,1.355217587712694,0.43110344827586206,0.8123631118085342,42.50487682252388,30.357164404223226
QI-DMO c=1.0,n100 m10 uniform high,100,10,17,20000,49.65358823291301,49.65358823291301,29.08073438599498,47.06057394079924,0.055099504212925754,19.67507791519165,19923,0.0,0.004876822523881347,0.35635997988939166,35.89095022624434,1.455604075691412,0.4635402298850575,0.7970016256113344,41.250879839115136,30.531020613373556
QI-DMO c=1.0,n100 m10 uniform high,100,10,18,20000,50.714505412186405,50.714505412186405,29.714545437546224,47.06057394079924,0.07764315573336826,13.32637882232666,19923,0.0,0.005027652086475616,0.3504273504273504,36.15475113122172,1.4054108317020528,0.4343218390804598,0.821229334824053,41.866163901458016,30.44333836098542
QI-DMO c=1.0,n100 m10 uniform high,100,10,19,20000,49.640762380035866,49.640762380035866,29.35164247789461,47.06057394079924,0.054826964976721855,14.804958820343018,19923,0.0,0.0058823529411764705,0.3555052790346908,37.69436902966315,0.9536716357978217,0.5305977011494253,0.7551516637073551,43.2385118149824,32.15022624434389
QI-DMO c=1.0,n100 m10 uniform high,100,10,20,20000,50.64523371983138,50.64523371983138,29.629845850986314,47.06057394079924,0.07617118702252837,22.41822838783264,19923,0.0,0.005027652086475616,0.3561085972850679,35.67948717948718,1.4054108317020528,0.4862988505747126,0.7738045115919241,41.085470085470085,30.273504273504273
QI-DMO c=1.0,n100 m10 uniform high,100,10,21,20000,50.49965885066541,50.49965885066541,29.710035227350595,47.06057394079924,0.07307783611378046,17.228091955184937,19923,0.0,0.00522875816993464,0.35761689291101056,35.895324283559574,0.9536716357978217,0.39841379310344827,0.8401970446155651,42.125389643036705,29.665258924082455
QI-DMO c=1.0,n100 m10 uniform high,100,10,22,20000,50.90364891589843,50.90364891589843,29.9399702393193,47.06057394079924,0.08166230568997443,17.433332920074463,19923,0.0,0.005027652086475616,0.35731523378582203,36.64871794871795,1.3050243437233349,0.5100229885057471,0.7933709005478805,41.529210658622425,31.768225238813475
QI-DMO c=1.0,n100 m10 uniform high,100,10,23,20000,50.90583373072538,50.90583373072538,29.682262389876854,47.06057394079924,0.08170873127818964,22.900995016098022,19923,0.0,0.006083459024635495,0.35877325289089995,36.52342885872298,1.0540581237765396,0.4072413793103448,0.8150579543104743,42.57938662644545,30.4674710910005
QI-DMO c=1.0,n100 m10 uniform high,100,10,24,20000,51.452842675329904,51.452842675329904,29.637747097972404,47.06057394079924,0.09333223900022994,16.298511505126953,19923,0.0,0.005128205128205128,0.35696329813976874,36.23564605329311,0.9034783918084626,0.5022758620689656,0.7875360223716634,41.561488185017595,30.909803921568628
QI-DMO c=1.0,n100 m10 uniform high,100,10,25,20000,50.57606091299343,50.57606091299343,29.71253991781952,47.06057394079924,0.074701319550768,14.593427658081055,19923,0.0,0.005128205128205128,0.3541478129713424,37.514529914529916,1.505797319680771,0.4641149425287356,0.8080618974093162,43.00462543991956,32.024434389140275
QI-DMO c=1.0,n100 m10 uniform high,100,10,26,20000,50.50532362491473,50.50532362491473,29.680657549072624,47.06057394079924,0.07319820808919336,14.927262544631958,19923,0.0,0.005077928607340372,0.35228758169934643,36.988738059326295,1.2046378557446167,0.4805287356321839,0.7871080230457081,41.85108094519859,32.126395173454
QI-DMO c=1.0,n100 m10 uniform high,100,10,27,20000,50.48124962099479,50.48124962099479,29.601805705784816,47.06057394079924,0.07268665453376442,19.033064126968384,19923,0.0,0.0059326294620412265,0.357114127702363,35.90065359477124,0.7027054158510264,0.42894252873563216,0.7883785176571041,40.462543991955755,31.338763197586726
QI-DMO c=1.0,n100 m10 uniform high,100,10,28,20000,51.073404569001035,51.073404569001035,29.74387035046498,47.06057394079924,0.08526947914510807,15.960422992706299,19923,0.0,0.005580693815987934,0.35615887380593264,37.881548516842635,1.3050243437233349,0.5115172413793103,0.7764711926178447,43.277626948215186,32.485470085470084
QI-DMO c=1.0,n100 m10 uniform high,100,10,29,20000,51.20465708977098,51.20465708977098,29.996791243647436,47.06057394079924,0.08805849147069211,19.059136867523193,19923,0.0,0.006033182503770739,0.35419808949220716,36.01910507792861,1.3050243437233349,0.4652413793103448,0.7922292690416756,41.61558572146807,30.42262443438914
QI-DMO c=2.0,n100 m10 uniform high,100,10,0,20000,52.82635559349446,52.82635559349446,30.622095466336592,47.06057394079924,0.12251830289933144,18.045543909072876,19923,0.0,0.002513826043237808,0.3549522373051785,44.47088989441931,0.9034783918084626,0.6068275862068966,0.7158821269376314,48.74529914529914,40.196480643539466
QI-DMO c=2.0,n100 m10 uniform high,100,10,1,20000,51.8635058693156,51.8635058693156,30.02512557080375,47.06057394079924,0.10205850728803917,22.084193468093872,19923,0.0,0.00196078431372549,0.35671191553544496,44.54615384615385,1.2548310997339758,0.5791724137931035,0.7109245349023644,48.42966314731021,40.662644544997484
QI-DMO c=2.0,n100 m10 uniform high,100,10,2,20000,52.44822246585828,52.44822246585828,30.657439692398516,47.06057394079924,0.1144832728099861,17.64580512046814,19923,0.0,0.0027149321266968325,0.35455002513826045,44.76420311714429,1.0540581237765396,0.5127586206896552,0.7518051754411973,48.2395173453997,41.28888888888889
QI-DMO c=2.0,n100 m10 uniform high,100,10,3,20000,52.56669896270946,52.56669896270946,30.66101171507889,47.06057394079924,0.11700080472534735,21.274980068206787,19923,0.0,0.0029663147310206132,0.35796882855706386,44.89773755656108,1.0540581237765396,0.5972643678160919,0.7136471730070199,49.252187028657616,40.54328808446456
QI-DMO c=2.0,n100 m10 uniform high,100,10,4,20000,52.01476884300327,52.01476884300327,30.241204416960496,47.06057394079924,0.10527272592204795,14.149678468704224,19923,0.0,0.003519356460532931,0.35580693815987935,45.364152840623426,1.0038648797871808,0.614183908045977,0.6986029459887069,49.230165912518856,41.498139768728
QI-DMO c=2.0,n100 m10 uniform high,100,10,5,20000,52.18702148989436,52.18702148989436,30.480810130360066,47.06057394079924,0.10893295852158624,18.659908533096313,19923,0.0,0.0030668677727501256,0.3502262443438914,44.64002011060835,0.8532851478191036,0.5977241379310345,0.697392849784448,48.97305178481649,40.306988436400204
QI-DMO c=2.0,n100 m10 uniform high,100,10,6,20000,51.989318520797994,51.989318520797994,30.24468369190848,47.06057394079924,0.10473192669088495,26.30854868888855,19923,0.0,0.0026646556058320765,0.35525389643036703,45.17310206133735,0.8532851478191036,0.6437931034482759,0.6913145589619147,49.20050276520865,41.145701357466066
QI-DMO c=2.0,n100 m10 uniform high,100,10,7,20000,51.71481205383936,51.71481205383936,30.322472751538154,47.06057394079924,0.09889888123538425,19.77444624900818,19923,0.0,0.003117144293614882,0.3572649572649573,45.76696832579186,1.2548310997339758,0.5548275862068965,0.7286009002861825,49.91503267973856,41.61890397184515
QI-DMO c=2.0,n100 m10 uniform high,100,10,8,20000,51.419547532261646,51.419547532261646,30.092883646591766,47.06057394079924,0.0926247435262023,24.138888835906982,19923,0.0,0.003217697335344394,0.3547008547008547,45.062745098039215,1.1544446117552578,0.5856781609195402,0.7315865452220839,48.85379587732529,41.27169431875314
QI-DMO c=2.0,n100 m10 uniform high,100,10,9,20000,52.33387513061996,52.33387513061996,30.680818783352336,47.06057394079924,0.11205348231524699,15.769914865493774,19923,0.0,0.0029663147310206132,0.35465057817998996,45.397486173956764,0.7528986598403855,0.5807126436781609,0.6959365210582366,48.56229260935143,42.23267973856209
QI-DMO c=2.0,n100 m10 uniform high,100,10,10,20000,52.30901790824069,52.30901790824069,30.163122412570658,47.06057394079924,0.11152528598660601,14.695038080215454,19923,0.0,0.0023629964806435393,0.352790346907994,44.944947209653094,0.8030919038297445,0.6544597701149425,0.6753416332181512,48.40221216691805,41.48768225238813
QI-DMO c=2.0,n100 m10 uniform high,100,10,11,20000,51.02840466490191,51.02840466490191,30.03904521730162,47.06057394079924,0.08431326675050936,19.038063764572144,19923,0.0,0.002011060834590246,0.35545500251382606,45.48014077425842,0.7027054158510264,0.6115862068965517,0.6881159148439644,49.07933634992459,41.88094519859226
QI-DMO c=2.0,n100 m10 uniform high,100,10,12,20000,53.08002440161636,53.08002440161636,30.28760255527155,47.06057394079924,0.12790856457444422,20.350717544555664,19923,0.0,0.002564102564102564,0.35661136249371544,45.53705379587733,1.2046378557446167,0.5856091954022988,0.7393206842289685,49.30517848164907,41.76892911010558
QI-DMO c=2.0,n100 m10 uniform high,100,10,13,20000,52.63538653805597,52.63538653805597,30.356443030529444,47.06057394079924,0.11846036141143698,21.172550201416016,19923,0.0,0.0034690799396681748,0.35580693815987935,45.001206636500754,0.9536716357978217,0.642022988505747,0.716793016046846,49.14670688788336,40.85570638511815
QI-DMO c=2.0,n100 m10 uniform high,100,10,14,20000,51.544028017836524,51.544028017836524,30.278479644804243,47.06057394079924,0.09526985545644502,21.69426202774048,19923,0.0,0.002513826043237808,0.35867269984917044,45.777124183006535,0.6023189278723083,0.5769655172413793,0.7399099375393141,49.54248366013072,42.01176470588236
QI-DMO c=2.0,n100 m10 uniform high,100,10,15,20000,51.80349839286947,51.80349839286947,30.00987666710705,47.06057394079924,0.10078339584291275,17.609652757644653,19923,0.0,0.002011060834590246,0.3519859225741579,45.39431875314228,1.2548310997339758,0.5548275862068965,0.7717252078771734,48.94248366013072,41.84615384615385
QI-DMO c=2.0,n100 m10 uniform high,100,10,16,20000,52.183558445982285,52.183558445982285,30.105426821516584,47.06057394079924,0.10885937157561244,18.33761191368103,19923,0.0,0.0029663147310206132,0.35490196078431374,44.88149824032177,0.9536716357978217,0.6146666666666667,0.7324303430238377,48.86375062845651,40.89924585218703
QI-DMO c=2.0,n100 m10 uniform high,100,10,17,20000,51.06420606910689,51.06420606910689,30.042289188356694,47.06057394079924,0.08507401829276662,17.900019645690918,19923,0.0,0.002865761689291101,0.3540472599296129,45.10588235294118,1.1042513677658987,0.6394942528735632,0.679707437332565,49.36973353443942,40.84203117144293
QI-DMO c=2.0,n100 m10 uniform high,100,10,18,20000,50.880010108903704,50.880010108903704,30.021125803039823,47.06057394079924,0.08115999972523073,16.95206379890442,19923,0.0,0.002815485168426345,0.3582704876822524,44.81573655103067,1.1544446117552578,0.5861149425287356,0.7017915682444102,48.611865258924084,41.01960784313726
QI-DMO c=2.0,n100 m10 uniform high,100,10,19,20000,52.22875164904059,52.22875164904059,30.144954813087292,47.06057394079924,0.10981969142031207,24.041544437408447,19923,0.0,0.003217697335344394,0.3551533433886375,44.350226244343894,0.7027054158510264,0.6403908045977011,0.6915189719459099,48.433584715937656,40.266867772750125
QI-DMO c=2.0,n100 m10 uniform high,100,10,20,20000,53.05300557362178,53.05300557362178,30.351022916806965,47.06057394079924,0.12733443583499088,25.654160261154175,19923,0.0,0.001256913021618904,0.3642031171442936,45.94228255404726,0.9536716357978217,0.6536551724137931,0.7063235596497353,48.84062342885872,43.0439416792358
QI-DMO c=2.0,n100 m10 uniform high,100,10,21,20000,52.59332229771229,52.59332229771229,30.30292106361412,47.06057394079924,0.11756652955132,19.644683837890625,19923,0.0,0.002513826043237808,0.36254399195575665,45.48260432378079,1.1042513677658987,0.6413333333333334,0.6950142660165919,49.47833081950729,41.4868778280543
QI-DMO c=2.0,n100 m10 uniform high,100,10,22,20000,52.33051880860251,52.33051880860251,30.406594648115043,47.06057394079924,0.11198216312518212,18.998024225234985,19923,0.0,0.003117144293614882,0.3573655103066868,44.647963800904975,0.7528986598403855,0.5740689655172414,0.740193800830108,48.41468074409251,40.88124685771744
QI-DMO c=2.0,n100 m10 uniform high,100,10,23,20000,52.35648642251145,52.35648642251145,30.568550670770875,47.06057394079924,0.11253395439618545,19.731224536895752,19923,0.0,0.0030668677727501256,0.35751633986928105,44.92036199095023,1.2046378557446167,0.6156781609195402,0.7064058604828138,48.77707390648567,41.063650075414785
QI-DMO c=2.0,n100 m10 uniform high,100,10,24,20000,52.16713075749836,52.16713075749836,30.301139755820884,47.06057394079924,0.10851029617962199,27.166298389434814,19923,0.0,0.0027149321266968325,0.356913021618904,45.56998491704374,0.9536716357978217,0.5768505747126437,0.7189819567993275,48.72056309703368,42.4194067370538
QI-DMO c=2.0,n100 m10 uniform high,100,10,25,20000,52.440452546741724,52.440452546741724,30.6100478909217,47.06057394079924,0.11431816817003146,19.970834493637085,19923,0.0,0.0024132730015082957,0.3565610859728507,45.5342383107089,1.606183807659489,0.5997701149425287,0.7171797433164974,48.94218200100553,42.12629462041227
QI-DMO c=2.0,n100 m10 uniform high,100,10,26,20000,51.63998486029934,51.63998486029934,29.9764414949581,47.06057394079924,0.09730886251537996,22.19722557067871,19923,0.0,0.003519356460532931,0.3567621920563097,44.48280542986425,0.6023189278723083,0.5797931034482758,0.7183363937522149,48.772146807440926,40.19346405228758
QI-DMO c=2.0,n100 m10 uniform high,100,10,27,20000,50.9954665518004,50.9954665518004,30.15965632629298,47.06057394079924,0.08361335788108183,22.324108600616455,19923,0.0,0.0030165912518853697,0.35651080945198593,45.04605329311212,1.0540581237765396,0.6364597701149425,0.7254542337247308,48.859929612870786,41.23217697335345
QI-DMO c=2.0,n100 m10 uniform high,100,10,28,20000,52.951078904998354,52.951078904998354,30.44684672113806,47.06057394079924,0.12516857468863835,17.67628026008606,19923,0.0,0.002564102564102564,0.35248868778280545,45.66827551533434,1.3050243437233349,0.6285057471264368,0.7110425431711517,49.33826043237808,41.998290598290595
QI-DMO c=2.0,n100 m10 uniform high,100,10,29,20000,51.6231306420349,51.6231306420349,30.02414359029157,47.06057394079924,0.09695072369867866,21.033578872680664,19923,0.0,0.0022624434389140274,0.3606334841628959,45.52176973353444,1.0038648797871808,0.6459770114942529,0.6725665395597834,50.026445449974865,41.01709401709402
QI-DMO c=4.0,n100 m10 uniform high,100,10,0,20000,55.30834382222141,55.30834382222141,31.297578886652058,47.06057394079924,0.17525859101925986,16.505117654800415,19923,0.0,0.0006033182503770739,0.35364504776269484,54.882654600301656,0.5019324398935904,0.7416781609195402,0.5932350078978649,56.858119658119655,52.90718954248366
QI-DMO c=4.0,n100 m10 uniform high,100,10,1,20000,61.62117806039092,61.62117806039092,34.392223731437014,47.06057394079924,0.3094013289746206,16.077579021453857,19923,0.0,0.00040221216691804925,0.35465057817998996,55.01588738059326,1.0540581237765396,0.7476781609195402,0.5790496006761343,57.3948717948718,52.63690296631473
QI-DMO c=4.0,n100 m10 uniform high,100,10,2,20000,56.404981454978156,56.404981454978156,32.22224703726153,47.06057394079924,0.19856127394310782,16.902790307998657,19923,0.0,0.0007038712921065862,0.35832076420311715,53.81749622926093,1.0038648797871808,0.7070344827586207,0.6035060934786045,56.62905982905983,51.005932629462045
QI-DMO c=4.0,n100 m10 uniform high,100,10,3,20000,57.112279792509284,57.112279792509284,32.001935649887955,47.06057394079924,0.21359080457358606,27.420135974884033,19923,0.0,0.0008044243338360985,0.36093514328808446,54.48004022121669,0.8030919038297445,0.7329425287356323,0.5952164265514795,57.45369532428356,51.50638511814982
QI-DMO c=4.0,n100 m10 uniform high,100,10,4,20000,63.64955285084697,63.64955285084697,34.67427554307967,47.06057394079924,0.3525026900631549,17.774510860443115,19923,0.0,0.00045248868778280545,0.3567621920563097,55.266666666666666,0.5019324398935904,0.7198390804597702,0.6029163966591627,56.82654600301659,53.70678733031674
QI-DMO c=4.0,n100 m10 uniform high,100,10,5,20000,55.4062451634421,55.4062451634421,31.699319873006885,47.06057394079924,0.17733891713988578,30.774511575698853,19923,0.0,0.0007038712921065862,0.35681246857717447,54.52714932126697,0.5521256838829494,0.7442298850574712,0.5595113041537635,57.26948215183509,51.784816490698844
QI-DMO c=4.0,n100 m10 uniform high,100,10,6,20000,53.17571978890258,53.17571978890258,30.653774774179244,47.06057394079924,0.12994201591752816,22.82522463798523,19923,0.0,0.0008547008547008547,0.3547511312217195,54.50216189039718,0.7027054158510264,0.7339080459770115,0.6110699956003943,56.46415284062343,52.54017094017094
QI-DMO c=4.0,n100 m10 uniform high,100,10,7,20000,60.60872108475275,60.60872108475275,33.80109563103,47.06057394079924,0.28788741847893035,18.52148675918579,19923,0.0,0.0008044243338360985,0.3588235294117647,54.45822021116139,0.6023189278723083,0.705816091954023,0.6134282165768067,56.53504273504274,52.38139768728004
QI-DMO c=4.0,n100 m10 uniform high,100,10,8,20000,56.855996948994864,56.855996948994864,32.12945847138424,47.06057394079924,0.20814499671249165,16.74407958984375,19923,0.0,0.0003519356460532931,0.35319255907491204,55.063851181498244,0.4517391959042313,0.7485977011494254,0.5966658140842752,57.458320764203116,52.669381598793365
QI-DMO c=4.0,n100 m10 uniform high,100,10,9,20000,58.14098548541438,58.14098548541438,32.28410025672432,47.06057394079924,0.2354499874683629,17.46447491645813,19923,0.0,0.0006033182503770739,0.3586224233283057,54.5543489190548,1.0540581237765396,0.68816091954023,0.6483751719467218,56.26626445449975,52.84243338360985
QI-DMO c=4.0,n100 m10 uniform high,100,10,10,20000,57.455799117450056,57.455799117450056,32.59745114212097,47.06057394079924,0.22089031871408313,18.968705892562866,19923,0.0,0.0008547008547008547,0.3533433886375063,54.51427853192559,0.7027054158510264,0.713103448275862,0.6019553076729137,56.41719457013575,52.61136249371543
QI-DMO c=4.0,n100 m10 uniform high,100,10,11,20000,59.329587698612514,59.329587698612514,33.14825869675376,47.06057394079924,0.2607068450386372,15.745148420333862,19923,0.0,0.0003519356460532931,0.35761689291101056,54.70432378079437,0.9034783918084626,0.7086436781609196,0.6107364484779662,57.219406737053795,52.18924082453494
QI-DMO c=4.0,n100 m10 uniform high,100,10,12,20000,54.692224094143754,54.692224094143754,31.45727488962143,47.06057394079924,0.16216653377293908,20.565083026885986,19923,0.0,0.00065359477124183,0.35500251382604325,54.79673202614379,1.0540581237765396,0.6610114942528736,0.6404350837746613,57.472599296128706,52.12086475615887
QI-DMO c=4.0,n100 m10 uniform high,100,10,13,20000,58.813833220151125,58.813833220151125,32.57588282927393,47.06057394079924,0.24974747001889794,23.561716556549072,19923,0.0,0.00065359477124183,0.35500251382604325,54.82156862745098,0.7528986598403855,0.7351494252873563,0.5628766314566833,56.78290598290598,52.86023127199598
QI-DMO c=4.0,n100 m10 uniform high,100,10,14,20000,59.002908666888466,59.002908666888466,32.987251794655315,47.06057394079924,0.2537651738185837,17.310302734375,19923,0.0,0.00045248868778280545,0.35887380593262946,55.33841126194067,0.30115946393615417,0.7444597701149425,0.6263752869516334,57.34469582704877,53.33212669683258
QI-DMO c=4.0,n100 m10 uniform high,100,10,15,20000,56.10405986947891,56.10405986947891,31.415539400667928,47.06057394079924,0.19216692809688427,18.074253797531128,19923,0.0,0.001005530417295123,0.3568627450980392,54.666113624937154,0.6525121718616674,0.7397931034482759,0.5776299994836956,56.45822021116139,52.87400703871292
QI-DMO c=4.0,n100 m10 uniform high,100,10,16,20000,56.1840042100566,56.1840042100566,31.7874854901899,47.06057394079924,0.19386568214689345,16.745656490325928,19923,0.0,0.0007541478129713424,0.3551533433886375,54.454801407742586,0.6525121718616674,0.7370344827586207,0.6266507263778743,57.11251885369533,51.797083961789845
QI-DMO c=4.0,n100 m10 uniform high,100,10,17,20000,59.223537168622386,59.223537168622386,32.959501212106666,47.06057394079924,0.2584533550977042,18.70243811607361,19923,0.0,0.00030165912518853697,0.359376571141277,54.2579185520362,0.9034783918084626,0.7112413793103448,0.6281688428050816,56.31845148315737,52.197385620915036
QI-DMO c=4.0,n100 m10 uniform high,100,10,18,20000,56.16028193568246,56.16028193568246,31.821295302812793,47.06057394079924,0.1933616025663091,18.509918689727783,19923,0.0,0.0008044243338360985,0.3553041729512318,54.09949723479135,1.1042513677658987,0.7159770114942529,0.6130040604990005,56.799095022624435,51.39989944695827
QI-DMO c=4.0,n100 m10 uniform high,100,10,19,20000,56.33019847803151,56.33019847803151,31.780160026458784,47.06057394079924,0.19697219479076433,19.289376735687256,19923,0.0,0.00045248868778280545,0.35806938159879337,54.058169934640524,0.8532851478191036,0.7235632183908046,0.6241658899410396,56.35716440422323,51.759175465057815
QI-DMO c=4.0,n100 m10 uniform high,100,10,20,20000,60.35518276918805,60.35518276918805,33.62038095178766,47.06057394079924,0.2824999296675179,19.724716901779175,19923,0.0,0.0007038712921065862,0.3575666163901458,54.84298642533937,1.1544446117552578,0.6943218390804597,0.6301041676878201,57.39175465057818,52.29421820010055
QI-DMO c=4.0,n100 m10 uniform high,100,10,21,20000,56.85508334740313,56.85508334740313,32.242819409416306,47.06057394079924,0.20812558340076953,21.14172649383545,19923,0.0,0.00045248868778280545,0.3594268476621418,54.99170437405731,0.9034783918084626,0.7143908045977011,0.6199994126839463,56.78290598290598,53.20050276520865
QI-DMO c=4.0,n100 m10 uniform high,100,10,22,20000,61.43786992968928,61.43786992968928,34.195259667408784,47.06057394079924,0.3055061760822603,15.420914649963379,19923,0.0,0.0010558069381598793,0.35696329813976874,54.4499245852187,0.6525121718616674,0.7482068965517241,0.6041548666802108,56.48898944193062,52.410859728506786
QI-DMO c=4.0,n100 m10 uniform high,100,10,23,20000,55.36167034101637,55.36167034101637,31.416435493076875,47.06057394079924,0.176391737394866,15.911703824996948,19923,0.0,0.0008044243338360985,0.3580191050779286,54.4086978381096,0.6023189278723083,0.7261149425287357,0.6079778079412873,56.90819507290095,51.90920060331825
QI-DMO c=4.0,n100 m10 uniform high,100,10,24,20000,57.47547774584038,57.47547774584038,32.41084768992741,47.06057394079924,0.2213084740135718,20.462718725204468,19923,0.0,0.0008044243338360985,0.35957767722473605,54.377526395173454,0.8532851478191036,0.7018390804597701,0.6114558694272223,56.65530417295123,52.099748617395676
QI-DMO c=4.0,n100 m10 uniform high,100,10,25,20000,54.708519320949236,54.708519320949236,31.569306305046677,47.06057394079924,0.16251279446295916,22.686502695083618,19923,0.0,0.00040221216691804925,0.3547511312217195,54.9175465057818,0.5521256838829494,0.7251494252873563,0.62600481791527,57.92267471091,51.91241830065359
QI-DMO c=4.0,n100 m10 uniform high,100,10,26,20000,56.7798790367991,56.7798790367991,32.20132573609336,47.06057394079924,0.20652755124122482,15.04861569404602,19923,0.0,0.0007541478129713424,0.3577174459527401,55.08697838109603,0.7027054158510264,0.7749195402298851,0.5971518430217899,56.93383609854198,53.240120663650075
QI-DMO c=4.0,n100 m10 uniform high,100,10,27,20000,57.002898398123165,57.002898398123165,31.879812291361603,47.06057394079924,0.21126653639692256,19.136335134506226,19923,0.0,0.0007038712921065862,0.356913021618904,54.55801910507793,0.8030919038297445,0.732183908045977,0.6097603338177374,57.02855706385118,52.087481146304675
QI-DMO c=4.0,n100 m10 uniform high,100,10,28,20000,59.230323988620874,59.230323988620874,32.98248223809455,47.06057394079924,0.25859756965843234,18.879032611846924,19923,0.0,0.00065359477124183,0.3578179989944696,54.66606334841629,1.0038648797871808,0.7221149425287356,0.607186940507933,56.92719959778783,52.40492709904475
QI-DMO c=4.0,n100 m10 uniform high,100,10,29,20000,54.77264357991667,54.77264357991667,31.172471056568288,47.06057394079924,0.16387538428279644,21.779947519302368,19923,0.0,0.00065359477124183,0.3581196581196581,54.402262443438914,0.6525121718616674,0.7562528735632184,0.5625721872326407,56.560180995475115,52.244343891402714
QI-MRFO P=15,n100 m10 uniform high,100,10,0,20000,47.4416752300102,47.4416752300102,28.78821578163473,47.06057394079924,0.008098101176801922,25.992512941360474,19995,0.1434934934934935,0.06171171171171171,0.029129129129129128,10.307407407407407,2.8507126781695424,0.0,0.9749847641681851,13.644944944944944,6.96986986986987
QI-MRFO P=15,n100 m10 uniform high,100,10,1,20000,47.498371278940326,47.498371278940326,28.78090036693303,47.06057394079924,0.009302847404534928,23.64599370956421,19995,0.16116116116116116,0.025575575575575576,0.02897897897897898,10.258308308308308,2.8507126781695424,0.0,0.9699565548133032,13.48048048048048,7.036136136136136
QI-MRFO P=15,n100 m10 uniform high,100,10,2,20000,47.68612421515891,47.68612421515891,28.892855592738634,47.06057394079924,0.013292448900997216,15.649373531341553,19995,0.15090090090090091,0.0495995995995996,0.02822822822822823,10.050900900900901,2.800700175043761,0.0013333333333333333,0.9745147768284158,13.0990990990991,7.0027027027027025
QI-MRFO P=15,n100 m10 uniform high,100,10,3,20000,47.34164639153025,47.34164639153025,28.74062470059796,47.06057394079924,0.005972567420970904,19.8071072101593,19995,0.16856856856856856,0.02197197197197197,0.021621621621621623,9.914464464464464,2.2005501375343837,0.0,0.976507148126714,13.354954954954955,6.473973973973974
QI-MRFO P=15,n100 m10 uniform high,100,10,4,20000,47.71342957858448,47.71342957858448,28.85043038257834,47.06057394079924,0.01387266629188408,15.204694271087646,19995,0.18593593593593594,0.013913913913913913,0.017067067067067065,9.655255255255256,1.6004001000250063,0.0,0.9791308955696781,12.874374374374375,6.436136136136136
QI-MRFO P=15,n100 m10 uniform high,100,10,5,20000,47.78057966031251,47.78057966031251,28.909950297122364,47.06057394079924,0.015299552453801763,16.740660905838013,19995,0.16876876876876876,0.032682682682682686,0.02137137137137137,10.042892892892892,2.3505876469117277,0.0,0.9769405782226044,13.483683683683683,6.602102102102102
QI-MRFO P=15,n100 m10 uniform high,100,10,6,20000,47.841820180295976,47.841820180295976,28.928082611386333,47.06057394079924,0.01660086509951031,22.584287881851196,19995,0.17352352352352352,0.02962962962962963,0.022622622622622622,9.832332332332332,2.450612653163291,0.0013333333333333333,0.9749244854266984,13.171371371371372,6.493293293293293
QI-MRFO P=15,n100 m10 uniform high,100,10,7,20000,47.96507546982578,47.96507546982578,28.94030775580907,47.06057394079924,0.019219942582178767,15.702490329742432,19995,0.16856856856856856,0.02837837837837838,0.022222222222222223,10.102652652652653,2.550637659414854,0.0013333333333333333,0.9731061966692125,13.255755755755755,6.949549549549549
QI-MRFO P=15,n100 m10 uniform high,100,10,8,20000,47.44220126354088,47.44220126354088,28.792309749392736,47.06057394079924,0.008109278973556903,15.789942502975464,19995,0.18843843843843844,0.00905905905905906,0.021021021021021023,9.645495495495496,2.100525131282821,0.0,0.9771020844757619,12.804804804804805,6.4861861861861865
QI-MRFO P=15,n100 m10 uniform high,100,10,9,20000,47.78127992998391,47.78127992998391,28.935650890266164,47.06057394079924,0.015314432630832311,15.968837022781372,19995,0.17302302302302303,0.025875875875875875,0.025225225225225224,9.769569569569569,2.5006251562890722,0.0,0.9754210374646497,13.01951951951952,6.519619619619619
QI-MRFO P=15,n100 m10 uniform high,100,10,10,20000,47.680236726963436,47.680236726963436,28.781799229554526,47.06057394079924,0.013167344430259508,16.519476890563965,19995,0.16921921921921923,0.03543543543543543,0.020920920920920922,9.601801801801802,1.9504876219054763,0.0,0.9775525288819576,12.725125125125125,6.478478478478478
QI-MRFO P=15,n100 m10 uniform high,100,10,11,20000,47.34720291964686,47.34720291964686,28.761547229898692,47.06057394079924,0.006090639251620565,21.816635847091675,19995,0.17977977977977977,0.01961961961961962,0.023773773773773772,9.841891891891892,1.800450112528132,0.0,0.9765117324990674,13.225325325325326,6.458458458458458
QI-MRFO P=15,n100 m10 uniform high,100,10,12,20000,47.62479801746992,47.62479801746992,28.85059196859586,47.06057394079924,0.011989315671765076,17.478269577026367,19995,0.18053053053053053,0.02002002002002002,0.024224224224224225,9.823373373373373,2.550637659414854,0.0,0.9766154786478807,13.071871871871872,6.574874874874875
QI-MRFO P=15,n100 m10 uniform high,100,10,13,20000,47.48362711449275,47.48362711449275,28.738758708189263,47.06057394079924,0.008989545563674988,14.510606527328491,19995,0.18053053053053053,0.014514514514514515,0.023473473473473474,9.609659659659659,2.3505876469117277,0.0,0.9768827123306483,12.906606606606607,6.312712712712712
QI-MRFO P=15,n100 m10 uniform high,100,10,14,20000,47.61025793888782,47.61025793888782,28.813386989740053,47.06057394079924,0.011680350494238935,21.410746097564697,19995,0.17807807807807807,0.014964964964964965,0.02047047047047047,9.63998998998999,1.9504876219054763,0.0,0.9762699247115229,12.874974974974975,6.405005005005005
QI-MRFO P=15,n100 m10 uniform high,100,10,15,20000,47.38270786226451,47.38270786226451,28.78423816143949,47.06057394079924,0.00684509121946765,15.949402809143066,19995,0.17882882882882883,0.015365365365365365,0.024074074074074074,9.808558558558559,2.3005751437859465,0.0,0.9765154496907139,12.933033033033032,6.684084084084084
QI-MRFO P=15,n100 m10 uniform high,100,10,16,20000,47.7701900394573,47.7701900394573,28.906536388309682,47.06057394079924,0.015078781222488602,15.329054594039917,19995,0.1850850850850851,0.01696696696696697,0.01826826826826827,9.878128128128129,1.7504376094023506,0.0,0.9780365988314941,13.047747747747747,6.708508508508508
QI-MRFO P=15,n100 m10 uniform high,100,10,17,20000,47.409138223310016,47.409138223310016,28.77180513403145,47.06057394079924,0.0074067155013719565,14.29118800163269,19995,0.1664164164164164,0.022122122122122122,0.02892892892892893,9.900700700700702,2.9507376844211053,0.0,0.9741511901331475,13.267967967967968,6.533433433433434
QI-MRFO P=15,n100 m10 uniform high,100,10,18,20000,47.59479283760059,47.59479283760059,28.868422350080916,47.06057394079924,0.011351729315358265,14.16698169708252,19995,0.17732732732732734,0.01991991991991992,0.02082082082082082,10.119169169169169,2.100525131282821,0.0,0.9758148754855734,13.514714714714716,6.723623623623624
QI-MRFO P=15,n100 m10 uniform high,100,10,19,20000,47.4409035533753,47.4409035533753,28.747518244188072,47.06057394079924,0.008081703658236414,18.290008068084717,19995,0.17032032032032032,0.014614614614614614,0.027177177177177176,9.727477477477477,2.550637659414854,0.0,0.9774201872090731,13.038038038038039,6.416916916916917
QI-MRFO P=15,n100 m10 uniform high,100,10,20,20000,47.34457949996481,47.34457949996481,28.74534304022045,47.06057394079924,0.0060348936569035805,15.758917093276978,19995,0.16576576576576577,0.023373373373373373,0.03088088088088088,9.655055055055055,2.9507376844211053,0.0,0.9749854615939627,12.751551551551552,6.558558558558558
QI-MRFO P=15,n100 m10 uniform high,100,10,21,20000,47.76956910863924,47.76956910863924,28.881703441369897,47.06057394079924,0.015065586933382825,21.613171815872192,19995,0.18923923923923924,0.015465465465465466,0.01966966966966967,9.372272272272273,2.050512628157039,0.0,0.9796898802981618,12.53953953953954,6.205005005005005
QI-MRFO P=15,n100 m10 uniform high,100,10,22,20000,47.661907600912585,47.661907600912585,28.881259472489358,47.06057394079924,0.012777864988850472,16.490275859832764,19995,0.17407407407407408,0.02047047047047047,0.023223223223223222,9.942242242242243,2.100525131282821,0.0,0.9782526402754155,13.506006006006006,6.3784784784784785
QI-MRFO P=15,n100 m10 uniform high,100,10,23,20000,47.61538462418695,47.61538462418695,28.850399558550272,47.06057394079924,0.011789288504760888,15.499396324157715,19995,0.18013013013013013,0.020370370370370372,0.026226226226226227,9.514364364364365,2.700675168792198,0.0,0.9768333412973511,12.574774774774776,6.453953953953954
QI-MRFO P=15,n100 m10 uniform high,100,10,24,20000,47.59245660428672,47.59245660428672,28.832887977177823,47.06057394079924,0.011302086203975577,16.402106523513794,19995,0.1787787787787788,0.022322322322322324,0.026876876876876878,9.620970970970971,2.550637659414854,0.0,0.9760953563419775,12.96936936936937,6.272572572572573
QI-MRFO P=15,n100 m10 uniform high,100,10,25,20000,47.900195662360694,47.900195662360694,28.85855231873794,47.06057394079924,0.01784129795394496,20.05741858482361,19995,0.17652652652652653,0.036036036036036036,0.018418418418418417,10.101201201201201,2.150537634408602,0.005142857142857143,0.9762061333041762,13.253753753753754,6.948648648648649
QI-MRFO P=15,n100 m10 uniform high,100,10,26,20000,47.671851872927725,47.671851872927725,28.842228223220772,47.06057394079924,0.012989172909311657,16.839125871658325,19995,0.18923923923923924,0.021671671671671673,0.02082082082082082,9.763113113113112,2.000500125031258,0.0,0.9792932592237811,13.222122122122123,6.304104104104104
QI-MRFO P=15,n100 m10 uniform high,100,10,27,20000,47.58809902798675,47.58809902798675,28.85582049165896,47.06057394079924,0.011209491151789255,28.99131155014038,19995,0.16236236236236237,0.027377377377377377,0.03183183183183183,10.25960960960961,2.9007251812953236,0.0,0.97509214297225,13.87957957957958,6.63963963963964
QI-MRFO P=15,n100 m10 uniform high,100,10,28,20000,47.9702108563583,47.9702108563583,28.88796086914852,47.06057394079924,0.019329065487032896,17.04249382019043,19995,0.18073073073073073,0.026576576576576576,0.02177177177177177,9.688488488488488,2.5006251562890722,0.0,0.9773747357857991,13.01091091091091,6.366066066066066
QI-MRFO P=15,n100 m10 uniform high,100,10,29,20000,47.772673096044144,47.772673096044144,28.877251661522447,47.06057394079924,0.015131544212374162,20.71151351928711,19995,0.18293293293293295,0.022172172172172173,0.021721721721721723,9.746246246246246,2.150537634408602,0.0026666666666666666,0.9784643102832632,12.944344344344344,6.548148148148148
QI-MRFO P=60,n100 m10 uniform high,100,10,0,20000,48.01457119830363,48.01457119830363,28.933958471956107,47.06057394079924,0.02027168769136751,22.723538875579834,19980,0.16410642570281125,0.018323293172690762,0.05276104417670683,10.57535140562249,2.5025025025025025,0.0003333333333333333,0.9775661343286338,14.377710843373494,6.772991967871486
QI-MRFO P=60,n100 m10 uniform high,100,10,1,20000,47.749932946955774,47.749932946955774,28.913401704291044,47.06057394079924,0.014648334017849608,25.740124702453613,19980,0.14854417670682732,0.025602409638554216,0.05245983935742972,10.45175702811245,1.951951951951952,0.0006666666666666666,0.9734891353739087,14.34156626506024,6.561947791164658
QI-MRFO P=60,n100 m10 uniform high,100,10,2,20000,47.688238207883195,47.688238207883195,28.831731481202215,47.06057394079924,0.013337369575507947,26.458810091018677,19980,0.147640562248996,0.019176706827309237,0.06490963855421687,10.702459839357429,2.6526526526526526,0.015333333333333334,0.9743490716578525,14.842871485943775,6.562048192771084
QI-MRFO P=60,n100 m10 uniform high,100,10,3,20000,47.77622361128738,47.77622361128738,28.90192122822319,47.06057394079924,0.015206989854998494,16.77610158920288,19980,0.16691767068273092,0.014457831325301205,0.04412650602409639,10.473644578313253,1.8518518518518519,0.0006666666666666666,0.9750071770280002,14.248895582329316,6.698393574297189
QI-MRFO P=60,n100 m10 uniform high,100,10,4,20000,47.653335696453716,47.653335696453716,28.857488743917557,47.06057394079924,0.012595718794253445,17.8306086063385,19980,0.15602409638554218,0.021686746987951807,0.05446787148594377,10.978062248995984,2.7027027027027026,0.0006666666666666666,0.9746037308074608,15.14558232931727,6.810542168674699
QI-MRFO P=60,n100 m10 uniform high,100,10,5,20000,47.837249533339985,47.837249533339985,28.877649045611477,47.06057394079924,0.016503742464292554,23.28284001350403,19980,0.15798192771084338,0.01857429718875502,0.056726907630522086,10.68308232931727,2.8028028028028027,0.0009943502824858758,0.9771950944100151,14.79066265060241,6.575502008032129
QI-MRFO P=60,n100 m10 uniform high,100,10,6,20000,47.81464447101554,47.81464447101554,28.89693823744447,47.06057394079924,0.0160234027567301,16.717364072799683,19980,0.13247991967871486,0.036696787148594374,0.07018072289156627,11.196335341365462,3.1531531531531534,0.001655367231638418,0.9753010761933912,15.751204819277108,6.641465863453815
QI-MRFO P=60,n100 m10 uniform high,100,10,7,20000,47.847045430347194,47.847045430347194,28.86463446939123,47.06057394079924,0.016711897533109428,17.697504997253418,19980,0.16837349397590362,0.01752008032128514,0.043373493975903614,10.820883534136547,2.4024024024024024,0.0003333333333333333,0.9761018479738774,15.102710843373494,6.539056224899598
QI-MRFO P=60,n100 m10 uniform high,100,10,8,20000,47.69409127856325,47.69409127856325,28.86324706216627,47.06057394079924,0.013461742701246211,22.254781246185303,19980,0.16556224899598393,0.0142570281124498,0.04588353413654619,10.272690763052209,1.7017017017017018,0.0,0.9740291944753773,13.985040160642571,6.560341365461848
QI-MRFO P=60,n100 m10 uniform high,100,10,9,20000,47.683527562585525,47.683527562585525,28.79279144184523,47.06057394079924,0.01323727208618288,17.677522897720337,19980,0.1534136546184739,0.025251004016064258,0.05803212851405622,10.938253012048193,2.8528528528528527,0.001,0.9731521206602689,14.986646586345381,6.889859437751004
QI-MRFO P=60,n100 m10 uniform high,100,10,10,20000,47.46695025498122,47.46695025498122,28.80355464697376,47.06057394079924,0.00863517548029041,17.41860294342041,19980,0.14051204819277108,0.015010040160642571,0.0733433734939759,10.838504016064258,2.9029029029029028,0.0,0.9752260050120405,15.09156626506024,6.585441767068273
QI-MRFO P=60,n100 m10 uniform high,100,10,11,20000,47.58598750953594,47.58598750953594,28.766981645421836,47.06057394079924,0.011164623053634169,22.003288984298706,19980,0.13237951807228915,0.025502008032128515,0.07876506024096386,10.647138554216868,2.8528528528528527,0.0016666666666666666,0.9726215176797772,14.747791164658635,6.5464859437751
QI-MRFO P=60,n100 m10 uniform high,100,10,12,20000,47.39130403730826,47.39130403730826,28.794415069369684,47.06057394079924,0.0070277531448101425,17.561952590942383,19980,0.16375502008032128,0.00858433734939759,0.05386546184738956,10.58770080321285,2.2022022022022023,0.0,0.9779952401775096,14.584437751004016,6.590963855421687
QI-MRFO P=60,n100 m10 uniform high,100,10,13,20000,47.65072078040608,47.65072078040608,28.83716194097277,47.06057394079924,0.012540153895046667,21.151310205459595,19980,0.1526606425702811,0.012700803212851405,0.053614457831325305,10.73519076305221,2.3523523523523524,0.0,0.9764510187087346,14.5964859437751,6.873895582329317
QI-MRFO P=60,n100 m10 uniform high,100,10,14,20000,47.30112302383863,47.30112302383863,28.74650158007073,47.06057394079924,0.005111477886818668,20.44950580596924,19980,0.14698795180722893,0.011847389558232932,0.060140562248995985,10.463855421686747,1.8518518518518519,0.0,0.974687586797566,14.16566265060241,6.7620481927710845
QI-MRFO P=60,n100 m10 uniform high,100,10,15,20000,47.4740128174413,47.4740128174413,28.77524914933868,47.06057394079924,0.008785249350383079,21.299402713775635,19980,0.14026104417670682,0.015160642570281125,0.07349397590361446,10.661947791164659,2.7027027027027026,0.0003333333333333333,0.9740262962061406,14.96636546184739,6.357530120481928
QI-MRFO P=60,n100 m10 uniform high,100,10,16,20000,47.47552607670514,47.47552607670514,28.790043522701147,47.06057394079924,0.008817404913673525,24.66376304626465,19980,0.14452811244979918,0.015311244979919678,0.07073293172690763,10.784437751004017,2.5525525525525525,0.0003333333333333333,0.9761194121740082,15.059939759036144,6.508935742971888
QI-MRFO P=60,n100 m10 uniform high,100,10,17,20000,47.367729738614756,47.367729738614756,28.769123871925824,47.06057394079924,0.0065268179304806394,21.490225076675415,19980,0.13880522088353414,0.03032128514056225,0.05858433734939759,10.52163654618474,2.3523523523523524,0.0003333333333333333,0.9754081471945939,14.489759036144578,6.553514056224899
QI-MRFO P=60,n100 m10 uniform high,100,10,18,20000,47.24335507630482,47.24335507630482,28.73960727535632,47.06057394079924,0.003883954660976273,19.02682590484619,19980,0.1584839357429719,0.01039156626506024,0.05235943775100402,10.414508032128515,1.7517517517517518,0.0006666666666666666,0.9736738166048621,14.28574297188755,6.5432730923694775
QI-MRFO P=60,n100 m10 uniform high,100,10,19,20000,47.440698446314414,47.440698446314414,28.755924355698404,47.06057394079924,0.008077345295307315,18.797389268875122,19980,0.14693775100401607,0.016716867469879517,0.06566265060240964,10.600602409638554,2.6026026026026026,0.0,0.9757185083407488,14.479317269076304,6.721887550200803
QI-MRFO P=60,n100 m10 uniform high,100,10,20,20000,47.52902938990706,47.52902938990706,28.801402671313355,47.06057394079924,0.009954308030690919,17.635154008865356,19980,0.13875502008032128,0.033433734939759034,0.049899598393574295,10.512048192771084,1.8018018018018018,0.002593220338983051,0.9748115639590682,14.493875502008033,6.530220883534136
QI-MRFO P=60,n100 m10 uniform high,100,10,21,20000,47.49362453064878,47.49362453064878,28.802854857966157,47.06057394079924,0.009201982755125501,19.53460121154785,19980,0.14051204819277108,0.020933734939759037,0.0659136546184739,10.62991967871486,2.3523523523523524,0.004129943502824859,0.9769714284169321,14.385341365461848,6.874497991967871
QI-MRFO P=60,n100 m10 uniform high,100,10,22,20000,47.73913806344174,47.73913806344174,28.9136040616515,47.06057394079924,0.014418951275352455,20.523715257644653,19980,0.15210843373493976,0.022991967871485944,0.058383534136546185,10.581124497991969,2.1021021021021022,0.0006666666666666666,0.9748453368326702,14.693775100401606,6.4684738955823295
QI-MRFO P=60,n100 m10 uniform high,100,10,23,20000,47.5487314769161,47.5487314769161,28.85441488093469,47.06057394079924,0.010372961807285924,17.783750295639038,19980,0.15471887550200802,0.009186746987951808,0.05572289156626506,10.756827309236948,2.4024024024024024,0.0,0.9774028654346163,14.885140562248996,6.628514056224899
QI-MRFO P=60,n100 m10 uniform high,100,10,24,20000,47.82277433430165,47.82277433430165,28.852787950460623,47.06057394079924,0.01619615592579121,18.224642276763916,19980,0.13664658634538152,0.03308232931726908,0.05552208835341366,10.895431726907631,2.3523523523523524,0.0019887005649717516,0.9739415119782984,15.058232931726907,6.732630522088353
QI-MRFO P=60,n100 m10 uniform high,100,10,25,20000,47.68256606744419,47.68256606744419,28.872545490159247,47.06057394079924,0.013216841074386422,16.371315956115723,19980,0.1586847389558233,0.016164658634538153,0.041917670682730925,10.73855421686747,2.1021021021021022,0.0003333333333333333,0.9722501167519939,14.735843373493976,6.741265060240964
QI-MRFO P=60,n100 m10 uniform high,100,10,26,20000,47.6259518570598,47.6259518570598,28.84334602639762,47.06057394079924,0.012013833851065948,18.472004890441895,19980,0.16435742971887551,0.014006024096385543,0.05296184738955823,10.77886546184739,2.3023023023023024,0.001,0.9752596183819489,14.62008032128514,6.937650602409638
QI-MRFO P=60,n100 m10 uniform high,100,10,27,20000,47.340735201955646,47.340735201955646,28.712814582070617,47.06057394079924,0.005953205362706423,19.8623263835907,19980,0.15451807228915662,0.012751004016064257,0.050251004016064256,10.743172690763052,2.2022022022022023,0.0,0.9734606164384352,14.619678714859438,6.866666666666666
QI-MRFO P=60,n100 m10 uniform high,100,10,28,20000,47.863965025079125,47.863965025079125,28.906382571737428,47.06057394079924,0.017071425548071915,17.711881637573242,19980,0.15838353413654618,0.016716867469879517,0.04919678714859438,10.726255020080322,2.2522522522522523,0.0006666666666666666,0.9749444716319978,14.721686746987952,6.730823293172691
QI-MRFO P=60,n100 m10 uniform high,100,10,29,20000,47.90196663773567,47.90196663773567,28.935812661292378,47.06057394079924,0.01787892978090062,17.85083556175232,19980,0.16194779116465863,0.019377510040160643,0.03995983935742972,10.631074297188755,1.8518518518518519,0.001,0.9738930630447249,14.482530120481927,6.7796184738955825
QI-MRFO S=1.0,n100 m10 uniform high,100,10,0,20000,48.191932937166655,48.191932937166655,29.013464413718093,47.06057394079924,0.02404048445713035,16.79391074180603,19950,0.18197791164658633,0.044879518072289154,0.02354417670682731,8.119779116465864,1.6040100250626566,0.0019540229885057474,0.9728053498197856,11.377911646586345,4.8616465863453815
QI-MRFO S=1.0,n100 m10 uniform high,100,10,1,20000,47.432368188749926,47.432368188749926,28.77136528688639,47.06057394079924,0.007900333906220408,16.60114550590515,19950,0.1842871485943775,0.012801204819277108,0.032279116465863456,8.23062248995984,1.8045112781954886,0.007632183908045978,0.9698782088356548,11.721787148594377,4.739457831325301
QI-MRFO S=1.0,n100 m10 uniform high,100,10,2,20000,47.411737171930724,47.411737171930724,28.76397034285827,47.06057394079924,0.007461941105377073,15.656198978424072,19950,0.1620983935742972,0.025150602409638553,0.050251004016064256,8.514658634538153,2.756892230576441,0.0,0.9753189306508336,12.061044176706828,4.968273092369478
QI-MRFO S=1.0,n100 m10 uniform high,100,10,3,20000,48.18878603611394,48.18878603611394,28.983349070526707,47.06057394079924,0.02397361529704159,18.68243956565857,19950,0.1806726907630522,0.040160642570281124,0.0357429718875502,8.070632530120482,2.155388471177945,0.0013333333333333333,0.9755709516562561,11.512349397590361,4.628915662650602
QI-MRFO S=1.0,n100 m10 uniform high,100,10,4,20000,48.147667650852554,48.147667650852554,28.970239267731742,47.06057394079924,0.02309988210982823,22.656863689422607,19950,0.188855421686747,0.033734939759036145,0.02640562248995984,8.464859437751004,1.7543859649122806,0.001310344827586207,0.9771839517361849,12.022791164658635,4.906927710843373
QI-MRFO S=1.0,n100 m10 uniform high,100,10,5,20000,47.45447973192637,47.45447973192637,28.778537561166583,47.06057394079924,0.008370186721960795,19.60309338569641,19950,0.1772590361445783,0.024447791164658634,0.038453815261044175,8.443775100401606,2.606516290726817,0.0006666666666666666,0.9733199017191645,12.134236947791164,4.753313253012048
QI-MRFO S=1.0,n100 m10 uniform high,100,10,6,20000,47.69820431358794,47.69820431358794,28.812121051761423,47.06057394079924,0.013549141444616011,20.596343517303467,19950,0.17776104417670682,0.02003012048192771,0.038805220883534136,8.341064257028112,2.155388471177945,0.0,0.9748372204018926,11.784236947791165,4.89789156626506
QI-MRFO S=1.0,n100 m10 uniform high,100,10,7,20000,47.709803232946,47.709803232946,28.863067984778233,47.06057394079924,0.013795609313296398,21.847742795944214,19950,0.17173694779116466,0.03458835341365462,0.045532128514056226,8.404116465863455,2.556390977443609,0.0006666666666666666,0.9757378580985225,11.932931726907631,4.875301204819277
QI-MRFO S=1.0,n100 m10 uniform high,100,10,8,20000,47.59469371332117,47.59469371332117,28.793705423828694,47.06057394079924,0.011349623002767442,17.98226833343506,19950,0.2001004016064257,0.010090361445783132,0.02720883534136546,8.141817269076306,1.7543859649122806,0.0,0.9761176872289637,11.534638554216867,4.748995983935743
QI-MRFO S=1.0,n100 m10 uniform high,100,10,9,20000,47.807946757116326,47.807946757116326,28.90232559416997,47.06057394079924,0.01588108163018286,17.28798532485962,19950,0.16234939759036143,0.05597389558232932,0.04417670682730924,8.337098393574298,2.355889724310777,0.0,0.9764379719114349,12.203112449799196,4.471084337349398
QI-MRFO S=1.0,n100 m10 uniform high,100,10,10,20000,47.499037759874895,47.499037759874895,28.831758462145597,47.06057394079924,0.009317009597614166,31.162063598632812,19950,0.19046184738955824,0.016716867469879517,0.0394578313253012,8.100502008032128,2.406015037593985,0.0,0.9780582583960408,11.605020080321285,4.5959839357429715
QI-MRFO S=1.0,n100 m10 uniform high,100,10,11,20000,47.59073821944284,47.59073821944284,28.86067516344054,47.06057394079924,0.011265571884238679,18.0154287815094,19950,0.1804718875502008,0.023493975903614458,0.048694779116465865,8.481526104417672,3.007518796992481,0.0006666666666666666,0.9768753794601924,12.325502008032128,4.637550200803213
QI-MRFO S=1.0,n100 m10 uniform high,100,10,12,20000,47.756199104739274,47.756199104739274,28.901726165093258,47.06057394079924,0.014781484918035883,16.149911403656006,19950,0.19141566265060242,0.01902610441767068,0.032228915662650605,8.300652610441768,2.255639097744361,0.0,0.976235715570774,11.74558232931727,4.855722891566265
QI-MRFO S=1.0,n100 m10 uniform high,100,10,13,20000,47.96362340822408,47.96362340822408,28.923263229804707,47.06057394079924,0.01918908742083876,31.559940814971924,19950,0.15687751004016065,0.04754016064257028,0.03790160642570281,8.630170682730924,2.355889724310777,0.002,0.9735996547538154,12.303012048192771,4.957329317269076
QI-MRFO S=1.0,n100 m10 uniform high,100,10,14,20000,47.54402337792348,47.54402337792348,28.802899912907478,47.06057394079924,0.010272918424930546,15.666661262512207,19950,0.19698795180722892,0.009889558232931727,0.033433734939759034,8.2339859437751,2.0050125313283207,0.0,0.9776111222502404,11.701004016064257,4.766967871485944
QI-MRFO S=1.0,n100 m10 uniform high,100,10,15,20000,47.70002765825583,47.70002765825583,28.8695221733303,47.06057394079924,0.01358788607765394,19.8485050201416,19950,0.17786144578313254,0.032178714859437754,0.03679718875502008,8.197038152610443,2.2055137844611528,0.0013333333333333333,0.9758144866439464,11.556927710843373,4.83714859437751
QI-MRFO S=1.0,n100 m10 uniform high,100,10,16,20000,47.72775876263188,47.72775876263188,28.787315786096983,47.06057394079924,0.014177150127236863,25.8094801902771,19950,0.1825301204819277,0.01646586345381526,0.0391566265060241,8.505321285140562,2.656641604010025,0.0,0.9760624321332976,12.197088353413655,4.81355421686747
QI-MRFO S=1.0,n100 m10 uniform high,100,10,17,20000,47.49876014503109,47.49876014503109,28.794982908422412,47.06057394079924,0.009311110501607553,17.39218497276306,19950,0.16526104417670684,0.030220883534136544,0.04427710843373494,8.443674698795181,2.656641604010025,0.0,0.9745399177880306,11.844979919678714,5.042369477911647
QI-MRFO S=1.0,n100 m10 uniform high,100,10,18,20000,47.66966745025027,47.66966745025027,28.8570179475197,47.06057394079924,0.012942755653963266,16.762938976287842,19950,0.18775100401606426,0.015562248995983935,0.03569277108433735,8.208734939759037,2.355889724310777,0.0006666666666666666,0.9738345167860695,11.70933734939759,4.708132530120482
QI-MRFO S=1.0,n100 m10 uniform high,100,10,19,20000,47.37371333779593,47.37371333779593,28.7616159837077,47.06057394079924,0.0066539646836991225,22.748499631881714,19950,0.18283132530120483,0.013152610441767068,0.03679718875502008,8.16636546184739,2.255639097744361,0.0,0.9753204709602481,11.806124497991968,4.526606425702811
QI-MRFO S=1.0,n100 m10 uniform high,100,10,20,20000,47.797536146770916,47.797536146770916,28.840885272263073,47.06057394079924,0.015659864388792938,18.436681747436523,19950,0.17956827309236947,0.029417670682730924,0.038805220883534136,8.265261044176707,2.305764411027569,0.0006666666666666666,0.9770763912064182,11.831626506024097,4.6988955823293175
QI-MRFO S=1.0,n100 m10 uniform high,100,10,21,20000,47.74016025735515,47.74016025735515,28.839765410519753,47.06057394079924,0.014440672088079747,16.961811065673828,19950,0.19879518072289157,0.016616465863453816,0.02781124497991968,7.929518072289157,1.6040100250626566,0.0006666666666666666,0.9774636865474939,11.269277108433736,4.589759036144578
QI-MRFO S=1.0,n100 m10 uniform high,100,10,22,20000,47.76454361261011,47.76454361261011,28.88652202852812,47.06057394079924,0.014958799114869416,226.7269947528839,19950,0.18704819277108434,0.014206827309236949,0.026757028112449798,8.360592369477912,1.8045112781954886,0.0,0.9718981255934078,11.811144578313254,4.91004016064257
QI-MRFO S=1.0,n100 m10 uniform high,100,10,23,20000,47.498867126567816,47.498867126567816,28.82638082814309,47.06057394079924,0.009313383774705732,204.44521737098694,19950,0.18012048192771085,0.017018072289156628,0.03825301204819277,8.198644578313253,2.0050125313283207,0.0,0.9758213370817679,11.723694779116466,4.673594377510041
QI-MRFO S=1.0,n100 m10 uniform high,100,10,24,20000,47.945642863790816,47.945642863790816,28.994880872286274,47.06057394079924,0.01880701506328776,41.80749034881592,19950,0.18333333333333332,0.03609437751004016,0.029819277108433736,8.148544176706828,1.6541353383458646,0.0013333333333333333,0.9756376996662931,11.738052208835342,4.559036144578314
QI-MRFO S=1.0,n100 m10 uniform high,100,10,25,20000,47.52666210253038,47.52666210253038,28.789218470490088,47.06057394079924,0.00990400504501853,219.3974049091339,19950,0.19136546184738956,0.01139558232931727,0.03253012048192771,8.29417670682731,1.9548872180451127,0.0,0.9759280575924317,11.773293172690764,4.815060240963855
QI-MRFO S=1.0,n100 m10 uniform high,100,10,26,20000,47.635794792507426,47.635794792507426,28.787982899494708,47.06057394079924,0.012222988449562865,139.90581274032593,19950,0.19252008032128515,0.020532128514056225,0.028012048192771085,8.194427710843373,1.8546365914786966,0.009931034482758621,0.9748052267819122,11.815160642570282,4.573694779116466
QI-MRFO S=1.0,n100 m10 uniform high,100,10,27,20000,47.45456479949596,47.45456479949596,28.804437213912866,47.06057394079924,0.008371994340578025,53.331459522247314,19950,0.1857429718875502,0.019176706827309237,0.03965863453815261,8.150251004016065,2.355889724310777,0.0,0.9771068352870909,11.624598393574297,4.675903614457831
QI-MRFO S=1.0,n100 m10 uniform high,100,10,28,20000,47.61889351980165,47.61889351980165,28.832116270509452,47.06057394079924,0.011863849763174667,212.0692262649536,19950,0.1693273092369478,0.03032128514056225,0.046937751004016065,8.305271084337349,2.606516290726817,0.0,0.976462489396572,11.846586345381526,4.7639558232931725
QI-MRFO S=1.0,n100 m10 uniform high,100,10,29,20000,47.47238500351615,47.47238500351615,28.77734722830286,47.06057394079924,0.008750659591082765,154.32135558128357,19950,0.19216867469879517,0.009939759036144578,0.03790160642570281,8.338152610441767,2.2055137844611528,0.0,0.9759117118557405,11.875903614457831,4.8004016064257025
QI-MRFO S=3.0,n100 m10 uniform high,100,10,0,20000,47.584891921349374,47.584891921349374,28.80321090190014,47.06057394079924,0.011141342670612411,155.16613149642944,19950,0.15602409638554218,0.015160642570281125,0.03920682730923695,11.459738955823294,2.656641604010025,0.0,0.9762166122533078,15.291265060240963,7.628212851405623
QI-MRFO S=3.0,n100 m10 uniform high,100,10,1,20000,48.08619901211942,48.08619901211942,28.91718856721725,47.06057394079924,0.021793722120992193,137.34899806976318,19950,0.15215863453815262,0.018674698795180723,0.025150602409638553,11.694979919678715,1.8045112781954886,0.0,0.9735353065377398,15.350200803212852,8.039759036144579
QI-MRFO S=3.0,n100 m10 uniform high,100,10,2,20000,47.526371067489016,47.526371067489016,28.817198417018567,47.06057394079924,0.009897820780420941,191.63109588623047,19950,0.15256024096385543,0.010491967871485944,0.03649598393574297,11.471385542168674,2.255639097744361,0.0,0.9774104397060542,14.932931726907631,8.009839357429719
QI-MRFO S=3.0,n100 m10 uniform high,100,10,3,20000,47.74534523956022,47.74534523956022,28.870720846752594,47.06057394079924,0.014550848861775606,259.99610662460327,19950,0.13744979919678715,0.021234939759036144,0.0464859437751004,11.680371485943775,2.9573934837092732,0.0,0.9775048535428268,15.321385542168676,8.039357429718876
QI-MRFO S=3.0,n100 m10 uniform high,100,10,4,20000,47.57125657042233,47.57125657042233,28.83825099217011,47.06057394079924,0.01085160224066782,260.72098565101624,19950,0.140210843373494,0.019929718875502007,0.040110441767068274,11.897138554216868,2.556390977443609,0.0,0.973391238120303,15.28574297188755,8.508534136546185
QI-MRFO S=3.0,n100 m10 uniform high,100,10,5,20000,47.44528863710739,47.44528863710739,28.800061279634836,47.06057394079924,0.008174883221613716,256.05172181129456,19950,0.13830321285140562,0.01571285140562249,0.0429718875502008,11.945933734939759,2.706766917293233,0.0013333333333333333,0.9738840607482521,15.826706827309238,8.065160642570282
QI-MRFO S=3.0,n100 m10 uniform high,100,10,6,20000,48.010118658470546,48.010118658470546,28.950913652322217,47.06057394079924,0.020177074739160784,248.41561222076416,19950,0.1411144578313253,0.03579317269076305,0.03278112449799197,11.659186746987952,2.406015037593985,0.0026436781609195403,0.9773798487230378,15.445983935742971,7.872389558232932
QI-MRFO S=3.0,n100 m10 uniform high,100,10,7,20000,47.38719600813809,47.38719600813809,28.753038876619648,47.06057394079924,0.006940460771892278,256.17759108543396,19950,0.1548694779116466,0.009337349397590362,0.03920682730923695,11.610291164658635,2.456140350877193,0.0,0.97810051229377,15.198594377510041,8.02198795180723
QI-MRFO S=3.0,n100 m10 uniform high,100,10,8,20000,47.61973867265682,47.61973867265682,28.842900795545276,47.06057394079924,0.011881808593346041,255.34575152397156,19950,0.15938755020080322,0.01822289156626506,0.024799196787148595,11.377911646586345,1.9047619047619047,0.0006666666666666666,0.9785163380608083,14.918875502008031,7.836947791164659
QI-MRFO S=3.0,n100 m10 uniform high,100,10,9,20000,47.98910380712599,47.98910380712599,28.87452586127402,47.06057394079924,0.01973052575803299,251.37871313095093,19950,0.15522088353413654,0.024146586345381527,0.02248995983935743,11.622991967871487,1.3032581453634084,0.0026666666666666666,0.9769740024641271,15.356626506024096,7.889357429718875
QI-MRFO S=3.0,n100 m10 uniform high,100,10,10,20000,47.451931435578906,47.451931435578906,28.791223974598864,47.06057394079924,0.008316037438727048,228.46794319152832,19950,0.14282128514056225,0.01636546184738956,0.04081325301204819,11.433935742971888,2.355889724310777,0.0,0.97704383824542,14.835341365461847,8.032530120481928
QI-MRFO S=3.0,n100 m10 uniform high,100,10,11,20000,47.62269678644709,47.62269678644709,28.865194563514653,47.06057394079924,0.011944666173323395,217.29269528388977,19950,0.13825301204819276,0.03318273092369478,0.039909638554216864,11.895532128514056,2.406015037593985,0.0,0.9764189306252948,15.964558232931727,7.8265060240963855
QI-MRFO S=3.0,n100 m10 uniform high,100,10,12,20000,47.534992502241636,47.534992502241636,28.793042194738394,47.06057394079924,0.010081019454611888,129.11455821990967,19950,0.14954819277108433,0.01104417670682731,0.0393574297188755,11.719327309236947,2.506265664160401,0.0,0.9777121510089448,15.070983935742971,8.367670682730923
QI-MRFO S=3.0,n100 m10 uniform high,100,10,13,20000,47.547987695668894,47.547987695668894,28.799998642154083,47.06057394079924,0.010357157043660544,131.5717635154724,19950,0.1459839357429719,0.027459839357429718,0.04151606425702811,11.654116465863455,2.756892230576441,0.0,0.9780084015297968,15.553212851405622,7.755020080321285
QI-MRFO S=3.0,n100 m10 uniform high,100,10,14,20000,47.57511883765784,47.57511883765784,28.842725652203633,47.06057394079924,0.010933672366722177,117.5230622291565,19950,0.1474397590361446,0.02208835341365462,0.026857429718875503,11.462449799196786,1.5037593984962405,0.0,0.9763869933604372,14.818775100401606,8.106124497991967
QI-MRFO S=3.0,n100 m10 uniform high,100,10,15,20000,48.031225126426946,48.031225126426946,28.944269050903802,47.06057394079924,0.02062557050087741,112.45367908477783,19950,0.172289156626506,0.01571285140562249,0.02178714859437751,11.302710843373495,1.9047619047619047,0.0,0.9770735500201825,14.659136546184738,7.946285140562249
QI-MRFO S=3.0,n100 m10 uniform high,100,10,16,20000,47.41923408891693,47.41923408891693,28.791888185296735,47.06057394079924,0.007621244665840163,72.26038694381714,19950,0.15135542168674698,0.015913654618473896,0.032228915662650605,11.719728915662651,2.155388471177945,0.0,0.9781325701172652,15.451305220883533,7.988152610441767
QI-MRFO S=3.0,n100 m10 uniform high,100,10,17,20000,47.5359651326978,47.5359651326978,28.840688509211386,47.06057394079924,0.010101687083047201,71.75736093521118,19950,0.14769076305220882,0.011244979919678716,0.03177710843373494,11.710793172690764,1.8045112781954886,0.0006666666666666666,0.9757436635594678,14.980421686746988,8.441164658634538
QI-MRFO S=3.0,n100 m10 uniform high,100,10,18,20000,47.90828147109479,47.90828147109479,28.91396240496232,47.06057394079924,0.018013114998596095,56.46131777763367,19950,0.15823293172690764,0.01641566265060241,0.03448795180722892,11.642971887550202,2.506265664160401,0.0,0.9767133787284163,15.424899598393575,7.8610441767068275
QI-MRFO S=3.0,n100 m10 uniform high,100,10,19,20000,47.716202926426604,47.716202926426604,28.845008491513997,47.06057394079924,0.013931597741500724,55.02617168426514,19950,0.14779116465863454,0.026857429718875503,0.030070281124497993,11.477761044176706,1.9047619047619047,0.0,0.9725757742633047,15.021887550200804,7.93363453815261
QI-MRFO S=3.0,n100 m10 uniform high,100,10,20,20000,47.53052924388298,47.53052924388298,28.812800626543126,47.06057394079924,0.009986178742208562,51.92175650596619,19950,0.1664156626506024,0.006024096385542169,0.030773092369477912,11.619277108433735,2.305764411027569,0.0,0.9761182906934337,15.220883534136545,8.017670682730923
QI-MRFO S=3.0,n100 m10 uniform high,100,10,21,20000,47.615419477745036,47.615419477745036,28.76849526177707,47.06057394079924,0.011790029115322244,9.706135272979736,19950,0.1496987951807229,0.00963855421686747,0.030622489959839357,11.73433734939759,1.9047619047619047,0.0,0.9729040786381993,15.01586345381526,8.45281124497992
QI-MRFO S=3.0,n100 m10 uniform high,100,10,22,20000,48.03685889461845,48.03685889461845,28.90361337762117,47.06057394079924,0.020745283622068584,5.581736326217651,19950,0.1517570281124498,0.020481927710843374,0.03127510040160643,11.977660642570282,2.0050125313283207,0.0,0.9743147125878814,15.67710843373494,8.278212851405623
QI-MRFO S=3.0,n100 m10 uniform high,100,10,23,20000,47.48140368309207,47.48140368309207,28.770809706420895,47.06057394079924,0.008942299403790146,10.83775019645691,19950,0.14964859437751005,0.01822289156626506,0.030020080321285142,11.57590361445783,1.9548872180451127,0.0006666666666666666,0.9775434870111788,15.375903614457831,7.775903614457832
QI-MRFO S=3.0,n100 m10 uniform high,100,10,24,20000,47.74242646730039,47.74242646730039,28.88162351917895,47.06057394079924,0.014488827258224743,5.1326987743377686,19950,0.15356425702811244,0.02279116465863454,0.025100401606425703,11.403363453815262,1.5037593984962405,0.0013333333333333333,0.9765571666965518,15.03805220883534,7.768674698795181
QI-MRFO S=3.0,n100 m10 uniform high,100,10,25,20000,47.44789800413204,47.44789800413204,28.795991980374694,47.06057394079924,0.00823033020846807,10.268377304077148,19950,0.1540160642570281,0.011295180722891566,0.030672690763052207,11.546285140562249,2.1052631578947367,0.0,0.9779645756933241,15.030722891566265,8.061847389558233
QI-MRFO S=3.0,n100 m10 uniform high,100,10,26,20000,47.56035943184876,47.56035943184876,28.816509457992357,47.06057394079924,0.010620046658976938,12.813974618911743,19950,0.13669678714859437,0.026556224899598392,0.04282128514056225,11.933534136546184,2.656641604010025,0.0013333333333333333,0.976012181723716,15.905020080321286,7.962048192771085
QI-MRFO S=3.0,n100 m10 uniform high,100,10,27,20000,47.64952163863501,47.64952163863501,28.819075458865743,47.06057394079924,0.012514673080201886,11.228296756744385,19950,0.15005020080321285,0.013504016064257027,0.03493975903614458,11.54472891566265,2.1052631578947367,0.0,0.9742432646229546,14.926405622489959,8.16305220883534
QI-MRFO S=3.0,n100 m10 uniform high,100,10,28,20000,47.72726161464934,47.72726161464934,28.833325069291924,47.06057394079924,0.014166586125549142,5.473863124847412,19950,0.1357429718875502,0.01887550200803213,0.05130522088353413,11.853062248995984,3.7092731829573933,0.0,0.9753677435090545,15.627510040160642,8.078614457831325
QI-MRFO S=3.0,n100 m10 uniform high,100,10,29,20000,48.07366578680582,48.07366578680582,28.927475580283026,47.06057394079924,0.02152740098922338,5.478518962860107,19950,0.14362449799196786,0.03177710843373494,0.0392570281124498,11.592369477911646,2.2055137844611528,0.0,0.9737226613322651,14.948995983935744,8.23574297188755
QI-MRFO c=0.0,n200 m20 uniform high,200,20,0,20000,105.17905892963333,105.17905892963333,96.03574713993639,60.831838850240715,0.7290133081225627,7.368279457092285,19950,0.43689759036144576,0.24106425702811246,0.03263052208835342,14.639658634538153,1.2531328320802004,0.0003333333333333333,0.9957358161119761,22.53413654618474,6.745180722891567
QI-MRFO c=0.0,n200 m20 uniform high,200,20,1,20000,111.77027039694045,111.77027039694045,99.97592959714049,60.831838850240715,0.8373646516276265,6.885336399078369,19950,0.37605421686746987,0.2944779116465863,0.026857429718875503,15.4964859437751,1.1027568922305764,0.011758620689655172,0.9840450514412097,22.487048192771084,8.505923694779117
QI-MRFO c=0.0,n200 m20 uniform high,200,20,2,20000,113.95775530886172,113.95775530886172,102.31340046978465,60.831838850240715,0.8733241911264497,6.944544553756714,19950,0.5195281124497992,0.14984939759036145,0.02319277108433735,14.305271084337349,1.2030075187969924,0.0009770114942528737,0.9976396933262941,21.589056224899597,7.0214859437751
QI-MRFO c=0.0,n200 m20 uniform high,200,20,3,20000,117.1835545603401,117.1835545603401,104.82824743018966,60.831838850240715,0.9263523308711619,8.274757862091064,19950,0.4548694779116466,0.23328313253012048,0.02956827309236948,14.740210843373495,1.6040100250626566,0.002747126436781609,0.9956358471081546,21.808032128514057,7.672389558232932
QI-MRFO c=0.0,n200 m20 uniform high,200,20,4,20000,108.00283358170392,108.00283358170392,98.28374058486189,60.831838850240715,0.7754326619583447,14.343000888824463,19950,0.5801204819277108,0.10060240963855421,0.025803212851405622,13.551204819277109,1.4536340852130325,0.0,0.9971069131513743,20.983333333333334,6.119076305220884
QI-MRFO c=0.0,n200 m20 uniform high,200,20,5,20000,110.21923672554084,110.21923672554084,99.57843031811974,60.831838850240715,0.8118675813316253,7.895503282546997,19950,0.4780120481927711,0.20256024096385541,0.024497991967871485,14.78559236947791,1.2531328320802004,0.006160919540229886,0.9927774445877332,21.532329317269078,8.038855421686748
QI-MRFO c=0.0,n200 m20 uniform high,200,20,6,20000,95.6559614425228,95.6559614425228,89.39628755071519,60.831838850240715,0.5724653939528951,8.302937746047974,19950,0.46460843373493976,0.1893574297188755,0.0373995983935743,15.379518072289157,1.9548872180451127,0.0032988505747126432,0.995396925032323,23.270883534136548,7.488152610441767
QI-MRFO c=0.0,n200 m20 uniform high,200,20,7,20000,112.04954531232296,112.04954531232296,100.49057943877472,60.831838850240715,0.8419555849392111,11.626797914505005,19950,0.5709337349397591,0.14754016064257028,0.022690763052208834,14.155220883534136,1.1027568922305764,0.0,0.9985676981400268,21.464056224899597,6.846385542168675
QI-MRFO c=0.0,n200 m20 uniform high,200,20,8,20000,118.88775182663169,118.88775182663169,105.8792052048164,60.831838850240715,0.9543672207462991,11.050678253173828,19950,0.551355421686747,0.12991967871485943,0.025100401606425703,14.00758032128514,1.6040100250626566,0.0006666666666666666,0.9967852736857915,21.58644578313253,6.428714859437751
QI-MRFO c=0.0,n200 m20 uniform high,200,20,9,20000,117.90034439921362,117.90034439921362,105.36441204989202,60.831838850240715,0.9381354670120593,10.632471799850464,19950,0.5697289156626506,0.1232429718875502,0.019929718875502007,14.111947791164658,0.7518796992481203,0.0003333333333333333,0.9974419959401232,21.35190763052209,6.871987951807229
QI-MRFO c=0.0,n200 m20 uniform high,200,20,10,20000,120.54109223390624,120.54109223390624,106.7123033923078,60.831838850240715,0.9815460869210475,9.238376140594482,19950,0.416214859437751,0.2635542168674699,0.02389558232931727,15.167620481927711,1.0526315789473684,0.005804597701149426,0.9916734693360251,22.79809236947791,7.53714859437751
QI-MRFO c=0.0,n200 m20 uniform high,200,20,11,20000,123.06389301542164,123.06389301542164,108.82304940223739,60.831838850240715,1.0230178035286315,9.741019010543823,19950,0.5460341365461847,0.1461847389558233,0.026255020080321285,14.33875502008032,1.2030075187969924,0.0021839080459770117,0.9969031952292594,22.03574297188755,6.641767068273093
QI-MRFO c=0.0,n200 m20 uniform high,200,20,12,20000,113.19915929816715,113.19915929816715,101.61097684139791,60.831838850240715,0.8608538133599295,10.479440450668335,19950,0.634789156626506,0.058333333333333334,0.029166666666666667,14.065210843373494,1.7543859649122806,0.0003333333333333333,0.9979299569260185,21.812248995983936,6.318172690763052
QI-MRFO c=0.0,n200 m20 uniform high,200,20,13,20000,106.59508527324861,106.59508527324861,97.34266504966394,60.831838850240715,0.7522910253571401,11.678436040878296,19950,0.5323293172690763,0.15717871485943774,0.024297188755020082,14.354819277108433,1.2030075187969924,0.0006666666666666666,0.9973841501153502,21.683333333333334,7.026305220883534
QI-MRFO c=0.0,n200 m20 uniform high,200,20,14,20000,90.93647517294829,90.93647517294829,85.71874179670189,60.831838850240715,0.4948828917833782,9.983816385269165,19950,0.44533132530120484,0.23664658634538152,0.03458835341365462,14.489006024096385,1.7042606516290726,0.004655172413793103,0.9913133277882481,21.632630522088352,7.3453815261044175
QI-MRFO c=0.0,n200 m20 uniform high,200,20,15,20000,106.65989513931527,106.65989513931527,97.14225669493977,60.831838850240715,0.7533564191918753,13.965633392333984,19950,0.5615461847389558,0.1369979919678715,0.02038152610441767,13.820281124497992,1.0025062656641603,0.0039425287356321835,0.9954888185277274,20.468473895582328,7.172088353413654
QI-MRFO c=0.0,n200 m20 uniform high,200,20,16,20000,105.16687540684819,105.16687540684819,95.5283590368716,60.831838850240715,0.7288130261153867,10.346077919006348,19950,0.5818273092369478,0.12203815261044176,0.02570281124497992,13.729467871485944,1.5037593984962405,0.002413793103448276,0.9964637360149522,20.748192771084337,6.71074297188755
QI-MRFO c=0.0,n200 m20 uniform high,200,20,17,20000,98.48560952981775,98.48560952981775,91.04203388325598,60.831838850240715,0.6189812997807814,10.282454013824463,19950,0.48539156626506025,0.18102409638554218,0.03830321285140562,14.84929718875502,1.8546365914786966,0.0,0.9977967054419447,22.49929718875502,7.19929718875502
QI-MRFO c=0.0,n200 m20 uniform high,200,20,18,20000,106.99993576180698,106.99993576180698,97.46358693322554,60.831838850240715,0.7589462653796397,18.232953310012817,19950,0.48142570281124497,0.20612449799196786,0.02926706827309237,14.102309236947791,1.3032581453634084,0.0012643678160919542,0.9972105213946895,20.642369477911647,7.562248995983936
QI-MRFO c=0.0,n200 m20 uniform high,200,20,19,20000,106.87977308449445,106.87977308449445,96.96873256479314,60.831838850240715,0.7569709399647964,13.39533805847168,19950,0.48614457831325303,0.1852409638554217,0.03127510040160643,14.637349397590361,1.6040100250626566,0.0027011494252873565,0.9972955685229248,21.28674698795181,7.9879518072289155
QI-MRFO c=0.0,n200 m20 uniform high,200,20,20,20000,121.63412119823568,121.63412119823568,107.6535200740303,60.831838850240715,0.9995141277527625,10.49890422821045,19950,0.5295682730923694,0.16475903614457832,0.019528112449799198,15.080321285140561,0.8020050125313283,0.0,0.9980508346060488,22.79698795180723,7.363654618473896
QI-MRFO c=0.0,n200 m20 uniform high,200,20,21,20000,90.9504867149375,90.9504867149375,85.98749661212203,60.831838850240715,0.49511322415954884,12.766883373260498,19950,0.6071787148594378,0.10607429718875502,0.02570281124497992,14.050652610441768,1.6541353383458646,0.0011954022988505746,0.9970853905620092,21.337248995983934,6.764056224899599
QI-MRFO c=0.0,n200 m20 uniform high,200,20,22,20000,103.90756033659439,103.90756033659439,95.23244840091536,60.831838850240715,0.7081114478949081,10.91442584991455,19950,0.5459839357429719,0.13383534136546185,0.027008032128514055,14.023393574297188,1.2531328320802004,0.002126436781609195,0.9956839603022265,21.089859437751002,6.956927710843374
QI-MRFO c=0.0,n200 m20 uniform high,200,20,23,20000,96.3645740111612,96.3645740111612,89.99736995121961,60.831838850240715,0.5841141059108371,12.610539197921753,19950,0.4676706827309237,0.18765060240963854,0.04442771084337349,14.903413654618474,2.055137844611529,0.0015977011494252874,0.9963722817419065,22.20441767068273,7.602409638554217
QI-MRFO c=0.0,n200 m20 uniform high,200,20,24,20000,102.90890403738516,102.90890403738516,94.2912123745375,60.831838850240715,0.691694776656878,10.534217596054077,19950,0.456425702811245,0.21024096385542168,0.03268072289156627,14.640963855421687,1.6040100250626566,0.001310344827586207,0.995263781199755,20.939959839357428,8.341967871485943
QI-MRFO c=0.0,n200 m20 uniform high,200,20,25,20000,104.35261896311746,104.35261896311746,95.48091233142183,60.831838850240715,0.7154276598479734,11.548776388168335,19950,0.5624497991967872,0.14723895582329316,0.02319277108433735,13.857078313253012,1.0526315789473684,0.0012643678160919542,0.9972792437551597,21.207530120481927,6.506626506024096
QI-MRFO c=0.0,n200 m20 uniform high,200,20,26,20000,100.48225886493687,100.48225886493687,92.56351184875341,60.831838850240715,0.6518037390306385,16.173401594161987,19950,0.6122991967871486,0.07540160642570282,0.029066265060240962,13.756576305220884,1.4536340852130325,0.0003333333333333333,0.9967698891081784,21.015562248995984,6.497590361445783
QI-MRFO c=0.0,n200 m20 uniform high,200,20,27,20000,105.82896540014315,105.82896540014315,96.81252936932331,60.831838850240715,0.7396969646220776,11.164357423782349,19950,0.43569277108433735,0.23689759036144578,0.030070281124497993,14.70175702811245,1.5538847117794485,0.0022413793103448275,0.9956893473846284,21.511847389558234,7.891666666666667
QI-MRFO c=0.0,n200 m20 uniform high,200,20,28,20000,86.70350427638778,86.70350427638778,83.1370075081708,60.831838850240715,0.42529809907340466,17.36272954940796,19950,0.7038654618473895,0.03734939759036145,0.025200803212851404,13.902861445783133,1.2531328320802004,0.0,0.9981010643394056,21.688453815261045,6.117269076305221
QI-MRFO c=0.0,n200 m20 uniform high,200,20,29,20000,91.88289820420542,91.88289820420542,86.35898695686082,60.831838850240715,0.5104409128648564,11.748673677444458,19950,0.6118975903614458,0.08333333333333333,0.027710843373493974,14.357680722891565,1.2531328320802004,0.0003333333333333333,0.99795125526698,22.004718875502007,6.7106425702811245
QI-MRFO c=0.25,n200 m20 uniform high,200,20,0,20000,65.76923022086422,65.76923022086422,67.72548123501542,60.831838850240715,0.08116459183123911,15.752478837966919,19950,0.2832831325301205,0.17535140562248996,0.11536144578313252,16.082279116465863,4.711779448621554,0.002,0.9933665014950246,23.605220883534137,8.559337349397591
QI-MRFO c=0.25,n200 m20 uniform high,200,20,1,20000,64.1085109474247,64.1085109474247,66.2102757106571,60.831838850240715,0.05386442624643796,24.45915985107422,19950,0.3140562248995984,0.13765060240963856,0.10768072289156627,16.319126506024098,4.360902255639098,0.002103448275862069,0.9943932160729249,23.66987951807229,8.968373493975903
QI-MRFO c=0.25,n200 m20 uniform high,200,20,2,20000,63.77316374605077,63.77316374605077,66.47487867819552,60.831838850240715,0.04835173408206805,13.629888534545898,19950,0.2923694779116466,0.15532128514056226,0.11365461847389559,16.216666666666665,4.761904761904762,0.0029195402298850576,0.995148483238615,23.345080321285142,9.088253012048193
QI-MRFO c=0.25,n200 m20 uniform high,200,20,3,20000,62.44517469642582,62.44517469642582,65.65736267663327,60.831838850240715,0.026521240795579284,16.97115468978882,19950,0.3147590361445783,0.13443775100401606,0.11666666666666667,16.037248995983937,5.012531328320802,0.0003333333333333333,0.9944316425701041,23.241666666666667,8.832831325301205
QI-MRFO c=0.25,n200 m20 uniform high,200,20,4,20000,63.65618985494652,63.65618985494652,66.27393602016932,60.831838850240715,0.046428828358434995,16.827967166900635,19950,0.3052710843373494,0.1305722891566265,0.12354417670682731,15.414508032128515,5.06265664160401,0.0003333333333333333,0.9947685122746271,22.66706827309237,8.161947791164659
QI-MRFO c=0.25,n200 m20 uniform high,200,20,5,20000,63.57415105693305,63.57415105693305,66.16845321586837,60.831838850240715,0.04508021224614816,17.895350694656372,19950,0.3168674698795181,0.133785140562249,0.10938755020080321,16.20125502008032,4.461152882205514,0.0019770114942528737,0.9947442340984433,23.388855421686745,9.013654618473895
QI-MRFO c=0.25,n200 m20 uniform high,200,20,6,20000,62.343382142809574,62.343382142809574,65.67962865399011,60.831838850240715,0.02484789743558571,13.3419349193573,19950,0.36194779116465864,0.08418674698795181,0.0963855421686747,16.074347389558234,4.110275689223058,0.0,0.9951024435450683,23.205421686746988,8.943273092369479
QI-MRFO c=0.25,n200 m20 uniform high,200,20,7,20000,64.46541474715062,64.46541474715062,66.88841822862098,60.831838850240715,0.05973148215780962,17.514448404312134,19950,0.3129016064257028,0.12218875502008032,0.1143574297188755,16.224899598393574,4.81203007518797,0.0006666666666666666,0.9942480864218214,23.478815261044176,8.970983935742971
QI-MRFO c=0.25,n200 m20 uniform high,200,20,8,20000,69.8087278387926,69.8087278387926,70.6708247091421,60.831838850240715,0.1475689237448782,24.6832594871521,19950,0.3004518072289157,0.16079317269076304,0.11199799196787148,16.17590361445783,5.112781954887218,0.0016666666666666666,0.9943997403894841,23.54277108433735,8.809036144578313
QI-MRFO c=0.25,n200 m20 uniform high,200,20,9,20000,66.87529800614995,66.87529800614995,68.72296459379552,60.831838850240715,0.09934697471150535,15.404948472976685,19950,0.3096385542168675,0.15025100401606425,0.10813253012048193,15.932329317269076,4.461152882205514,0.001,0.9947370079138672,22.828714859437753,9.035943775100401
QI-MRFO c=0.25,n200 m20 uniform high,200,20,10,20000,64.17505002391633,64.17505002391633,66.90816276569468,60.831838850240715,0.05495824615636099,28.620341539382935,19950,0.30883534136546187,0.15833333333333333,0.09342369477911647,16.378413654618473,4.110275689223058,0.001,0.99509144469028,23.73624497991968,9.02058232931727
QI-MRFO c=0.25,n200 m20 uniform high,200,20,11,20000,62.89321774921135,62.89321774921135,65.76530532092326,60.831838850240715,0.033886513015749166,18.27923607826233,19950,0.3044176706827309,0.1535140562248996,0.1123995983935743,16.421435742971887,4.962406015037594,0.0022643678160919538,0.9928900056507783,23.976606425702812,8.866265060240965
QI-MRFO c=0.25,n200 m20 uniform high,200,20,12,20000,67.57274375683582,67.57274375683582,68.83181233488483,60.831838850240715,0.11081211802901847,18.45854377746582,19950,0.3164658634538153,0.1427710843373494,0.09523092369477912,16.224347389558233,4.4110275689223055,0.0035402298850574715,0.994493408379758,23.403313253012048,9.045381526104418
QI-MRFO c=0.25,n200 m20 uniform high,200,20,13,20000,64.09379392393726,64.09379392393726,66.56787064295568,60.831838850240715,0.05362249662922417,14.274026870727539,19950,0.31430722891566265,0.13845381526104417,0.11069277108433735,15.914357429718876,4.711779448621554,0.0006666666666666666,0.9948249441095178,23.196385542168674,8.632329317269077
QI-MRFO c=0.25,n200 m20 uniform high,200,20,14,20000,63.179253125208156,63.179253125208156,66.00372250598087,60.831838850240715,0.03858857991694842,28.014707565307617,19950,0.31792168674698795,0.11907630522088354,0.11571285140562249,15.62781124497992,5.012531328320802,0.0006666666666666666,0.995028479569211,23.341767068273093,7.913855421686747
QI-MRFO c=0.25,n200 m20 uniform high,200,20,15,20000,63.76926968079568,63.76926968079568,66.43797810849534,60.831838850240715,0.048287720477865226,18.313835859298706,19950,0.3265060240963855,0.12289156626506025,0.09854417670682732,15.821184738955823,4.260651629072682,0.0006666666666666666,0.9946105274751404,22.62730923694779,9.015060240963855
QI-MRFO c=0.25,n200 m20 uniform high,200,20,16,20000,64.79021371564278,64.79021371564278,67.25893284714654,60.831838850240715,0.06507077445327629,22.12900972366333,19950,0.3217871485943775,0.1301706827309237,0.10808232931726908,15.810843373493976,4.711779448621554,0.002655172413793103,0.9954118750793538,22.795783132530122,8.82590361445783
QI-MRFO c=0.25,n200 m20 uniform high,200,20,17,20000,63.28513914868058,63.28513914868058,66.21140333201907,60.831838850240715,0.040329214845527483,14.755982398986816,19950,0.3132530120481928,0.1364457831325301,0.10486947791164658,16.59984939759036,4.461152882205514,0.0023333333333333335,0.9945614093620316,24.46004016064257,8.739658634538152
QI-MRFO c=0.25,n200 m20 uniform high,200,20,18,20000,62.40656492733583,62.40656492733583,65.67061489062762,60.831838850240715,0.025886544067356975,22.652034997940063,19950,0.31741967871485943,0.13805220883534136,0.10958835341365462,15.561295180722892,4.761904761904762,0.0,0.9954055617955473,22.50813253012048,8.614457831325302
QI-MRFO c=0.25,n200 m20 uniform high,200,20,19,20000,63.94385633590775,63.94385633590775,66.49442776582036,60.831838850240715,0.051157708602700316,21.503685235977173,19950,0.3425200803212851,0.11470883534136546,0.09543172690763052,16.01636546184739,4.360902255639098,0.0006666666666666666,0.9950198526824913,23.288654618473895,8.744076305220883
QI-MRFO c=0.25,n200 m20 uniform high,200,20,20,20000,64.13125397029934,64.13125397029934,66.574521223576,60.831838850240715,0.05423829334144105,21.460139989852905,19950,0.2905120481927711,0.1620983935742972,0.11897590361445783,16.277158634538154,4.962406015037594,0.005816091954022988,0.9945571219914731,23.701004016064257,8.853313253012049
QI-MRFO c=0.25,n200 m20 uniform high,200,20,21,20000,64.36609120675146,64.36609120675146,66.61414678757504,60.831838850240715,0.05809872631356044,22.76814579963684,19950,0.3044176706827309,0.15316265060240963,0.11551204819277108,15.872640562248996,4.962406015037594,0.0,0.9951316985911604,23.118273092369478,8.627008032128513
QI-MRFO c=0.25,n200 m20 uniform high,200,20,22,20000,65.96028951122933,65.96028951122933,67.97672823126564,60.831838850240715,0.08430536965377837,17.276978015899658,19950,0.29457831325301204,0.15416666666666667,0.11219879518072289,16.41039156626506,4.962406015037594,0.0006666666666666666,0.9947316662879649,24.001907630522087,8.818875502008032
QI-MRFO c=0.25,n200 m20 uniform high,200,20,23,20000,64.00954501592591,64.00954501592591,66.68717556702404,60.831838850240715,0.05223754904908024,27.525328874588013,19950,0.3096887550200803,0.1316265060240964,0.10587349397590362,16.087951807228915,4.56140350877193,0.002172413793103448,0.9939965779593695,23.461345381526105,8.714558232931727
QI-MRFO c=0.25,n200 m20 uniform high,200,20,24,20000,64.49230907594388,64.49230907594388,66.94806343136983,60.831838850240715,0.06017359157454896,21.149824142456055,19950,0.31480923694779117,0.13237951807228915,0.10652610441767069,16.005170682730924,4.81203007518797,0.0006666666666666666,0.9937297695292675,23.083032128514056,8.92730923694779
QI-MRFO c=0.25,n200 m20 uniform high,200,20,25,20000,63.61551195580449,63.61551195580449,66.4753566282755,60.831838850240715,0.04576013413661197,22.35810613632202,19950,0.32474899598393575,0.12419678714859438,0.10030120481927711,15.884839357429719,4.56140350877193,0.0009770114942528737,0.9944956320419066,22.957329317269075,8.812349397590362
QI-MRFO c=0.25,n200 m20 uniform high,200,20,26,20000,62.81886707311482,62.81886707311482,65.94310593980184,60.831838850240715,0.03266428009460454,18.489590644836426,19950,0.31430722891566265,0.11852409638554216,0.116214859437751,15.624799196787148,4.862155388471178,0.0006666666666666666,0.9949537726629945,23.103915662650603,8.145682730923696
QI-MRFO c=0.25,n200 m20 uniform high,200,20,27,20000,65.02196270753929,65.02196270753929,67.51209304456667,60.831838850240715,0.06888044051428495,24.945376873016357,19950,0.3267570281124498,0.11179718875502008,0.11169678714859438,15.942469879518072,4.761904761904762,0.0003333333333333333,0.9939524038667216,23.101104417670683,8.783835341365462
QI-MRFO c=0.25,n200 m20 uniform high,200,20,28,20000,63.40715655572434,63.40715655572434,66.32125106716978,60.831838850240715,0.04233502971731121,19.190044403076172,19950,0.3133032128514056,0.13975903614457832,0.1092871485943775,16.030572289156627,4.661654135338346,0.0003333333333333333,0.9951451226669882,23.939859437751004,8.121285140562248
QI-MRFO c=0.25,n200 m20 uniform high,200,20,29,20000,63.133608246507784,63.133608246507784,66.04802971898273,60.831838850240715,0.03783823471017695,19.661311626434326,19950,0.33002008032128516,0.12414658634538153,0.09503012048192772,16.009538152610443,3.9598997493734336,0.0003333333333333333,0.995456847526224,23.147088353413654,8.87198795180723
QI-MRFO c=0.5,n200 m20 uniform high,200,20,0,20000,63.4812103657115,63.4812103657115,66.36577126282597,60.831838850240715,0.0435523825277279,35.48041129112244,19950,0.2127008032128514,0.11967871485943775,0.10095381526104417,17.034036144578312,4.511278195488722,0.001,0.9924066019679628,24.99909638554217,9.068975903614458
QI-MRFO c=0.5,n200 m20 uniform high,200,20,1,20000,62.17635675935478,62.17635675935478,65.44414615796666,60.831838850240715,0.022102207240916688,18.763177156448364,19950,0.20261044176706827,0.12369477911646587,0.10060240963855421,17.753965863453814,4.761904761904762,0.0,0.9933473923936388,25.704317269076306,9.803614457831324
QI-MRFO c=0.5,n200 m20 uniform high,200,20,2,20000,62.472033337002586,62.472033337002586,65.61230744286308,60.831838850240715,0.026962763542292306,22.4179208278656,19950,0.2084839357429719,0.11606425702811245,0.10446787148594378,17.234236947791164,5.31328320802005,0.001,0.9921121021044902,24.810843373493977,9.657630522088354
QI-MRFO c=0.5,n200 m20 uniform high,200,20,3,20000,65.20316198680088,65.20316198680088,67.80045820583868,60.831838850240715,0.0718591319805692,21.41180920600891,19950,0.2209839357429719,0.10682730923694779,0.09668674698795181,17.170180722891565,4.461152882205514,0.0006666666666666666,0.9919930440593249,24.65512048192771,9.685240963855422
QI-MRFO c=0.5,n200 m20 uniform high,200,20,4,20000,62.47180587612427,62.47180587612427,65.45182980065988,60.831838850240715,0.02695902436750139,24.471611499786377,19950,0.211144578313253,0.11897590361445783,0.1054718875502008,16.58117469879518,5.363408521303258,0.0,0.9928468230296602,24.035441767068274,9.126907630522089
QI-MRFO c=0.5,n200 m20 uniform high,200,20,5,20000,63.03751112260362,63.03751112260362,66.06327065183882,60.831838850240715,0.03625851715239043,21.46540403366089,19950,0.20015060240963856,0.1248995983935743,0.10015060240963855,17.427058232931728,4.4110275689223055,0.0013333333333333333,0.990815358685559,24.51777108433735,10.336345381526105
QI-MRFO c=0.5,n200 m20 uniform high,200,20,6,20000,62.385631691154494,62.385631691154494,65.50808651516232,60.831838850240715,0.025542427621479517,18.70996856689453,19950,0.21526104417670683,0.10657630522088353,0.10235943775100402,17.328413654618473,4.962406015037594,0.0003333333333333333,0.9924920411437058,24.648895582329317,10.00793172690763
QI-MRFO c=0.5,n200 m20 uniform high,200,20,7,20000,63.302174863292024,63.302174863292024,65.88770081426931,60.831838850240715,0.04060926086967259,31.73616051673889,19950,0.1783132530120482,0.17053212851405622,0.10968875502008033,17.099447791164657,4.862155388471178,0.0013218390804597701,0.9925702893098354,24.318273092369477,9.880622489959839
QI-MRFO c=0.5,n200 m20 uniform high,200,20,8,20000,62.65799159905815,62.65799159905815,65.82651986363771,60.831838850240715,0.03001968678463201,19.92751121520996,19950,0.19036144578313252,0.13363453815261045,0.1195281124497992,17.370682730923694,6.165413533834586,0.001,0.9917248213905928,24.87710843373494,9.86425702811245
QI-MRFO c=0.5,n200 m20 uniform high,200,20,9,20000,61.6791766070327,61.6791766070327,65.1290484172951,60.831838850240715,0.013929182033737485,25.432701349258423,19950,0.2227409638554217,0.09206827309236948,0.09713855421686747,16.91019076305221,4.461152882205514,0.0011954022988505746,0.9910766545520848,24.21937751004016,9.601004016064257
QI-MRFO c=0.5,n200 m20 uniform high,200,20,10,20000,62.274463080520135,62.274463080520135,65.49229438039276,60.831838850240715,0.02371495351029837,20.26477575302124,19950,0.218925702811245,0.09513052208835342,0.09467871485943775,17.357680722891565,4.661654135338346,0.001,0.9929517255758605,25.01656626506024,9.698795180722891
QI-MRFO c=0.5,n200 m20 uniform high,200,20,11,20000,62.60685125612923,62.60685125612923,65.61146301091759,60.831838850240715,0.02917900296024824,22.751169443130493,19950,0.20677710843373495,0.1294176706827309,0.10341365461847389,17.56019076305221,5.06265664160401,0.001988505747126437,0.9872323410705373,25.501506024096386,9.618875502008033
QI-MRFO c=0.5,n200 m20 uniform high,200,20,12,20000,62.5464807797599,62.5464807797599,65.64012718696657,60.831838850240715,0.028186587187350773,20.66775918006897,19950,0.19342369477911647,0.13313253012048193,0.10662650602409639,17.28293172690763,5.31328320802005,0.0003333333333333333,0.9932624724599558,24.997791164658633,9.568072289156627
QI-MRFO c=0.5,n200 m20 uniform high,200,20,13,20000,62.88693569846981,62.88693569846981,65.77892906082138,60.831838850240715,0.0337832438912204,29.87589168548584,19950,0.23493975903614459,0.10055220883534137,0.08333333333333333,17.038654618473895,4.2105263157894735,0.0006436781609195402,0.9925740566490441,24.743172690763053,9.33413654618474
QI-MRFO c=0.5,n200 m20 uniform high,200,20,14,20000,63.969653556413775,63.969653556413775,66.74801263610748,60.831838850240715,0.0515817829195976,22.13876247406006,19950,0.22464859437751003,0.11154618473895582,0.09889558232931726,16.508734939759037,4.4110275689223055,0.0013333333333333333,0.992590843886143,24.15672690763052,8.86074297188755
QI-MRFO c=0.5,n200 m20 uniform high,200,20,15,20000,62.27048734414412,62.27048734414412,65.34390280791344,60.831838850240715,0.023649597334138697,24.88602066040039,19950,0.20697791164658635,0.11521084337349398,0.10095381526104417,17.000100401606424,4.761904761904762,0.001,0.9907676068680465,23.94347389558233,10.056726907630521
QI-MRFO c=0.5,n200 m20 uniform high,200,20,16,20000,64.61398526881055,64.61398526881055,67.23545252178016,60.831838850240715,0.0621737973083625,24.983851194381714,19950,0.20587349397590363,0.11350401606425703,0.11255020080321285,17.08152610441767,5.213032581453634,0.002770114942528736,0.9906262032625345,24.302309236947792,9.86074297188755
QI-MRFO c=0.5,n200 m20 uniform high,200,20,17,20000,62.71932678735571,62.71932678735571,65.66635040176965,60.831838850240715,0.03102796122539913,29.881707906723022,19950,0.2176706827309237,0.10893574297188754,0.10376506024096385,16.997389558232932,4.862155388471178,0.0013333333333333333,0.9908431216849246,24.469678714859437,9.525100401606426
QI-MRFO c=0.5,n200 m20 uniform high,200,20,18,20000,65.31675812332708,65.31675812332708,67.79490207411583,60.831838850240715,0.07372651160731129,32.895365953445435,19950,0.21430722891566265,0.1268574297188755,0.10652610441767069,16.917570281124497,5.012531328320802,0.0006666666666666666,0.9929555981044658,24.39789156626506,9.437248995983936
QI-MRFO c=0.5,n200 m20 uniform high,200,20,19,20000,63.20425218791826,63.20425218791826,65.92518776047119,60.831838850240715,0.038999533509386175,22.05364751815796,19950,0.23127510040160643,0.10853413654618474,0.09528112449799196,17.167018072289157,4.511278195488722,0.0003333333333333333,0.9920169881040162,24.725803212851407,9.608232931726908
QI-MRFO c=0.5,n200 m20 uniform high,200,20,20,20000,62.24552516420243,62.24552516420243,65.46588106430528,60.831838850240715,0.02323925004867937,22.584829568862915,19950,0.20095381526104417,0.09914658634538152,0.11782128514056225,17.33930722891566,6.015037593984962,0.0003333333333333333,0.9927958004092934,25.1285140562249,9.550100401606425
QI-MRFO c=0.5,n200 m20 uniform high,200,20,21,20000,61.84259523679225,61.84259523679225,65.33497880085262,60.831838850240715,0.016615581669984895,20.72301459312439,19950,0.21420682730923696,0.11014056224899599,0.09231927710843374,16.923042168674698,4.31077694235589,0.0016551724137931034,0.9927055061973137,24.39909638554217,9.446987951807229
QI-MRFO c=0.5,n200 m20 uniform high,200,20,22,20000,62.45385094174064,62.45385094174064,65.67445540521811,60.831838850240715,0.026663867510122247,26.567442417144775,19950,0.2198293172690763,0.10702811244979919,0.09974899598393575,16.93960843373494,4.56140350877193,0.0006666666666666666,0.9905479449572975,24.065963855421685,9.813253012048193
QI-MRFO c=0.5,n200 m20 uniform high,200,20,23,20000,62.554881078637315,62.554881078637315,65.57011928615226,60.831838850240715,0.028324677684632947,26.61437702178955,19950,0.19497991967871486,0.11857429718875502,0.11144578313253012,17.22374497991968,5.363408521303258,0.00335632183908046,0.9904351780431864,24.52028112449799,9.927208835341366
QI-MRFO c=0.5,n200 m20 uniform high,200,20,24,20000,63.66064831309603,63.66064831309603,66.5312508047568,60.831838850240715,0.04650211988198224,22.090555429458618,19950,0.19623493975903614,0.14417670682730924,0.1021586345381526,16.82233935742972,4.81203007518797,0.002,0.991220137121332,23.966867469879517,9.67781124497992
QI-MRFO c=0.5,n200 m20 uniform high,200,20,25,20000,62.63573656143801,62.63573656143801,65.65664286368474,60.831838850240715,0.029653841562117367,22.086092472076416,19950,0.21335341365461846,0.10376506024096385,0.10070281124497991,16.87836345381526,4.711779448621554,0.0,0.9933864172873803,23.923694779116467,9.833032128514056
QI-MRFO c=0.5,n200 m20 uniform high,200,20,26,20000,62.17234406895887,62.17234406895887,65.34249386986629,60.831838850240715,0.02203624358649241,24.66578984260559,19950,0.20075301204819276,0.12218875502008032,0.10803212851405622,16.884086345381526,5.2631578947368425,0.0003333333333333333,0.9902036545380543,24.366967871485944,9.401204819277108
QI-MRFO c=0.5,n200 m20 uniform high,200,20,27,20000,62.071462010990864,62.071462010990864,65.28254601914878,60.831838850240715,0.020377867645953035,25.817784070968628,19950,0.21485943775100402,0.1285140562248996,0.09864457831325302,16.669176706827308,4.4110275689223055,0.0,0.9938964533558768,23.778614457831324,9.559738955823294
QI-MRFO c=0.5,n200 m20 uniform high,200,20,28,20000,63.08187843951523,63.08187843951523,65.78030309115766,60.831838850240715,0.03698786082751485,21.221185445785522,19950,0.1857429718875502,0.146285140562249,0.10115461847389558,17.04106425702811,4.81203007518797,0.004505747126436781,0.9900417558292681,24.663453815261043,9.418674698795181
QI-MRFO c=0.5,n200 m20 uniform high,200,20,29,20000,62.20774525042072,62.20774525042072,65.46487841868847,60.831838850240715,0.022618195112715428,20.34863042831421,19950,0.2311746987951807,0.08293172690763052,0.09026104417670683,17.130873493975905,4.360902255639098,0.0003333333333333333,0.9922795231817754,24.547489959839357,9.71425702811245
QI-MRFO c=1.0,n200 m20 uniform high,200,20,0,20000,62.2297458713948,62.2297458713948,65.43615457576513,60.831838850240715,0.022979858041042127,24.363492488861084,19950,0.10105421686746988,0.08473895582329317,0.09593373493975904,18.75476907630522,4.862155388471178,0.0,0.9885270633460412,26.612650602409637,10.896887550200804
QI-MRFO c=1.0,n200 m20 uniform high,200,20,1,20000,62.10273363794194,62.10273363794194,65.35880328151082,60.831838850240715,0.02089193441661339,30.859232664108276,19950,0.0930722891566265,0.08975903614457831,0.09066265060240963,19.262248995983935,5.56390977443609,0.0003333333333333333,0.9891553707861733,27.091265060240964,11.433232931726907
QI-MRFO c=1.0,n200 m20 uniform high,200,20,2,20000,62.874357533457975,62.874357533457975,65.67408732287853,60.831838850240715,0.03357647445518865,27.09757709503174,19950,0.07786144578313253,0.11244979919678715,0.09126506024096386,19.18765060240964,4.862155388471178,0.0015977011494252874,0.9863859444464621,26.59698795180723,11.778313253012048
QI-MRFO c=1.0,n200 m20 uniform high,200,20,3,20000,61.935232852328966,61.935232852328966,65.28646335146759,60.831838850240715,0.018138429199956445,21.799595594406128,19950,0.09392570281124497,0.06646586345381526,0.09613453815261044,19.090411646586347,5.363408521303258,0.0,0.9871032875149436,26.92008032128514,11.26074297188755
QI-MRFO c=1.0,n200 m20 uniform high,200,20,4,20000,61.90131950460245,61.90131950460245,65.17190998481281,60.831838850240715,0.01758093581544759,35.772318840026855,19950,0.1088855421686747,0.06420682730923695,0.07645582329317269,18.101204819277108,4.4110275689223055,0.0006666666666666666,0.9879394051433176,25.739357429718876,10.463052208835341
QI-MRFO c=1.0,n200 m20 uniform high,200,20,5,20000,62.11541937020067,62.11541937020067,65.46074124428587,60.831838850240715,0.021100472124802053,20.193631410598755,19950,0.09909638554216868,0.07233935742971888,0.08438755020080321,19.253112449799197,5.012531328320802,0.0018620689655172414,0.9842901796890676,26.721787148594377,11.784437751004017
QI-MRFO c=1.0,n200 m20 uniform high,200,20,6,20000,62.16777999839586,62.16777999839586,65.30432225988167,60.831838850240715,0.02196121592582528,24.90792441368103,19950,0.09849397590361446,0.0860441767068273,0.09487951807228916,19.259538152610443,4.711779448621554,0.0,0.9883594814851439,26.654116465863453,11.86495983935743
QI-MRFO c=1.0,n200 m20 uniform high,200,20,7,20000,61.991696204161315,61.991696204161315,65.15584506246522,60.831838850240715,0.019066616690250036,28.43106484413147,19950,0.10828313253012048,0.05823293172690763,0.08900602409638554,18.570883534136545,4.711779448621554,0.0,0.9885390157012292,26.08132530120482,11.060441767068273
QI-MRFO c=1.0,n200 m20 uniform high,200,20,8,20000,64.27191054511101,64.27191054511101,66.75660961979175,60.831838850240715,0.056550513019000825,28.96194624900818,19950,0.0909136546184739,0.08930722891566265,0.08970883534136546,19.03644578313253,5.06265664160401,0.0032988505747126432,0.9856864747165572,26.845682730923695,11.227208835341365
QI-MRFO c=1.0,n200 m20 uniform high,200,20,9,20000,62.142979704480396,62.142979704480396,65.50774565033912,60.831838850240715,0.021553529845900646,21.38991618156433,19950,0.09603413654618474,0.08509036144578314,0.0909136546184739,18.69241967871486,4.761904761904762,0.0019310344827586207,0.9858228562236978,26.11004016064257,11.274799196787148
QI-MRFO c=1.0,n200 m20 uniform high,200,20,10,20000,62.61566966523133,62.61566966523133,65.80028783072633,60.831838850240715,0.029323966671172833,26.665419340133667,19950,0.08589357429718876,0.10110441767068273,0.09779116465863454,19.35421686746988,5.2631578947368425,0.004183908045977011,0.9872252691009288,27.004518072289155,11.703915662650603
QI-MRFO c=1.0,n200 m20 uniform high,200,20,11,20000,62.28832221033376,62.28832221033376,65.60387023780964,60.831838850240715,0.023942780419291602,22.374045610427856,19950,0.0981425702811245,0.10371485943775101,0.08850401606425704,19.403463855421688,4.761904761904762,0.0006666666666666666,0.9875825310130815,27.643875502008033,11.16305220883534
QI-MRFO c=1.0,n200 m20 uniform high,200,20,12,20000,62.34094784357987,62.34094784357987,65.57634074215237,60.831838850240715,0.024807880574749103,25.77888250350952,19950,0.08293172690763052,0.09191767068273092,0.10456827309236948,19.013855421686745,5.764411027568922,0.0026666666666666666,0.9874206645250075,26.425200803212853,11.602510040160643
QI-MRFO c=1.0,n200 m20 uniform high,200,20,13,20000,62.34781950549234,62.34781950549234,65.54007591976685,60.831838850240715,0.0249208421758177,22.520684480667114,19950,0.09332329317269077,0.1015562248995984,0.08785140562248996,18.96280120481928,4.4110275689223055,0.0006666666666666666,0.9873781860165807,26.813654618473894,11.111947791164658
QI-MRFO c=1.0,n200 m20 uniform high,200,20,14,20000,62.759228901912664,62.759228901912664,65.56875821475603,60.831838850240715,0.03168390251060646,27.322443962097168,19950,0.08644578313253012,0.09578313253012048,0.1051706827309237,18.657831325301206,5.413533834586466,0.0009885057471264369,0.9869844720447939,26.550100401606425,10.765562248995984
QI-MRFO c=1.0,n200 m20 uniform high,200,20,15,20000,62.2864421179614,62.2864421179614,65.3258478835043,60.831838850240715,0.023911874031980366,26.462052583694458,19950,0.09041164658634539,0.09322289156626506,0.08920682730923694,18.86395582329317,5.012531328320802,0.0,0.987669162395008,26.102008032128513,11.625903614457831
QI-MRFO c=1.0,n200 m20 uniform high,200,20,16,20000,62.1224051221689,62.1224051221689,65.39185846773563,60.831838850240715,0.021215309224917146,29.88999915122986,19950,0.10667670682730923,0.07715863453815261,0.08795180722891566,18.54653614457831,4.962406015037594,0.0015977011494252874,0.9884614486057465,25.742570281124497,11.350502008032128
QI-MRFO c=1.0,n200 m20 uniform high,200,20,17,20000,62.66434849122999,62.66434849122999,65.50991972527842,60.831838850240715,0.030124186209472457,23.075324296951294,19950,0.09046184738955823,0.09954819277108434,0.10180722891566266,19.173995983935743,5.81453634085213,0.002,0.9871620696503546,26.98453815261044,11.363453815261044
QI-MRFO c=1.0,n200 m20 uniform high,200,20,18,20000,62.0991067298771,62.0991067298771,65.39251410337515,60.831838850240715,0.020832312545346815,21.39451766014099,19950,0.10637550200803213,0.06671686746987952,0.09362449799196787,18.674096385542168,5.513784461152882,0.0006666666666666666,0.9879749008504785,26.220481927710843,11.127710843373494
QI-MRFO c=1.0,n200 m20 uniform high,200,20,19,20000,62.18090762566989,62.18090762566989,65.45599617760234,60.831838850240715,0.02217701784012133,22.73014998435974,19950,0.09859437751004016,0.0820281124497992,0.09422690763052209,19.171335341365463,5.31328320802005,0.0037586206896551722,0.9853621623356994,26.92479919678715,11.417871485943776
QI-MRFO c=1.0,n200 m20 uniform high,200,20,20,20000,63.438996387238674,63.438996387238674,66.21260112094747,60.831838850240715,0.04285843706642518,22.961119890213013,19950,0.08408634538152611,0.11124497991967872,0.08468875502008032,19.3004016064257,5.012531328320802,0.0034942528735632185,0.9845983366773104,26.94136546184739,11.659437751004017
QI-MRFO c=1.0,n200 m20 uniform high,200,20,21,20000,63.14415480086885,63.14415480086885,66.02931190487253,60.831838850240715,0.038011606986281046,24.38257598876953,19950,0.09196787148594378,0.09563253012048192,0.09819277108433735,18.669427710843372,5.213032581453634,0.0013333333333333333,0.9866915540713918,26.334939759036146,11.003915662650602
QI-MRFO c=1.0,n200 m20 uniform high,200,20,22,20000,63.625090694555226,63.625090694555226,66.6244759829686,60.831838850240715,0.04591759672416114,36.587918519973755,19950,0.09337349397590361,0.08403614457831325,0.09432730923694779,18.695130522088352,5.06265664160401,0.0006666666666666666,0.9875777637634205,26.096787148594377,11.293473895582329
QI-MRFO c=1.0,n200 m20 uniform high,200,20,23,20000,62.5478877582687,62.5478877582687,65.66793031789825,60.831838850240715,0.028209716169400254,26.191550970077515,19950,0.08930722891566265,0.0856425702811245,0.09603413654618474,19.010291164658636,5.2631578947368425,0.0006666666666666666,0.9869198781393549,26.52078313253012,11.499799196787148
QI-MRFO c=1.0,n200 m20 uniform high,200,20,24,20000,62.5532126845817,62.5532126845817,65.70332443076363,60.831838850240715,0.028297251355145835,22.726613759994507,19950,0.09352409638554217,0.09477911646586346,0.09171686746987952,18.755020080321284,5.162907268170426,0.0,0.988859960841663,26.386847389558234,11.123192771084337
QI-MRFO c=1.0,n200 m20 uniform high,200,20,25,20000,62.99933585083269,62.99933585083269,65.92535475581036,60.831838850240715,0.03563096302132254,32.53763556480408,19950,0.09066265060240963,0.08790160642570281,0.08549196787148594,18.740562248995985,4.611528822055138,0.0,0.986614763016137,25.973995983935744,11.507128514056225
QI-MRFO c=1.0,n200 m20 uniform high,200,20,26,20000,62.3188063489292,62.3188063489292,65.61207043035373,60.831838850240715,0.02444390185786077,38.67462468147278,19950,0.07916666666666666,0.09708835341365461,0.09718875502008033,18.871536144578315,5.4636591478696745,0.0032988505747126432,0.9886381276735929,26.863453815261042,10.879618473895583
QI-MRFO c=1.0,n200 m20 uniform high,200,20,27,20000,62.305507832816254,62.305507832816254,65.53903918184719,60.831838850240715,0.024225290742952904,27.214378595352173,19950,0.08845381526104418,0.10988955823293173,0.10276104417670683,18.801807228915663,5.513784461152882,0.001310344827586207,0.986951582214818,26.240261044176705,11.363353413654618
QI-MRFO c=1.0,n200 m20 uniform high,200,20,28,20000,62.21059185725888,62.21059185725888,65.53393205921694,60.831838850240715,0.02266498979937893,25.190854787826538,19950,0.11696787148594377,0.061295180722891564,0.07555220883534136,18.433835341365462,4.360902255639098,0.0006666666666666666,0.9864825009108257,26.596686746987952,10.270983935742972
QI-MRFO c=1.0,n200 m20 uniform high,200,20,29,20000,63.25089373483127,63.25089373483127,66.09107563357345,60.831838850240715,0.03976626270571773,30.859050035476685,19950,0.09377510040160643,0.10978915662650603,0.08318273092369478,18.900652610441767,4.511278195488722,0.002,0.9881322970345207,26.4105421686747,11.390763052208836
QI-MRFO c=2.0,n200 m20 uniform high,200,20,0,20000,62.851155815340014,62.851155815340014,65.89061822518828,60.831838850240715,0.03319506697916151,27.106139421463013,19950,0.02540160642570281,0.05742971887550201,0.06034136546184739,22.082530120481927,4.2105263157894735,0.004,0.9779038042440249,30.553212851405622,13.611847389558234
QI-MRFO c=2.0,n200 m20 uniform high,200,20,1,20000,62.30834166142124,62.30834166142124,65.43614524859073,60.831838850240715,0.024271875371307816,29.885825872421265,19950,0.02153614457831325,0.04071285140562249,0.0664156626506024,22.38308232931727,4.31077694235589,0.001,0.977776691401511,30.32690763052209,14.43925702811245
QI-MRFO c=2.0,n200 m20 uniform high,200,20,2,20000,63.323547737481746,63.323547737481746,66.16468438543859,60.831838850240715,0.04096060441926246,25.990604639053345,19950,0.022941767068273094,0.04954819277108434,0.06124497991967871,22.005170682730924,4.010025062656641,0.002,0.9771188678451728,29.918373493975903,14.091967871485943
QI-MRFO c=2.0,n200 m20 uniform high,200,20,3,20000,62.19484239367131,62.19484239367131,65.54478824506444,60.831838850240715,0.02240608814713153,41.45783495903015,19950,0.02469879518072289,0.03443775100401606,0.0663152610441767,22.15366465863454,4.56140350877193,0.0023218390804597704,0.9779005142693663,30.40632530120482,13.901004016064258
QI-MRFO c=2.0,n200 m20 uniform high,200,20,4,20000,62.37242000781439,62.37242000781439,65.51369116166336,60.831838850240715,0.025325243929685683,26.86709499359131,19950,0.01716867469879518,0.04176706827309237,0.06430722891566265,21.806074297188754,3.9598997493734336,0.0016436781609195403,0.976394082843365,29.347289156626506,14.264859437751005
QI-MRFO c=2.0,n200 m20 uniform high,200,20,5,20000,62.46601719565929,62.46601719565929,65.65774820871597,60.831838850240715,0.02686386563854644,32.18655824661255,19950,0.02038152610441767,0.03975903614457831,0.07525100401606426,23.049246987951808,5.06265664160401,0.003,0.9774373463810648,31.20672690763052,14.891767068273092
QI-MRFO c=2.0,n200 m20 uniform high,200,20,6,20000,62.05117457514514,62.05117457514514,65.33351120702048,60.831838850240715,0.020044367356808916,28.36786937713623,19950,0.025451807228915664,0.038453815261044175,0.06475903614457831,22.56320281124498,4.360902255639098,0.0003333333333333333,0.9787266730979215,30.56285140562249,14.56355421686747
QI-MRFO c=2.0,n200 m20 uniform high,200,20,7,20000,62.12086714660617,62.12086714660617,65.39298193232506,60.831838850240715,0.021190026813735843,38.5046284198761,19950,0.01581325301204819,0.0481425702811245,0.07494979919678715,22.37871485943775,4.661654135338346,0.007574712643678161,0.9764102392042955,30.15471887550201,14.602710843373494
QI-MRFO c=2.0,n200 m20 uniform high,200,20,8,20000,62.7804556752493,62.7804556752493,65.73277552066871,60.831838850240715,0.03203284434333477,37.178104639053345,19950,0.015210843373493975,0.04357429718875502,0.07565261044176706,22.97535140562249,5.363408521303258,0.006574712643678161,0.976515816237716,31.233232931726906,14.717469879518072
QI-MRFO c=2.0,n200 m20 uniform high,200,20,9,20000,62.86770525993747,62.86770525993747,65.90600241973979,60.831838850240715,0.033467119327245234,34.863834381103516,19950,0.01721887550200803,0.046937751004016065,0.07183734939759036,22.276506024096385,4.862155388471178,0.011000000000000001,0.977073641125541,29.90632530120482,14.646686746987951
QI-MRFO c=2.0,n200 m20 uniform high,200,20,10,20000,62.97030667905685,62.97030667905685,65.79478590897223,60.831838850240715,0.03515375943312735,31.88246250152588,19950,0.01887550200803213,0.05717871485943775,0.06320281124497992,22.660441767068274,4.2105263157894735,0.010264367816091954,0.9769673671733089,30.733734939759035,14.58714859437751
QI-MRFO c=2.0,n200 m20 uniform high,200,20,11,20000,62.92086356118368,62.92086356118368,65.95083722579409,60.831838850240715,0.03434097588412287,27.3539400100708,19950,0.01782128514056225,0.04593373493975904,0.07349397590361446,22.774246987951805,4.761904761904762,0.005609195402298851,0.9745530416965362,31.107831325301206,14.440662650602409
QI-MRFO c=2.0,n200 m20 uniform high,200,20,12,20000,62.49834548550911,62.49834548550911,65.61244046397213,60.831838850240715,0.0273953026370138,23.9461612701416,19950,0.021586345381526106,0.04603413654618474,0.07585341365461848,23.006074297188754,5.112781954887218,0.0,0.9774730979011206,31.534738955823293,14.477409638554217
QI-MRFO c=2.0,n200 m20 uniform high,200,20,13,20000,65.224638107423,65.224638107423,67.45908419087795,60.831838850240715,0.07221217277348352,43.314687728881836,19950,0.020833333333333332,0.04181726907630522,0.0626004016064257,22.352158634538153,3.9097744360902253,0.006632183908045977,0.974726017088216,30.53835341365462,14.165963855421687
QI-MRFO c=2.0,n200 m20 uniform high,200,20,14,20000,64.56972289856355,64.56972289856355,67.08120970356259,60.831838850240715,0.06144617882627181,34.98535704612732,19950,0.0213855421686747,0.05110441767068273,0.06204819277108434,22.043022088353414,4.010025062656641,0.00432183908045977,0.9760169941494223,30.078112449799196,14.00793172690763
QI-MRFO c=2.0,n200 m20 uniform high,200,20,15,20000,62.17594551415805,62.17594551415805,65.36691490477821,60.831838850240715,0.022095446879821196,27.854737758636475,19950,0.02133534136546185,0.04126506024096385,0.061295180722891564,22.376104417670682,3.9097744360902253,0.001,0.9762414133285835,29.90582329317269,14.846385542168674
QI-MRFO c=2.0,n200 m20 uniform high,200,20,16,20000,63.20950834095028,63.20950834095028,65.90538541966228,60.831838850240715,0.039085938147670446,33.33845520019531,19950,0.025200803212851404,0.053413654618473895,0.06335341365461847,21.911495983935744,4.06015037593985,0.002655172413793103,0.9762591893332494,29.30070281124498,14.522289156626506
QI-MRFO c=2.0,n200 m20 uniform high,200,20,17,20000,61.89536498825881,61.89536498825881,65.30990950561011,60.831838850240715,0.017483050950281926,30.28939652442932,19950,0.023493975903614458,0.03393574297188755,0.07233935742971888,22.133584337349397,5.112781954887218,0.0006666666666666666,0.977004231936488,30.083734939759037,14.18343373493976
QI-MRFO c=2.0,n200 m20 uniform high,200,20,18,20000,64.63056784833448,64.63056784833448,66.81947499502593,60.831838850240715,0.06244639435355048,24.252724170684814,19950,0.017971887550200804,0.058283132530120484,0.06977911646586345,21.91511044176707,4.862155388471178,0.004666666666666667,0.9766991382346593,29.38995983935743,14.440261044176706
QI-MRFO c=2.0,n200 m20 uniform high,200,20,19,20000,62.532042895556884,62.532042895556884,65.57941167817518,60.831838850240715,0.027949246273844014,30.39967131614685,19950,0.017269076305220885,0.04769076305220884,0.06495983935742972,22.142369477911647,4.611528822055138,0.003988505747126437,0.9758061039619575,29.72058232931727,14.564156626506024
QI-MRFO c=2.0,n200 m20 uniform high,200,20,20,20000,62.83558723606146,62.83558723606146,65.77884215796787,60.831838850240715,0.03293913884066014,25.980669498443604,19950,0.017670682730923693,0.050451807228915665,0.07961847389558233,23.057981927710845,5.614035087719298,0.008103448275862069,0.9764887554887847,31.291867469879517,14.824096385542168
QI-MRFO c=2.0,n200 m20 uniform high,200,20,21,20000,62.78419540091936,62.78419540091936,65.86287791891944,60.831838850240715,0.03209432079613879,34.579023361206055,19950,0.023343373493975902,0.04146586345381526,0.05918674698795181,21.966767068273093,3.9598997493734336,0.0026666666666666666,0.9777330924800184,30.076506024096386,13.857028112449798
QI-MRFO c=2.0,n200 m20 uniform high,200,20,22,20000,62.90499580573925,62.90499580573925,65.87465514088214,60.831838850240715,0.034080129660429115,30.115723133087158,19950,0.018524096385542168,0.04628514056224899,0.07751004016064257,22.50070281124498,5.4636591478696745,0.0032528735632183906,0.9772066704186737,30.07620481927711,14.925200803212851
QI-MRFO c=2.0,n200 m20 uniform high,200,20,23,20000,62.779793148679666,62.779793148679666,65.86882949009721,60.831838850240715,0.03202195322805441,25.770448684692383,19950,0.026154618473895584,0.04327309236947791,0.05933734939759036,22.138002008032128,3.8596491228070176,0.002,0.9772374111352011,29.798293172690762,14.477710843373494
QI-MRFO c=2.0,n200 m20 uniform high,200,20,24,20000,62.477544366464215,62.477544366464215,65.6243859871439,60.831838850240715,0.02705335803303583,24.539546251296997,19950,0.018072289156626505,0.0429718875502008,0.07680722891566265,22.119226907630523,5.2631578947368425,0.004149425287356322,0.9764738073590052,29.871385542168674,14.36706827309237
QI-MRFO c=2.0,n200 m20 uniform high,200,20,25,20000,64.43359713267017,64.43359713267017,67.04252573128252,60.831838850240715,0.05920844002918392,24.937515258789062,19950,0.02178714859437751,0.0376004016064257,0.06475903614457831,22.076857429718874,4.56140350877193,0.009264367816091953,0.975364949403771,29.823192771084337,14.330522088353414
QI-MRFO c=2.0,n200 m20 uniform high,200,20,26,20000,62.352675068436646,62.352675068436646,65.55614903196609,60.831838850240715,0.025000661609786493,26.261556386947632,19950,0.020632530120481926,0.04327309236947791,0.06862449799196788,22.016967871485942,4.56140350877193,0.002655172413793103,0.9778734737326167,30.069377510040162,13.964558232931727
QI-MRFO c=2.0,n200 m20 uniform high,200,20,27,20000,62.803508116002355,62.803508116002355,65.67131323482855,60.831838850240715,0.032411797884584884,34.808653116226196,19950,0.014457831325301205,0.061947791164658636,0.07826305220883534,22.563955823293174,5.614035087719298,0.013908045977011493,0.9767486424697391,30.031124497991968,15.096787148594377
QI-MRFO c=2.0,n200 m20 uniform high,200,20,28,20000,63.06166555075332,63.06166555075332,66.0579250027455,60.831838850240715,0.036655585999991185,24.27887272834778,19950,0.014508032128514056,0.05963855421686747,0.07981927710843373,22.085240963855423,4.862155388471178,0.0063563218390804595,0.9762863090919313,30.198694779116465,13.971787148594377
QI-MRFO c=2.0,n200 m20 uniform high,200,20,29,20000,62.00950126439666,62.00950126439666,65.41686953900202,60.831838850240715,0.019359309802473388,29.03044843673706,19950,0.023443775100401607,0.039859437751004013,0.06551204819277108,22.268323293172692,4.2105263157894735,0.00439080459770115,0.9773666505450749,30.432630522088353,14.104016064257028
QI-MRFO c=4.0,n200 m20 uniform high,200,20,0,20000,63.832997943845584,63.832997943845584,66.2917556911489,60.831838850240715,0.049335334100178915,32.59359884262085,19950,0.00035140562248995986,0.011345381526104417,0.050451807228915665,30.62766064257028,4.661654135338346,0.026862068965517242,0.9500535643534893,39.89638554216867,21.358935742971887
QI-MRFO c=4.0,n200 m20 uniform high,200,20,1,20000,63.54966401955043,63.54966401955043,66.18734702430469,60.831838850240715,0.044677675715189366,26.18113112449646,19950,0.0005522088353413654,0.010291164658634538,0.046937751004016065,29.944277108433734,4.110275689223058,0.01767816091954023,0.9563578630760472,38.34407630522088,21.544477911646588
QI-MRFO c=4.0,n200 m20 uniform high,200,20,2,20000,63.63230599717495,63.63230599717495,66.40982766477931,60.831838850240715,0.04603620735234698,27.031229972839355,19950,0.000502008032128514,0.012901606425702811,0.04447791164658634,28.54367469879518,3.4586466165413534,0.012666666666666666,0.9559440199999857,36.38182730923695,20.705522088353412
QI-MRFO c=4.0,n200 m20 uniform high,200,20,3,20000,64.69326540404198,64.69326540404198,66.98200412399638,60.831838850240715,0.06347706442521893,23.87199115753174,19950,0.00035140562248995986,0.01179718875502008,0.046837349397590364,29.309236947791163,3.6591478696741855,0.023689655172413792,0.9553029376500268,37.30722891566265,21.311244979919678
QI-MRFO c=4.0,n200 m20 uniform high,200,20,4,20000,63.43923955371699,63.43923955371699,65.90677970265172,60.831838850240715,0.04286243442180534,25.15902352333069,19950,0.0010542168674698795,0.00963855421686747,0.043423694779116465,28.620682730923694,4.110275689223058,0.013367816091954024,0.9579388183505629,37.59226907630522,19.64909638554217
QI-MRFO c=4.0,n200 m20 uniform high,200,20,5,20000,64.59039518257134,64.59039518257134,66.7836360271432,60.831838850240715,0.06178600554199349,29.418036699295044,19950,0.0006024096385542169,0.013353413654618474,0.04131526104417671,29.54809236947791,3.5588972431077694,0.011919540229885056,0.9561148763823427,37.52700803212851,21.56917670682731
QI-MRFO c=4.0,n200 m20 uniform high,200,20,6,20000,63.06093906467126,63.06093906467126,66.08170550154742,60.831838850240715,0.03664364346963555,31.62028956413269,19950,0.00040160642570281126,0.012349397590361445,0.051556224899598393,30.084588353413654,4.56140350877193,0.016011494252873563,0.9565819228325142,38.18815261044177,21.981024096385543
QI-MRFO c=4.0,n200 m20 uniform high,200,20,7,20000,66.02197393442648,66.02197393442648,68.18977834421904,60.831838850240715,0.08531938508324792,36.051050424575806,19950,0.00045180722891566266,0.011546184738955823,0.04909638554216868,29.59031124497992,3.6591478696741855,0.025965517241379313,0.9552534710966881,37.0254016064257,22.155220883534138
QI-MRFO c=4.0,n200 m20 uniform high,200,20,8,20000,63.29633829341013,63.29633829341013,65.92091125138288,60.831838850240715,0.04051331489808587,31.02959370613098,19950,0.00020080321285140563,0.010893574297188756,0.05035140562248996,30.22751004016064,4.110275689223058,0.027586206896551727,0.9558597182734273,38.447088353413655,22.007931726907632
QI-MRFO c=4.0,n200 m20 uniform high,200,20,9,20000,65.89629375562218,65.89629375562218,67.77955647901574,60.831838850240715,0.08325335878551084,25.51424741744995,19950,0.00045180722891566266,0.01179718875502008,0.0481425702811245,29.36475903614458,3.408521303258145,0.024379310344827588,0.9552787093325414,36.57911646586346,22.150401606425703
QI-MRFO c=4.0,n200 m20 uniform high,200,20,10,20000,64.33347446252178,64.33347446252178,66.8817234519008,60.831838850240715,0.05756254748276785,38.7722852230072,19950,0.001004016064257028,0.011345381526104417,0.044879518072289154,29.084387550200802,3.5588972431077694,0.021574712643678162,0.9553639943580683,37.72389558232932,20.444879518072288
QI-MRFO c=4.0,n200 m20 uniform high,200,20,11,20000,65.41160885362333,65.41160885362333,67.31995795091939,60.831838850240715,0.07528573999969587,35.68838906288147,19950,0.0006024096385542169,0.010843373493975903,0.05095381526104418,30.795481927710842,4.2105263157894735,0.026149425287356323,0.9555344261791443,38.53072289156626,23.06024096385542
QI-MRFO c=4.0,n200 m20 uniform high,200,20,12,20000,62.54792399905217,62.54792399905217,65.75462534823203,60.831838850240715,0.02821031192294244,37.16848969459534,19950,0.0009036144578313253,0.008835341365461847,0.04759036144578313,28.665361445783134,4.110275689223058,0.00925287356321839,0.9580356782030246,37.87359437751004,19.457128514056226
QI-MRFO c=4.0,n200 m20 uniform high,200,20,13,20000,65.1445985212821,65.1445985212821,67.44083397521351,60.831838850240715,0.07089642122538477,26.93777322769165,19950,0.000502008032128514,0.011947791164658635,0.04588353413654619,30.324748995983935,4.010025062656641,0.02635632183908046,0.9543486694900306,38.38614457831325,22.263353413654617
QI-MRFO c=4.0,n200 m20 uniform high,200,20,14,20000,64.18122658733184,64.18122658733184,66.7011211066983,60.831838850240715,0.055059781200052726,35.177258253097534,19950,0.0009036144578313253,0.008835341365461847,0.04467871485943775,29.598443775100403,4.06015037593985,0.0342183908045977,0.9523150094930245,38.72198795180723,20.474899598393574
QI-MRFO c=4.0,n200 m20 uniform high,200,20,15,20000,62.93050475299782,62.93050475299782,66.14645339500996,60.831838850240715,0.034499465122593456,26.67804527282715,19950,0.0009036144578313253,0.007379518072289156,0.0410140562248996,29.156124497991968,3.9097744360902253,0.018022988505747125,0.9552896472055081,38.21024096385542,20.102008032128513
QI-MRFO c=4.0,n200 m20 uniform high,200,20,16,20000,63.255938424704404,63.255938424704404,65.89898898434062,60.831838850240715,0.03984919115188142,33.48693013191223,19950,0.0008534136546184739,0.009437751004016065,0.0447289156626506,28.860090361445785,3.6591478696741855,0.015804597701149427,0.9553647196084415,37.15200803212851,20.568172690763053
QI-MRFO c=4.0,n200 m20 uniform high,200,20,17,20000,63.18481273165588,63.18481273165588,66.14629307169608,60.831838850240715,0.03867997295310852,35.80656337738037,19950,0.0006526104417670683,0.01144578313253012,0.05,30.47043172690763,4.260651629072682,0.024482758620689653,0.954852820256178,38.52238955823293,22.41847389558233
QI-MRFO c=4.0,n200 m20 uniform high,200,20,18,20000,63.098303951894074,63.098303951894074,65.76452506624184,60.831838850240715,0.037257875883598926,34.02958273887634,19950,0.0009036144578313253,0.008734939759036145,0.041867469879518074,28.321636546184738,3.5588972431077694,0.027436781609195403,0.9523083948660738,36.17379518072289,20.469477911646585
QI-MRFO c=4.0,n200 m20 uniform high,200,20,19,20000,63.347112668214905,63.347112668214905,66.14040239073539,60.831838850240715,0.04134798266030449,29.93110966682434,19950,0.00045180722891566266,0.008634538152610442,0.05065261044176707,30.79016064257028,4.711779448621554,0.013298850574712645,0.9562566634252421,38.911345381526104,22.66897590361446
QI-MRFO c=4.0,n200 m20 uniform high,200,20,20,20000,63.62423098538809,63.62423098538809,66.40203952132323,60.831838850240715,0.04590346417148171,33.87633991241455,19950,0.0006024096385542169,0.013704819277108433,0.04804216867469879,29.483785140562247,3.5588972431077694,0.017919540229885057,0.9556817586590626,38.05251004016064,20.915060240963854
QI-MRFO c=4.0,n200 m20 uniform high,200,20,21,20000,63.65069676672022,63.65069676672022,66.37859936797544,60.831838850240715,0.04633852879935347,29.496387004852295,19950,0.0006526104417670683,0.008785140562248996,0.0446285140562249,29.14733935742972,3.8095238095238093,0.012379310344827586,0.9568858948149033,37.36777108433735,20.926907630522088
QI-MRFO c=4.0,n200 m20 uniform high,200,20,22,20000,64.84586078056071,64.84586078056071,67.107360346157,60.831838850240715,0.06598554319888218,37.14558029174805,19950,0.0009538152610441767,0.011596385542168675,0.0448293172690763,29.703212851405624,4.110275689223058,0.008977011494252873,0.9555891338514276,37.93734939759036,21.469076305220884
QI-MRFO c=4.0,n200 m20 uniform high,200,20,23,20000,63.77406059484997,63.77406059484997,66.346799980646,60.831838850240715,0.048366477164245934,28.79528045654297,19950,0.0009036144578313253,0.008283132530120483,0.045481927710843376,29.04508032128514,4.110275689223058,0.011229885057471266,0.9541989665908297,37.204518072289154,20.885642570281124
QI-MRFO c=4.0,n200 m20 uniform high,200,20,24,20000,63.66064831309603,63.66064831309603,66.19584817899836,60.831838850240715,0.04650211988198224,28.097172260284424,19950,0.0009538152610441767,0.018022088353413655,0.042269076305220886,28.324899598393575,3.6591478696741855,0.021229885057471264,0.9582676783326467,36.7679718875502,19.881827309236947
QI-MRFO c=4.0,n200 m20 uniform high,200,20,25,20000,63.542123259081905,63.542123259081905,66.21656086017536,60.831838850240715,0.04455371496353287,33.54410743713379,19950,0.00030120481927710846,0.012650602409638554,0.04417670682730924,29.46214859437751,3.9097744360902253,0.01854022988505747,0.9540446572369651,37.29226907630522,21.6320281124498
QI-MRFO c=4.0,n200 m20 uniform high,200,20,26,20000,64.6026107257209,64.6026107257209,67.11969138206912,60.831838850240715,0.06198681392425568,25.84856677055359,19950,0.00035140562248995986,0.012299196787148595,0.04804216867469879,29.94738955823293,4.010025062656641,0.02897701149425287,0.9553973683751705,37.36285140562249,22.531927710843373
QI-MRFO c=4.0,n200 m20 uniform high,200,20,27,20000,63.79234279287856,63.79234279287856,66.32937591977507,60.831838850240715,0.04866701383014543,30.99788784980774,19950,0.0008534136546184739,0.009939759036144578,0.04006024096385542,27.817218875502007,3.2581453634085213,0.016057471264367816,0.9556610883703502,35.709939759036146,19.924497991967872
QI-MRFO c=4.0,n200 m20 uniform high,200,20,28,20000,62.99817010064589,62.99817010064589,65.92604572279538,60.831838850240715,0.03561179953376679,46.291956424713135,19950,0.00040160642570281126,0.008634538152610442,0.04794176706827309,28.909186746987952,4.110275689223058,0.030873563218390805,0.9561822351146064,38.22941767068273,19.588955823293173
QI-MRFO c=4.0,n200 m20 uniform high,200,20,29,20000,63.117659470676024,63.117659470676024,66.01783059727639,60.831838850240715,0.037576056611779776,40.101115465164185,19950,0.0008534136546184739,0.008383534136546186,0.03895582329317269,28.791767068273092,3.2581453634085213,0.005137931034482759,0.9573543826557158,36.98212851405623,20.60140562248996
QI-DMO c=0.0,n200 m20 uniform high,200,20,0,20000,69.03918471877532,69.03918471877532,69.79515177349798,60.831838850240715,0.1349185890753675,23.418920755386353,19920,0.035646053293112115,0.24122674710910005,0.26460532931121167,40.98034188034188,1.606425702811245,0.023804597701149427,0.9943098675403853,69.95646053293112,12.00422322775264
QI-DMO c=0.0,n200 m20 uniform high,200,20,1,20000,67.122957802704,67.122957802704,68.26883908931524,60.831838850240715,0.10341819467189071,29.353034019470215,19920,0.026948215183509303,0.228657616892911,0.25902463549522375,38.49587732528909,2.208835341365462,0.0295632183908046,0.9939454150183654,64.3202614379085,12.671493212669683
QI-DMO c=0.0,n200 m20 uniform high,200,20,2,20000,71.85989297783152,71.85989297783152,71.70750532193736,60.831838850240715,0.18128753521228083,40.11023712158203,19920,0.10502765208647562,0.267420814479638,0.23157365510306688,36.29069884364002,2.3092369477911645,0.009045977011494254,0.9972553370383006,68.4807440925088,4.1006535947712415
QI-DMO c=0.0,n200 m20 uniform high,200,20,3,20000,69.4231231116054,69.4231231116054,69.67983890499016,60.831838850240715,0.14123006017482398,41.199249267578125,19920,0.07722473604826546,0.26485671191553545,0.23886375062845652,38.791050779286074,2.108433734939759,0.009160919540229885,0.9971935928218206,72.82051282051282,4.761588738059326
QI-DMO c=0.0,n200 m20 uniform high,200,20,4,20000,67.65417472077414,67.65417472077414,68.98319404291338,60.831838850240715,0.11215074210281621,239.62638235092163,19920,0.0803921568627451,0.2501256913021619,0.24484665661136248,37.971744595274004,1.7570281124497993,0.012367816091954023,0.9972324344574041,70.57244846656612,5.3710407239819
QI-DMO c=0.0,n200 m20 uniform high,200,20,5,20000,70.0275590057754,70.0275590057754,70.27345502485919,60.831838850240715,0.1511662367822422,38.49065542221069,19920,0.04625439919557567,0.26334841628959277,0.24389140271493212,39.85304172951232,2.0582329317269075,0.01664367816091954,0.9956262599452615,72.29984917043741,7.40623428858723
QI-DMO c=0.0,n200 m20 uniform high,200,20,6,20000,65.96099659309236,65.96099659309236,67.25800122844464,60.831838850240715,0.0843169932028341,31.11077642440796,19920,0.09889391654097536,0.2205128205128205,0.25087983911513323,38.46716943187531,2.4096385542168677,0.010367816091954023,0.9978517260440138,68.7918552036199,8.142483660130718
QI-DMO c=0.0,n200 m20 uniform high,200,20,7,20000,66.16794706834017,66.16794706834017,67.37614615046148,60.831838850240715,0.08771900239997987,25.46959161758423,19920,0.12559074912016088,0.17571644042232276,0.2542483660130719,39.348064353946704,2.359437751004016,0.005551724137931035,0.9981304356100096,70.33453996983408,8.361588738059327
QI-DMO c=0.0,n200 m20 uniform high,200,20,8,20000,69.43140477281821,69.43140477281821,69.6754189833321,60.831838850240715,0.14136620041600909,29.41084623336792,19920,0.05093011563599799,0.2713926596279537,0.240824534942182,38.17229763700352,1.4558232931726907,0.01832183908045977,0.9959175593561908,68.84002011060835,7.504575163398693
QI-DMO c=0.0,n200 m20 uniform high,200,20,9,20000,68.66746510756063,68.66746510756063,69.15232592993625,60.831838850240715,0.12880797959453613,202.5594356060028,19920,0.0424333836098542,0.2925590749120161,0.2407239819004525,39.783358471593765,2.0080321285140563,0.02559770114942529,0.9938679266689598,71.61377576671694,7.952941176470588
QI-DMO c=0.0,n200 m20 uniform high,200,20,10,20000,65.21829014025046,65.21829014025046,66.5101929912023,60.831838850240715,0.07210782006456457,32.364198446273804,19920,0.09653092006033183,0.1478129713423831,0.2732528908999497,41.598491704374055,2.2590361445783134,0.007241379310344828,0.9985079312531783,72.14369029663148,11.053293112116641
QI-DMO c=0.0,n200 m20 uniform high,200,20,11,20000,69.22611157632535,69.22611157632535,69.53508022921277,60.831838850240715,0.13799143482659032,205.7445583343506,19920,0.014630467571644042,0.29286073403720464,0.25037707390648567,39.627652086475614,2.86144578313253,0.035735632183908045,0.9907919007541839,68.27581699346405,10.97948717948718
QI-DMO c=0.0,n200 m20 uniform high,200,20,12,20000,69.90193889870216,69.90193889870216,70.52377414405333,60.831838850240715,0.14910119798927549,31.24237370491028,19920,0.07134238310708899,0.2381598793363499,0.25007541478129713,38.81965811965812,2.5602409638554215,0.011735632183908046,0.9972105621114384,69.93343388637506,7.705882352941177
QI-DMO c=0.0,n200 m20 uniform high,200,20,13,20000,66.07179135083834,66.07179135083834,67.52099767096885,60.831838850240715,0.08613832163610306,134.76235461235046,19920,0.056611362493715435,0.2159376571141277,0.2642533936651584,41.08225238813474,2.0080321285140563,0.01664367816091954,0.9966109307982703,72.37476118652589,9.78974358974359
QI-DMO c=0.0,n200 m20 uniform high,200,20,14,20000,64.88305034540572,64.88305034540572,66.3769902335642,60.831838850240715,0.06659689353035192,174.88537454605103,19920,0.019457013574660634,0.2212166918049271,0.2743086978381096,42.43438914027149,2.7610441767068274,0.031310344827586205,0.9930883427383073,71.99436902966315,12.87440925087984
QI-DMO c=0.0,n200 m20 uniform high,200,20,15,20000,69.18942759194543,69.18942759194543,69.16636657420474,60.831838850240715,0.13738839561105337,277.1789267063141,19920,0.03137254901960784,0.27461035696329816,0.24484665661136248,39.55585721468074,2.1586345381526106,0.026298850574712644,0.9937113317646324,69.52931121166415,9.582403217697335
QI-DMO c=0.0,n200 m20 uniform high,200,20,16,20000,65.13543008955732,65.13543008955732,66.61671229842057,60.831838850240715,0.07074570357656669,273.78000712394714,19920,0.10452488687782806,0.14042232277526395,0.27521367521367524,41.1052790346908,3.0120481927710845,0.006252873563218391,0.9985374726899968,68.53092006033182,13.679638009049773
QI-DMO c=0.0,n200 m20 uniform high,200,20,17,20000,69.6422921176841,69.6422921176841,70.37946808828883,60.831838850240715,0.14483292686800828,266.8176038265228,19920,0.23609854198089492,0.04012066365007542,0.26475615887380594,40.39819004524887,1.6566265060240963,0.0,0.9999116764151883,71.71724484665661,9.079135243841126
QI-DMO c=0.0,n200 m20 uniform high,200,20,18,20000,66.50339762189788,66.50339762189788,67.99370960705971,60.831838850240715,0.09323339354609561,263.8311891555786,19920,0.08511814982403218,0.2299145299145299,0.24700854700854702,36.4316742081448,2.5602409638554215,0.007333333333333333,0.9977665170638753,64.94328808446456,7.920060331825038
QI-DMO c=0.0,n200 m20 uniform high,200,20,19,20000,66.74526983112975,66.74526983112975,68.28600427752409,60.831838850240715,0.09720947274743828,265.5349771976471,19920,0.11327300150829563,0.22549019607843138,0.2441427853192559,40.088235294117645,2.610441767068273,0.00864367816091954,0.9979132732450589,71.69854198089492,8.477928607340372
QI-DMO c=0.0,n200 m20 uniform high,200,20,20,20000,69.73480685396703,69.73480685396703,70.39889883378035,60.831838850240715,0.14635375441541637,264.3443217277527,19920,0.10568124685771745,0.1607843137254902,0.2661639014580191,41.166264454499746,2.208835341365462,0.005298850574712644,0.9983466164082118,71.64343891402714,10.689089994972347
QI-DMO c=0.0,n200 m20 uniform high,200,20,21,20000,81.90901120669766,81.90901120669766,78.22378184947851,60.831838850240715,0.34648257811745464,261.9048924446106,19920,0.0010558069381598793,0.3954248366013072,0.21312217194570135,45.208396178984415,1.8072289156626506,0.08529885057471265,0.9784215828046327,76.25319255907492,14.163599798893916
QI-DMO c=0.0,n200 m20 uniform high,200,20,22,20000,72.47489668143386,72.47489668143386,72.23729450962594,60.831838850240715,0.191397433502819,263.37982749938965,19920,0.027551533433886374,0.25460030165912517,0.2586224233283057,40.02609351432881,1.857429718875502,0.012229885057471263,0.9973951063257714,69.37214680744093,10.680040221216691
QI-DMO c=0.0,n200 m20 uniform high,200,20,23,20000,71.98791723440303,71.98791723440303,71.54737324303473,60.831838850240715,0.1833920952418845,256.9572250843048,19920,0.05505279034690799,0.2440422322775264,0.25384615384615383,40.70744092508799,1.8072289156626506,0.012712643678160919,0.9961450961538436,72.01407742584213,9.400804424333836
QI-DMO c=0.0,n200 m20 uniform high,200,20,24,20000,68.42124833160561,68.42124833160561,69.16965040494843,60.831838850240715,0.12476048110347177,255.31402897834778,19920,0.07094017094017094,0.2968828557063851,0.22619406737053796,38.333333333333336,2.208835341365462,0.016218390804597704,0.9963467317642482,71.43358471593766,5.23308195072901
QI-DMO c=0.0,n200 m20 uniform high,200,20,25,20000,69.48136509395283,69.48136509395283,69.88099641844946,60.831838850240715,0.14218748614530646,253.7016863822937,19920,0.09014580191050779,0.2469079939668175,0.24177978883861237,37.97048768225239,1.7570281124497993,0.010574712643678161,0.9970664700856896,67.8343891402715,8.106586224233283
QI-DMO c=0.0,n200 m20 uniform high,200,20,26,20000,66.47805657478303,66.47805657478303,68.14677653178374,60.831838850240715,0.09281681815410005,253.2575500011444,19920,0.17712418300653596,0.09824032176973353,0.2613876319758673,37.41025641025641,1.9076305220883534,0.0003333333333333333,0.9996273557256056,67.03660130718954,7.783911513323278
QI-DMO c=0.0,n200 m20 uniform high,200,20,27,20000,67.30745340466193,67.30745340466193,68.7547030064047,60.831838850240715,0.1064510735959051,253.0961902141571,19920,0.12428355957767723,0.18134741075917546,0.2508295625942685,39.13469079939668,1.9578313253012047,0.003517241379310345,0.9991668500485289,71.13795877325289,7.131422825540473
QI-DMO c=0.0,n200 m20 uniform high,200,20,28,20000,64.73544862159073,64.73544862159073,66.50872027388762,60.831838850240715,0.0641705042150731,155.04272961616516,19920,0.10869783810960282,0.17415786827551533,0.26118652589240826,39.32051282051282,2.459839357429719,0.006827586206896552,0.9981528606294304,70.8691804927099,7.7718451483157365
QI-DMO c=0.0,n200 m20 uniform high,200,20,29,20000,67.4527605739624,67.4527605739624,68.22088458983433,60.831838850240715,0.10883974328018328,113.0838782787323,19920,0.07481146304675716,0.23961789844142786,0.246807440925088,38.38989441930618,1.857429718875502,0.012080459770114942,0.9967225418906459,67.04172951231774,9.73805932629462
QI-DMO c=0.25,n200 m20 uniform high,200,20,0,20000,65.57069834367596,65.57069834367596,67.10651414626955,60.831838850240715,0.077900973947239,96.03792238235474,19920,0.0008547008547008547,0.03519356460532931,0.34112619406737055,51.70759175465058,2.4096385542168677,0.07001149425287356,0.9702420278164275,79.76229260935143,23.652890899949725
QI-DMO c=0.25,n200 m20 uniform high,200,20,1,20000,67.38074957032599,67.38074957032599,68.73665588964404,60.831838850240715,0.10765597167311933,82.67862915992737,19920,0.0006033182503770739,0.03423831070889895,0.3441427853192559,51.38164906988436,2.0080321285140563,0.061,0.9763739094208972,76.15213675213676,26.611161387631977
QI-DMO c=0.25,n200 m20 uniform high,200,20,2,20000,64.31205160305736,64.31205160305736,66.36831956891108,60.831838850240715,0.057210382237243014,64.06704568862915,19920,0.00020110608345902463,0.039819004524886875,0.344947209653092,49.63428858722976,2.359437751004016,0.06833333333333333,0.9708857918634243,75.31935646053293,23.949220713926596
QI-DMO c=0.25,n200 m20 uniform high,200,20,3,20000,67.03014398263264,67.03014398263264,68.24760815104675,60.831838850240715,0.10189245055786104,14.037665367126465,19920,0.00030165912518853697,0.035143288084464555,0.34650578179989944,50.09175465057818,2.5100401606425704,0.07010344827586207,0.9704485223748798,76.79788838612367,23.38562091503268
QI-DMO c=0.25,n200 m20 uniform high,200,20,4,20000,68.54272519010053,68.54272519010053,68.95692807238193,60.831838850240715,0.12675741002738566,8.610714673995972,19920,0.00025138260432378077,0.03363499245852187,0.3426344896933132,49.93986928104575,2.7610441767068274,0.09840229885057472,0.9606426852013783,74.83418803418803,25.04555052790347
QI-DMO c=0.25,n200 m20 uniform high,200,20,5,20000,68.39390496568072,68.39390496568072,69.54485219503978,60.831838850240715,0.12431099007308868,13.728344678878784,19920,5.0276520864756156e-05,0.042634489693313224,0.33655103066867775,47.996430367018604,1.857429718875502,0.08979310344827587,0.9656527062687829,72.87149321266968,23.12136752136752
QI-DMO c=0.25,n200 m20 uniform high,200,20,6,20000,65.46433542047303,65.46433542047303,67.29981456722503,60.831838850240715,0.07615249937844003,10.614555597305298,19920,0.00015082956259426848,0.03132227249874309,0.34560080442433383,49.06209150326797,3.21285140562249,0.09124137931034483,0.9643373366751916,71.82795374560081,26.296229260935142
QI-DMO c=0.25,n200 m20 uniform high,200,20,7,20000,65.71663030126153,65.71663030126153,67.06215091741261,60.831838850240715,0.08029991437619492,10.705724000930786,19920,0.00040221216691804925,0.03388637506284565,0.3359477124183007,49.69451985922574,2.0582329317269075,0.07220689655172415,0.9714340648541562,78.03368526897938,21.355354449472095
QI-DMO c=0.25,n200 m20 uniform high,200,20,8,20000,66.37860057865751,66.37860057865751,67.35934113264409,60.831838850240715,0.09118188490195292,10.834583759307861,19920,0.00015082956259426848,0.036249371543489194,0.34338863750628457,53.07345399698341,1.9578313253012047,0.08520689655172413,0.9684807233732794,81.56199095022625,24.584917043740575
QI-DMO c=0.25,n200 m20 uniform high,200,20,9,20000,64.25170242772933,64.25170242772933,66.30582562754707,60.831838850240715,0.05621831662705163,12.601181030273438,19920,0.0003519356460532931,0.030819507290095527,0.34384112619406737,50.54193061840121,2.0080321285140563,0.06702298850574713,0.971035288155337,76.11905480140774,24.96480643539467
QI-DMO c=0.25,n200 m20 uniform high,200,20,10,20000,66.42682583903017,66.42682583903017,67.33489763921825,60.831838850240715,0.09197464838377671,11.147338390350342,19920,5.0276520864756156e-05,0.029964806435394672,0.34374057315233786,53.28139768728004,2.4096385542168677,0.0731264367816092,0.9713203754565722,81.10387129210659,25.458924082453493
QI-DMO c=0.25,n200 m20 uniform high,200,20,11,20000,66.6402332250499,66.6402332250499,67.66078347542101,60.831838850240715,0.09548280118752646,13.590960264205933,19920,0.0008044243338360985,0.0334841628959276,0.3375062845651081,47.67425842131725,2.0582329317269075,0.07560919540229885,0.9659764691465728,73.19095022624434,22.157566616390145
QI-DMO c=0.25,n200 m20 uniform high,200,20,12,20000,65.98489232601113,65.98489232601113,67.44153808232703,60.831838850240715,0.0847098094216172,21.63029170036316,19920,0.00065359477124183,0.05495223730517848,0.3320764203117144,50.12528908999497,1.9578313253012047,0.0731609195402299,0.9698622955754027,76.67692307692307,23.57365510306687
QI-DMO c=0.25,n200 m20 uniform high,200,20,13,20000,65.97022741916497,65.97022741916497,67.62343123623567,60.831838850240715,0.08446873653736219,12.48990535736084,19920,0.00015082956259426848,0.0355455002513826,0.34560080442433383,50.50563097033685,2.5602409638554215,0.09533333333333333,0.9615020447313557,75.6579185520362,25.353343388637505
QI-DMO c=0.25,n200 m20 uniform high,200,20,14,20000,68.10306746123088,68.10306746123088,68.83283787494237,60.831838850240715,0.11952998213469905,12.993167161941528,19920,0.00040221216691804925,0.0355455002513826,0.33790849673202616,48.01045751633987,1.8072289156626506,0.08177011494252874,0.9656363886513275,73.44203117144293,22.578883861236804
QI-DMO c=0.25,n200 m20 uniform high,200,20,15,20000,66.58635813016615,66.58635813016615,67.8654007208747,60.831838850240715,0.09459716143206251,12.344911336898804,19920,5.0276520864756156e-05,0.02815485168426345,0.344947209653092,49.790145801910505,2.208835341365462,0.12249425287356322,0.957307403281252,73.29723479135244,26.283056812468576
QI-DMO c=0.25,n200 m20 uniform high,200,20,16,20000,69.4288376990127,69.4288376990127,69.38991178849881,60.831838850240715,0.14132400090578504,12.225196361541748,19920,0.00020110608345902463,0.03212669683257918,0.34077425842131726,49.4780291603821,2.2590361445783134,0.0736206896551724,0.971960969150841,76.00382101558573,22.952237305178482
QI-DMO c=0.25,n200 m20 uniform high,200,20,17,20000,66.63293835327642,66.63293835327642,68.0965672298505,60.831838850240715,0.09536288254111762,11.756492137908936,19920,0.00025138260432378077,0.03730517848164907,0.34042232277526396,51.8219708396179,2.7610441767068274,0.0863448275862069,0.9659202245433633,77.54610356963298,26.097838109602815
QI-DMO c=0.25,n200 m20 uniform high,200,20,18,20000,64.87498208922874,64.87498208922874,66.57808414867777,60.831838850240715,0.06646426140333622,11.1657874584198,19920,0.0003519356460532931,0.03252890899949724,0.3425339366515837,46.03886375062846,2.0080321285140563,0.07148275862068966,0.9669345004783262,69.37727501256913,22.700452488687784
QI-DMO c=0.25,n200 m20 uniform high,200,20,19,20000,66.50843591863803,66.50843591863803,67.58318745958556,60.831838850240715,0.09331621689708056,22.54432487487793,19920,0.0,0.022071392659627955,0.35193564605329314,50.29824032176973,2.710843373493976,0.1348735632183908,0.9518622153140945,72.7563599798894,27.840120663650076
QI-DMO c=0.25,n200 m20 uniform high,200,20,20,20000,66.81639893536371,66.81639893536371,67.78735987906435,60.831838850240715,0.09837874702186998,15.708426237106323,19920,0.00020110608345902463,0.03237807943690297,0.34580191050779285,52.51302161890397,1.857429718875502,0.10163218390804599,0.961672007895169,79.49582704876822,25.53021618903972
QI-DMO c=0.25,n200 m20 uniform high,200,20,21,20000,65.68658350047292,65.68658350047292,67.46736615630766,60.831838850240715,0.07980598222887678,15.090753316879272,19920,0.00010055304172951231,0.045449974861739566,0.3359477124183007,46.676168929110105,2.2590361445783134,0.08405747126436781,0.9665655373134224,73.26515837104073,20.087179487179487
QI-DMO c=0.25,n200 m20 uniform high,200,20,22,20000,65.6533279554719,65.6533279554719,67.3598105585626,60.831838850240715,0.07925930230550808,12.994572639465332,19920,0.0003519356460532931,0.029160382101558573,0.34695827048768224,51.03348416289593,2.1586345381526106,0.07617241379310345,0.9661902410188041,78.00703871292107,24.05992961287079
QI-DMO c=0.25,n200 m20 uniform high,200,20,23,20000,66.09999062898854,66.09999062898854,67.44124479782687,60.831838850240715,0.08660188280214999,12.43651032447815,19920,0.0003519356460532931,0.03313222724987431,0.342885872297637,49.1132730015083,2.0582329317269075,0.08240229885057472,0.9674816065911579,74.60402212166917,23.622523881347412
QI-DMO c=0.25,n200 m20 uniform high,200,20,24,20000,67.70954171301622,67.70954171301622,68.31196349875398,60.831838850240715,0.11306090680091765,12.224426746368408,19920,5.0276520864756156e-05,0.02971342383107089,0.3415284062342886,49.610005027652086,2.1586345381526106,0.10985057471264367,0.9607124705080531,73.70507792860734,25.514932126696834
QI-DMO c=0.25,n200 m20 uniform high,200,20,25,20000,65.82132298583413,65.82132298583413,67.18749859174407,60.831838850240715,0.08202093229298577,12.52003002166748,19920,0.00020110608345902463,0.03076923076923077,0.3456510809451986,51.41719457013575,2.610441767068273,0.08051724137931034,0.9624511297470731,77.23700351935646,25.597385620915034
QI-DMO c=0.25,n200 m20 uniform high,200,20,26,20000,65.30829995675846,65.30829995675846,66.75345594567652,60.831838850240715,0.07358746983694103,12.30454158782959,19920,0.000955253896430367,0.04389140271493212,0.3431372549019608,48.150175967823024,2.4096385542168677,0.06419540229885057,0.9743555095236062,76.17667169431876,20.1236802413273
QI-DMO c=0.25,n200 m20 uniform high,200,20,27,20000,65.98108815549503,65.98108815549503,66.90433255197578,60.831838850240715,0.08464727357545496,20.83492612838745,19920,0.00045248868778280545,0.046304675716440424,0.33237807943690295,46.8937154348919,2.4096385542168677,0.07326436781609195,0.968984980059637,74.70266465560583,19.08476621417798
QI-DMO c=0.25,n200 m20 uniform high,200,20,28,20000,65.41371803336921,65.41371803336921,66.95087230058898,60.831838850240715,0.07532041229936225,14.516392946243286,19920,0.00045248868778280545,0.042986425339366516,0.345148315736551,46.791804927099044,2.108433734939759,0.0965287356321839,0.9577153429167963,73.39115133232781,20.192458521870286
QI-DMO c=0.25,n200 m20 uniform high,200,20,29,20000,64.83172985916094,64.83172985916094,66.68155079071475,60.831838850240715,0.06575324837323082,13.349031209945679,19920,0.00020110608345902463,0.0314228255404726,0.3383107088989442,47.72041226747109,2.108433734939759,0.12272413793103448,0.9533354167916469,73.07993966817496,22.36088486676722
QI-DMO c=0.5,n200 m20 uniform high,200,20,0,20000,67.0611282908205,67.0611282908205,67.74426241751806,60.831838850240715,0.10240179416432586,13.472439765930176,19920,0.0,0.018552036199095023,0.3436902966314731,56.67239819004525,1.8072289156626506,0.21541379310344827,0.9256236705737009,78.37998994469582,34.96480643539467
QI-DMO c=0.5,n200 m20 uniform high,200,20,1,20000,67.40665338211313,67.40665338211313,68.05572219665332,60.831838850240715,0.10808179821850647,20.081807374954224,19920,0.0,0.01623931623931624,0.35047762694821516,58.268677727501256,2.0080321285140563,0.1526896551724138,0.9417373624371926,81.91935646053292,34.61799899446958
QI-DMO c=0.5,n200 m20 uniform high,200,20,2,20000,70.0197851367223,70.0197851367223,70.0582508551534,60.831838850240715,0.15103844401450695,14.84313178062439,19920,0.0,0.015334338863750628,0.3485168426344897,59.18763197586727,1.9076305220883534,0.17528735632183906,0.9312413941754545,81.53886375062845,36.83640020110608
QI-DMO c=0.5,n200 m20 uniform high,200,20,3,20000,68.11354432225662,68.11354432225662,67.83386570394809,60.831838850240715,0.1197022087387892,16.242948055267334,19920,0.0,0.01518350930115636,0.34751131221719456,58.95460030165913,1.5562248995983936,0.18934482758620688,0.9284043933952625,82.39839115133233,35.51080945198592
QI-DMO c=0.5,n200 m20 uniform high,200,20,4,20000,67.19219177647862,67.19219177647862,67.80288823700667,60.831838850240715,0.1045563153515084,14.208149671554565,19920,0.0,0.019105077928607342,0.3424333836098542,55.20814479638009,2.2590361445783134,0.17490804597701148,0.9270334677008675,77.29733534439417,33.118954248366016
QI-DMO c=0.5,n200 m20 uniform high,200,20,5,20000,67.6236870540325,67.6236870540325,67.97530522719796,60.831838850240715,0.11164956266589846,20.73552441596985,19920,0.0,0.014731020613373554,0.3466566113624937,61.02956259426848,2.2590361445783134,0.20640229885057473,0.9158143450710298,85.36008044243339,36.69904474610357
QI-DMO c=0.5,n200 m20 uniform high,200,20,6,20000,68.69557822311255,68.69557822311255,68.6026740573642,60.831838850240715,0.12927012435430787,20.460471153259277,19920,0.0,0.013926596279537457,0.3501759678230266,59.64364002011061,2.1586345381526106,0.21967816091954023,0.9115696423507965,79.53453996983409,39.75274007038713
QI-DMO c=0.5,n200 m20 uniform high,200,20,7,20000,69.1437716904988,69.1437716904988,69.48135326766231,60.831838850240715,0.1366378692040014,16.742040395736694,19920,0.0,0.020713926596279537,0.3502262443438914,53.42911010558069,1.7068273092369477,0.2049655172413793,0.9210728560621232,76.80130718954248,30.056913021618904
QI-DMO c=0.5,n200 m20 uniform high,200,20,8,20000,67.10928037934387,67.10928037934387,68.20983400211078,60.831838850240715,0.1031933547916794,14.790909767150879,19920,0.0,0.019557566616390146,0.3487179487179487,56.38838612368024,2.5602409638554215,0.19091954022988505,0.9135111727879033,81.32880844645551,31.447963800904976
QI-DMO c=0.5,n200 m20 uniform high,200,20,9,20000,69.66308742682858,69.66308742682858,69.86746308075317,60.831838850240715,0.14517477596442774,16.608588695526123,19920,0.0,0.020864756158873805,0.34650578179989944,57.814881850175965,2.1586345381526106,0.21429885057471265,0.9173065927914682,81.66556058320764,33.964203117144294
QI-DMO c=0.5,n200 m20 uniform high,200,20,10,20000,67.37583656804757,67.37583656804757,68.10109556387111,60.831838850240715,0.10757520800772186,14.512343406677246,19920,0.0,0.013926596279537457,0.35354449472096533,58.82066365007542,2.0080321285140563,0.1704712643678161,0.9300752059570753,82.11875314228256,35.52257415786828
QI-DMO c=0.5,n200 m20 uniform high,200,20,11,20000,67.619475858071,67.619475858071,67.9102518911667,60.831838850240715,0.11158033582612019,15.832186937332153,19920,0.0,0.016038210155857213,0.351131221719457,57.60643539467069,1.9578313253012047,0.168,0.9283526310552533,80.42192056309703,34.79095022624434
QI-DMO c=0.5,n200 m20 uniform high,200,20,12,20000,69.84508137914418,69.84508137914418,70.14570277692445,60.831838850240715,0.14816653087033543,23.086974143981934,19920,0.0,0.016189039718451485,0.35228758169934643,57.42081447963801,1.606425702811245,0.19897701149425287,0.9173929800126888,78.96108597285068,35.88054298642534
QI-DMO c=0.5,n200 m20 uniform high,200,20,13,20000,66.89969860784994,66.89969860784994,67.75282196617016,60.831838850240715,0.09974809034702091,17.265154361724854,19920,0.0,0.02006033182503771,0.34947209653092004,56.73051784816491,2.208835341365462,0.20082758620689656,0.9151769205307008,82.11905480140774,31.34198089492207
QI-DMO c=0.5,n200 m20 uniform high,200,20,14,20000,67.02451873293292,67.02451873293292,67.57984105717563,60.831838850240715,0.10179997842803497,16.15552306175232,19920,0.0,0.018552036199095023,0.34776269482151834,54.428456510809454,2.3092369477911645,0.16839080459770117,0.9231054858066514,78.27471091000503,30.582202111613878
QI-DMO c=0.5,n200 m20 uniform high,200,20,15,20000,66.77943574290548,66.77943574290548,67.50475914387209,60.831838850240715,0.09777111797174001,17.0520179271698,19920,0.0,0.01689291101055807,0.35238813474107594,57.738411261940676,2.1586345381526106,0.20378160919540228,0.9215434265411552,78.28808446455506,37.1887380593263
QI-DMO c=0.5,n200 m20 uniform high,200,20,16,20000,67.30341845991558,67.30341845991558,67.73577433968443,60.831838850240715,0.10638474410755468,17.707675457000732,19920,0.0,0.014077425842131725,0.3489190548014077,59.37777777777778,2.1586345381526106,0.19171264367816093,0.9282036532589798,83.7035696329814,35.05198592257416
QI-DMO c=0.5,n200 m20 uniform high,200,20,17,20000,65.92168964670597,65.92168964670597,67.17532681743934,60.831838850240715,0.08367083574434994,34.83396601676941,19920,0.0,0.01985922574157868,0.35354449472096533,56.102865761689294,1.9076305220883534,0.14419540229885058,0.9458494546484025,78.88164906988436,33.32408245349422
QI-DMO c=0.5,n200 m20 uniform high,200,20,18,20000,67.0450961686984,67.0450961686984,68.30174273208777,60.831838850240715,0.10213824595626361,18.48300814628601,19920,0.0,0.014831573655103066,0.34912016088486675,58.20377073906486,1.7068273092369477,0.21026436781609195,0.913079236927223,79.10537958773253,37.30216189039719
QI-DMO c=0.5,n200 m20 uniform high,200,20,19,20000,67.6323464446601,67.6323464446601,68.21070681141492,60.831838850240715,0.11179191231028315,27.14480423927307,19920,0.0,0.024886877828054297,0.34685771744595273,54.36460532931121,1.8072289156626506,0.20970114942528734,0.9131076133042136,77.1298139768728,31.599396681749624
QI-DMO c=0.5,n200 m20 uniform high,200,20,20,20000,68.01870267330713,68.01870267330713,68.2444811344807,60.831838850240715,0.11814312963248486,16.889107942581177,19920,0.0,0.014429361488185018,0.34731020613373553,58.235696329813976,2.208835341365462,0.18528735632183907,0.9320419752267919,81.60432378079437,34.867068878833585
QI-DMO c=0.5,n200 m20 uniform high,200,20,21,20000,66.77651571838304,66.77651571838304,68.17435164572592,60.831838850240715,0.09772311638938398,32.136279582977295,19920,0.0,0.021568627450980392,0.3433383609854198,57.797435897435896,2.2590361445783134,0.18955172413793103,0.9218499959357302,83.23760683760683,32.35726495726496
QI-DMO c=0.5,n200 m20 uniform high,200,20,22,20000,67.27906988322101,67.27906988322101,67.83713463680112,60.831838850240715,0.10598448369861806,16.880774974822998,19920,0.0,0.014077425842131725,0.34886877828054297,58.45932629462041,1.857429718875502,0.2004942528735632,0.9201894259918088,80.78069381598793,36.13795877325289
QI-DMO c=0.5,n200 m20 uniform high,200,20,23,20000,70.99000280894587,70.99000280894587,70.58403268608421,60.831838850240715,0.16698761948842458,19.41570210456848,19920,0.0,0.01623931623931624,0.34841628959276016,56.586425339366514,1.8072289156626506,0.19267816091954024,0.9208733309989897,77.54499748617395,35.62785319255907
QI-DMO c=0.5,n200 m20 uniform high,200,20,24,20000,66.82240768609101,66.82240768609101,67.96230601317619,60.831838850240715,0.09847752343305322,17.649889707565308,19920,0.0,0.017445952740070388,0.351131221719457,55.76108597285068,2.3092369477911645,0.22411494252873562,0.9124426236315181,77.0691804927099,34.452991452991455
QI-DMO c=0.5,n200 m20 uniform high,200,20,25,20000,66.60191004141996,66.60191004141996,67.57705098384527,60.831838850240715,0.09485281556890514,23.670804738998413,19920,5.0276520864756156e-05,0.015786827551533433,0.349069884364002,56.33795877325289,1.7570281124497993,0.17754022988505747,0.9280801240876133,77.80412267471091,34.87179487179487
QI-DMO c=0.5,n200 m20 uniform high,200,20,26,20000,67.33813713190594,67.33813713190594,68.06625030596526,60.831838850240715,0.1069554760243694,22.846539735794067,19920,0.0,0.01714429361488185,0.3480643539467069,56.9465057817999,1.9578313253012047,0.1733333333333333,0.9337973701793181,80.71714429361488,33.17586726998492
QI-DMO c=0.5,n200 m20 uniform high,200,20,27,20000,69.5394001314115,69.5394001314115,70.41697242838396,60.831838850240715,0.14314151019842672,20.090187072753906,19920,0.0,0.01895424836601307,0.35128205128205126,58.749824032176974,2.459839357429719,0.18156321839080458,0.927594726037307,81.11111111111111,36.388536953242834
QI-DMO c=0.5,n200 m20 uniform high,200,20,28,20000,67.39470605313753,67.39470605313753,68.45619598094548,60.831838850240715,0.10788539894468177,19.059765338897705,19920,0.0,0.01809954751131222,0.3445952740070387,57.29165409753645,1.6566265060240963,0.13644827586206895,0.9399218359962885,80.68738059326294,33.89592760180995
QI-DMO c=0.5,n200 m20 uniform high,200,20,29,20000,69.51222179038139,69.51222179038139,69.34388946609972,60.831838850240715,0.14269473197268515,20.622284412384033,19920,0.00010055304172951231,0.018753142282554047,0.3405228758169935,58.70286576168929,1.9076305220883534,0.15849425287356322,0.9400526527909823,81.69321266968326,35.71251885369532
QI-DMO c=1.0,n200 m20 uniform high,200,20,0,20000,71.67377736623008,71.67377736623008,70.70590324874371,60.831838850240715,0.1782280253385184,18.724981784820557,19920,0.0,0.005530417295123178,0.35354449472096533,71.92609351432881,1.3052208835341366,0.3035287356321839,0.8698430390245061,90.01608848667672,53.836098541980896
QI-DMO c=1.0,n200 m20 uniform high,200,20,1,20000,70.83846823592056,70.83846823592056,70.99290304266584,60.831838850240715,0.1644965790088104,25.32427477836609,19920,0.0,0.009200603318250377,0.34982403217697333,68.75942684766214,1.1546184738955823,0.30489655172413793,0.8721071930896894,87.72317747611865,49.79567621920563
QI-DMO c=1.0,n200 m20 uniform high,200,20,2,20000,71.43363332427803,71.43363332427803,70.18610817257135,60.831838850240715,0.17428035506435077,20.82818055152893,19920,0.0,0.00759175465057818,0.35012569130216187,70.7156862745098,1.606425702811245,0.23335632183908048,0.881622881283773,88.69753645047763,52.73383609854198
QI-DMO c=1.0,n200 m20 uniform high,200,20,3,20000,69.5269182262504,69.5269182262504,69.87572604444914,60.831838850240715,0.14293632315498023,32.75205683708191,19920,0.0,0.00889894419306184,0.3502262443438914,68.19939668174962,1.606425702811245,0.3228735632183908,0.8707370543672439,88.71171442936149,47.68707893413776
QI-DMO c=1.0,n200 m20 uniform high,200,20,4,20000,72.98364750795085,72.98364750795085,72.01792432937334,60.831838850240715,0.19976066624627523,33.163323402404785,19920,0.0,0.007290095525389643,0.3510306686777275,66.10723981900452,1.4558232931726907,0.3285172413793104,0.8653254900383377,83.60261437908497,48.611865258924084
QI-DMO c=1.0,n200 m20 uniform high,200,20,5,20000,73.46875077924474,73.46875077924474,72.26623090455207,60.831838850240715,0.20773516250452823,29.698069095611572,19920,0.0,0.008295625942684766,0.35671191553544496,67.1647561588738,1.4558232931726907,0.35749425287356323,0.8451598217343048,85.05429864253394,49.27521367521368
QI-DMO c=1.0,n200 m20 uniform high,200,20,6,20000,73.50600638602064,73.50600638602064,71.86718133465251,60.831838850240715,0.2083475984834507,19.12387204170227,19920,0.0,0.007440925087983911,0.36003016591251885,67.35238813474108,1.4056224899598393,0.3266551724137931,0.8713645400188859,82.21166415284063,52.49311211664153
QI-DMO c=1.0,n200 m20 uniform high,200,20,7,20000,70.88408702212877,70.88408702212877,70.25117163011528,60.831838850240715,0.16524649528736507,21.527308702468872,19920,0.0,0.007692307692307693,0.34811463046757163,68.46571141277023,1.9076305220883534,0.3778735632183908,0.85652064158934,85.74871794871795,51.18270487682253
QI-DMO c=1.0,n200 m20 uniform high,200,20,8,20000,70.3532790052063,70.3532790052063,70.23924768099276,60.831838850240715,0.15652066968427525,23.569703102111816,19920,0.0,0.008195072900955254,0.3526395173453997,68.0359477124183,1.7068273092369477,0.31880459770114944,0.8726956830485965,86.13996983408748,49.93192559074912
QI-DMO c=1.0,n200 m20 uniform high,200,20,9,20000,73.51756526786565,73.51756526786565,72.31236482234826,60.831838850240715,0.20853761216811773,21.612353801727295,19920,0.0,0.007440925087983911,0.3512317747611865,70.67179487179487,1.4558232931726907,0.38736781609195403,0.8503282352643236,86.90809451985922,54.43549522373052
QI-DMO c=1.0,n200 m20 uniform high,200,20,10,20000,72.22545415435235,72.22545415435235,71.57226104835713,60.831838850240715,0.18729690766312498,24.035571575164795,19920,0.0,0.0110105580693816,0.3484665661136249,65.91493212669683,2.610441767068273,0.34629885057471266,0.8552472102682998,87.18069381598794,44.64917043740573
QI-DMO c=1.0,n200 m20 uniform high,200,20,11,20000,68.21671111158241,68.21671111158241,68.4126143273355,60.831838850240715,0.12139814282981314,34.72053384780884,19920,0.0,0.006586224233283057,0.35138260432378077,69.13926596279538,1.9076305220883534,0.3512413793103448,0.8640447857320903,83.82855706385118,54.44997486173957
QI-DMO c=1.0,n200 m20 uniform high,200,20,12,20000,73.76854388485248,73.76854388485248,72.63322915933166,60.831838850240715,0.21266338942112337,31.549163818359375,19920,0.0,0.006485671191553545,0.3524384112619407,68.48949220713926,1.5060240963855422,0.33668965517241384,0.8642235842117229,86.53112116641529,50.447863247863246
QI-DMO c=1.0,n200 m20 uniform high,200,20,13,20000,71.37198251955348,71.37198251955348,71.02449064036706,60.831838850240715,0.17326689228088427,25.318233013153076,19920,0.0,0.00784313725490196,0.3500754147812971,69.2577677224736,1.5562248995983936,0.3545057471264368,0.8600355345250642,86.42302664655605,52.09250879839115
QI-DMO c=1.0,n200 m20 uniform high,200,20,14,20000,73.88925339923927,73.88925339923927,72.23740386999253,60.831838850240715,0.2146477041593965,31.57827615737915,19920,0.0,0.006636500754147813,0.3553041729512318,68.29793866264454,2.0080321285140563,0.3881264367816092,0.8444634715623882,84.18240321769734,52.41347410759175
QI-DMO c=1.0,n200 m20 uniform high,200,20,15,20000,69.76109949929088,69.76109949929088,69.71117527292407,60.831838850240715,0.14678597290199835,24.08691430091858,19920,0.0,0.007088989441930618,0.3575666163901458,68.54399195575667,1.8072289156626506,0.3104942528735632,0.8686195572880152,87.63640020110608,49.45158371040724
QI-DMO c=1.0,n200 m20 uniform high,200,20,16,20000,71.43494697036664,71.43494697036664,70.44714292248389,60.831838850240715,0.17430194977714317,30.42159628868103,19920,0.0,0.0058320764203117145,0.35284062342885875,67.13956762192056,1.8072289156626506,0.31760919540229887,0.8668837098092175,84.8729009552539,49.40623428858723
QI-DMO c=1.0,n200 m20 uniform high,200,20,17,20000,71.95635483262132,71.95635483262132,70.80772457398304,60.831838850240715,0.18287324849356548,32.64073419570923,19920,0.0,0.007290095525389643,0.35429864253393667,69.48476621417798,1.5060240963855422,0.3655057471264368,0.8435493118934007,86.38019105077929,52.58934137757667
QI-DMO c=1.0,n200 m20 uniform high,200,20,18,20000,69.96681901761373,69.96681901761373,70.02106721397064,60.831838850240715,0.15016774669366859,22.87847065925598,19920,0.0,0.00759175465057818,0.35072900955253894,69.11367521367521,2.108433734939759,0.3293333333333333,0.871295286861548,87.50266465560583,50.724685771744596
QI-DMO c=1.0,n200 m20 uniform high,200,20,19,20000,70.4898094974005,70.4898094974005,69.88065879512796,60.831838850240715,0.15876506167989313,25.3852698802948,19920,0.0,0.007742584213172449,0.35118149824032174,68.37038712921066,1.6566265060240963,0.3380344827586207,0.8532179381513731,86.92549019607843,49.81528406234288
QI-DMO c=1.0,n200 m20 uniform high,200,20,20,20000,69.74640381072632,69.74640381072632,68.89452103090592,60.831838850240715,0.14654439400446187,25.023942947387695,19920,0.0,0.007038712921065862,0.349270990447461,69.61111111111111,1.606425702811245,0.33663218390804595,0.852549118532779,88.30537958773253,50.91684263448969
QI-DMO c=1.0,n200 m20 uniform high,200,20,21,20000,73.49411095682912,73.49411095682912,71.7737080320399,60.831838850240715,0.20815205237772125,23.843129634857178,19920,0.0,0.008044243338360985,0.3533433886375063,65.58883861236802,2.0080321285140563,0.29124137931034483,0.8544310097586348,86.39678230266466,44.78089492207139
QI-DMO c=1.0,n200 m20 uniform high,200,20,22,20000,71.23084953646158,71.23084953646158,70.91318833663344,60.831838850240715,0.17094684104193758,23.725468635559082,19920,0.0,0.006334841628959276,0.3557566616390146,70.598139768728,1.5060240963855422,0.32172413793103444,0.8669309767168948,88.32850678733031,52.86777275012569
QI-DMO c=1.0,n200 m20 uniform high,200,20,23,20000,71.76418735541858,71.76418735541858,70.9742793616214,60.831838850240715,0.1797142534535533,24.87237548828125,19920,0.0,0.00784313725490196,0.3552036199095023,70.68888888888888,1.7570281124497993,0.31649425287356325,0.8767416452701661,88.16329813976873,53.21447963800905
QI-DMO c=1.0,n200 m20 uniform high,200,20,24,20000,72.73514596429601,72.73514596429601,72.35234448736603,60.831838850240715,0.1956756090073084,27.34599542617798,19920,0.0,0.008697838109602816,0.3483660130718954,67.99286073403721,2.459839357429719,0.3082988505747127,0.8798803498469244,86.21417797888387,49.77154348919055
QI-DMO c=1.0,n200 m20 uniform high,200,20,25,20000,70.33485016155667,70.33485016155667,70.37950046329325,60.831838850240715,0.15621772234620449,29.27191185951233,19920,0.0,0.007742584213172449,0.34957264957264955,68.38531925590749,1.857429718875502,0.3098390804597701,0.8664341365879739,88.21367521367522,48.55696329813977
QI-DMO c=1.0,n200 m20 uniform high,200,20,26,20000,69.2264076436322,69.2264076436322,69.29081239582288,60.831838850240715,0.13799630180599526,24.33919930458069,19920,0.0,0.00904977375565611,0.3496229260935143,68.05656108597285,1.6566265060240963,0.33948275862068966,0.8534750994653244,85.48225238813474,50.63086978381096
QI-DMO c=1.0,n200 m20 uniform high,200,20,27,20000,71.17434380981538,71.17434380981538,70.7955203979958,60.831838850240715,0.1700179569622486,33.33171510696411,19920,0.0,0.008295625942684766,0.3486173956762192,67.27943690296631,1.7068273092369477,0.3239425287356322,0.8806928449783995,85.0371040723982,49.52176973353444
QI-DMO c=1.0,n200 m20 uniform high,200,20,28,20000,70.45383213809372,70.45383213809372,70.25147504148445,60.831838850240715,0.1581736385043525,32.53586268424988,19920,0.0,0.00824534942182001,0.3507792860734037,67.33202614379086,1.606425702811245,0.2884367816091954,0.8849148524096786,85.86596279537456,48.79808949220714
QI-DMO c=1.0,n200 m20 uniform high,200,20,29,20000,70.6967900551415,70.6967900551415,69.6444400510859,60.831838850240715,0.16216756539592514,25.602569341659546,19920,0.0,0.010005027652086475,0.3547008547008547,68.00025138260432,2.3092369477911645,0.3398620689655172,0.8637251542870905,87.95364504776269,48.04685771744595
QI-DMO c=2.0,n200 m20 uniform high,200,20,0,20000,77.278393253555,77.278393253555,74.07140093205197,60.831838850240715,0.27036096087450756,27.965077877044678,19920,0.0,0.0032679738562091504,0.3552036199095023,82.90050276520864,1.4558232931726907,0.46773563218390807,0.8141227785229063,97.44886877828054,68.35213675213676
QI-DMO c=2.0,n200 m20 uniform high,200,20,1,20000,83.30678796269406,83.30678796269406,78.76335266304666,60.831838850240715,0.36946029476083164,24.83511447906494,19920,0.0,0.00261437908496732,0.35555555555555557,84.13569632981398,1.0040160642570282,0.5425402298850575,0.7727154266558147,96.60583207642031,71.66556058320764
QI-DMO c=2.0,n200 m20 uniform high,200,20,2,20000,78.94630067861243,78.94630067861243,76.96703535811237,60.831838850240715,0.29777929075869186,23.554546117782593,19920,0.0,0.0037204625439919555,0.3508798391151332,81.46098541980895,1.4056224899598393,0.4576781609195402,0.8065885384535088,95.59406737053796,67.32790346907994
QI-DMO c=2.0,n200 m20 uniform high,200,20,3,20000,77.57287772923746,77.57287772923746,75.07580710292476,60.831838850240715,0.27520192049776415,22.29400086402893,19920,0.0,0.0023127199597787833,0.3567621920563097,81.66229260935144,1.5060240963855422,0.5134942528735632,0.7598211025077384,92.94258421317245,70.38200100553041
QI-DMO c=2.0,n200 m20 uniform high,200,20,4,20000,76.16975350673997,76.16975350673997,74.02254798621927,60.831838850240715,0.25213629813589894,40.15754437446594,19920,0.0,0.0034690799396681748,0.34932126696832577,83.21493212669684,1.7068273092369477,0.4642413793103448,0.8136316619480168,97.21870286576168,69.21116138763198
QI-DMO c=2.0,n200 m20 uniform high,200,20,5,20000,77.0952780827457,77.0952780827457,74.97345810444774,60.831838850240715,0.26735077452685985,29.70647406578064,19920,0.0,0.0037204625439919555,0.34856711915535443,82.4369532428356,1.4558232931726907,0.44809195402298846,0.7872024075619535,95.51442936148818,69.359477124183
QI-DMO c=2.0,n200 m20 uniform high,200,20,6,20000,84.00683846568052,84.00683846568052,79.24200722949713,60.831838850240715,0.38096825697630704,29.248859882354736,19920,0.0,0.0032679738562091504,0.35339366515837106,80.80412267471091,1.4056224899598393,0.48263218390804596,0.7941658356063476,92.27873303167421,69.32951231774761
QI-DMO c=2.0,n200 m20 uniform high,200,20,7,20000,86.14598354028699,86.14598354028699,81.47519825500548,60.831838850240715,0.41613314949045155,29.210910320281982,19920,0.0,0.003418803418803419,0.3534942182001006,82.50432378079437,1.4056224899598393,0.5572298850574713,0.7839865266068755,95.48205128205129,69.52659627953746
QI-DMO c=2.0,n200 m20 uniform high,200,20,8,20000,86.43043803011385,86.43043803011385,81.1390797013703,60.831838850240715,0.4208092285832954,31.985312938690186,19920,0.0,0.003217697335344394,0.35500251382604325,81.73634992458521,0.8534136546184738,0.4897701149425287,0.797882453024741,95.55304172951232,67.91965811965812
QI-DMO c=2.0,n200 m20 uniform high,200,20,9,20000,80.73460153943357,80.73460153943357,76.64306203078388,60.831838850240715,0.3271767394405191,27.725929975509644,19920,0.0,0.0036701860231271996,0.3536953242835596,82.77395676219206,1.3052208835341366,0.45231034482758625,0.8220334861355938,97.63298139768727,67.91493212669683
QI-DMO c=2.0,n200 m20 uniform high,200,20,10,20000,73.41806057056782,73.41806057056782,72.81847307472913,60.831838850240715,0.20690187832908652,34.06200289726257,19920,0.0,0.0024635495223730517,0.35419808949220716,83.5938662644545,1.5562248995983936,0.4834827586206897,0.77798508737099,96.97998994469583,70.20774258421318
QI-DMO c=2.0,n200 m20 uniform high,200,20,11,20000,78.45259400532133,78.45259400532133,75.56164127926192,60.831838850240715,0.28966336523971264,25.38481116294861,19920,0.0,0.0032679738562091504,0.3552036199095023,81.45580693815988,1.2550200803212852,0.47160919540229884,0.7860141686356161,95.4027149321267,67.50889894419306
QI-DMO c=2.0,n200 m20 uniform high,200,20,12,20000,70.93881019047936,70.93881019047936,70.02744083569632,60.831838850240715,0.1661460763190237,30.7424099445343,19920,0.0,0.0036199095022624436,0.34901960784313724,81.72046254399196,1.0542168674698795,0.5229425287356322,0.779475193648742,95.9243841126194,67.5165409753645
QI-DMO c=2.0,n200 m20 uniform high,200,20,13,20000,78.39985236621453,78.39985236621453,76.3770812653403,60.831838850240715,0.28879635809175114,31.685176372528076,19920,0.0,0.003117144293614882,0.35258924082453497,82.50729009552539,1.2048192771084338,0.46509195402298853,0.7996382653576688,95.28185017596782,69.73273001508295
QI-DMO c=2.0,n200 m20 uniform high,200,20,14,20000,77.48509448973029,77.48509448973029,75.40252762973866,60.831838850240715,0.27375887289035444,25.261916399002075,19920,0.0,0.003368526897938663,0.3534942182001006,82.96189039718452,0.9538152610441767,0.4768965517241379,0.7913592401204953,95.6269482151835,70.29683257918552
QI-DMO c=2.0,n200 m20 uniform high,200,20,15,20000,73.75817218037136,73.75817218037136,72.58362303711944,60.831838850240715,0.212492891460234,39.93068218231201,19920,0.0,0.003368526897938663,0.35158371040723985,82.27043740573153,1.9076305220883534,0.4439655172413793,0.8035332863617428,97.46596279537457,67.07491201608849
QI-DMO c=2.0,n200 m20 uniform high,200,20,16,20000,82.10163161263249,82.10163161263249,78.45406982142963,60.831838850240715,0.3496490187441968,30.669820308685303,19920,0.0,0.0022624434389140274,0.354851684263449,85.66807440925088,1.4056224899598393,0.507,0.7674329780693728,98.01176470588236,73.32438411261941
QI-DMO c=2.0,n200 m20 uniform high,200,20,17,20000,75.71164182054002,75.71164182054002,73.70099013382574,60.831838850240715,0.24460551006737205,25.13534140586853,19920,0.0,0.003519356460532931,0.34957264957264955,81.89803921568627,1.2550200803212852,0.43470114942528737,0.8067597398469617,96.14047259929613,67.65560583207642
QI-DMO c=2.0,n200 m20 uniform high,200,20,18,20000,77.4264742457943,77.4264742457943,75.74858933439947,60.831838850240715,0.27279522876839546,25.593542337417603,19920,0.0,0.0030668677727501256,0.35238813474107594,81.62533936651583,1.5060240963855422,0.3715287356321839,0.8235342605039327,94.65299145299146,68.59768728004022
QI-DMO c=2.0,n200 m20 uniform high,200,20,19,20000,84.54151567032996,84.54151567032996,79.87676753602759,60.831838850240715,0.3897576872278853,36.6817512512207,19920,0.0,0.002765208647561589,0.35731523378582203,83.07184514831573,1.3052208835341366,0.5327931034482759,0.7714109954239485,95.4674710910005,70.67621920563097
QI-DMO c=2.0,n200 m20 uniform high,200,20,20,20000,76.02353464060211,76.02353464060211,73.34553193254193,60.831838850240715,0.24973264128610637,28.30478811264038,19920,0.0,0.003167420814479638,0.35002513826043236,82.0333836098542,1.355421686746988,0.4416091954022988,0.8137619365363593,94.74238310708898,69.32438411261941
QI-DMO c=2.0,n200 m20 uniform high,200,20,21,20000,74.37992051275631,74.37992051275631,72.97297001374638,60.831838850240715,0.22271366308470533,24.546775817871094,19920,0.0,0.0036701860231271996,0.351131221719457,82.11980894922071,1.4558232931726907,0.500735632183908,0.786556130192412,96.61628959276018,67.62332830568124
QI-DMO c=2.0,n200 m20 uniform high,200,20,22,20000,78.05425827372773,78.05425827372773,75.58894536410033,60.831838850240715,0.28311521974349885,25.256877660751343,19920,0.0,0.002865761689291101,0.35419808949220716,81.64157868275515,1.2550200803212852,0.41439080459770117,0.8272075721901843,94.8194067370538,68.46375062845651
QI-DMO c=2.0,n200 m20 uniform high,200,20,23,20000,81.65141242183248,81.65141242183248,77.66055987563632,60.831838850240715,0.34224797351345193,38.034696102142334,19920,0.0,0.003167420814479638,0.35284062342885875,82.36018099547512,1.104417670682731,0.4394597701149425,0.8142238633963401,95.50618401206637,69.21417797888387
QI-DMO c=2.0,n200 m20 uniform high,200,20,24,20000,75.36537576325168,75.36537576325168,73.78465684423387,60.831838850240715,0.23891332545101016,25.496941566467285,19920,0.0,0.0029160382101558573,0.35384615384615387,81.31342383107089,1.5060240963855422,0.45358620689655177,0.8037930041216826,95.23881347410759,67.38803418803418
QI-DMO c=2.0,n200 m20 uniform high,200,20,25,20000,77.78311680081927,77.78311680081927,75.62639654179281,60.831838850240715,0.27865799014082376,38.89683270454407,19920,0.0,0.003971845148315736,0.3531422825540473,80.43031674208144,1.6566265060240963,0.4214367816091954,0.8117143710214713,95.54519859225742,65.31543489190548
QI-DMO c=2.0,n200 m20 uniform high,200,20,26,20000,83.75486776580593,83.75486776580593,80.44336161511418,60.831838850240715,0.3768261711107966,27.38214373588562,19920,0.0,0.003167420814479638,0.3526395173453997,83.49416792357968,1.6566265060240963,0.5013563218390804,0.7866425077184517,95.25439919557567,71.7339366515837
QI-DMO c=2.0,n200 m20 uniform high,200,20,27,20000,81.89721407935188,81.89721407935188,77.94117447105693,60.831838850240715,0.34628864797217634,26.444191932678223,19920,0.0,0.003167420814479638,0.3488185017596782,80.83157365510307,1.1546184738955823,0.48472413793103447,0.7758726140842781,96.08064353946708,65.58250377073907
QI-DMO c=2.0,n200 m20 uniform high,200,20,28,20000,77.12980743287282,77.12980743287282,74.72043795305605,60.831838850240715,0.2679183942269997,30.457828998565674,19920,0.0,0.0033182503770739064,0.35158371040723985,82.81825037707391,1.8072289156626506,0.3998965517241379,0.8231186199683448,97.5335344394168,68.10296631473102
QI-DMO c=2.0,n200 m20 uniform high,200,20,29,20000,81.59217640914142,81.59217640914142,78.1258726790592,60.831838850240715,0.34127420691670496,26.285109758377075,19920,0.0,0.003569632981397687,0.35178481649069887,81.31603821015585,1.355421686746988,0.4158505747126437,0.8283533132629621,97.45057817998995,65.18149824032177
QI-DMO c=4.0,n200 m20 uniform high,200,20,0,20000,98.12508749653654,98.12508749653654,89.24633019776267,60.831838850240715,0.6130547645963237,43.36506366729736,19920,0.0,0.000955253896430367,0.35238813474107594,99.97159376571142,1.0040160642570282,0.6718850574712644,0.6690711626952207,108.98340874811463,90.9597787833082
QI-DMO c=4.0,n200 m20 uniform high,200,20,1,20000,89.68092779188498,89.68092779188498,83.6232269089861,60.831838850240715,0.47424324970130527,27.065553188323975,19920,0.0,0.000955253896430367,0.3517345399698341,99.38461538461539,0.6024096385542169,0.6706781609195402,0.6868491845212351,107.45138260432378,91.31784816490699
QI-DMO c=4.0,n200 m20 uniform high,200,20,2,20000,100.99328105545642,100.99328105545642,91.43141508509362,60.831838850240715,0.6602043101818348,27.37241530418396,19920,0.0,0.0008044243338360985,0.3535947712418301,99.63413775766718,1.0040160642570282,0.6242298850574712,0.7000543125395928,107.18200100553042,92.08627450980393
QI-DMO c=4.0,n200 m20 uniform high,200,20,3,20000,87.14403527383439,87.14403527383439,82.24533498260094,60.831838850240715,0.4325398824186548,28.663012266159058,19920,0.0,0.00065359477124183,0.35329311211664155,100.33086978381095,1.7068273092369477,0.5958850574712644,0.7136329425589126,107.7683257918552,92.89341377576672
QI-DMO c=4.0,n200 m20 uniform high,200,20,4,20000,96.25902218279556,96.25902218279556,87.48770317316506,60.831838850240715,0.5823789647354161,35.51146745681763,19920,0.0,0.000955253896430367,0.35409753645047765,99.76083459024636,0.9036144578313253,0.6906091954022989,0.6941822048391363,108.99145299145299,90.53021618903972
QI-DMO c=4.0,n200 m20 uniform high,200,20,5,20000,103.59777325811032,103.59777325811032,93.93505340302951,60.831838850240715,0.703018932456624,36.6689715385437,19920,0.0,0.001005530417295123,0.35751633986928105,100.06028154851684,0.8534136546184738,0.6160114942528735,0.7071478962794158,108.50839617898441,91.61216691804927
QI-DMO c=4.0,n200 m20 uniform high,200,20,6,20000,96.28323753400383,96.28323753400383,89.22183562220842,60.831838850240715,0.5827770350825558,27.379714488983154,19920,0.0,0.00065359477124183,0.35409753645047765,98.23313222724987,1.2048192771084338,0.622551724137931,0.6978417908411486,105.90236299648065,90.5639014580191
QI-DMO c=4.0,n200 m20 uniform high,200,20,7,20000,82.40594371730253,82.40594371730253,78.79649630061789,60.831838850240715,0.3546515324018756,32.44790005683899,19920,0.0,0.0007038712921065862,0.35419808949220716,98.47450980392156,1.5060240963855422,0.6402183908045977,0.6951959257605843,108.36470588235294,88.58431372549019
QI-DMO c=4.0,n200 m20 uniform high,200,20,8,20000,101.25274456558479,101.25274456558479,92.13651613536786,60.831838850240715,0.664469568556929,32.49937582015991,19920,0.0,0.000955253896430367,0.3522373051784817,99.91473102061337,0.6024096385542169,0.6125402298850574,0.7236093336603432,107.38954248366014,92.43991955756661
QI-DMO c=4.0,n200 m20 uniform high,200,20,9,20000,92.31070956915002,92.31070956915002,86.05124419874446,60.831838850240715,0.5174736012239541,31.770627737045288,19920,0.0,0.0007541478129713424,0.35661136249371544,99.83996983408748,0.9036144578313253,0.6837241379310345,0.6737949509203573,108.60904977375566,91.07088989441931
QI-DMO c=4.0,n200 m20 uniform high,200,20,10,20000,93.87834592239592,93.87834592239592,86.53842133073637,60.831838850240715,0.5432435990223965,33.776355266571045,19920,0.0,0.0007541478129713424,0.3530920060331825,99.78768225238814,1.1546184738955823,0.6071149425287357,0.6886837688182416,109.20301659125188,90.37234791352438
QI-DMO c=4.0,n200 m20 uniform high,200,20,11,20000,89.61531120011679,89.61531120011679,84.55208150020272,60.831838850240715,0.47316459429636626,25.786253929138184,19920,0.0,0.0009049773755656109,0.35500251382604325,98.05490196078432,1.0542168674698795,0.697977011494253,0.6613584651222025,107.28717948717949,88.82262443438914
QI-DMO c=4.0,n200 m20 uniform high,200,20,12,20000,93.41219474114469,93.41219474114469,87.69698879675418,60.831838850240715,0.5355806516240968,25.481502294540405,19920,0.0,0.00065359477124183,0.3485168426344897,98.64595274007038,0.7028112449799196,0.6900574712643679,0.6606913508287419,106.92478632478633,90.36711915535444
QI-DMO c=4.0,n200 m20 uniform high,200,20,13,20000,91.41389515204935,91.41389515204935,84.99490352300451,60.831838850240715,0.5027310842451644,34.22450304031372,19920,0.0,0.0011060834590246355,0.3564605329311212,99.10090497737556,1.3052208835341366,0.6586436781609195,0.6762748277069827,108.25932629462041,89.94248366013072
QI-DMO c=4.0,n200 m20 uniform high,200,20,14,20000,99.68621313113162,99.68621313113162,91.03081924467514,60.831838850240715,0.6387177342533541,32.563454389572144,19920,0.0,0.0010558069381598793,0.3579185520361991,98.61101055806938,1.2048192771084338,0.659528735632184,0.6932141042538897,107.60925087983911,89.61277023629965
QI-DMO c=4.0,n200 m20 uniform high,200,20,15,20000,89.34579645095226,89.34579645095226,83.46162702594387,60.831838850240715,0.46873410601492477,31.650963068008423,19920,0.0,0.001005530417295123,0.35384615384615387,97.84313725490196,0.8534136546184738,0.6527126436781608,0.6993183273275524,106.2572146807441,89.42905982905982
QI-DMO c=4.0,n200 m20 uniform high,200,20,16,20000,92.71392532030633,92.71392532030633,86.68194941976569,60.831838850240715,0.5241019681906173,31.92569398880005,19920,0.0,0.000955253896430367,0.35429864253393667,100.56309703368527,1.6566265060240963,0.6610344827586206,0.689970342930717,108.68738059326294,92.43881347410759
QI-DMO c=4.0,n200 m20 uniform high,200,20,17,20000,91.9075166324742,91.9075166324742,85.06160065976019,60.831838850240715,0.5108456092990606,33.9355366230011,19920,0.0,0.0009049773755656109,0.35580693815987935,99.12659627953745,0.9036144578313253,0.6679310344827586,0.6840361591926232,106.29281045751634,91.96038210155857
QI-DMO c=4.0,n200 m20 uniform high,200,20,18,20000,96.1341838895148,96.1341838895148,88.35073520639924,60.831838850240715,0.5803267779917587,41.09316444396973,19920,0.0,0.00065359477124183,0.3562091503267974,98.314127702363,1.2550200803212852,0.6150459770114943,0.723689296615239,107.92287581699347,88.70537958773252
QI-DMO c=4.0,n200 m20 uniform high,200,20,19,20000,94.69412577620156,94.69412577620156,87.51178557016698,60.831838850240715,0.5566540082624323,35.406615257263184,19920,0.0,0.0006033182503770739,0.35374560080442435,99.15052790346908,1.0542168674698795,0.6555057471264368,0.6830419575042141,107.4841628959276,90.81689291101056
QI-DMO c=4.0,n200 m20 uniform high,200,20,20,20000,95.54119424223165,95.54119424223165,88.42832825215595,60.831838850240715,0.5705787634899614,26.917535066604614,19920,0.0,0.0008547008547008547,0.35500251382604325,99.56063348416289,1.2550200803212852,0.649183908045977,0.6980783618305311,109.17345399698341,89.94781297134239
QI-DMO c=4.0,n200 m20 uniform high,200,20,21,20000,96.41783657156785,96.41783657156785,88.5114016030924,60.831838850240715,0.5849896763590324,38.400529623031616,19920,0.0,0.0007038712921065862,0.3547008547008547,99.56289592760182,1.2048192771084338,0.7049425287356321,0.6417912679050976,108.27350427350427,90.85228758169934
QI-DMO c=4.0,n200 m20 uniform high,200,20,22,20000,108.0451858046327,108.0451858046327,97.14385039639822,60.831838850240715,0.7761288799870819,40.611407995224,19920,0.0,0.00065359477124183,0.3543489190548014,99.27707390648567,1.104417670682731,0.6504252873563219,0.7240825070925008,107.69079939668175,90.8633484162896
QI-DMO c=4.0,n200 m20 uniform high,200,20,23,20000,95.22497068435553,95.22497068435553,87.37969031978676,60.831838850240715,0.5653804403116234,26.486847639083862,19920,0.0,0.0007541478129713424,0.35082956259426845,99.94560080442433,1.5060240963855422,0.6456321839080459,0.6658295320314679,108.9833081950729,90.90789341377577
QI-DMO c=4.0,n200 m20 uniform high,200,20,24,20000,99.05005346898116,99.05005346898116,90.45986666208542,60.831838850240715,0.6282600582374014,27.56788730621338,19920,0.0,0.0009049773755656109,0.35545500251382606,100.35178481649069,0.9538152610441767,0.6503218390804598,0.6819084003060233,108.95947712418301,91.74409250879839
QI-DMO c=4.0,n200 m20 uniform high,200,20,25,20000,92.60840596133768,92.60840596133768,86.04462169620899,60.831838850240715,0.522367360771821,28.359606742858887,19920,0.0,0.0010558069381598793,0.3514328808446455,97.67199597787832,1.0542168674698795,0.5949080459770115,0.7333629140629606,106.64384112619406,88.70015082956259
QI-DMO c=4.0,n200 m20 uniform high,200,20,26,20000,91.04821214495034,91.04821214495034,84.4684712995373,60.831838850240715,0.4967197090506834,40.91838526725769,19920,0.0,0.0006033182503770739,0.35605832076420313,98.9911513323278,1.2048192771084338,0.6573218390804598,0.6905187079911642,106.83810960281548,91.14419306184013
QI-DMO c=4.0,n200 m20 uniform high,200,20,27,20000,90.4490375305371,90.4490375305371,84.02692334245693,60.831838850240715,0.48687002135854696,27.00067448616028,19920,0.0,0.0008547008547008547,0.35354449472096533,98.6228255404726,0.9538152610441767,0.6059655172413794,0.7021649519011747,106.45952740070388,90.78612368024133
QI-DMO c=4.0,n200 m20 uniform high,200,20,28,20000,92.12729802933866,92.12729802933866,85.08815541185916,60.831838850240715,0.5144585429374063,27.50025510787964,19920,0.0,0.0007541478129713424,0.3528908999497235,96.91322272498743,1.104417670682731,0.6717701149425288,0.6590620590992793,105.7972850678733,88.02916038210157
QI-DMO c=4.0,n200 m20 uniform high,200,20,29,20000,98.2448487193185,98.2448487193185,89.96919579914473,60.831838850240715,0.6150234905964829,27.326934814453125,19920,0.0,0.0007038712921065862,0.354851684263449,100.66239316239316,0.7028112449799196,0.6800459770114942,0.6884608925798393,109.93876319758672,91.38602312719959
QI-MRFO P=15,n200 m20 uniform high,200,20,0,20000,62.17490128977541,62.17490128977541,65.41828730999474,60.831838850240715,0.02207828112579542,38.35226607322693,19995,0.12357357357357357,0.08148148148148149,0.052752752752752756,18.44219219219219,5.101275318829708,0.0006666666666666666,0.9843283745271962,25.91941941941942,10.964964964964965
QI-MRFO P=15,n200 m20 uniform high,200,20,1,20000,62.58149327041962,62.58149327041962,65.69393315292284,60.831838850240715,0.028762149118758438,26.368975162506104,19995,0.11076076076076076,0.0996996996996997,0.06731731731731731,18.69174174174174,5.7514378594648665,0.0,0.9852428683677765,25.91111111111111,11.472372372372373
QI-MRFO P=15,n200 m20 uniform high,200,20,2,20000,61.61807919982366,61.61807919982366,65.11924520046438,60.831838850240715,0.012924816419220175,25.511269569396973,19995,0.12302302302302302,0.08133133133133133,0.052802802802802806,18.112262262262263,4.8512128032008,0.0006666666666666666,0.9886265945150459,24.83803803803804,11.386486486486486
QI-MRFO P=15,n200 m20 uniform high,200,20,3,20000,62.212646086945824,62.212646086945824,65.4671993694313,60.831838850240715,0.02269875878821384,27.794458389282227,19995,0.10665665665665666,0.11536536536536536,0.06541541541541541,18.72222222222222,5.701425356339085,0.0006666666666666666,0.98684775938057,26.067367367367368,11.377077077077077
QI-MRFO P=15,n200 m20 uniform high,200,20,4,20000,62.74290391265688,62.74290391265688,65.87594234116578,60.831838850240715,0.0314155399300181,32.55994367599487,19995,0.10700700700700701,0.0982982982982983,0.05660660660660661,17.99069069069069,5.351337834458614,0.002,0.9873319872274745,25.3006006006006,10.68078078078078
QI-MRFO P=15,n200 m20 uniform high,200,20,5,20000,62.00133338801134,62.00133338801134,65.45239258743284,60.831838850240715,0.019225040042760388,26.539978742599487,19995,0.12202202202202202,0.07807807807807808,0.0545045045045045,18.323023023023023,4.801200300075019,0.0006666666666666666,0.9874242417729157,25.30960960960961,11.336436436436436
QI-MRFO P=15,n200 m20 uniform high,200,20,6,20000,62.2626535386302,62.2626535386302,65.54392998992617,60.831838850240715,0.023520819285307866,46.80916976928711,19995,0.11336336336336336,0.10760760760760761,0.06421421421421421,18.394644644644643,5.351337834458614,0.002,0.9876577614974716,25.82972972972973,10.95955955955956
QI-MRFO P=15,n200 m20 uniform high,200,20,7,20000,62.38131262994032,62.38131262994032,65.67070399637991,60.831838850240715,0.025471427610698837,26.11390781402588,19995,0.12312312312312312,0.0916916916916917,0.057207207207207206,17.946146146146145,5.0012503125781445,0.0013333333333333333,0.9887659687520695,25.362962962962964,10.529329329329329
QI-MRFO P=15,n200 m20 uniform high,200,20,8,20000,62.96306007386421,62.96306007386421,65.91850772112596,60.831838850240715,0.035034634229457705,25.46465015411377,19995,0.10195195195195195,0.11981981981981982,0.06031031031031031,19.11211211211211,5.601400350087522,0.0019047619047619048,0.9882603443203429,26.33803803803804,11.886186186186187
QI-MRFO P=15,n200 m20 uniform high,200,20,9,20000,61.42630174444215,61.42630174444215,65.03893172292155,60.831838850240715,0.009772232854326783,27.819146394729614,19995,0.12322322322322322,0.08533533533533534,0.05095095095095095,18.36806806806807,4.451112778194549,0.0,0.9873964660768657,25.65995995995996,11.076176176176176
QI-MRFO P=15,n200 m20 uniform high,200,20,10,20000,62.23517698581753,62.23517698581753,65.44406564668091,60.831838850240715,0.023069138827639828,40.53728365898132,19995,0.1031031031031031,0.10715715715715715,0.06801801801801802,18.472622622622623,6.401600400100025,0.0006666666666666666,0.9880531167041652,25.42142142142142,11.523823823823824
QI-MRFO P=15,n200 m20 uniform high,200,20,11,20000,62.51509446255335,62.51509446255335,65.62471039476245,60.831838850240715,0.027670635051104894,30.192184925079346,19995,0.10550550550550551,0.11631631631631631,0.06461461461461461,18.4473973973974,5.651412853213303,0.004095238095238095,0.986538056687846,25.48118118118118,11.413613613613613
QI-MRFO P=15,n200 m20 uniform high,200,20,12,20000,61.965333422725095,61.965333422725095,65.28477940512855,60.831838850240715,0.018633245252948575,33.531739711761475,19995,0.12397397397397397,0.08328328328328329,0.056106106106106106,18.016916916916916,5.3013253313328335,0.0,0.9877289270265284,25.061761761761762,10.972072072072072
QI-MRFO P=15,n200 m20 uniform high,200,20,13,20000,61.96675257244694,61.96675257244694,65.26982263522596,60.831838850240715,0.018656574314648344,27.003583908081055,19995,0.11421421421421421,0.08603603603603603,0.06451451451451451,18.007407407407406,5.651412853213303,0.002,0.9868601419135826,24.980880880880882,11.033933933933934
QI-MRFO P=15,n200 m20 uniform high,200,20,14,20000,62.92567476872161,62.92567476872161,65.63080083837178,60.831838850240715,0.03442006617021102,25.905680894851685,19995,0.1045045045045045,0.11291291291291292,0.055905905905905905,18.536136136136136,4.951237809452363,0.005047619047619047,0.9860227058370589,25.65865865865866,11.413613613613613
QI-MRFO P=15,n200 m20 uniform high,200,20,15,20000,61.7173273109303,61.7173273109303,65.2353743915637,60.831838850240715,0.014556332299431757,26.343717098236084,19995,0.12077077077077077,0.0891891891891892,0.06146146146146146,18.11936936936937,5.7514378594648665,0.0006666666666666666,0.9858970169751621,25.39239239239239,10.846346346346346
QI-MRFO P=15,n200 m20 uniform high,200,20,16,20000,62.00245750640693,62.00245750640693,65.31607063169879,60.831838850240715,0.01924351915529149,40.210498332977295,19995,0.11926926926926927,0.08128128128128129,0.051251251251251254,18.29079079079079,4.7011752938234554,0.0,0.9874257527414201,25.373573573573573,11.208008008008008
QI-MRFO P=15,n200 m20 uniform high,200,20,17,20000,62.18512095888154,62.18512095888154,65.46590540621092,60.831838850240715,0.022246279813641884,25.70137596130371,19995,0.11636636636636637,0.08818818818818819,0.06006006006006006,18.505805805805807,5.3013253313328335,0.0,0.9879301677857747,25.36216216216216,11.649449449449449
QI-MRFO P=15,n200 m20 uniform high,200,20,18,20000,62.49148377086016,62.49148377086016,65.64211126625186,60.831838850240715,0.0272825045566229,33.530028104782104,19995,0.11966966966966967,0.09029029029029029,0.05760760760760761,18.4011011011011,5.3013253313328335,0.0026190476190476194,0.9871976876309098,25.31851851851852,11.483683683683683
QI-MRFO P=15,n200 m20 uniform high,200,20,19,20000,62.029920735293906,62.029920735293906,65.39999657763741,60.831838850240715,0.019694980584142756,33.413055181503296,19995,0.12977977977977978,0.07727727727727728,0.05880880880880881,18.567167167167167,5.051262815703926,0.0013333333333333333,0.9865303945977569,26.09139139139139,11.042942942942943
QI-MRFO P=15,n200 m20 uniform high,200,20,20,20000,62.992891427793275,62.992891427793275,65.9391803725277,60.831838850240715,0.0355250246975562,34.03224468231201,19995,0.111011011011011,0.10250250250250251,0.06166166166166166,18.178328328328327,5.4513628407101775,0.0,0.9855351894170311,25.336436436436436,11.02022022022022
QI-MRFO P=15,n200 m20 uniform high,200,20,21,20000,61.83897024517292,61.83897024517292,65.20976932957187,60.831838850240715,0.016555991302706175,26.37254047393799,19995,0.11846846846846847,0.09904904904904904,0.05535535535535536,18.11781781781782,4.901225306326582,0.0006666666666666666,0.9875632425995248,25.60760760760761,10.628028028028028
QI-MRFO P=15,n200 m20 uniform high,200,20,22,20000,62.629635416146634,62.629635416146634,65.62637243716358,60.831838850240715,0.029553546298868878,35.255431175231934,19995,0.11581581581581582,0.08993993993993994,0.0545045045045045,18.36036036036036,4.951237809452363,0.0006666666666666666,0.9869183298206404,25.61131131131131,11.109409409409409
QI-MRFO P=15,n200 m20 uniform high,200,20,23,20000,61.921356098530964,61.921356098530964,65.35106504655688,60.831838850240715,0.017910312574513573,26.612253427505493,19995,0.13298298298298297,0.07142142142142142,0.0503003003003003,18.143443443443445,4.351087771942986,0.0006666666666666666,0.9881884653400274,25.00980980980981,11.277077077077077
QI-MRFO P=15,n200 m20 uniform high,200,20,24,20000,62.591723174021176,62.591723174021176,65.53518936811008,60.831838850240715,0.028930316049019085,32.97550702095032,19995,0.11271271271271271,0.0985985985985986,0.06066066066066066,17.913813813813814,5.901475368842211,0.0,0.9873077104454704,24.848248248248247,10.97937937937938
QI-MRFO P=15,n200 m20 uniform high,200,20,25,20000,63.15639660980901,63.15639660980901,66.17101485348702,60.831838850240715,0.03821284714557161,27.797614336013794,19995,0.12762762762762764,0.0970970970970971,0.04144144144144144,17.961111111111112,3.8509627406851714,0.002,0.9850290021204121,25.063663663663664,10.858558558558558
QI-MRFO P=15,n200 m20 uniform high,200,20,26,20000,62.144319883356175,62.144319883356175,65.31425189704255,60.831838850240715,0.02157556072481388,24.93065357208252,19995,0.1087087087087087,0.0960960960960961,0.05860860860860861,17.7495995995996,4.8512128032008,0.0013333333333333333,0.9873352906059011,24.513613613613614,10.985585585585586
QI-MRFO P=15,n200 m20 uniform high,200,20,27,20000,62.76574901583882,62.76574901583882,65.78593361223497,60.831838850240715,0.03179108509869506,24.863311290740967,19995,0.12092092092092092,0.09764764764764765,0.06051051051051051,18.2008008008008,5.351337834458614,0.006285714285714286,0.9838817935267714,25.412812812812813,10.988788788788789
QI-MRFO P=15,n200 m20 uniform high,200,20,28,20000,61.96145790181123,61.96145790181123,65.27070796176723,60.831838850240715,0.018569536494720724,41.777727127075195,19995,0.12452452452452452,0.07412412412412413,0.05065065065065065,18.31026026026026,5.051262815703926,0.0,0.9872243350976905,25.635935935935937,10.984584584584585
QI-MRFO P=15,n200 m20 uniform high,200,20,29,20000,62.652817128539986,62.652817128539986,65.71737225455043,60.831838850240715,0.029934624905590308,79.88381624221802,19995,0.11476476476476477,0.09244244244244244,0.0529029029029029,18.186986986986987,4.601150287571893,0.0006666666666666666,0.9859696738585849,24.924424424424423,11.44954954954955
QI-MRFO P=60,n200 m20 uniform high,200,20,0,20000,63.439235503353906,63.439235503353906,66.02044996150822,60.831838850240715,0.04286236783885868,35.62677884101868,19980,0.05587349397590361,0.0784136546184739,0.147640562248996,20.49226907630522,5.555555555555555,0.01534180790960452,0.9837126748996636,28.496987951807228,12.487550200803213
QI-MRFO P=60,n200 m20 uniform high,200,20,1,20000,62.121880186071905,62.121880186071905,65.44704048011582,60.831838850240715,0.02120667992639657,34.73856472969055,19980,0.0696285140562249,0.06139558232931727,0.13172690763052208,20.36410642570281,5.005005005005005,0.006282485875706215,0.9858871362617484,29.033333333333335,11.69487951807229
QI-MRFO P=60,n200 m20 uniform high,200,20,2,20000,62.766277664217476,62.766277664217476,65.91143633796119,60.831838850240715,0.031799775422522956,54.58041334152222,19980,0.06506024096385542,0.08293172690763052,0.14568273092369477,20.270180722891567,5.305305305305305,0.009584745762711865,0.9860088824258827,28.97871485943775,11.56164658634538
QI-MRFO P=60,n200 m20 uniform high,200,20,3,20000,63.14735576625334,63.14735576625334,65.73642689167795,60.831838850240715,0.038064226888046206,260.04530787467957,19980,0.053514056224899596,0.07660642570281125,0.15933734939759037,20.667018072289157,5.555555555555555,0.007641242937853108,0.9874634121552054,28.977309236947793,12.356726907630522
QI-MRFO P=60,n200 m20 uniform high,200,20,4,20000,62.36790251872465,62.36790251872465,65.48933289653301,60.831838850240715,0.025250982010678692,35.887622117996216,19980,0.05853413654618474,0.07836345381526104,0.14497991967871485,20.46159638554217,5.005005005005005,0.00327683615819209,0.9867664759753886,29.358835341365463,11.564357429718875
QI-MRFO P=60,n200 m20 uniform high,200,20,5,20000,62.018984595578644,62.018984595578644,65.27125203013422,60.831838850240715,0.019515204007896463,32.17684316635132,19980,0.066214859437751,0.06275100401606426,0.14738955823293173,19.92484939759036,5.505505505505505,0.003531073446327684,0.9869414093075243,28.636646586345382,11.213052208835341
QI-MRFO P=60,n200 m20 uniform high,200,20,6,20000,62.57899730534501,62.57899730534501,65.77008611132344,60.831838850240715,0.028721118547896475,203.2395691871643,19980,0.08313253012048193,0.069929718875502,0.11139558232931727,20.35050200803213,3.903903903903904,0.0020084745762711863,0.9851719831632373,29.579518072289158,11.1214859437751
QI-MRFO P=60,n200 m20 uniform high,200,20,7,20000,62.32216134447066,62.32216134447066,65.53263067574765,60.831838850240715,0.024499053824410994,209.87525057792664,19980,0.07168674698795181,0.07178714859437751,0.13132530120481928,20.18273092369478,4.554554554554555,0.00356497175141243,0.986982065213205,28.971184738955824,11.394277108433736
QI-MRFO P=60,n200 m20 uniform high,200,20,8,20000,63.12608154012997,63.12608154012997,66.16243128892533,60.831838850240715,0.03771450499034477,172.7582528591156,19980,0.06310240963855422,0.07826305220883534,0.16079317269076304,19.65667670682731,5.405405405405405,0.0052288135593220346,0.9873109785409592,28.24879518072289,11.064558232931727
QI-MRFO P=60,n200 m20 uniform high,200,20,9,20000,63.10375183387159,63.10375183387159,66.05843874926576,60.831838850240715,0.037347432308005704,187.83367824554443,19980,0.051907630522088355,0.0678714859437751,0.15833333333333333,20.488353413654618,5.905905905905906,0.002463276836158192,0.9871715708756823,28.63152610441767,12.345180722891566
QI-MRFO P=60,n200 m20 uniform high,200,20,10,20000,62.9617827166861,62.9617827166861,65.93633945329863,60.831838850240715,0.03501363606135603,278.32448387145996,19980,0.07163654618473896,0.056626506024096385,0.1364457831325301,20.21721887550201,4.754754754754755,0.002838983050847458,0.9868604637317696,28.874698795180723,11.559738955823294
QI-MRFO P=60,n200 m20 uniform high,200,20,11,20000,62.566188373428346,62.566188373428346,65.6300010307877,60.831838850240715,0.028510555590097353,282.24376344680786,19980,0.0859437751004016,0.06947791164658634,0.13052208835341367,19.869076305220883,4.554554554554555,0.0003333333333333333,0.9875325685226907,28.414658634538153,11.323493975903615
QI-MRFO P=60,n200 m20 uniform high,200,20,12,20000,62.48476719499256,62.48476719499256,65.5609249748101,60.831838850240715,0.027172092377827268,269.3947949409485,19980,0.08298192771084337,0.055271084337349397,0.125,20.491666666666667,4.804804804804805,0.0013333333333333333,0.9871565603047922,29.79929718875502,11.184036144578313
QI-MRFO P=60,n200 m20 uniform high,200,20,13,20000,64.77573772704,64.77573772704,67.04162443659622,60.831838850240715,0.06483280715068628,277.69080543518066,19980,0.0661144578313253,0.08820281124497992,0.15281124497991969,19.886495983935742,5.205205205205205,0.0028192090395480224,0.9863208516826545,28.22801204819277,11.544979919678715
QI-MRFO P=60,n200 m20 uniform high,200,20,14,20000,64.27209397250927,64.27209397250927,67.01447764279426,60.831838850240715,0.05655352833798053,275.93869948387146,19980,0.06907630522088354,0.08845381526104418,0.125,19.77590361445783,4.054054054054054,0.0044604519774011295,0.987072106601892,27.91937751004016,11.632429718875501
QI-MRFO P=60,n200 m20 uniform high,200,20,15,20000,63.45333817625721,63.45333817625721,66.17970654059417,60.831838850240715,0.04309419829425597,275.950261592865,19980,0.0625,0.08112449799196787,0.14909638554216867,20.43975903614458,5.555555555555555,0.006542372881355932,0.9876333658721972,28.81234939759036,12.067168674698795
QI-MRFO P=60,n200 m20 uniform high,200,20,16,20000,61.909028810426065,61.909028810426065,65.35127629870945,60.831838850240715,0.017707667243747772,266.9125816822052,19980,0.1016566265060241,0.049949799196787145,0.11501004016064258,19.65788152610442,4.404404404404405,0.0005,0.988030520444507,28.60632530120482,10.709437751004016
QI-MRFO P=60,n200 m20 uniform high,200,20,17,20000,62.02253326339336,62.02253326339336,65.38422481026582,60.831838850240715,0.01957353970646799,264.7923197746277,19980,0.06661646586345382,0.06957831325301204,0.1501004016064257,21.04543172690763,5.505505505505505,0.001963276836158192,0.9875707268929853,30.983333333333334,11.107530120481927
QI-MRFO P=60,n200 m20 uniform high,200,20,18,20000,62.55435999903426,62.55435999903426,65.60913930419397,60.831838850240715,0.028316111782090748,266.6915445327759,19980,0.07098393574297189,0.07901606425702812,0.13634538152610443,19.84929718875502,4.804804804804805,0.006240112994350282,0.9872211774309376,27.818273092369477,11.880321285140562
QI-MRFO P=60,n200 m20 uniform high,200,20,19,20000,62.04204353905959,62.04204353905959,65.4428370153771,60.831838850240715,0.019894264445929826,259.2010962963104,19980,0.09362449799196787,0.054819277108433734,0.11741967871485944,19.727208835341365,4.454454454454455,0.00016666666666666666,0.9862305875198332,28.415261044176706,11.039156626506024
QI-MRFO P=60,n200 m20 uniform high,200,20,20,20000,63.32573418300088,63.32573418300088,66.02534940505694,60.831838850240715,0.04099654687243273,260.16805958747864,19980,0.07700803212851405,0.08092369477911647,0.12364457831325301,20.01762048192771,4.054054054054054,0.0070423728813559325,0.986206732901839,28.132128514056223,11.903112449799197
QI-MRFO P=60,n200 m20 uniform high,200,20,21,20000,62.58108244201011,62.58108244201011,65.68704618930622,60.831838850240715,0.028755395609127977,247.23789477348328,19980,0.058082329317269074,0.08082329317269077,0.15296184738955823,20.012600401606427,5.7057057057057055,0.014813559322033898,0.9850913104439236,28.410843373493975,11.614357429718876
QI-MRFO P=60,n200 m20 uniform high,200,20,22,20000,62.88090506001687,62.88090506001687,65.94570099228794,60.831838850240715,0.03368410767296818,228.69342160224915,19980,0.06752008032128515,0.08780120481927711,0.14206827309236947,19.636847389558234,4.704704704704705,0.0016666666666666666,0.9867266010102578,28.09598393574297,11.177710843373495
QI-MRFO P=60,n200 m20 uniform high,200,20,23,20000,63.66298174989758,63.66298174989758,66.58329691658946,60.831838850240715,0.046540478689568086,119.29450368881226,19980,0.0785140562248996,0.0627008032128514,0.12856425702811244,19.982279116465865,4.504504504504505,0.002593220338983051,0.9875047040733874,28.747489959839356,11.21706827309237
QI-MRFO P=60,n200 m20 uniform high,200,20,24,20000,62.39875682416112,62.39875682416112,65.55708816350855,60.831838850240715,0.02575818853311227,104.78449273109436,19980,0.07826305220883534,0.066214859437751,0.13207831325301206,19.84422690763052,4.704704704704705,0.005528248587570621,0.9858105337210437,28.215160642570282,11.473293172690763
QI-MRFO P=60,n200 m20 uniform high,200,20,25,20000,61.897629334529014,61.897629334529014,65.16737016135151,60.831838850240715,0.017520273995203787,86.55132126808167,19980,0.1090863453815261,0.03619477911646586,0.09533132530120482,19.599548192771085,3.3533533533533535,0.0003333333333333333,0.9872481933985005,28.44016064257028,10.758935742971888
QI-MRFO P=60,n200 m20 uniform high,200,20,26,20000,62.50716129741593,62.50716129741593,65.60527486039888,60.831838850240715,0.027540223653268418,89.40547561645508,19980,0.0677710843373494,0.07530120481927711,0.13995983935742973,20.590411646586347,5.205205205205205,0.0003333333333333333,0.9861931761236218,28.88785140562249,12.2929718875502
QI-MRFO P=60,n200 m20 uniform high,200,20,27,20000,63.03897218140312,63.03897218140312,65.93013464032168,60.831838850240715,0.03628253514736008,41.248894453048706,19980,0.04974899598393574,0.09467871485943775,0.15346385542168675,21.08930722891566,5.405405405405405,0.004338983050847458,0.9877123490850485,30.101204819277108,12.077409638554217
QI-MRFO P=60,n200 m20 uniform high,200,20,28,20000,62.121214900421705,62.121214900421705,65.51835832781458,60.831838850240715,0.021195743455252932,21.490188598632812,19980,0.0789156626506024,0.06912650602409638,0.1321285140562249,20.1375,4.854854854854855,0.0009971751412429378,0.9882400370047812,29.166767068273092,11.108232931726908
QI-MRFO P=60,n200 m20 uniform high,200,20,29,20000,63.24987657519408,63.24987657519408,66.09767506625657,60.831838850240715,0.039749541862547144,13.073256969451904,19980,0.061646586345381525,0.07896586345381526,0.13970883534136547,19.982680722891565,4.754754754754755,0.01159322033898305,0.9861582733393436,28.673995983935743,11.29136546184739
QI-MRFO S=1.0,n200 m20 uniform high,200,20,0,20000,63.19525201749911,63.19525201749911,66.0297768147459,60.831838850240715,0.03885158186779095,9.367122888565063,19950,0.08082329317269077,0.12680722891566265,0.1141566265060241,16.335240963855423,5.864661654135339,0.0037701149425287354,0.9866072074873221,24.357128514056225,8.31335341365462
QI-MRFO S=1.0,n200 m20 uniform high,200,20,1,20000,62.67788775347612,62.67788775347612,65.65422230922827,60.831838850240715,0.03034675489228781,17.693899393081665,19950,0.08438755020080321,0.13775100401606424,0.09412650602409639,16.56571285140562,4.912280701754386,0.003919540229885057,0.9875027890769135,23.981626506024096,9.149799196787148
QI-MRFO S=1.0,n200 m20 uniform high,200,20,2,20000,61.95905670617903,61.95905670617903,65.37678414686357,60.831838850240715,0.018530063815979016,11.844719409942627,19950,0.10286144578313253,0.09894578313253012,0.08549196787148594,16.38488955823293,4.31077694235589,0.0,0.9869756890343268,24.235843373493974,8.533935742971888
QI-MRFO S=1.0,n200 m20 uniform high,200,20,3,20000,63.81395021721705,63.81395021721705,66.74494874567421,60.831838850240715,0.04902221309334188,14.84896445274353,19950,0.09196787148594378,0.11892570281124498,0.09196787148594378,16.25597389558233,4.511278195488722,0.001988505747126437,0.9859494670315861,23.76285140562249,8.749096385542169
QI-MRFO S=1.0,n200 m20 uniform high,200,20,4,20000,61.92407477328847,61.92407477328847,65.29359984612535,60.831838850240715,0.017955004216405182,8.227809429168701,19950,0.096285140562249,0.12218875502008032,0.09066265060240963,15.33770080321285,4.611528822055138,0.0006666666666666666,0.986477492443169,22.713052208835343,7.962349397590361
QI-MRFO S=1.0,n200 m20 uniform high,200,20,5,20000,61.903177008101515,61.903177008101515,65.32880045901263,60.831838850240715,0.01761147086969181,10.137917518615723,19950,0.09231927710843374,0.10115461847389558,0.10341365461847389,16.384437751004015,5.664160401002507,0.0003333333333333333,0.9855027383286858,23.846686746987952,8.92218875502008
QI-MRFO S=1.0,n200 m20 uniform high,200,20,6,20000,62.3484049278331,62.3484049278331,65.41086325406144,60.831838850240715,0.024930465793183657,12.923801898956299,19950,0.09693775100401607,0.10702811244979919,0.09528112449799196,16.5375,5.363408521303258,0.004666666666666667,0.9860389144573916,24.10371485943775,8.97128514056225
QI-MRFO S=1.0,n200 m20 uniform high,200,20,7,20000,61.78637892144867,61.78637892144867,65.17819290202523,60.831838850240715,0.01569145515324466,12.13634705543518,19950,0.09292168674698795,0.09608433734939759,0.10808232931726908,16.31957831325301,5.864661654135339,0.00235632183908046,0.9864059271564656,23.744979919678716,8.89417670682731
QI-MRFO S=1.0,n200 m20 uniform high,200,20,8,20000,63.04059475532961,63.04059475532961,66.03737841171245,60.831838850240715,0.036309208250740764,8.895567893981934,19950,0.07103413654618473,0.12700803212851405,0.10968875502008033,16.357680722891565,5.714285714285714,0.006758620689655172,0.9842664082441445,23.693172690763053,9.02218875502008
QI-MRFO S=1.0,n200 m20 uniform high,200,20,9,20000,62.3407968966236,62.3407968966236,65.49914924477635,60.831838850240715,0.024805399193960347,10.831337690353394,19950,0.09126506024096386,0.10341365461847389,0.10381526104417671,16.16039156626506,5.363408521303258,0.0,0.9865145057522859,23.620481927710845,8.700301204819278
QI-MRFO S=1.0,n200 m20 uniform high,200,20,10,20000,62.50148322537969,62.50148322537969,65.63508357104784,60.831838850240715,0.02744688318972895,13.244530439376831,19950,0.08990963855421687,0.11024096385542169,0.09312248995983936,16.857781124497993,5.162907268170426,0.0,0.9875801697613554,24.97921686746988,8.736345381526105
QI-MRFO S=1.0,n200 m20 uniform high,200,20,11,20000,62.342810441647785,62.342810441647785,65.4585715037024,60.831838850240715,0.02483849937738799,9.713225603103638,19950,0.09919678714859438,0.10988955823293173,0.09553212851405622,16.533132530120483,4.912280701754386,0.0006436781609195402,0.9863313048020387,24.628012048192772,8.438253012048193
QI-MRFO S=1.0,n200 m20 uniform high,200,20,12,20000,62.530881205876994,62.530881205876994,65.57263747136716,60.831838850240715,0.027930149535986888,19.13887906074524,19950,0.08313253012048193,0.12304216867469879,0.11019076305220883,16.150803212851404,6.265664160401003,0.001,0.9866450932882248,23.610843373493974,8.690763052208835
QI-MRFO S=1.0,n200 m20 uniform high,200,20,13,20000,62.28424087258308,62.28424087258308,65.59771362116955,60.831838850240715,0.023875688287476694,9.615607976913452,19950,0.10446787148594378,0.0891566265060241,0.08283132530120482,16.108032128514058,4.511278195488722,0.0016436781609195403,0.9866965306821992,23.75582329317269,8.460240963855421
QI-MRFO S=1.0,n200 m20 uniform high,200,20,14,20000,61.620280415965695,61.620280415965695,65.14606525881031,60.831838850240715,0.012961001683115493,12.505766868591309,19950,0.1256024096385542,0.06812248995983936,0.0855421686746988,15.649246987951807,4.4110275689223055,0.0032068965517241376,0.9861915814444342,23.598493975903615,7.7
QI-MRFO S=1.0,n200 m20 uniform high,200,20,15,20000,62.50120440530427,62.50120440530427,65.58514971796316,60.831838850240715,0.027442299733422427,13.813133239746094,19950,0.0984437751004016,0.11009036144578313,0.08684738955823293,16.06184738955823,4.56140350877193,0.004091954022988506,0.9863725736665655,23.397991967871487,8.72570281124498
QI-MRFO S=1.0,n200 m20 uniform high,200,20,16,20000,61.87668517631405,61.87668517631405,65.36563172468448,60.831838850240715,0.017175978004636612,10.06261396408081,19950,0.11255020080321285,0.0890562248995984,0.08448795180722891,15.813152610441767,4.511278195488722,0.001,0.9853730452943559,23.235943775100402,8.390361445783132
QI-MRFO S=1.0,n200 m20 uniform high,200,20,17,20000,62.59260781599698,62.59260781599698,65.60861385774268,60.831838850240715,0.028944858466156586,11.232698917388916,19950,0.07961847389558233,0.14613453815261043,0.09543172690763052,16.36179718875502,4.81203007518797,0.0032988505747126432,0.9844841700679509,23.420783132530122,9.30281124497992
QI-MRFO S=1.0,n200 m20 uniform high,200,20,18,20000,63.639997598554714,63.639997598554714,66.49499289243447,60.831838850240715,0.04616264774154345,12.334238529205322,19950,0.09533132530120482,0.1092871485943775,0.09528112449799196,15.892720883534137,5.4636591478696745,0.0013333333333333333,0.9860432075449422,23.404518072289157,8.380923694779117
QI-MRFO S=1.0,n200 m20 uniform high,200,20,19,20000,62.05203244136893,62.05203244136893,65.33371739670989,60.831838850240715,0.020058469613784928,12.975161075592041,19950,0.10235943775100402,0.091214859437751,0.08765060240963855,16.3695281124498,4.611528822055138,0.002310344827586207,0.9868807004285856,23.85491967871486,8.884136546184738
QI-MRFO S=1.0,n200 m20 uniform high,200,20,20,20000,62.51158027752904,62.51158027752904,65.60858614408046,60.831838850240715,0.027612866206849516,15.240331172943115,19950,0.0892570281124498,0.1179718875502008,0.10356425702811245,16.395130522088355,5.4636591478696745,0.0016436781609195403,0.9852995813736083,24.051204819277107,8.739056224899599
QI-MRFO S=1.0,n200 m20 uniform high,200,20,21,20000,62.01834437698791,62.01834437698791,65.34058367625411,60.831838850240715,0.01950467960812765,12.279692888259888,19950,0.10677710843373495,0.09774096385542169,0.09176706827309238,16.153714859437752,5.213032581453634,0.0032068965517241376,0.9873611247070964,23.850803212851407,8.456626506024097
QI-MRFO S=1.0,n200 m20 uniform high,200,20,22,20000,65.14088437205388,65.14088437205388,67.46838200823846,60.831838850240715,0.07083536521756995,12.107052087783813,19950,0.08498995983935743,0.1446285140562249,0.09422690763052209,15.760642570281124,4.81203007518797,0.0038620689655172414,0.9860864599245518,22.845682730923695,8.675602409638554
QI-MRFO S=1.0,n200 m20 uniform high,200,20,23,20000,62.405569785659836,62.405569785659836,65.45248473523928,60.831838850240715,0.025870185172166528,15.666203737258911,19950,0.09226907630522088,0.12625502008032127,0.10793172690763052,16.2890562248996,5.714285714285714,0.001,0.987442754039471,23.565763052208837,9.012349397590361
QI-MRFO S=1.0,n200 m20 uniform high,200,20,24,20000,62.928129056701586,62.928129056701586,65.86343460079357,60.831838850240715,0.03446041162131623,19.530036687850952,19950,0.08619477911646586,0.1285140562248996,0.10647590361445783,16.017720883534135,5.56390977443609,0.0006666666666666666,0.987093432636021,23.516465863453814,8.518975903614457
QI-MRFO S=1.0,n200 m20 uniform high,200,20,25,20000,61.96904154229458,61.96904154229458,65.29353761760288,60.831838850240715,0.018694202140650377,11.615111827850342,19950,0.10080321285140562,0.09156626506024096,0.08995983935742972,15.847841365461848,4.4110275689223055,0.0003333333333333333,0.9855166513290728,23.36937751004016,8.326305220883533
QI-MRFO S=1.0,n200 m20 uniform high,200,20,26,20000,63.637368013266425,63.637368013266425,66.62021753111517,60.831838850240715,0.04611942062005592,11.580405473709106,19950,0.08775100401606425,0.10818273092369478,0.11701807228915663,15.56285140562249,6.165413533834586,0.0038620689655172414,0.9866961106126955,23.078714859437753,8.046987951807228
QI-MRFO S=1.0,n200 m20 uniform high,200,20,27,20000,64.15019924398761,64.15019924398761,66.86804836286902,60.831838850240715,0.05454973014898051,20.9960036277771,19950,0.08719879518072289,0.1246987951807229,0.0984437751004016,15.757479919678715,5.31328320802005,0.00493103448275862,0.9867865287185782,22.68684738955823,8.828112449799196
QI-MRFO S=1.0,n200 m20 uniform high,200,20,28,20000,62.64459989280872,62.64459989280872,65.66151707278253,60.831838850240715,0.029799543739434945,11.861981868743896,19950,0.08333333333333333,0.11862449799196788,0.11345381526104417,16.65286144578313,6.265664160401003,0.0016206896551724137,0.985275367744,24.761746987951806,8.543975903614458
QI-MRFO S=1.0,n200 m20 uniform high,200,20,29,20000,62.15582641849561,62.15582641849561,65.27942582864821,60.831838850240715,0.02176471389455053,11.760653257369995,19950,0.09583333333333334,0.10321285140562249,0.09377510040160643,16.573845381526105,4.711779448621554,0.0,0.9864788712721476,24.38152610441767,8.766164658634539
QI-MRFO S=3.0,n200 m20 uniform high,200,20,0,20000,62.729794333077166,62.729794333077166,65.75482101023962,60.831838850240715,0.031200034697437738,12.842595100402832,19950,0.09226907630522088,0.0695281124497992,0.08860441767068274,21.42866465863454,5.112781954887218,0.001,0.987930151877125,29.776506024096385,13.08082329317269
QI-MRFO S=3.0,n200 m20 uniform high,200,20,1,20000,62.58903415048423,62.58903415048423,65.68728275989781,60.831838850240715,0.028886111836426316,12.503673076629639,19950,0.0625,0.10572289156626506,0.1014558232931727,21.72324297188755,5.9147869674185465,0.005793103448275863,0.9868558171905847,29.063955823293174,14.382530120481928
QI-MRFO S=3.0,n200 m20 uniform high,200,20,2,20000,62.343495916396755,62.343495916396755,65.55635625507257,60.831838850240715,0.02484976773228118,14.653820753097534,19950,0.0697289156626506,0.0894578313253012,0.09497991967871486,21.66882530120482,5.56390977443609,0.001,0.9869590117524629,29.62921686746988,13.708433734939758
QI-MRFO S=3.0,n200 m20 uniform high,200,20,3,20000,62.89562338431236,62.89562338431236,65.87040798571184,60.831838850240715,0.033926058673853114,15.233052492141724,19950,0.07781124497991967,0.09819277108433735,0.07695783132530121,21.403313253012048,4.4110275689223055,0.003931034482758621,0.9869209755040296,29.241967871485944,13.564658634538153
QI-MRFO S=3.0,n200 m20 uniform high,200,20,4,20000,61.78295819622661,61.78295819622661,65.23696442798743,60.831838850240715,0.01563522267224922,18.090855836868286,19950,0.0858433734939759,0.0626004016064257,0.09492971887550201,20.703765060240965,5.363408521303258,0.0,0.9881380427433679,28.573192771084337,12.83433734939759
QI-MRFO S=3.0,n200 m20 uniform high,200,20,5,20000,62.022045737748215,62.022045737748215,65.36820814212858,60.831838850240715,0.01956552538938728,13.747920989990234,19950,0.078714859437751,0.07580321285140562,0.0854417670682731,22.015010040160643,4.661654135338346,0.006505747126436781,0.9875880662606243,29.852710843373494,14.17730923694779
QI-MRFO S=3.0,n200 m20 uniform high,200,20,6,20000,62.30568109953807,62.30568109953807,65.6680362565105,60.831838850240715,0.02422813903301106,13.895981550216675,19950,0.08785140562248996,0.07690763052208835,0.08760040160642571,21.771586345381525,4.81203007518797,0.0006666666666666666,0.9866575726158989,29.567670682730924,13.975502008032128
QI-MRFO S=3.0,n200 m20 uniform high,200,20,7,20000,62.345458341363894,62.345458341363894,65.60175220989815,60.831838850240715,0.024882027565359226,21.877155542373657,19950,0.06987951807228916,0.08980923694779117,0.10130522088353414,21.577058232931726,5.162907268170426,0.0016666666666666666,0.9874590593103449,29.18293172690763,13.971184738955824
QI-MRFO S=3.0,n200 m20 uniform high,200,20,8,20000,62.55526145495154,62.55526145495154,65.65367277776338,60.831838850240715,0.02833093059957708,14.238036394119263,19950,0.06726907630522089,0.07976907630522088,0.10321285140562249,21.372439759036144,5.9147869674185465,0.0003333333333333333,0.9880315535367966,29.370682730923694,13.374196787148595
QI-MRFO S=3.0,n200 m20 uniform high,200,20,9,20000,62.25121587431547,62.25121587431547,65.4076937554175,60.831838850240715,0.023332798266530435,16.708451747894287,19950,0.07971887550200803,0.07153614457831325,0.09497991967871486,20.997791164658633,4.912280701754386,0.0,0.9872887641054956,28.19136546184739,13.80421686746988
QI-MRFO S=3.0,n200 m20 uniform high,200,20,10,20000,62.42433166167865,62.42433166167865,65.54361380236483,60.831838850240715,0.02617860714943083,19.595709323883057,19950,0.0858433734939759,0.07595381526104418,0.07946787148594378,21.320532128514056,4.260651629072682,0.0003333333333333333,0.986784875209905,29.353915662650603,13.28714859437751
QI-MRFO S=3.0,n200 m20 uniform high,200,20,11,20000,63.24985911494885,63.24985911494885,66.28736515514079,60.831838850240715,0.03974925483776601,20.850619077682495,19950,0.0658132530120482,0.1056726907630522,0.10617469879518072,21.459939759036146,5.513784461152882,0.002,0.9870430409726844,29.35933734939759,13.560542168674699
QI-MRFO S=3.0,n200 m20 uniform high,200,20,12,20000,61.902327112175115,61.902327112175115,65.26199940860076,60.831838850240715,0.01759749963452181,14.943798303604126,19950,0.08368473895582329,0.06380522088353413,0.09021084337349397,21.063253012048193,4.962406015037594,0.0,0.9877801018899858,28.703112449799196,13.423393574297188
QI-MRFO S=3.0,n200 m20 uniform high,200,20,13,20000,62.14539926199879,62.14539926199879,65.40983014085896,60.831838850240715,0.021593304371282828,13.63329529762268,19950,0.07715863453815261,0.07248995983935742,0.09467871485943775,21.576154618473897,5.06265664160401,0.004482758620689655,0.9865036181848201,29.25863453815261,13.89367469879518
QI-MRFO S=3.0,n200 m20 uniform high,200,20,14,20000,62.443290150124284,62.443290150124284,65.43881503271248,60.831838850240715,0.026490261191195155,13.707014799118042,19950,0.0893574297188755,0.0679718875502008,0.08137550200803213,20.780873493975903,4.360902255639098,0.0,0.9864762736046568,28.25210843373494,13.309638554216868
QI-MRFO S=3.0,n200 m20 uniform high,200,20,15,20000,62.55483519905207,62.55483519905207,65.73660240364843,60.831838850240715,0.028323923481141634,16.37479543685913,19950,0.07811244979919679,0.08755020080321285,0.0873995983935743,21.466064257028112,5.012531328320802,0.002379310344827586,0.9867640237281238,29.231425702811244,13.70070281124498
QI-MRFO S=3.0,n200 m20 uniform high,200,20,16,20000,62.12789555114439,62.12789555114439,65.37002343034197,60.831838850240715,0.021305565069212894,15.863229036331177,19950,0.08504016064257028,0.0695281124497992,0.08348393574297189,20.704668674698794,4.56140350877193,0.003632183908045977,0.9871853483877381,28.21214859437751,13.19718875502008
QI-MRFO S=3.0,n200 m20 uniform high,200,20,17,20000,61.641054504361605,61.641054504361605,65.13808867872869,60.831838850240715,0.013302501936741777,19.156136751174927,19950,0.10075301204819277,0.05286144578313253,0.07730923694779117,21.053363453815262,4.4110275689223055,0.0,0.9883818745408284,28.770883534136548,13.335843373493976
QI-MRFO S=3.0,n200 m20 uniform high,200,20,18,20000,62.234752382745064,62.234752382745064,65.56942138157581,60.831838850240715,0.023062158879630815,14.958906650543213,19950,0.07745983935742971,0.08514056224899598,0.08950803212851406,20.780321285140563,5.06265664160401,0.00432183908045977,0.9864755140338569,27.962449799196786,13.598192771084337
QI-MRFO S=3.0,n200 m20 uniform high,200,20,19,20000,64.03758677598253,64.03758677598253,66.59394501065314,60.831838850240715,0.052698520812989244,15.897648334503174,19950,0.07003012048192771,0.10446787148594378,0.08825301204819277,21.884086345381526,5.112781954887218,0.004126436781609195,0.9863863172963726,29.42991967871486,14.338253012048193
QI-MRFO S=3.0,n200 m20 uniform high,200,20,20,20000,62.941040292530055,62.941040292530055,65.82884353093529,60.831838850240715,0.03467265632856985,13.752405405044556,19950,0.07896586345381526,0.0890562248995984,0.08664658634538153,21.53453815261044,5.513784461152882,0.0044482758620689655,0.9860718337649677,29.31184738955823,13.757228915662651
QI-MRFO S=3.0,n200 m20 uniform high,200,20,21,20000,64.36027261344887,64.36027261344887,66.97272003760973,60.831838850240715,0.058003075854646695,17.10386872291565,19950,0.07023092369477911,0.0748995983935743,0.09949799196787149,21.76440763052209,6.215538847117794,0.0013333333333333333,0.9877257803773524,29.768975903614457,13.759839357429719
QI-MRFO S=3.0,n200 m20 uniform high,200,20,22,20000,64.91358325455546,64.91358325455546,67.35529138022187,60.831838850240715,0.06709881669635893,16.479276180267334,19950,0.06937751004016064,0.09528112449799196,0.0945281124497992,21.19402610441767,5.162907268170426,0.0026436781609195403,0.9849897872904052,28.486546184738955,13.901506024096385
QI-MRFO S=3.0,n200 m20 uniform high,200,20,23,20000,62.66098926241513,62.66098926241513,65.77328736023385,60.831838850240715,0.030068964653156723,14.718847513198853,19950,0.058433734939759036,0.09904618473895582,0.11134538152610442,21.77113453815261,5.9147869674185465,0.001,0.9867690525885576,29.06465863453815,14.477610441767068
QI-MRFO S=3.0,n200 m20 uniform high,200,20,24,20000,62.270797482343745,62.270797482343745,65.5506189793784,60.831838850240715,0.023654695621573123,13.941948890686035,19950,0.0752008032128514,0.07916666666666666,0.10110441767068273,20.90245983935743,5.664160401002507,0.0016436781609195403,0.9860545490258451,28.24417670682731,13.56074297188755
QI-MRFO S=3.0,n200 m20 uniform high,200,20,25,20000,62.35644099636287,62.35644099636287,65.54843186080312,60.831838850240715,0.02506256879519142,12.485590696334839,19950,0.08483935742971888,0.09141566265060241,0.07474899598393574,20.643574297188756,4.160401002506266,0.0016666666666666666,0.9862416117136995,28.4320281124498,12.855120481927711
QI-MRFO S=3.0,n200 m20 uniform high,200,20,26,20000,62.130322197227756,62.130322197227756,65.48006372022881,60.831838850240715,0.021345456121813468,13.55809235572815,19950,0.07545180722891566,0.07063253012048193,0.09206827309236948,21.235642570281126,5.664160401002507,0.0050344827586206896,0.9863534021489891,29.19668674698795,13.274598393574298
QI-MRFO S=3.0,n200 m20 uniform high,200,20,27,20000,62.57214121180662,62.57214121180662,65.62674705772005,60.831838850240715,0.02860841287159308,14.33845591545105,19950,0.1015562248995984,0.05928714859437751,0.0714859437751004,20.79221887550201,4.461152882205514,0.0003333333333333333,0.9870298745281861,28.475401606425702,13.109036144578313
QI-MRFO S=3.0,n200 m20 uniform high,200,20,28,20000,62.22976759162522,62.22976759162522,65.54919015244533,60.831838850240715,0.022980215094697446,12.990180015563965,19950,0.09061244979919679,0.0731425702811245,0.07555220883534136,21.24523092369478,3.6090225563909772,0.0013333333333333333,0.9862339417011948,29.07218875502008,13.418273092369478
QI-MRFO S=3.0,n200 m20 uniform high,200,20,29,20000,62.796690275834045,62.796690275834045,65.75944610405173,60.831838850240715,0.03229972104625201,14.263060092926025,19950,0.08122489959839357,0.07951807228915662,0.0823293172690763,21.72705823293173,4.661654135338346,0.00506896551724138,0.9875488312472794,29.440261044176708,14.013855421686747
