key,problem_set,variant,problem,tasks,vms,task_lengths,vm_heterogeneity,instance_seed,run_seed,budget,makespan_s,energy_Wh,lower_bound_s,lower_bound_pmtn_s,gap_pct,gap_pmtn_pct,runtime_s,evaluations,best_at_005pct_s,best_at_010pct_s,best_at_015pct_s,best_at_020pct_s,best_at_025pct_s,best_at_030pct_s,best_at_035pct_s,best_at_040pct_s,best_at_045pct_s,best_at_050pct_s,best_at_055pct_s,best_at_060pct_s,best_at_065pct_s,best_at_070pct_s,best_at_075pct_s,best_at_080pct_s,best_at_085pct_s,best_at_090pct_s,best_at_095pct_s,best_at_100pct_s
benchmark|QI-MRFO|30-5-uniform-high|inst1|run2|b20000,benchmark,QI-MRFO,"30 tasks, 5 VMs, uniform/high",30,5,uniform,high,1,2,20000,44.92260879569586,10.920110258483433,44.52792459708759,44.52792459708757,0.886374566476162,0.8863745664762103,1.2363862991333008,19950,45.58259562082592,45.58259562082592,45.58259562082592,45.421556656386194,45.421556656386194,45.2187735308936,45.2187735308936,45.2187735308936,45.2187735308936,44.959845066450306,44.959845066450306,44.959845066450306,44.959845066450306,44.959845066450306,44.959845066450306,44.959845066450306,44.959845066450306,44.93284036012178,44.93284036012178,44.92260879569586
benchmark|QI-MRFO|30-5-uniform-high|inst1|run0|b20000,benchmark,QI-MRFO,"30 tasks, 5 VMs, uniform/high",30,5,uniform,high,1,0,20000,44.808627420139445,10.900478666510462,44.52792459708759,44.52792459708757,0.6303972745008954,0.6303972745009436,1.2618963718414307,19950,45.7304049302035,45.7304049302035,44.99359233065083,44.99359233065083,44.85347686803556,44.85347686803556,44.85347686803556,44.85347686803556,44.85347686803556,44.837419702903624,44.837419702903624,44.837419702903624,44.837419702903624,44.837419702903624,44.837419702903624,44.837419702903624,44.837419702903624,44.837419702903624,44.808627420139445,44.808627420139445
benchmark|QI-MRFO|30-5-uniform-high|inst1|run3|b20000,benchmark,QI-MRFO,"30 tasks, 5 VMs, uniform/high",30,5,uniform,high,1,3,20000,44.757519797167134,10.87395917338682,44.52792459708759,44.52792459708757,0.5156207080321925,0.5156207080322406,1.2679262161254883,19950,45.62101547918215,45.62101547918215,45.62101547918215,45.62101547918215,45.384795617691694,45.384795617691694,45.384795617691694,44.79496889631625,44.79496889631625,44.79496889631625,44.79496889631625,44.79496889631625,44.79496889631625,44.79496889631625,44.79496889631625,44.79496889631625,44.79496889631625,44.79496889631625,44.79496889631625,44.757519797167134
benchmark|QI-MRFO|30-5-uniform-high|inst1|run1|b20000,benchmark,QI-MRFO,"30 tasks, 5 VMs, uniform/high",30,5,uniform,high,1,1,20000,44.91672980828465,10.906386960293347,44.52792459708759,44.52792459708757,0.8731716438957718,0.8731716438958201,1.322312831878662,19950,45.602377466383814,45.03601821968482,45.03601821968482,45.03601821968482,45.03601821968482,44.955306654408346,44.955306654408346,44.955306654408346,44.955306654408346,44.955306654408346,44.955306654408346,44.955306654408346,44.955306654408346,44.955306654408346,44.955306654408346,44.955306654408346,44.955306654408346,44.93898953827054,44.93898953827054,44.91672980828465
benchmark|QI-MRFO|30-5-uniform-high|inst1|run4|b20000,benchmark,QI-MRFO,"30 tasks, 5 VMs, uniform/high",30,5,uniform,high,1,4,20000,45.25562951809838,10.905768257411209,44.52792459708759,44.52792459708757,1.6342664240371692,1.6342664240372178,1.2539355754852295,19950,46.49046351511217,46.49046351511217,46.49046351511217,46.49046351511217,46.49046351511217,45.91039505680227,45.91039505680227,45.91039505680227,45.91039505680227,45.91039505680227,45.28320254344859,45.28320254344859,45.28320254344859,45.28320254344859,45.28320254344859,45.28320254344859,45.28320254344859,45.25562951809838,45.25562951809838,45.25562951809838
benchmark|QI-MRFO|30-5-uniform-high|inst1|run6|b20000,benchmark,QI-MRFO,"30 tasks, 5 VMs, uniform/high",30,5,uniform,high,1,6,20000,45.14736869572965,10.93231193805732,44.52792459708759,44.52792459708757,1.39113624595603,1.3911362459560785,1.31862473487854,19950,45.718419214154856,45.28780751723117,45.28780751723117,45.28780751723117,45.28780751723117,45.28780751723117,45.28780751723117,45.28780751723117,45.28780751723117,45.256968941473886,45.256968941473886,45.21931812078782,45.21931812078782,45.21931812078782,45.21931812078782,45.14736869572965,45.14736869572965,45.14736869572965,45.14736869572965,45.14736869572965
benchmark|QI-MRFO|30-5-uniform-high|inst1|run5|b20000,benchmark,QI-MRFO,"30 tasks, 5 VMs, uniform/high",30,5,uniform,high,1,5,20000,45.163127729534146,10.95225462463979,44.52792459708759,44.52792459708757,1.4265275963212127,1.4265275963212614,1.3696835041046143,19950,47.00277605907133,45.753503385944846,45.753503385944846,45.753503385944846,45.753503385944846,45.753503385944846,45.753503385944846,45.753503385944846,45.753503385944846,45.731504362940925,45.731504362940925,45.731504362940925,45.28904555984488,45.28904555984488,45.20826391837234,45.20826391837234,45.20826391837234,45.20826391837234,45.20826391837234,45.163127729534146
benchmark|QI-MRFO|30-5-uniform-high|inst1|run7|b20000,benchmark,QI-MRFO,"30 tasks, 5 VMs, uniform/high",30,5,uniform,high,1,7,20000,44.88164693109067,10.907705748435369,44.52792459708759,44.52792459708757,0.7943831588913001,0.7943831588913484,1.577035665512085,19950,45.773782269260614,45.46043774538665,45.46043774538665,45.46043774538665,45.46043774538665,45.46043774538665,45.107980381494734,45.107980381494734,44.88164693109067,44.88164693109067,44.88164693109067,44.88164693109067,44.88164693109067,44.88164693109067,44.88164693109067,44.88164693109067,44.88164693109067,44.88164693109067,44.88164693109067,44.88164693109067
benchmark|QI-MRFO|30-5-uniform-high|inst1|run8|b20000,benchmark,QI-MRFO,"30 tasks, 5 VMs, uniform/high",30,5,uniform,high,1,8,20000,44.89067659750108,10.90359009408504,44.52792459708759,44.52792459708757,0.814661818838089,0.8146618188381372,1.3085942268371582,19950,45.53039239993942,45.53039239993942,45.53039239993942,45.29799058097732,45.29799058097732,45.29799058097732,45.29799058097732,45.089511446593534,45.089511446593534,45.089511446593534,45.089511446593534,45.089511446593534,45.089511446593534,44.94579465127463,44.91971020147856,44.91971020147856,44.91971020147856,44.91971020147856,44.91971020147856,44.89067659750108
benchmark|QI-MRFO|30-5-uniform-high|inst1|run10|b20000,benchmark,QI-MRFO,"30 tasks, 5 VMs, uniform/high",30,5,uniform,high,1,10,20000,45.26007060389285,10.93527262588555,44.52792459708759,44.52792459708757,1.6442401334221308,1.6442401334221795,1.2232177257537842,19950,46.15076762668263,46.15076762668263,46.15076762668263,46.15076762668263,46.15076762668263,46.15076762668263,46.15076762668263,46.15076762668263,46.15076762668263,46.15076762668263,46.15076762668263,46.15076762668263,46.15076762668263,45.26007060389285,45.26007060389285,45.26007060389285,45.26007060389285,45.26007060389285,45.26007060389285,45.26007060389285
benchmark|QI-MRFO|30-5-uniform-high|inst1|run9|b20000,benchmark,QI-MRFO,"30 tasks, 5 VMs, uniform/high",30,5,uniform,high,1,9,20000,44.807330814656446,10.902142692603777,44.52792459708759,44.52792459708757,0.6274853815826174,0.6274853815826655,1.2871479988098145,19950,45.73182684462237,44.807330814656446,44.807330814656446,44.807330814656446,44.807330814656446,44.807330814656446,44.807330814656446,44.807330814656446,44.807330814656446,44.807330814656446,44.807330814656446,44.807330814656446,44.807330814656446,44.807330814656446,44.807330814656446,44.807330814656446,44.807330814656446,44.807330814656446,44.807330814656446,44.807330814656446
benchmark|QI-MRFO|30-5-uniform-high|inst1|run11|b20000,benchmark,QI-MRFO,"30 tasks, 5 VMs, uniform/high",30,5,uniform,high,1,11,20000,44.93765173098713,10.909694635455514,44.52792459708759,44.52792459708757,0.9201577158759735,0.9201577158760218,1.2445399761199951,19950,45.79991633708808,45.79991633708808,45.11070045626174,45.11070045626174,45.11070045626174,45.11070045626174,45.11070045626174,45.11070045626174,44.93765173098713,44.93765173098713,44.93765173098713,44.93765173098713,44.93765173098713,44.93765173098713,44.93765173098713,44.93765173098713,44.93765173098713,44.93765173098713,44.93765173098713,44.93765173098713
benchmark|QI-MRFO|30-5-uniform-high|inst1|run12|b20000,benchmark,QI-MRFO,"30 tasks, 5 VMs, uniform/high",30,5,uniform,high,1,12,20000,44.97953210656388,10.918844960507396,44.52792459708759,44.52792459708757,1.0142118986291755,1.014211898629224,1.207592248916626,19950,46.01287232322912,45.306925518769205,45.254036886164336,45.254036886164336,45.254036886164336,45.254036886164336,45.254036886164336,45.254036886164336,45.17840002590046,45.17840002590046,45.05806988297336,45.05806988297336,45.05806988297336,45.05806988297336,44.97953210656388,44.97953210656388,44.97953210656388,44.97953210656388,44.97953210656388,44.97953210656388
benchmark|QI-MRFO|30-5-uniform-high|inst1|run13|b20000,benchmark,QI-MRFO,"30 tasks, 5 VMs, uniform/high",30,5,uniform,high,1,13,20000,44.96054481044406,10.921375653768553,44.52792459708759,44.52792459708757,0.9715705757028886,0.9715705757029369,1.218717098236084,19950,45.554668566422905,45.554668566422905,45.554668566422905,45.554668566422905,45.554668566422905,45.554668566422905,45.325470584467695,45.325470584467695,45.325470584467695,45.325470584467695,45.325470584467695,45.16682210827232,45.16682210827232,45.16682210827232,45.16682210827232,44.96054481044406,44.96054481044406,44.96054481044406,44.96054481044406,44.96054481044406
benchmark|QI-MRFO|30-5-uniform-high|inst1|run14|b20000,benchmark,QI-MRFO,"30 tasks, 5 VMs, uniform/high",30,5,uniform,high,1,14,20000,44.863289533346745,10.906675359269245,44.52792459708759,44.52792459708757,0.7531564502359245,0.7531564502359728,1.2045316696166992,19950,46.387277582483414,45.876496417844926,45.68498745262559,45.343629182672856,45.343629182672856,45.343629182672856,45.343629182672856,45.343629182672856,45.088452848744105,45.088452848744105,45.088452848744105,44.863289533346745,44.863289533346745,44.863289533346745,44.863289533346745,44.863289533346745,44.863289533346745,44.863289533346745,44.863289533346745,44.863289533346745
benchmark|QI-MRFO|30-5-uniform-high|inst1|run15|b20000,benchmark,QI-MRFO,"30 tasks, 5 VMs, uniform/high",30,5,uniform,high,1,15,20000,44.872604183424485,10.887894102780285,44.52792459708759,44.52792459708757,0.7740751212991387,0.7740751212991869,1.2035422325134277,19950,45.598505663065396,44.96004075501184,44.96004075501184,44.96004075501184,44.96004075501184,44.96004075501184,44.96004075501184,44.96004075501184,44.96004075501184,44.96004075501184,44.96004075501184,44.96004075501184,44.90587746872814,44.872604183424485,44.872604183424485,44.872604183424485,44.872604183424485,44.872604183424485,44.872604183424485,44.872604183424485
benchmark|QI-MRFO|30-5-uniform-high|inst1|run16|b20000,benchmark,QI-MRFO,"30 tasks, 5 VMs, uniform/high",30,5,uniform,high,1,16,20000,45.02589926671801,10.898180935739328,44.52792459708759,44.52792459708757,1.1183424202595484,1.1183424202595968,1.2277684211730957,19950,46.802039502347725,46.13101044909455,45.66879109365077,45.309857158644526,45.309857158644526,45.309857158644526,45.231690431338585,45.231690431338585,45.231690431338585,45.231690431338585,45.231690431338585,45.231690431338585,45.21661969107576,45.11959100966148,45.11959100966148,45.11959100966148,45.02589926671801,45.02589926671801,45.02589926671801,45.02589926671801
benchmark|QI-MRFO|30-5-uniform-high|inst1|run18|b20000,benchmark,QI-MRFO,"30 tasks, 5 VMs, uniform/high",30,5,uniform,high,1,18,20000,44.71288574418045,10.87842968604832,44.52792459708759,44.52792459708757,0.41538236683268664,0.4153823668327347,1.2108945846557617,19950,46.19174541026978,45.615090177050924,45.27349050815212,45.27349050815212,45.27349050815212,44.93099437590719,44.93099437590719,44.8462189872295,44.81541334195098,44.81541334195098,44.81541334195098,44.81541334195098,44.761193130792215,44.761193130792215,44.761193130792215,44.71288574418045,44.71288574418045,44.71288574418045,44.71288574418045,44.71288574418045
benchmark|QI-MRFO|30-5-uniform-high|inst1|run17|b20000,benchmark,QI-MRFO,"30 tasks, 5 VMs, uniform/high",30,5,uniform,high,1,17,20000,44.87872868111523,10.913709781639053,44.52792459708759,44.52792459708757,0.7878294063823971,0.7878294063824453,1.2651827335357666,19950,47.33746059539538,47.33746059539538,45.8880092374912,45.256402944581794,45.19807120523147,45.19807120523147,45.054648929998265,45.054648929998265,45.054648929998265,45.054648929998265,45.01030635381895,45.01030635381895,45.01030635381895,45.01030635381895,45.01030635381895,45.01030635381895,44.87872868111523,44.87872868111523,44.87872868111523,44.87872868111523
benchmark|QI-MRFO|30-5-uniform-high|inst1|run19|b20000,benchmark,QI-MRFO,"30 tasks, 5 VMs, uniform/high",30,5,uniform,high,1,19,20000,45.21527329802248,10.96848360135501,44.52792459708759,44.52792459708757,1.5436351618773798,1.5436351618774284,1.1896967887878418,19950,45.81929435833436,45.67252137697483,45.67252137697483,45.24970366858764,45.24970366858764,45.24970366858764,45.24970366858764,45.24970366858764,45.24970366858764,45.24970366858764,45.24970366858764,45.24970366858764,45.24970366858764,45.21527329802248,45.21527329802248,45.21527329802248,45.21527329802248,45.21527329802248,45.21527329802248,45.21527329802248
benchmark|QI-MRFO|30-5-uniform-high|inst1|run21|b20000,benchmark,QI-MRFO,"30 tasks, 5 VMs, uniform/high",30,5,uniform,high,1,21,20000,45.38143771224465,10.9857623125363,44.52792459708759,44.52792459708757,1.9168041692490692,1.916804169249118,1.2318615913391113,19950,45.610954128428844,45.610954128428844,45.610954128428844,45.610954128428844,45.610954128428844,45.610954128428844,45.610954128428844,45.610954128428844,45.610954128428844,45.610954128428844,45.610954128428844,45.38143771224465,45.38143771224465,45.38143771224465,45.38143771224465,45.38143771224465,45.38143771224465,45.38143771224465,45.38143771224465,45.38143771224465
benchmark|QI-MRFO|30-5-uniform-high|inst1|run20|b20000,benchmark,QI-MRFO,"30 tasks, 5 VMs, uniform/high",30,5,uniform,high,1,20,20000,45.49899783375474,10.95811597037744,44.52792459708759,44.52792459708757,2.180818543540802,2.180818543540851,1.3049085140228271,19950,46.257553597999994,45.88346785659568,45.88346785659568,45.79466362138785,45.51432570478737,45.51432570478737,45.51432570478737,45.51432570478737,45.51432570478737,45.51432570478737,45.51432570478737,45.51432570478737,45.51432570478737,45.51432570478737,45.51432570478737,45.49899783375474,45.49899783375474,45.49899783375474,45.49899783375474,45.49899783375474
benchmark|QI-MRFO|30-5-uniform-high|inst1|run22|b20000,benchmark,QI-MRFO,"30 tasks, 5 VMs, uniform/high",30,5,uniform,high,1,22,20000,44.89607632165449,10.90190598095346,44.52792459708759,44.52792459708757,0.8267884207452584,0.8267884207453066,1.220686435699463,19950,45.26325753305463,45.26325753305463,44.96412204393616,44.96412204393616,44.96412204393616,44.96412204393616,44.96412204393616,44.96412204393616,44.96412204393616,44.96412204393616,44.96412204393616,44.89607632165449,44.89607632165449,44.89607632165449,44.89607632165449,44.89607632165449,44.89607632165449,44.89607632165449,44.89607632165449,44.89607632165449
benchmark|QI-MRFO|30-5-uniform-high|inst1|run23|b20000,benchmark,QI-MRFO,"30 tasks, 5 VMs, uniform/high",30,5,uniform,high,1,23,20000,44.81999416327389,10.888229455112592,44.52792459708759,44.52792459708757,0.6559244986805483,0.6559244986805964,1.2690956592559814,19950,46.424379969880775,45.49257947533578,45.47234346803253,45.47234346803253,44.913915396592266,44.913915396592266,44.913915396592266,44.913915396592266,44.913915396592266,44.913915396592266,44.913915396592266,44.913915396592266,44.913915396592266,44.913915396592266,44.913915396592266,44.913915396592266,44.913915396592266,44.913915396592266,44.81999416327389,44.81999416327389
benchmark|QI-MRFO|30-5-uniform-high|inst1|run24|b20000,benchmark,QI-MRFO,"30 tasks, 5 VMs, uniform/high",30,5,uniform,high,1,24,20000,44.79065502078356,10.890258498026213,44.52792459708759,44.52792459708757,0.5900351881954868,0.5900351881955349,1.266343355178833,19950,45.84904112239446,45.84904112239446,45.81823547711594,45.81823547711594,45.81823547711594,45.58519063075163,45.58519063075163,45.58519063075163,45.58519063075163,45.46357324039353,45.46357324039353,45.46357324039353,45.22138464456343,45.22138464456343,45.06007205068738,44.83232979273018,44.83232979273018,44.79065502078356,44.79065502078356,44.79065502078356
benchmark|QI-MRFO|30-5-uniform-high|inst1|run26|b20000,benchmark,QI-MRFO,"30 tasks, 5 VMs, uniform/high",30,5,uniform,high,1,26,20000,45.09301454927305,10.928946429055966,44.52792459708759,44.52792459708757,1.2690686963263953,1.2690686963264437,1.3455657958984375,19950,46.23921722192833,46.23921722192833,46.23921722192833,45.29153007956213,45.233686773316784,45.13928803647413,45.13928803647413,45.13928803647413,45.13928803647413,45.13928803647413,45.13928803647413,45.13928803647413,45.13289744118242,45.13289744118242,45.13289744118242,45.13289744118242,45.13289744118242,45.13289744118242,45.09301454927305,45.09301454927305
benchmark|QI-MRFO|30-5-uniform-high|inst1|run25|b20000,benchmark,QI-MRFO,"30 tasks, 5 VMs, uniform/high",30,5,uniform,high,1,25,20000,45.01699880188559,10.90684957947576,44.52792459708759,44.52792459708757,1.0983539188574485,1.0983539188574967,1.3819351196289062,19950,45.14466720517477,45.14466720517477,45.14466720517477,45.14466720517477,45.14466720517477,45.14466720517477,45.070648286059075,45.070648286059075,45.070648286059075,45.01699880188559,45.01699880188559,45.01699880188559,45.01699880188559,45.01699880188559,45.01699880188559,45.01699880188559,45.01699880188559,45.01699880188559,45.01699880188559,45.01699880188559
benchmark|QI-MRFO|30-5-uniform-high|inst1|run27|b20000,benchmark,QI-MRFO,"30 tasks, 5 VMs, uniform/high",30,5,uniform,high,1,27,20000,44.7056513091803,10.887619399309184,44.52792459708759,44.52792459708757,0.39913540480692167,0.39913540480696974,1.3003861904144287,19950,46.079215202688445,46.02222237754524,46.02222237754524,46.02222237754524,45.83068824550205,44.95719989566019,44.95719989566019,44.95719989566019,44.77422708987427,44.77422708987427,44.73116596113602,44.73116596113602,44.73116596113602,44.73116596113602,44.73116596113602,44.73116596113602,44.73116596113602,44.7056513091803,44.7056513091803,44.7056513091803
benchmark|QI-MRFO|30-5-uniform-high|inst1|run28|b20000,benchmark,QI-MRFO,"30 tasks, 5 VMs, uniform/high",30,5,uniform,high,1,28,20000,45.18307506208485,10.919839762363347,44.52792459708759,44.52792459708757,1.4713249515341522,1.4713249515342008,1.2427573204040527,19950,47.06721264516466,45.90652695183331,45.90652695183331,45.90652695183331,45.90652695183331,45.90652695183331,45.90652695183331,45.90652695183331,45.90652695183331,45.90652695183331,45.56918016077303,45.21603022211218,45.21603022211218,45.21603022211218,45.21603022211218,45.21603022211218,45.18307506208485,45.18307506208485,45.18307506208485,45.18307506208485
benchmark|QI-MRFO|30-5-uniform-high|inst1|run29|b20000,benchmark,QI-MRFO,"30 tasks, 5 VMs, uniform/high",30,5,uniform,high,1,29,20000,45.287431203029705,10.933816892641707,44.52792459708759,44.52792459708757,1.7056860673712846,1.7056860673713334,1.313950777053833,19950,46.18079538388865,46.09327674490294,45.47093394297106,45.47093394297106,45.47093394297106,45.47093394297106,45.328360344152586,45.328360344152586,45.328360344152586,45.328360344152586,45.328360344152586,45.328360344152586,45.328360344152586,45.328360344152586,45.297554698874066,45.287431203029705,45.287431203029705,45.287431203029705,45.287431203029705,45.287431203029705
benchmark|QI-MRFO|50-10-bimodal-high|inst1|run0|b20000,benchmark,QI-MRFO,"50 tasks, 10 VMs, bimodal/high",50,10,bimodal,high,1,0,20000,30.24917514033006,17.248280342114523,25.10693322506205,25.106933225062054,20.48136213679399,20.481362136793976,1.4232590198516846,19950,32.737825280610416,30.24917514033006,30.24917514033006,30.24917514033006,30.24917514033006,30.24917514033006,30.24917514033006,30.24917514033006,30.24917514033006,30.24917514033006,30.24917514033006,30.24917514033006,30.24917514033006,30.24917514033006,30.24917514033006,30.24917514033006,30.24917514033006,30.24917514033006,30.24917514033006,30.24917514033006
benchmark|QI-MRFO|50-10-bimodal-high|inst1|run1|b20000,benchmark,QI-MRFO,"50 tasks, 10 VMs, bimodal/high",50,10,bimodal,high,1,1,20000,27.06024893394277,16.079690581163998,25.10693322506205,25.106933225062054,7.779985278850766,7.77998527885075,1.4921941757202148,19950,30.11550731086301,27.06024893394277,27.06024893394277,27.06024893394277,27.06024893394277,27.06024893394277,27.06024893394277,27.06024893394277,27.06024893394277,27.06024893394277,27.06024893394277,27.06024893394277,27.06024893394277,27.06024893394277,27.06024893394277,27.06024893394277,27.06024893394277,27.06024893394277,27.06024893394277,27.06024893394277
benchmark|QI-MRFO|50-10-bimodal-high|inst1|run2|b20000,benchmark,QI-MRFO,"50 tasks, 10 VMs, bimodal/high",50,10,bimodal,high,1,2,20000,26.70402954617669,15.962686494128867,25.10693322506205,25.106933225062054,6.361176439981925,6.361176439981909,1.5016751289367676,19950,29.959820456623678,28.992707225014826,26.70402954617669,26.70402954617669,26.70402954617669,26.70402954617669,26.70402954617669,26.70402954617669,26.70402954617669,26.70402954617669,26.70402954617669,26.70402954617669,26.70402954617669,26.70402954617669,26.70402954617669,26.70402954617669,26.70402954617669,26.70402954617669,26.70402954617669,26.70402954617669
benchmark|QI-MRFO|50-10-bimodal-high|inst1|run4|b20000,benchmark,QI-MRFO,"50 tasks, 10 VMs, bimodal/high",50,10,bimodal,high,1,4,20000,27.29735683508133,16.10798628755642,25.10693322506205,25.106933225062054,8.724377407563153,8.724377407563138,1.4540209770202637,19950,27.29735683508133,27.29735683508133,27.29735683508133,27.29735683508133,27.29735683508133,27.29735683508133,27.29735683508133,27.29735683508133,27.29735683508133,27.29735683508133,27.29735683508133,27.29735683508133,27.29735683508133,27.29735683508133,27.29735683508133,27.29735683508133,27.29735683508133,27.29735683508133,27.29735683508133,27.29735683508133
benchmark|QI-MRFO|50-10-bimodal-high|inst1|run3|b20000,benchmark,QI-MRFO,"50 tasks, 10 VMs, bimodal/high",50,10,bimodal,high,1,3,20000,26.37987249916972,15.755532048563524,25.10693322506205,25.106933225062054,5.070070735827692,5.070070735827677,1.6747183799743652,19950,28.11341461436555,26.914061026553256,26.914061026553256,26.914061026553256,26.914061026553256,26.914061026553256,26.914061026553256,26.914061026553256,26.770943328948743,26.37987249916972,26.37987249916972,26.37987249916972,26.37987249916972,26.37987249916972,26.37987249916972,26.37987249916972,26.37987249916972,26.37987249916972,26.37987249916972,26.37987249916972
benchmark|QI-MRFO|50-10-bimodal-high|inst1|run5|b20000,benchmark,QI-MRFO,"50 tasks, 10 VMs, bimodal/high",50,10,bimodal,high,1,5,20000,27.06024893394277,15.94187752737305,25.10693322506205,25.106933225062054,7.779985278850766,7.77998527885075,1.4575679302215576,19950,28.490234015782207,27.43802772240031,27.06024893394277,27.06024893394277,27.06024893394277,27.06024893394277,27.06024893394277,27.06024893394277,27.06024893394277,27.06024893394277,27.06024893394277,27.06024893394277,27.06024893394277,27.06024893394277,27.06024893394277,27.06024893394277,27.06024893394277,27.06024893394277,27.06024893394277,27.06024893394277
benchmark|QI-MRFO|50-10-bimodal-high|inst1|run6|b20000,benchmark,QI-MRFO,"50 tasks, 10 VMs, bimodal/high",50,10,bimodal,high,1,6,20000,31.197352889850585,17.384751620807524,25.10693322506205,25.106933225062054,24.257919556296116,24.2579195562961,1.4598519802093506,19950,31.197352889850585,31.197352889850585,31.197352889850585,31.197352889850585,31.197352889850585,31.197352889850585,31.197352889850585,31.197352889850585,31.197352889850585,31.197352889850585,31.197352889850585,31.197352889850585,31.197352889850585,31.197352889850585,31.197352889850585,31.197352889850585,31.197352889850585,31.197352889850585,31.197352889850585,31.197352889850585
benchmark|QI-MRFO|50-10-bimodal-high|inst1|run7|b20000,benchmark,QI-MRFO,"50 tasks, 10 VMs, bimodal/high",50,10,bimodal,high,1,7,20000,27.60550768949869,16.191651193746843,25.10693322506205,25.106933225062054,9.951731029987096,9.95173102998708,1.4111642837524414,19950,29.56762035772634,27.60550768949869,27.60550768949869,27.60550768949869,27.60550768949869,27.60550768949869,27.60550768949869,27.60550768949869,27.60550768949869,27.60550768949869,27.60550768949869,27.60550768949869,27.60550768949869,27.60550768949869,27.60550768949869,27.60550768949869,27.60550768949869,27.60550768949869,27.60550768949869,27.60550768949869
benchmark|QI-MRFO|50-10-bimodal-high|inst1|run8|b20000,benchmark,QI-MRFO,"50 tasks, 10 VMs, bimodal/high",50,10,bimodal,high,1,8,20000,25.597309524314653,15.531483507818955,25.10693322506205,25.106933225062054,1.9531509279002779,1.9531509279002635,1.5257511138916016,19950,26.63871389023346,26.453488927161814,26.25525785247582,25.597309524314653,25.597309524314653,25.597309524314653,25.597309524314653,25.597309524314653,25.597309524314653,25.597309524314653,25.597309524314653,25.597309524314653,25.597309524314653,25.597309524314653,25.597309524314653,25.597309524314653,25.597309524314653,25.597309524314653,25.597309524314653,25.597309524314653
benchmark|QI-MRFO|50-10-bimodal-high|inst1|run9|b20000,benchmark,QI-MRFO,"50 tasks, 10 VMs, bimodal/high",50,10,bimodal,high,1,9,20000,26.914061026553256,16.003728457723927,25.10693322506205,25.106933225062054,7.197724171613712,7.1977241716136975,1.451277256011963,19950,37.51554858129149,36.93357287365002,34.51914828181408,31.239976668606705,31.239976668606705,31.239976668606705,31.239976668606705,28.21518586812155,26.986297571945332,26.914061026553256,26.914061026553256,26.914061026553256,26.914061026553256,26.914061026553256,26.914061026553256,26.914061026553256,26.914061026553256,26.914061026553256,26.914061026553256,26.914061026553256
benchmark|QI-MRFO|50-10-bimodal-high|inst1|run10|b20000,benchmark,QI-MRFO,"50 tasks, 10 VMs, bimodal/high",50,10,bimodal,high,1,10,20000,28.975613370618035,16.7166898439975,25.10693322506205,25.106933225062054,15.408812023661337,15.408812023661321,1.4566574096679688,19950,31.324869272615977,30.21780345970894,30.21780345970894,30.21780345970894,30.21780345970894,30.21780345970894,30.21780345970894,28.975613370618035,28.975613370618035,28.975613370618035,28.975613370618035,28.975613370618035,28.975613370618035,28.975613370618035,28.975613370618035,28.975613370618035,28.975613370618035,28.975613370618035,28.975613370618035,28.975613370618035
benchmark|QI-MRFO|50-10-bimodal-high|inst1|run11|b20000,benchmark,QI-MRFO,"50 tasks, 10 VMs, bimodal/high",50,10,bimodal,high,1,11,20000,31.85958190667713,17.886822089543827,25.10693322506205,25.106933225062054,26.895553595030478,26.895553595030464,1.4153902530670166,19950,31.85958190667713,31.85958190667713,31.85958190667713,31.85958190667713,31.85958190667713,31.85958190667713,31.85958190667713,31.85958190667713,31.85958190667713,31.85958190667713,31.85958190667713,31.85958190667713,31.85958190667713,31.85958190667713,31.85958190667713,31.85958190667713,31.85958190667713,31.85958190667713,31.85958190667713,31.85958190667713
benchmark|QI-MRFO|50-10-bimodal-high|inst1|run13|b20000,benchmark,QI-MRFO,"50 tasks, 10 VMs, bimodal/high",50,10,bimodal,high,1,13,20000,30.24917514033006,17.074667233425824,25.10693322506205,25.106933225062054,20.48136213679399,20.481362136793976,1.3952693939208984,19950,30.950965324679284,30.24917514033006,30.24917514033006,30.24917514033006,30.24917514033006,30.24917514033006,30.24917514033006,30.24917514033006,30.24917514033006,30.24917514033006,30.24917514033006,30.24917514033006,30.24917514033006,30.24917514033006,30.24917514033006,30.24917514033006,30.24917514033006,30.24917514033006,30.24917514033006,30.24917514033006
benchmark|QI-MRFO|50-10-bimodal-high|inst1|run12|b20000,benchmark,QI-MRFO,"50 tasks, 10 VMs, bimodal/high",50,10,bimodal,high,1,12,20000,26.12823470889463,15.696614930155407,25.10693322506205,25.106933225062054,4.067806588233982,4.0678065882339665,1.546351671218872,19950,30.66302781587573,29.758118635547262,27.591345978917623,26.901408664023325,26.81674074898259,26.12823470889463,26.12823470889463,26.12823470889463,26.12823470889463,26.12823470889463,26.12823470889463,26.12823470889463,26.12823470889463,26.12823470889463,26.12823470889463,26.12823470889463,26.12823470889463,26.12823470889463,26.12823470889463,26.12823470889463
benchmark|QI-MRFO|50-10-bimodal-high|inst1|run14|b20000,benchmark,QI-MRFO,"50 tasks, 10 VMs, bimodal/high",50,10,bimodal,high,1,14,20000,27.06024893394277,16.082563729625438,25.10693322506205,25.106933225062054,7.779985278850766,7.77998527885075,1.4734992980957031,19950,31.428181006000496,30.66302781587573,29.104288070971553,28.36906024776471,28.36906024776471,28.36906024776471,28.36906024776471,28.36906024776471,28.36906024776471,28.36906024776471,27.615340688516632,27.06024893394277,27.06024893394277,27.06024893394277,27.06024893394277,27.06024893394277,27.06024893394277,27.06024893394277,27.06024893394277,27.06024893394277
benchmark|QI-MRFO|50-10-bimodal-high|inst1|run15|b20000,benchmark,QI-MRFO,"50 tasks, 10 VMs, bimodal/high",50,10,bimodal,high,1,15,20000,31.872873820068676,17.667954868853396,25.10693322506205,25.106933225062054,26.94849480163822,26.9484948016382,1.4574337005615234,19950,31.872873820068676,31.872873820068676,31.872873820068676,31.872873820068676,31.872873820068676,31.872873820068676,31.872873820068676,31.872873820068676,31.872873820068676,31.872873820068676,31.872873820068676,31.872873820068676,31.872873820068676,31.872873820068676,31.872873820068676,31.872873820068676,31.872873820068676,31.872873820068676,31.872873820068676,31.872873820068676
benchmark|QI-MRFO|50-10-bimodal-high|inst1|run16|b20000,benchmark,QI-MRFO,"50 tasks, 10 VMs, bimodal/high",50,10,bimodal,high,1,16,20000,26.620960550097294,15.863758639450836,25.10693322506205,25.106933225062054,6.030315656091055,6.03031565609104,1.5133326053619385,19950,28.679066267450754,26.985828857130226,26.620960550097294,26.620960550097294,26.620960550097294,26.620960550097294,26.620960550097294,26.620960550097294,26.620960550097294,26.620960550097294,26.620960550097294,26.620960550097294,26.620960550097294,26.620960550097294,26.620960550097294,26.620960550097294,26.620960550097294,26.620960550097294,26.620960550097294,26.620960550097294
benchmark|QI-MRFO|50-10-bimodal-high|inst1|run17|b20000,benchmark,QI-MRFO,"50 tasks, 10 VMs, bimodal/high",50,10,bimodal,high,1,17,20000,27.908524993344948,16.389744706811637,25.10693322506205,25.106933225062054,11.158637907581294,11.158637907581278,1.528463363647461,19950,31.945766916079144,29.894998171300283,28.580223740537452,27.908524993344948,27.908524993344948,27.908524993344948,27.908524993344948,27.908524993344948,27.908524993344948,27.908524993344948,27.908524993344948,27.908524993344948,27.908524993344948,27.908524993344948,27.908524993344948,27.908524993344948,27.908524993344948,27.908524993344948,27.908524993344948,27.908524993344948
benchmark|QI-MRFO|50-10-bimodal-high|inst1|run18|b20000,benchmark,QI-MRFO,"50 tasks, 10 VMs, bimodal/high",50,10,bimodal,high,1,18,20000,32.65781043593366,17.97824413429948,25.10693322506205,25.106933225062054,30.074868735199537,30.07486873519952,1.41264009475708,19950,32.65781043593366,32.65781043593366,32.65781043593366,32.65781043593366,32.65781043593366,32.65781043593366,32.65781043593366,32.65781043593366,32.65781043593366,32.65781043593366,32.65781043593366,32.65781043593366,32.65781043593366,32.65781043593366,32.65781043593366,32.65781043593366,32.65781043593366,32.65781043593366,32.65781043593366,32.65781043593366
benchmark|QI-MRFO|50-10-bimodal-high|inst1|run19|b20000,benchmark,QI-MRFO,"50 tasks, 10 VMs, bimodal/high",50,10,bimodal,high,1,19,20000,27.908524993344948,16.38215790617157,25.10693322506205,25.106933225062054,11.158637907581294,11.158637907581278,1.4981377124786377,19950,29.758118635547262,29.758118635547262,29.758118635547262,29.758118635547262,29.758118635547262,29.758118635547262,29.758118635547262,29.758118635547262,29.758118635547262,29.758118635547262,27.908524993344948,27.908524993344948,27.908524993344948,27.908524993344948,27.908524993344948,27.908524993344948,27.908524993344948,27.908524993344948,27.908524993344948,27.908524993344948
benchmark|QI-MRFO|50-10-bimodal-high|inst1|run20|b20000,benchmark,QI-MRFO,"50 tasks, 10 VMs, bimodal/high",50,10,bimodal,high,1,20,20000,28.36906024776471,16.619444574216022,25.10693322506205,25.106933225062054,12.992933041484992,12.992933041484976,1.4427578449249268,19950,31.94814840897118,30.24917514033006,30.128754227219858,30.128754227219858,28.36906024776471,28.36906024776471,28.36906024776471,28.36906024776471,28.36906024776471,28.36906024776471,28.36906024776471,28.36906024776471,28.36906024776471,28.36906024776471,28.36906024776471,28.36906024776471,28.36906024776471,28.36906024776471,28.36906024776471,28.36906024776471
benchmark|QI-MRFO|50-10-bimodal-high|inst1|run21|b20000,benchmark,QI-MRFO,"50 tasks, 10 VMs, bimodal/high",50,10,bimodal,high,1,21,20000,30.231095373100487,17.238368669949356,25.10693322506205,25.106933225062054,20.409351082845255,20.409351082845237,1.487586498260498,19950,32.56745857096993,30.231095373100487,30.231095373100487,30.231095373100487,30.231095373100487,30.231095373100487,30.231095373100487,30.231095373100487,30.231095373100487,30.231095373100487,30.231095373100487,30.231095373100487,30.231095373100487,30.231095373100487,30.231095373100487,30.231095373100487,30.231095373100487,30.231095373100487,30.231095373100487,30.231095373100487
benchmark|QI-MRFO|50-10-bimodal-high|inst1|run22|b20000,benchmark,QI-MRFO,"50 tasks, 10 VMs, bimodal/high",50,10,bimodal,high,1,22,20000,27.619094490795767,16.227740131469318,25.10693322506205,25.106933225062054,10.005846764375214,10.005846764375198,1.4617640972137451,19950,28.186604973168375,27.619094490795767,27.619094490795767,27.619094490795767,27.619094490795767,27.619094490795767,27.619094490795767,27.619094490795767,27.619094490795767,27.619094490795767,27.619094490795767,27.619094490795767,27.619094490795767,27.619094490795767,27.619094490795767,27.619094490795767,27.619094490795767,27.619094490795767,27.619094490795767,27.619094490795767
benchmark|QI-MRFO|50-10-bimodal-high|inst1|run23|b20000,benchmark,QI-MRFO,"50 tasks, 10 VMs, bimodal/high",50,10,bimodal,high,1,23,20000,26.029187757451126,15.69546978355057,25.10693322506205,25.106933225062054,3.6733061904528816,3.673306190452867,1.4172303676605225,19950,28.756362592309735,27.364674796466062,26.741718594493083,26.09011665193647,26.029187757451126,26.029187757451126,26.029187757451126,26.029187757451126,26.029187757451126,26.029187757451126,26.029187757451126,26.029187757451126,26.029187757451126,26.029187757451126,26.029187757451126,26.029187757451126,26.029187757451126,26.029187757451126,26.029187757451126,26.029187757451126
benchmark|QI-MRFO|50-10-bimodal-high|inst1|run24|b20000,benchmark,QI-MRFO,"50 tasks, 10 VMs, bimodal/high",50,10,bimodal,high,1,24,20000,27.29735683508133,16.02577373819621,25.10693322506205,25.106933225062054,8.724377407563153,8.724377407563138,1.4465107917785645,19950,36.90653183700425,28.816241229064868,27.29735683508133,27.29735683508133,27.29735683508133,27.29735683508133,27.29735683508133,27.29735683508133,27.29735683508133,27.29735683508133,27.29735683508133,27.29735683508133,27.29735683508133,27.29735683508133,27.29735683508133,27.29735683508133,27.29735683508133,27.29735683508133,27.29735683508133,27.29735683508133
benchmark|QI-MRFO|50-10-bimodal-high|inst1|run25|b20000,benchmark,QI-MRFO,"50 tasks, 10 VMs, bimodal/high",50,10,bimodal,high,1,25,20000,27.29735683508133,16.10292526926739,25.10693322506205,25.106933225062054,8.724377407563153,8.724377407563138,1.424558162689209,19950,31.239976668606705,28.820780261769944,27.29735683508133,27.29735683508133,27.29735683508133,27.29735683508133,27.29735683508133,27.29735683508133,27.29735683508133,27.29735683508133,27.29735683508133,27.29735683508133,27.29735683508133,27.29735683508133,27.29735683508133,27.29735683508133,27.29735683508133,27.29735683508133,27.29735683508133,27.29735683508133
benchmark|QI-MRFO|50-10-bimodal-high|inst1|run26|b20000,benchmark,QI-MRFO,"50 tasks, 10 VMs, bimodal/high",50,10,bimodal,high,1,26,20000,27.908524993344948,16.338834395519175,25.10693322506205,25.106933225062054,11.158637907581294,11.158637907581278,1.4320013523101807,19950,27.908524993344948,27.908524993344948,27.908524993344948,27.908524993344948,27.908524993344948,27.908524993344948,27.908524993344948,27.908524993344948,27.908524993344948,27.908524993344948,27.908524993344948,27.908524993344948,27.908524993344948,27.908524993344948,27.908524993344948,27.908524993344948,27.908524993344948,27.908524993344948,27.908524993344948,27.908524993344948
benchmark|QI-MRFO|50-10-bimodal-high|inst1|run27|b20000,benchmark,QI-MRFO,"50 tasks, 10 VMs, bimodal/high",50,10,bimodal,high,1,27,20000,26.469479469288345,15.736612697176732,25.10693322506205,25.106933225062054,5.426972032036887,5.426972032036873,1.4341480731964111,19950,31.75172785509988,31.120973246569477,31.120973246569477,31.120973246569477,31.120973246569477,31.120973246569477,29.848223261080815,27.665896883901684,27.26683608537494,26.469479469288345,26.469479469288345,26.469479469288345,26.469479469288345,26.469479469288345,26.469479469288345,26.469479469288345,26.469479469288345,26.469479469288345,26.469479469288345,26.469479469288345
benchmark|QI-MRFO|50-10-bimodal-high|inst1|run29|b20000,benchmark,QI-MRFO,"50 tasks, 10 VMs, bimodal/high",50,10,bimodal,high,1,29,20000,27.06024893394277,16.044878594081666,25.10693322506205,25.106933225062054,7.779985278850766,7.77998527885075,1.4308629035949707,19950,37.543035838247874,30.53254835152459,30.53254835152459,28.970639759361877,27.60846210211952,27.06024893394277,27.06024893394277,27.06024893394277,27.06024893394277,27.06024893394277,27.06024893394277,27.06024893394277,27.06024893394277,27.06024893394277,27.06024893394277,27.06024893394277,27.06024893394277,27.06024893394277,27.06024893394277,27.06024893394277
benchmark|QI-MRFO|50-10-bimodal-high|inst1|run28|b20000,benchmark,QI-MRFO,"50 tasks, 10 VMs, bimodal/high",50,10,bimodal,high,1,28,20000,27.908524993344948,16.330764275123485,25.10693322506205,25.106933225062054,11.158637907581294,11.158637907581278,1.688798189163208,19950,29.758118635547262,29.758118635547262,29.758118635547262,29.758118635547262,27.908524993344948,27.908524993344948,27.908524993344948,27.908524993344948,27.908524993344948,27.908524993344948,27.908524993344948,27.908524993344948,27.908524993344948,27.908524993344948,27.908524993344948,27.908524993344948,27.908524993344948,27.908524993344948,27.908524993344948,27.908524993344948
benchmark|QI-MRFO|100-10-uniform-high|inst1|run0|b20000,benchmark,QI-MRFO,"100 tasks, 10 VMs, uniform/high",100,10,uniform,high,1,0,20000,47.62133692022121,28.81012364751204,47.06057394079924,47.06057394079921,1.191577009084921,1.191577009084982,1.7137610912322998,19950,56.81667346905713,51.11091885486243,48.72300529052731,48.630323813536535,48.630323813536535,48.38250669810441,48.38250669810441,48.38250669810441,48.14516420350753,48.14516420350753,47.988304929368624,47.988304929368624,47.988304929368624,47.988304929368624,47.988304929368624,47.85369002310269,47.7506468951494,47.62133692022121,47.62133692022121,47.62133692022121
benchmark|QI-MRFO|100-10-uniform-high|inst1|run1|b20000,benchmark,QI-MRFO,"100 tasks, 10 VMs, uniform/high",100,10,uniform,high,1,1,20000,47.50396928841302,28.800879046815645,47.06057394079924,47.06057394079921,0.9421800681214767,0.9421800681215378,1.8548290729522705,19950,53.964293640737466,52.41266562303133,48.98135515432651,48.98135515432651,48.3724456642187,47.77109350717144,47.66071909267296,47.66071909267296,47.66071909267296,47.660233517057556,47.61476750012555,47.61476750012555,47.61476750012555,47.61476750012555,47.61476750012555,47.61476750012555,47.50396928841302,47.50396928841302,47.50396928841302,47.50396928841302
benchmark|QI-MRFO|100-10-uniform-high|inst1|run2|b20000,benchmark,QI-MRFO,"100 tasks, 10 VMs, uniform/high",100,10,uniform,high,1,2,20000,47.50762416161833,28.793970592845422,47.06057394079924,47.06057394079921,0.9499463848049731,0.9499463848050341,1.8988537788391113,19950,51.62708455153964,49.945271057733024,48.85128914383652,47.986911321846485,47.77446886266502,47.64552962969499,47.52525203435853,47.52525203435853,47.50762416161833,47.50762416161833,47.50762416161833,47.50762416161833,47.50762416161833,47.50762416161833,47.50762416161833,47.50762416161833,47.50762416161833,47.50762416161833,47.50762416161833,47.50762416161833
benchmark|QI-MRFO|100-10-uniform-high|inst1|run3|b20000,benchmark,QI-MRFO,"100 tasks, 10 VMs, uniform/high",100,10,uniform,high,1,3,20000,47.41642692290142,28.78621117313921,47.06057394079924,47.06057394079921,0.7561594606768653,0.7561594606769262,1.9693334102630615,19950,65.26541075216538,52.86795868168811,49.14121189249046,48.33098326016219,48.10800472908403,47.51668424366822,47.41642692290142,47.41642692290142,47.41642692290142,47.41642692290142,47.41642692290142,47.41642692290142,47.41642692290142,47.41642692290142,47.41642692290142,47.41642692290142,47.41642692290142,47.41642692290142,47.41642692290142,47.41642692290142
benchmark|QI-MRFO|100-10-uniform-high|inst1|run4|b20000,benchmark,QI-MRFO,"100 tasks, 10 VMs, uniform/high",100,10,uniform,high,1,4,20000,47.510281290122634,28.782907952875888,47.06057394079924,47.06057394079921,0.9555925728596405,0.9555925728597015,1.6982860565185547,19950,63.80743637531537,49.58531500929442,48.463109301498626,47.510281290122634,47.510281290122634,47.510281290122634,47.510281290122634,47.510281290122634,47.510281290122634,47.510281290122634,47.510281290122634,47.510281290122634,47.510281290122634,47.510281290122634,47.510281290122634,47.510281290122634,47.510281290122634,47.510281290122634,47.510281290122634,47.510281290122634
benchmark|QI-MRFO|100-10-uniform-high|inst1|run5|b20000,benchmark,QI-MRFO,"100 tasks, 10 VMs, uniform/high",100,10,uniform,high,1,5,20000,47.652030433692495,28.843404984890498,47.06057394079924,47.06057394079921,1.25679829922451,1.256798299224571,1.819974660873413,19950,55.633964740337355,49.86534698304754,49.058020026552875,48.42464598772255,48.01289363932506,47.652030433692495,47.652030433692495,47.652030433692495,47.652030433692495,47.652030433692495,47.652030433692495,47.652030433692495,47.652030433692495,47.652030433692495,47.652030433692495,47.652030433692495,47.652030433692495,47.652030433692495,47.652030433692495,47.652030433692495
benchmark|QI-MRFO|100-10-uniform-high|inst1|run6|b20000,benchmark,QI-MRFO,"100 tasks, 10 VMs, uniform/high",100,10,uniform,high,1,6,20000,47.835732163976594,28.862786865006473,47.06057394079924,47.06057394079921,1.647149956463519,1.6471499564635805,1.769458532333374,19950,56.79284506026089,50.620794901608065,50.318196967215954,50.318196967215954,48.6658652000259,48.6658652000259,48.6658652000259,48.6658652000259,48.6658652000259,48.20100235636568,47.835732163976594,47.835732163976594,47.835732163976594,47.835732163976594,47.835732163976594,47.835732163976594,47.835732163976594,47.835732163976594,47.835732163976594,47.835732163976594
benchmark|QI-MRFO|100-10-uniform-high|inst1|run7|b20000,benchmark,QI-MRFO,"100 tasks, 10 VMs, uniform/high",100,10,uniform,high,1,7,20000,47.72472880021564,28.811536240445317,47.06057394079924,47.06057394079921,1.4112765820745956,1.411276582074657,1.8928401470184326,19950,59.70271176079134,51.26554246299487,51.26554246299487,49.27913623245289,48.263187874860535,48.263187874860535,47.89276176443292,47.72472880021564,47.72472880021564,47.72472880021564,47.72472880021564,47.72472880021564,47.72472880021564,47.72472880021564,47.72472880021564,47.72472880021564,47.72472880021564,47.72472880021564,47.72472880021564,47.72472880021564
benchmark|QI-MRFO|100-10-uniform-high|inst1|run8|b20000,benchmark,QI-MRFO,"100 tasks, 10 VMs, uniform/high",100,10,uniform,high,1,8,20000,47.572279990016895,28.799075890765376,47.06057394079924,47.06057394079921,1.0873349098150997,1.0873349098151608,1.6907365322113037,19950,61.71140523151086,50.17706825392561,49.11551679783255,48.10609918504629,47.76537343309361,47.572279990016895,47.572279990016895,47.572279990016895,47.572279990016895,47.572279990016895,47.572279990016895,47.572279990016895,47.572279990016895,47.572279990016895,47.572279990016895,47.572279990016895,47.572279990016895,47.572279990016895,47.572279990016895,47.572279990016895
benchmark|QI-MRFO|100-10-uniform-high|inst1|run9|b20000,benchmark,QI-MRFO,"100 tasks, 10 VMs, uniform/high",100,10,uniform,high,1,9,20000,47.37859802233582,28.732425295140725,47.06057394079924,47.06057394079921,0.6757760369362462,0.675776036936307,1.7444987297058105,19950,53.56497714918371,49.265022204172155,48.32022767705307,47.78139626970112,47.668716817518,47.641549111201,47.641549111201,47.641549111201,47.641549111201,47.641549111201,47.54531053793136,47.54531053793136,47.54531053793136,47.54531053793136,47.54531053793136,47.54531053793136,47.54531053793136,47.54531053793136,47.37859802233582,47.37859802233582
benchmark|QI-MRFO|100-10-uniform-high|inst1|run10|b20000,benchmark,QI-MRFO,"100 tasks, 10 VMs, uniform/high",100,10,uniform,high,1,10,20000,47.420035019515836,28.74570418887411,47.06057394079924,47.06057394079921,0.763826380801879,0.7638263808019399,1.893038034439087,19950,51.126885769745,47.92710320096335,47.907093321294944,47.76588582575113,47.76588582575113,47.76588582575113,47.678633922307974,47.678633922307974,47.678633922307974,47.678633922307974,47.51667288569791,47.51667288569791,47.51667288569791,47.51667288569791,47.463767325685794,47.463767325685794,47.463767325685794,47.463767325685794,47.463767325685794,47.420035019515836
benchmark|QI-MRFO|100-10-uniform-high|inst1|run11|b20000,benchmark,QI-MRFO,"100 tasks, 10 VMs, uniform/high",100,10,uniform,high,1,11,20000,47.41134887060677,28.789730391070407,47.06057394079924,47.06057394079921,0.7453690009152873,0.7453690009153482,1.8517162799835205,19950,67.14979393426076,52.70798755394113,49.19553432271234,48.7689602066735,47.9393540812286,47.92034695248076,47.41134887060677,47.41134887060677,47.41134887060677,47.41134887060677,47.41134887060677,47.41134887060677,47.41134887060677,47.41134887060677,47.41134887060677,47.41134887060677,47.41134887060677,47.41134887060677,47.41134887060677,47.41134887060677
benchmark|QI-MRFO|100-10-uniform-high|inst1|run12|b20000,benchmark,QI-MRFO,"100 tasks, 10 VMs, uniform/high",100,10,uniform,high,1,12,20000,47.525714956297165,28.831825744465654,47.06057394079924,47.06057394079921,0.9883878936178309,0.9883878936178919,1.9467589855194092,19950,49.90548476206726,48.20356900020441,48.08233496882613,48.0003827693454,48.0003827693454,47.975868813010976,47.66927937687929,47.66927937687929,47.66927937687929,47.66927937687929,47.66927937687929,47.66927937687929,47.66927937687929,47.66927937687929,47.55163512549819,47.55163512549819,47.55163512549819,47.55163512549819,47.55163512549819,47.525714956297165
benchmark|QI-MRFO|100-10-uniform-high|inst1|run13|b20000,benchmark,QI-MRFO,"100 tasks, 10 VMs, uniform/high",100,10,uniform,high,1,13,20000,47.626285897730845,28.82876579754704,47.06057394079924,47.06057394079921,1.202093195130294,1.202093195130355,1.9524638652801514,19950,52.00712999529014,48.40662764910893,47.99090289747193,47.648495196490174,47.648495196490174,47.648495196490174,47.642015522229954,47.642015522229954,47.626285897730845,47.626285897730845,47.626285897730845,47.626285897730845,47.626285897730845,47.626285897730845,47.626285897730845,47.626285897730845,47.626285897730845,47.626285897730845,47.626285897730845,47.626285897730845
benchmark|QI-MRFO|100-10-uniform-high|inst1|run14|b20000,benchmark,QI-MRFO,"100 tasks, 10 VMs, uniform/high",100,10,uniform,high,1,14,20000,47.427323751193384,28.783336213235547,47.06057394079924,47.06057394079921,0.779314359522064,0.7793143595221248,1.880995273590088,19950,52.05532645175031,49.54065141640494,47.76128626319582,47.76128626319582,47.76128626319582,47.76128626319582,47.76128626319582,47.76128626319582,47.76128626319582,47.76128626319582,47.76128626319582,47.76128626319582,47.76128626319582,47.76128626319582,47.76128626319582,47.76128626319582,47.71383488596255,47.62067261918954,47.60414680244925,47.427323751193384
benchmark|QI-MRFO|100-10-uniform-high|inst1|run15|b20000,benchmark,QI-MRFO,"100 tasks, 10 VMs, uniform/high",100,10,uniform,high,1,15,20000,47.31384554533794,28.73840422362158,47.06057394079924,47.06057394079921,0.5381821412915858,0.5381821412916464,1.8759753704071045,19950,51.82359168181746,48.78893608858772,48.103335211185424,48.02685205548653,47.55009630415745,47.55009630415745,47.55009630415745,47.55009630415745,47.55009630415745,47.416821576254314,47.416821576254314,47.416821576254314,47.416821576254314,47.416821576254314,47.416821576254314,47.31384554533794,47.31384554533794,47.31384554533794,47.31384554533794,47.31384554533794
benchmark|QI-MRFO|100-10-uniform-high|inst1|run16|b20000,benchmark,QI-MRFO,"100 tasks, 10 VMs, uniform/high",100,10,uniform,high,1,16,20000,47.37597146888627,28.724963142330864,47.06057394079924,47.06057394079921,0.6701948184563009,0.6701948184563616,1.895575761795044,19950,56.778539285240484,50.5854487278253,48.347677965150666,48.32164496062739,48.121550543048784,48.121550543048784,47.83546041331815,47.70416308351395,47.59998206020334,47.59998206020334,47.59998206020334,47.37597146888627,47.37597146888627,47.37597146888627,47.37597146888627,47.37597146888627,47.37597146888627,47.37597146888627,47.37597146888627,47.37597146888627
benchmark|QI-MRFO|100-10-uniform-high|inst1|run17|b20000,benchmark,QI-MRFO,"100 tasks, 10 VMs, uniform/high",100,10,uniform,high,1,17,20000,47.69760215708598,28.82774333403702,47.06057394079924,47.06057394079921,1.3536346094888387,1.3536346094889,1.7352018356323242,19950,54.78352083176833,50.609991184906896,49.49392678287114,48.83040905173967,47.770318135414136,47.770318135414136,47.770318135414136,47.770318135414136,47.73807023265982,47.70660078306525,47.70660078306525,47.70660078306525,47.70660078306525,47.70660078306525,47.70660078306525,47.70660078306525,47.70660078306525,47.70660078306525,47.70660078306525,47.69760215708598
benchmark|QI-MRFO|100-10-uniform-high|inst1|run18|b20000,benchmark,QI-MRFO,"100 tasks, 10 VMs, uniform/high",100,10,uniform,high,1,18,20000,47.48793056176049,28.819420197689933,47.06057394079924,47.06057394079921,0.9080990416709684,0.9080990416710294,1.8577916622161865,19950,56.816265506370655,50.487852132702415,49.79800570044269,47.961852148920656,47.7764065610749,47.736085147176,47.48793056176049,47.48793056176049,47.48793056176049,47.48793056176049,47.48793056176049,47.48793056176049,47.48793056176049,47.48793056176049,47.48793056176049,47.48793056176049,47.48793056176049,47.48793056176049,47.48793056176049,47.48793056176049
benchmark|QI-MRFO|100-10-uniform-high|inst1|run19|b20000,benchmark,QI-MRFO,"100 tasks, 10 VMs, uniform/high",100,10,uniform,high,1,19,20000,48.508860854834296,28.931906361464012,47.06057394079924,47.06057394079921,3.077495221067553,3.077495221067615,1.8878693580627441,19950,54.82105765368151,52.7417614425221,50.21346345727534,48.641860495071285,48.641860495071285,48.641860495071285,48.641860495071285,48.641860495071285,48.641860495071285,48.641860495071285,48.641860495071285,48.641860495071285,48.641860495071285,48.641860495071285,48.641860495071285,48.641860495071285,48.641860495071285,48.641860495071285,48.508860854834296,48.508860854834296
benchmark|QI-MRFO|100-10-uniform-high|inst1|run20|b20000,benchmark,QI-MRFO,"100 tasks, 10 VMs, uniform/high",100,10,uniform,high,1,20,20000,47.70526316688742,28.818505610868577,47.06057394079924,47.06057394079921,1.3699136497977729,1.3699136497978341,1.8134229183197021,19950,58.882356201969095,50.358419251796,48.293417755990696,48.293417755990696,48.293417755990696,48.293417755990696,48.293417755990696,47.70526316688742,47.70526316688742,47.70526316688742,47.70526316688742,47.70526316688742,47.70526316688742,47.70526316688742,47.70526316688742,47.70526316688742,47.70526316688742,47.70526316688742,47.70526316688742,47.70526316688742
benchmark|QI-MRFO|100-10-uniform-high|inst1|run21|b20000,benchmark,QI-MRFO,"100 tasks, 10 VMs, uniform/high",100,10,uniform,high,1,21,20000,47.3983218998112,28.775919837094843,47.06057394079924,47.06057394079921,0.7176877176144091,0.7176877176144699,1.8525242805480957,19950,57.397074677398166,49.05066438005818,48.361935781932985,48.15472353943467,48.15472353943467,48.04677497895141,47.798830824228745,47.798830824228745,47.68024670714366,47.662358214979555,47.662358214979555,47.662358214979555,47.662358214979555,47.662358214979555,47.662358214979555,47.662358214979555,47.414642882007065,47.3983218998112,47.3983218998112,47.3983218998112
benchmark|QI-MRFO|100-10-uniform-high|inst1|run22|b20000,benchmark,QI-MRFO,"100 tasks, 10 VMs, uniform/high",100,10,uniform,high,1,22,20000,47.53572953146988,28.81849551618185,47.06057394079924,47.06057394079921,1.0096680743171065,1.0096680743171675,1.824150562286377,19950,57.73154053658502,52.307393805307754,52.307393805307754,48.664841348980175,48.11083945327068,47.868730541705595,47.868730541705595,47.868730541705595,47.868730541705595,47.84727884919368,47.84727884919368,47.84727884919368,47.84727884919368,47.84727884919368,47.84727884919368,47.84727884919368,47.84727884919368,47.72919765331917,47.66062414373255,47.53572953146988
benchmark|QI-MRFO|100-10-uniform-high|inst1|run23|b20000,benchmark,QI-MRFO,"100 tasks, 10 VMs, uniform/high",100,10,uniform,high,1,23,20000,47.52266532562199,28.81258508163806,47.06057394079924,47.06057394079921,0.9819076694730768,0.9819076694731378,1.795058250427246,19950,50.83185717783405,48.69636545947724,48.22966357433529,48.22966357433529,48.15035912163178,47.598266182139675,47.52266532562199,47.52266532562199,47.52266532562199,47.52266532562199,47.52266532562199,47.52266532562199,47.52266532562199,47.52266532562199,47.52266532562199,47.52266532562199,47.52266532562199,47.52266532562199,47.52266532562199,47.52266532562199
benchmark|QI-MRFO|100-10-uniform-high|inst1|run24|b20000,benchmark,QI-MRFO,"100 tasks, 10 VMs, uniform/high",100,10,uniform,high,1,24,20000,47.46747317298515,28.771674522486375,47.06057394079924,47.06057394079921,0.8646287074564389,0.8646287074564999,1.8327436447143555,19950,52.73822127655988,48.07994485670442,47.85309308393875,47.85309308393875,47.67864196821672,47.46747317298515,47.46747317298515,47.46747317298515,47.46747317298515,47.46747317298515,47.46747317298515,47.46747317298515,47.46747317298515,47.46747317298515,47.46747317298515,47.46747317298515,47.46747317298515,47.46747317298515,47.46747317298515,47.46747317298515
benchmark|QI-MRFO|100-10-uniform-high|inst1|run25|b20000,benchmark,QI-MRFO,"100 tasks, 10 VMs, uniform/high",100,10,uniform,high,1,25,20000,47.89904161537025,28.870011932153353,47.06057394079924,47.06057394079921,1.78167753675461,1.7816775367546716,1.818826675415039,19950,65.18845963272206,52.61773490404672,48.58649104011982,48.1727269496393,48.1727269496393,47.89904161537025,47.89904161537025,47.89904161537025,47.89904161537025,47.89904161537025,47.89904161537025,47.89904161537025,47.89904161537025,47.89904161537025,47.89904161537025,47.89904161537025,47.89904161537025,47.89904161537025,47.89904161537025,47.89904161537025
benchmark|QI-MRFO|100-10-uniform-high|inst1|run26|b20000,benchmark,QI-MRFO,"100 tasks, 10 VMs, uniform/high",100,10,uniform,high,1,26,20000,47.612330490349876,28.849502889777206,47.06057394079924,47.06057394079921,1.1724390574682149,1.172439057468276,1.8340041637420654,19950,51.198488886562814,50.26950648382312,48.94085383490699,47.94290180562005,47.94290180562005,47.94290180562005,47.94290180562005,47.94290180562005,47.94290180562005,47.94290180562005,47.94290180562005,47.94290180562005,47.94290180562005,47.94290180562005,47.94290180562005,47.94290180562005,47.86622065779067,47.86622065779067,47.86622065779067,47.612330490349876
benchmark|QI-MRFO|100-10-uniform-high|inst1|run27|b20000,benchmark,QI-MRFO,"100 tasks, 10 VMs, uniform/high",100,10,uniform,high,1,27,20000,47.39075755490108,28.752545104872926,47.06057394079924,47.06057394079921,0.7016140825592186,0.7016140825592794,1.814326524734497,19950,54.29576813464323,48.80357871205505,48.15820461758353,48.0448832239188,47.77382792160348,47.76547530979747,47.76547530979747,47.51011643290351,47.51011643290351,47.51011643290351,47.39075755490108,47.39075755490108,47.39075755490108,47.39075755490108,47.39075755490108,47.39075755490108,47.39075755490108,47.39075755490108,47.39075755490108,47.39075755490108
benchmark|QI-MRFO|100-10-uniform-high|inst1|run28|b20000,benchmark,QI-MRFO,"100 tasks, 10 VMs, uniform/high",100,10,uniform,high,1,28,20000,48.01653876333877,28.88692566282461,47.06057394079924,47.06057394079921,2.0313496893219143,2.0313496893219756,1.8552873134613037,19950,66.74776688157986,53.05713607875031,50.71085070142628,49.731710898381294,48.8101041577529,48.8101041577529,48.48394544127624,48.01653876333877,48.01653876333877,48.01653876333877,48.01653876333877,48.01653876333877,48.01653876333877,48.01653876333877,48.01653876333877,48.01653876333877,48.01653876333877,48.01653876333877,48.01653876333877,48.01653876333877
benchmark|QI-MRFO|100-10-uniform-high|inst1|run29|b20000,benchmark,QI-MRFO,"100 tasks, 10 VMs, uniform/high",100,10,uniform,high,1,29,20000,47.59504241859594,28.833155172977744,47.06057394079924,47.06057394079921,1.1357032714242825,1.1357032714243436,1.8424782752990723,19950,52.47830828582137,48.496640977197444,48.104147882530235,48.104147882530235,48.104147882530235,48.104147882530235,48.104147882530235,48.104147882530235,48.104147882530235,48.02899383825419,47.60726679616744,47.59504241859594,47.59504241859594,47.59504241859594,47.59504241859594,47.59504241859594,47.59504241859594,47.59504241859594,47.59504241859594,47.59504241859594
benchmark|QI-MRFO|50-10-uniform-none|inst1|run0|b20000,benchmark,QI-MRFO,"50 tasks, 10 VMs, uniform/none",50,10,uniform,none,1,0,20000,29.329299610311175,16.084685166155705,28.387133832233918,28.387133832233918,3.3189887490769387,3.3189887490769387,1.4649138450622559,19950,30.722058045589538,29.56897546272877,29.56897546272877,29.56897546272877,29.56897546272877,29.56897546272877,29.56897546272877,29.56897546272877,29.56897546272877,29.56897546272877,29.56897546272877,29.56897546272877,29.44276044639134,29.44276044639134,29.424347227633007,29.329299610311175,29.329299610311175,29.329299610311175,29.329299610311175,29.329299610311175
benchmark|QI-MRFO|50-10-uniform-none|inst1|run1|b20000,benchmark,QI-MRFO,"50 tasks, 10 VMs, uniform/none",50,10,uniform,none,1,1,20000,29.256102544373473,16.060286144176473,28.387133832233918,28.387133832233918,3.061135785229684,3.061135785229684,1.485227346420288,19950,30.357954557236667,29.256102544373473,29.256102544373473,29.256102544373473,29.256102544373473,29.256102544373473,29.256102544373473,29.256102544373473,29.256102544373473,29.256102544373473,29.256102544373473,29.256102544373473,29.256102544373473,29.256102544373473,29.256102544373473,29.256102544373473,29.256102544373473,29.256102544373473,29.256102544373473,29.256102544373473
benchmark|QI-MRFO|50-10-uniform-none|inst1|run2|b20000,benchmark,QI-MRFO,"50 tasks, 10 VMs, uniform/none",50,10,uniform,none,1,2,20000,29.27976761244833,16.068174500201426,28.387133832233918,28.387133832233918,3.144501257118174,3.144501257118174,1.4402246475219727,19950,30.890555984782225,30.890555984782225,29.932529167491225,29.932529167491225,29.27976761244833,29.27976761244833,29.27976761244833,29.27976761244833,29.27976761244833,29.27976761244833,29.27976761244833,29.27976761244833,29.27976761244833,29.27976761244833,29.27976761244833,29.27976761244833,29.27976761244833,29.27976761244833,29.27976761244833,29.27976761244833
benchmark|QI-MRFO|50-10-uniform-none|inst1|run3|b20000,benchmark,QI-MRFO,"50 tasks, 10 VMs, uniform/none",50,10,uniform,none,1,3,20000,29.382120421055546,16.102292103070496,28.387133832233918,28.387133832233918,3.5050618167439294,3.5050618167439294,1.3698503971099854,19950,31.629510518288807,29.742035973087145,29.698138804355942,29.698138804355942,29.698138804355942,29.698138804355942,29.698138804355942,29.698138804355942,29.698138804355942,29.61057576668151,29.382120421055546,29.382120421055546,29.382120421055546,29.382120421055546,29.382120421055546,29.382120421055546,29.382120421055546,29.382120421055546,29.382120421055546,29.382120421055546
benchmark|QI-MRFO|50-10-uniform-none|inst1|run4|b20000,benchmark,QI-MRFO,"50 tasks, 10 VMs, uniform/none",50,10,uniform,none,1,4,20000,28.873853196420242,15.932869694858727,28.387133832233918,28.387133832233918,1.7145773400823197,1.7145773400823197,1.5200026035308838,19950,28.97611310408519,28.97611310408519,28.928646692616873,28.928646692616873,28.928646692616873,28.928646692616873,28.928646692616873,28.928646692616873,28.928646692616873,28.928646692616873,28.928646692616873,28.928646692616873,28.89478488502897,28.89478488502897,28.89478488502897,28.873853196420242,28.873853196420242,28.873853196420242,28.873853196420242,28.873853196420242
benchmark|QI-MRFO|50-10-uniform-none|inst1|run5|b20000,benchmark,QI-MRFO,"50 tasks, 10 VMs, uniform/none",50,10,uniform,none,1,5,20000,29.127251558726815,16.017335815627586,28.387133832233918,28.387133832233918,2.607229496528055,2.607229496528055,1.372981071472168,19950,29.904011693357027,29.904011693357027,29.904011693357027,29.904011693357027,29.904011693357027,29.904011693357027,29.904011693357027,29.904011693357027,29.904011693357027,29.904011693357027,29.904011693357027,29.749495761414256,29.37981138021867,29.15437952606233,29.15437952606233,29.127251558726815,29.127251558726815,29.127251558726815,29.127251558726815,29.127251558726815
benchmark|QI-MRFO|50-10-uniform-none|inst1|run6|b20000,benchmark,QI-MRFO,"50 tasks, 10 VMs, uniform/none",50,10,uniform,none,1,6,20000,29.289336714992366,16.071364201049438,28.387133832233918,28.387133832233918,3.178210551619645,3.178210551619645,1.4460334777832031,19950,30.569342089553587,30.569342089553587,30.569342089553587,30.569342089553587,30.569342089553587,30.569342089553587,30.569342089553587,30.569342089553587,29.99875811361195,29.289336714992366,29.289336714992366,29.289336714992366,29.289336714992366,29.289336714992366,29.289336714992366,29.289336714992366,29.289336714992366,29.289336714992366,29.289336714992366,29.289336714992366
benchmark|QI-MRFO|50-10-uniform-none|inst1|run7|b20000,benchmark,QI-MRFO,"50 tasks, 10 VMs, uniform/none",50,10,uniform,none,1,7,20000,29.14110068236871,16.021952190174883,28.387133832233918,28.387133832233918,2.65601611839605,2.65601611839605,1.4301962852478027,19950,30.43952956735333,29.917767009146065,29.574388336089214,29.292244489142035,29.292244489142035,29.292244489142035,29.292244489142035,29.292244489142035,29.292244489142035,29.292244489142035,29.292244489142035,29.292244489142035,29.292244489142035,29.292244489142035,29.292244489142035,29.292244489142035,29.14110068236871,29.14110068236871,29.14110068236871,29.14110068236871
benchmark|QI-MRFO|50-10-uniform-none|inst1|run8|b20000,benchmark,QI-MRFO,"50 tasks, 10 VMs, uniform/none",50,10,uniform,none,1,8,20000,29.165565660305543,16.030107182820494,28.387133832233918,28.387133832233918,2.742199450892455,2.742199450892455,1.4522109031677246,19950,31.338427047800373,29.811895925614998,29.51903067383388,29.51903067383388,29.51903067383388,29.51903067383388,29.51903067383388,29.51903067383388,29.51903067383388,29.51903067383388,29.51903067383388,29.51903067383388,29.51903067383388,29.48086857062745,29.473256413482133,29.187174034754133,29.187174034754133,29.165565660305543,29.165565660305543,29.165565660305543
benchmark|QI-MRFO|50-10-uniform-none|inst1|run9|b20000,benchmark,QI-MRFO,"50 tasks, 10 VMs, uniform/none",50,10,uniform,none,1,9,20000,29.27537563253028,16.066710506895408,28.387133832233918,28.387133832233918,3.1290295298772093,3.1290295298772093,1.4132630825042725,19950,31.269776280893485,30.30500167397962,30.30500167397962,29.435538798738573,29.435538798738573,29.435538798738573,29.435538798738573,29.435538798738573,29.435538798738573,29.27537563253028,29.27537563253028,29.27537563253028,29.27537563253028,29.27537563253028,29.27537563253028,29.27537563253028,29.27537563253028,29.27537563253028,29.27537563253028,29.27537563253028
benchmark|QI-MRFO|50-10-uniform-none|inst1|run10|b20000,benchmark,QI-MRFO,"50 tasks, 10 VMs, uniform/none",50,10,uniform,none,1,10,20000,29.237305229228195,16.05402037246138,28.387133832233918,28.387133832233918,2.994918056957542,2.994918056957542,1.4369268417358398,19950,29.67920226572706,29.67920226572706,29.67920226572706,29.67920226572706,29.67920226572706,29.67920226572706,29.459278853201653,29.29242480865056,29.29242480865056,29.29242480865056,29.29242480865056,29.29242480865056,29.237305229228195,29.237305229228195,29.237305229228195,29.237305229228195,29.237305229228195,29.237305229228195,29.237305229228195,29.237305229228195
benchmark|QI-MRFO|50-10-uniform-none|inst1|run11|b20000,benchmark,QI-MRFO,"50 tasks, 10 VMs, uniform/none",50,10,uniform,none,1,11,20000,29.269299368146278,16.06468508543407,28.387133832233918,28.387133832233918,3.1076245355586103,3.1076245355586103,1.4147000312805176,19950,30.021918168862225,29.878531005919747,29.878531005919747,29.604233928050427,29.394917111244666,29.269299368146278,29.269299368146278,29.269299368146278,29.269299368146278,29.269299368146278,29.269299368146278,29.269299368146278,29.269299368146278,29.269299368146278,29.269299368146278,29.269299368146278,29.269299368146278,29.269299368146278,29.269299368146278,29.269299368146278
benchmark|QI-MRFO|50-10-uniform-none|inst1|run12|b20000,benchmark,QI-MRFO,"50 tasks, 10 VMs, uniform/none",50,10,uniform,none,1,12,20000,29.22695433506232,16.05057007440609,28.387133832233918,28.387133832233918,2.9584547273834905,2.9584547273834905,1.4657137393951416,19950,31.332092775869,30.90432415719192,30.064936948067558,30.064936948067558,30.064936948067558,29.22695433506232,29.22695433506232,29.22695433506232,29.22695433506232,29.22695433506232,29.22695433506232,29.22695433506232,29.22695433506232,29.22695433506232,29.22695433506232,29.22695433506232,29.22695433506232,29.22695433506232,29.22695433506232,29.22695433506232
benchmark|QI-MRFO|50-10-uniform-none|inst1|run13|b20000,benchmark,QI-MRFO,"50 tasks, 10 VMs, uniform/none",50,10,uniform,none,1,13,20000,29.366912550797878,16.097222812984604,28.387133832233918,28.387133832233918,3.451488707364355,3.451488707364355,1.4890892505645752,19950,32.25332542509109,30.52122394626732,30.124356390120816,29.875212296862088,29.590695738512174,29.590695738512174,29.590695738512174,29.366912550797878,29.366912550797878,29.366912550797878,29.366912550797878,29.366912550797878,29.366912550797878,29.366912550797878,29.366912550797878,29.366912550797878,29.366912550797878,29.366912550797878,29.366912550797878,29.366912550797878
benchmark|QI-MRFO|50-10-uniform-none|inst1|run14|b20000,benchmark,QI-MRFO,"50 tasks, 10 VMs, uniform/none",50,10,uniform,none,1,14,20000,29.28445700557811,16.069737631244685,28.387133832233918,28.387133832233918,3.161020688623625,3.161020688623625,1.4344706535339355,19950,30.327930388338192,30.216023781361887,29.815282268269083,29.422004027405155,29.422004027405155,29.28445700557811,29.28445700557811,29.28445700557811,29.28445700557811,29.28445700557811,29.28445700557811,29.28445700557811,29.28445700557811,29.28445700557811,29.28445700557811,29.28445700557811,29.28445700557811,29.28445700557811,29.28445700557811,29.28445700557811
benchmark|QI-MRFO|50-10-uniform-none|inst1|run15|b20000,benchmark,QI-MRFO,"50 tasks, 10 VMs, uniform/none",50,10,uniform,none,1,15,20000,29.518786653618037,16.147847513924663,28.387133832233918,28.387133832233918,3.986499052958682,3.986499052958682,1.5220398902893066,19950,30.541654790211773,30.186396231749608,29.782549403787698,29.518786653618037,29.518786653618037,29.518786653618037,29.518786653618037,29.518786653618037,29.518786653618037,29.518786653618037,29.518786653618037,29.518786653618037,29.518786653618037,29.518786653618037,29.518786653618037,29.518786653618037,29.518786653618037,29.518786653618037,29.518786653618037,29.518786653618037
benchmark|QI-MRFO|50-10-uniform-none|inst1|run17|b20000,benchmark,QI-MRFO,"50 tasks, 10 VMs, uniform/none",50,10,uniform,none,1,17,20000,29.498904072860604,16.141219987005513,28.387133832233918,28.387133832233918,3.9164582349073176,3.9164582349073176,1.42506742477417,19950,30.40965344407924,30.111651239574677,29.498904072860604,29.498904072860604,29.498904072860604,29.498904072860604,29.498904072860604,29.498904072860604,29.498904072860604,29.498904072860604,29.498904072860604,29.498904072860604,29.498904072860604,29.498904072860604,29.498904072860604,29.498904072860604,29.498904072860604,29.498904072860604,29.498904072860604,29.498904072860604
benchmark|QI-MRFO|50-10-uniform-none|inst1|run16|b20000,benchmark,QI-MRFO,"50 tasks, 10 VMs, uniform/none",50,10,uniform,none,1,16,20000,28.902233850395575,15.942329912850504,28.387133832233918,28.387133832233918,1.8145545133434902,1.8145545133434902,1.588397741317749,19950,31.671930614826756,29.96189944451325,29.41281597373479,29.161512156996892,29.04422558666045,29.04422558666045,29.04422558666045,28.99758637471471,28.99758637471471,28.954775791038344,28.954775791038344,28.954775791038344,28.954775791038344,28.912494949224165,28.912494949224165,28.902233850395575,28.902233850395575,28.902233850395575,28.902233850395575,28.902233850395575
benchmark|QI-MRFO|50-10-uniform-none|inst1|run18|b20000,benchmark,QI-MRFO,"50 tasks, 10 VMs, uniform/none",50,10,uniform,none,1,18,20000,29.51914523220438,16.147967040120108,28.387133832233918,28.387133832233918,3.9877622258751972,3.9877622258751972,1.4168424606323242,19950,29.71465101741574,29.71465101741574,29.71465101741574,29.71465101741574,29.71465101741574,29.71465101741574,29.71465101741574,29.71465101741574,29.71465101741574,29.71465101741574,29.71465101741574,29.71465101741574,29.71465101741574,29.71465101741574,29.71465101741574,29.51914523220438,29.51914523220438,29.51914523220438,29.51914523220438,29.51914523220438
benchmark|QI-MRFO|50-10-uniform-none|inst1|run19|b20000,benchmark,QI-MRFO,"50 tasks, 10 VMs, uniform/none",50,10,uniform,none,1,19,20000,29.27689480280266,16.0672168969862,28.387133832233918,28.387133832233918,3.134381145441344,3.134381145441344,1.4427998065948486,19950,30.33929686263123,30.10183005952823,30.10183005952823,30.0372434672912,29.457949016883823,29.457949016883823,29.457949016883823,29.457949016883823,29.409248403739216,29.409248403739216,29.409248403739216,29.409248403739216,29.409248403739216,29.409248403739216,29.409248403739216,29.348064294253025,29.27689480280266,29.27689480280266,29.27689480280266,29.27689480280266
benchmark|QI-MRFO|50-10-uniform-none|inst1|run20|b20000,benchmark,QI-MRFO,"50 tasks, 10 VMs, uniform/none",50,10,uniform,none,1,20,20000,28.83486788784336,15.919874591999767,28.387133832233918,28.387133832233918,1.5772429096065836,1.5772429096065836,1.4276149272918701,19950,30.70301480057449,30.186400774849638,30.06306279851002,29.633546364829197,29.01996327737283,29.01996327737283,29.01996327737283,29.01996327737283,29.01996327737283,29.01996327737283,29.01996327737283,29.01996327737283,29.01996327737283,29.01996327737283,29.01996327737283,29.01996327737283,29.01996327737283,29.01996327737283,28.83486788784336,28.83486788784336
benchmark|QI-MRFO|50-10-uniform-none|inst1|run21|b20000,benchmark,QI-MRFO,"50 tasks, 10 VMs, uniform/none",50,10,uniform,none,1,21,20000,29.408649245899827,16.11113504468526,28.387133832233918,28.387133832233918,3.598515509536813,3.598515509536813,1.5018081665039062,19950,30.592839502255742,29.738368694808162,29.695582750925713,29.633021447841763,29.633021447841763,29.633021447841763,29.633021447841763,29.633021447841763,29.633021447841763,29.633021447841763,29.633021447841763,29.633021447841763,29.633021447841763,29.633021447841763,29.633021447841763,29.633021447841763,29.633021447841763,29.633021447841763,29.60045721005464,29.408649245899827
benchmark|QI-MRFO|50-10-uniform-none|inst1|run22|b20000,benchmark,QI-MRFO,"50 tasks, 10 VMs, uniform/none",50,10,uniform,none,1,22,20000,29.62495247001243,16.18323611938946,28.387133832233918,28.387133832233918,4.360491781572383,4.360491781572383,1.4709501266479492,19950,31.54946784854764,30.685862288243765,30.685862288243765,30.618739952545273,30.618739952545273,30.618739952545273,30.618739952545273,30.618739952545273,30.618739952545273,30.618739952545273,30.618739952545273,30.420067403502678,30.420067403502678,30.420067403502678,30.420067403502678,30.420067403502678,30.420067403502678,30.209291239154975,30.209291239154975,29.62495247001243
benchmark|QI-MRFO|50-10-uniform-none|inst1|run23|b20000,benchmark,QI-MRFO,"50 tasks, 10 VMs, uniform/none",50,10,uniform,none,1,23,20000,29.126746767429747,16.0171675518619,28.387133832233918,28.387133832233918,2.6054512567802472,2.6054512567802472,1.5530188083648682,19950,30.668896419862747,29.84488150847298,29.84488150847298,29.84488150847298,29.84488150847298,29.84488150847298,29.84488150847298,29.84488150847298,29.84488150847298,29.84488150847298,29.40477669352067,29.30986701024462,29.14463532275909,29.126746767429747,29.126746767429747,29.126746767429747,29.126746767429747,29.126746767429747,29.126746767429747,29.126746767429747
benchmark|QI-MRFO|50-10-uniform-none|inst1|run24|b20000,benchmark,QI-MRFO,"50 tasks, 10 VMs, uniform/none",50,10,uniform,none,1,24,20000,28.6624646302315,15.862406839462482,28.387133832233918,28.387133832233918,0.9699140449499755,0.9699140449499755,1.383044719696045,19950,31.01070926673317,30.13776112293077,30.13776112293077,29.983696783405573,29.836755704677593,29.836755704677593,29.836755704677593,29.62438884755263,29.62438884755263,29.168034399900677,29.168034399900677,29.168034399900677,28.6624646302315,28.6624646302315,28.6624646302315,28.6624646302315,28.6624646302315,28.6624646302315,28.6624646302315,28.6624646302315
benchmark|QI-MRFO|50-10-uniform-none|inst1|run25|b20000,benchmark,QI-MRFO,"50 tasks, 10 VMs, uniform/none",50,10,uniform,none,1,25,20000,29.733114912739772,16.219290266965235,28.387133832233918,28.387133832233918,4.741518071040611,4.741518071040611,1.4861085414886475,19950,31.447401847307166,30.004301937297537,29.924715985167058,29.79075338733393,29.79075338733393,29.79075338733393,29.79075338733393,29.79075338733393,29.79075338733393,29.79075338733393,29.733114912739772,29.733114912739772,29.733114912739772,29.733114912739772,29.733114912739772,29.733114912739772,29.733114912739772,29.733114912739772,29.733114912739772,29.733114912739772
benchmark|QI-MRFO|50-10-uniform-none|inst1|run26|b20000,benchmark,QI-MRFO,"50 tasks, 10 VMs, uniform/none",50,10,uniform,none,1,26,20000,29.342371430371934,16.089042439509292,28.387133832233918,28.387133832233918,3.3650371459951076,3.3650371459951076,1.4361481666564941,19950,31.246489047429133,30.660697741405304,29.563903609019352,29.435317048366407,29.435317048366407,29.435317048366407,29.435317048366407,29.435317048366407,29.435317048366407,29.435317048366407,29.435317048366407,29.342371430371934,29.342371430371934,29.342371430371934,29.342371430371934,29.342371430371934,29.342371430371934,29.342371430371934,29.342371430371934,29.342371430371934
benchmark|QI-MRFO|50-10-uniform-none|inst1|run27|b20000,benchmark,QI-MRFO,"50 tasks, 10 VMs, uniform/none",50,10,uniform,none,1,27,20000,29.474378605806486,16.13304483132081,28.387133832233918,28.387133832233918,3.830061816025924,3.830061816025924,1.401014804840088,19950,30.77494241038663,30.330947992758723,29.52691039119901,29.52691039119901,29.52691039119901,29.52691039119901,29.52691039119901,29.52691039119901,29.52691039119901,29.52691039119901,29.52691039119901,29.52691039119901,29.52691039119901,29.52691039119901,29.52691039119901,29.474378605806486,29.474378605806486,29.474378605806486,29.474378605806486,29.474378605806486
benchmark|QI-MRFO|50-10-uniform-none|inst1|run28|b20000,benchmark,QI-MRFO,"50 tasks, 10 VMs, uniform/none",50,10,uniform,none,1,28,20000,29.435263146073748,16.12000634474323,28.387133832233918,28.387133832233918,3.6922688991224155,3.6922688991224155,1.3655762672424316,19950,30.81154207039321,30.17367336180041,29.7096410331465,29.544503265673086,29.48172588273833,29.48172588273833,29.48172588273833,29.48172588273833,29.48172588273833,29.48172588273833,29.48172588273833,29.48172588273833,29.48172588273833,29.48172588273833,29.48172588273833,29.435263146073748,29.435263146073748,29.435263146073748,29.435263146073748,29.435263146073748
benchmark|QI-MRFO|50-10-uniform-none|inst1|run29|b20000,benchmark,QI-MRFO,"50 tasks, 10 VMs, uniform/none",50,10,uniform,none,1,29,20000,29.47804786183346,16.134267916663134,28.387133832233918,28.387133832233918,3.842987587428769,3.842987587428769,1.451780080795288,19950,31.406997402516886,29.656855107621976,29.47804786183346,29.47804786183346,29.47804786183346,29.47804786183346,29.47804786183346,29.47804786183346,29.47804786183346,29.47804786183346,29.47804786183346,29.47804786183346,29.47804786183346,29.47804786183346,29.47804786183346,29.47804786183346,29.47804786183346,29.47804786183346,29.47804786183346,29.47804786183346
benchmark|QI-MRFO|200-20-uniform-high|inst1|run0|b20000,benchmark,QI-MRFO,"200 tasks, 20 VMs, uniform/high",200,20,uniform,high,1,0,20000,62.2297458713948,65.43615457576513,60.831838850240715,60.831838850240764,2.2979858041042127,2.2979858041041292,3.2383389472961426,19950,115.46306164453614,100.72771025693226,90.36451182661922,88.29684819536202,76.09881919925385,71.16187814863943,69.7486265585485,66.00220618133295,65.9158026254032,65.64510090721254,65.4568773441434,64.39089264379058,63.04045917670227,63.04045917670227,62.91542794981047,62.629866893337436,62.5398824577583,62.34274514887258,62.2297458713948,62.2297458713948
benchmark|QI-MRFO|200-20-uniform-high|inst1|run1|b20000,benchmark,QI-MRFO,"200 tasks, 20 VMs, uniform/high",200,20,uniform,high,1,1,20000,62.10273363794194,65.35880328151082,60.831838850240715,60.831838850240764,2.089193441661339,2.0891934416612554,3.3284912109375,19950,132.5840967188563,98.19725403367434,85.38274861840148,79.58643013200144,71.20945451992174,70.47874976004645,68.77893413096874,68.77893413096874,68.77893413096874,67.38871338684231,67.08280276736784,66.38653022783237,64.03038185571816,63.50149545742108,62.71531610668241,62.10273363794194,62.10273363794194,62.10273363794194,62.10273363794194,62.10273363794194
benchmark|QI-MRFO|200-20-uniform-high|inst1|run2|b20000,benchmark,QI-MRFO,"200 tasks, 20 VMs, uniform/high",200,20,uniform,high,1,2,20000,62.874357533457975,65.67408732287853,60.831838850240715,60.831838850240764,3.357647445518865,3.3576474455187806,3.263563871383667,19950,107.03899054830549,96.96565119224346,91.6171607561907,83.3691850530583,72.93587039228176,68.10675446122725,68.10675446122725,67.9294203917242,67.72376109549697,67.0519321949724,66.34940831283667,65.788632517123,64.7470901507948,64.7470901507948,64.7470901507948,63.82040215367558,63.10483132317674,63.10483132317674,63.101246952718036,62.874357533457975
benchmark|QI-MRFO|200-20-uniform-high|inst1|run3|b20000,benchmark,QI-MRFO,"200 tasks, 20 VMs, uniform/high",200,20,uniform,high,1,3,20000,61.935232852328966,65.28646335146759,60.831838850240715,60.831838850240764,1.8138429199956445,1.8138429199955612,3.2544798851013184,19950,109.46567749811285,90.60727183251862,77.76635806792575,75.51476137363423,72.01354484841961,70.28251594996743,67.4240831667411,66.98022034095045,66.6876231926451,66.35965491544016,64.02845769420807,63.58455320777689,63.18751715438222,62.94004690518583,62.39606741010603,62.39107610709461,62.180854415672954,61.935232852328966,61.935232852328966,61.935232852328966
benchmark|QI-MRFO|200-20-uniform-high|inst1|run4|b20000,benchmark,QI-MRFO,"200 tasks, 20 VMs, uniform/high",200,20,uniform,high,1,4,20000,61.90131950460245,65.17190998481281,60.831838850240715,60.831838850240764,1.7580935815447591,1.7580935815446759,3.2290735244750977,19950,97.87509369766569,86.65076841030192,75.39854152498644,72.25385040627367,69.52848045522995,65.78976778762366,65.01232963250378,62.86528197723169,62.83851522129487,62.82859019640422,62.587128185875656,62.52836446714937,62.44802752899857,62.42613847110143,62.42613847110143,61.90131950460245,61.90131950460245,61.90131950460245,61.90131950460245,61.90131950460245
benchmark|QI-MRFO|200-20-uniform-high|inst1|run5|b20000,benchmark,QI-MRFO,"200 tasks, 20 VMs, uniform/high",200,20,uniform,high,1,5,20000,62.11541937020067,65.46074124428587,60.831838850240715,60.831838850240764,2.110047212480205,2.1100472124801217,3.2888996601104736,19950,111.89944631500501,99.93166823337268,82.99705539857212,73.26339332058707,69.16281376542354,67.24396061645238,65.39201359322804,65.38797374198448,64.44642209331272,63.571994566464156,63.571994566464156,62.97185772603322,62.736862369888584,62.40867317446887,62.30721680815091,62.11541937020067,62.11541937020067,62.11541937020067,62.11541937020067,62.11541937020067
benchmark|QI-MRFO|200-20-uniform-high|inst1|run6|b20000,benchmark,QI-MRFO,"200 tasks, 20 VMs, uniform/high",200,20,uniform,high,1,6,20000,62.16777999839586,65.30432225988167,60.831838850240715,60.831838850240764,2.1961215925825277,2.196121592582444,3.3306970596313477,19950,119.19405056550109,103.11245072335397,89.62859153388649,84.65051115771648,77.40134827415879,70.60818020045276,69.07015901447588,68.12118418092712,67.72703657030011,66.01998080493901,65.55354180193618,65.07915559329538,64.50381040208038,63.74099493742829,62.37756497547512,62.16777999839586,62.16777999839586,62.16777999839586,62.16777999839586,62.16777999839586
benchmark|QI-MRFO|200-20-uniform-high|inst1|run7|b20000,benchmark,QI-MRFO,"200 tasks, 20 VMs, uniform/high",200,20,uniform,high,1,7,20000,61.991696204161315,65.15584506246522,60.831838850240715,60.831838850240764,1.9066616690250036,1.90666166902492,3.3030879497528076,19950,122.7645111608299,103.07613403579312,81.62124117279728,70.60845117870336,67.58803699914505,66.30612859786464,65.70304232269682,64.6417671513169,63.44942747375607,63.065437512153366,62.771524862344435,62.771524862344435,62.50197237266183,62.50197237266183,62.50197237266183,62.19024573323408,62.10060203386735,61.991696204161315,61.991696204161315,61.991696204161315
benchmark|QI-MRFO|200-20-uniform-high|inst1|run8|b20000,benchmark,QI-MRFO,"200 tasks, 20 VMs, uniform/high",200,20,uniform,high,1,8,20000,64.27191054511101,66.75660961979175,60.831838850240715,60.831838850240764,5.655051301900083,5.655051301899997,3.288482666015625,19950,118.40857783076109,102.13891240634064,94.24667865972361,80.30445873318246,75.00563948460072,69.3453873390765,68.3556262449216,67.84997595649628,65.82380202601539,65.65945659270193,65.21585574506156,65.21585574506156,65.21585574506156,64.85297341344375,64.77582663648063,64.52151548227401,64.52151548227401,64.52151548227401,64.46366854067703,64.27191054511101
benchmark|QI-MRFO|200-20-uniform-high|inst1|run9|b20000,benchmark,QI-MRFO,"200 tasks, 20 VMs, uniform/high",200,20,uniform,high,1,9,20000,62.142979704480396,65.50774565033912,60.831838850240715,60.831838850240764,2.1553529845900643,2.155352984589981,3.2846384048461914,19950,114.59373113569467,89.83833945717572,87.53548448724987,82.1509168909628,76.35701216334971,74.94738172511404,69.92068275780336,68.64369848974172,66.43467349834516,65.15074858628871,63.72912458981357,63.136237913169865,62.202353068679194,62.142979704480396,62.142979704480396,62.142979704480396,62.142979704480396,62.142979704480396,62.142979704480396,62.142979704480396
benchmark|QI-MRFO|200-20-uniform-high|inst1|run10|b20000,benchmark,QI-MRFO,"200 tasks, 20 VMs, uniform/high",200,20,uniform,high,1,10,20000,62.61566966523133,65.80028783072633,60.831838850240715,60.831838850240764,2.9323966671172834,2.932396667117199,3.293424129486084,19950,124.64157770816334,111.69921891914765,90.86528594080978,79.49935587446937,72.39823172937584,72.33581350688655,71.60368719594163,69.65612172594903,69.65612172594903,69.65612172594903,68.0177843159963,67.745745163803,66.71502591506167,65.56491182691197,64.13977936362645,63.997758970523236,63.414170754537174,62.840212027923606,62.840212027923606,62.61566966523133
benchmark|QI-MRFO|200-20-uniform-high|inst1|run11|b20000,benchmark,QI-MRFO,"200 tasks, 20 VMs, uniform/high",200,20,uniform,high,1,11,20000,62.28832221033376,65.60387023780964,60.831838850240715,60.831838850240764,2.39427804192916,2.3942780419290766,3.305201768875122,19950,131.75945216978812,119.08049847164808,100.52673056033272,90.66293914912711,79.69952150465133,76.28986037223513,69.43349955578859,67.34323205328192,64.9367192628805,64.84881814250488,64.84881814250488,64.84881814250488,63.571967937943334,63.181539531631,62.849719122341114,62.28832221033376,62.28832221033376,62.28832221033376,62.28832221033376,62.28832221033376
benchmark|QI-MRFO|200-20-uniform-high|inst1|run12|b20000,benchmark,QI-MRFO,"200 tasks, 20 VMs, uniform/high",200,20,uniform,high,1,12,20000,62.34094784357987,65.57634074215237,60.831838850240715,60.831838850240764,2.48078805747491,2.4807880574748262,3.255542278289795,19950,122.77997640704739,104.92322519577502,85.60704189750209,82.6259286703936,78.47127996624305,74.17382143209257,72.16520653108851,70.53225126539868,69.24348707015012,69.10490322418818,69.10490322418818,67.10911169835802,66.36706033284916,65.99012215487933,65.16062030216332,63.646297326804486,62.872362212323665,62.79949439057804,62.34094784357987,62.34094784357987
benchmark|QI-MRFO|200-20-uniform-high|inst1|run13|b20000,benchmark,QI-MRFO,"200 tasks, 20 VMs, uniform/high",200,20,uniform,high,1,13,20000,62.34781950549234,65.54007591976685,60.831838850240715,60.831838850240764,2.4920842175817697,2.492084217581686,3.2571771144866943,19950,109.4414587126694,93.82376322459147,80.3666261227814,75.2756373723917,72.49142786331262,70.4807835516377,70.4807835516377,69.07163605063577,67.18781603875475,66.64865963643481,65.06055605928287,64.64782960967005,63.29710689154965,62.75690129740567,62.702726162540856,62.50335894413069,62.50335894413069,62.34781950549234,62.34781950549234,62.34781950549234
benchmark|QI-MRFO|200-20-uniform-high|inst1|run14|b20000,benchmark,QI-MRFO,"200 tasks, 20 VMs, uniform/high",200,20,uniform,high,1,14,20000,62.759228901912664,65.56875821475603,60.831838850240715,60.831838850240764,3.168390251060646,3.1683902510605617,3.281583309173584,19950,130.69499407881446,101.23558218761428,95.75314002224167,90.37335540952938,85.34517926261246,81.55911839596803,74.22159497130686,68.18744969402653,67.71131608293368,67.27894371296469,66.6597244491948,65.5637389234902,64.8485503088405,64.62182029686107,64.00385557444649,63.76983005599195,63.75782594409679,63.33206692338345,62.759228901912664,62.759228901912664
benchmark|QI-MRFO|200-20-uniform-high|inst1|run15|b20000,benchmark,QI-MRFO,"200 tasks, 20 VMs, uniform/high",200,20,uniform,high,1,15,20000,62.2864421179614,65.3258478835043,60.831838850240715,60.831838850240764,2.3911874031980367,2.3911874031979528,3.315194845199585,19950,107.89220517402374,84.41036934095008,81.556825062,77.17800237430599,73.45310464795169,72.84211774466708,68.05285910712904,65.98280432358118,63.962857025845295,63.429215195842296,63.429215195842296,63.35142298596847,62.89513067773976,62.89513067773976,62.71215610504031,62.502856927365784,62.502856927365784,62.502856927365784,62.2864421179614,62.2864421179614
benchmark|QI-MRFO|200-20-uniform-high|inst1|run16|b20000,benchmark,QI-MRFO,"200 tasks, 20 VMs, uniform/high",200,20,uniform,high,1,16,20000,62.1224051221689,65.39185846773563,60.831838850240715,60.831838850240764,2.1215309224917145,2.121530922491631,3.204083204269409,19950,112.97467692094084,90.0135486366812,82.10554987614424,73.22213909880115,69.14042583681912,67.74524835544771,66.70007543831625,65.82714414983309,65.82714414983309,65.82714414983309,64.49468763573697,63.24323716403721,63.178114701091225,63.00393378240162,63.00393378240162,62.657439968853225,62.23598520440834,62.226584123922336,62.226584123922336,62.1224051221689
benchmark|QI-MRFO|200-20-uniform-high|inst1|run17|b20000,benchmark,QI-MRFO,"200 tasks, 20 VMs, uniform/high",200,20,uniform,high,1,17,20000,62.66434849122999,65.50991972527842,60.831838850240715,60.831838850240764,3.012418620947246,3.0124186209471615,3.2857601642608643,19950,141.09231808403618,111.87289247488722,101.63122863811802,93.17283440751267,84.01570397442967,79.40952597249097,78.28646802246918,72.27532994292612,71.25457213341191,68.50455522164772,66.35774672978175,65.1762016609663,62.995792828869725,62.81224307415469,62.81224307415469,62.81224307415469,62.7919341985442,62.78511808762679,62.66434849122999,62.66434849122999
benchmark|QI-MRFO|200-20-uniform-high|inst1|run18|b20000,benchmark,QI-MRFO,"200 tasks, 20 VMs, uniform/high",200,20,uniform,high,1,18,20000,62.0991067298771,65.39251410337515,60.831838850240715,60.831838850240764,2.0832312545346814,2.083231254534598,3.2425801753997803,19950,124.62390968776103,105.80393850883512,96.34750275791512,80.06564805246595,73.22977324590353,71.04995527517636,65.69173408179097,65.69173408179097,64.99057741172801,64.17712772205849,63.97001705862747,63.274882218777734,62.578017150268245,62.578017150268245,62.578017150268245,62.578017150268245,62.578017150268245,62.1322809635988,62.1322809635988,62.0991067298771
benchmark|QI-MRFO|200-20-uniform-high|inst1|run19|b20000,benchmark,QI-MRFO,"200 tasks, 20 VMs, uniform/high",200,20,uniform,high,1,19,20000,62.18090762566989,65.45599617760234,60.831838850240715,60.831838850240764,2.217701784012133,2.2177017840120494,3.2720720767974854,19950,119.35562117561389,98.10274470503714,83.7248863170075,78.38065916984227,75.56694042793717,73.76077633922606,68.71689093062808,66.10944714480453,64.5429281818441,64.12709328477098,63.496327122884615,63.496327122884615,63.22741229131148,63.22741229131148,62.42006089113319,62.332336443098654,62.274047672081494,62.18090762566989,62.18090762566989,62.18090762566989
benchmark|QI-MRFO|200-20-uniform-high|inst1|run20|b20000,benchmark,QI-MRFO,"200 tasks, 20 VMs, uniform/high",200,20,uniform,high,1,20,20000,63.438996387238674,66.21260112094747,60.831838850240715,60.831838850240764,4.285843706642518,4.285843706642432,3.2378153800964355,19950,110.50855152521152,94.39359272462647,92.47500192052901,78.43781833137464,76.81878319053041,71.16305654857506,69.40476296809423,67.81465120303723,66.6919353949263,66.6919353949263,66.2168501952262,64.89903183753447,64.65346716140752,63.438996387238674,63.438996387238674,63.438996387238674,63.438996387238674,63.438996387238674,63.438996387238674,63.438996387238674
benchmark|QI-MRFO|200-20-uniform-high|inst1|run21|b20000,benchmark,QI-MRFO,"200 tasks, 20 VMs, uniform/high",200,20,uniform,high,1,21,20000,63.14415480086885,66.02931190487253,60.831838850240715,60.831838850240764,3.8011606986281046,3.8011606986280193,3.236501693725586,19950,130.86294506215322,105.65260343555663,90.07934341319357,79.58244956432289,78.22405700726837,70.35464121972777,68.90376535517552,67.42773770219013,65.99034895674399,65.30698423442222,64.76346005167197,64.57981046238284,64.57981046238284,64.57981046238284,64.34419070400061,63.96863978499643,63.281141412491806,63.281141412491806,63.14415480086885,63.14415480086885
benchmark|QI-MRFO|200-20-uniform-high|inst1|run22|b20000,benchmark,QI-MRFO,"200 tasks, 20 VMs, uniform/high",200,20,uniform,high,1,22,20000,63.625090694555226,66.6244759829686,60.831838850240715,60.831838850240764,4.591759672416114,4.591759672416028,3.3162953853607178,19950,117.46277898696071,99.53121670723279,82.95035030010234,80.52193204911384,74.93038428335093,71.30755917550005,68.71320157241517,66.7607816620536,66.163496593939,66.03057607055736,65.41234917751618,65.37896199269122,64.66618966531284,64.64687205226265,64.32126884523608,64.32126884523608,64.32126884523608,64.05414602352188,63.64358911651784,63.625090694555226
benchmark|QI-MRFO|200-20-uniform-high|inst1|run23|b20000,benchmark,QI-MRFO,"200 tasks, 20 VMs, uniform/high",200,20,uniform,high,1,23,20000,62.5478877582687,65.66793031789825,60.831838850240715,60.831838850240764,2.8209716169400254,2.820971616939941,3.237916946411133,19950,103.55813991190107,95.4011622964913,89.9461986813862,81.9968157739159,77.75978604768028,77.26614555099609,73.59183102861235,69.57692288863603,66.63857238438133,66.08230280946123,65.10297730254615,64.33587383836932,63.48676003871043,63.40865589236275,63.40865589236275,63.40865589236275,63.40865589236275,62.77806458863812,62.5784756067542,62.5478877582687
benchmark|QI-MRFO|200-20-uniform-high|inst1|run24|b20000,benchmark,QI-MRFO,"200 tasks, 20 VMs, uniform/high",200,20,uniform,high,1,24,20000,62.5532126845817,65.70332443076363,60.831838850240715,60.831838850240764,2.829725135514584,2.8297251355144994,3.188333034515381,19950,125.60913689474734,101.62193433269537,99.68629103632408,96.69671765071644,86.0170187493957,80.10169964412447,75.09511273874068,70.34921387025474,68.229049063302,66.20891886989601,65.83697871695728,64.64231315547872,62.745618224946426,62.657771371582626,62.657771371582626,62.657771371582626,62.657771371582626,62.657771371582626,62.5532126845817,62.5532126845817
benchmark|QI-MRFO|200-20-uniform-high|inst1|run25|b20000,benchmark,QI-MRFO,"200 tasks, 20 VMs, uniform/high",200,20,uniform,high,1,25,20000,62.99933585083269,65.92535475581036,60.831838850240715,60.831838850240764,3.563096302132254,3.5630963021321698,3.2200615406036377,19950,116.11720993605766,95.02860292421997,79.11232264190892,77.18321795105078,72.42276386351534,70.88911125983448,66.8831491928176,66.68880194627191,65.79988831079478,65.79988831079478,64.29673159992717,64.07399560401568,63.82434312718956,63.768144999951105,63.768144999951105,63.768144999951105,63.768144999951105,63.309052532819734,63.08065358665561,62.99933585083269
benchmark|QI-MRFO|200-20-uniform-high|inst1|run26|b20000,benchmark,QI-MRFO,"200 tasks, 20 VMs, uniform/high",200,20,uniform,high,1,26,20000,62.3188063489292,65.61207043035373,60.831838850240715,60.831838850240764,2.444390185786077,2.444390185785993,3.3342297077178955,19950,108.91523537355621,92.94635989597646,81.1347975345275,76.84772305219083,71.91748749040923,69.72112118226381,66.42700032557734,66.29069055838006,65.83434078841812,65.09467042209253,65.09467042209253,65.09467042209253,63.83002453808297,63.61726186629596,63.61726186629596,63.2862595171546,62.80202708684559,62.45543158656877,62.357298087961254,62.3188063489292
benchmark|QI-MRFO|200-20-uniform-high|inst1|run27|b20000,benchmark,QI-MRFO,"200 tasks, 20 VMs, uniform/high",200,20,uniform,high,1,27,20000,62.305507832816254,65.53903918184719,60.831838850240715,60.831838850240764,2.4225290742952903,2.4225290742952064,3.2541253566741943,19950,128.76304150639862,114.55712551102405,102.03995278770672,91.7696549478962,90.42643705507217,80.38017637608314,77.1322986152266,74.84910702730504,68.7369141240745,66.73825914026574,64.6867248643688,64.6867248643688,64.16608456868357,64.10489117336877,63.161284872864655,62.7635098753869,62.507722988334905,62.507722988334905,62.46487687134884,62.305507832816254
benchmark|QI-MRFO|100-10-lognormal-low|inst1|run0|b20000,benchmark,QI-MRFO,"100 tasks, 10 VMs, lognormal/low",100,10,lognormal,low,1,0,20000,38.94316194738815,21.64431086566483,38.67736134687499,38.677361346874996,0.6872252688836425,0.6872252688836241,1.8917224407196045,19950,39.77819001377741,39.49261439031103,38.99907989140202,38.94316194738815,38.94316194738815,38.94316194738815,38.94316194738815,38.94316194738815,38.94316194738815,38.94316194738815,38.94316194738815,38.94316194738815,38.94316194738815,38.94316194738815,38.94316194738815,38.94316194738815,38.94316194738815,38.94316194738815,38.94316194738815,38.94316194738815
benchmark|QI-MRFO|100-10-lognormal-low|inst1|run1|b20000,benchmark,QI-MRFO,"100 tasks, 10 VMs, lognormal/low",100,10,lognormal,low,1,1,20000,38.98651185175305,21.65987171525008,38.67736134687499,38.677361346874996,0.7993060904684498,0.7993060904684313,1.8604047298431396,19950,40.40123757561898,39.68052402827559,39.49944350698329,39.49944350698329,39.06812070924626,39.010737844457935,39.010737844457935,39.010737844457935,39.010737844457935,39.010737844457935,39.010737844457935,39.010737844457935,39.010737844457935,39.004864598830466,39.004864598830466,38.98651185175305,38.98651185175305,38.98651185175305,38.98651185175305,38.98651185175305
benchmark|QI-MRFO|200-20-uniform-high|inst1|run28|b20000,benchmark,QI-MRFO,"200 tasks, 20 VMs, uniform/high",200,20,uniform,high,1,28,20000,62.21059185725888,65.53393205921694,60.831838850240715,60.831838850240764,2.2664989799378934,2.2664989799378095,3.3366363048553467,19950,88.57065580998926,83.31319359794152,80.52889430121076,77.56175880108044,72.29272657850815,68.12223759120494,67.3058167649641,65.9140255297569,63.50242597701122,62.84083971946512,62.537935919304374,62.537935919304374,62.537935919304374,62.537935919304374,62.537935919304374,62.537935919304374,62.537935919304374,62.537935919304374,62.537935919304374,62.21059185725888
benchmark|QI-MRFO|200-20-uniform-high|inst1|run29|b20000,benchmark,QI-MRFO,"200 tasks, 20 VMs, uniform/high",200,20,uniform,high,1,29,20000,63.25089373483127,66.09107563357345,60.831838850240715,60.831838850240764,3.976626270571773,3.9766262705716877,3.3230292797088623,19950,120.62041471286226,96.7222223197735,88.22634211403782,82.16173568493372,77.32392795321319,70.98170681595917,70.48920049736263,69.73860139384077,66.40972933240475,65.6977636563367,64.98002576011923,63.865632145832684,63.332495431390086,63.25089373483127,63.25089373483127,63.25089373483127,63.25089373483127,63.25089373483127,63.25089373483127,63.25089373483127
benchmark|QI-MRFO|100-10-lognormal-low|inst1|run2|b20000,benchmark,QI-MRFO,"100 tasks, 10 VMs, lognormal/low",100,10,lognormal,low,1,2,20000,39.049355686301716,21.679846190464712,38.67736134687499,38.677361346874996,0.9617883083867187,0.9617883083867002,1.8029744625091553,19950,40.93667537182949,39.36348609066747,39.36348609066747,39.272794124827165,39.049355686301716,39.049355686301716,39.049355686301716,39.049355686301716,39.049355686301716,39.049355686301716,39.049355686301716,39.049355686301716,39.049355686301716,39.049355686301716,39.049355686301716,39.049355686301716,39.049355686301716,39.049355686301716,39.049355686301716,39.049355686301716
benchmark|QI-MRFO|100-10-lognormal-low|inst1|run3|b20000,benchmark,QI-MRFO,"100 tasks, 10 VMs, lognormal/low",100,10,lognormal,low,1,3,20000,39.16081434065978,21.717608161850336,38.67736134687499,38.677361346874996,1.24996374351648,1.2499637435164614,1.7429804801940918,19950,41.0896804692101,40.46108459285056,40.46108459285056,40.41690496101948,39.23666446711848,39.16081434065978,39.16081434065978,39.16081434065978,39.16081434065978,39.16081434065978,39.16081434065978,39.16081434065978,39.16081434065978,39.16081434065978,39.16081434065978,39.16081434065978,39.16081434065978,39.16081434065978,39.16081434065978,39.16081434065978
benchmark|QI-MRFO|100-10-lognormal-low|inst1|run4|b20000,benchmark,QI-MRFO,"100 tasks, 10 VMs, lognormal/low",100,10,lognormal,low,1,4,20000,39.025349846713546,21.67233275026369,38.67736134687499,38.677361346874996,0.8997214073567446,0.899721407356726,1.7968943119049072,19950,39.68179436127033,39.50322577573176,39.41628019463503,39.30417605796134,39.30417605796134,39.30417605796134,39.30417605796134,39.30417605796134,39.30417605796134,39.30417605796134,39.17942494737307,39.17942494737307,39.139873313050764,39.067992448781965,39.025349846713546,39.025349846713546,39.025349846713546,39.025349846713546,39.025349846713546,39.025349846713546
benchmark|QI-MRFO|100-10-lognormal-low|inst1|run5|b20000,benchmark,QI-MRFO,"100 tasks, 10 VMs, lognormal/low",100,10,lognormal,low,1,5,20000,38.98944413431815,21.65990107165734,38.67736134687499,38.677361346874996,0.8068874829496999,0.8068874829496814,1.7887086868286133,19950,40.203673618284256,39.63666089949345,39.573401503186886,39.45884899477049,39.284967139383895,39.284967139383895,39.284967139383895,39.284967139383895,39.284967139383895,39.284967139383895,39.284967139383895,39.00626586548869,38.98944413431815,38.98944413431815,38.98944413431815,38.98944413431815,38.98944413431815,38.98944413431815,38.98944413431815,38.98944413431815
benchmark|QI-MRFO|100-10-lognormal-low|inst1|run6|b20000,benchmark,QI-MRFO,"100 tasks, 10 VMs, lognormal/low",100,10,lognormal,low,1,6,20000,38.92327775125761,21.638331608665247,38.67736134687499,38.677361346874996,0.6358148431511047,0.6358148431510862,1.8148126602172852,19950,40.599308845540925,39.78027564855737,39.731239242167455,39.23156037142016,39.21575989751316,39.21575989751316,39.20527068206535,39.01503762664136,38.99306839897803,38.99306839897803,38.99306839897803,38.99306839897803,38.99306839897803,38.99306839897803,38.99306839897803,38.99306839897803,38.94857505036007,38.92327775125761,38.92327775125761,38.92327775125761
benchmark|QI-MRFO|100-10-lognormal-low|inst1|run7|b20000,benchmark,QI-MRFO,"100 tasks, 10 VMs, lognormal/low",100,10,lognormal,low,1,7,20000,38.96294311665797,21.651628880068326,38.67736134687499,38.677361346874996,0.7383693195142262,0.7383693195142077,1.8409936428070068,19950,40.86237981391456,39.66370495712079,39.4050783968101,39.4050783968101,39.4050783968101,39.4050783968101,39.4050783968101,39.4050783968101,39.14124728770371,39.14124728770371,39.038435963917316,39.038435963917316,39.03247810511362,39.03247810511362,38.96294311665797,38.96294311665797,38.96294311665797,38.96294311665797,38.96294311665797,38.96294311665797
benchmark|QI-MRFO|100-10-lognormal-low|inst1|run8|b20000,benchmark,QI-MRFO,"100 tasks, 10 VMs, lognormal/low",100,10,lognormal,low,1,8,20000,39.05180168255501,21.68047518402908,38.67736134687499,38.677361346874996,0.9681124116039891,0.9681124116039705,1.8979055881500244,19950,39.95341706182334,39.253850104288055,39.253850104288055,39.151942419233315,39.151942419233315,39.10273021262861,39.05180168255501,39.05180168255501,39.05180168255501,39.05180168255501,39.05180168255501,39.05180168255501,39.05180168255501,39.05180168255501,39.05180168255501,39.05180168255501,39.05180168255501,39.05180168255501,39.05180168255501,39.05180168255501
benchmark|QI-MRFO|100-10-lognormal-low|inst1|run9|b20000,benchmark,QI-MRFO,"100 tasks, 10 VMs, lognormal/low",100,10,lognormal,low,1,9,20000,39.07580641682144,21.68961829659968,38.67736134687499,38.677361346874996,1.030176454833695,1.0301764548336763,1.8665997982025146,19950,41.23849457136397,40.993797409762436,40.093694996718554,40.093694996718554,40.093694996718554,40.093694996718554,40.06368700698288,39.523460706990434,39.43078688372,39.34096057440601,39.25794455717604,39.099797112427964,39.07580641682144,39.07580641682144,39.07580641682144,39.07580641682144,39.07580641682144,39.07580641682144,39.07580641682144,39.07580641682144
benchmark|QI-MRFO|100-10-lognormal-low|inst1|run10|b20000,benchmark,QI-MRFO,"100 tasks, 10 VMs, lognormal/low",100,10,lognormal,low,1,10,20000,39.098231927971696,21.69703214203639,38.67736134687499,38.677361346874996,1.0881574296709684,1.0881574296709497,1.883925437927246,19950,40.41692881585798,39.85604446126754,39.176914154998705,39.176914154998705,39.17294425989573,39.098231927971696,39.098231927971696,39.098231927971696,39.098231927971696,39.098231927971696,39.098231927971696,39.098231927971696,39.098231927971696,39.098231927971696,39.098231927971696,39.098231927971696,39.098231927971696,39.098231927971696,39.098231927971696,39.098231927971696
benchmark|QI-MRFO|100-10-lognormal-low|inst1|run11|b20000,benchmark,QI-MRFO,"100 tasks, 10 VMs, lognormal/low",100,10,lognormal,low,1,11,20000,38.93738814242427,21.643182205193614,38.67736134687499,38.677361346874996,0.6722971435854919,0.6722971435854733,1.8025190830230713,19950,41.22825857452296,39.856444134305534,39.32385374655923,39.32385374655923,39.20574316371445,39.06734917534094,39.06734917534094,39.05977595848513,39.03751214919385,39.03751214919385,39.03751214919385,39.03751214919385,39.02489568437083,39.02489568437083,38.946707357297825,38.93738814242427,38.93738814242427,38.93738814242427,38.93738814242427,38.93738814242427
benchmark|QI-MRFO|100-10-lognormal-low|inst1|run12|b20000,benchmark,QI-MRFO,"100 tasks, 10 VMs, lognormal/low",100,10,lognormal,low,1,12,20000,39.16796484742221,21.7205488721059,38.67736134687499,38.677361346874996,1.2684513200041827,1.268451320004164,1.8221731185913086,19950,39.40049841972872,39.40049841972872,39.3269032226491,39.3269032226491,39.3269032226491,39.3269032226491,39.3269032226491,39.3269032226491,39.3269032226491,39.3269032226491,39.3269032226491,39.200390779619255,39.200390779619255,39.16796484742221,39.16796484742221,39.16796484742221,39.16796484742221,39.16796484742221,39.16796484742221,39.16796484742221
benchmark|QI-MRFO|100-10-lognormal-low|inst1|run13|b20000,benchmark,QI-MRFO,"100 tasks, 10 VMs, lognormal/low",100,10,lognormal,low,1,13,20000,38.99327214620125,21.661435010144146,38.67736134687499,38.677361346874996,0.8167847762235867,0.8167847762235682,1.812351942062378,19950,40.160448651760554,39.69727965654279,39.660303251550154,39.52037305678222,39.46814339066759,39.00497487180643,38.99327214620125,38.99327214620125,38.99327214620125,38.99327214620125,38.99327214620125,38.99327214620125,38.99327214620125,38.99327214620125,38.99327214620125,38.99327214620125,38.99327214620125,38.99327214620125,38.99327214620125,38.99327214620125
benchmark|QI-MRFO|100-10-lognormal-low|inst1|run14|b20000,benchmark,QI-MRFO,"100 tasks, 10 VMs, lognormal/low",100,10,lognormal,low,1,14,20000,38.91421894068167,21.635442622349792,38.67736134687499,38.677361346874996,0.6123933628316658,0.6123933628316472,1.8217542171478271,19950,40.28886681287961,39.36450195214211,39.08044666665603,39.0136182366205,39.0136182366205,39.0136182366205,38.91421894068167,38.91421894068167,38.91421894068167,38.91421894068167,38.91421894068167,38.91421894068167,38.91421894068167,38.91421894068167,38.91421894068167,38.91421894068167,38.91421894068167,38.91421894068167,38.91421894068167,38.91421894068167
benchmark|QI-MRFO|100-10-lognormal-low|inst1|run15|b20000,benchmark,QI-MRFO,"100 tasks, 10 VMs, lognormal/low",100,10,lognormal,low,1,15,20000,38.933045540380164,21.64182297199648,38.67736134687499,38.677361346874996,0.6610693816780588,0.6610693816780403,1.8593120574951172,19950,40.60961163716746,39.456007607249106,39.338053086672794,39.153173258165396,39.040869903861775,39.040869903861775,39.03711643342176,39.01229114764457,38.941029837141926,38.941029837141926,38.941029837141926,38.933045540380164,38.933045540380164,38.933045540380164,38.933045540380164,38.933045540380164,38.933045540380164,38.933045540380164,38.933045540380164,38.933045540380164
benchmark|QI-MRFO|100-10-lognormal-low|inst1|run16|b20000,benchmark,QI-MRFO,"100 tasks, 10 VMs, lognormal/low",100,10,lognormal,low,1,16,20000,39.04079803352918,21.67720352060105,38.67736134687499,38.677361346874996,0.9396625674505952,0.9396625674505766,1.844778299331665,19950,40.49734999010624,40.49734999010624,39.821579602187455,39.821579602187455,39.821579602187455,39.821579602187455,39.821579602187455,39.821579602187455,39.821579602187455,39.821579602187455,39.821579602187455,39.821579602187455,39.821579602187455,39.58883484135225,39.44416369731671,39.113995809124006,39.113995809124006,39.113995809124006,39.113995809124006,39.04079803352918
benchmark|QI-MRFO|100-10-lognormal-low|inst1|run17|b20000,benchmark,QI-MRFO,"100 tasks, 10 VMs, lognormal/low",100,10,lognormal,low,1,17,20000,39.550329279316315,21.84661450418434,38.67736134687499,38.677361346874996,2.2570514172675327,2.257051417267514,1.8915932178497314,19950,43.9381032207074,41.41874837029784,40.07446716867516,39.550329279316315,39.550329279316315,39.550329279316315,39.550329279316315,39.550329279316315,39.550329279316315,39.550329279316315,39.550329279316315,39.550329279316315,39.550329279316315,39.550329279316315,39.550329279316315,39.550329279316315,39.550329279316315,39.550329279316315,39.550329279316315,39.550329279316315
benchmark|QI-MRFO|100-10-lognormal-low|inst1|run18|b20000,benchmark,QI-MRFO,"100 tasks, 10 VMs, lognormal/low",100,10,lognormal,low,1,18,20000,39.054972199972376,21.682582870614954,38.67736134687499,38.677361346874996,0.9763097583385092,0.9763097583384907,1.867464303970337,19950,40.44895621839225,39.466678931820866,39.271402484616516,39.15723356461877,39.15723356461877,39.054972199972376,39.054972199972376,39.054972199972376,39.054972199972376,39.054972199972376,39.054972199972376,39.054972199972376,39.054972199972376,39.054972199972376,39.054972199972376,39.054972199972376,39.054972199972376,39.054972199972376,39.054972199972376,39.054972199972376
benchmark|QI-MRFO|100-10-lognormal-low|inst1|run19|b20000,benchmark,QI-MRFO,"100 tasks, 10 VMs, lognormal/low",100,10,lognormal,low,1,19,20000,39.18330855616534,21.7251685467423,38.67736134687499,38.677361346874996,1.3081223528999444,1.308122352899926,1.815162181854248,19950,40.35824408765873,39.669025799493184,39.669025799493184,39.669025799493184,39.450115185615324,39.450115185615324,39.450115185615324,39.450115185615324,39.450115185615324,39.18330855616534,39.18330855616534,39.18330855616534,39.18330855616534,39.18330855616534,39.18330855616534,39.18330855616534,39.18330855616534,39.18330855616534,39.18330855616534,39.18330855616534
benchmark|QI-MRFO|100-10-lognormal-low|inst1|run20|b20000,benchmark,QI-MRFO,"100 tasks, 10 VMs, lognormal/low",100,10,lognormal,low,1,20,20000,38.951104987987115,21.647857164742884,38.67736134687499,38.677361346874996,0.7077619350944793,0.7077619350944607,1.8964452743530273,19950,39.918201802749785,39.72894858593609,39.61040820222547,39.61040820222547,39.391896670897694,39.391896670897694,39.391896670897694,39.250422664107134,39.250422664107134,39.047749551948954,38.96264070882623,38.96264070882623,38.96264070882623,38.96264070882623,38.95736799531074,38.951104987987115,38.951104987987115,38.951104987987115,38.951104987987115,38.951104987987115
benchmark|QI-MRFO|100-10-lognormal-low|inst1|run21|b20000,benchmark,QI-MRFO,"100 tasks, 10 VMs, lognormal/low",100,10,lognormal,low,1,21,20000,38.95324896259867,21.648100127550528,38.67736134687499,38.677361346874996,0.713305163838364,0.7133051638383455,1.8219101428985596,19950,41.60366110652555,41.080583568719504,39.777210943915826,39.60947594611681,38.98991628966871,38.98991628966871,38.98991628966871,38.98991628966871,38.98991628966871,38.98991628966871,38.98991628966871,38.98991628966871,38.98991628966871,38.98991628966871,38.98991628966871,38.98991628966871,38.98991628966871,38.98991628966871,38.95324896259867,38.95324896259867
benchmark|QI-MRFO|100-10-lognormal-low|inst1|run22|b20000,benchmark,QI-MRFO,"100 tasks, 10 VMs, lognormal/low",100,10,lognormal,low,1,22,20000,39.562871537184904,21.8522936881229,38.67736134687499,38.677361346874996,2.289479321943098,2.2894793219430793,1.8138163089752197,19950,41.03165952511211,40.19489741380354,39.562871537184904,39.562871537184904,39.562871537184904,39.562871537184904,39.562871537184904,39.562871537184904,39.562871537184904,39.562871537184904,39.562871537184904,39.562871537184904,39.562871537184904,39.562871537184904,39.562871537184904,39.562871537184904,39.562871537184904,39.562871537184904,39.562871537184904,39.562871537184904
benchmark|QI-MRFO|100-10-lognormal-low|inst1|run23|b20000,benchmark,QI-MRFO,"100 tasks, 10 VMs, lognormal/low",100,10,lognormal,low,1,23,20000,38.964461663312605,21.651979980066663,38.67736134687499,38.677361346874996,0.7422955094138372,0.7422955094138186,1.8707821369171143,19950,40.97932493464747,39.716939470838824,39.44744885144523,39.4333126910975,39.4333126910975,39.23574193407039,39.09107515209757,39.09107515209757,39.042287777612245,38.98808018711135,38.97242577492257,38.964461663312605,38.964461663312605,38.964461663312605,38.964461663312605,38.964461663312605,38.964461663312605,38.964461663312605,38.964461663312605,38.964461663312605
benchmark|QI-MRFO|100-10-lognormal-low|inst1|run24|b20000,benchmark,QI-MRFO,"100 tasks, 10 VMs, lognormal/low",100,10,lognormal,low,1,24,20000,39.02878172433123,21.67394487566063,38.67736134687499,38.677361346874996,0.9085944987419285,0.90859449874191,1.8328309059143066,19950,41.223555950123355,39.73705521584523,39.50700463323072,39.02878172433123,39.02878172433123,39.02878172433123,39.02878172433123,39.02878172433123,39.02878172433123,39.02878172433123,39.02878172433123,39.02878172433123,39.02878172433123,39.02878172433123,39.02878172433123,39.02878172433123,39.02878172433123,39.02878172433123,39.02878172433123,39.02878172433123
benchmark|QI-MRFO|100-10-lognormal-low|inst1|run25|b20000,benchmark,QI-MRFO,"100 tasks, 10 VMs, lognormal/low",100,10,lognormal,low,1,25,20000,39.52013346946198,21.836917411760883,38.67736134687499,38.677361346874996,2.1789803989694514,2.1789803989694327,1.8123500347137451,19950,41.8964886545733,39.57723475613402,39.57723475613402,39.52013346946198,39.52013346946198,39.52013346946198,39.52013346946198,39.52013346946198,39.52013346946198,39.52013346946198,39.52013346946198,39.52013346946198,39.52013346946198,39.52013346946198,39.52013346946198,39.52013346946198,39.52013346946198,39.52013346946198,39.52013346946198,39.52013346946198
benchmark|QI-MRFO|100-10-lognormal-low|inst1|run26|b20000,benchmark,QI-MRFO,"100 tasks, 10 VMs, lognormal/low",100,10,lognormal,low,1,26,20000,39.094785716161,21.695689659420335,38.67736134687499,38.677361346874996,1.0792472773475195,1.079247277347501,1.855762243270874,19950,41.24347449794447,40.46164652036463,39.97205691542682,39.750068811448166,39.69090741952951,39.364543849335234,39.094785716161,39.094785716161,39.094785716161,39.094785716161,39.094785716161,39.094785716161,39.094785716161,39.094785716161,39.094785716161,39.094785716161,39.094785716161,39.094785716161,39.094785716161,39.094785716161
benchmark|QI-MRFO|100-10-lognormal-low|inst1|run27|b20000,benchmark,QI-MRFO,"100 tasks, 10 VMs, lognormal/low",100,10,lognormal,low,1,27,20000,39.44643283803345,21.813066669030718,38.67736134687499,38.677361346874996,1.9884280219146908,1.988428021914672,1.9160711765289307,19950,39.64834650194047,39.44643283803345,39.44643283803345,39.44643283803345,39.44643283803345,39.44643283803345,39.44643283803345,39.44643283803345,39.44643283803345,39.44643283803345,39.44643283803345,39.44643283803345,39.44643283803345,39.44643283803345,39.44643283803345,39.44643283803345,39.44643283803345,39.44643283803345,39.44643283803345,39.44643283803345
benchmark|QI-MRFO|100-10-lognormal-low|inst1|run28|b20000,benchmark,QI-MRFO,"100 tasks, 10 VMs, lognormal/low",100,10,lognormal,low,1,28,20000,39.056428136730894,21.68234528020201,38.67736134687499,38.677361346874996,0.9800740708660893,0.9800740708660708,1.9359993934631348,19950,39.54116359998779,39.434437444521635,39.14769351445376,39.14769351445376,39.14769351445376,39.14769351445376,39.14769351445376,39.14769351445376,39.14769351445376,39.14769351445376,39.14769351445376,39.14769351445376,39.14769351445376,39.114103696619196,39.108607047701526,39.108607047701526,39.056428136730894,39.056428136730894,39.056428136730894,39.056428136730894
benchmark|QI-MRFO|100-10-lognormal-low|inst1|run29|b20000,benchmark,QI-MRFO,"100 tasks, 10 VMs, lognormal/low",100,10,lognormal,low,1,29,20000,39.075697986675465,21.688698754351975,38.67736134687499,38.677361346874996,1.0298961095820993,1.0298961095820809,1.7646193504333496,19950,40.176012607075606,39.48262065748204,39.26342699918065,39.23978617609098,39.20955686420108,39.08838408513746,39.075697986675465,39.075697986675465,39.075697986675465,39.075697986675465,39.075697986675465,39.075697986675465,39.075697986675465,39.075697986675465,39.075697986675465,39.075697986675465,39.075697986675465,39.075697986675465,39.075697986675465,39.075697986675465
benchmark|QI-MRFO|60-8-bimodal-none|inst1|run0|b20000,benchmark,QI-MRFO,"60 tasks, 8 VMs, bimodal/none",60,8,bimodal,none,1,0,20000,59.11393379359636,25.174527488267486,52.93581643111007,52.93581643111009,11.670958868701696,11.67095886870165,1.612849473953247,19950,60.26224221622391,59.11393379359636,59.11393379359636,59.11393379359636,59.11393379359636,59.11393379359636,59.11393379359636,59.11393379359636,59.11393379359636,59.11393379359636,59.11393379359636,59.11393379359636,59.11393379359636,59.11393379359636,59.11393379359636,59.11393379359636,59.11393379359636,59.11393379359636,59.11393379359636,59.11393379359636
benchmark|QI-MRFO|60-8-bimodal-none|inst1|run1|b20000,benchmark,QI-MRFO,"60 tasks, 8 VMs, bimodal/none",60,8,bimodal,none,1,1,20000,56.485855474986394,24.473706603304834,52.93581643111007,52.93581643111009,6.706308286557356,6.706308286557312,1.514404058456421,19950,57.52930897714907,57.52930897714907,57.52930897714907,57.52930897714907,57.52930897714907,57.52930897714907,57.52930897714907,57.52930897714907,57.52930897714907,57.52930897714907,57.52930897714907,57.52930897714907,57.52930897714907,57.52930897714907,57.52930897714907,57.52930897714907,57.04063530654622,57.04063530654622,56.485855474986394,56.485855474986394
benchmark|QI-MRFO|60-8-bimodal-none|inst1|run2|b20000,benchmark,QI-MRFO,"60 tasks, 8 VMs, bimodal/none",60,8,bimodal,none,1,2,20000,55.487882157842336,24.207580385399748,52.93581643111007,52.93581643111009,4.8210567037413865,4.821056703741344,1.5447888374328613,19950,57.3867957780455,56.53133566000501,56.53133566000501,56.53133566000501,56.53133566000501,56.53133566000501,56.53133566000501,56.53133566000501,56.53133566000501,56.53133566000501,56.53133566000501,56.53133566000501,56.53133566000501,56.53133566000501,56.53133566000501,56.53133566000501,56.53133566000501,55.487882157842336,55.487882157842336,55.487882157842336
benchmark|QI-MRFO|60-8-bimodal-none|inst1|run3|b20000,benchmark,QI-MRFO,"60 tasks, 8 VMs, bimodal/none",60,8,bimodal,none,1,3,20000,58.07048029143368,24.896273221024106,52.93581643111007,52.93581643111009,9.699791571186575,9.699791571186532,1.3584277629852295,19950,65.07888618230729,58.07048029143368,58.07048029143368,58.07048029143368,58.07048029143368,58.07048029143368,58.07048029143368,58.07048029143368,58.07048029143368,58.07048029143368,58.07048029143368,58.07048029143368,58.07048029143368,58.07048029143368,58.07048029143368,58.07048029143368,58.07048029143368,58.07048029143368,58.07048029143368,58.07048029143368
benchmark|QI-MRFO|60-8-bimodal-none|inst1|run4|b20000,benchmark,QI-MRFO,"60 tasks, 8 VMs, bimodal/none",60,8,bimodal,none,1,4,20000,60.972137672991614,25.67004852277289,52.93581643111007,52.93581643111009,15.181254930373845,15.181254930373798,1.500133752822876,19950,62.00881869145761,62.00881869145761,62.00881869145761,62.00881869145761,62.00881869145761,62.00881869145761,62.00881869145761,62.00881869145761,60.972137672991614,60.972137672991614,60.972137672991614,60.972137672991614,60.972137672991614,60.972137672991614,60.972137672991614,60.972137672991614,60.972137672991614,60.972137672991614,60.972137672991614,60.972137672991614
benchmark|QI-MRFO|60-8-bimodal-none|inst1|run5|b20000,benchmark,QI-MRFO,"60 tasks, 8 VMs, bimodal/none",60,8,bimodal,none,1,5,20000,58.62526012299351,25.044214509440064,52.93581643111007,52.93581643111009,10.747815138144894,10.74781513814485,1.4774253368377686,19950,58.62526012299351,58.62526012299351,58.62526012299351,58.62526012299351,58.62526012299351,58.62526012299351,58.62526012299351,58.62526012299351,58.62526012299351,58.62526012299351,58.62526012299351,58.62526012299351,58.62526012299351,58.62526012299351,58.62526012299351,58.62526012299351,58.62526012299351,58.62526012299351,58.62526012299351,58.62526012299351
benchmark|QI-MRFO|60-8-bimodal-none|inst1|run6|b20000,benchmark,QI-MRFO,"60 tasks, 8 VMs, bimodal/none",60,8,bimodal,none,1,6,20000,57.52930897714907,24.75196087054821,52.93581643111007,52.93581643111009,8.677475584072475,8.677475584072432,1.5237362384796143,19950,58.94855790137409,57.52930897714907,57.52930897714907,57.52930897714907,57.52930897714907,57.52930897714907,57.52930897714907,57.52930897714907,57.52930897714907,57.52930897714907,57.52930897714907,57.52930897714907,57.52930897714907,57.52930897714907,57.52930897714907,57.52930897714907,57.52930897714907,57.52930897714907,57.52930897714907,57.52930897714907
benchmark|QI-MRFO|60-8-bimodal-none|inst1|run7|b20000,benchmark,QI-MRFO,"60 tasks, 8 VMs, bimodal/none",60,8,bimodal,none,1,7,20000,57.04063530654622,24.621647891720787,52.93581643111007,52.93581643111009,7.754331853515674,7.75433185351563,1.4890267848968506,19950,61.15771362898181,58.07271279489706,57.04063530654622,57.04063530654622,57.04063530654622,57.04063530654622,57.04063530654622,57.04063530654622,57.04063530654622,57.04063530654622,57.04063530654622,57.04063530654622,57.04063530654622,57.04063530654622,57.04063530654622,57.04063530654622,57.04063530654622,57.04063530654622,57.04063530654622,57.04063530654622
benchmark|QI-MRFO|60-8-bimodal-none|inst1|run8|b20000,benchmark,QI-MRFO,"60 tasks, 8 VMs, bimodal/none",60,8,bimodal,none,1,8,20000,57.07934300786816,24.63196994540663,52.93581643111007,52.93581643111009,7.827453803702865,7.827453803702822,1.4338312149047852,19950,57.07934300786816,57.07934300786816,57.07934300786816,57.07934300786816,57.07934300786816,57.07934300786816,57.07934300786816,57.07934300786816,57.07934300786816,57.07934300786816,57.07934300786816,57.07934300786816,57.07934300786816,57.07934300786816,57.07934300786816,57.07934300786816,57.07934300786816,57.07934300786816,57.07934300786816,57.07934300786816
benchmark|QI-MRFO|60-8-bimodal-none|inst1|run9|b20000,benchmark,QI-MRFO,"60 tasks, 8 VMs, bimodal/none",60,8,bimodal,none,1,9,20000,56.04266198940216,24.355521673815698,52.93581643111007,52.93581643111009,5.869080270699704,5.869080270699661,1.5503015518188477,19950,64.72557893903213,58.97188692845155,56.04266198940216,56.04266198940216,56.04266198940216,56.04266198940216,56.04266198940216,56.04266198940216,56.04266198940216,56.04266198940216,56.04266198940216,56.04266198940216,56.04266198940216,56.04266198940216,56.04266198940216,56.04266198940216,56.04266198940216,56.04266198940216,56.04266198940216,56.04266198940216
benchmark|QI-MRFO|60-8-bimodal-none|inst1|run10|b20000,benchmark,QI-MRFO,"60 tasks, 8 VMs, bimodal/none",60,8,bimodal,none,1,10,20000,55.03284264564544,24.08623651548057,52.93581643111007,52.93581643111009,3.961450594163234,3.961450594163192,1.6043572425842285,19950,57.104735942767746,55.03284264564544,55.03284264564544,55.03284264564544,55.03284264564544,55.03284264564544,55.03284264564544,55.03284264564544,55.03284264564544,55.03284264564544,55.03284264564544,55.03284264564544,55.03284264564544,55.03284264564544,55.03284264564544,55.03284264564544,55.03284264564544,55.03284264564544,55.03284264564544,55.03284264564544
benchmark|QI-MRFO|60-8-bimodal-none|inst1|run11|b20000,benchmark,QI-MRFO,"60 tasks, 8 VMs, bimodal/none",60,8,bimodal,none,1,11,20000,58.62526012299351,25.044214509440057,52.93581643111007,52.93581643111009,10.747815138144894,10.74781513814485,1.4385159015655518,19950,66.38361565455773,59.123223341301085,58.62526012299351,58.62526012299351,58.62526012299351,58.62526012299351,58.62526012299351,58.62526012299351,58.62526012299351,58.62526012299351,58.62526012299351,58.62526012299351,58.62526012299351,58.62526012299351,58.62526012299351,58.62526012299351,58.62526012299351,58.62526012299351,58.62526012299351,58.62526012299351
benchmark|QI-MRFO|60-8-bimodal-none|inst1|run12|b20000,benchmark,QI-MRFO,"60 tasks, 8 VMs, bimodal/none",60,8,bimodal,none,1,12,20000,60.972137672991614,25.67004852277289,52.93581643111007,52.93581643111009,15.181254930373845,15.181254930373798,1.548201084136963,19950,60.972137672991614,60.972137672991614,60.972137672991614,60.972137672991614,60.972137672991614,60.972137672991614,60.972137672991614,60.972137672991614,60.972137672991614,60.972137672991614,60.972137672991614,60.972137672991614,60.972137672991614,60.972137672991614,60.972137672991614,60.972137672991614,60.972137672991614,60.972137672991614,60.972137672991614,60.972137672991614
benchmark|QI-MRFO|60-8-bimodal-none|inst1|run13|b20000,benchmark,QI-MRFO,"60 tasks, 8 VMs, bimodal/none",60,8,bimodal,none,1,13,20000,56.485855474986394,24.47370660330483,52.93581643111007,52.93581643111009,6.706308286557356,6.706308286557312,1.4834442138671875,19950,61.460811343594465,61.460811343594465,61.460811343594465,61.460811343594465,61.460811343594465,61.460811343594465,61.460811343594465,61.460811343594465,56.485855474986394,56.485855474986394,56.485855474986394,56.485855474986394,56.485855474986394,56.485855474986394,56.485855474986394,56.485855474986394,56.485855474986394,56.485855474986394,56.485855474986394,56.485855474986394
benchmark|QI-MRFO|60-8-bimodal-none|inst1|run14|b20000,benchmark,QI-MRFO,"60 tasks, 8 VMs, bimodal/none",60,8,bimodal,none,1,14,20000,57.04063530654622,24.621647891720787,52.93581643111007,52.93581643111009,7.754331853515674,7.75433185351563,1.402076244354248,19950,59.97907014227429,57.04063530654622,57.04063530654622,57.04063530654622,57.04063530654622,57.04063530654622,57.04063530654622,57.04063530654622,57.04063530654622,57.04063530654622,57.04063530654622,57.04063530654622,57.04063530654622,57.04063530654622,57.04063530654622,57.04063530654622,57.04063530654622,57.04063530654622,57.04063530654622,57.04063530654622
benchmark|QI-MRFO|60-8-bimodal-none|inst1|run15|b20000,benchmark,QI-MRFO,"60 tasks, 8 VMs, bimodal/none",60,8,bimodal,none,1,15,20000,58.62526012299351,25.044214509440064,52.93581643111007,52.93581643111009,10.747815138144894,10.74781513814485,1.4441611766815186,19950,59.49788018142029,58.62526012299351,58.62526012299351,58.62526012299351,58.62526012299351,58.62526012299351,58.62526012299351,58.62526012299351,58.62526012299351,58.62526012299351,58.62526012299351,58.62526012299351,58.62526012299351,58.62526012299351,58.62526012299351,58.62526012299351,58.62526012299351,58.62526012299351,58.62526012299351,58.62526012299351
benchmark|QI-MRFO|60-8-bimodal-none|inst1|run17|b20000,benchmark,QI-MRFO,"60 tasks, 8 VMs, bimodal/none",60,8,bimodal,none,1,17,20000,56.485855474986394,24.47370660330483,52.93581643111007,52.93581643111009,6.706308286557356,6.706308286557312,1.436856746673584,19950,57.17856499623774,56.485855474986394,56.485855474986394,56.485855474986394,56.485855474986394,56.485855474986394,56.485855474986394,56.485855474986394,56.485855474986394,56.485855474986394,56.485855474986394,56.485855474986394,56.485855474986394,56.485855474986394,56.485855474986394,56.485855474986394,56.485855474986394,56.485855474986394,56.485855474986394,56.485855474986394
benchmark|QI-MRFO|60-8-bimodal-none|inst1|run16|b20000,benchmark,QI-MRFO,"60 tasks, 8 VMs, bimodal/none",60,8,bimodal,none,1,16,20000,58.62526012299351,25.044214509440057,52.93581643111007,52.93581643111009,10.747815138144894,10.74781513814485,1.6403913497924805,19950,58.62526012299351,58.62526012299351,58.62526012299351,58.62526012299351,58.62526012299351,58.62526012299351,58.62526012299351,58.62526012299351,58.62526012299351,58.62526012299351,58.62526012299351,58.62526012299351,58.62526012299351,58.62526012299351,58.62526012299351,58.62526012299351,58.62526012299351,58.62526012299351,58.62526012299351,58.62526012299351
benchmark|QI-MRFO|60-8-bimodal-none|inst1|run18|b20000,benchmark,QI-MRFO,"60 tasks, 8 VMs, bimodal/none",60,8,bimodal,none,1,18,20000,58.62526012299351,25.044214509440064,52.93581643111007,52.93581643111009,10.747815138144894,10.74781513814485,1.5444939136505127,19950,60.35311811623735,58.62526012299351,58.62526012299351,58.62526012299351,58.62526012299351,58.62526012299351,58.62526012299351,58.62526012299351,58.62526012299351,58.62526012299351,58.62526012299351,58.62526012299351,58.62526012299351,58.62526012299351,58.62526012299351,58.62526012299351,58.62526012299351,58.62526012299351,58.62526012299351,58.62526012299351
benchmark|QI-MRFO|60-8-bimodal-none|inst1|run19|b20000,benchmark,QI-MRFO,"60 tasks, 8 VMs, bimodal/none",60,8,bimodal,none,1,19,20000,58.07048029143368,24.896273221024106,52.93581643111007,52.93581643111009,9.699791571186575,9.699791571186532,1.533630609512329,19950,58.6266068234003,58.07048029143368,58.07048029143368,58.07048029143368,58.07048029143368,58.07048029143368,58.07048029143368,58.07048029143368,58.07048029143368,58.07048029143368,58.07048029143368,58.07048029143368,58.07048029143368,58.07048029143368,58.07048029143368,58.07048029143368,58.07048029143368,58.07048029143368,58.07048029143368,58.07048029143368
benchmark|QI-MRFO|60-8-bimodal-none|inst1|run20|b20000,benchmark,QI-MRFO,"60 tasks, 8 VMs, bimodal/none",60,8,bimodal,none,1,20,20000,56.04266198940216,24.355521673815698,52.93581643111007,52.93581643111009,5.869080270699704,5.869080270699661,1.5650784969329834,19950,67.4257637323054,63.49426136586,63.49426136586,63.49426136586,62.314448592647196,56.04266198940216,56.04266198940216,56.04266198940216,56.04266198940216,56.04266198940216,56.04266198940216,56.04266198940216,56.04266198940216,56.04266198940216,56.04266198940216,56.04266198940216,56.04266198940216,56.04266198940216,56.04266198940216,56.04266198940216
benchmark|QI-MRFO|60-8-bimodal-none|inst1|run21|b20000,benchmark,QI-MRFO,"60 tasks, 8 VMs, bimodal/none",60,8,bimodal,none,1,21,20000,56.485855474986394,24.473706603304834,52.93581643111007,52.93581643111009,6.706308286557356,6.706308286557312,1.4580833911895752,19950,58.07731632501222,58.07731632501222,58.07731632501222,58.07731632501222,58.07731632501222,58.07731632501222,58.07731632501222,58.07731632501222,58.07731632501222,58.07731632501222,58.07731632501222,58.07731632501222,58.07731632501222,58.07731632501222,56.82513858421906,56.485855474986394,56.485855474986394,56.485855474986394,56.485855474986394,56.485855474986394
benchmark|QI-MRFO|60-8-bimodal-none|inst1|run22|b20000,benchmark,QI-MRFO,"60 tasks, 8 VMs, bimodal/none",60,8,bimodal,none,1,22,20000,58.07731632501222,24.898096163311717,52.93581643111007,52.93581643111009,9.712705386518836,9.712705386518792,1.4363479614257812,19950,60.30098531507231,58.88846715630092,58.844816951450426,58.07731632501222,58.07731632501222,58.07731632501222,58.07731632501222,58.07731632501222,58.07731632501222,58.07731632501222,58.07731632501222,58.07731632501222,58.07731632501222,58.07731632501222,58.07731632501222,58.07731632501222,58.07731632501222,58.07731632501222,58.07731632501222,58.07731632501222
benchmark|QI-MRFO|60-8-bimodal-none|inst1|run23|b20000,benchmark,QI-MRFO,"60 tasks, 8 VMs, bimodal/none",60,8,bimodal,none,1,23,20000,55.587622477205265,24.23417780389653,52.93581643111007,52.93581643111009,5.0094741611215525,5.00947416112151,1.401581048965454,19950,55.78070518190704,55.587622477205265,55.587622477205265,55.587622477205265,55.587622477205265,55.587622477205265,55.587622477205265,55.587622477205265,55.587622477205265,55.587622477205265,55.587622477205265,55.587622477205265,55.587622477205265,55.587622477205265,55.587622477205265,55.587622477205265,55.587622477205265,55.587622477205265,55.587622477205265,55.587622477205265
benchmark|QI-MRFO|60-8-bimodal-none|inst1|run24|b20000,benchmark,QI-MRFO,"60 tasks, 8 VMs, bimodal/none",60,8,bimodal,none,1,24,20000,56.04266198940216,24.355521673815698,52.93581643111007,52.93581643111009,5.869080270699704,5.869080270699661,1.432955265045166,19950,56.73537151065351,56.04266198940216,56.04266198940216,56.04266198940216,56.04266198940216,56.04266198940216,56.04266198940216,56.04266198940216,56.04266198940216,56.04266198940216,56.04266198940216,56.04266198940216,56.04266198940216,56.04266198940216,56.04266198940216,56.04266198940216,56.04266198940216,56.04266198940216,56.04266198940216,56.04266198940216
benchmark|QI-MRFO|60-8-bimodal-none|inst1|run25|b20000,benchmark,QI-MRFO,"60 tasks, 8 VMs, bimodal/none",60,8,bimodal,none,1,25,20000,58.07048029143368,24.896273221024106,52.93581643111007,52.93581643111009,9.699791571186575,9.699791571186532,1.4310259819030762,19950,60.41735784143179,60.41735784143179,60.41735784143179,60.41735784143179,60.41735784143179,60.41735784143179,60.41735784143179,58.63765535484671,58.07048029143368,58.07048029143368,58.07048029143368,58.07048029143368,58.07048029143368,58.07048029143368,58.07048029143368,58.07048029143368,58.07048029143368,58.07048029143368,58.07048029143368,58.07048029143368
benchmark|QI-MRFO|60-8-bimodal-none|inst1|run27|b20000,benchmark,QI-MRFO,"60 tasks, 8 VMs, bimodal/none",60,8,bimodal,none,1,27,20000,60.41735784143179,25.52210723435693,52.93581643111007,52.93581643111009,14.133231363415526,14.133231363415481,1.4339232444763184,19950,64.42947983683416,60.80976939952552,60.41735784143179,60.41735784143179,60.41735784143179,60.41735784143179,60.41735784143179,60.41735784143179,60.41735784143179,60.41735784143179,60.41735784143179,60.41735784143179,60.41735784143179,60.41735784143179,60.41735784143179,60.41735784143179,60.41735784143179,60.41735784143179,60.41735784143179,60.41735784143179
benchmark|QI-MRFO|60-8-bimodal-none|inst1|run26|b20000,benchmark,QI-MRFO,"60 tasks, 8 VMs, bimodal/none",60,8,bimodal,none,1,26,20000,56.485855474986394,24.47370660330483,52.93581643111007,52.93581643111009,6.706308286557356,6.706308286557312,1.472182035446167,19950,60.24998769726538,56.485855474986394,56.485855474986394,56.485855474986394,56.485855474986394,56.485855474986394,56.485855474986394,56.485855474986394,56.485855474986394,56.485855474986394,56.485855474986394,56.485855474986394,56.485855474986394,56.485855474986394,56.485855474986394,56.485855474986394,56.485855474986394,56.485855474986394,56.485855474986394,56.485855474986394
benchmark|QI-MRFO|60-8-bimodal-none|inst1|run29|b20000,benchmark,QI-MRFO,"60 tasks, 8 VMs, bimodal/none",60,8,bimodal,none,1,29,20000,57.04063530654622,24.621647891720787,52.93581643111007,52.93581643111009,7.754331853515674,7.75433185351563,1.427976369857788,19950,60.41735784143179,60.41735784143179,60.41735784143179,60.41735784143179,60.41735784143179,60.41735784143179,60.41735784143179,60.41735784143179,60.41735784143179,60.41735784143179,58.12038500270157,57.04063530654622,57.04063530654622,57.04063530654622,57.04063530654622,57.04063530654622,57.04063530654622,57.04063530654622,57.04063530654622,57.04063530654622
benchmark|QI-MRFO|60-8-bimodal-none|inst1|run28|b20000,benchmark,QI-MRFO,"60 tasks, 8 VMs, bimodal/none",60,8,bimodal,none,1,28,20000,56.62430349567126,24.510626075487462,52.93581643111007,52.93581643111009,6.967847694124714,6.9678476941246705,1.4483449459075928,19950,60.41735784143179,60.41735784143179,60.41735784143179,60.41735784143179,60.41735784143179,60.41735784143179,60.41735784143179,60.41735784143179,60.41735784143179,60.41735784143179,60.41735784143179,60.41735784143179,60.41735784143179,60.41735784143179,60.41735784143179,60.41735784143179,60.10222444317556,56.62430349567126,56.62430349567126,56.62430349567126
benchmark|MRFO (original)|30-5-uniform-high|inst1|run0|b20000,benchmark,MRFO (original),"30 tasks, 5 VMs, uniform/high",30,5,uniform,high,1,0,20000,47.39172052774359,11.30950693363287,44.52792459708759,44.52792459708757,6.431460609424646,6.431460609424696,0.5533385276794434,19950,50.45469401626944,50.45469401626944,48.55586851675801,48.55586851675801,47.39172052774359,47.39172052774359,47.39172052774359,47.39172052774359,47.39172052774359,47.39172052774359,47.39172052774359,47.39172052774359,47.39172052774359,47.39172052774359,47.39172052774359,47.39172052774359,47.39172052774359,47.39172052774359,47.39172052774359,47.39172052774359
benchmark|MRFO (original)|30-5-uniform-high|inst1|run1|b20000,benchmark,MRFO (original),"30 tasks, 5 VMs, uniform/high",30,5,uniform,high,1,1,20000,48.11550026904822,11.336009893810939,44.52792459708759,44.52792459708757,8.056911936549763,8.056911936549817,0.5789787769317627,19950,48.11550026904822,48.11550026904822,48.11550026904822,48.11550026904822,48.11550026904822,48.11550026904822,48.11550026904822,48.11550026904822,48.11550026904822,48.11550026904822,48.11550026904822,48.11550026904822,48.11550026904822,48.11550026904822,48.11550026904822,48.11550026904822,48.11550026904822,48.11550026904822,48.11550026904822,48.11550026904822
benchmark|MRFO (original)|30-5-uniform-high|inst1|run2|b20000,benchmark,MRFO (original),"30 tasks, 5 VMs, uniform/high",30,5,uniform,high,1,2,20000,49.037778623596715,11.519382814078947,44.52792459708759,44.52792459708757,10.128147824801378,10.128147824801431,0.6183407306671143,19950,51.47667408014576,50.77098914368946,49.037778623596715,49.037778623596715,49.037778623596715,49.037778623596715,49.037778623596715,49.037778623596715,49.037778623596715,49.037778623596715,49.037778623596715,49.037778623596715,49.037778623596715,49.037778623596715,49.037778623596715,49.037778623596715,49.037778623596715,49.037778623596715,49.037778623596715,49.037778623596715
benchmark|MRFO (original)|30-5-uniform-high|inst1|run3|b20000,benchmark,MRFO (original),"30 tasks, 5 VMs, uniform/high",30,5,uniform,high,1,3,20000,47.21427309701732,11.281710686401368,44.52792459708759,44.52792459708757,6.0329524096109175,6.032952409610969,0.7090713977813721,19950,49.05271654980484,47.21427309701732,47.21427309701732,47.21427309701732,47.21427309701732,47.21427309701732,47.21427309701732,47.21427309701732,47.21427309701732,47.21427309701732,47.21427309701732,47.21427309701732,47.21427309701732,47.21427309701732,47.21427309701732,47.21427309701732,47.21427309701732,47.21427309701732,47.21427309701732,47.21427309701732
benchmark|MRFO (original)|30-5-uniform-high|inst1|run4|b20000,benchmark,MRFO (original),"30 tasks, 5 VMs, uniform/high",30,5,uniform,high,1,4,20000,46.45430444923681,11.127028153672965,44.52792459708759,44.52792459708757,4.326228697115641,4.326228697115692,0.5506563186645508,19950,46.45430444923681,46.45430444923681,46.45430444923681,46.45430444923681,46.45430444923681,46.45430444923681,46.45430444923681,46.45430444923681,46.45430444923681,46.45430444923681,46.45430444923681,46.45430444923681,46.45430444923681,46.45430444923681,46.45430444923681,46.45430444923681,46.45430444923681,46.45430444923681,46.45430444923681,46.45430444923681
benchmark|MRFO (original)|30-5-uniform-high|inst1|run5|b20000,benchmark,MRFO (original),"30 tasks, 5 VMs, uniform/high",30,5,uniform,high,1,5,20000,45.930512268561436,11.079129970244182,44.52792459708759,44.52792459708757,3.149905781967624,3.1499057819676732,0.5470542907714844,19950,49.886787019016296,49.155990883335505,48.56564350270173,48.56564350270173,46.21207534619462,46.21207534619462,46.21207534619462,46.21207534619462,46.21207534619462,46.21207534619462,46.21207534619462,46.21207534619462,45.930512268561436,45.930512268561436,45.930512268561436,45.930512268561436,45.930512268561436,45.930512268561436,45.930512268561436,45.930512268561436
benchmark|MRFO (original)|30-5-uniform-high|inst1|run6|b20000,benchmark,MRFO (original),"30 tasks, 5 VMs, uniform/high",30,5,uniform,high,1,6,20000,48.17473660014316,11.373802502021126,44.52792459708759,44.52792459708757,8.189943807293675,8.189943807293728,0.5606329441070557,19950,54.00329977461025,48.17473660014316,48.17473660014316,48.17473660014316,48.17473660014316,48.17473660014316,48.17473660014316,48.17473660014316,48.17473660014316,48.17473660014316,48.17473660014316,48.17473660014316,48.17473660014316,48.17473660014316,48.17473660014316,48.17473660014316,48.17473660014316,48.17473660014316,48.17473660014316,48.17473660014316
benchmark|MRFO (original)|30-5-uniform-high|inst1|run7|b20000,benchmark,MRFO (original),"30 tasks, 5 VMs, uniform/high",30,5,uniform,high,1,7,20000,45.95492541661584,11.052891536080715,44.52792459708759,44.52792459708757,3.2047323840949637,3.204732384095013,0.5613358020782471,19950,46.22005136070326,45.95492541661584,45.95492541661584,45.95492541661584,45.95492541661584,45.95492541661584,45.95492541661584,45.95492541661584,45.95492541661584,45.95492541661584,45.95492541661584,45.95492541661584,45.95492541661584,45.95492541661584,45.95492541661584,45.95492541661584,45.95492541661584,45.95492541661584,45.95492541661584,45.95492541661584
benchmark|MRFO (original)|30-5-uniform-high|inst1|run8|b20000,benchmark,MRFO (original),"30 tasks, 5 VMs, uniform/high",30,5,uniform,high,1,8,20000,46.88874094475071,11.22536069071003,44.52792459708759,44.52792459708757,5.3018782461231755,5.301878246123226,0.5570218563079834,19950,50.3082138688348,50.3082138688348,50.3082138688348,50.3082138688348,50.3082138688348,48.46481615327956,48.46481615327956,48.46481615327956,48.46481615327956,48.46481615327956,48.46481615327956,48.46481615327956,48.46481615327956,48.253137369120815,48.253137369120815,48.253137369120815,48.253137369120815,48.253137369120815,46.88874094475071,46.88874094475071
benchmark|MRFO (original)|30-5-uniform-high|inst1|run9|b20000,benchmark,MRFO (original),"30 tasks, 5 VMs, uniform/high",30,5,uniform,high,1,9,20000,47.38221306507074,11.118327113382211,44.52792459708759,44.52792459708757,6.410108923356006,6.4101089233560575,0.5577285289764404,19950,48.28741025200684,48.17939359683789,48.17939359683789,48.17939359683789,47.38221306507074,47.38221306507074,47.38221306507074,47.38221306507074,47.38221306507074,47.38221306507074,47.38221306507074,47.38221306507074,47.38221306507074,47.38221306507074,47.38221306507074,47.38221306507074,47.38221306507074,47.38221306507074,47.38221306507074,47.38221306507074
benchmark|MRFO (original)|30-5-uniform-high|inst1|run10|b20000,benchmark,MRFO (original),"30 tasks, 5 VMs, uniform/high",30,5,uniform,high,1,10,20000,48.26782447704976,11.34820104468381,44.52792459708759,44.52792459708757,8.39899886150719,8.398998861507241,0.6143741607666016,19950,51.38770921801733,51.38770921801733,51.38770921801733,51.38770921801733,51.38770921801733,51.38770921801733,51.38770921801733,51.38770921801733,51.38770921801733,51.38770921801733,51.38770921801733,51.38770921801733,48.26782447704976,48.26782447704976,48.26782447704976,48.26782447704976,48.26782447704976,48.26782447704976,48.26782447704976,48.26782447704976
benchmark|MRFO (original)|30-5-uniform-high|inst1|run11|b20000,benchmark,MRFO (original),"30 tasks, 5 VMs, uniform/high",30,5,uniform,high,1,11,20000,50.40328317184969,11.660524402535888,44.52792459708759,44.52792459708757,13.194773005760933,13.194773005760988,0.6284377574920654,19950,51.77282118347589,51.77282118347589,51.77282118347589,51.77282118347589,50.40328317184969,50.40328317184969,50.40328317184969,50.40328317184969,50.40328317184969,50.40328317184969,50.40328317184969,50.40328317184969,50.40328317184969,50.40328317184969,50.40328317184969,50.40328317184969,50.40328317184969,50.40328317184969,50.40328317184969,50.40328317184969
benchmark|MRFO (original)|30-5-uniform-high|inst1|run12|b20000,benchmark,MRFO (original),"30 tasks, 5 VMs, uniform/high",30,5,uniform,high,1,12,20000,46.81617274206533,11.176934882071514,44.52792459708759,44.52792459708757,5.138905901595533,5.138905901595583,0.5737025737762451,19950,48.42621001062288,48.42621001062288,48.42621001062288,48.42621001062288,48.42621001062288,48.42621001062288,48.42621001062288,48.42621001062288,48.42621001062288,48.42621001062288,48.42621001062288,48.42621001062288,48.42621001062288,48.42621001062288,48.42621001062288,48.42621001062288,48.42621001062288,48.42621001062288,46.81617274206533,46.81617274206533
benchmark|MRFO (original)|30-5-uniform-high|inst1|run13|b20000,benchmark,MRFO (original),"30 tasks, 5 VMs, uniform/high",30,5,uniform,high,1,13,20000,46.02167226103086,11.060855826140356,44.52792459708759,44.52792459708757,3.35463122851445,3.3546312285144997,0.5555140972137451,19950,48.23861444270973,48.23861444270973,48.23861444270973,48.23861444270973,48.23861444270973,48.23861444270973,48.23861444270973,48.23861444270973,48.23861444270973,46.02167226103086,46.02167226103086,46.02167226103086,46.02167226103086,46.02167226103086,46.02167226103086,46.02167226103086,46.02167226103086,46.02167226103086,46.02167226103086,46.02167226103086
benchmark|MRFO (original)|30-5-uniform-high|inst1|run14|b20000,benchmark,MRFO (original),"30 tasks, 5 VMs, uniform/high",30,5,uniform,high,1,14,20000,47.02434373693337,11.21358828686319,44.52792459708759,44.52792459708757,5.606412520760195,5.606412520760245,0.5683021545410156,19950,49.81413712660152,48.69441159055464,47.059262684541295,47.02434373693337,47.02434373693337,47.02434373693337,47.02434373693337,47.02434373693337,47.02434373693337,47.02434373693337,47.02434373693337,47.02434373693337,47.02434373693337,47.02434373693337,47.02434373693337,47.02434373693337,47.02434373693337,47.02434373693337,47.02434373693337,47.02434373693337
benchmark|MRFO (original)|30-5-uniform-high|inst1|run15|b20000,benchmark,MRFO (original),"30 tasks, 5 VMs, uniform/high",30,5,uniform,high,1,15,20000,46.66503951486494,10.99931889470973,44.52792459708759,44.52792459708757,4.799493659574529,4.799493659574579,0.5601937770843506,19950,47.522591411487014,47.522591411487014,47.522591411487014,47.522591411487014,47.522591411487014,46.66503951486494,46.66503951486494,46.66503951486494,46.66503951486494,46.66503951486494,46.66503951486494,46.66503951486494,46.66503951486494,46.66503951486494,46.66503951486494,46.66503951486494,46.66503951486494,46.66503951486494,46.66503951486494,46.66503951486494
benchmark|MRFO (original)|30-5-uniform-high|inst1|run16|b20000,benchmark,MRFO (original),"30 tasks, 5 VMs, uniform/high",30,5,uniform,high,1,16,20000,47.964522464284016,11.377644280586818,44.52792459708759,44.52792459708757,7.71784873939802,7.717848739398072,0.5470535755157471,19950,54.517347948366734,54.517347948366734,54.517347948366734,52.10181671286909,49.81092967565297,49.81092967565297,49.81092967565297,49.81092967565297,49.81092967565297,49.81092967565297,49.27043028148407,47.964522464284016,47.964522464284016,47.964522464284016,47.964522464284016,47.964522464284016,47.964522464284016,47.964522464284016,47.964522464284016,47.964522464284016
benchmark|MRFO (original)|30-5-uniform-high|inst1|run17|b20000,benchmark,MRFO (original),"30 tasks, 5 VMs, uniform/high",30,5,uniform,high,1,17,20000,49.158412651698924,11.507293957006304,44.52792459708759,44.52792459708757,10.39906552238951,10.399065522389563,0.5758366584777832,19950,55.950234360305124,55.66225776062269,55.66225776062269,49.158412651698924,49.158412651698924,49.158412651698924,49.158412651698924,49.158412651698924,49.158412651698924,49.158412651698924,49.158412651698924,49.158412651698924,49.158412651698924,49.158412651698924,49.158412651698924,49.158412651698924,49.158412651698924,49.158412651698924,49.158412651698924,49.158412651698924
benchmark|MRFO (original)|30-5-uniform-high|inst1|run18|b20000,benchmark,MRFO (original),"30 tasks, 5 VMs, uniform/high",30,5,uniform,high,1,18,20000,48.61007774942274,11.284432707233181,44.52792459708759,44.52792459708757,9.167625011209598,9.16762501120965,0.5442512035369873,19950,49.86890244191182,49.86890244191182,49.86890244191182,49.86890244191182,49.86890244191182,49.86890244191182,49.86890244191182,49.86890244191182,49.76061384587684,49.76061384587684,49.76061384587684,49.76061384587684,49.76061384587684,49.76061384587684,49.76061384587684,49.00973101706002,48.61007774942274,48.61007774942274,48.61007774942274,48.61007774942274
benchmark|MRFO (original)|30-5-uniform-high|inst1|run19|b20000,benchmark,MRFO (original),"30 tasks, 5 VMs, uniform/high",30,5,uniform,high,1,19,20000,46.823025347923085,11.220337922335164,44.52792459708759,44.52792459708757,5.154295358705331,5.15429535870538,0.5529062747955322,19950,48.47707159768484,46.823025347923085,46.823025347923085,46.823025347923085,46.823025347923085,46.823025347923085,46.823025347923085,46.823025347923085,46.823025347923085,46.823025347923085,46.823025347923085,46.823025347923085,46.823025347923085,46.823025347923085,46.823025347923085,46.823025347923085,46.823025347923085,46.823025347923085,46.823025347923085,46.823025347923085
benchmark|MRFO (original)|30-5-uniform-high|inst1|run20|b20000,benchmark,MRFO (original),"30 tasks, 5 VMs, uniform/high",30,5,uniform,high,1,20,20000,49.796003975067464,11.498784570021686,44.52792459708759,44.52792459708757,11.830956474276007,11.83095647427606,0.5582883358001709,19950,49.89659752039698,49.89659752039698,49.796003975067464,49.796003975067464,49.796003975067464,49.796003975067464,49.796003975067464,49.796003975067464,49.796003975067464,49.796003975067464,49.796003975067464,49.796003975067464,49.796003975067464,49.796003975067464,49.796003975067464,49.796003975067464,49.796003975067464,49.796003975067464,49.796003975067464,49.796003975067464
benchmark|MRFO (original)|30-5-uniform-high|inst1|run21|b20000,benchmark,MRFO (original),"30 tasks, 5 VMs, uniform/high",30,5,uniform,high,1,21,20000,47.45265260959872,11.229059287135835,44.52792459708759,44.52792459708757,6.56830076626214,6.56830076626219,0.5578911304473877,19950,47.58715297724502,47.58715297724502,47.45265260959872,47.45265260959872,47.45265260959872,47.45265260959872,47.45265260959872,47.45265260959872,47.45265260959872,47.45265260959872,47.45265260959872,47.45265260959872,47.45265260959872,47.45265260959872,47.45265260959872,47.45265260959872,47.45265260959872,47.45265260959872,47.45265260959872,47.45265260959872
benchmark|MRFO (original)|30-5-uniform-high|inst1|run22|b20000,benchmark,MRFO (original),"30 tasks, 5 VMs, uniform/high",30,5,uniform,high,1,22,20000,47.06721264516466,11.256391326841124,44.52792459708759,44.52792459708757,5.702686732098792,5.702686732098843,0.5546841621398926,19950,49.5487553771353,47.06721264516466,47.06721264516466,47.06721264516466,47.06721264516466,47.06721264516466,47.06721264516466,47.06721264516466,47.06721264516466,47.06721264516466,47.06721264516466,47.06721264516466,47.06721264516466,47.06721264516466,47.06721264516466,47.06721264516466,47.06721264516466,47.06721264516466,47.06721264516466,47.06721264516466
benchmark|MRFO (original)|30-5-uniform-high|inst1|run23|b20000,benchmark,MRFO (original),"30 tasks, 5 VMs, uniform/high",30,5,uniform,high,1,23,20000,47.53200171444399,11.166763138047283,44.52792459708759,44.52792459708757,6.746501537044213,6.746501537044264,0.5870909690856934,19950,55.94257337775554,55.94257337775554,47.53200171444399,47.53200171444399,47.53200171444399,47.53200171444399,47.53200171444399,47.53200171444399,47.53200171444399,47.53200171444399,47.53200171444399,47.53200171444399,47.53200171444399,47.53200171444399,47.53200171444399,47.53200171444399,47.53200171444399,47.53200171444399,47.53200171444399,47.53200171444399
benchmark|MRFO (original)|30-5-uniform-high|inst1|run24|b20000,benchmark,MRFO (original),"30 tasks, 5 VMs, uniform/high",30,5,uniform,high,1,24,20000,46.930952687234026,11.204131708593952,44.52792459708759,44.52792459708757,5.396676606624528,5.396676606624578,0.5596120357513428,19950,46.930952687234026,46.930952687234026,46.930952687234026,46.930952687234026,46.930952687234026,46.930952687234026,46.930952687234026,46.930952687234026,46.930952687234026,46.930952687234026,46.930952687234026,46.930952687234026,46.930952687234026,46.930952687234026,46.930952687234026,46.930952687234026,46.930952687234026,46.930952687234026,46.930952687234026,46.930952687234026
benchmark|MRFO (original)|30-5-uniform-high|inst1|run25|b20000,benchmark,MRFO (original),"30 tasks, 5 VMs, uniform/high",30,5,uniform,high,1,25,20000,47.42608698631249,11.184165812483112,44.52792459708759,44.52792459708757,6.5086401745624105,6.508640174562462,0.5580298900604248,19950,49.25774798536466,49.25774798536466,49.25774798536466,49.25774798536466,49.25774798536466,49.25774798536466,49.25774798536466,49.25774798536466,49.25774798536466,47.42608698631249,47.42608698631249,47.42608698631249,47.42608698631249,47.42608698631249,47.42608698631249,47.42608698631249,47.42608698631249,47.42608698631249,47.42608698631249,47.42608698631249
benchmark|MRFO (original)|30-5-uniform-high|inst1|run26|b20000,benchmark,MRFO (original),"30 tasks, 5 VMs, uniform/high",30,5,uniform,high,1,26,20000,46.40839840971425,11.096538809652262,44.52792459708759,44.52792459708757,4.22313375177979,4.223133751779841,0.6179783344268799,19950,52.46766999154389,52.46766999154389,52.46766999154389,52.46766999154389,48.904108642026316,46.40839840971425,46.40839840971425,46.40839840971425,46.40839840971425,46.40839840971425,46.40839840971425,46.40839840971425,46.40839840971425,46.40839840971425,46.40839840971425,46.40839840971425,46.40839840971425,46.40839840971425,46.40839840971425,46.40839840971425
benchmark|MRFO (original)|30-5-uniform-high|inst1|run27|b20000,benchmark,MRFO (original),"30 tasks, 5 VMs, uniform/high",30,5,uniform,high,1,27,20000,46.98368852017133,11.080482945400412,44.52792459708759,44.52792459708757,5.515109777302217,5.515109777302268,0.6061336994171143,19950,47.772066385413,47.060957068366385,46.98368852017133,46.98368852017133,46.98368852017133,46.98368852017133,46.98368852017133,46.98368852017133,46.98368852017133,46.98368852017133,46.98368852017133,46.98368852017133,46.98368852017133,46.98368852017133,46.98368852017133,46.98368852017133,46.98368852017133,46.98368852017133,46.98368852017133,46.98368852017133
benchmark|MRFO (original)|30-5-uniform-high|inst1|run28|b20000,benchmark,MRFO (original),"30 tasks, 5 VMs, uniform/high",30,5,uniform,high,1,28,20000,45.020807767539566,10.923519216466664,44.52792459708759,44.52792459708757,1.1069080243731209,1.1069080243731693,0.5592470169067383,19950,47.39080979140549,47.39080979140549,47.39080979140549,47.39080979140549,47.39080979140549,47.39080979140549,47.39080979140549,47.39080979140549,47.39080979140549,45.70845501866921,45.70845501866921,45.020807767539566,45.020807767539566,45.020807767539566,45.020807767539566,45.020807767539566,45.020807767539566,45.020807767539566,45.020807767539566,45.020807767539566
benchmark|MRFO (original)|30-5-uniform-high|inst1|run29|b20000,benchmark,MRFO (original),"30 tasks, 5 VMs, uniform/high",30,5,uniform,high,1,29,20000,48.05078016198092,11.376498635504602,44.52792459708759,44.52792459708757,7.911564701858445,7.911564701858498,0.5531935691833496,19950,48.06859923423105,48.06859923423105,48.06859923423105,48.06859923423105,48.06859923423105,48.06859923423105,48.06859923423105,48.05078016198092,48.05078016198092,48.05078016198092,48.05078016198092,48.05078016198092,48.05078016198092,48.05078016198092,48.05078016198092,48.05078016198092,48.05078016198092,48.05078016198092,48.05078016198092,48.05078016198092
benchmark|QI-MRFO + swap|30-5-uniform-high|inst1|run0|b20000,benchmark,QI-MRFO + swap,"30 tasks, 5 VMs, uniform/high",30,5,uniform,high,1,0,20000,44.55232390839397,10.870412030755931,44.52792459708759,44.52792459708757,0.05479552781127858,0.05479552781132648,2.5482399463653564,19950,44.749727597959065,44.729790863482975,44.67526753215172,44.6454163620716,44.59815981373227,44.59815981373227,44.59815981373227,44.59815981373227,44.59815981373227,44.59815981373227,44.59815981373227,44.57425061202724,44.57425061202724,44.57425061202724,44.57425061202724,44.57425061202724,44.57425061202724,44.56977950180772,44.555355199627236,44.55232390839397
benchmark|QI-MRFO + swap|30-5-uniform-high|inst1|run1|b20000,benchmark,QI-MRFO + swap,"30 tasks, 5 VMs, uniform/high",30,5,uniform,high,1,1,20000,44.55221613808426,10.871349524470505,44.52792459708759,44.52792459708757,0.05455349921756767,0.05455349921761557,2.6379241943359375,19950,44.729396932657885,44.63218058864973,44.63218058864973,44.555973037291146,44.555973037291146,44.555973037291146,44.555973037291146,44.555973037291146,44.555973037291146,44.555973037291146,44.555973037291146,44.555973037291146,44.555973037291146,44.55221613808426,44.55221613808426,44.55221613808426,44.55221613808426,44.55221613808426,44.55221613808426,44.55221613808426
benchmark|QI-MRFO + swap|30-5-uniform-high|inst1|run2|b20000,benchmark,QI-MRFO + swap,"30 tasks, 5 VMs, uniform/high",30,5,uniform,high,1,2,20000,44.64543873711196,10.873484661311409,44.52792459708759,44.52792459708757,0.2639111099106897,0.26391110991073774,2.5567848682403564,19950,44.74919827735587,44.64543873711196,44.64543873711196,44.64543873711196,44.64543873711196,44.64543873711196,44.64543873711196,44.64543873711196,44.64543873711196,44.64543873711196,44.64543873711196,44.64543873711196,44.64543873711196,44.64543873711196,44.64543873711196,44.64543873711196,44.64543873711196,44.64543873711196,44.64543873711196,44.64543873711196
benchmark|QI-MRFO + swap|30-5-uniform-high|inst1|run3|b20000,benchmark,QI-MRFO + swap,"30 tasks, 5 VMs, uniform/high",30,5,uniform,high,1,3,20000,44.537870372089266,10.869649970819982,44.52792459708759,44.52792459708757,0.022336039893325478,0.02233603989337336,2.7426271438598633,19950,44.72388069395049,44.647839820015406,44.6407974545584,44.6407974545584,44.61379274822988,44.55530854509249,44.55415206662235,44.54822403522656,44.537870372089266,44.537870372089266,44.537870372089266,44.537870372089266,44.537870372089266,44.537870372089266,44.537870372089266,44.537870372089266,44.537870372089266,44.537870372089266,44.537870372089266,44.537870372089266
benchmark|QI-MRFO + swap|30-5-uniform-high|inst1|run4|b20000,benchmark,QI-MRFO + swap,"30 tasks, 5 VMs, uniform/high",30,5,uniform,high,1,4,20000,44.633774156931466,10.871547213479504,44.52792459708759,44.52792459708757,0.2377150087313941,0.23771500873144208,2.6955833435058594,19950,44.7323484333242,44.6457323196329,44.6457323196329,44.645423648990146,44.633774156931466,44.633774156931466,44.633774156931466,44.633774156931466,44.633774156931466,44.633774156931466,44.633774156931466,44.633774156931466,44.633774156931466,44.633774156931466,44.633774156931466,44.633774156931466,44.633774156931466,44.633774156931466,44.633774156931466,44.633774156931466
benchmark|QI-MRFO + swap|30-5-uniform-high|inst1|run5|b20000,benchmark,QI-MRFO + swap,"30 tasks, 5 VMs, uniform/high",30,5,uniform,high,1,5,20000,44.56583081946536,10.871499078827377,44.52792459708759,44.52792459708757,0.08512910206520195,0.08512910206524986,2.7856504917144775,19950,44.765732853235576,44.765732853235576,44.765732853235576,44.673013931755364,44.65592193440106,44.65592193440106,44.65592193440106,44.65592193440106,44.65592193440106,44.65592193440106,44.65592193440106,44.65592193440106,44.651530638652595,44.61885064547167,44.59350358601796,44.59350358601796,44.56583081946536,44.56583081946536,44.56583081946536,44.56583081946536
benchmark|QI-MRFO + swap|30-5-uniform-high|inst1|run6|b20000,benchmark,QI-MRFO + swap,"30 tasks, 5 VMs, uniform/high",30,5,uniform,high,1,6,20000,44.54792726167541,10.869847168190057,44.52792459708759,44.52792459708757,0.044921618891551426,0.04492161889159932,2.7244503498077393,19950,44.82072343196302,44.64969212801577,44.64969212801577,44.64969212801577,44.64969212801577,44.5746053065757,44.5746053065757,44.5746053065757,44.5746053065757,44.56597477114602,44.56597477114602,44.56407305161748,44.55430529562151,44.55430529562151,44.55430529562151,44.55430529562151,44.54792726167541,44.54792726167541,44.54792726167541,44.54792726167541
benchmark|QI-MRFO + swap|30-5-uniform-high|inst1|run7|b20000,benchmark,QI-MRFO + swap,"30 tasks, 5 VMs, uniform/high",30,5,uniform,high,1,7,20000,44.55703755429189,10.871903756386459,44.52792459708759,44.52792459708757,0.06538134769973493,0.06538134769978282,2.8497111797332764,19950,44.82216342022831,44.76056513178108,44.76056513178108,44.76056513178108,44.76056513178108,44.76056513178108,44.733417968646464,44.645336685110365,44.57292618539645,44.57292618539645,44.57292618539645,44.57292618539645,44.57292618539645,44.56245310314524,44.56245310314524,44.56245310314524,44.55703755429189,44.55703755429189,44.55703755429189,44.55703755429189
benchmark|QI-MRFO + swap|30-5-uniform-high|inst1|run8|b20000,benchmark,QI-MRFO + swap,"30 tasks, 5 VMs, uniform/high",30,5,uniform,high,1,8,20000,44.55629224593399,10.871465393722335,44.52792459708759,44.52792459708757,0.06370754779856419,0.0637075477986121,2.644407272338867,19950,44.661628911598065,44.655097790427604,44.584102541530555,44.584102541530555,44.584102541530555,44.57848310792012,44.55629224593399,44.55629224593399,44.55629224593399,44.55629224593399,44.55629224593399,44.55629224593399,44.55629224593399,44.55629224593399,44.55629224593399,44.55629224593399,44.55629224593399,44.55629224593399,44.55629224593399,44.55629224593399
benchmark|QI-MRFO + swap|30-5-uniform-high|inst1|run9|b20000,benchmark,QI-MRFO + swap,"30 tasks, 5 VMs, uniform/high",30,5,uniform,high,1,9,20000,44.55558054606462,10.871673252963301,44.52792459708759,44.52792459708757,0.06210922522725595,0.06210922522730385,2.682424545288086,19950,44.87477392993488,44.55817253199574,44.55817253199574,44.55817253199574,44.55817253199574,44.55817253199574,44.55817253199574,44.55817253199574,44.55817253199574,44.55817253199574,44.55817253199574,44.55817253199574,44.55817253199574,44.55817253199574,44.55558054606462,44.55558054606462,44.55558054606462,44.55558054606462,44.55558054606462,44.55558054606462
benchmark|QI-MRFO + swap|30-5-uniform-high|inst1|run10|b20000,benchmark,QI-MRFO + swap,"30 tasks, 5 VMs, uniform/high",30,5,uniform,high,1,10,20000,44.61250664726161,10.880436051373964,44.52792459708759,44.52792459708757,0.18995282385012136,0.18995282385016932,2.7084145545959473,19950,44.67836850332237,44.6401794138142,44.61250664726161,44.61250664726161,44.61250664726161,44.61250664726161,44.61250664726161,44.61250664726161,44.61250664726161,44.61250664726161,44.61250664726161,44.61250664726161,44.61250664726161,44.61250664726161,44.61250664726161,44.61250664726161,44.61250664726161,44.61250664726161,44.61250664726161,44.61250664726161
benchmark|QI-MRFO + swap|30-5-uniform-high|inst1|run11|b20000,benchmark,QI-MRFO + swap,"30 tasks, 5 VMs, uniform/high",30,5,uniform,high,1,11,20000,44.595722734522674,10.87087169431955,44.52792459708759,44.52792459708757,0.15225981908781347,0.1522598190878614,2.665707588195801,19950,44.99713681296907,44.72474495898076,44.72474495898076,44.67273625475071,44.67273625475071,44.67273625475071,44.67273625475071,44.62702697177406,44.61889465779305,44.61889465779305,44.61889465779305,44.61889465779305,44.61889465779305,44.595722734522674,44.595722734522674,44.595722734522674,44.595722734522674,44.595722734522674,44.595722734522674,44.595722734522674
benchmark|QI-MRFO + swap|30-5-uniform-high|inst1|run12|b20000,benchmark,QI-MRFO + swap,"30 tasks, 5 VMs, uniform/high",30,5,uniform,high,1,12,20000,44.59454794912481,10.878769177982617,44.52792459708759,44.52792459708757,0.14962150749234873,0.1496215074923967,2.545161247253418,19950,44.70064252665324,44.70064252665324,44.70064252665324,44.698424090596006,44.698424090596006,44.63831959467961,44.610877814896426,44.59454794912481,44.59454794912481,44.59454794912481,44.59454794912481,44.59454794912481,44.59454794912481,44.59454794912481,44.59454794912481,44.59454794912481,44.59454794912481,44.59454794912481,44.59454794912481,44.59454794912481
benchmark|QI-MRFO + swap|30-5-uniform-high|inst1|run13|b20000,benchmark,QI-MRFO + swap,"30 tasks, 5 VMs, uniform/high",30,5,uniform,high,1,13,20000,44.56222028517224,10.871739067468274,44.52792459708759,44.52792459708757,0.07702063007645854,0.07702063007650645,2.6508936882019043,19950,44.63238319355821,44.6040781134943,44.58856362771048,44.58856362771048,44.58856362771048,44.57367187743091,44.57367187743091,44.57367187743091,44.56222028517224,44.56222028517224,44.56222028517224,44.56222028517224,44.56222028517224,44.56222028517224,44.56222028517224,44.56222028517224,44.56222028517224,44.56222028517224,44.56222028517224,44.56222028517224
benchmark|QI-MRFO + swap|30-5-uniform-high|inst1|run14|b20000,benchmark,QI-MRFO + swap,"30 tasks, 5 VMs, uniform/high",30,5,uniform,high,1,14,20000,44.63317804190648,10.871765703672368,44.52792459708759,44.52792459708757,0.23637626449308274,0.2363762644931307,2.7073493003845215,19950,44.755244290394394,44.72823232652477,44.702464176043,44.702464176043,44.702464176043,44.66143318693131,44.66143318693131,44.66143318693131,44.63317804190648,44.63317804190648,44.63317804190648,44.63317804190648,44.63317804190648,44.63317804190648,44.63317804190648,44.63317804190648,44.63317804190648,44.63317804190648,44.63317804190648,44.63317804190648
benchmark|QI-MRFO + swap|30-5-uniform-high|inst1|run15|b20000,benchmark,QI-MRFO + swap,"30 tasks, 5 VMs, uniform/high",30,5,uniform,high,1,15,20000,44.59454794912481,10.878507246327352,44.52792459708759,44.52792459708757,0.14962150749234873,0.1496215074923967,2.5287868976593018,19950,44.800357852770695,44.71653555795437,44.652762566487034,44.609049530464986,44.609049530464986,44.609049530464986,44.609049530464986,44.609049530464986,44.59454794912481,44.59454794912481,44.59454794912481,44.59454794912481,44.59454794912481,44.59454794912481,44.59454794912481,44.59454794912481,44.59454794912481,44.59454794912481,44.59454794912481,44.59454794912481
benchmark|QI-MRFO + swap|30-5-uniform-high|inst1|run16|b20000,benchmark,QI-MRFO + swap,"30 tasks, 5 VMs, uniform/high",30,5,uniform,high,1,16,20000,44.59454794912481,10.878080463092662,44.52792459708759,44.52792459708757,0.14962150749234873,0.1496215074923967,2.5766682624816895,19950,44.70552453930003,44.66608278151612,44.66608278151612,44.66608278151612,44.66608278151612,44.59454794912481,44.59454794912481,44.59454794912481,44.59454794912481,44.59454794912481,44.59454794912481,44.59454794912481,44.59454794912481,44.59454794912481,44.59454794912481,44.59454794912481,44.59454794912481,44.59454794912481,44.59454794912481,44.59454794912481
benchmark|QI-MRFO + swap|30-5-uniform-high|inst1|run17|b20000,benchmark,QI-MRFO + swap,"30 tasks, 5 VMs, uniform/high",30,5,uniform,high,1,17,20000,44.572003879243795,10.876026759681867,44.52792459708759,44.52792459708757,0.09899244699827582,0.09899244699832374,2.543459415435791,19950,44.80274108368208,44.572003879243795,44.572003879243795,44.572003879243795,44.572003879243795,44.572003879243795,44.572003879243795,44.572003879243795,44.572003879243795,44.572003879243795,44.572003879243795,44.572003879243795,44.572003879243795,44.572003879243795,44.572003879243795,44.572003879243795,44.572003879243795,44.572003879243795,44.572003879243795,44.572003879243795
benchmark|QI-MRFO + swap|30-5-uniform-high|inst1|run18|b20000,benchmark,QI-MRFO + swap,"30 tasks, 5 VMs, uniform/high",30,5,uniform,high,1,18,20000,44.559706488985015,10.871540038581927,44.52792459708759,44.52792459708757,0.07137519249999519,0.0713751925000431,2.6777467727661133,19950,44.96717821951532,44.951032429573246,44.951032429573246,44.57991957590856,44.57991957590856,44.57991957590856,44.57991957590856,44.57991957590856,44.57991957590856,44.57991957590856,44.57991957590856,44.57991957590856,44.57991957590856,44.57040702502124,44.57040702502124,44.57040702502124,44.57040702502124,44.57040702502124,44.57040702502124,44.559706488985015
benchmark|QI-MRFO + swap|30-5-uniform-high|inst1|run19|b20000,benchmark,QI-MRFO + swap,"30 tasks, 5 VMs, uniform/high",30,5,uniform,high,1,19,20000,44.624916323355095,10.870450912727417,44.52792459708759,44.52792459708757,0.2178222478256888,0.21782224782573675,2.5735936164855957,19950,44.79495888831204,44.79495888831204,44.79495888831204,44.62644205654915,44.624916323355095,44.624916323355095,44.624916323355095,44.624916323355095,44.624916323355095,44.624916323355095,44.624916323355095,44.624916323355095,44.624916323355095,44.624916323355095,44.624916323355095,44.624916323355095,44.624916323355095,44.624916323355095,44.624916323355095,44.624916323355095
benchmark|QI-MRFO + swap|30-5-uniform-high|inst1|run20|b20000,benchmark,QI-MRFO + swap,"30 tasks, 5 VMs, uniform/high",30,5,uniform,high,1,20,20000,44.59454794912481,10.879725152874688,44.52792459708759,44.52792459708757,0.14962150749234873,0.1496215074923967,2.548175096511841,19950,44.62693157742925,44.62693157742925,44.59454794912481,44.59454794912481,44.59454794912481,44.59454794912481,44.59454794912481,44.59454794912481,44.59454794912481,44.59454794912481,44.59454794912481,44.59454794912481,44.59454794912481,44.59454794912481,44.59454794912481,44.59454794912481,44.59454794912481,44.59454794912481,44.59454794912481,44.59454794912481
benchmark|QI-MRFO + swap|30-5-uniform-high|inst1|run21|b20000,benchmark,QI-MRFO + swap,"30 tasks, 5 VMs, uniform/high",30,5,uniform,high,1,21,20000,44.557332742434625,10.872334106585667,44.52792459708759,44.52792459708757,0.06604427584068795,0.06604427584073586,2.5471315383911133,19950,44.902853479703325,44.7284663865634,44.64058606696911,44.60897840352972,44.60079798327422,44.60079798327422,44.57298135658466,44.57298135658466,44.57298135658466,44.57298135658466,44.557332742434625,44.557332742434625,44.557332742434625,44.557332742434625,44.557332742434625,44.557332742434625,44.557332742434625,44.557332742434625,44.557332742434625,44.557332742434625
benchmark|QI-MRFO + swap|30-5-uniform-high|inst1|run22|b20000,benchmark,QI-MRFO + swap,"30 tasks, 5 VMs, uniform/high",30,5,uniform,high,1,22,20000,44.60897840352972,10.880927516401227,44.52792459708759,44.52792459708757,0.18202915850120138,0.18202915850124934,2.5947983264923096,19950,44.60897840352972,44.60897840352972,44.60897840352972,44.60897840352972,44.60897840352972,44.60897840352972,44.60897840352972,44.60897840352972,44.60897840352972,44.60897840352972,44.60897840352972,44.60897840352972,44.60897840352972,44.60897840352972,44.60897840352972,44.60897840352972,44.60897840352972,44.60897840352972,44.60897840352972,44.60897840352972
benchmark|QI-MRFO + swap|30-5-uniform-high|inst1|run23|b20000,benchmark,QI-MRFO + swap,"30 tasks, 5 VMs, uniform/high",30,5,uniform,high,1,23,20000,44.56494805532883,10.872234102567418,44.52792459708759,44.52792459708757,0.08314660648625449,0.0831466064863024,2.599663019180298,19950,44.811119082123675,44.811119082123675,44.811119082123675,44.69275377078323,44.68739187924526,44.68739187924526,44.66195428675338,44.66195428675338,44.64067961212013,44.64067482273308,44.64067482273308,44.592967352425106,44.592967352425106,44.56494805532883,44.56494805532883,44.56494805532883,44.56494805532883,44.56494805532883,44.56494805532883,44.56494805532883
benchmark|QI-MRFO + swap|30-5-uniform-high|inst1|run24|b20000,benchmark,QI-MRFO + swap,"30 tasks, 5 VMs, uniform/high",30,5,uniform,high,1,24,20000,44.567940970852526,10.871717170434101,44.52792459708759,44.52792459708757,0.08986804152006757,0.08986804152011547,2.6508800983428955,19950,44.911215946497656,44.597719638689725,44.597719638689725,44.597719638689725,44.597719638689725,44.597719638689725,44.597719638689725,44.597719638689725,44.597719638689725,44.597719638689725,44.578485401462174,44.578485401462174,44.578485401462174,44.578485401462174,44.578485401462174,44.578485401462174,44.578485401462174,44.567940970852526,44.567940970852526,44.567940970852526
benchmark|QI-MRFO + swap|30-5-uniform-high|inst1|run25|b20000,benchmark,QI-MRFO + swap,"30 tasks, 5 VMs, uniform/high",30,5,uniform,high,1,25,20000,44.55016753848858,10.870881810211147,44.52792459708759,44.52792459708757,0.049952791652104776,0.049952791652152675,2.702317476272583,19950,44.7016043646033,44.62559249851842,44.55320488791952,44.55016753848858,44.55016753848858,44.55016753848858,44.55016753848858,44.55016753848858,44.55016753848858,44.55016753848858,44.55016753848858,44.55016753848858,44.55016753848858,44.55016753848858,44.55016753848858,44.55016753848858,44.55016753848858,44.55016753848858,44.55016753848858,44.55016753848858
benchmark|QI-MRFO + swap|30-5-uniform-high|inst1|run26|b20000,benchmark,QI-MRFO + swap,"30 tasks, 5 VMs, uniform/high",30,5,uniform,high,1,26,20000,44.55639192908022,10.870076652745414,44.52792459708759,44.52792459708757,0.06393141438820123,0.06393141438824913,2.546858549118042,19950,44.88312667156755,44.755458268278375,44.755458268278375,44.755458268278375,44.755458268278375,44.755458268278375,44.755458268278375,44.755458268278375,44.74248205482758,44.74248205482758,44.67145428940785,44.597719638689725,44.597719638689725,44.597719638689725,44.597719638689725,44.55639192908022,44.55639192908022,44.55639192908022,44.55639192908022,44.55639192908022
benchmark|QI-MRFO + swap|30-5-uniform-high|inst1|run27|b20000,benchmark,QI-MRFO + swap,"30 tasks, 5 VMs, uniform/high",30,5,uniform,high,1,27,20000,44.5455006372303,10.870843662757975,44.52792459708759,44.52792459708757,0.039471950021799485,0.03947195002184737,2.644157648086548,19950,44.75033544575878,44.720749443567755,44.639534585172974,44.639534585172974,44.639534585172974,44.639534585172974,44.639534585172974,44.639534585172974,44.62005556126188,44.62005556126188,44.59454794912481,44.54939560631326,44.54939560631326,44.54939560631326,44.54939560631326,44.54939560631326,44.54939560631326,44.54939560631326,44.54939560631326,44.5455006372303
benchmark|QI-MRFO + swap|30-5-uniform-high|inst1|run28|b20000,benchmark,QI-MRFO + swap,"30 tasks, 5 VMs, uniform/high",30,5,uniform,high,1,28,20000,44.597719638689725,10.87929685689967,44.52792459708759,44.52792459708757,0.15674443000359212,0.15674443000364005,2.5410842895507812,19950,44.800145956729004,44.73554639425092,44.73554639425092,44.63851771283664,44.63851771283664,44.63851771283664,44.63851771283664,44.63851771283664,44.63851771283664,44.597719638689725,44.597719638689725,44.597719638689725,44.597719638689725,44.597719638689725,44.597719638689725,44.597719638689725,44.597719638689725,44.597719638689725,44.597719638689725,44.597719638689725
benchmark|QI-MRFO + swap|30-5-uniform-high|inst1|run29|b20000,benchmark,QI-MRFO + swap,"30 tasks, 5 VMs, uniform/high",30,5,uniform,high,1,29,20000,44.54458986598421,10.87151383739179,44.52792459708759,44.52792459708757,0.037426556587608614,0.0374265565876565,2.6544442176818848,19950,44.6976820546715,44.642720520618646,44.58517745683377,44.57431878918094,44.57431878918094,44.57431878918094,44.55753048326697,44.55753048326697,44.55753048326697,44.55753048326697,44.55753048326697,44.55753048326697,44.55753048326697,44.55753048326697,44.55753048326697,44.55753048326697,44.55753048326697,44.55753048326697,44.54458986598421,44.54458986598421
benchmark|QI-MRFO + swap + Max-Min start|30-5-uniform-high|inst1|run0|b20000,benchmark,QI-MRFO + swap + Max-Min start,"30 tasks, 5 VMs, uniform/high",30,5,uniform,high,1,0,20000,44.62803308249871,10.874576777925787,44.52792459708759,44.52792459708757,0.2248218085997827,0.2248218085998307,2.687714099884033,19951,44.6659230803369,44.6659230803369,44.637282169166966,44.637282169166966,44.637282169166966,44.637282169166966,44.637282169166966,44.63459630593222,44.63459630593222,44.63459630593222,44.63459630593222,44.63459630593222,44.63459630593222,44.63459630593222,44.63459630593222,44.63459630593222,44.63459630593222,44.63459630593222,44.63459630593222,44.62803308249871
benchmark|QI-MRFO + swap + Max-Min start|30-5-uniform-high|inst1|run1|b20000,benchmark,QI-MRFO + swap + Max-Min start,"30 tasks, 5 VMs, uniform/high",30,5,uniform,high,1,1,20000,44.676522503817175,10.874350497905782,44.52792459708759,44.52792459708757,0.33371846560147933,0.33371846560152735,2.6007583141326904,19951,44.815775813400776,44.69295846969398,44.67667808227093,44.67667808227093,44.67667808227093,44.67667808227093,44.67667808227093,44.67667808227093,44.67667808227093,44.67667808227093,44.67667808227093,44.67667808227093,44.67667808227093,44.67667808227093,44.67667808227093,44.67667808227093,44.67667808227093,44.67667808227093,44.67667808227093,44.676522503817175
benchmark|QI-MRFO + swap + Max-Min start|30-5-uniform-high|inst1|run2|b20000,benchmark,QI-MRFO + swap + Max-Min start,"30 tasks, 5 VMs, uniform/high",30,5,uniform,high,1,2,20000,44.57101998906313,10.873831425359745,44.52792459708759,44.52792459708757,0.09678284439594055,0.09678284439598847,2.525315761566162,19951,44.8668436839952,44.826872155702766,44.79444230114315,44.66406055850261,44.66406055850261,44.66406055850261,44.66406055850261,44.65711675074104,44.65711675074104,44.65711675074104,44.61937578735524,44.61937578735524,44.58505174697312,44.57816699813054,44.57816699813054,44.57816699813054,44.57816699813054,44.57816699813054,44.57101998906313,44.57101998906313
benchmark|QI-MRFO + swap + Max-Min start|30-5-uniform-high|inst1|run3|b20000,benchmark,QI-MRFO + swap + Max-Min start,"30 tasks, 5 VMs, uniform/high",30,5,uniform,high,1,3,20000,44.60897840352972,10.880547829756829,44.52792459708759,44.52792459708757,0.18202915850120138,0.18202915850124934,2.6914312839508057,19951,44.676620412791934,44.67163623660548,44.660361159032156,44.60897840352972,44.60897840352972,44.60897840352972,44.60897840352972,44.60897840352972,44.60897840352972,44.60897840352972,44.60897840352972,44.60897840352972,44.60897840352972,44.60897840352972,44.60897840352972,44.60897840352972,44.60897840352972,44.60897840352972,44.60897840352972,44.60897840352972
benchmark|QI-MRFO + swap + Max-Min start|30-5-uniform-high|inst1|run4|b20000,benchmark,QI-MRFO + swap + Max-Min start,"30 tasks, 5 VMs, uniform/high",30,5,uniform,high,1,4,20000,44.637210525347925,10.871798306472398,44.52792459708759,44.52792459708757,0.24543234217451543,0.24543234217456342,2.626685380935669,19951,44.75793984348083,44.75793984348083,44.722543340624995,44.70463923209792,44.70463923209792,44.70463923209792,44.640758607318986,44.640758607318986,44.640758607318986,44.640758607318986,44.640758607318986,44.640758607318986,44.640758607318986,44.640758607318986,44.640758607318986,44.640758607318986,44.640758607318986,44.640758607318986,44.640758607318986,44.637210525347925
benchmark|QI-MRFO + swap + Max-Min start|30-5-uniform-high|inst1|run5|b20000,benchmark,QI-MRFO + swap + Max-Min start,"30 tasks, 5 VMs, uniform/high",30,5,uniform,high,1,5,20000,44.62114860488251,10.869971406839047,44.52792459708759,44.52792459708757,0.20936077447681778,0.20936077447686574,2.63228178024292,19951,44.815775813400776,44.81060428129321,44.75793984348083,44.70463923209792,44.70463923209792,44.70463923209792,44.70463923209792,44.70463923209792,44.657450310544476,44.657450310544476,44.657450310544476,44.657450310544476,44.657450310544476,44.653897467138734,44.653897467138734,44.653897467138734,44.64815331121102,44.640850504884774,44.62114860488251,44.62114860488251
benchmark|QI-MRFO + swap + Max-Min start|30-5-uniform-high|inst1|run6|b20000,benchmark,QI-MRFO + swap + Max-Min start,"30 tasks, 5 VMs, uniform/high",30,5,uniform,high,1,6,20000,44.67947997108704,10.875098832770016,44.52792459708759,44.52792459708757,0.34036029159410425,0.34036029159415226,2.527595043182373,19951,44.815775813400776,44.78281105310005,44.78281105310005,44.78281105310005,44.78281105310005,44.75150681584867,44.75150681584867,44.75150681584867,44.75150681584867,44.75150681584867,44.67947997108704,44.67947997108704,44.67947997108704,44.67947997108704,44.67947997108704,44.67947997108704,44.67947997108704,44.67947997108704,44.67947997108704,44.67947997108704
benchmark|QI-MRFO + swap + Max-Min start|30-5-uniform-high|inst1|run7|b20000,benchmark,QI-MRFO + swap + Max-Min start,"30 tasks, 5 VMs, uniform/high",30,5,uniform,high,1,7,20000,44.67945263599627,10.874871186726203,44.52792459708759,44.52792459708757,0.34029890294637855,0.34029890294642656,2.7483913898468018,19951,44.71618316647841,44.71096165945393,44.68537752119989,44.68537752119989,44.68537752119989,44.6827065144291,44.6827065144291,44.6827065144291,44.6827065144291,44.68191676423501,44.68191676423501,44.67945263599627,44.67945263599627,44.67945263599627,44.67945263599627,44.67945263599627,44.67945263599627,44.67945263599627,44.67945263599627,44.67945263599627
benchmark|QI-MRFO + swap + Max-Min start|30-5-uniform-high|inst1|run9|b20000,benchmark,QI-MRFO + swap + Max-Min start,"30 tasks, 5 VMs, uniform/high",30,5,uniform,high,1,9,20000,44.667449999967175,10.872769259879284,44.52792459708759,44.52792459708757,0.3133436021150435,0.3133436021150915,2.6361019611358643,19951,44.78812698174688,44.75987183672205,44.75793984348083,44.735997421699764,44.70463923209792,44.70463923209792,44.69117196514844,44.689540047152015,44.689540047152015,44.689540047152015,44.689540047152015,44.689540047152015,44.689540047152015,44.689540047152015,44.689540047152015,44.683463339381376,44.67489027061536,44.67489027061536,44.67489027061536,44.667449999967175
benchmark|QI-MRFO + swap + Max-Min start|30-5-uniform-high|inst1|run8|b20000,benchmark,QI-MRFO + swap + Max-Min start,"30 tasks, 5 VMs, uniform/high",30,5,uniform,high,1,8,20000,44.65792048720044,10.871948528003564,44.52792459708759,44.52792459708757,0.29194239634818847,0.2919423963482365,2.6864795684814453,19951,44.81904129883962,44.792137963350044,44.792137963350044,44.792137963350044,44.72903253986995,44.72903253986995,44.72903253986995,44.72903253986995,44.72903253986995,44.72903253986995,44.66100149158738,44.66100149158738,44.66100149158738,44.66100149158738,44.66100149158738,44.66100149158738,44.66100149158738,44.65792048720044,44.65792048720044,44.65792048720044
benchmark|QI-MRFO + swap + Max-Min start|30-5-uniform-high|inst1|run10|b20000,benchmark,QI-MRFO + swap + Max-Min start,"30 tasks, 5 VMs, uniform/high",30,5,uniform,high,1,10,20000,44.64662491339922,10.870297976657536,44.52792459708759,44.52792459708757,0.2665750029575718,0.26657500295761977,2.503160238265991,19951,44.76851905586938,44.70463923209792,44.70463923209792,44.70463923209792,44.70463923209792,44.70463923209792,44.70463923209792,44.70463923209792,44.70463923209792,44.69295846969398,44.688304818052984,44.660049673028155,44.660049673028155,44.660049673028155,44.660049673028155,44.649726242001314,44.649726242001314,44.649726242001314,44.64662491339922,44.64662491339922
benchmark|QI-MRFO + swap + Max-Min start|30-5-uniform-high|inst1|run12|b20000,benchmark,QI-MRFO + swap + Max-Min start,"30 tasks, 5 VMs, uniform/high",30,5,uniform,high,1,12,20000,44.66291663799658,10.875838009655082,44.52792459708759,44.52792459708757,0.30316266057866026,0.3031626605787083,2.622641086578369,19951,44.89574159518658,44.70463923209792,44.69823283104088,44.67906242793865,44.67906242793865,44.67906242793865,44.67906242793865,44.67906242793865,44.671539758309486,44.66291663799658,44.66291663799658,44.66291663799658,44.66291663799658,44.66291663799658,44.66291663799658,44.66291663799658,44.66291663799658,44.66291663799658,44.66291663799658,44.66291663799658
benchmark|QI-MRFO + swap + Max-Min start|30-5-uniform-high|inst1|run13|b20000,benchmark,QI-MRFO + swap + Max-Min start,"30 tasks, 5 VMs, uniform/high",30,5,uniform,high,1,13,20000,44.625376682433156,10.87044096039179,44.52792459708759,44.52792459708757,0.21885611383724765,0.21885611383729564,2.635406494140625,19951,44.71456569122724,44.71456569122724,44.6659230803369,44.64411671754935,44.64411671754935,44.64411671754935,44.64411671754935,44.64411671754935,44.64411671754935,44.64411671754935,44.64411671754935,44.625376682433156,44.625376682433156,44.625376682433156,44.625376682433156,44.625376682433156,44.625376682433156,44.625376682433156,44.625376682433156,44.625376682433156
benchmark|QI-MRFO + swap + Max-Min start|30-5-uniform-high|inst1|run11|b20000,benchmark,QI-MRFO + swap + Max-Min start,"30 tasks, 5 VMs, uniform/high",30,5,uniform,high,1,11,20000,44.64247034559408,10.873260590659113,44.52792459708759,44.52792459708757,0.2572447504413415,0.2572447504413895,2.8064322471618652,19951,44.83730349208231,44.81397000604777,44.78061317429177,44.67788317668578,44.664471632191734,44.65450019317874,44.65044139690261,44.65044139690261,44.64247034559408,44.64247034559408,44.64247034559408,44.64247034559408,44.64247034559408,44.64247034559408,44.64247034559408,44.64247034559408,44.64247034559408,44.64247034559408,44.64247034559408,44.64247034559408
benchmark|QI-MRFO + swap + Max-Min start|30-5-uniform-high|inst1|run14|b20000,benchmark,QI-MRFO + swap + Max-Min start,"30 tasks, 5 VMs, uniform/high",30,5,uniform,high,1,14,20000,44.55075787480073,10.87265217525906,44.52792459708759,44.52792459708757,0.0512785581626532,0.0512785581627011,2.544386863708496,19951,44.89814792124659,44.737108956806864,44.674480492318516,44.66352648703415,44.66352648703415,44.66352648703415,44.66352648703415,44.66352648703415,44.66352648703415,44.658591861213964,44.658591861213964,44.658591861213964,44.658591861213964,44.563910702245295,44.55075787480073,44.55075787480073,44.55075787480073,44.55075787480073,44.55075787480073,44.55075787480073
benchmark|QI-MRFO + swap + Max-Min start|30-5-uniform-high|inst1|run15|b20000,benchmark,QI-MRFO + swap + Max-Min start,"30 tasks, 5 VMs, uniform/high",30,5,uniform,high,1,15,20000,44.558530679541214,10.870207351135322,44.52792459708759,44.52792459708757,0.0687345811208659,0.06873458112091381,2.6227612495422363,19951,44.7221645824479,44.71610410871668,44.697170311232966,44.66636466595444,44.597719638689725,44.5742100914065,44.573447693715174,44.573447693715174,44.573447693715174,44.573447693715174,44.573447693715174,44.573447693715174,44.573447693715174,44.573447693715174,44.573447693715174,44.573447693715174,44.56092111403046,44.558530679541214,44.558530679541214,44.558530679541214
benchmark|QI-MRFO + swap + Max-Min start|30-5-uniform-high|inst1|run17|b20000,benchmark,QI-MRFO + swap + Max-Min start,"30 tasks, 5 VMs, uniform/high",30,5,uniform,high,1,17,20000,44.59454794912481,10.878530643532553,44.52792459708759,44.52792459708757,0.14962150749234873,0.1496215074923967,2.5679585933685303,19951,44.84213851577907,44.625392139092185,44.625392139092185,44.625392139092185,44.625392139092185,44.625392139092185,44.625392139092185,44.61262209959488,44.595805677378664,44.595805677378664,44.59525120243333,44.59525120243333,44.59454794912481,44.59454794912481,44.59454794912481,44.59454794912481,44.59454794912481,44.59454794912481,44.59454794912481,44.59454794912481
benchmark|QI-MRFO + swap + Max-Min start|30-5-uniform-high|inst1|run16|b20000,benchmark,QI-MRFO + swap + Max-Min start,"30 tasks, 5 VMs, uniform/high",30,5,uniform,high,1,16,20000,44.564311409084745,10.87349206898551,44.52792459708759,44.52792459708757,0.08171683797617224,0.08171683797622015,2.6989762783050537,19951,44.80596146018994,44.767035022643206,44.763404841736715,44.763404841736715,44.763404841736715,44.763404841736715,44.763404841736715,44.763404841736715,44.763404841736715,44.763404841736715,44.763404841736715,44.763404841736715,44.763404841736715,44.763404841736715,44.763404841736715,44.614765069616595,44.614765069616595,44.58319733398104,44.564311409084745,44.564311409084745
benchmark|QI-MRFO + swap + Max-Min start|30-5-uniform-high|inst1|run18|b20000,benchmark,QI-MRFO + swap + Max-Min start,"30 tasks, 5 VMs, uniform/high",30,5,uniform,high,1,18,20000,44.640758607318986,10.87004722511223,44.52792459708759,44.52792459708757,0.2534005598787231,0.2534005598787711,2.636653423309326,19951,44.71456569122724,44.663565027665186,44.663565027665186,44.663565027665186,44.663565027665186,44.663565027665186,44.663565027665186,44.66325357342337,44.640758607318986,44.640758607318986,44.640758607318986,44.640758607318986,44.640758607318986,44.640758607318986,44.640758607318986,44.640758607318986,44.640758607318986,44.640758607318986,44.640758607318986,44.640758607318986
benchmark|QI-MRFO + swap + Max-Min start|30-5-uniform-high|inst1|run19|b20000,benchmark,QI-MRFO + swap + Max-Min start,"30 tasks, 5 VMs, uniform/high",30,5,uniform,high,1,19,20000,44.59454794912481,10.8792603955858,44.52792459708759,44.52792459708757,0.14962150749234873,0.1496215074923967,2.7743353843688965,19951,44.59454794912481,44.59454794912481,44.59454794912481,44.59454794912481,44.59454794912481,44.59454794912481,44.59454794912481,44.59454794912481,44.59454794912481,44.59454794912481,44.59454794912481,44.59454794912481,44.59454794912481,44.59454794912481,44.59454794912481,44.59454794912481,44.59454794912481,44.59454794912481,44.59454794912481,44.59454794912481
benchmark|QI-MRFO + swap + Max-Min start|30-5-uniform-high|inst1|run21|b20000,benchmark,QI-MRFO + swap + Max-Min start,"30 tasks, 5 VMs, uniform/high",30,5,uniform,high,1,21,20000,44.573772296952846,10.874264849356281,44.52792459708759,44.52792459708757,0.10296392719874137,0.1029639271987893,2.7080976963043213,19951,44.908671946618384,44.908671946618384,44.78665661442967,44.68090477355511,44.68090477355511,44.68090477355511,44.602027441977675,44.573772296952846,44.573772296952846,44.573772296952846,44.573772296952846,44.573772296952846,44.573772296952846,44.573772296952846,44.573772296952846,44.573772296952846,44.573772296952846,44.573772296952846,44.573772296952846,44.573772296952846
benchmark|QI-MRFO + swap + Max-Min start|30-5-uniform-high|inst1|run20|b20000,benchmark,QI-MRFO + swap + Max-Min start,"30 tasks, 5 VMs, uniform/high",30,5,uniform,high,1,20,20000,44.64589331537372,10.873322994106568,44.52792459708759,44.52792459708757,0.2649319934705525,0.26493199347060054,2.799705743789673,19951,44.81904129883962,44.81904129883962,44.762578311668044,44.762578311668044,44.762578311668044,44.762578311668044,44.73633840746564,44.70825721795228,44.70825721795228,44.693366262189976,44.69058688290647,44.69058688290647,44.69058688290647,44.64589331537372,44.64589331537372,44.64589331537372,44.64589331537372,44.64589331537372,44.64589331537372,44.64589331537372
benchmark|QI-MRFO + swap + Max-Min start|30-5-uniform-high|inst1|run22|b20000,benchmark,QI-MRFO + swap + Max-Min start,"30 tasks, 5 VMs, uniform/high",30,5,uniform,high,1,22,20000,44.56092111403046,10.87422890685983,44.52792459708759,44.52792459708757,0.07410297524853489,0.0741029752485828,2.6623287200927734,19951,44.91449881274158,44.8011367838937,44.745509131403935,44.70336377965333,44.643150508098984,44.64157031832435,44.63983473528481,44.63983473528481,44.615241311655055,44.615241311655055,44.58779107545598,44.56446492971369,44.56092111403046,44.56092111403046,44.56092111403046,44.56092111403046,44.56092111403046,44.56092111403046,44.56092111403046,44.56092111403046
benchmark|QI-MRFO + swap + Max-Min start|30-5-uniform-high|inst1|run24|b20000,benchmark,QI-MRFO + swap + Max-Min start,"30 tasks, 5 VMs, uniform/high",30,5,uniform,high,1,24,20000,44.60389656418179,10.874252008304461,44.52792459708759,44.52792459708757,0.17061645648575025,0.17061645648579818,2.7000179290771484,19951,44.76747972631256,44.731297279308905,44.731297279308905,44.67667808227093,44.67667808227093,44.67667808227093,44.67667808227093,44.67667808227093,44.67667808227093,44.64663293659742,44.64663293659742,44.63858102548754,44.63858102548754,44.633052734935205,44.633052734935205,44.633052734935205,44.633052734935205,44.633052734935205,44.60389656418179,44.60389656418179
benchmark|QI-MRFO + swap + Max-Min start|30-5-uniform-high|inst1|run25|b20000,benchmark,QI-MRFO + swap + Max-Min start,"30 tasks, 5 VMs, uniform/high",30,5,uniform,high,1,25,20000,44.57077282615904,10.874515729571538,44.52792459708759,44.52792459708757,0.0962277704590239,0.09622777045907183,2.6895556449890137,19951,44.67664137211801,44.61538346734696,44.61538346734696,44.61538346734696,44.61538346734696,44.61538346734696,44.57871901288345,44.57871901288345,44.57871901288345,44.57871901288345,44.57871901288345,44.57077282615904,44.57077282615904,44.57077282615904,44.57077282615904,44.57077282615904,44.57077282615904,44.57077282615904,44.57077282615904,44.57077282615904
benchmark|QI-MRFO + swap + Max-Min start|30-5-uniform-high|inst1|run23|b20000,benchmark,QI-MRFO + swap + Max-Min start,"30 tasks, 5 VMs, uniform/high",30,5,uniform,high,1,23,20000,44.55923089089639,10.87397450263569,44.52792459708759,44.52792459708757,0.07030710299676601,0.07030710299681392,2.799600124359131,19951,44.713452641989875,44.713452641989875,44.69823283104088,44.66998911461665,44.65384332467459,44.65384332467459,44.65384332467459,44.65384332467459,44.65384332467459,44.65384332467459,44.65384332467459,44.65384332467459,44.65384332467459,44.65384332467459,44.65384332467459,44.65384332467459,44.65384332467459,44.65384332467459,44.63563576669748,44.55923089089639
benchmark|QI-MRFO + swap + Max-Min start|30-5-uniform-high|inst1|run26|b20000,benchmark,QI-MRFO + swap + Max-Min start,"30 tasks, 5 VMs, uniform/high",30,5,uniform,high,1,26,20000,44.59454794912481,10.87940886310445,44.52792459708759,44.52792459708757,0.14962150749234873,0.1496215074923967,2.713592052459717,19951,44.59454794912481,44.59454794912481,44.59454794912481,44.59454794912481,44.59454794912481,44.59454794912481,44.59454794912481,44.59454794912481,44.59454794912481,44.59454794912481,44.59454794912481,44.59454794912481,44.59454794912481,44.59454794912481,44.59454794912481,44.59454794912481,44.59454794912481,44.59454794912481,44.59454794912481,44.59454794912481
benchmark|MRFO (original)|50-10-bimodal-high|inst1|run0|b20000,benchmark,MRFO (original),"50 tasks, 10 VMs, bimodal/high",50,10,bimodal,high,1,0,20000,31.941839926316547,17.566993710867774,25.10693322506205,25.106933225062054,27.223184289317377,27.223184289317356,0.5664253234863281,19950,33.77078058442883,33.13346233241849,33.13346233241849,33.13346233241849,31.941839926316547,31.941839926316547,31.941839926316547,31.941839926316547,31.941839926316547,31.941839926316547,31.941839926316547,31.941839926316547,31.941839926316547,31.941839926316547,31.941839926316547,31.941839926316547,31.941839926316547,31.941839926316547,31.941839926316547,31.941839926316547
benchmark|MRFO (original)|50-10-bimodal-high|inst1|run1|b20000,benchmark,MRFO (original),"50 tasks, 10 VMs, bimodal/high",50,10,bimodal,high,1,1,20000,41.49645785613219,21.34871340982306,25.10693322506205,25.106933225062054,65.27887928068375,65.27887928068374,0.5694293975830078,19950,41.49645785613219,41.49645785613219,41.49645785613219,41.49645785613219,41.49645785613219,41.49645785613219,41.49645785613219,41.49645785613219,41.49645785613219,41.49645785613219,41.49645785613219,41.49645785613219,41.49645785613219,41.49645785613219,41.49645785613219,41.49645785613219,41.49645785613219,41.49645785613219,41.49645785613219,41.49645785613219
benchmark|QI-MRFO + swap + Max-Min start|30-5-uniform-high|inst1|run28|b20000,benchmark,QI-MRFO + swap + Max-Min start,"30 tasks, 5 VMs, uniform/high",30,5,uniform,high,1,28,20000,44.643704932362006,10.873479505845442,44.52792459708759,44.52792459708757,0.26001736286174926,0.2600173628617972,2.623422622680664,19951,44.730237219074986,44.70009628241613,44.64462883450764,44.643704932362006,44.643704932362006,44.643704932362006,44.643704932362006,44.643704932362006,44.643704932362006,44.643704932362006,44.643704932362006,44.643704932362006,44.643704932362006,44.643704932362006,44.643704932362006,44.643704932362006,44.643704932362006,44.643704932362006,44.643704932362006,44.643704932362006
benchmark|QI-MRFO + swap + Max-Min start|30-5-uniform-high|inst1|run27|b20000,benchmark,QI-MRFO + swap + Max-Min start,"30 tasks, 5 VMs, uniform/high",30,5,uniform,high,1,27,20000,44.633149505302185,10.880661557605583,44.52792459708759,44.52792459708757,0.23631217750821745,0.23631217750826544,2.656247615814209,19951,44.80137096379383,44.80137096379383,44.80137096379383,44.78522517385176,44.78522517385176,44.77096623842671,44.77096623842671,44.77096623842671,44.74294694133043,44.74294694133043,44.71164270407904,44.71164270407904,44.68207778068032,44.65549044666342,44.65549044666342,44.65549044666342,44.65549044666342,44.65549044666342,44.65549044666342,44.633149505302185
benchmark|QI-MRFO + swap + Max-Min start|30-5-uniform-high|inst1|run29|b20000,benchmark,QI-MRFO + swap + Max-Min start,"30 tasks, 5 VMs, uniform/high",30,5,uniform,high,1,29,20000,44.579919477495785,10.873393452682135,44.52792459708759,44.52792459708757,0.11676915301728588,0.11676915301733382,2.672793388366699,19951,44.81904129883962,44.78563487674192,44.69771930560289,44.69771930560289,44.69771930560289,44.69771930560289,44.69771930560289,44.69771930560289,44.69771930560289,44.69771930560289,44.597719638689725,44.597719638689725,44.597719638689725,44.579919477495785,44.579919477495785,44.579919477495785,44.579919477495785,44.579919477495785,44.579919477495785,44.579919477495785
benchmark|MRFO (original)|50-10-bimodal-high|inst1|run2|b20000,benchmark,MRFO (original),"50 tasks, 10 VMs, bimodal/high",50,10,bimodal,high,1,2,20000,36.702935972324866,19.474715507413347,25.10693322506205,25.106933225062054,46.18645631991223,46.18645631991221,0.6364715099334717,19950,43.10648146553595,43.10648146553595,41.484941076042254,40.58828156523287,40.58828156523287,36.702935972324866,36.702935972324866,36.702935972324866,36.702935972324866,36.702935972324866,36.702935972324866,36.702935972324866,36.702935972324866,36.702935972324866,36.702935972324866,36.702935972324866,36.702935972324866,36.702935972324866,36.702935972324866,36.702935972324866
benchmark|MRFO (original)|50-10-bimodal-high|inst1|run4|b20000,benchmark,MRFO (original),"50 tasks, 10 VMs, bimodal/high",50,10,bimodal,high,1,4,20000,35.817536858239954,19.325438531963542,25.10693322506205,25.106933225062054,42.65994391734968,42.65994391734966,0.5795674324035645,19950,36.4480244521819,36.00927090647358,36.00927090647358,36.00927090647358,36.00927090647358,36.00927090647358,35.817536858239954,35.817536858239954,35.817536858239954,35.817536858239954,35.817536858239954,35.817536858239954,35.817536858239954,35.817536858239954,35.817536858239954,35.817536858239954,35.817536858239954,35.817536858239954,35.817536858239954,35.817536858239954
benchmark|MRFO (original)|50-10-bimodal-high|inst1|run3|b20000,benchmark,MRFO (original),"50 tasks, 10 VMs, bimodal/high",50,10,bimodal,high,1,3,20000,31.312463525784032,17.71056692568143,25.10693322506205,25.106933225062054,24.716401023951207,24.71640102395119,0.6001064777374268,19950,31.731365547657283,31.312463525784032,31.312463525784032,31.312463525784032,31.312463525784032,31.312463525784032,31.312463525784032,31.312463525784032,31.312463525784032,31.312463525784032,31.312463525784032,31.312463525784032,31.312463525784032,31.312463525784032,31.312463525784032,31.312463525784032,31.312463525784032,31.312463525784032,31.312463525784032,31.312463525784032
benchmark|MRFO (original)|50-10-bimodal-high|inst1|run5|b20000,benchmark,MRFO (original),"50 tasks, 10 VMs, bimodal/high",50,10,bimodal,high,1,5,20000,36.996639532551725,19.51635039247107,25.10693322506205,25.106933225062054,47.35626689611467,47.35626689611465,0.5823290348052979,19950,38.6108680790508,38.6108680790508,38.6108680790508,37.91378143732901,37.91378143732901,36.996639532551725,36.996639532551725,36.996639532551725,36.996639532551725,36.996639532551725,36.996639532551725,36.996639532551725,36.996639532551725,36.996639532551725,36.996639532551725,36.996639532551725,36.996639532551725,36.996639532551725,36.996639532551725,36.996639532551725
benchmark|MRFO (original)|50-10-bimodal-high|inst1|run6|b20000,benchmark,MRFO (original),"50 tasks, 10 VMs, bimodal/high",50,10,bimodal,high,1,6,20000,36.43885555248841,19.44428283612875,25.10693322506205,25.106933225062054,45.13463363225381,45.134633632253795,0.5734648704528809,19950,42.943103302275425,39.11568360546412,39.11568360546412,39.11568360546412,39.11568360546412,39.11568360546412,39.11568360546412,39.11568360546412,39.11568360546412,39.11568360546412,39.11568360546412,36.825736714895704,36.43885555248841,36.43885555248841,36.43885555248841,36.43885555248841,36.43885555248841,36.43885555248841,36.43885555248841,36.43885555248841
benchmark|MRFO (original)|50-10-bimodal-high|inst1|run7|b20000,benchmark,MRFO (original),"50 tasks, 10 VMs, bimodal/high",50,10,bimodal,high,1,7,20000,37.02524630609171,19.581421719914466,25.10693322506205,25.106933225062054,47.47020663253548,47.47020663253546,0.5622968673706055,19950,37.02524630609171,37.02524630609171,37.02524630609171,37.02524630609171,37.02524630609171,37.02524630609171,37.02524630609171,37.02524630609171,37.02524630609171,37.02524630609171,37.02524630609171,37.02524630609171,37.02524630609171,37.02524630609171,37.02524630609171,37.02524630609171,37.02524630609171,37.02524630609171,37.02524630609171,37.02524630609171
benchmark|MRFO (original)|50-10-bimodal-high|inst1|run8|b20000,benchmark,MRFO (original),"50 tasks, 10 VMs, bimodal/high",50,10,bimodal,high,1,8,20000,38.57792445687899,20.356079416697348,25.10693322506205,25.106933225062054,53.65446711894716,53.654467118947146,0.5829930305480957,19950,40.759995749234086,38.98814001991269,38.57792445687899,38.57792445687899,38.57792445687899,38.57792445687899,38.57792445687899,38.57792445687899,38.57792445687899,38.57792445687899,38.57792445687899,38.57792445687899,38.57792445687899,38.57792445687899,38.57792445687899,38.57792445687899,38.57792445687899,38.57792445687899,38.57792445687899,38.57792445687899
benchmark|MRFO (original)|50-10-bimodal-high|inst1|run9|b20000,benchmark,MRFO (original),"50 tasks, 10 VMs, bimodal/high",50,10,bimodal,high,1,9,20000,31.785777624359064,17.4589738758998,25.10693322506205,25.106933225062054,26.601593828393618,26.6015938283936,0.5616345405578613,19950,41.743886058884385,31.785777624359064,31.785777624359064,31.785777624359064,31.785777624359064,31.785777624359064,31.785777624359064,31.785777624359064,31.785777624359064,31.785777624359064,31.785777624359064,31.785777624359064,31.785777624359064,31.785777624359064,31.785777624359064,31.785777624359064,31.785777624359064,31.785777624359064,31.785777624359064,31.785777624359064
benchmark|MRFO (original)|50-10-bimodal-high|inst1|run10|b20000,benchmark,MRFO (original),"50 tasks, 10 VMs, bimodal/high",50,10,bimodal,high,1,10,20000,35.37775166971057,18.636144666165226,25.10693322506205,25.106933225062054,40.908295539640264,40.90829553964025,0.5782506465911865,19950,37.92384739755068,37.85190508418304,37.85190508418304,35.37775166971057,35.37775166971057,35.37775166971057,35.37775166971057,35.37775166971057,35.37775166971057,35.37775166971057,35.37775166971057,35.37775166971057,35.37775166971057,35.37775166971057,35.37775166971057,35.37775166971057,35.37775166971057,35.37775166971057,35.37775166971057,35.37775166971057
benchmark|MRFO (original)|50-10-bimodal-high|inst1|run11|b20000,benchmark,MRFO (original),"50 tasks, 10 VMs, bimodal/high",50,10,bimodal,high,1,11,20000,34.11580218577993,18.57871192556698,25.10693322506205,25.106933225062054,35.88199673755898,35.881996737558964,0.5501749515533447,19950,40.83022301162254,39.910472806478076,39.910472806478076,38.2448260225971,38.2448260225971,38.2448260225971,38.2448260225971,38.2448260225971,38.2448260225971,38.2448260225971,38.2448260225971,35.75440933356832,35.75440933356832,34.97854047670172,34.97854047670172,34.11580218577993,34.11580218577993,34.11580218577993,34.11580218577993,34.11580218577993
benchmark|MRFO (original)|50-10-bimodal-high|inst1|run12|b20000,benchmark,MRFO (original),"50 tasks, 10 VMs, bimodal/high",50,10,bimodal,high,1,12,20000,30.969456290366452,17.639247028258037,25.10693322506205,25.106933225062054,23.35021570636257,23.35021570636255,0.5655918121337891,19950,35.52072309366062,30.969456290366452,30.969456290366452,30.969456290366452,30.969456290366452,30.969456290366452,30.969456290366452,30.969456290366452,30.969456290366452,30.969456290366452,30.969456290366452,30.969456290366452,30.969456290366452,30.969456290366452,30.969456290366452,30.969456290366452,30.969456290366452,30.969456290366452,30.969456290366452,30.969456290366452
benchmark|MRFO (original)|50-10-bimodal-high|inst1|run13|b20000,benchmark,MRFO (original),"50 tasks, 10 VMs, bimodal/high",50,10,bimodal,high,1,13,20000,37.77707469774239,20.0086081749281,25.10693322506205,25.106933225062054,50.46471171569792,50.4647117156979,0.5640244483947754,19950,38.58547582210114,38.58547582210114,37.77707469774239,37.77707469774239,37.77707469774239,37.77707469774239,37.77707469774239,37.77707469774239,37.77707469774239,37.77707469774239,37.77707469774239,37.77707469774239,37.77707469774239,37.77707469774239,37.77707469774239,37.77707469774239,37.77707469774239,37.77707469774239,37.77707469774239,37.77707469774239
benchmark|MRFO (original)|50-10-bimodal-high|inst1|run14|b20000,benchmark,MRFO (original),"50 tasks, 10 VMs, bimodal/high",50,10,bimodal,high,1,14,20000,36.90653183700425,19.438411261707834,25.10693322506205,25.106933225062054,46.99737122877157,46.99737122877154,0.5717127323150635,19950,39.09249333676355,38.15749684666394,36.90653183700425,36.90653183700425,36.90653183700425,36.90653183700425,36.90653183700425,36.90653183700425,36.90653183700425,36.90653183700425,36.90653183700425,36.90653183700425,36.90653183700425,36.90653183700425,36.90653183700425,36.90653183700425,36.90653183700425,36.90653183700425,36.90653183700425,36.90653183700425
benchmark|MRFO (original)|50-10-bimodal-high|inst1|run15|b20000,benchmark,MRFO (original),"50 tasks, 10 VMs, bimodal/high",50,10,bimodal,high,1,15,20000,36.89068817803516,19.33984532276982,25.10693322506205,25.106933225062054,46.9342665125282,46.93426651252817,0.5557050704956055,19950,41.86029840913344,41.86029840913344,41.86029840913344,41.86029840913344,41.86029840913344,41.86029840913344,41.86029840913344,41.86029840913344,41.86029840913344,41.86029840913344,41.86029840913344,38.75447806022019,37.93185149393545,36.89068817803516,36.89068817803516,36.89068817803516,36.89068817803516,36.89068817803516,36.89068817803516,36.89068817803516
benchmark|MRFO (original)|50-10-bimodal-high|inst1|run16|b20000,benchmark,MRFO (original),"50 tasks, 10 VMs, bimodal/high",50,10,bimodal,high,1,16,20000,38.097356469596065,20.163702339230387,25.10693322506205,25.106933225062054,51.740382340153005,51.74038234015299,0.5741884708404541,19950,44.09517104173141,40.42508682927694,38.77062757181694,38.60209876296762,38.60209876296762,38.60209876296762,38.097356469596065,38.097356469596065,38.097356469596065,38.097356469596065,38.097356469596065,38.097356469596065,38.097356469596065,38.097356469596065,38.097356469596065,38.097356469596065,38.097356469596065,38.097356469596065,38.097356469596065,38.097356469596065
benchmark|MRFO (original)|50-10-bimodal-high|inst1|run17|b20000,benchmark,MRFO (original),"50 tasks, 10 VMs, bimodal/high",50,10,bimodal,high,1,17,20000,38.66585730724424,20.002015613983694,25.10693322506205,25.106933225062054,54.00470045719285,54.004700457192826,0.556990385055542,19950,39.3675615853704,39.11104668928246,39.11104668928246,39.11104668928246,39.11104668928246,39.11104668928246,39.11104668928246,39.11104668928246,39.11104668928246,39.11104668928246,38.66585730724424,38.66585730724424,38.66585730724424,38.66585730724424,38.66585730724424,38.66585730724424,38.66585730724424,38.66585730724424,38.66585730724424,38.66585730724424
benchmark|MRFO (original)|50-10-bimodal-high|inst1|run18|b20000,benchmark,MRFO (original),"50 tasks, 10 VMs, bimodal/high",50,10,bimodal,high,1,18,20000,34.76134941425127,18.760760061859237,25.10693322506205,25.106933225062054,38.453187821251156,38.453187821251134,0.5572347640991211,19950,35.06974516320203,34.76134941425127,34.76134941425127,34.76134941425127,34.76134941425127,34.76134941425127,34.76134941425127,34.76134941425127,34.76134941425127,34.76134941425127,34.76134941425127,34.76134941425127,34.76134941425127,34.76134941425127,34.76134941425127,34.76134941425127,34.76134941425127,34.76134941425127,34.76134941425127,34.76134941425127
benchmark|MRFO (original)|50-10-bimodal-high|inst1|run19|b20000,benchmark,MRFO (original),"50 tasks, 10 VMs, bimodal/high",50,10,bimodal,high,1,19,20000,30.64584383481171,17.394337992002296,25.10693322506205,25.106933225062054,22.061279090114642,22.061279090114624,0.5503983497619629,19950,31.05467735512078,31.05467735512078,31.05467735512078,31.05467735512078,31.05467735512078,31.05467735512078,31.05467735512078,31.05467735512078,31.05467735512078,31.05467735512078,31.05467735512078,30.64584383481171,30.64584383481171,30.64584383481171,30.64584383481171,30.64584383481171,30.64584383481171,30.64584383481171,30.64584383481171,30.64584383481171
benchmark|MRFO (original)|50-10-bimodal-high|inst1|run20|b20000,benchmark,MRFO (original),"50 tasks, 10 VMs, bimodal/high",50,10,bimodal,high,1,20,20000,38.3367352072507,20.226806075759487,25.10693322506205,25.106933225062054,52.69381912794707,52.69381912794706,0.6052639484405518,19950,41.51314432518249,40.104130571512854,40.104130571512854,38.3367352072507,38.3367352072507,38.3367352072507,38.3367352072507,38.3367352072507,38.3367352072507,38.3367352072507,38.3367352072507,38.3367352072507,38.3367352072507,38.3367352072507,38.3367352072507,38.3367352072507,38.3367352072507,38.3367352072507,38.3367352072507,38.3367352072507
benchmark|MRFO (original)|50-10-bimodal-high|inst1|run21|b20000,benchmark,MRFO (original),"50 tasks, 10 VMs, bimodal/high",50,10,bimodal,high,1,21,20000,34.65554726241477,18.64383309027632,25.10693322506205,25.106933225062054,38.0317817065016,38.031781706501576,0.6427183151245117,19950,42.035612575670086,42.035612575670086,42.035612575670086,42.035612575670086,42.035612575670086,42.035612575670086,42.035612575670086,42.035612575670086,41.110491767282994,41.110491767282994,41.110491767282994,41.110491767282994,40.858552358335864,37.36204043220037,37.36204043220037,37.36204043220037,37.36204043220037,37.36204043220037,37.36204043220037,34.65554726241477
benchmark|MRFO (original)|50-10-bimodal-high|inst1|run22|b20000,benchmark,MRFO (original),"50 tasks, 10 VMs, bimodal/high",50,10,bimodal,high,1,22,20000,34.45538416125363,18.377121561877434,25.10693322506205,25.106933225062054,37.23453936962657,37.234539369626546,0.6169400215148926,19950,37.642293639186065,35.416403634353465,35.416403634353465,35.416403634353465,34.964558984169535,34.45538416125363,34.45538416125363,34.45538416125363,34.45538416125363,34.45538416125363,34.45538416125363,34.45538416125363,34.45538416125363,34.45538416125363,34.45538416125363,34.45538416125363,34.45538416125363,34.45538416125363,34.45538416125363,34.45538416125363
benchmark|MRFO (original)|50-10-bimodal-high|inst1|run23|b20000,benchmark,MRFO (original),"50 tasks, 10 VMs, bimodal/high",50,10,bimodal,high,1,23,20000,32.989652976422065,18.229263391489855,25.10693322506205,25.106933225062054,31.396585479788452,31.396585479788435,0.6028647422790527,19950,40.910288089581194,32.989652976422065,32.989652976422065,32.989652976422065,32.989652976422065,32.989652976422065,32.989652976422065,32.989652976422065,32.989652976422065,32.989652976422065,32.989652976422065,32.989652976422065,32.989652976422065,32.989652976422065,32.989652976422065,32.989652976422065,32.989652976422065,32.989652976422065,32.989652976422065,32.989652976422065
benchmark|MRFO (original)|50-10-bimodal-high|inst1|run25|b20000,benchmark,MRFO (original),"50 tasks, 10 VMs, bimodal/high",50,10,bimodal,high,1,25,20000,34.86718444455042,19.13374047276895,25.10693322506205,25.106933225062054,38.87472488971916,38.87472488971915,0.5950562953948975,19950,40.7240563074592,34.86718444455042,34.86718444455042,34.86718444455042,34.86718444455042,34.86718444455042,34.86718444455042,34.86718444455042,34.86718444455042,34.86718444455042,34.86718444455042,34.86718444455042,34.86718444455042,34.86718444455042,34.86718444455042,34.86718444455042,34.86718444455042,34.86718444455042,34.86718444455042,34.86718444455042
benchmark|MRFO (original)|50-10-bimodal-high|inst1|run24|b20000,benchmark,MRFO (original),"50 tasks, 10 VMs, bimodal/high",50,10,bimodal,high,1,24,20000,34.49555619279707,18.431625983118405,25.10693322506205,25.106933225062054,37.39454310717319,37.39454310717318,0.6961956024169922,19950,40.95380111813712,40.95380111813712,40.95380111813712,40.95380111813712,40.95380111813712,40.95380111813712,40.95380111813712,40.95380111813712,40.95380111813712,40.95380111813712,40.95380111813712,40.95380111813712,40.95380111813712,40.95380111813712,40.95380111813712,36.039323032370376,36.039323032370376,35.076883897841796,34.49555619279707,34.49555619279707
benchmark|MRFO (original)|50-10-bimodal-high|inst1|run26|b20000,benchmark,MRFO (original),"50 tasks, 10 VMs, bimodal/high",50,10,bimodal,high,1,26,20000,33.14546793681845,18.167093796581227,25.10693322506205,25.106933225062054,32.01719078828884,32.01719078828883,0.6224191188812256,19950,40.01923025650702,35.877378084518625,34.10569075710968,34.10569075710968,34.10569075710968,34.10569075710968,34.10569075710968,34.10569075710968,34.10569075710968,33.14546793681845,33.14546793681845,33.14546793681845,33.14546793681845,33.14546793681845,33.14546793681845,33.14546793681845,33.14546793681845,33.14546793681845,33.14546793681845,33.14546793681845
benchmark|MRFO (original)|50-10-bimodal-high|inst1|run27|b20000,benchmark,MRFO (original),"50 tasks, 10 VMs, bimodal/high",50,10,bimodal,high,1,27,20000,37.57507683570003,19.83958905707753,25.10693322506205,25.106933225062054,49.660161593101805,49.660161593101776,0.5677573680877686,19950,39.812013967498736,39.01231078632567,37.57507683570003,37.57507683570003,37.57507683570003,37.57507683570003,37.57507683570003,37.57507683570003,37.57507683570003,37.57507683570003,37.57507683570003,37.57507683570003,37.57507683570003,37.57507683570003,37.57507683570003,37.57507683570003,37.57507683570003,37.57507683570003,37.57507683570003,37.57507683570003
benchmark|MRFO (original)|50-10-bimodal-high|inst1|run28|b20000,benchmark,MRFO (original),"50 tasks, 10 VMs, bimodal/high",50,10,bimodal,high,1,28,20000,34.20556021551642,18.839057075358415,25.10693322506205,25.106933225062054,36.23949969872071,36.239499698720685,0.5890419483184814,19950,42.320508777841646,34.20556021551642,34.20556021551642,34.20556021551642,34.20556021551642,34.20556021551642,34.20556021551642,34.20556021551642,34.20556021551642,34.20556021551642,34.20556021551642,34.20556021551642,34.20556021551642,34.20556021551642,34.20556021551642,34.20556021551642,34.20556021551642,34.20556021551642,34.20556021551642,34.20556021551642
benchmark|MRFO (original)|50-10-bimodal-high|inst1|run29|b20000,benchmark,MRFO (original),"50 tasks, 10 VMs, bimodal/high",50,10,bimodal,high,1,29,20000,43.6332038737181,22.460708042628212,25.10693322506205,25.106933225062054,73.78946079389299,73.78946079389296,0.632103443145752,19950,44.39195495194874,43.6332038737181,43.6332038737181,43.6332038737181,43.6332038737181,43.6332038737181,43.6332038737181,43.6332038737181,43.6332038737181,43.6332038737181,43.6332038737181,43.6332038737181,43.6332038737181,43.6332038737181,43.6332038737181,43.6332038737181,43.6332038737181,43.6332038737181,43.6332038737181,43.6332038737181
benchmark|QI-MRFO + swap|50-10-bimodal-high|inst1|run0|b20000,benchmark,QI-MRFO + swap,"50 tasks, 10 VMs, bimodal/high",50,10,bimodal,high,1,0,20000,25.721036903033763,15.549811686319819,25.10693322506205,25.106933225062054,2.445952568028925,2.4459525680289103,2.960028648376465,19950,27.41908306962312,27.05759537385895,27.05759537385895,27.05759537385895,27.05759537385895,27.05759537385895,27.05759537385895,27.05759537385895,27.05759537385895,27.05759537385895,27.05759537385895,27.05759537385895,27.05759537385895,27.05759537385895,27.05759537385895,27.05759537385895,26.70402954617669,26.469479469288345,26.469479469288345,25.721036903033763
benchmark|QI-MRFO + swap|50-10-bimodal-high|inst1|run1|b20000,benchmark,QI-MRFO + swap,"50 tasks, 10 VMs, bimodal/high",50,10,bimodal,high,1,1,20000,25.481275441811384,15.491767970759822,25.10693322506205,25.106933225062054,1.4909914062130876,1.4909914062130731,2.9416232109069824,19950,25.86515886216623,25.597309524314653,25.597309524314653,25.597309524314653,25.597309524314653,25.597309524314653,25.597309524314653,25.481275441811384,25.481275441811384,25.481275441811384,25.481275441811384,25.481275441811384,25.481275441811384,25.481275441811384,25.481275441811384,25.481275441811384,25.481275441811384,25.481275441811384,25.481275441811384,25.481275441811384
benchmark|QI-MRFO + swap|50-10-bimodal-high|inst1|run2|b20000,benchmark,QI-MRFO + swap,"50 tasks, 10 VMs, bimodal/high",50,10,bimodal,high,1,2,20000,25.183752711184287,15.41186895881349,25.10693322506205,25.106933225062054,0.30596921349818246,0.30596921349816825,2.9903464317321777,19950,27.11324154870859,25.82856831763719,25.47378991833594,25.47378991833594,25.47378991833594,25.47378991833594,25.47378991833594,25.47378991833594,25.47378991833594,25.47378991833594,25.47378991833594,25.47378991833594,25.47378991833594,25.47378991833594,25.227372393101902,25.227372393101902,25.227372393101902,25.2153242954857,25.19656990560187,25.183752711184287
benchmark|QI-MRFO + swap|50-10-bimodal-high|inst1|run3|b20000,benchmark,QI-MRFO + swap,"50 tasks, 10 VMs, bimodal/high",50,10,bimodal,high,1,3,20000,27.06024893394277,16.152699169967104,25.10693322506205,25.106933225062054,7.779985278850766,7.77998527885075,3.0198376178741455,19950,27.06024893394277,27.06024893394277,27.06024893394277,27.06024893394277,27.06024893394277,27.06024893394277,27.06024893394277,27.06024893394277,27.06024893394277,27.06024893394277,27.06024893394277,27.06024893394277,27.06024893394277,27.06024893394277,27.06024893394277,27.06024893394277,27.06024893394277,27.06024893394277,27.06024893394277,27.06024893394277
benchmark|QI-MRFO + swap|50-10-bimodal-high|inst1|run5|b20000,benchmark,QI-MRFO + swap,"50 tasks, 10 VMs, bimodal/high",50,10,bimodal,high,1,5,20000,26.12823470889463,15.711849645061111,25.10693322506205,25.106933225062054,4.067806588233982,4.0678065882339665,2.9039430618286133,19950,27.05759537385895,26.12823470889463,26.12823470889463,26.12823470889463,26.12823470889463,26.12823470889463,26.12823470889463,26.12823470889463,26.12823470889463,26.12823470889463,26.12823470889463,26.12823470889463,26.12823470889463,26.12823470889463,26.12823470889463,26.12823470889463,26.12823470889463,26.12823470889463,26.12823470889463,26.12823470889463
benchmark|QI-MRFO + swap|50-10-bimodal-high|inst1|run4|b20000,benchmark,QI-MRFO + swap,"50 tasks, 10 VMs, bimodal/high",50,10,bimodal,high,1,4,20000,25.481275441811384,15.523412266397363,25.10693322506205,25.106933225062054,1.4909914062130876,1.4909914062130731,2.991448163986206,19950,27.05759537385895,26.12823470889463,25.481275441811384,25.481275441811384,25.481275441811384,25.481275441811384,25.481275441811384,25.481275441811384,25.481275441811384,25.481275441811384,25.481275441811384,25.481275441811384,25.481275441811384,25.481275441811384,25.481275441811384,25.481275441811384,25.481275441811384,25.481275441811384,25.481275441811384,25.481275441811384
benchmark|QI-MRFO + swap|50-10-bimodal-high|inst1|run6|b20000,benchmark,QI-MRFO + swap,"50 tasks, 10 VMs, bimodal/high",50,10,bimodal,high,1,6,20000,25.597309524314653,15.554095698248341,25.10693322506205,25.106933225062054,1.9531509279002779,1.9531509279002635,2.9087061882019043,19950,26.97473688556344,25.597309524314653,25.597309524314653,25.597309524314653,25.597309524314653,25.597309524314653,25.597309524314653,25.597309524314653,25.597309524314653,25.597309524314653,25.597309524314653,25.597309524314653,25.597309524314653,25.597309524314653,25.597309524314653,25.597309524314653,25.597309524314653,25.597309524314653,25.597309524314653,25.597309524314653
benchmark|QI-MRFO + swap|50-10-bimodal-high|inst1|run7|b20000,benchmark,QI-MRFO + swap,"50 tasks, 10 VMs, bimodal/high",50,10,bimodal,high,1,7,20000,26.007978445719473,15.624677795200181,25.10693322506205,25.106933225062054,3.58883027481026,3.5888302748102454,2.962252378463745,19950,26.71301190996199,26.71301190996199,26.71301190996199,26.71301190996199,26.71301190996199,26.71301190996199,26.37609006377896,26.007978445719473,26.007978445719473,26.007978445719473,26.007978445719473,26.007978445719473,26.007978445719473,26.007978445719473,26.007978445719473,26.007978445719473,26.007978445719473,26.007978445719473,26.007978445719473,26.007978445719473
benchmark|QI-MRFO + swap|50-10-bimodal-high|inst1|run8|b20000,benchmark,QI-MRFO + swap,"50 tasks, 10 VMs, bimodal/high",50,10,bimodal,high,1,8,20000,25.181770082708702,15.41130560495835,25.10693322506205,25.106933225062054,0.2980724765378702,0.298072476537856,2.906719446182251,19950,25.524282411174905,25.181770082708702,25.181770082708702,25.181770082708702,25.181770082708702,25.181770082708702,25.181770082708702,25.181770082708702,25.181770082708702,25.181770082708702,25.181770082708702,25.181770082708702,25.181770082708702,25.181770082708702,25.181770082708702,25.181770082708702,25.181770082708702,25.181770082708702,25.181770082708702,25.181770082708702
benchmark|QI-MRFO + swap|50-10-bimodal-high|inst1|run9|b20000,benchmark,QI-MRFO + swap,"50 tasks, 10 VMs, bimodal/high",50,10,bimodal,high,1,9,20000,26.096322168666003,15.711165534290284,25.10693322506205,25.106933225062054,3.9407001035727136,3.940700103572699,2.9175503253936768,19950,26.803750485748118,26.803750485748118,26.803750485748118,26.803750485748118,26.803750485748118,26.803750485748118,26.803750485748118,26.803750485748118,26.803750485748118,26.803750485748118,26.803750485748118,26.803750485748118,26.803750485748118,26.803750485748118,26.803750485748118,26.803750485748118,26.803750485748118,26.803750485748118,26.438672776463477,26.096322168666003
benchmark|QI-MRFO + swap|50-10-bimodal-high|inst1|run10|b20000,benchmark,QI-MRFO + swap,"50 tasks, 10 VMs, bimodal/high",50,10,bimodal,high,1,10,20000,25.721036903033763,15.594655231576937,25.10693322506205,25.106933225062054,2.445952568028925,2.4459525680289103,2.874359130859375,19950,26.132754040296057,25.721036903033763,25.721036903033763,25.721036903033763,25.721036903033763,25.721036903033763,25.721036903033763,25.721036903033763,25.721036903033763,25.721036903033763,25.721036903033763,25.721036903033763,25.721036903033763,25.721036903033763,25.721036903033763,25.721036903033763,25.721036903033763,25.721036903033763,25.721036903033763,25.721036903033763
benchmark|QI-MRFO + swap|50-10-bimodal-high|inst1|run11|b20000,benchmark,QI-MRFO + swap,"50 tasks, 10 VMs, bimodal/high",50,10,bimodal,high,1,11,20000,25.481275441811384,15.492923814041331,25.10693322506205,25.106933225062054,1.4909914062130876,1.4909914062130731,2.9396448135375977,19950,27.908524993344948,26.704153237370875,26.620960550097294,26.620960550097294,26.620960550097294,26.620960550097294,26.620960550097294,26.620960550097294,26.620960550097294,26.620960550097294,26.620960550097294,26.620960550097294,26.620960550097294,26.620960550097294,26.620960550097294,26.620960550097294,25.481275441811384,25.481275441811384,25.481275441811384,25.481275441811384
benchmark|QI-MRFO + swap|50-10-bimodal-high|inst1|run12|b20000,benchmark,QI-MRFO + swap,"50 tasks, 10 VMs, bimodal/high",50,10,bimodal,high,1,12,20000,26.6136285550893,15.89120464872162,25.10693322506205,25.106933225062054,6.001112587192636,6.001112587192621,2.737100839614868,19950,27.025511430527388,26.803750485748118,26.803750485748118,26.803750485748118,26.803750485748118,26.803750485748118,26.803750485748118,26.803750485748118,26.803750485748118,26.803750485748118,26.803750485748118,26.803750485748118,26.6136285550893,26.6136285550893,26.6136285550893,26.6136285550893,26.6136285550893,26.6136285550893,26.6136285550893,26.6136285550893
benchmark|QI-MRFO + swap|50-10-bimodal-high|inst1|run13|b20000,benchmark,QI-MRFO + swap,"50 tasks, 10 VMs, bimodal/high",50,10,bimodal,high,1,13,20000,25.47378991833594,15.493919721807641,25.10693322506205,25.106933225062054,1.4611768390242401,1.4611768390242257,2.9845001697540283,19950,26.620960550097294,26.35101224749026,26.007978445719473,26.007978445719473,25.570256438676665,25.47378991833594,25.47378991833594,25.47378991833594,25.47378991833594,25.47378991833594,25.47378991833594,25.47378991833594,25.47378991833594,25.47378991833594,25.47378991833594,25.47378991833594,25.47378991833594,25.47378991833594,25.47378991833594,25.47378991833594
benchmark|QI-MRFO + swap|50-10-bimodal-high|inst1|run14|b20000,benchmark,QI-MRFO + swap,"50 tasks, 10 VMs, bimodal/high",50,10,bimodal,high,1,14,20000,25.47378991833594,15.486845684841521,25.10693322506205,25.106933225062054,1.4611768390242401,1.4611768390242257,2.876499652862549,19950,28.440457087077483,26.914061026553256,26.914061026553256,26.37987249916972,26.37987249916972,26.37987249916972,26.37987249916972,26.37987249916972,26.37987249916972,26.37987249916972,26.37987249916972,26.37987249916972,26.37987249916972,26.37987249916972,26.37987249916972,26.37987249916972,26.36101044722016,25.848183575802828,25.848183575802828,25.47378991833594
benchmark|QI-MRFO + swap|50-10-bimodal-high|inst1|run15|b20000,benchmark,QI-MRFO + swap,"50 tasks, 10 VMs, bimodal/high",50,10,bimodal,high,1,15,20000,25.7948691902419,15.615921246812523,25.10693322506205,25.106933225062054,2.7400238771222925,2.740023877122278,2.8588528633117676,19950,26.70402954617669,26.70402954617669,26.70402954617669,26.70402954617669,26.70402954617669,26.70402954617669,26.70402954617669,26.70402954617669,26.70402954617669,25.7948691902419,25.7948691902419,25.7948691902419,25.7948691902419,25.7948691902419,25.7948691902419,25.7948691902419,25.7948691902419,25.7948691902419,25.7948691902419,25.7948691902419
benchmark|QI-MRFO + swap|50-10-bimodal-high|inst1|run16|b20000,benchmark,QI-MRFO + swap,"50 tasks, 10 VMs, bimodal/high",50,10,bimodal,high,1,16,20000,25.707545974255517,15.585123269038599,25.10693322506205,25.106933225062054,2.3922186903891838,2.3922186903891696,2.7901647090911865,19950,27.06024893394277,27.05759537385895,27.05759537385895,27.05759537385895,27.05759537385895,27.05759537385895,27.05759537385895,27.05759537385895,27.05759537385895,27.05759537385895,27.05759537385895,27.05759537385895,27.05759537385895,27.05759537385895,27.05759537385895,27.05759537385895,27.05759537385895,27.05759537385895,26.12823470889463,25.707545974255517
benchmark|QI-MRFO + swap|50-10-bimodal-high|inst1|run17|b20000,benchmark,QI-MRFO + swap,"50 tasks, 10 VMs, bimodal/high",50,10,bimodal,high,1,17,20000,25.597309524314653,15.444633701215723,25.10693322506205,25.106933225062054,1.9531509279002779,1.9531509279002635,2.827064275741577,19950,27.06024893394277,27.06024893394277,27.06024893394277,27.06024893394277,27.06024893394277,25.601943270900687,25.597309524314653,25.597309524314653,25.597309524314653,25.597309524314653,25.597309524314653,25.597309524314653,25.597309524314653,25.597309524314653,25.597309524314653,25.597309524314653,25.597309524314653,25.597309524314653,25.597309524314653,25.597309524314653
benchmark|QI-MRFO + swap|50-10-bimodal-high|inst1|run18|b20000,benchmark,QI-MRFO + swap,"50 tasks, 10 VMs, bimodal/high",50,10,bimodal,high,1,18,20000,25.19066232446084,15.403415474766376,25.10693322506205,25.106933225062054,0.33348995135418763,0.3334899513541735,2.8475303649902344,19950,26.270241781057862,25.37722383718907,25.37722383718907,25.37722383718907,25.37722383718907,25.37722383718907,25.37722383718907,25.37722383718907,25.37722383718907,25.37722383718907,25.37722383718907,25.37722383718907,25.37722383718907,25.37722383718907,25.37722383718907,25.37722383718907,25.37722383718907,25.37722383718907,25.19066232446084,25.19066232446084
benchmark|QI-MRFO + swap|50-10-bimodal-high|inst1|run19|b20000,benchmark,QI-MRFO + swap,"50 tasks, 10 VMs, bimodal/high",50,10,bimodal,high,1,19,20000,25.56031911335355,15.485172644935348,25.10693322506205,25.106933225062054,1.805819469177241,1.8058194691772265,2.7644596099853516,19950,26.012382884212716,25.56031911335355,25.56031911335355,25.56031911335355,25.56031911335355,25.56031911335355,25.56031911335355,25.56031911335355,25.56031911335355,25.56031911335355,25.56031911335355,25.56031911335355,25.56031911335355,25.56031911335355,25.56031911335355,25.56031911335355,25.56031911335355,25.56031911335355,25.56031911335355,25.56031911335355
benchmark|QI-MRFO + swap|50-10-bimodal-high|inst1|run20|b20000,benchmark,QI-MRFO + swap,"50 tasks, 10 VMs, bimodal/high",50,10,bimodal,high,1,20,20000,25.56031911335355,15.49958098965408,25.10693322506205,25.106933225062054,1.805819469177241,1.8058194691772265,2.703495740890503,19950,27.43001596349949,26.37987249916972,26.37987249916972,26.37987249916972,26.37987249916972,26.37987249916972,26.37987249916972,26.37987249916972,26.37987249916972,26.37987249916972,26.37987249916972,26.37987249916972,26.37987249916972,26.37987249916972,25.7948691902419,25.56031911335355,25.56031911335355,25.56031911335355,25.56031911335355,25.56031911335355
benchmark|QI-MRFO + swap|50-10-bimodal-high|inst1|run21|b20000,benchmark,QI-MRFO + swap,"50 tasks, 10 VMs, bimodal/high",50,10,bimodal,high,1,21,20000,25.181770082708702,15.402222323610287,25.10693322506205,25.106933225062054,0.2980724765378702,0.298072476537856,2.7954165935516357,19950,26.247384692898045,25.64892624417205,25.37722383718907,25.283600015363046,25.200664832085764,25.19066232446084,25.19066232446084,25.19066232446084,25.19066232446084,25.19066232446084,25.19066232446084,25.19066232446084,25.181770082708702,25.181770082708702,25.181770082708702,25.181770082708702,25.181770082708702,25.181770082708702,25.181770082708702,25.181770082708702
benchmark|QI-MRFO + swap|50-10-bimodal-high|inst1|run22|b20000,benchmark,QI-MRFO + swap,"50 tasks, 10 VMs, bimodal/high",50,10,bimodal,high,1,22,20000,25.707545974255517,15.558185109410523,25.10693322506205,25.106933225062054,2.3922186903891838,2.3922186903891696,2.8270184993743896,19950,26.691626751421058,26.676147024534373,26.676147024534373,26.676147024534373,26.676147024534373,26.676147024534373,26.676147024534373,26.676147024534373,26.676147024534373,26.676147024534373,26.676147024534373,26.676147024534373,26.676147024534373,26.05363553705272,25.707545974255517,25.707545974255517,25.707545974255517,25.707545974255517,25.707545974255517,25.707545974255517
benchmark|QI-MRFO + swap|50-10-bimodal-high|inst1|run23|b20000,benchmark,QI-MRFO + swap,"50 tasks, 10 VMs, bimodal/high",50,10,bimodal,high,1,23,20000,25.481275441811384,15.4435393577853,25.10693322506205,25.106933225062054,1.4909914062130876,1.4909914062130731,2.75056791305542,19950,27.908524993344948,26.620960550097294,25.822396700854846,25.481275441811384,25.481275441811384,25.481275441811384,25.481275441811384,25.481275441811384,25.481275441811384,25.481275441811384,25.481275441811384,25.481275441811384,25.481275441811384,25.481275441811384,25.481275441811384,25.481275441811384,25.481275441811384,25.481275441811384,25.481275441811384,25.481275441811384
benchmark|QI-MRFO + swap|50-10-bimodal-high|inst1|run24|b20000,benchmark,QI-MRFO + swap,"50 tasks, 10 VMs, bimodal/high",50,10,bimodal,high,1,24,20000,25.19066232446084,15.413479580847278,25.10693322506205,25.106933225062054,0.33348995135418763,0.3334899513541735,2.8310141563415527,19950,26.670942491761174,25.760679874946714,25.37722383718907,25.37722383718907,25.37722383718907,25.37722383718907,25.194977503995883,25.19066232446084,25.19066232446084,25.19066232446084,25.19066232446084,25.19066232446084,25.19066232446084,25.19066232446084,25.19066232446084,25.19066232446084,25.19066232446084,25.19066232446084,25.19066232446084,25.19066232446084
benchmark|QI-MRFO + swap|50-10-bimodal-high|inst1|run25|b20000,benchmark,QI-MRFO + swap,"50 tasks, 10 VMs, bimodal/high",50,10,bimodal,high,1,25,20000,25.721036903033763,15.551103456400432,25.10693322506205,25.106933225062054,2.445952568028925,2.4459525680289103,2.7318544387817383,19950,26.854238027887142,25.721036903033763,25.721036903033763,25.721036903033763,25.721036903033763,25.721036903033763,25.721036903033763,25.721036903033763,25.721036903033763,25.721036903033763,25.721036903033763,25.721036903033763,25.721036903033763,25.721036903033763,25.721036903033763,25.721036903033763,25.721036903033763,25.721036903033763,25.721036903033763,25.721036903033763
benchmark|QI-MRFO + swap|50-10-bimodal-high|inst1|run26|b20000,benchmark,QI-MRFO + swap,"50 tasks, 10 VMs, bimodal/high",50,10,bimodal,high,1,26,20000,25.47378991833594,15.511438055200234,25.10693322506205,25.106933225062054,1.4611768390242401,1.4611768390242257,2.82157301902771,19950,29.98325338282059,26.789446379859353,26.469479469288345,26.007978445719473,26.007978445719473,25.47378991833594,25.47378991833594,25.47378991833594,25.47378991833594,25.47378991833594,25.47378991833594,25.47378991833594,25.47378991833594,25.47378991833594,25.47378991833594,25.47378991833594,25.47378991833594,25.47378991833594,25.47378991833594,25.47378991833594
benchmark|QI-MRFO + swap|50-10-bimodal-high|inst1|run27|b20000,benchmark,QI-MRFO + swap,"50 tasks, 10 VMs, bimodal/high",50,10,bimodal,high,1,27,20000,25.707545974255517,15.553311958731282,25.10693322506205,25.106933225062054,2.3922186903891838,2.3922186903891696,2.8747763633728027,19950,26.620960550097294,25.707545974255517,25.707545974255517,25.707545974255517,25.707545974255517,25.707545974255517,25.707545974255517,25.707545974255517,25.707545974255517,25.707545974255517,25.707545974255517,25.707545974255517,25.707545974255517,25.707545974255517,25.707545974255517,25.707545974255517,25.707545974255517,25.707545974255517,25.707545974255517,25.707545974255517
benchmark|QI-MRFO + swap|50-10-bimodal-high|inst1|run28|b20000,benchmark,QI-MRFO + swap,"50 tasks, 10 VMs, bimodal/high",50,10,bimodal,high,1,28,20000,25.707545974255517,15.60154926123796,25.10693322506205,25.106933225062054,2.3922186903891838,2.3922186903891696,2.8895411491394043,19950,27.619094490795767,26.37987249916972,26.37987249916972,26.12823470889463,26.12823470889463,26.12823470889463,26.12823470889463,26.12823470889463,26.12823470889463,26.12823470889463,26.12823470889463,26.12823470889463,26.12823470889463,26.12823470889463,26.12823470889463,26.12823470889463,26.12823470889463,26.12823470889463,25.864852853065393,25.707545974255517
benchmark|QI-MRFO + swap|50-10-bimodal-high|inst1|run29|b20000,benchmark,QI-MRFO + swap,"50 tasks, 10 VMs, bimodal/high",50,10,bimodal,high,1,29,20000,25.707545974255517,15.545179193808927,25.10693322506205,25.106933225062054,2.3922186903891838,2.3922186903891696,2.7819316387176514,19950,27.399293438570467,27.399293438570467,27.399293438570467,27.399293438570467,27.399293438570467,27.399293438570467,27.399293438570467,27.399293438570467,26.676147024534373,26.676147024534373,26.36799617011701,26.36799617011701,26.36799617011701,26.12823470889463,25.707545974255517,25.707545974255517,25.707545974255517,25.707545974255517,25.707545974255517,25.707545974255517
benchmark|QI-MRFO + swap + Max-Min start|50-10-bimodal-high|inst1|run0|b20000,benchmark,QI-MRFO + swap + Max-Min start,"50 tasks, 10 VMs, bimodal/high",50,10,bimodal,high,1,0,20000,25.481275441811384,15.474058572275812,25.10693322506205,25.106933225062054,1.4909914062130876,1.4909914062130731,2.9661996364593506,19951,25.481275441811384,25.481275441811384,25.481275441811384,25.481275441811384,25.481275441811384,25.481275441811384,25.481275441811384,25.481275441811384,25.481275441811384,25.481275441811384,25.481275441811384,25.481275441811384,25.481275441811384,25.481275441811384,25.481275441811384,25.481275441811384,25.481275441811384,25.481275441811384,25.481275441811384,25.481275441811384
benchmark|QI-MRFO + swap + Max-Min start|50-10-bimodal-high|inst1|run1|b20000,benchmark,QI-MRFO + swap + Max-Min start,"50 tasks, 10 VMs, bimodal/high",50,10,bimodal,high,1,1,20000,25.481275441811384,15.488462111207498,25.10693322506205,25.106933225062054,1.4909914062130876,1.4909914062130731,2.891993761062622,19951,25.481275441811384,25.481275441811384,25.481275441811384,25.481275441811384,25.481275441811384,25.481275441811384,25.481275441811384,25.481275441811384,25.481275441811384,25.481275441811384,25.481275441811384,25.481275441811384,25.481275441811384,25.481275441811384,25.481275441811384,25.481275441811384,25.481275441811384,25.481275441811384,25.481275441811384,25.481275441811384
benchmark|QI-MRFO + swap + Max-Min start|50-10-bimodal-high|inst1|run2|b20000,benchmark,QI-MRFO + swap + Max-Min start,"50 tasks, 10 VMs, bimodal/high",50,10,bimodal,high,1,2,20000,25.481275441811384,15.480105025815993,25.10693322506205,25.106933225062054,1.4909914062130876,1.4909914062130731,2.756516933441162,19951,26.12823470889463,26.12823470889463,26.12823470889463,26.12823470889463,26.12823470889463,26.12823470889463,26.12823470889463,26.12823470889463,25.481275441811384,25.481275441811384,25.481275441811384,25.481275441811384,25.481275441811384,25.481275441811384,25.481275441811384,25.481275441811384,25.481275441811384,25.481275441811384,25.481275441811384,25.481275441811384
benchmark|QI-MRFO + swap + Max-Min start|50-10-bimodal-high|inst1|run3|b20000,benchmark,QI-MRFO + swap + Max-Min start,"50 tasks, 10 VMs, bimodal/high",50,10,bimodal,high,1,3,20000,25.481275441811384,15.486697664033928,25.10693322506205,25.106933225062054,1.4909914062130876,1.4909914062130731,2.7082269191741943,19951,25.481275441811384,25.481275441811384,25.481275441811384,25.481275441811384,25.481275441811384,25.481275441811384,25.481275441811384,25.481275441811384,25.481275441811384,25.481275441811384,25.481275441811384,25.481275441811384,25.481275441811384,25.481275441811384,25.481275441811384,25.481275441811384,25.481275441811384,25.481275441811384,25.481275441811384,25.481275441811384
benchmark|QI-MRFO + swap + Max-Min start|50-10-bimodal-high|inst1|run4|b20000,benchmark,QI-MRFO + swap + Max-Min start,"50 tasks, 10 VMs, bimodal/high",50,10,bimodal,high,1,4,20000,25.597309524314653,15.452994979601751,25.10693322506205,25.106933225062054,1.9531509279002779,1.9531509279002635,2.7680349349975586,19951,26.12823470889463,26.12823470889463,25.597309524314653,25.597309524314653,25.597309524314653,25.597309524314653,25.597309524314653,25.597309524314653,25.597309524314653,25.597309524314653,25.597309524314653,25.597309524314653,25.597309524314653,25.597309524314653,25.597309524314653,25.597309524314653,25.597309524314653,25.597309524314653,25.597309524314653,25.597309524314653
benchmark|QI-MRFO + swap + Max-Min start|50-10-bimodal-high|inst1|run5|b20000,benchmark,QI-MRFO + swap + Max-Min start,"50 tasks, 10 VMs, bimodal/high",50,10,bimodal,high,1,5,20000,25.481275441811384,15.488555066476204,25.10693322506205,25.106933225062054,1.4909914062130876,1.4909914062130731,2.7940733432769775,19951,25.481275441811384,25.481275441811384,25.481275441811384,25.481275441811384,25.481275441811384,25.481275441811384,25.481275441811384,25.481275441811384,25.481275441811384,25.481275441811384,25.481275441811384,25.481275441811384,25.481275441811384,25.481275441811384,25.481275441811384,25.481275441811384,25.481275441811384,25.481275441811384,25.481275441811384,25.481275441811384
benchmark|QI-MRFO + swap + Max-Min start|50-10-bimodal-high|inst1|run6|b20000,benchmark,QI-MRFO + swap + Max-Min start,"50 tasks, 10 VMs, bimodal/high",50,10,bimodal,high,1,6,20000,25.481275441811384,15.498855510553375,25.10693322506205,25.106933225062054,1.4909914062130876,1.4909914062130731,2.738413095474243,19951,25.481275441811384,25.481275441811384,25.481275441811384,25.481275441811384,25.481275441811384,25.481275441811384,25.481275441811384,25.481275441811384,25.481275441811384,25.481275441811384,25.481275441811384,25.481275441811384,25.481275441811384,25.481275441811384,25.481275441811384,25.481275441811384,25.481275441811384,25.481275441811384,25.481275441811384,25.481275441811384
benchmark|QI-MRFO + swap + Max-Min start|50-10-bimodal-high|inst1|run7|b20000,benchmark,QI-MRFO + swap + Max-Min start,"50 tasks, 10 VMs, bimodal/high",50,10,bimodal,high,1,7,20000,25.481275441811384,15.424795007049884,25.10693322506205,25.106933225062054,1.4909914062130876,1.4909914062130731,2.851468801498413,19951,25.481275441811384,25.481275441811384,25.481275441811384,25.481275441811384,25.481275441811384,25.481275441811384,25.481275441811384,25.481275441811384,25.481275441811384,25.481275441811384,25.481275441811384,25.481275441811384,25.481275441811384,25.481275441811384,25.481275441811384,25.481275441811384,25.481275441811384,25.481275441811384,25.481275441811384,25.481275441811384
benchmark|QI-MRFO + swap + Max-Min start|50-10-bimodal-high|inst1|run8|b20000,benchmark,QI-MRFO + swap + Max-Min start,"50 tasks, 10 VMs, bimodal/high",50,10,bimodal,high,1,8,20000,25.481275441811384,15.488197851053394,25.10693322506205,25.106933225062054,1.4909914062130876,1.4909914062130731,2.78706431388855,19951,25.481275441811384,25.481275441811384,25.481275441811384,25.481275441811384,25.481275441811384,25.481275441811384,25.481275441811384,25.481275441811384,25.481275441811384,25.481275441811384,25.481275441811384,25.481275441811384,25.481275441811384,25.481275441811384,25.481275441811384,25.481275441811384,25.481275441811384,25.481275441811384,25.481275441811384,25.481275441811384
benchmark|QI-MRFO + swap + Max-Min start|50-10-bimodal-high|inst1|run9|b20000,benchmark,QI-MRFO + swap + Max-Min start,"50 tasks, 10 VMs, bimodal/high",50,10,bimodal,high,1,9,20000,25.481275441811384,15.473406809678313,25.10693322506205,25.106933225062054,1.4909914062130876,1.4909914062130731,2.709977865219116,19951,25.481275441811384,25.481275441811384,25.481275441811384,25.481275441811384,25.481275441811384,25.481275441811384,25.481275441811384,25.481275441811384,25.481275441811384,25.481275441811384,25.481275441811384,25.481275441811384,25.481275441811384,25.481275441811384,25.481275441811384,25.481275441811384,25.481275441811384,25.481275441811384,25.481275441811384,25.481275441811384
benchmark|QI-MRFO + swap + Max-Min start|50-10-bimodal-high|inst1|run10|b20000,benchmark,QI-MRFO + swap + Max-Min start,"50 tasks, 10 VMs, bimodal/high",50,10,bimodal,high,1,10,20000,25.481275441811384,15.487255569815275,25.10693322506205,25.106933225062054,1.4909914062130876,1.4909914062130731,2.7882063388824463,19951,26.12823470889463,25.722939992420933,25.481275441811384,25.481275441811384,25.481275441811384,25.481275441811384,25.481275441811384,25.481275441811384,25.481275441811384,25.481275441811384,25.481275441811384,25.481275441811384,25.481275441811384,25.481275441811384,25.481275441811384,25.481275441811384,25.481275441811384,25.481275441811384,25.481275441811384,25.481275441811384
benchmark|QI-MRFO + swap + Max-Min start|50-10-bimodal-high|inst1|run11|b20000,benchmark,QI-MRFO + swap + Max-Min start,"50 tasks, 10 VMs, bimodal/high",50,10,bimodal,high,1,11,20000,25.481275441811384,15.486484471481615,25.10693322506205,25.106933225062054,1.4909914062130876,1.4909914062130731,2.7491304874420166,19951,25.481275441811384,25.481275441811384,25.481275441811384,25.481275441811384,25.481275441811384,25.481275441811384,25.481275441811384,25.481275441811384,25.481275441811384,25.481275441811384,25.481275441811384,25.481275441811384,25.481275441811384,25.481275441811384,25.481275441811384,25.481275441811384,25.481275441811384,25.481275441811384,25.481275441811384,25.481275441811384
benchmark|QI-MRFO + swap + Max-Min start|50-10-bimodal-high|inst1|run12|b20000,benchmark,QI-MRFO + swap + Max-Min start,"50 tasks, 10 VMs, bimodal/high",50,10,bimodal,high,1,12,20000,25.481275441811384,15.461503294725068,25.10693322506205,25.106933225062054,1.4909914062130876,1.4909914062130731,2.833744525909424,19951,25.481275441811384,25.481275441811384,25.481275441811384,25.481275441811384,25.481275441811384,25.481275441811384,25.481275441811384,25.481275441811384,25.481275441811384,25.481275441811384,25.481275441811384,25.481275441811384,25.481275441811384,25.481275441811384,25.481275441811384,25.481275441811384,25.481275441811384,25.481275441811384,25.481275441811384,25.481275441811384
benchmark|QI-MRFO + swap + Max-Min start|50-10-bimodal-high|inst1|run13|b20000,benchmark,QI-MRFO + swap + Max-Min start,"50 tasks, 10 VMs, bimodal/high",50,10,bimodal,high,1,13,20000,25.481275441811384,15.48575177666784,25.10693322506205,25.106933225062054,1.4909914062130876,1.4909914062130731,2.8437280654907227,19951,25.481275441811384,25.481275441811384,25.481275441811384,25.481275441811384,25.481275441811384,25.481275441811384,25.481275441811384,25.481275441811384,25.481275441811384,25.481275441811384,25.481275441811384,25.481275441811384,25.481275441811384,25.481275441811384,25.481275441811384,25.481275441811384,25.481275441811384,25.481275441811384,25.481275441811384,25.481275441811384
benchmark|QI-MRFO + swap + Max-Min start|50-10-bimodal-high|inst1|run14|b20000,benchmark,QI-MRFO + swap + Max-Min start,"50 tasks, 10 VMs, bimodal/high",50,10,bimodal,high,1,14,20000,25.481275441811384,15.471223302376087,25.10693322506205,25.106933225062054,1.4909914062130876,1.4909914062130731,2.928494453430176,19951,25.481275441811384,25.481275441811384,25.481275441811384,25.481275441811384,25.481275441811384,25.481275441811384,25.481275441811384,25.481275441811384,25.481275441811384,25.481275441811384,25.481275441811384,25.481275441811384,25.481275441811384,25.481275441811384,25.481275441811384,25.481275441811384,25.481275441811384,25.481275441811384,25.481275441811384,25.481275441811384
benchmark|QI-MRFO + swap + Max-Min start|50-10-bimodal-high|inst1|run15|b20000,benchmark,QI-MRFO + swap + Max-Min start,"50 tasks, 10 VMs, bimodal/high",50,10,bimodal,high,1,15,20000,25.481275441811384,15.503123411654116,25.10693322506205,25.106933225062054,1.4909914062130876,1.4909914062130731,2.8917582035064697,19951,25.481275441811384,25.481275441811384,25.481275441811384,25.481275441811384,25.481275441811384,25.481275441811384,25.481275441811384,25.481275441811384,25.481275441811384,25.481275441811384,25.481275441811384,25.481275441811384,25.481275441811384,25.481275441811384,25.481275441811384,25.481275441811384,25.481275441811384,25.481275441811384,25.481275441811384,25.481275441811384
benchmark|QI-MRFO + swap + Max-Min start|50-10-bimodal-high|inst1|run16|b20000,benchmark,QI-MRFO + swap + Max-Min start,"50 tasks, 10 VMs, bimodal/high",50,10,bimodal,high,1,16,20000,25.481275441811384,15.509080911835683,25.10693322506205,25.106933225062054,1.4909914062130876,1.4909914062130731,2.8521535396575928,19951,26.12823470889463,25.481275441811384,25.481275441811384,25.481275441811384,25.481275441811384,25.481275441811384,25.481275441811384,25.481275441811384,25.481275441811384,25.481275441811384,25.481275441811384,25.481275441811384,25.481275441811384,25.481275441811384,25.481275441811384,25.481275441811384,25.481275441811384,25.481275441811384,25.481275441811384,25.481275441811384
benchmark|QI-MRFO + swap + Max-Min start|50-10-bimodal-high|inst1|run17|b20000,benchmark,QI-MRFO + swap + Max-Min start,"50 tasks, 10 VMs, bimodal/high",50,10,bimodal,high,1,17,20000,25.481275441811384,15.477430423656365,25.10693322506205,25.106933225062054,1.4909914062130876,1.4909914062130731,2.8591411113739014,19951,25.481275441811384,25.481275441811384,25.481275441811384,25.481275441811384,25.481275441811384,25.481275441811384,25.481275441811384,25.481275441811384,25.481275441811384,25.481275441811384,25.481275441811384,25.481275441811384,25.481275441811384,25.481275441811384,25.481275441811384,25.481275441811384,25.481275441811384,25.481275441811384,25.481275441811384,25.481275441811384
benchmark|QI-MRFO + swap + Max-Min start|50-10-bimodal-high|inst1|run18|b20000,benchmark,QI-MRFO + swap + Max-Min start,"50 tasks, 10 VMs, bimodal/high",50,10,bimodal,high,1,18,20000,25.481275441811384,15.486745103770946,25.10693322506205,25.106933225062054,1.4909914062130876,1.4909914062130731,2.8060193061828613,19951,25.481275441811384,25.481275441811384,25.481275441811384,25.481275441811384,25.481275441811384,25.481275441811384,25.481275441811384,25.481275441811384,25.481275441811384,25.481275441811384,25.481275441811384,25.481275441811384,25.481275441811384,25.481275441811384,25.481275441811384,25.481275441811384,25.481275441811384,25.481275441811384,25.481275441811384,25.481275441811384
benchmark|QI-MRFO + swap + Max-Min start|50-10-bimodal-high|inst1|run19|b20000,benchmark,QI-MRFO + swap + Max-Min start,"50 tasks, 10 VMs, bimodal/high",50,10,bimodal,high,1,19,20000,25.481275441811384,15.500874997874323,25.10693322506205,25.106933225062054,1.4909914062130876,1.4909914062130731,2.8720922470092773,19951,25.481275441811384,25.481275441811384,25.481275441811384,25.481275441811384,25.481275441811384,25.481275441811384,25.481275441811384,25.481275441811384,25.481275441811384,25.481275441811384,25.481275441811384,25.481275441811384,25.481275441811384,25.481275441811384,25.481275441811384,25.481275441811384,25.481275441811384,25.481275441811384,25.481275441811384,25.481275441811384
benchmark|QI-MRFO + swap + Max-Min start|50-10-bimodal-high|inst1|run20|b20000,benchmark,QI-MRFO + swap + Max-Min start,"50 tasks, 10 VMs, bimodal/high",50,10,bimodal,high,1,20,20000,25.481275441811384,15.452540912657565,25.10693322506205,25.106933225062054,1.4909914062130876,1.4909914062130731,2.890489101409912,19951,25.481275441811384,25.481275441811384,25.481275441811384,25.481275441811384,25.481275441811384,25.481275441811384,25.481275441811384,25.481275441811384,25.481275441811384,25.481275441811384,25.481275441811384,25.481275441811384,25.481275441811384,25.481275441811384,25.481275441811384,25.481275441811384,25.481275441811384,25.481275441811384,25.481275441811384,25.481275441811384
benchmark|QI-MRFO + swap + Max-Min start|50-10-bimodal-high|inst1|run21|b20000,benchmark,QI-MRFO + swap + Max-Min start,"50 tasks, 10 VMs, bimodal/high",50,10,bimodal,high,1,21,20000,25.481275441811384,15.501099653916265,25.10693322506205,25.106933225062054,1.4909914062130876,1.4909914062130731,2.8931477069854736,19951,26.12823470889463,25.481275441811384,25.481275441811384,25.481275441811384,25.481275441811384,25.481275441811384,25.481275441811384,25.481275441811384,25.481275441811384,25.481275441811384,25.481275441811384,25.481275441811384,25.481275441811384,25.481275441811384,25.481275441811384,25.481275441811384,25.481275441811384,25.481275441811384,25.481275441811384,25.481275441811384
benchmark|QI-MRFO + swap + Max-Min start|50-10-bimodal-high|inst1|run22|b20000,benchmark,QI-MRFO + swap + Max-Min start,"50 tasks, 10 VMs, bimodal/high",50,10,bimodal,high,1,22,20000,25.481275441811384,15.46756637073163,25.10693322506205,25.106933225062054,1.4909914062130876,1.4909914062130731,2.7908754348754883,19951,25.481275441811384,25.481275441811384,25.481275441811384,25.481275441811384,25.481275441811384,25.481275441811384,25.481275441811384,25.481275441811384,25.481275441811384,25.481275441811384,25.481275441811384,25.481275441811384,25.481275441811384,25.481275441811384,25.481275441811384,25.481275441811384,25.481275441811384,25.481275441811384,25.481275441811384,25.481275441811384
benchmark|QI-MRFO + swap + Max-Min start|50-10-bimodal-high|inst1|run23|b20000,benchmark,QI-MRFO + swap + Max-Min start,"50 tasks, 10 VMs, bimodal/high",50,10,bimodal,high,1,23,20000,25.481275441811384,15.485499939779155,25.10693322506205,25.106933225062054,1.4909914062130876,1.4909914062130731,2.865624189376831,19951,25.481275441811384,25.481275441811384,25.481275441811384,25.481275441811384,25.481275441811384,25.481275441811384,25.481275441811384,25.481275441811384,25.481275441811384,25.481275441811384,25.481275441811384,25.481275441811384,25.481275441811384,25.481275441811384,25.481275441811384,25.481275441811384,25.481275441811384,25.481275441811384,25.481275441811384,25.481275441811384
benchmark|QI-MRFO + swap + Max-Min start|50-10-bimodal-high|inst1|run24|b20000,benchmark,QI-MRFO + swap + Max-Min start,"50 tasks, 10 VMs, bimodal/high",50,10,bimodal,high,1,24,20000,25.481275441811384,15.487528220480417,25.10693322506205,25.106933225062054,1.4909914062130876,1.4909914062130731,2.7977378368377686,19951,25.481275441811384,25.481275441811384,25.481275441811384,25.481275441811384,25.481275441811384,25.481275441811384,25.481275441811384,25.481275441811384,25.481275441811384,25.481275441811384,25.481275441811384,25.481275441811384,25.481275441811384,25.481275441811384,25.481275441811384,25.481275441811384,25.481275441811384,25.481275441811384,25.481275441811384,25.481275441811384
benchmark|QI-MRFO + swap + Max-Min start|50-10-bimodal-high|inst1|run25|b20000,benchmark,QI-MRFO + swap + Max-Min start,"50 tasks, 10 VMs, bimodal/high",50,10,bimodal,high,1,25,20000,25.481275441811384,15.487835890365556,25.10693322506205,25.106933225062054,1.4909914062130876,1.4909914062130731,2.8351542949676514,19951,25.481275441811384,25.481275441811384,25.481275441811384,25.481275441811384,25.481275441811384,25.481275441811384,25.481275441811384,25.481275441811384,25.481275441811384,25.481275441811384,25.481275441811384,25.481275441811384,25.481275441811384,25.481275441811384,25.481275441811384,25.481275441811384,25.481275441811384,25.481275441811384,25.481275441811384,25.481275441811384
benchmark|QI-MRFO + swap + Max-Min start|50-10-bimodal-high|inst1|run26|b20000,benchmark,QI-MRFO + swap + Max-Min start,"50 tasks, 10 VMs, bimodal/high",50,10,bimodal,high,1,26,20000,25.481275441811384,15.505499787223883,25.10693322506205,25.106933225062054,1.4909914062130876,1.4909914062130731,2.861698627471924,19951,25.481275441811384,25.481275441811384,25.481275441811384,25.481275441811384,25.481275441811384,25.481275441811384,25.481275441811384,25.481275441811384,25.481275441811384,25.481275441811384,25.481275441811384,25.481275441811384,25.481275441811384,25.481275441811384,25.481275441811384,25.481275441811384,25.481275441811384,25.481275441811384,25.481275441811384,25.481275441811384
benchmark|QI-MRFO + swap + Max-Min start|50-10-bimodal-high|inst1|run27|b20000,benchmark,QI-MRFO + swap + Max-Min start,"50 tasks, 10 VMs, bimodal/high",50,10,bimodal,high,1,27,20000,25.481275441811384,15.499974255903908,25.10693322506205,25.106933225062054,1.4909914062130876,1.4909914062130731,2.868570566177368,19951,26.12823470889463,25.481275441811384,25.481275441811384,25.481275441811384,25.481275441811384,25.481275441811384,25.481275441811384,25.481275441811384,25.481275441811384,25.481275441811384,25.481275441811384,25.481275441811384,25.481275441811384,25.481275441811384,25.481275441811384,25.481275441811384,25.481275441811384,25.481275441811384,25.481275441811384,25.481275441811384
benchmark|MRFO (original)|100-10-uniform-high|inst1|run0|b20000,benchmark,MRFO (original),"100 tasks, 10 VMs, uniform/high",100,10,uniform,high,1,0,20000,112.85614836905938,53.85553603688029,47.06057394079924,47.06057394079921,139.81039523875967,139.8103952387598,0.5807673931121826,19950,118.27021684589552,117.42699365453667,117.42699365453667,117.42699365453667,112.85614836905938,112.85614836905938,112.85614836905938,112.85614836905938,112.85614836905938,112.85614836905938,112.85614836905938,112.85614836905938,112.85614836905938,112.85614836905938,112.85614836905938,112.85614836905938,112.85614836905938,112.85614836905938,112.85614836905938,112.85614836905938
benchmark|QI-MRFO + swap + Max-Min start|50-10-bimodal-high|inst1|run29|b20000,benchmark,QI-MRFO + swap + Max-Min start,"50 tasks, 10 VMs, bimodal/high",50,10,bimodal,high,1,29,20000,25.481275441811384,15.4468824154953,25.10693322506205,25.106933225062054,1.4909914062130876,1.4909914062130731,2.8547308444976807,19951,25.481275441811384,25.481275441811384,25.481275441811384,25.481275441811384,25.481275441811384,25.481275441811384,25.481275441811384,25.481275441811384,25.481275441811384,25.481275441811384,25.481275441811384,25.481275441811384,25.481275441811384,25.481275441811384,25.481275441811384,25.481275441811384,25.481275441811384,25.481275441811384,25.481275441811384,25.481275441811384
benchmark|QI-MRFO + swap + Max-Min start|50-10-bimodal-high|inst1|run28|b20000,benchmark,QI-MRFO + swap + Max-Min start,"50 tasks, 10 VMs, bimodal/high",50,10,bimodal,high,1,28,20000,25.481275441811384,15.474681870088752,25.10693322506205,25.106933225062054,1.4909914062130876,1.4909914062130731,2.9226889610290527,19951,25.481275441811384,25.481275441811384,25.481275441811384,25.481275441811384,25.481275441811384,25.481275441811384,25.481275441811384,25.481275441811384,25.481275441811384,25.481275441811384,25.481275441811384,25.481275441811384,25.481275441811384,25.481275441811384,25.481275441811384,25.481275441811384,25.481275441811384,25.481275441811384,25.481275441811384,25.481275441811384
benchmark|MRFO (original)|100-10-uniform-high|inst1|run1|b20000,benchmark,MRFO (original),"100 tasks, 10 VMs, uniform/high",100,10,uniform,high,1,1,20000,84.98932577223562,43.28099588838041,47.06057394079924,47.06057394079921,80.59559978836975,80.59559978836985,0.6006782054901123,19950,91.22691072046553,91.22691072046553,86.89578373308052,86.89578373308052,86.89578373308052,84.98932577223562,84.98932577223562,84.98932577223562,84.98932577223562,84.98932577223562,84.98932577223562,84.98932577223562,84.98932577223562,84.98932577223562,84.98932577223562,84.98932577223562,84.98932577223562,84.98932577223562,84.98932577223562,84.98932577223562
benchmark|MRFO (original)|100-10-uniform-high|inst1|run2|b20000,benchmark,MRFO (original),"100 tasks, 10 VMs, uniform/high",100,10,uniform,high,1,2,20000,81.6559934040194,40.83232608589818,47.06057394079924,47.06057394079921,73.51253196941487,73.51253196941497,0.615109920501709,19950,92.49335296670435,90.76739670634092,84.02620327412676,84.02620327412676,84.02620327412676,83.41842081359843,81.6559934040194,81.6559934040194,81.6559934040194,81.6559934040194,81.6559934040194,81.6559934040194,81.6559934040194,81.6559934040194,81.6559934040194,81.6559934040194,81.6559934040194,81.6559934040194,81.6559934040194,81.6559934040194
benchmark|MRFO (original)|100-10-uniform-high|inst1|run3|b20000,benchmark,MRFO (original),"100 tasks, 10 VMs, uniform/high",100,10,uniform,high,1,3,20000,104.66357826575931,50.7332296084788,47.06057394079924,47.06057394079921,122.40183130240378,122.4018313024039,0.6505815982818604,19950,113.27483298316643,110.76968406563152,104.66357826575931,104.66357826575931,104.66357826575931,104.66357826575931,104.66357826575931,104.66357826575931,104.66357826575931,104.66357826575931,104.66357826575931,104.66357826575931,104.66357826575931,104.66357826575931,104.66357826575931,104.66357826575931,104.66357826575931,104.66357826575931,104.66357826575931,104.66357826575931
benchmark|MRFO (original)|100-10-uniform-high|inst1|run4|b20000,benchmark,MRFO (original),"100 tasks, 10 VMs, uniform/high",100,10,uniform,high,1,4,20000,82.79714411537047,42.34508580770761,47.06057394079924,47.06057394079921,75.93738703554008,75.93738703554018,0.687640905380249,19950,97.49155303340117,97.49155303340117,86.14576718732488,82.79714411537047,82.79714411537047,82.79714411537047,82.79714411537047,82.79714411537047,82.79714411537047,82.79714411537047,82.79714411537047,82.79714411537047,82.79714411537047,82.79714411537047,82.79714411537047,82.79714411537047,82.79714411537047,82.79714411537047,82.79714411537047,82.79714411537047
benchmark|MRFO (original)|100-10-uniform-high|inst1|run5|b20000,benchmark,MRFO (original),"100 tasks, 10 VMs, uniform/high",100,10,uniform,high,1,5,20000,73.58220019828126,38.30344939154106,47.06057394079924,47.06057394079921,56.35635955236206,56.35635955236215,0.5939230918884277,19950,79.43205129844247,75.51199944591332,73.58220019828126,73.58220019828126,73.58220019828126,73.58220019828126,73.58220019828126,73.58220019828126,73.58220019828126,73.58220019828126,73.58220019828126,73.58220019828126,73.58220019828126,73.58220019828126,73.58220019828126,73.58220019828126,73.58220019828126,73.58220019828126,73.58220019828126,73.58220019828126
benchmark|MRFO (original)|100-10-uniform-high|inst1|run6|b20000,benchmark,MRFO (original),"100 tasks, 10 VMs, uniform/high",100,10,uniform,high,1,6,20000,103.03626954734075,49.9934697952765,47.06057394079924,47.06057394079921,118.94392889673897,118.9439288967391,0.6426994800567627,19950,105.94302894746386,103.03626954734075,103.03626954734075,103.03626954734075,103.03626954734075,103.03626954734075,103.03626954734075,103.03626954734075,103.03626954734075,103.03626954734075,103.03626954734075,103.03626954734075,103.03626954734075,103.03626954734075,103.03626954734075,103.03626954734075,103.03626954734075,103.03626954734075,103.03626954734075,103.03626954734075
benchmark|MRFO (original)|100-10-uniform-high|inst1|run7|b20000,benchmark,MRFO (original),"100 tasks, 10 VMs, uniform/high",100,10,uniform,high,1,7,20000,97.3371170144048,47.57188160267469,47.06057394079924,47.06057394079921,106.83368021999034,106.83368021999046,0.6338357925415039,19950,97.3371170144048,97.3371170144048,97.3371170144048,97.3371170144048,97.3371170144048,97.3371170144048,97.3371170144048,97.3371170144048,97.3371170144048,97.3371170144048,97.3371170144048,97.3371170144048,97.3371170144048,97.3371170144048,97.3371170144048,97.3371170144048,97.3371170144048,97.3371170144048,97.3371170144048,97.3371170144048
benchmark|MRFO (original)|100-10-uniform-high|inst1|run8|b20000,benchmark,MRFO (original),"100 tasks, 10 VMs, uniform/high",100,10,uniform,high,1,8,20000,91.70048488656789,44.82099598327534,47.06057394079924,47.06057394079921,94.85628246252223,94.85628246252234,0.5936000347137451,19950,114.4602805030953,114.4602805030953,96.15412180495493,92.12522733913556,92.12522733913556,91.70048488656789,91.70048488656789,91.70048488656789,91.70048488656789,91.70048488656789,91.70048488656789,91.70048488656789,91.70048488656789,91.70048488656789,91.70048488656789,91.70048488656789,91.70048488656789,91.70048488656789,91.70048488656789,91.70048488656789
benchmark|MRFO (original)|100-10-uniform-high|inst1|run9|b20000,benchmark,MRFO (original),"100 tasks, 10 VMs, uniform/high",100,10,uniform,high,1,9,20000,66.19458740445576,36.256480353548085,47.06057394079924,47.06057394079921,40.65826627555908,40.65826627555917,0.5884900093078613,19950,87.61257633295158,87.51447343587914,71.23548175097645,70.15313350154864,70.15313350154864,70.15313350154864,70.15313350154864,66.19458740445576,66.19458740445576,66.19458740445576,66.19458740445576,66.19458740445576,66.19458740445576,66.19458740445576,66.19458740445576,66.19458740445576,66.19458740445576,66.19458740445576,66.19458740445576,66.19458740445576
benchmark|MRFO (original)|100-10-uniform-high|inst1|run10|b20000,benchmark,MRFO (original),"100 tasks, 10 VMs, uniform/high",100,10,uniform,high,1,10,20000,90.50910918194103,45.40263366603458,47.06057394079924,47.06057394079921,92.32470325542293,92.32470325542305,0.5730912685394287,19950,90.50910918194103,90.50910918194103,90.50910918194103,90.50910918194103,90.50910918194103,90.50910918194103,90.50910918194103,90.50910918194103,90.50910918194103,90.50910918194103,90.50910918194103,90.50910918194103,90.50910918194103,90.50910918194103,90.50910918194103,90.50910918194103,90.50910918194103,90.50910918194103,90.50910918194103,90.50910918194103
benchmark|MRFO (original)|100-10-uniform-high|inst1|run12|b20000,benchmark,MRFO (original),"100 tasks, 10 VMs, uniform/high",100,10,uniform,high,1,12,20000,70.82482275987815,37.81339401702822,47.06057394079924,47.06057394079921,50.49715043631556,50.49715043631564,0.5893979072570801,19950,78.4616278018905,77.09362913037658,74.55176855070675,74.55176855070675,70.82482275987815,70.82482275987815,70.82482275987815,70.82482275987815,70.82482275987815,70.82482275987815,70.82482275987815,70.82482275987815,70.82482275987815,70.82482275987815,70.82482275987815,70.82482275987815,70.82482275987815,70.82482275987815,70.82482275987815,70.82482275987815
benchmark|MRFO (original)|100-10-uniform-high|inst1|run11|b20000,benchmark,MRFO (original),"100 tasks, 10 VMs, uniform/high",100,10,uniform,high,1,11,20000,88.01788689258686,44.495365505891094,47.06057394079924,47.06057394079921,87.03105279444885,87.03105279444895,0.6396517753601074,19950,92.2144473064937,88.01788689258686,88.01788689258686,88.01788689258686,88.01788689258686,88.01788689258686,88.01788689258686,88.01788689258686,88.01788689258686,88.01788689258686,88.01788689258686,88.01788689258686,88.01788689258686,88.01788689258686,88.01788689258686,88.01788689258686,88.01788689258686,88.01788689258686,88.01788689258686,88.01788689258686
benchmark|MRFO (original)|100-10-uniform-high|inst1|run13|b20000,benchmark,MRFO (original),"100 tasks, 10 VMs, uniform/high",100,10,uniform,high,1,13,20000,77.78901240703681,40.70842684976858,47.06057394079924,47.06057394079921,65.29550299342505,65.29550299342515,0.7216136455535889,19950,84.63260281099619,82.72614485015129,77.78901240703681,77.78901240703681,77.78901240703681,77.78901240703681,77.78901240703681,77.78901240703681,77.78901240703681,77.78901240703681,77.78901240703681,77.78901240703681,77.78901240703681,77.78901240703681,77.78901240703681,77.78901240703681,77.78901240703681,77.78901240703681,77.78901240703681,77.78901240703681
benchmark|MRFO (original)|100-10-uniform-high|inst1|run14|b20000,benchmark,MRFO (original),"100 tasks, 10 VMs, uniform/high",100,10,uniform,high,1,14,20000,90.3754940813815,44.94197919676405,47.06057394079924,47.06057394079921,92.0407817275478,92.04078172754792,0.5750284194946289,19950,90.3754940813815,90.3754940813815,90.3754940813815,90.3754940813815,90.3754940813815,90.3754940813815,90.3754940813815,90.3754940813815,90.3754940813815,90.3754940813815,90.3754940813815,90.3754940813815,90.3754940813815,90.3754940813815,90.3754940813815,90.3754940813815,90.3754940813815,90.3754940813815,90.3754940813815,90.3754940813815
benchmark|MRFO (original)|100-10-uniform-high|inst1|run15|b20000,benchmark,MRFO (original),"100 tasks, 10 VMs, uniform/high",100,10,uniform,high,1,15,20000,91.16501256601315,45.57130426587911,47.06057394079924,47.06057394079921,93.7184461045799,93.71844610458001,0.5926616191864014,19950,107.93887572022724,99.84607438584365,92.41860502149018,91.16501256601315,91.16501256601315,91.16501256601315,91.16501256601315,91.16501256601315,91.16501256601315,91.16501256601315,91.16501256601315,91.16501256601315,91.16501256601315,91.16501256601315,91.16501256601315,91.16501256601315,91.16501256601315,91.16501256601315,91.16501256601315,91.16501256601315
benchmark|MRFO (original)|100-10-uniform-high|inst1|run16|b20000,benchmark,MRFO (original),"100 tasks, 10 VMs, uniform/high",100,10,uniform,high,1,16,20000,77.17531631273485,40.34778377275426,47.06057394079924,47.06057394079921,63.99144729900455,63.99144729900465,0.618257999420166,19950,92.73817181276357,92.73817181276357,92.73817181276357,92.73817181276357,92.73817181276357,92.73817181276357,89.75117791299101,87.04234469796259,87.04234469796259,82.74611664386819,82.74611664386819,81.56242184090881,77.17531631273485,77.17531631273485,77.17531631273485,77.17531631273485,77.17531631273485,77.17531631273485,77.17531631273485,77.17531631273485
benchmark|MRFO (original)|100-10-uniform-high|inst1|run17|b20000,benchmark,MRFO (original),"100 tasks, 10 VMs, uniform/high",100,10,uniform,high,1,17,20000,58.8169469631037,32.929764714803575,47.06057394079924,47.06057394079921,24.98136345955666,24.98136345955674,0.6248538494110107,19950,62.99571392078591,58.8169469631037,58.8169469631037,58.8169469631037,58.8169469631037,58.8169469631037,58.8169469631037,58.8169469631037,58.8169469631037,58.8169469631037,58.8169469631037,58.8169469631037,58.8169469631037,58.8169469631037,58.8169469631037,58.8169469631037,58.8169469631037,58.8169469631037,58.8169469631037,58.8169469631037
benchmark|MRFO (original)|100-10-uniform-high|inst1|run18|b20000,benchmark,MRFO (original),"100 tasks, 10 VMs, uniform/high",100,10,uniform,high,1,18,20000,99.34112067152694,48.88876721206292,47.06057394079924,47.06057394079921,111.09202959678102,111.09202959678113,0.5912222862243652,19950,102.3981827958483,102.3981827958483,102.3981827958483,99.34112067152694,99.34112067152694,99.34112067152694,99.34112067152694,99.34112067152694,99.34112067152694,99.34112067152694,99.34112067152694,99.34112067152694,99.34112067152694,99.34112067152694,99.34112067152694,99.34112067152694,99.34112067152694,99.34112067152694,99.34112067152694,99.34112067152694
benchmark|MRFO (original)|100-10-uniform-high|inst1|run19|b20000,benchmark,MRFO (original),"100 tasks, 10 VMs, uniform/high",100,10,uniform,high,1,19,20000,88.26515077921462,44.117391266846354,47.06057394079924,47.06057394079921,87.55646901002416,87.55646901002426,0.6534206867218018,19950,88.26515077921462,88.26515077921462,88.26515077921462,88.26515077921462,88.26515077921462,88.26515077921462,88.26515077921462,88.26515077921462,88.26515077921462,88.26515077921462,88.26515077921462,88.26515077921462,88.26515077921462,88.26515077921462,88.26515077921462,88.26515077921462,88.26515077921462,88.26515077921462,88.26515077921462,88.26515077921462
benchmark|MRFO (original)|100-10-uniform-high|inst1|run20|b20000,benchmark,MRFO (original),"100 tasks, 10 VMs, uniform/high",100,10,uniform,high,1,20,20000,92.90153249867103,45.730137858518326,47.06057394079924,47.06057394079921,97.40841370855,97.40841370855011,0.6601951122283936,19950,103.07603383894478,92.90153249867103,92.90153249867103,92.90153249867103,92.90153249867103,92.90153249867103,92.90153249867103,92.90153249867103,92.90153249867103,92.90153249867103,92.90153249867103,92.90153249867103,92.90153249867103,92.90153249867103,92.90153249867103,92.90153249867103,92.90153249867103,92.90153249867103,92.90153249867103,92.90153249867103
benchmark|MRFO (original)|100-10-uniform-high|inst1|run21|b20000,benchmark,MRFO (original),"100 tasks, 10 VMs, uniform/high",100,10,uniform,high,1,21,20000,80.1173850069884,41.59204728964312,47.06057394079924,47.06057394079921,70.24311073590734,70.24311073590744,0.6802680492401123,19950,103.2503754253095,94.24051023860386,80.1173850069884,80.1173850069884,80.1173850069884,80.1173850069884,80.1173850069884,80.1173850069884,80.1173850069884,80.1173850069884,80.1173850069884,80.1173850069884,80.1173850069884,80.1173850069884,80.1173850069884,80.1173850069884,80.1173850069884,80.1173850069884,80.1173850069884,80.1173850069884
benchmark|MRFO (original)|100-10-uniform-high|inst1|run22|b20000,benchmark,MRFO (original),"100 tasks, 10 VMs, uniform/high",100,10,uniform,high,1,22,20000,84.13072412926351,42.41273524101506,47.06057394079924,47.06057394079921,78.77113916013305,78.77113916013316,0.6014082431793213,19950,90.80518474501177,90.80518474501177,90.80518474501177,90.80518474501177,90.80518474501177,90.80518474501177,90.80518474501177,90.80518474501177,90.80518474501177,90.80518474501177,90.80518474501177,90.80518474501177,90.80518474501177,90.80518474501177,89.53709081072988,89.53709081072988,89.53709081072988,84.13072412926351,84.13072412926351,84.13072412926351
benchmark|MRFO (original)|100-10-uniform-high|inst1|run23|b20000,benchmark,MRFO (original),"100 tasks, 10 VMs, uniform/high",100,10,uniform,high,1,23,20000,89.80188984475568,45.01599916685311,47.06057394079924,47.06057394079921,90.82191806186577,90.82191806186589,0.5768728256225586,19950,97.31622995105805,89.80188984475568,89.80188984475568,89.80188984475568,89.80188984475568,89.80188984475568,89.80188984475568,89.80188984475568,89.80188984475568,89.80188984475568,89.80188984475568,89.80188984475568,89.80188984475568,89.80188984475568,89.80188984475568,89.80188984475568,89.80188984475568,89.80188984475568,89.80188984475568,89.80188984475568
benchmark|MRFO (original)|100-10-uniform-high|inst1|run24|b20000,benchmark,MRFO (original),"100 tasks, 10 VMs, uniform/high",100,10,uniform,high,1,24,20000,64.29511238671618,35.366358147541185,47.06057394079924,47.06057394079921,36.62203199560946,36.62203199560955,0.5897974967956543,19950,75.25437494467965,75.25437494467965,75.25437494467965,75.25437494467965,71.12537404065166,71.12537404065166,64.29511238671618,64.29511238671618,64.29511238671618,64.29511238671618,64.29511238671618,64.29511238671618,64.29511238671618,64.29511238671618,64.29511238671618,64.29511238671618,64.29511238671618,64.29511238671618,64.29511238671618,64.29511238671618
benchmark|MRFO (original)|100-10-uniform-high|inst1|run26|b20000,benchmark,MRFO (original),"100 tasks, 10 VMs, uniform/high",100,10,uniform,high,1,26,20000,91.86095183855731,46.13657497083745,47.06057394079924,47.06057394079921,95.1972620523404,95.19726205234055,0.5750720500946045,19950,105.93496519098288,105.93496519098288,105.93496519098288,105.69139303541252,105.69139303541252,105.69139303541252,105.69139303541252,101.55133273438416,98.13482943486729,98.13482943486729,98.13482943486729,98.13482943486729,98.13482943486729,98.13482943486729,98.13482943486729,98.13482943486729,98.13482943486729,97.83971386369697,97.83971386369697,91.86095183855731
benchmark|MRFO (original)|100-10-uniform-high|inst1|run25|b20000,benchmark,MRFO (original),"100 tasks, 10 VMs, uniform/high",100,10,uniform,high,1,25,20000,93.53802966424347,46.48421802678423,47.06057394079924,47.06057394079921,98.76091987724469,98.7609198772448,0.6059203147888184,19950,104.98376670758897,104.98376670758897,104.98376670758897,93.53802966424347,93.53802966424347,93.53802966424347,93.53802966424347,93.53802966424347,93.53802966424347,93.53802966424347,93.53802966424347,93.53802966424347,93.53802966424347,93.53802966424347,93.53802966424347,93.53802966424347,93.53802966424347,93.53802966424347,93.53802966424347,93.53802966424347
benchmark|MRFO (original)|100-10-uniform-high|inst1|run27|b20000,benchmark,MRFO (original),"100 tasks, 10 VMs, uniform/high",100,10,uniform,high,1,27,20000,95.46895512299947,47.556041367539976,47.06057394079924,47.06057394079921,102.86398385854048,102.8639838585406,0.588080883026123,19950,98.14833834304805,95.46895512299947,95.46895512299947,95.46895512299947,95.46895512299947,95.46895512299947,95.46895512299947,95.46895512299947,95.46895512299947,95.46895512299947,95.46895512299947,95.46895512299947,95.46895512299947,95.46895512299947,95.46895512299947,95.46895512299947,95.46895512299947,95.46895512299947,95.46895512299947,95.46895512299947
benchmark|MRFO (original)|100-10-uniform-high|inst1|run28|b20000,benchmark,MRFO (original),"100 tasks, 10 VMs, uniform/high",100,10,uniform,high,1,28,20000,87.2187748026713,44.2602255535823,47.06057394079924,47.06057394079921,85.33300276445812,85.33300276445823,0.590050458908081,19950,108.45563345757539,108.09169034356452,89.55314224165905,89.55314224165905,89.55314224165905,89.55314224165905,89.55314224165905,87.2187748026713,87.2187748026713,87.2187748026713,87.2187748026713,87.2187748026713,87.2187748026713,87.2187748026713,87.2187748026713,87.2187748026713,87.2187748026713,87.2187748026713,87.2187748026713,87.2187748026713
benchmark|MRFO (original)|100-10-uniform-high|inst1|run29|b20000,benchmark,MRFO (original),"100 tasks, 10 VMs, uniform/high",100,10,uniform,high,1,29,20000,86.53836599397899,44.13360776147683,47.06057394079924,47.06057394079921,83.88718782486929,83.8871878248694,0.5690350532531738,19950,94.37935915113229,94.37935915113229,90.59349443576822,90.59349443576822,86.53836599397899,86.53836599397899,86.53836599397899,86.53836599397899,86.53836599397899,86.53836599397899,86.53836599397899,86.53836599397899,86.53836599397899,86.53836599397899,86.53836599397899,86.53836599397899,86.53836599397899,86.53836599397899,86.53836599397899,86.53836599397899
benchmark|QI-MRFO + swap|100-10-uniform-high|inst1|run0|b20000,benchmark,QI-MRFO + swap,"100 tasks, 10 VMs, uniform/high",100,10,uniform,high,1,0,20000,47.08797246511757,28.686738545703264,47.06057394079924,47.06057394079921,0.05821969862246606,0.05821969862252649,3.3640270233154297,19950,47.6190278007743,47.380668640007634,47.24561132166253,47.216985667859454,47.1939134040197,47.165553268506784,47.165553268506784,47.14973972889428,47.131072124137695,47.12876460632082,47.12270825468125,47.10875407682482,47.1080703386642,47.098659847881535,47.08976321845729,47.08976321845729,47.08976321845729,47.08976321845729,47.08797246511757,47.08797246511757
benchmark|QI-MRFO + swap|100-10-uniform-high|inst1|run1|b20000,benchmark,QI-MRFO + swap,"100 tasks, 10 VMs, uniform/high",100,10,uniform,high,1,1,20000,47.10216587990588,28.68095603114054,47.06057394079924,47.06057394079921,0.08837958321325758,0.08837958321331801,3.2309374809265137,19950,48.13952723941337,47.33613312438192,47.268921489497615,47.22456007026804,47.22456007026804,47.18309268905543,47.14135609387049,47.113566603968145,47.113566603968145,47.113566603968145,47.10216587990588,47.10216587990588,47.10216587990588,47.10216587990588,47.10216587990588,47.10216587990588,47.10216587990588,47.10216587990588,47.10216587990588,47.10216587990588
benchmark|QI-MRFO + swap|100-10-uniform-high|inst1|run2|b20000,benchmark,QI-MRFO + swap,"100 tasks, 10 VMs, uniform/high",100,10,uniform,high,1,2,20000,47.09114448203817,28.67839170672191,47.06057394079924,47.06057394079921,0.06495998386544735,0.06495998386550779,3.2905027866363525,19950,47.4676666464984,47.37067795664251,47.23646478656698,47.1876829723609,47.13525293954219,47.13525293954219,47.13314181340301,47.127453526307825,47.12636577332882,47.105898497917565,47.105778941409945,47.105778941409945,47.105778941409945,47.10542005169524,47.09974530571442,47.096253248545395,47.09114448203817,47.09114448203817,47.09114448203817,47.09114448203817
benchmark|QI-MRFO + swap|100-10-uniform-high|inst1|run3|b20000,benchmark,QI-MRFO + swap,"100 tasks, 10 VMs, uniform/high",100,10,uniform,high,1,3,20000,47.08155785028034,28.684013540427195,47.06057394079924,47.06057394079921,0.0445891490985643,0.04458914909862472,3.4624147415161133,19950,47.7595077623484,47.397794042154,47.233361405404374,47.19920424222976,47.157222906403355,47.154494274530705,47.132309303914994,47.11085761140307,47.11085761140307,47.10778399964136,47.10575978309494,47.10539620917813,47.100099614427286,47.08155785028034,47.08155785028034,47.08155785028034,47.08155785028034,47.08155785028034,47.08155785028034,47.08155785028034
benchmark|QI-MRFO + swap|100-10-uniform-high|inst1|run4|b20000,benchmark,QI-MRFO + swap,"100 tasks, 10 VMs, uniform/high",100,10,uniform,high,1,4,20000,47.08279615812122,28.680912710990125,47.06057394079924,47.06057394079921,0.04722045538572649,0.04722045538578691,3.379408359527588,19950,47.730913446375325,47.28723362094571,47.25896514238477,47.24573523835006,47.105573946383345,47.105573946383345,47.105573946383345,47.092321266581294,47.092321266581294,47.092321266581294,47.0900754998589,47.089605202044645,47.089605202044645,47.08451307191539,47.08451307191539,47.08451307191539,47.08279615812122,47.08279615812122,47.08279615812122,47.08279615812122
benchmark|QI-MRFO + swap|100-10-uniform-high|inst1|run5|b20000,benchmark,QI-MRFO + swap,"100 tasks, 10 VMs, uniform/high",100,10,uniform,high,1,5,20000,47.104838979546834,28.687536688734205,47.06057394079924,47.06057394079921,0.09405970867095784,0.09405970867101829,3.3492302894592285,19950,48.60547607675306,47.48205747516201,47.416287449060086,47.27395873883401,47.22332022423386,47.19760609039291,47.16739455303366,47.15819156166738,47.14694821548908,47.14181507485214,47.12577330479902,47.12577330479902,47.12577330479902,47.12347740655915,47.11913561059353,47.11509712824909,47.114381277486615,47.114381277486615,47.104838979546834,47.104838979546834
benchmark|QI-MRFO + swap|100-10-uniform-high|inst1|run6|b20000,benchmark,QI-MRFO + swap,"100 tasks, 10 VMs, uniform/high",100,10,uniform,high,1,6,20000,47.09966118132672,28.680307440183423,47.06057394079924,47.06057394079921,0.08305729670158654,0.08305729670164698,3.3655364513397217,19950,48.10834554808526,47.402491329385064,47.26673950555458,47.25414285296861,47.159157989189666,47.14906172439939,47.14906172439939,47.14472382290977,47.14472382290977,47.14314694606916,47.136298416478816,47.136298416478816,47.136298416478816,47.136298416478816,47.136298416478816,47.136298416478816,47.136298416478816,47.1168004406977,47.10975956514693,47.09966118132672
benchmark|QI-MRFO + swap|100-10-uniform-high|inst1|run7|b20000,benchmark,QI-MRFO + swap,"100 tasks, 10 VMs, uniform/high",100,10,uniform,high,1,7,20000,47.12814458574286,28.6865759950808,47.06057394079924,47.06057394079921,0.14358227978397325,0.14358227978403373,3.3418712615966797,19950,47.563429227723525,47.352071792681706,47.279050641767185,47.2421466736177,47.20810688637465,47.207706586898276,47.19199580856627,47.18939288476835,47.16956628956944,47.16652693226824,47.15794661551437,47.15672135028983,47.143228546130615,47.13188183462632,47.13188183462632,47.130390352465255,47.130390352465255,47.12819482360966,47.12814458574286,47.12814458574286
benchmark|QI-MRFO + swap|100-10-uniform-high|inst1|run8|b20000,benchmark,QI-MRFO + swap,"100 tasks, 10 VMs, uniform/high",100,10,uniform,high,1,8,20000,47.09567153032333,28.683945033473858,47.06057394079924,47.06057394079921,0.0745796036577111,0.07457960365777154,3.5059397220611572,19950,48.664261613199585,47.53675774389742,47.39410954377377,47.190096097747414,47.17904780337549,47.14379336756738,47.13425106304068,47.113967869534505,47.10009574645205,47.10009574645205,47.096974139754956,47.096974139754956,47.09567153032333,47.09567153032333,47.09567153032333,47.09567153032333,47.09567153032333,47.09567153032333,47.09567153032333,47.09567153032333
benchmark|QI-MRFO + swap|100-10-uniform-high|inst1|run10|b20000,benchmark,QI-MRFO + swap,"100 tasks, 10 VMs, uniform/high",100,10,uniform,high,1,10,20000,47.0965260685066,28.67677777069299,47.06057394079924,47.06057394079921,0.07639542975525074,0.07639542975531118,3.2417101860046387,19950,50.073694131408224,47.43263834974011,47.318317689084274,47.24601416963748,47.20333405913189,47.12895047484997,47.12895047484997,47.12895047484997,47.12895047484997,47.11784570779288,47.11784570779288,47.11784570779288,47.11784570779288,47.11784570779288,47.098153778190465,47.098153778190465,47.09735228793485,47.09735228793485,47.0965260685066,47.0965260685066
benchmark|QI-MRFO + swap|100-10-uniform-high|inst1|run9|b20000,benchmark,QI-MRFO + swap,"100 tasks, 10 VMs, uniform/high",100,10,uniform,high,1,9,20000,47.11385501160928,28.683882025660544,47.06057394079924,47.06057394079921,0.11321806418483153,0.113218064184892,3.489351511001587,19950,47.38020594861723,47.24724902355279,47.183123513731616,47.153316181947304,47.12585701903579,47.120544235754025,47.120544235754025,47.11851635277571,47.11851635277571,47.11851635277571,47.11851635277571,47.11851635277571,47.11851635277571,47.11851635277571,47.11851635277571,47.11851635277571,47.11851635277571,47.11851635277571,47.11594099562721,47.11385501160928
benchmark|QI-MRFO + swap|100-10-uniform-high|inst1|run11|b20000,benchmark,QI-MRFO + swap,"100 tasks, 10 VMs, uniform/high",100,10,uniform,high,1,11,20000,47.093548598801725,28.68567561561861,47.06057394079924,47.06057394079921,0.0700685419688433,0.07006854196890373,3.4097468852996826,19950,47.30906867173534,47.229810337755254,47.17689867008645,47.13596715457468,47.1184441549688,47.115887826973676,47.115887826973676,47.111525115214135,47.111525115214135,47.111525115214135,47.10514452591133,47.1044662701684,47.1044662701684,47.1044662701684,47.1044662701684,47.101575955063275,47.096201436002836,47.094536079237436,47.094536079237436,47.093548598801725
benchmark|QI-MRFO + swap|100-10-uniform-high|inst1|run12|b20000,benchmark,QI-MRFO + swap,"100 tasks, 10 VMs, uniform/high",100,10,uniform,high,1,12,20000,47.08677043125606,28.683625197329448,47.06057394079924,47.06057394079921,0.05566547167440055,0.05566547167446098,3.3854808807373047,19950,47.507326049405755,47.32056844668751,47.21613926370177,47.17226749406394,47.127470753729135,47.12646444867235,47.1191181063427,47.11554871441184,47.09717057806545,47.09717057806545,47.09717057806545,47.09504073693537,47.09504073693537,47.09263181304431,47.09263181304431,47.08965597815445,47.08677043125606,47.08677043125606,47.08677043125606,47.08677043125606
benchmark|QI-MRFO + swap|100-10-uniform-high|inst1|run14|b20000,benchmark,QI-MRFO + swap,"100 tasks, 10 VMs, uniform/high",100,10,uniform,high,1,14,20000,47.08278019134394,28.67864926384059,47.06057394079924,47.06057394079921,0.047186527246013577,0.047186527246074,3.2894608974456787,19950,47.78767524059982,47.31353854329209,47.23800301917255,47.14824615393368,47.14724606154156,47.14724606154156,47.14724606154156,47.14160215702138,47.09350069371176,47.09184210315989,47.09184210315989,47.09184210315989,47.09184210315989,47.09184210315989,47.08670308875594,47.08670308875594,47.08670308875594,47.08670308875594,47.08278019134394,47.08278019134394
benchmark|QI-MRFO + swap|100-10-uniform-high|inst1|run13|b20000,benchmark,QI-MRFO + swap,"100 tasks, 10 VMs, uniform/high",100,10,uniform,high,1,13,20000,47.09101698559448,28.681922995916118,47.06057394079924,47.06057394079921,0.0646890639998095,0.06468906399986994,3.3848278522491455,19950,47.979842465533665,47.1863232341847,47.18477648241399,47.15296458669312,47.10714308640631,47.10714308640631,47.10714308640631,47.100026130481055,47.097730232241176,47.09101698559448,47.09101698559448,47.09101698559448,47.09101698559448,47.09101698559448,47.09101698559448,47.09101698559448,47.09101698559448,47.09101698559448,47.09101698559448,47.09101698559448
benchmark|QI-MRFO + swap|100-10-uniform-high|inst1|run15|b20000,benchmark,QI-MRFO + swap,"100 tasks, 10 VMs, uniform/high",100,10,uniform,high,1,15,20000,47.119044497000026,28.69321828868729,47.06057394079924,47.06057394079921,0.1242453104680417,0.12424531046810217,3.356544017791748,19950,48.714679988943445,47.5957309118959,47.43866359161162,47.335098697331034,47.21650114980851,47.20114829522172,47.20114829522172,47.20114829522172,47.20114829522172,47.20114829522172,47.20114829522172,47.20083540510811,47.18119122778871,47.17173197332694,47.16800138620281,47.16800138620281,47.16800138620281,47.13709119676848,47.119044497000026,47.119044497000026
benchmark|QI-MRFO + swap|100-10-uniform-high|inst1|run16|b20000,benchmark,QI-MRFO + swap,"100 tasks, 10 VMs, uniform/high",100,10,uniform,high,1,16,20000,47.11212511182005,28.691751195499673,47.06057394079924,47.06057394079921,0.10954216386239027,0.10954216386245073,3.4916117191314697,19950,48.03562352404181,47.485772878212515,47.23553132334776,47.18727238090763,47.13893433109048,47.13521202378111,47.124216091817374,47.1224628936057,47.1224628936057,47.1224628936057,47.1224628936057,47.122354291327355,47.112216483008424,47.11212511182005,47.11212511182005,47.11212511182005,47.11212511182005,47.11212511182005,47.11212511182005,47.11212511182005
benchmark|QI-MRFO + swap|100-10-uniform-high|inst1|run18|b20000,benchmark,QI-MRFO + swap,"100 tasks, 10 VMs, uniform/high",100,10,uniform,high,1,18,20000,47.103015654981235,28.681766596232322,47.06057394079924,47.06057394079921,0.09018528808294529,0.09018528808300573,3.4979188442230225,19950,47.83416117820516,47.363842854924215,47.27668118620799,47.1911188881256,47.18334909757022,47.156552005613634,47.13940089481858,47.12368131476249,47.103015654981235,47.103015654981235,47.103015654981235,47.103015654981235,47.103015654981235,47.103015654981235,47.103015654981235,47.103015654981235,47.103015654981235,47.103015654981235,47.103015654981235,47.103015654981235
benchmark|QI-MRFO + swap|100-10-uniform-high|inst1|run17|b20000,benchmark,QI-MRFO + swap,"100 tasks, 10 VMs, uniform/high",100,10,uniform,high,1,17,20000,47.07314687061566,28.680522718783696,47.06057394079924,47.06057394079921,0.02671648210716262,0.02671648210722303,3.554957389831543,19950,48.70050199074775,47.450647582390516,47.33593520480334,47.265061190102756,47.16560093342964,47.16378883313746,47.12499410564227,47.115156143958345,47.101957426446674,47.101957426446674,47.081827361645736,47.08058234783037,47.08058234783037,47.08058234783037,47.08058234783037,47.07314687061566,47.07314687061566,47.07314687061566,47.07314687061566,47.07314687061566
benchmark|QI-MRFO + swap|100-10-uniform-high|inst1|run19|b20000,benchmark,QI-MRFO + swap,"100 tasks, 10 VMs, uniform/high",100,10,uniform,high,1,19,20000,47.15311341393562,28.708602803198936,47.06057394079924,47.06057394079921,0.1966390661805264,0.1966390661805869,3.3440194129943848,19950,47.76670186749077,47.44964547945288,47.30053442030753,47.27151308019866,47.24662757491397,47.243186257165654,47.23965666407935,47.22363303597768,47.22138670516454,47.20787315292318,47.20787315292318,47.19060730718105,47.184514415436716,47.184514415436716,47.155972978340266,47.155972978340266,47.155972978340266,47.155972978340266,47.15311341393562,47.15311341393562
benchmark|QI-MRFO + swap|100-10-uniform-high|inst1|run21|b20000,benchmark,QI-MRFO + swap,"100 tasks, 10 VMs, uniform/high",100,10,uniform,high,1,21,20000,47.097539162176254,28.685301874608516,47.06057394079924,47.06057394079921,0.07854817372928292,0.07854817372934336,3.2251319885253906,19950,47.81751067434861,47.57250203636173,47.28950627587359,47.179312335166664,47.179312335166664,47.141754925847565,47.1109817209235,47.1109817209235,47.1109817209235,47.10699187674277,47.106897818476575,47.106897818476575,47.106897818476575,47.106897818476575,47.10423595603458,47.10423595603458,47.10423595603458,47.10423595603458,47.10423595603458,47.097539162176254
benchmark|QI-MRFO + swap|100-10-uniform-high|inst1|run20|b20000,benchmark,QI-MRFO + swap,"100 tasks, 10 VMs, uniform/high",100,10,uniform,high,1,20,20000,47.08549841342173,28.686187433426074,47.06057394079924,47.06057394079921,0.05296253431555817,0.05296253431561859,3.3647103309631348,19950,48.348367989611894,47.29979519247079,47.18138876531055,47.13919478143001,47.13908061609979,47.1380105782394,47.1298587166939,47.12720323118083,47.12474303444076,47.118305718382175,47.118305718382175,47.11129673415256,47.104554557726736,47.094837829765275,47.08549841342173,47.08549841342173,47.08549841342173,47.08549841342173,47.08549841342173,47.08549841342173
benchmark|QI-MRFO + swap|100-10-uniform-high|inst1|run22|b20000,benchmark,QI-MRFO + swap,"100 tasks, 10 VMs, uniform/high",100,10,uniform,high,1,22,20000,47.09510094103108,28.686484650896038,47.06057394079924,47.06057394079921,0.0733671465105249,0.07336714651058533,3.3215670585632324,19950,51.081647723589604,48.04074478989764,47.42132377859087,47.16571974542514,47.16571974542514,47.16571974542514,47.151544426848474,47.12455498158703,47.12455498158703,47.12455498158703,47.12018337590201,47.11702498585372,47.11702498585372,47.11702498585372,47.11647085012,47.11647085012,47.11647085012,47.11647085012,47.09811057171485,47.09510094103108
benchmark|QI-MRFO + swap|100-10-uniform-high|inst1|run23|b20000,benchmark,QI-MRFO + swap,"100 tasks, 10 VMs, uniform/high",100,10,uniform,high,1,23,20000,47.08923203927053,28.68282001928757,47.06057394079924,47.06057394079921,0.06089619414191776,0.060896194141978194,3.395368814468384,19950,47.71890247623977,47.32800330885938,47.22893407176198,47.139001780788085,47.13246955579433,47.13246955579433,47.129925579363444,47.129405597457826,47.12767924855031,47.119219448085786,47.119219448085786,47.11255921686472,47.110621091509316,47.105487721404046,47.10434935018154,47.08923203927053,47.08923203927053,47.08923203927053,47.08923203927053,47.08923203927053
benchmark|QI-MRFO + swap|100-10-uniform-high|inst1|run24|b20000,benchmark,QI-MRFO + swap,"100 tasks, 10 VMs, uniform/high",100,10,uniform,high,1,24,20000,47.0809569866805,28.681375231356853,47.06057394079924,47.06057394079921,0.043312361440601285,0.04331236144066171,3.235649824142456,19950,47.74721003141649,47.29054304759267,47.22826098218343,47.22826098218343,47.18073477866495,47.17366917038662,47.135650255898476,47.100980331736494,47.100980331736494,47.08974248871452,47.08974248871452,47.08974248871452,47.08974248871452,47.08974248871452,47.08974248871452,47.08363596285457,47.08363596285457,47.08363596285457,47.08363596285457,47.0809569866805
benchmark|QI-MRFO + swap|100-10-uniform-high|inst1|run25|b20000,benchmark,QI-MRFO + swap,"100 tasks, 10 VMs, uniform/high",100,10,uniform,high,1,25,20000,47.11052160730356,28.68300247680088,47.06057394079924,47.06057394079921,0.10613484350436501,0.10613484350442547,3.2633183002471924,19950,49.210016723280496,47.387543726437734,47.27121575003301,47.17740061089458,47.162423166114245,47.162423166114245,47.155467160551915,47.154859670729074,47.14364989129278,47.11213733631377,47.11213733631377,47.111310545572806,47.111310545572806,47.11052160730356,47.11052160730356,47.11052160730356,47.11052160730356,47.11052160730356,47.11052160730356,47.11052160730356
benchmark|QI-MRFO + swap|100-10-uniform-high|inst1|run26|b20000,benchmark,QI-MRFO + swap,"100 tasks, 10 VMs, uniform/high",100,10,uniform,high,1,26,20000,47.113506243449436,28.683583215533723,47.06057394079924,47.06057394079921,0.1124769594114718,0.11247695941153227,3.4253101348876953,19950,50.78749591418814,47.444641915008255,47.2473819263928,47.184314991591876,47.17805357582264,47.14850966555093,47.14850966555093,47.13955595569335,47.13840845666847,47.13840845666847,47.13156012248714,47.13156012248714,47.12140184941049,47.119202107691,47.11764691636431,47.113506243449436,47.113506243449436,47.113506243449436,47.113506243449436,47.113506243449436
benchmark|QI-MRFO + swap|100-10-uniform-high|inst1|run27|b20000,benchmark,QI-MRFO + swap,"100 tasks, 10 VMs, uniform/high",100,10,uniform,high,1,27,20000,47.08994859200197,28.682744618603543,47.06057394079924,47.06057394079921,0.062418812060562975,0.062418812060623406,3.3446216583251953,19950,48.00423880551462,47.28255275921406,47.17546764219091,47.15293968601221,47.15293968601221,47.1415881118203,47.12397939908438,47.1200701251379,47.1200701251379,47.1200701251379,47.1200701251379,47.113433506384304,47.107087851372945,47.10018715685591,47.09610972884205,47.09610972884205,47.09610972884205,47.08994859200197,47.08994859200197,47.08994859200197
benchmark|QI-MRFO + swap|100-10-uniform-high|inst1|run28|b20000,benchmark,QI-MRFO + swap,"100 tasks, 10 VMs, uniform/high",100,10,uniform,high,1,28,20000,47.088155450335,28.683863990062633,47.06057394079924,47.06057394079921,0.05860852774651882,0.05860852774657925,3.2203879356384277,19950,47.49769542663944,47.31353185488476,47.15598845031381,47.149922170887145,47.149922170887145,47.149922170887145,47.148324309651144,47.13697207192671,47.13697207192671,47.12408088474519,47.09709356707039,47.09709356707039,47.09350541896504,47.09350541896504,47.09350541896504,47.09350541896504,47.09350541896504,47.09350541896504,47.088155450335,47.088155450335
benchmark|QI-MRFO + swap|100-10-uniform-high|inst1|run29|b20000,benchmark,QI-MRFO + swap,"100 tasks, 10 VMs, uniform/high",100,10,uniform,high,1,29,20000,47.08153951084371,28.68228746251131,47.06057394079924,47.06057394079921,0.04455017924526003,0.04455017924532045,3.2945759296417236,19950,47.54967585779268,47.258277545688685,47.256796059496786,47.19609618606851,47.13680223493277,47.12196406506268,47.12181281910138,47.11603609976339,47.115501175549724,47.10907024636773,47.08153951084371,47.08153951084371,47.08153951084371,47.08153951084371,47.08153951084371,47.08153951084371,47.08153951084371,47.08153951084371,47.08153951084371,47.08153951084371
benchmark|QI-MRFO + swap + Max-Min start|100-10-uniform-high|inst1|run0|b20000,benchmark,QI-MRFO + swap + Max-Min start,"100 tasks, 10 VMs, uniform/high",100,10,uniform,high,1,0,20000,47.093758421278345,28.6828748828484,47.06057394079924,47.06057394079921,0.07051439814748658,0.07051439814754702,3.353393316268921,19951,47.26018686380425,47.22802275244027,47.17459624861747,47.16813275810995,47.16704768322374,47.16146748736735,47.156662474149535,47.15349136461677,47.13348493386978,47.13123860305666,47.12677340240647,47.11082357047205,47.09838709649385,47.09838709649385,47.09838709649385,47.093758421278345,47.093758421278345,47.093758421278345,47.093758421278345,47.093758421278345
benchmark|QI-MRFO + swap + Max-Min start|100-10-uniform-high|inst1|run1|b20000,benchmark,QI-MRFO + swap + Max-Min start,"100 tasks, 10 VMs, uniform/high",100,10,uniform,high,1,1,20000,47.08568353335467,28.68126874033739,47.06057394079924,47.06057394079921,0.053355899541340256,0.053355899541400686,3.2557590007781982,19951,47.235933642439825,47.20193407778432,47.19033625861372,47.1758431785109,47.1758431785109,47.17182448097137,47.15940329494234,47.1317662004586,47.124801758403045,47.11902503906506,47.11703812422637,47.115849974420215,47.115849974420215,47.115849974420215,47.115849974420215,47.100457259353945,47.096296174056576,47.08847249638488,47.08568353335467,47.08568353335467
benchmark|QI-MRFO + swap + Max-Min start|100-10-uniform-high|inst1|run2|b20000,benchmark,QI-MRFO + swap + Max-Min start,"100 tasks, 10 VMs, uniform/high",100,10,uniform,high,1,2,20000,47.07853959106095,28.67953659565883,47.06057394079924,47.06057394079921,0.03817558681777907,0.03817558681783949,3.4222872257232666,19951,47.155844496439926,47.10946613049943,47.099908746771355,47.09546443507717,47.09085554426856,47.09085554426856,47.09085554426856,47.09085554426856,47.09085554426856,47.09085554426856,47.09085554426856,47.09085554426856,47.087681532553766,47.087681532553766,47.087681532553766,47.08455969142928,47.08455969142928,47.08045010754335,47.08045010754335,47.07853959106095
benchmark|QI-MRFO + swap + Max-Min start|100-10-uniform-high|inst1|run3|b20000,benchmark,QI-MRFO + swap + Max-Min start,"100 tasks, 10 VMs, uniform/high",100,10,uniform,high,1,3,20000,47.08862167052874,28.680116466795596,47.06057394079924,47.06057394079921,0.059599208808596225,0.059599208808656656,3.325787305831909,19951,47.26354936034928,47.22588357708278,47.191561976972075,47.180368745813745,47.15639552083018,47.14726710374667,47.13334694279812,47.13108323143649,47.12291128421375,47.090272431796166,47.090272431796166,47.08862167052874,47.08862167052874,47.08862167052874,47.08862167052874,47.08862167052874,47.08862167052874,47.08862167052874,47.08862167052874,47.08862167052874
benchmark|QI-MRFO + swap + Max-Min start|100-10-uniform-high|inst1|run4|b20000,benchmark,QI-MRFO + swap + Max-Min start,"100 tasks, 10 VMs, uniform/high",100,10,uniform,high,1,4,20000,47.09610097574049,28.68395360516136,47.06057394079924,47.06057394079921,0.07549214122621083,0.07549214122627126,3.3026299476623535,19951,47.17458392886943,47.16351978702761,47.15400045187199,47.148223732534,47.13850244170439,47.13064943246444,47.12507292066388,47.12507292066388,47.109785769701844,47.10156152014553,47.09610097574049,47.09610097574049,47.09610097574049,47.09610097574049,47.09610097574049,47.09610097574049,47.09610097574049,47.09610097574049,47.09610097574049,47.09610097574049
benchmark|QI-MRFO + swap + Max-Min start|100-10-uniform-high|inst1|run5|b20000,benchmark,QI-MRFO + swap + Max-Min start,"100 tasks, 10 VMs, uniform/high",100,10,uniform,high,1,5,20000,47.08276885294512,28.680393278767376,47.06057394079924,47.06057394079921,0.047162434044696076,0.0471624340447565,3.259692907333374,19951,47.198105265510634,47.18557265703265,47.14121562496621,47.10915187701025,47.1052400803061,47.1052400803061,47.1052400803061,47.10393747087448,47.09712497563887,47.09374165733183,47.09374165733183,47.09374165733183,47.09251608483025,47.09251608483025,47.09251608483025,47.09251608483025,47.09251608483025,47.09251608483025,47.08332864596303,47.08276885294512
benchmark|QI-MRFO + swap + Max-Min start|100-10-uniform-high|inst1|run6|b20000,benchmark,QI-MRFO + swap + Max-Min start,"100 tasks, 10 VMs, uniform/high",100,10,uniform,high,1,6,20000,47.091919049332446,28.68326310400267,47.06057394079924,47.06057394079921,0.0666058781447082,0.06660587814476863,3.258971691131592,19951,47.2271552136725,47.191976066773066,47.184280927414065,47.12615433681806,47.122059399496834,47.10914695757287,47.10914695757287,47.10914695757287,47.10914695757287,47.10914695757287,47.10610903760765,47.09419620491293,47.09419620491293,47.091919049332446,47.091919049332446,47.091919049332446,47.091919049332446,47.091919049332446,47.091919049332446,47.091919049332446
benchmark|QI-MRFO + swap + Max-Min start|100-10-uniform-high|inst1|run7|b20000,benchmark,QI-MRFO + swap + Max-Min start,"100 tasks, 10 VMs, uniform/high",100,10,uniform,high,1,7,20000,47.08350077992547,28.68103727601112,47.06057394079924,47.06057394079921,0.0487177210271095,0.048717721027169925,3.497725486755371,19951,47.193921309173724,47.18690203682252,47.18690203682252,47.17704467719051,47.17704467719051,47.156614918294984,47.15505972696828,47.15505972696828,47.14818319044136,47.130593978698556,47.11637444399476,47.11131412728785,47.11131412728785,47.10698272694859,47.09788659787606,47.09788659787606,47.09788659787606,47.09788659787606,47.08350077992547,47.08350077992547
benchmark|QI-MRFO + swap + Max-Min start|100-10-uniform-high|inst1|run8|b20000,benchmark,QI-MRFO + swap + Max-Min start,"100 tasks, 10 VMs, uniform/high",100,10,uniform,high,1,8,20000,47.09892844074628,28.677264160128324,47.06057394079924,47.06057394079921,0.08150028088329096,0.08150028088335141,3.3721392154693604,19951,47.21979051828798,47.17499196234726,47.1546040804789,47.150975884932365,47.1504137957167,47.13874473623831,47.112004815001114,47.10094067315929,47.10094067315929,47.10094067315929,47.10094067315929,47.10094067315929,47.100261048735675,47.100261048735675,47.100261048735675,47.099384866282136,47.099384866282136,47.099384866282136,47.09892844074628,47.09892844074628
benchmark|QI-MRFO + swap + Max-Min start|100-10-uniform-high|inst1|run9|b20000,benchmark,QI-MRFO + swap + Max-Min start,"100 tasks, 10 VMs, uniform/high",100,10,uniform,high,1,9,20000,47.10329415938788,28.681219462605085,47.06057394079924,47.06057394079921,0.0907770879343338,0.09077708793439425,3.3002192974090576,19951,47.23354200615643,47.16916144629384,47.16691511548071,47.15681063800302,47.155844496439926,47.144143307721606,47.14250200251499,47.14250200251499,47.13463344862926,47.10882177909751,47.10882177909751,47.10882177909751,47.10329415938788,47.10329415938788,47.10329415938788,47.10329415938788,47.10329415938788,47.10329415938788,47.10329415938788,47.10329415938788
benchmark|QI-MRFO + swap + Max-Min start|100-10-uniform-high|inst1|run10|b20000,benchmark,QI-MRFO + swap + Max-Min start,"100 tasks, 10 VMs, uniform/high",100,10,uniform,high,1,10,20000,47.08175683325191,28.681540930353574,47.06057394079924,47.06057394079921,0.045011972185717036,0.04501197218577746,3.2524423599243164,19951,47.21572897769402,47.155844496439926,47.1399958807113,47.12273043920324,47.12026303834301,47.11358849771043,47.11358849771043,47.11358849771043,47.11358849771043,47.11358849771043,47.11358849771043,47.09246886114424,47.09052409857836,47.09052409857836,47.08897101710291,47.08339813845853,47.08339813845853,47.08339813845853,47.08339813845853,47.08175683325191
benchmark|QI-MRFO + swap + Max-Min start|100-10-uniform-high|inst1|run12|b20000,benchmark,QI-MRFO + swap + Max-Min start,"100 tasks, 10 VMs, uniform/high",100,10,uniform,high,1,12,20000,47.08764813306567,28.6814347566233,47.06057394079924,47.06057394079921,0.05753051864707669,0.05753051864713712,3.203495979309082,19951,47.227757623302324,47.168336257048644,47.155844496439926,47.1471207051102,47.1471207051102,47.116749650805154,47.11366100612224,47.11366100612224,47.109412021753926,47.109412021753926,47.100163436733936,47.100163436733936,47.09852213152731,47.09852213152731,47.09852213152731,47.09852213152731,47.09616985466649,47.08855729899592,47.08764813306567,47.08764813306567
benchmark|QI-MRFO + swap + Max-Min start|100-10-uniform-high|inst1|run11|b20000,benchmark,QI-MRFO + swap + Max-Min start,"100 tasks, 10 VMs, uniform/high",100,10,uniform,high,1,11,20000,47.09373906429485,28.68367576855404,47.06057394079924,47.06057394079921,0.07047326608752112,0.07047326608758155,3.421539068222046,19951,47.13887155018942,47.13230430691693,47.124979852628925,47.12488399998653,47.120584063173,47.112210010822615,47.10997707382056,47.104156132023604,47.101544023462125,47.101544023462125,47.101544023462125,47.101544023462125,47.101544023462125,47.101544023462125,47.101544023462125,47.101544023462125,47.101544023462125,47.101544023462125,47.09373906429485,47.09373906429485
benchmark|QI-MRFO + swap + Max-Min start|100-10-uniform-high|inst1|run13|b20000,benchmark,QI-MRFO + swap + Max-Min start,"100 tasks, 10 VMs, uniform/high",100,10,uniform,high,1,13,20000,47.09728983478011,28.68587402712191,47.06057394079924,47.06057394079921,0.07801837271909076,0.0780183727191512,3.4750876426696777,19951,47.28372502048773,47.254823935840136,47.145008634236476,47.13315192073427,47.131916294991086,47.12737919311154,47.1261395756531,47.11528411432704,47.106698380064245,47.106698380064245,47.10306256240285,47.100001484996135,47.100001484996135,47.100001484996135,47.09728983478011,47.09728983478011,47.09728983478011,47.09728983478011,47.09728983478011,47.09728983478011
benchmark|QI-MRFO + swap + Max-Min start|100-10-uniform-high|inst1|run14|b20000,benchmark,QI-MRFO + swap + Max-Min start,"100 tasks, 10 VMs, uniform/high",100,10,uniform,high,1,14,20000,47.089255310686724,28.681671600974834,47.06057394079924,47.06057394079921,0.060945644061984626,0.06094564406204506,3.1671085357666016,19951,47.18314375606277,47.156321349337425,47.11451246681988,47.10423849353932,47.104156132023604,47.103430314820805,47.103430314820805,47.0976932392016,47.0976932392016,47.0976932392016,47.0939870213362,47.0939870213362,47.09321246846453,47.0915711632579,47.0915711632579,47.089255310686724,47.089255310686724,47.089255310686724,47.089255310686724,47.089255310686724
benchmark|QI-MRFO + swap + Max-Min start|100-10-uniform-high|inst1|run15|b20000,benchmark,QI-MRFO + swap + Max-Min start,"100 tasks, 10 VMs, uniform/high",100,10,uniform,high,1,15,20000,47.099205460066095,28.684267284452524,47.06057394079924,47.06057394079921,0.08208892504255232,0.08208892504261275,3.3157098293304443,19951,47.26057636992436,47.19613882654213,47.188416198000716,47.18215504357066,47.14649781873486,47.143468653452814,47.134973468631514,47.13319068521504,47.13319068521504,47.125652597799956,47.11195709975765,47.11024566601749,47.11024566601749,47.11024566601749,47.10445376632799,47.10445376632799,47.10096430759214,47.10096430759214,47.099205460066095,47.099205460066095
benchmark|QI-MRFO + swap + Max-Min start|100-10-uniform-high|inst1|run16|b20000,benchmark,QI-MRFO + swap + Max-Min start,"100 tasks, 10 VMs, uniform/high",100,10,uniform,high,1,16,20000,47.10114049915777,28.68371006695443,47.06057394079924,47.06057394079921,0.08620073016866754,0.08620073016872798,3.272637128829956,19951,47.28395226883242,47.1599615213521,47.14705168130465,47.14705168130465,47.14282226198112,47.12033371909436,47.11922676547366,47.11902197678985,47.113453965440115,47.113453965440115,47.113453965440115,47.113453965440115,47.11120763462699,47.11120763462699,47.11120763462699,47.11119233708375,47.11119233708375,47.101318518176924,47.10114049915777,47.10114049915777
benchmark|QI-MRFO + swap + Max-Min start|100-10-uniform-high|inst1|run17|b20000,benchmark,QI-MRFO + swap + Max-Min start,"100 tasks, 10 VMs, uniform/high",100,10,uniform,high,1,17,20000,47.09131224920408,28.68138326530988,47.06057394079924,47.06057394079921,0.06531647583284968,0.0653164758329101,3.2216811180114746,19951,47.23175138934029,47.15830402808602,47.155844496439926,47.133833830438654,47.12476083695189,47.12476083695189,47.11195865493681,47.11195865493681,47.11195865493681,47.11172453843412,47.10239095795738,47.10239095795738,47.100660396592296,47.100660396592296,47.100660396592296,47.093211580195046,47.093211580195046,47.09228974907492,47.09131224920408,47.09131224920408
benchmark|QI-MRFO + swap + Max-Min start|100-10-uniform-high|inst1|run18|b20000,benchmark,QI-MRFO + swap + Max-Min start,"100 tasks, 10 VMs, uniform/high",100,10,uniform,high,1,18,20000,47.09739739581345,28.68355877403432,47.06057394079924,47.06057394079921,0.0782469314134111,0.07824693141347155,3.3178870677948,19951,47.23183324694146,47.184082711829234,47.17436245587906,47.17436245587906,47.17011053343072,47.17011053343072,47.15997050722516,47.14598295702227,47.13441403820031,47.12147172689523,47.12022394635412,47.11385849809742,47.10694672591428,47.10694672591428,47.09739739581345,47.09739739581345,47.09739739581345,47.09739739581345,47.09739739581345,47.09739739581345
benchmark|QI-MRFO + swap + Max-Min start|100-10-uniform-high|inst1|run19|b20000,benchmark,QI-MRFO + swap + Max-Min start,"100 tasks, 10 VMs, uniform/high",100,10,uniform,high,1,19,20000,47.10028900958248,28.684833377190945,47.06057394079924,47.06057394079921,0.08439138212212496,0.0843913821221854,3.262799024581909,19951,47.17638846641661,47.130510872544995,47.128958000212954,47.128958000212954,47.128958000212954,47.128958000212954,47.11074660300412,47.11074660300412,47.11074660300412,47.105667838327115,47.105667838327115,47.103421507513985,47.103421507513985,47.100645394121656,47.100645394121656,47.100645394121656,47.10028900958248,47.10028900958248,47.10028900958248,47.10028900958248
benchmark|QI-MRFO + swap + Max-Min start|100-10-uniform-high|inst1|run20|b20000,benchmark,QI-MRFO + swap + Max-Min start,"100 tasks, 10 VMs, uniform/high",100,10,uniform,high,1,20,20000,47.080028652956074,28.67878167887666,47.06057394079924,47.06057394079921,0.04133972565083818,0.0413397256508986,3.268836736679077,19951,47.24350091904094,47.19963315425832,47.124159910154304,47.124159910154304,47.10109551102224,47.096839568468006,47.096839568468006,47.09195356952942,47.09195356952942,47.09195356952942,47.09195356952942,47.09195356952942,47.09195356952942,47.09195356952942,47.08463754376469,47.08463754376469,47.08329615356728,47.08329615356728,47.080028652956074,47.080028652956074
benchmark|QI-MRFO + swap + Max-Min start|100-10-uniform-high|inst1|run21|b20000,benchmark,QI-MRFO + swap + Max-Min start,"100 tasks, 10 VMs, uniform/high",100,10,uniform,high,1,21,20000,47.08489237588318,28.68239361320959,47.06057394079924,47.06057394079921,0.05167475244677897,0.051674752446839396,3.173729658126831,19951,47.207166011270814,47.19867082644952,47.15859712930905,47.155844496439926,47.155844496439926,47.148405493062555,47.120064258294406,47.10410075352049,47.10229707680462,47.10229707680462,47.10229707680462,47.098916184361464,47.09441748434326,47.09441748434326,47.087157841819355,47.087157841819355,47.087157841819355,47.087157841819355,47.08489237588318,47.08489237588318
benchmark|QI-MRFO + swap + Max-Min start|100-10-uniform-high|inst1|run22|b20000,benchmark,QI-MRFO + swap + Max-Min start,"100 tasks, 10 VMs, uniform/high",100,10,uniform,high,1,22,20000,47.08736775148947,28.68118663173599,47.06057394079924,47.06057394079921,0.0569347299587443,0.056934729958804726,3.200028896331787,19951,47.155844496439926,47.141402687253006,47.12764904924471,47.10454259869262,47.10454259869262,47.09383714492678,47.09383714492678,47.09383714492678,47.09383714492678,47.09316462384371,47.09316462384371,47.08869943864624,47.08869943864624,47.08736775148947,47.08736775148947,47.08736775148947,47.08736775148947,47.08736775148947,47.08736775148947,47.08736775148947
benchmark|QI-MRFO + swap + Max-Min start|100-10-uniform-high|inst1|run23|b20000,benchmark,QI-MRFO + swap + Max-Min start,"100 tasks, 10 VMs, uniform/high",100,10,uniform,high,1,23,20000,47.08608886722569,28.681116623074114,47.06057394079924,47.06057394079921,0.054217201980048396,0.05421720198010882,3.2747135162353516,19951,47.202725641915,47.16019858488537,47.14847890511137,47.135264371238705,47.133933203984604,47.13268698185576,47.12101514726486,47.12014666405049,47.12014666405049,47.11850535884387,47.11850535884387,47.11587287342836,47.11587287342836,47.11587287342836,47.11587287342836,47.09936997901475,47.094454269005794,47.094454269005794,47.09181627505162,47.08608886722569
benchmark|QI-MRFO + swap + Max-Min start|100-10-uniform-high|inst1|run24|b20000,benchmark,QI-MRFO + swap + Max-Min start,"100 tasks, 10 VMs, uniform/high",100,10,uniform,high,1,24,20000,47.088418212331064,28.680643509687503,47.06057394079924,47.06057394079921,0.05916687621968567,0.0591668762197461,3.2299022674560547,19951,47.24544653353678,47.154512082313886,47.15428930511323,47.13528895633704,47.13528895633704,47.13528895633704,47.13528895633704,47.11376120802667,47.10872559092573,47.106335352110854,47.09916216168374,47.09547227839288,47.09547227839288,47.090245851948985,47.090245851948985,47.090245851948985,47.090245851948985,47.090245851948985,47.088418212331064,47.088418212331064
benchmark|QI-MRFO + swap + Max-Min start|100-10-uniform-high|inst1|run25|b20000,benchmark,QI-MRFO + swap + Max-Min start,"100 tasks, 10 VMs, uniform/high",100,10,uniform,high,1,25,20000,47.09140482920447,28.68102678341675,47.06057394079924,47.06057394079921,0.06551320101624356,0.06551320101630399,3.2875924110412598,19951,47.19357210975969,47.16334081017804,47.150975884932365,47.1436003022262,47.13874473623831,47.13528895633704,47.13528895633704,47.12065528302864,47.11751442040073,47.110773670002054,47.110773670002054,47.107296606044294,47.107296606044294,47.1043372236784,47.1018172043989,47.099583649432915,47.094953414053755,47.09273651636124,47.09140482920447,47.09140482920447
benchmark|QI-MRFO + swap + Max-Min start|100-10-uniform-high|inst1|run26|b20000,benchmark,QI-MRFO + swap + Max-Min start,"100 tasks, 10 VMs, uniform/high",100,10,uniform,high,1,26,20000,47.07912180480433,28.678773868052794,47.06057394079924,47.06057394079921,0.03941274500482243,0.03941274500488285,3.143824577331543,19951,47.155844496439926,47.15006881902955,47.09268643584121,47.09268643584121,47.09268643584121,47.09178913508575,47.09178913508575,47.09178913508575,47.0898205049668,47.0898205049668,47.0898205049668,47.08848881781003,47.07965494230374,47.07912180480433,47.07912180480433,47.07912180480433,47.07912180480433,47.07912180480433,47.07912180480433,47.07912180480433
benchmark|MRFO (original)|50-10-uniform-none|inst1|run0|b20000,benchmark,MRFO (original),"50 tasks, 10 VMs, uniform/none",50,10,uniform,none,1,0,20000,34.315348844491496,17.74670157754915,28.387133832233918,28.387133832233918,20.883457439884335,20.883457439884335,0.5632717609405518,19950,38.375429297709026,35.550404771994906,34.695390581903595,34.36721509070288,34.36721509070288,34.315348844491496,34.315348844491496,34.315348844491496,34.315348844491496,34.315348844491496,34.315348844491496,34.315348844491496,34.315348844491496,34.315348844491496,34.315348844491496,34.315348844491496,34.315348844491496,34.315348844491496,34.315348844491496,34.315348844491496
benchmark|QI-MRFO + swap + Max-Min start|100-10-uniform-high|inst1|run28|b20000,benchmark,QI-MRFO + swap + Max-Min start,"100 tasks, 10 VMs, uniform/high",100,10,uniform,high,1,28,20000,47.098692688624595,28.68506946143319,47.06057394079924,47.06057394079921,0.08099932625834563,0.08099932625840607,3.1596240997314453,19951,47.23476629197459,47.22569894685168,47.185155315765265,47.16434769628363,47.145216261826505,47.140117683366896,47.12154853175265,47.12154853175265,47.12154853175265,47.12154853175265,47.112009123979,47.112009123979,47.112009123979,47.10663666229005,47.098692688624595,47.098692688624595,47.098692688624595,47.098692688624595,47.098692688624595,47.098692688624595
benchmark|QI-MRFO + swap + Max-Min start|100-10-uniform-high|inst1|run27|b20000,benchmark,QI-MRFO + swap + Max-Min start,"100 tasks, 10 VMs, uniform/high",100,10,uniform,high,1,27,20000,47.085869348954745,28.681038000744493,47.06057394079924,47.06057394079921,0.05375074300480973,0.05375074300487016,3.2653348445892334,19951,47.27781498522063,47.1957549993941,47.18215504357066,47.16089559295603,47.13110473007269,47.11847810919539,47.11663143925071,47.11625585535342,47.11461597389595,47.10547403240314,47.09595200447346,47.09595200447346,47.09595200447346,47.09595200447346,47.09416922105697,47.09416922105697,47.09221727040071,47.087201036111516,47.085869348954745,47.085869348954745
benchmark|QI-MRFO + swap + Max-Min start|100-10-uniform-high|inst1|run29|b20000,benchmark,QI-MRFO + swap + Max-Min start,"100 tasks, 10 VMs, uniform/high",100,10,uniform,high,1,29,20000,47.07827521369691,28.6800320567274,47.06057394079924,47.06057394079921,0.037613805815336056,0.03761380581539647,3.3666539192199707,19951,47.2199057944013,47.21724370895306,47.149178332381496,47.12889049355573,47.1235720341368,47.115781069425545,47.096190926275014,47.096190926275014,47.096190926275014,47.09225309849731,47.09225309849731,47.09225309849731,47.09225309849731,47.09225309849731,47.09225309849731,47.08198089599702,47.07827521369691,47.07827521369691,47.07827521369691,47.07827521369691
benchmark|MRFO (original)|50-10-uniform-none|inst1|run1|b20000,benchmark,MRFO (original),"50 tasks, 10 VMs, uniform/none",50,10,uniform,none,1,1,20000,31.623929099996978,16.84956166271764,28.387133832233918,28.387133832233918,11.402332080766964,11.402332080766964,0.5639133453369141,19950,34.708309040891606,31.623929099996978,31.623929099996978,31.623929099996978,31.623929099996978,31.623929099996978,31.623929099996978,31.623929099996978,31.623929099996978,31.623929099996978,31.623929099996978,31.623929099996978,31.623929099996978,31.623929099996978,31.623929099996978,31.623929099996978,31.623929099996978,31.623929099996978,31.623929099996978,31.623929099996978
benchmark|MRFO (original)|50-10-uniform-none|inst1|run2|b20000,benchmark,MRFO (original),"50 tasks, 10 VMs, uniform/none",50,10,uniform,none,1,2,20000,33.74808377874869,17.557613222301544,28.387133832233918,28.387133832233918,18.885139930637713,18.885139930637713,0.6308164596557617,19950,36.15373219445151,34.499037301973566,34.499037301973566,34.499037301973566,34.499037301973566,33.74808377874869,33.74808377874869,33.74808377874869,33.74808377874869,33.74808377874869,33.74808377874869,33.74808377874869,33.74808377874869,33.74808377874869,33.74808377874869,33.74808377874869,33.74808377874869,33.74808377874869,33.74808377874869,33.74808377874869
benchmark|MRFO (original)|50-10-uniform-none|inst1|run3|b20000,benchmark,MRFO (original),"50 tasks, 10 VMs, uniform/none",50,10,uniform,none,1,3,20000,34.09723222316393,17.673996037106622,28.387133832233918,28.387133832233918,20.11509307236269,20.11509307236269,0.5874876976013184,19950,39.373235457038284,36.47695739599509,35.195772773205476,34.09723222316393,34.09723222316393,34.09723222316393,34.09723222316393,34.09723222316393,34.09723222316393,34.09723222316393,34.09723222316393,34.09723222316393,34.09723222316393,34.09723222316393,34.09723222316393,34.09723222316393,34.09723222316393,34.09723222316393,34.09723222316393,34.09723222316393
benchmark|MRFO (original)|50-10-uniform-none|inst1|run4|b20000,benchmark,MRFO (original),"50 tasks, 10 VMs, uniform/none",50,10,uniform,none,1,4,20000,32.53546305290649,17.15340631368748,28.387133832233918,28.387133832233918,14.613413404780232,14.613413404780232,0.5920767784118652,19950,34.97949508500139,34.97949508500139,34.97949508500139,34.97949508500139,32.53546305290649,32.53546305290649,32.53546305290649,32.53546305290649,32.53546305290649,32.53546305290649,32.53546305290649,32.53546305290649,32.53546305290649,32.53546305290649,32.53546305290649,32.53546305290649,32.53546305290649,32.53546305290649,32.53546305290649,32.53546305290649
benchmark|MRFO (original)|50-10-uniform-none|inst1|run7|b20000,benchmark,MRFO (original),"50 tasks, 10 VMs, uniform/none",50,10,uniform,none,1,7,20000,32.74323106686859,17.22266231834151,28.387133832233918,28.387133832233918,15.345322498491456,15.345322498491456,0.5546069145202637,19950,38.67758364417099,37.56181667745721,33.660893192604334,33.660893192604334,32.74323106686859,32.74323106686859,32.74323106686859,32.74323106686859,32.74323106686859,32.74323106686859,32.74323106686859,32.74323106686859,32.74323106686859,32.74323106686859,32.74323106686859,32.74323106686859,32.74323106686859,32.74323106686859,32.74323106686859,32.74323106686859
benchmark|MRFO (original)|50-10-uniform-none|inst1|run5|b20000,benchmark,MRFO (original),"50 tasks, 10 VMs, uniform/none",50,10,uniform,none,1,5,20000,32.11981502280499,17.014856970320313,28.387133832233918,28.387133832233918,13.14920066474824,13.14920066474824,0.7083816528320312,19950,33.90448654786921,33.90448654786921,33.90448654786921,33.90448654786921,33.90448654786921,33.90448654786921,33.90448654786921,33.90448654786921,33.90448654786921,33.90448654786921,33.57812995888277,33.57812995888277,33.57812995888277,33.57812995888277,33.57812995888277,33.57812995888277,32.11981502280499,32.11981502280499,32.11981502280499,32.11981502280499
benchmark|MRFO (original)|50-10-uniform-none|inst1|run6|b20000,benchmark,MRFO (original),"50 tasks, 10 VMs, uniform/none",50,10,uniform,none,1,6,20000,37.2217504613415,18.71550211649915,28.387133832233918,28.387133832233918,31.121904315242187,31.121904315242187,0.6195893287658691,19950,37.43026889330782,37.2217504613415,37.2217504613415,37.2217504613415,37.2217504613415,37.2217504613415,37.2217504613415,37.2217504613415,37.2217504613415,37.2217504613415,37.2217504613415,37.2217504613415,37.2217504613415,37.2217504613415,37.2217504613415,37.2217504613415,37.2217504613415,37.2217504613415,37.2217504613415,37.2217504613415
benchmark|MRFO (original)|50-10-uniform-none|inst1|run8|b20000,benchmark,MRFO (original),"50 tasks, 10 VMs, uniform/none",50,10,uniform,none,1,8,20000,33.31187616255131,17.412210683569086,28.387133832233918,28.387133832233918,17.348501470498185,17.348501470498185,0.6242711544036865,19950,35.35466667478824,34.12575826905147,34.12575826905147,34.12575826905147,34.12575826905147,34.12575826905147,34.12575826905147,34.12575826905147,34.12575826905147,34.12575826905147,34.12575826905147,33.31187616255131,33.31187616255131,33.31187616255131,33.31187616255131,33.31187616255131,33.31187616255131,33.31187616255131,33.31187616255131,33.31187616255131
benchmark|MRFO (original)|50-10-uniform-none|inst1|run9|b20000,benchmark,MRFO (original),"50 tasks, 10 VMs, uniform/none",50,10,uniform,none,1,9,20000,35.319757071187496,18.081504319781146,28.387133832233918,28.387133832233918,24.421709073994304,24.421709073994304,0.5556175708770752,19950,36.40782293729819,36.40782293729819,36.40782293729819,35.319757071187496,35.319757071187496,35.319757071187496,35.319757071187496,35.319757071187496,35.319757071187496,35.319757071187496,35.319757071187496,35.319757071187496,35.319757071187496,35.319757071187496,35.319757071187496,35.319757071187496,35.319757071187496,35.319757071187496,35.319757071187496,35.319757071187496
benchmark|MRFO (original)|50-10-uniform-none|inst1|run10|b20000,benchmark,MRFO (original),"50 tasks, 10 VMs, uniform/none",50,10,uniform,none,1,10,20000,33.230143158064436,17.384966348740125,28.387133832233918,28.387133832233918,17.06057876238011,17.06057876238011,0.5777678489685059,19950,34.579906631387644,34.194799821224635,33.230143158064436,33.230143158064436,33.230143158064436,33.230143158064436,33.230143158064436,33.230143158064436,33.230143158064436,33.230143158064436,33.230143158064436,33.230143158064436,33.230143158064436,33.230143158064436,33.230143158064436,33.230143158064436,33.230143158064436,33.230143158064436,33.230143158064436,33.230143158064436
benchmark|MRFO (original)|50-10-uniform-none|inst1|run11|b20000,benchmark,MRFO (original),"50 tasks, 10 VMs, uniform/none",50,10,uniform,none,1,11,20000,32.02022670152331,16.981660863226416,28.387133832233918,28.387133832233918,12.798378627306068,12.798378627306068,0.6400134563446045,19950,33.0008044870056,33.0008044870056,33.0008044870056,33.0008044870056,33.0008044870056,33.0008044870056,33.0008044870056,33.0008044870056,33.0008044870056,32.02022670152331,32.02022670152331,32.02022670152331,32.02022670152331,32.02022670152331,32.02022670152331,32.02022670152331,32.02022670152331,32.02022670152331,32.02022670152331,32.02022670152331
benchmark|MRFO (original)|50-10-uniform-none|inst1|run12|b20000,benchmark,MRFO (original),"50 tasks, 10 VMs, uniform/none",50,10,uniform,none,1,12,20000,32.813690401810916,17.24614876332229,28.387133832233918,28.387133832233918,15.593531195286058,15.593531195286058,0.6353225708007812,19950,34.971962689004705,32.813690401810916,32.813690401810916,32.813690401810916,32.813690401810916,32.813690401810916,32.813690401810916,32.813690401810916,32.813690401810916,32.813690401810916,32.813690401810916,32.813690401810916,32.813690401810916,32.813690401810916,32.813690401810916,32.813690401810916,32.813690401810916,32.813690401810916,32.813690401810916,32.813690401810916
benchmark|MRFO (original)|50-10-uniform-none|inst1|run13|b20000,benchmark,MRFO (original),"50 tasks, 10 VMs, uniform/none",50,10,uniform,none,1,13,20000,35.013845400012116,17.979533762722685,28.387133832233918,28.387133832233918,23.34406709371092,23.34406709371092,0.5550966262817383,19950,36.542204464143495,35.271801760965666,35.271801760965666,35.271801760965666,35.271801760965666,35.013845400012116,35.013845400012116,35.013845400012116,35.013845400012116,35.013845400012116,35.013845400012116,35.013845400012116,35.013845400012116,35.013845400012116,35.013845400012116,35.013845400012116,35.013845400012116,35.013845400012116,35.013845400012116,35.013845400012116
benchmark|MRFO (original)|50-10-uniform-none|inst1|run14|b20000,benchmark,MRFO (original),"50 tasks, 10 VMs, uniform/none",50,10,uniform,none,1,14,20000,34.176248649629656,17.70033484592853,28.387133832233918,28.387133832233918,20.39344602949006,20.39344602949006,0.5852413177490234,19950,34.937873546549305,34.176248649629656,34.176248649629656,34.176248649629656,34.176248649629656,34.176248649629656,34.176248649629656,34.176248649629656,34.176248649629656,34.176248649629656,34.176248649629656,34.176248649629656,34.176248649629656,34.176248649629656,34.176248649629656,34.176248649629656,34.176248649629656,34.176248649629656,34.176248649629656,34.176248649629656
benchmark|MRFO (original)|50-10-uniform-none|inst1|run15|b20000,benchmark,MRFO (original),"50 tasks, 10 VMs, uniform/none",50,10,uniform,none,1,15,20000,33.83529451805928,17.586683468738407,28.387133832233918,28.387133832233918,19.19235917942132,19.19235917942132,0.5983121395111084,19950,36.99673008964533,36.99673008964533,36.8647146975269,36.8647146975269,36.8647146975269,36.8647146975269,36.8647146975269,36.8647146975269,36.8647146975269,34.99170244520551,34.99170244520551,34.99170244520551,33.938363124078904,33.83529451805928,33.83529451805928,33.83529451805928,33.83529451805928,33.83529451805928,33.83529451805928,33.83529451805928
benchmark|MRFO (original)|50-10-uniform-none|inst1|run16|b20000,benchmark,MRFO (original),"50 tasks, 10 VMs, uniform/none",50,10,uniform,none,1,16,20000,33.812058517913314,17.578938135356417,28.387133832233918,28.387133832233918,19.11050519485462,19.11050519485462,0.570157527923584,19950,35.87023284799052,35.87023284799052,33.818987014342525,33.818987014342525,33.818987014342525,33.818987014342525,33.818987014342525,33.818987014342525,33.818987014342525,33.818987014342525,33.818987014342525,33.818987014342525,33.812058517913314,33.812058517913314,33.812058517913314,33.812058517913314,33.812058517913314,33.812058517913314,33.812058517913314,33.812058517913314
benchmark|MRFO (original)|50-10-uniform-none|inst1|run17|b20000,benchmark,MRFO (original),"50 tasks, 10 VMs, uniform/none",50,10,uniform,none,1,17,20000,32.660196307053525,17.19498406506982,28.387133832233918,28.387133832233918,15.052814067362783,15.052814067362783,0.5523974895477295,19950,32.660196307053525,32.660196307053525,32.660196307053525,32.660196307053525,32.660196307053525,32.660196307053525,32.660196307053525,32.660196307053525,32.660196307053525,32.660196307053525,32.660196307053525,32.660196307053525,32.660196307053525,32.660196307053525,32.660196307053525,32.660196307053525,32.660196307053525,32.660196307053525,32.660196307053525,32.660196307053525
benchmark|MRFO (original)|50-10-uniform-none|inst1|run18|b20000,benchmark,MRFO (original),"50 tasks, 10 VMs, uniform/none",50,10,uniform,none,1,18,20000,33.128128140421694,17.35096134285921,28.387133832233918,28.387133832233918,16.701208146643967,16.701208146643967,0.5640382766723633,19950,33.684549504740296,33.684549504740296,33.684549504740296,33.128128140421694,33.128128140421694,33.128128140421694,33.128128140421694,33.128128140421694,33.128128140421694,33.128128140421694,33.128128140421694,33.128128140421694,33.128128140421694,33.128128140421694,33.128128140421694,33.128128140421694,33.128128140421694,33.128128140421694,33.128128140421694,33.128128140421694
benchmark|MRFO (original)|50-10-uniform-none|inst1|run19|b20000,benchmark,MRFO (original),"50 tasks, 10 VMs, uniform/none",50,10,uniform,none,1,19,20000,31.465430514844858,16.796728801000263,28.387133832233918,28.387133832233918,10.843985521058483,10.843985521058483,0.5603370666503906,19950,35.82413328139751,34.07519312132951,33.876607391952334,33.876607391952334,33.876607391952334,33.4518347029265,33.4518347029265,33.4518347029265,33.4518347029265,33.4518347029265,31.465430514844858,31.465430514844858,31.465430514844858,31.465430514844858,31.465430514844858,31.465430514844858,31.465430514844858,31.465430514844858,31.465430514844858,31.465430514844858
benchmark|MRFO (original)|50-10-uniform-none|inst1|run20|b20000,benchmark,MRFO (original),"50 tasks, 10 VMs, uniform/none",50,10,uniform,none,1,20,20000,32.990155164842164,17.30497035099937,28.387133832233918,28.387133832233918,16.21516761717403,16.21516761717403,0.6244492530822754,19950,35.42597010035038,35.42597010035038,35.42597010035038,35.42597010035038,35.42597010035038,35.42597010035038,35.42597010035038,35.42597010035038,32.990155164842164,32.990155164842164,32.990155164842164,32.990155164842164,32.990155164842164,32.990155164842164,32.990155164842164,32.990155164842164,32.990155164842164,32.990155164842164,32.990155164842164,32.990155164842164
benchmark|MRFO (original)|50-10-uniform-none|inst1|run21|b20000,benchmark,MRFO (original),"50 tasks, 10 VMs, uniform/none",50,10,uniform,none,1,21,20000,32.58360306989892,17.16945298601829,28.387133832233918,28.387133832233918,14.782997334165042,14.782997334165042,0.6145641803741455,19950,34.91490139196353,32.58360306989892,32.58360306989892,32.58360306989892,32.58360306989892,32.58360306989892,32.58360306989892,32.58360306989892,32.58360306989892,32.58360306989892,32.58360306989892,32.58360306989892,32.58360306989892,32.58360306989892,32.58360306989892,32.58360306989892,32.58360306989892,32.58360306989892,32.58360306989892,32.58360306989892
benchmark|MRFO (original)|50-10-uniform-none|inst1|run22|b20000,benchmark,MRFO (original),"50 tasks, 10 VMs, uniform/none",50,10,uniform,none,1,22,20000,32.801865157115344,17.24220701509043,28.387133832233918,28.387133832233918,15.551874137671653,15.551874137671653,0.6418895721435547,19950,35.679363807029596,35.33105192865329,35.33105192865329,34.69473713890419,34.69473713890419,34.69473713890419,33.71430753469588,33.471611234825595,33.471611234825595,33.471611234825595,33.471611234825595,33.471611234825595,33.471611234825595,33.471611234825595,33.471611234825595,32.801865157115344,32.801865157115344,32.801865157115344,32.801865157115344,32.801865157115344
benchmark|MRFO (original)|50-10-uniform-none|inst1|run23|b20000,benchmark,MRFO (original),"50 tasks, 10 VMs, uniform/none",50,10,uniform,none,1,23,20000,33.95901062454991,17.627922170901947,28.387133832233918,28.387133832233918,19.628176712891893,19.628176712891893,0.5839498043060303,19950,34.17910451634877,34.05133313969378,33.95901062454991,33.95901062454991,33.95901062454991,33.95901062454991,33.95901062454991,33.95901062454991,33.95901062454991,33.95901062454991,33.95901062454991,33.95901062454991,33.95901062454991,33.95901062454991,33.95901062454991,33.95901062454991,33.95901062454991,33.95901062454991,33.95901062454991,33.95901062454991
benchmark|MRFO (original)|50-10-uniform-none|inst1|run24|b20000,benchmark,MRFO (original),"50 tasks, 10 VMs, uniform/none",50,10,uniform,none,1,24,20000,34.247806290364494,17.724187392840147,28.387133832233918,28.387133832233918,20.6455237530029,20.6455237530029,0.5964677333831787,19950,36.082799049719455,36.082799049719455,36.082799049719455,36.082799049719455,36.082799049719455,34.94769916368395,34.843956670500546,34.62981285215673,34.46938636858093,34.46938636858093,34.46938636858093,34.46938636858093,34.46938636858093,34.46938636858093,34.46938636858093,34.247806290364494,34.247806290364494,34.247806290364494,34.247806290364494,34.247806290364494
benchmark|MRFO (original)|50-10-uniform-none|inst1|run25|b20000,benchmark,MRFO (original),"50 tasks, 10 VMs, uniform/none",50,10,uniform,none,1,25,20000,33.12823188528479,17.350995924480245,28.387133832233918,28.387133832233918,16.701573611025506,16.701573611025506,0.5477786064147949,19950,35.69257018088322,33.13399866297564,33.12823188528479,33.12823188528479,33.12823188528479,33.12823188528479,33.12823188528479,33.12823188528479,33.12823188528479,33.12823188528479,33.12823188528479,33.12823188528479,33.12823188528479,33.12823188528479,33.12823188528479,33.12823188528479,33.12823188528479,33.12823188528479,33.12823188528479,33.12823188528479
benchmark|MRFO (original)|50-10-uniform-none|inst1|run26|b20000,benchmark,MRFO (original),"50 tasks, 10 VMs, uniform/none",50,10,uniform,none,1,26,20000,33.07319403692585,17.332649975027266,28.387133832233918,28.387133832233918,16.507690534684606,16.507690534684606,0.5609784126281738,19950,35.97475458627917,35.97475458627917,35.97475458627917,35.50929441756173,33.07319403692585,33.07319403692585,33.07319403692585,33.07319403692585,33.07319403692585,33.07319403692585,33.07319403692585,33.07319403692585,33.07319403692585,33.07319403692585,33.07319403692585,33.07319403692585,33.07319403692585,33.07319403692585,33.07319403692585,33.07319403692585
benchmark|MRFO (original)|50-10-uniform-none|inst1|run27|b20000,benchmark,MRFO (original),"50 tasks, 10 VMs, uniform/none",50,10,uniform,none,1,27,20000,34.440095675127836,17.788283854427927,28.387133832233918,28.387133832233918,21.32290592867361,21.32290592867361,0.5778913497924805,19950,36.19161537295421,35.88896135470235,34.440095675127836,34.440095675127836,34.440095675127836,34.440095675127836,34.440095675127836,34.440095675127836,34.440095675127836,34.440095675127836,34.440095675127836,34.440095675127836,34.440095675127836,34.440095675127836,34.440095675127836,34.440095675127836,34.440095675127836,34.440095675127836,34.440095675127836,34.440095675127836
benchmark|MRFO (original)|50-10-uniform-none|inst1|run28|b20000,benchmark,MRFO (original),"50 tasks, 10 VMs, uniform/none",50,10,uniform,none,1,28,20000,32.27000212859089,17.06491933891561,28.387133832233918,28.387133832233918,13.678268187639041,13.678268187639041,0.588024377822876,19950,33.699637192774304,32.3984451127924,32.27000212859089,32.27000212859089,32.27000212859089,32.27000212859089,32.27000212859089,32.27000212859089,32.27000212859089,32.27000212859089,32.27000212859089,32.27000212859089,32.27000212859089,32.27000212859089,32.27000212859089,32.27000212859089,32.27000212859089,32.27000212859089,32.27000212859089,32.27000212859089
benchmark|MRFO (original)|50-10-uniform-none|inst1|run29|b20000,benchmark,MRFO (original),"50 tasks, 10 VMs, uniform/none",50,10,uniform,none,1,29,20000,33.68774323257604,17.53749970691066,28.387133832233918,28.387133832233918,18.672576920475215,18.672576920475215,0.5449943542480469,19950,36.681274357511874,35.44339675813428,35.3756156804108,35.3756156804108,34.36067100918868,33.68774323257604,33.68774323257604,33.68774323257604,33.68774323257604,33.68774323257604,33.68774323257604,33.68774323257604,33.68774323257604,33.68774323257604,33.68774323257604,33.68774323257604,33.68774323257604,33.68774323257604,33.68774323257604,33.68774323257604
benchmark|QI-MRFO + swap|50-10-uniform-none|inst1|run0|b20000,benchmark,QI-MRFO + swap,"50 tasks, 10 VMs, uniform/none",50,10,uniform,none,1,0,20000,28.455531609635308,15.793429165930418,28.387133832233918,28.387133832233918,0.2409464013014373,0.2409464013014373,2.814013719558716,19950,29.048962637961523,28.65447565406166,28.64619948880494,28.568485266436106,28.55283768890126,28.50037993953473,28.470870559926887,28.470870559926887,28.470870559926887,28.470870559926887,28.470870559926887,28.470870559926887,28.470870559926887,28.470870559926887,28.470870559926887,28.470870559926887,28.470870559926887,28.470870559926887,28.457781014208493,28.455531609635308
benchmark|QI-MRFO + swap|50-10-uniform-none|inst1|run1|b20000,benchmark,QI-MRFO + swap,"50 tasks, 10 VMs, uniform/none",50,10,uniform,none,1,1,20000,28.427513027986166,15.784089638714034,28.387133832233918,28.387133832233918,0.14224470843335676,0.14224470843335676,2.7910349369049072,19950,28.98500034764139,28.745947211994256,28.668217607524692,28.551809935681035,28.527203048185388,28.518730290479482,28.518730290479482,28.518730290479482,28.512418877609022,28.465753850652042,28.45133969603274,28.45133969603274,28.427513027986166,28.427513027986166,28.427513027986166,28.427513027986166,28.427513027986166,28.427513027986166,28.427513027986166,28.427513027986166
benchmark|QI-MRFO + swap|50-10-uniform-none|inst1|run3|b20000,benchmark,QI-MRFO + swap,"50 tasks, 10 VMs, uniform/none",50,10,uniform,none,1,3,20000,28.51791484614014,15.814223578098696,28.387133832233918,28.387133832233918,0.4607052430130135,0.4607052430130135,2.687938928604126,19950,28.761101764254022,28.670260367383328,28.6236251479151,28.60583956747366,28.54880573345926,28.54880573345926,28.51791484614014,28.51791484614014,28.51791484614014,28.51791484614014,28.51791484614014,28.51791484614014,28.51791484614014,28.51791484614014,28.51791484614014,28.51791484614014,28.51791484614014,28.51791484614014,28.51791484614014,28.51791484614014
benchmark|QI-MRFO + swap|50-10-uniform-none|inst1|run2|b20000,benchmark,QI-MRFO + swap,"50 tasks, 10 VMs, uniform/none",50,10,uniform,none,1,2,20000,28.533744308035377,15.819500065397106,28.387133832233918,28.387133832233918,0.5164680473482025,0.5164680473482025,2.918109178543091,19950,28.857004229639315,28.711493570260043,28.627405461441498,28.540185827507788,28.533744308035377,28.533744308035377,28.533744308035377,28.533744308035377,28.533744308035377,28.533744308035377,28.533744308035377,28.533744308035377,28.533744308035377,28.533744308035377,28.533744308035377,28.533744308035377,28.533744308035377,28.533744308035377,28.533744308035377,28.533744308035377
benchmark|QI-MRFO + swap|50-10-uniform-none|inst1|run5|b20000,benchmark,QI-MRFO + swap,"50 tasks, 10 VMs, uniform/none",50,10,uniform,none,1,5,20000,28.513603864680512,15.812786584278818,28.387133832233918,28.387133832233918,0.44551885087809034,0.44551885087809034,2.7775161266326904,19950,29.33658439605433,28.91208067272515,28.714120672423572,28.6246795475544,28.6246795475544,28.61376188363674,28.582151631602702,28.582151631602702,28.580958486695764,28.580958486695764,28.580958486695764,28.554399750649296,28.546659223715995,28.546659223715995,28.546659223715995,28.546005088545783,28.546005088545783,28.52572753510727,28.513603864680512,28.513603864680512
benchmark|QI-MRFO + swap|50-10-uniform-none|inst1|run4|b20000,benchmark,QI-MRFO + swap,"50 tasks, 10 VMs, uniform/none",50,10,uniform,none,1,4,20000,28.4998700335098,15.808208640555247,28.387133832233918,28.387133832233918,0.39713837241246863,0.39713837241246863,2.821830987930298,19950,29.539536540839332,29.017628927873034,28.91778937857991,28.765321579773214,28.59003513255123,28.58477515008943,28.56169920814844,28.52879105957418,28.52879105957418,28.52879105957418,28.52879105957418,28.52879105957418,28.50904954059821,28.50904954059821,28.50904954059821,28.4998700335098,28.4998700335098,28.4998700335098,28.4998700335098,28.4998700335098
benchmark|QI-MRFO + swap|50-10-uniform-none|inst1|run6|b20000,benchmark,QI-MRFO + swap,"50 tasks, 10 VMs, uniform/none",50,10,uniform,none,1,6,20000,28.454027764643964,15.792927884266634,28.387133832233918,28.387133832233918,0.2356487724522845,0.2356487724522845,2.6877400875091553,19950,29.23594979754868,28.649198385488475,28.52168203414691,28.506204212966264,28.466564791149178,28.466564791149178,28.466564791149178,28.466564791149178,28.466564791149178,28.466564791149178,28.466564791149178,28.454027764643964,28.454027764643964,28.454027764643964,28.454027764643964,28.454027764643964,28.454027764643964,28.454027764643964,28.454027764643964,28.454027764643964
benchmark|QI-MRFO + swap|50-10-uniform-none|inst1|run7|b20000,benchmark,QI-MRFO + swap,"50 tasks, 10 VMs, uniform/none",50,10,uniform,none,1,7,20000,28.511435987236737,15.812063958464226,28.387133832233918,28.387133832233918,0.4378820198525047,0.4378820198525047,2.7802984714508057,19950,29.067345340421028,28.73237033748198,28.71411794838708,28.61538067466583,28.605814077596875,28.594442598238153,28.53528826200083,28.53528826200083,28.53528826200083,28.53528826200083,28.53528826200083,28.520315746053786,28.520315746053786,28.520315746053786,28.51428236661106,28.51428236661106,28.511435987236737,28.511435987236737,28.511435987236737,28.511435987236737
benchmark|QI-MRFO + swap|50-10-uniform-none|inst1|run9|b20000,benchmark,QI-MRFO + swap,"50 tasks, 10 VMs, uniform/none",50,10,uniform,none,1,9,20000,28.430771571786725,15.78517581998089,28.387133832233918,28.387133832233918,0.15372365456372972,0.15372365456372972,2.790097951889038,19950,28.899561202835486,28.550401931776058,28.542007269672546,28.539181328996733,28.539181328996733,28.537199468115855,28.535031119491205,28.52285308629851,28.52285308629851,28.47664873889441,28.46476735302562,28.450551660882233,28.430771571786725,28.430771571786725,28.430771571786725,28.430771571786725,28.430771571786725,28.430771571786725,28.430771571786725,28.430771571786725
benchmark|QI-MRFO + swap|50-10-uniform-none|inst1|run8|b20000,benchmark,QI-MRFO + swap,"50 tasks, 10 VMs, uniform/none",50,10,uniform,none,1,8,20000,28.528100945261517,15.817618944472487,28.387133832233918,28.387133832233918,0.4965880453472544,0.4965880453472544,2.864260196685791,19950,28.93187513546461,28.807195870342117,28.750038921166265,28.688350052366346,28.661215218683424,28.63287929428064,28.63287929428064,28.63287929428064,28.63287929428064,28.561466929828324,28.55307226772481,28.549777612686196,28.549777612686196,28.549777612686196,28.549777612686196,28.549777612686196,28.549777612686196,28.549777612686196,28.542107252886538,28.528100945261517
benchmark|QI-MRFO + swap|50-10-uniform-none|inst1|run10|b20000,benchmark,QI-MRFO + swap,"50 tasks, 10 VMs, uniform/none",50,10,uniform,none,1,10,20000,28.43445694515177,15.786404277769236,28.387133832233918,28.387133832233918,0.16670620287883936,0.16670620287883936,2.7030184268951416,19950,28.839470221614267,28.596305341954334,28.564183167154525,28.564183167154525,28.564183167154525,28.564183167154525,28.564183167154525,28.564183167154525,28.564183167154525,28.55780616757012,28.554635804020485,28.554635804020485,28.50959690013998,28.494973227924007,28.494973227924007,28.49472883595039,28.489653865798342,28.458051922001484,28.4532282018864,28.43445694515177
benchmark|QI-MRFO + swap|50-10-uniform-none|inst1|run11|b20000,benchmark,QI-MRFO + swap,"50 tasks, 10 VMs, uniform/none",50,10,uniform,none,1,11,20000,28.478430885766134,15.801062257974026,28.387133832233918,28.387133832233918,0.3216142005451325,0.3216142005451325,2.7464280128479004,19950,29.00588198440749,28.685490035284907,28.60774151544599,28.586938766165993,28.586938766165993,28.570226978464838,28.570226978464838,28.570226978464838,28.570226978464838,28.553202552878744,28.498399039383216,28.482776994519792,28.482776994519792,28.482776994519792,28.48251838953149,28.478430885766134,28.478430885766134,28.478430885766134,28.478430885766134,28.478430885766134
benchmark|QI-MRFO + swap|50-10-uniform-none|inst1|run12|b20000,benchmark,QI-MRFO + swap,"50 tasks, 10 VMs, uniform/none",50,10,uniform,none,1,12,20000,28.440567542604644,15.788441143586862,28.387133832233918,28.387133832233918,0.18823214307761943,0.18823214307761943,2.745058298110962,19950,28.762599226177237,28.585276024758514,28.55948501123583,28.543049456767214,28.540886642771987,28.540886642771987,28.540886642771987,28.540886642771987,28.540886642771987,28.52046912275288,28.494079492223676,28.494079492223676,28.473851813020772,28.473851813020772,28.473851813020772,28.473851813020772,28.470089676574545,28.44805763081327,28.44805763081327,28.440567542604644
benchmark|QI-MRFO + swap|50-10-uniform-none|inst1|run14|b20000,benchmark,QI-MRFO + swap,"50 tasks, 10 VMs, uniform/none",50,10,uniform,none,1,14,20000,28.491130262277615,15.805295383477851,28.387133832233918,28.387133832233918,0.36635058212748456,0.36635058212748456,2.8169264793395996,19950,28.698927679575696,28.54299000849228,28.54299000849228,28.539314205293415,28.491130262277615,28.491130262277615,28.491130262277615,28.491130262277615,28.491130262277615,28.491130262277615,28.491130262277615,28.491130262277615,28.491130262277615,28.491130262277615,28.491130262277615,28.491130262277615,28.491130262277615,28.491130262277615,28.491130262277615,28.491130262277615
benchmark|QI-MRFO + swap|50-10-uniform-none|inst1|run15|b20000,benchmark,QI-MRFO + swap,"50 tasks, 10 VMs, uniform/none",50,10,uniform,none,1,15,20000,28.41234357099038,15.779033153048772,28.387133832233918,28.387133832233918,0.08880691832240047,0.08880691832240047,2.7815780639648438,19950,28.76856340013489,28.690193807715026,28.60525764346497,28.60525764346497,28.60525764346497,28.507401623871072,28.484060089205478,28.484060089205478,28.460784314138962,28.440581417351705,28.440581417351705,28.434792476193966,28.434792476193966,28.426731114380182,28.426731114380182,28.426731114380182,28.416340370084463,28.416340370084463,28.41234357099038,28.41234357099038
benchmark|QI-MRFO + swap|50-10-uniform-none|inst1|run13|b20000,benchmark,QI-MRFO + swap,"50 tasks, 10 VMs, uniform/none",50,10,uniform,none,1,13,20000,28.4484391103274,15.791064999494447,28.387133832233918,28.387133832233918,0.21596149317430796,0.21596149317430796,3.1331119537353516,19950,29.25103195290457,29.02500898660065,28.785695425328992,28.620159165564466,28.620159165564466,28.532537940526527,28.484067457805892,28.47175566714718,28.4484391103274,28.4484391103274,28.4484391103274,28.4484391103274,28.4484391103274,28.4484391103274,28.4484391103274,28.4484391103274,28.4484391103274,28.4484391103274,28.4484391103274,28.4484391103274
benchmark|QI-MRFO + swap|50-10-uniform-none|inst1|run16|b20000,benchmark,QI-MRFO + swap,"50 tasks, 10 VMs, uniform/none",50,10,uniform,none,1,16,20000,28.431910412586028,15.785555433580656,28.387133832233918,28.387133832233918,0.15773547486948383,0.15773547486948383,2.718071699142456,19950,28.79722510336753,28.605637457605958,28.52790785313639,28.507812433349212,28.459952055955867,28.459952055955867,28.459952055955867,28.459952055955867,28.452256657670507,28.444447439091242,28.439515428203023,28.439515428203023,28.431910412586028,28.431910412586028,28.431910412586028,28.431910412586028,28.431910412586028,28.431910412586028,28.431910412586028,28.431910412586028
benchmark|QI-MRFO + swap|50-10-uniform-none|inst1|run17|b20000,benchmark,QI-MRFO + swap,"50 tasks, 10 VMs, uniform/none",50,10,uniform,none,1,17,20000,28.458444720405204,15.794400202853714,28.387133832233918,28.387133832233918,0.25120848266235296,0.25120848266235296,2.775452136993408,19950,29.23903129920578,28.69000940502382,28.56705532368268,28.56705532368268,28.511491846532994,28.509795890751775,28.477630193823245,28.46829143990999,28.458444720405204,28.458444720405204,28.458444720405204,28.458444720405204,28.458444720405204,28.458444720405204,28.458444720405204,28.458444720405204,28.458444720405204,28.458444720405204,28.458444720405204,28.458444720405204
benchmark|QI-MRFO + swap|50-10-uniform-none|inst1|run18|b20000,benchmark,QI-MRFO + swap,"50 tasks, 10 VMs, uniform/none",50,10,uniform,none,1,18,20000,28.44486799235266,15.7898746268362,28.387133832233918,28.387133832233918,0.20338143491324764,0.20338143491324764,2.9013686180114746,19950,31.688429290582796,29.31552971038822,28.782780759545325,28.65774415211374,28.49587526043714,28.481788939782795,28.465460697084573,28.465460697084573,28.465460697084573,28.465460697084573,28.465460697084573,28.465460697084573,28.465460697084573,28.462013452849234,28.45658537611499,28.45658537611499,28.45658537611499,28.449214101106314,28.44486799235266,28.44486799235266
benchmark|QI-MRFO + swap|50-10-uniform-none|inst1|run19|b20000,benchmark,QI-MRFO + swap,"50 tasks, 10 VMs, uniform/none",50,10,uniform,none,1,19,20000,28.430232280501645,15.784996056219198,28.387133832233918,28.387133832233918,0.1518238809259027,0.1518238809259027,2.9477474689483643,19950,29.258600339669044,28.745981876130024,28.564383829813945,28.48193862280107,28.469401596295857,28.469401596295857,28.469401596295857,28.469401596295857,28.469401596295857,28.469401596295857,28.469401596295857,28.469401596295857,28.469401596295857,28.469401596295857,28.469401596295857,28.469401596295857,28.446194847031965,28.432065176068793,28.430232280501645,28.430232280501645
benchmark|QI-MRFO + swap|50-10-uniform-none|inst1|run20|b20000,benchmark,QI-MRFO + swap,"50 tasks, 10 VMs, uniform/none",50,10,uniform,none,1,20,20000,28.44036956536067,15.788375151172204,28.387133832233918,28.387133832233918,0.18753472415133873,0.18753472415133873,2.6679763793945312,19950,30.176140606189698,28.822104172140115,28.628564672349537,28.477506535930505,28.477506535930505,28.477506535930505,28.4708288617517,28.4708288617517,28.4708288617517,28.459709328222434,28.45579411130835,28.453516720281378,28.453516720281378,28.453516720281378,28.44036956536067,28.44036956536067,28.44036956536067,28.44036956536067,28.44036956536067,28.44036956536067
benchmark|QI-MRFO + swap|50-10-uniform-none|inst1|run21|b20000,benchmark,QI-MRFO + swap,"50 tasks, 10 VMs, uniform/none",50,10,uniform,none,1,21,20000,28.429841465525925,15.784865784560623,28.387133832233918,28.387133832233918,0.15044714814960403,0.15044714814960403,2.7945306301116943,19950,28.96017337326564,28.720690179789383,28.662397354558315,28.525202750376582,28.480885669409293,28.480885669409293,28.480885669409293,28.480885669409293,28.480885669409293,28.46053315748766,28.46053315748766,28.447336922848294,28.43913903277971,28.43913903277971,28.43913903277971,28.43913903277971,28.43913903277971,28.429841465525925,28.429841465525925,28.429841465525925
benchmark|QI-MRFO + swap|50-10-uniform-none|inst1|run22|b20000,benchmark,QI-MRFO + swap,"50 tasks, 10 VMs, uniform/none",50,10,uniform,none,1,22,20000,28.4484391103274,15.791064999494447,28.387133832233918,28.387133832233918,0.21596149317430796,0.21596149317430796,2.8832898139953613,19950,28.88611586974902,28.633952250099338,28.633952250099338,28.50359271556027,28.50359271556027,28.50359271556027,28.461004841937914,28.4484391103274,28.4484391103274,28.4484391103274,28.4484391103274,28.4484391103274,28.4484391103274,28.4484391103274,28.4484391103274,28.4484391103274,28.4484391103274,28.4484391103274,28.4484391103274,28.4484391103274
benchmark|QI-MRFO + swap|50-10-uniform-none|inst1|run23|b20000,benchmark,QI-MRFO + swap,"50 tasks, 10 VMs, uniform/none",50,10,uniform,none,1,23,20000,28.439938509677287,15.78823146594441,28.387133832233918,28.387133832233918,0.18601623452174207,0.18601623452174207,2.837603807449341,19950,28.79899135506194,28.664364642514222,28.52481910725212,28.495839505644355,28.495839505644355,28.4914933968907,28.45395679703212,28.443592207980043,28.443592207980043,28.439938509677287,28.439938509677287,28.439938509677287,28.439938509677287,28.439938509677287,28.439938509677287,28.439938509677287,28.439938509677287,28.439938509677287,28.439938509677287,28.439938509677287
benchmark|QI-MRFO + swap|50-10-uniform-none|inst1|run24|b20000,benchmark,QI-MRFO + swap,"50 tasks, 10 VMs, uniform/none",50,10,uniform,none,1,24,20000,28.481223755553607,15.80199321456985,28.387133832233918,28.387133832233918,0.3314527062709278,0.3314527062709278,2.866722822189331,19950,28.746888513436406,28.62242351018757,28.62242351018757,28.6095545851023,28.58264484662292,28.58264484662292,28.554892965669513,28.507081718047328,28.49895194912029,28.481223755553607,28.481223755553607,28.481223755553607,28.481223755553607,28.481223755553607,28.481223755553607,28.481223755553607,28.481223755553607,28.481223755553607,28.481223755553607,28.481223755553607
benchmark|QI-MRFO + swap|50-10-uniform-none|inst1|run25|b20000,benchmark,QI-MRFO + swap,"50 tasks, 10 VMs, uniform/none",50,10,uniform,none,1,25,20000,28.430391005757215,15.785048964637719,28.387133832233918,28.387133832233918,0.1523830259826323,0.1523830259826323,2.9337713718414307,19950,29.513581651375585,28.616965236370145,28.581534812530542,28.495701870969672,28.491382429656973,28.491382429656973,28.491382429656973,28.450334040098852,28.43152072488609,28.431370047496987,28.431370047496987,28.431370047496987,28.431370047496987,28.431370047496987,28.430391005757215,28.430391005757215,28.430391005757215,28.430391005757215,28.430391005757215,28.430391005757215
benchmark|QI-MRFO + swap|50-10-uniform-none|inst1|run27|b20000,benchmark,QI-MRFO + swap,"50 tasks, 10 VMs, uniform/none",50,10,uniform,none,1,27,20000,28.456272180642443,15.793676022932793,28.387133832233918,28.387133832233918,0.2435552275799621,0.2435552275799621,2.817199230194092,19950,28.88183436964864,28.657762397019148,28.657762397019148,28.544236095834613,28.47548682135993,28.47548682135993,28.47548682135993,28.47548682135993,28.47548682135993,28.47548682135993,28.47548682135993,28.468809207147658,28.468809207147658,28.456272180642443,28.456272180642443,28.456272180642443,28.456272180642443,28.456272180642443,28.456272180642443,28.456272180642443
benchmark|QI-MRFO + swap|50-10-uniform-none|inst1|run26|b20000,benchmark,QI-MRFO + swap,"50 tasks, 10 VMs, uniform/none",50,10,uniform,none,1,26,20000,28.43331265346059,15.786022847205508,28.387133832233918,28.387133832233918,0.16267518059267838,0.16267518059267838,2.9384500980377197,19950,28.90730505135451,28.757911942907953,28.737968908566316,28.69942530787004,28.587833895812572,28.519466186680404,28.519466186680404,28.499532833095543,28.49352489338525,28.472683683255887,28.44385125893116,28.43991414558848,28.43874954408696,28.43874954408696,28.43874954408696,28.43874954408696,28.43874954408696,28.43593535286369,28.43593535286369,28.43331265346059
benchmark|QI-MRFO + swap|50-10-uniform-none|inst1|run28|b20000,benchmark,QI-MRFO + swap,"50 tasks, 10 VMs, uniform/none",50,10,uniform,none,1,28,20000,28.420049036929,15.781601641694978,28.387133832233918,28.387133832233918,0.11595113789792874,0.11595113789792874,2.7342472076416016,19950,28.714081047057714,28.701271656130587,28.701271656130587,28.650056640445282,28.613516641236107,28.592941703753038,28.534098912063023,28.482556351045947,28.473902607427963,28.473902607427963,28.472176909122766,28.44152658943786,28.420049036929,28.420049036929,28.420049036929,28.420049036929,28.420049036929,28.420049036929,28.420049036929,28.420049036929
benchmark|QI-MRFO + swap|50-10-uniform-none|inst1|run29|b20000,benchmark,QI-MRFO + swap,"50 tasks, 10 VMs, uniform/none",50,10,uniform,none,1,29,20000,28.445351074805785,15.790035654320578,28.387133832233918,28.387133832233918,0.20508320042427494,0.20508320042427494,2.7463769912719727,19950,28.891747172115643,28.54777484280241,28.53144660010419,28.495376434713776,28.4819767429032,28.4819767429032,28.4819767429032,28.4819767429032,28.4819767429032,28.4819767429032,28.4819767429032,28.4819767429032,28.4819767429032,28.4819767429032,28.4819767429032,28.4819767429032,28.4819767429032,28.47773264906741,28.465456187543765,28.445351074805785
benchmark|QI-MRFO + swap + Max-Min start|50-10-uniform-none|inst1|run0|b20000,benchmark,QI-MRFO + swap + Max-Min start,"50 tasks, 10 VMs, uniform/none",50,10,uniform,none,1,0,20000,28.459104479756682,15.794620122637543,28.387133832233918,28.387133832233918,0.25353263188917335,0.25353263188917335,2.8695383071899414,19951,28.55803328534526,28.533518455727798,28.533518455727798,28.533518455727798,28.518095439659312,28.518095439659312,28.518095439659312,28.465553499016544,28.465553499016544,28.465553499016544,28.465553499016544,28.465553499016544,28.462190452083235,28.462190452083235,28.459104479756682,28.459104479756682,28.459104479756682,28.459104479756682,28.459104479756682,28.459104479756682
benchmark|QI-MRFO + swap + Max-Min start|50-10-uniform-none|inst1|run1|b20000,benchmark,QI-MRFO + swap + Max-Min start,"50 tasks, 10 VMs, uniform/none",50,10,uniform,none,1,1,20000,28.432730364278772,15.785828750811573,28.387133832233918,28.387133832233918,0.1606239372890783,0.1606239372890783,3.0092287063598633,19951,28.47552777323331,28.465553499016544,28.465553499016544,28.465553499016544,28.465553499016544,28.465553499016544,28.465553499016544,28.465553499016544,28.465553499016544,28.465553499016544,28.465553499016544,28.465553499016544,28.46344736006693,28.432730364278772,28.432730364278772,28.432730364278772,28.432730364278772,28.432730364278772,28.432730364278772,28.432730364278772
benchmark|QI-MRFO + swap + Max-Min start|50-10-uniform-none|inst1|run2|b20000,benchmark,QI-MRFO + swap + Max-Min start,"50 tasks, 10 VMs, uniform/none",50,10,uniform,none,1,2,20000,28.50950681048935,15.81142089954843,28.387133832233918,28.387133832233918,0.431086065182371,0.431086065182371,2.8320388793945312,19951,28.65893935871489,28.54116479595537,28.534423682357534,28.510024963074947,28.510024963074947,28.510024963074947,28.510024963074947,28.510024963074947,28.510024963074947,28.510024963074947,28.510024963074947,28.510024963074947,28.510024963074947,28.510024963074947,28.510024963074947,28.510024963074947,28.510024963074947,28.510024963074947,28.510024963074947,28.50950681048935
benchmark|QI-MRFO + swap + Max-Min start|50-10-uniform-none|inst1|run3|b20000,benchmark,QI-MRFO + swap + Max-Min start,"50 tasks, 10 VMs, uniform/none",50,10,uniform,none,1,3,20000,28.41497929036325,15.779911726173067,28.387133832233918,28.387133832233918,0.09809182671944217,0.09809182671944217,2.9861485958099365,19951,28.533518455727798,28.533518455727798,28.504101715962317,28.48415868162068,28.48415868162068,28.43707943961975,28.42005162894637,28.419325399116904,28.419325399116904,28.419325399116904,28.41497929036325,28.41497929036325,28.41497929036325,28.41497929036325,28.41497929036325,28.41497929036325,28.41497929036325,28.41497929036325,28.41497929036325,28.41497929036325
benchmark|QI-MRFO + swap + Max-Min start|50-10-uniform-none|inst1|run4|b20000,benchmark,QI-MRFO + swap + Max-Min start,"50 tasks, 10 VMs, uniform/none",50,10,uniform,none,1,4,20000,28.438951456247928,15.787902448134624,28.387133832233918,28.387133832233918,0.18253911902571338,0.18253911902571338,2.7758777141571045,19951,28.510024963074947,28.510024963074947,28.510024963074947,28.455527603988564,28.455527603988564,28.455527603988564,28.443297565001586,28.443297565001586,28.438951456247928,28.438951456247928,28.438951456247928,28.438951456247928,28.438951456247928,28.438951456247928,28.438951456247928,28.438951456247928,28.438951456247928,28.438951456247928,28.438951456247928,28.438951456247928
benchmark|QI-MRFO + swap + Max-Min start|50-10-uniform-none|inst1|run5|b20000,benchmark,QI-MRFO + swap + Max-Min start,"50 tasks, 10 VMs, uniform/none",50,10,uniform,none,1,5,20000,28.46275120246193,15.79583569687262,28.387133832233918,28.387133832233918,0.2663790246486546,0.2663790246486546,2.841965436935425,19951,28.61149227705168,28.518095439659312,28.465553499016544,28.465553499016544,28.465553499016544,28.465553499016544,28.465553499016544,28.465553499016544,28.465553499016544,28.465553499016544,28.465553499016544,28.465553499016544,28.465553499016544,28.465553499016544,28.465553499016544,28.465553499016544,28.465553499016544,28.465553499016544,28.46275120246193,28.46275120246193
benchmark|QI-MRFO + swap + Max-Min start|50-10-uniform-none|inst1|run6|b20000,benchmark,QI-MRFO + swap + Max-Min start,"50 tasks, 10 VMs, uniform/none",50,10,uniform,none,1,6,20000,28.427460573171636,15.784072153775861,28.387133832233918,28.387133832233918,0.14205992466885514,0.14205992466885514,2.8495962619781494,19951,28.519311969684,28.477633049816642,28.477633049816642,28.465553499016544,28.448216310051162,28.427789086905026,28.427789086905026,28.427789086905026,28.427789086905026,28.427789086905026,28.427789086905026,28.427789086905026,28.427789086905026,28.427789086905026,28.427460573171636,28.427460573171636,28.427460573171636,28.427460573171636,28.427460573171636,28.427460573171636
benchmark|QI-MRFO + swap + Max-Min start|50-10-uniform-none|inst1|run7|b20000,benchmark,QI-MRFO + swap + Max-Min start,"50 tasks, 10 VMs, uniform/none",50,10,uniform,none,1,7,20000,28.465553499016544,15.796769795724162,28.387133832233918,28.387133832233918,0.27625073826079394,0.27625073826079394,2.840880870819092,19951,28.708914240130724,28.518095439659312,28.518095439659312,28.5152931431047,28.5152931431047,28.5152931431047,28.49974867291713,28.472141207053255,28.471412748514346,28.465553499016544,28.465553499016544,28.465553499016544,28.465553499016544,28.465553499016544,28.465553499016544,28.465553499016544,28.465553499016544,28.465553499016544,28.465553499016544,28.465553499016544
benchmark|QI-MRFO + swap + Max-Min start|50-10-uniform-none|inst1|run8|b20000,benchmark,QI-MRFO + swap + Max-Min start,"50 tasks, 10 VMs, uniform/none",50,10,uniform,none,1,8,20000,28.469396810091848,15.798050899415928,28.387133832233918,28.387133832233918,0.28978965732891016,0.28978965732891016,2.8115408420562744,19951,28.728769126883815,28.598632369490787,28.54195773959463,28.48193383659706,28.48193383659706,28.47791172756491,28.47791172756491,28.470790442452646,28.469396810091848,28.469396810091848,28.469396810091848,28.469396810091848,28.469396810091848,28.469396810091848,28.469396810091848,28.469396810091848,28.469396810091848,28.469396810091848,28.469396810091848,28.469396810091848
benchmark|QI-MRFO + swap + Max-Min start|50-10-uniform-none|inst1|run9|b20000,benchmark,QI-MRFO + swap + Max-Min start,"50 tasks, 10 VMs, uniform/none",50,10,uniform,none,1,9,20000,28.465553499016544,15.796769795724162,28.387133832233918,28.387133832233918,0.27625073826079394,0.27625073826079394,2.732746124267578,19951,28.518095439659312,28.518095439659312,28.518095439659312,28.518095439659312,28.465553499016544,28.465553499016544,28.465553499016544,28.465553499016544,28.465553499016544,28.465553499016544,28.465553499016544,28.465553499016544,28.465553499016544,28.465553499016544,28.465553499016544,28.465553499016544,28.465553499016544,28.465553499016544,28.465553499016544,28.465553499016544
benchmark|QI-MRFO + swap + Max-Min start|50-10-uniform-none|inst1|run10|b20000,benchmark,QI-MRFO + swap + Max-Min start,"50 tasks, 10 VMs, uniform/none",50,10,uniform,none,1,10,20000,28.46610234525091,15.796952744468951,28.387133832233918,28.387133832233918,0.2781841713351226,0.2781841713351226,2.90083909034729,19951,28.523212012807747,28.523212012807747,28.518095439659312,28.518095439659312,28.518095439659312,28.518095439659312,28.518095439659312,28.50172886203526,28.50172886203526,28.48828304630343,28.47659470307564,28.46610234525091,28.46610234525091,28.46610234525091,28.46610234525091,28.46610234525091,28.46610234525091,28.46610234525091,28.46610234525091,28.46610234525091
benchmark|QI-MRFO + swap + Max-Min start|50-10-uniform-none|inst1|run11|b20000,benchmark,QI-MRFO + swap + Max-Min start,"50 tasks, 10 VMs, uniform/none",50,10,uniform,none,1,11,20000,28.475476779150032,15.800077555768658,28.387133832233918,28.387133832233918,0.31120770218724897,0.31120770218724897,2.7840564250946045,19951,28.54215345022246,28.50500155246963,28.488013805655246,28.475476779150032,28.475476779150032,28.475476779150032,28.475476779150032,28.475476779150032,28.475476779150032,28.475476779150032,28.475476779150032,28.475476779150032,28.475476779150032,28.475476779150032,28.475476779150032,28.475476779150032,28.475476779150032,28.475476779150032,28.475476779150032,28.475476779150032
benchmark|QI-MRFO + swap + Max-Min start|50-10-uniform-none|inst1|run12|b20000,benchmark,QI-MRFO + swap + Max-Min start,"50 tasks, 10 VMs, uniform/none",50,10,uniform,none,1,12,20000,28.44919359753718,15.791316495231044,28.387133832233918,28.387133832233918,0.2186193423754334,0.2186193423754334,2.932661294937134,19951,28.726981457348913,28.623058825108856,28.4808622334414,28.465553499016544,28.465553499016544,28.465553499016544,28.464958014646065,28.464958014646065,28.464958014646065,28.451006625978437,28.451006625978437,28.451006625978437,28.451006625978437,28.451006625978437,28.451006625978437,28.451006625978437,28.451006625978437,28.44919359753718,28.44919359753718,28.44919359753718
benchmark|QI-MRFO + swap + Max-Min start|50-10-uniform-none|inst1|run13|b20000,benchmark,QI-MRFO + swap + Max-Min start,"50 tasks, 10 VMs, uniform/none",50,10,uniform,none,1,13,20000,28.441733304604256,15.788829730920066,28.387133832233918,28.387133832233918,0.19233879930611272,0.19233879930611272,2.850198268890381,19951,28.564800312373237,28.50124900697813,28.465553499016544,28.465553499016544,28.465553499016544,28.465553499016544,28.465553499016544,28.4559539596231,28.446430701961642,28.441733304604256,28.441733304604256,28.441733304604256,28.441733304604256,28.441733304604256,28.441733304604256,28.441733304604256,28.441733304604256,28.441733304604256,28.441733304604256,28.441733304604256
benchmark|QI-MRFO + swap + Max-Min start|50-10-uniform-none|inst1|run14|b20000,benchmark,QI-MRFO + swap + Max-Min start,"50 tasks, 10 VMs, uniform/none",50,10,uniform,none,1,14,20000,28.41507661678414,15.779944168313364,28.387133832233918,28.387133832233918,0.0984346807090965,0.0984346807090965,2.8348398208618164,19951,28.728769126883815,28.524798344835602,28.464388349744794,28.432730364278772,28.432730364278772,28.432730364278772,28.427368061209613,28.416950248869032,28.416950248869032,28.416950248869032,28.41507661678414,28.41507661678414,28.41507661678414,28.41507661678414,28.41507661678414,28.41507661678414,28.41507661678414,28.41507661678414,28.41507661678414,28.41507661678414
benchmark|QI-MRFO + swap + Max-Min start|50-10-uniform-none|inst1|run15|b20000,benchmark,QI-MRFO + swap + Max-Min start,"50 tasks, 10 VMs, uniform/none",50,10,uniform,none,1,15,20000,28.48193383659706,15.802229908250998,28.387133832233918,28.387133832233918,0.333954124863065,0.333954124863065,2.730226516723633,19951,28.565947555243756,28.517430545420726,28.504893518915512,28.504893518915512,28.49113037990166,28.490328498700578,28.490328498700578,28.490328498700578,28.490328498700578,28.490328498700578,28.490328498700578,28.490328498700578,28.490328498700578,28.490328498700578,28.490328498700578,28.490328498700578,28.490328498700578,28.490328498700578,28.48193383659706,28.48193383659706
benchmark|QI-MRFO + swap + Max-Min start|50-10-uniform-none|inst1|run16|b20000,benchmark,QI-MRFO + swap + Max-Min start,"50 tasks, 10 VMs, uniform/none",50,10,uniform,none,1,16,20000,28.455209861830237,15.793321916662057,28.387133832233918,28.387133832233918,0.2398129730132125,0.2398129730132125,2.8481295108795166,19951,28.490328498700578,28.469396810091848,28.469396810091848,28.464660877761613,28.464660877761613,28.464660877761613,28.464660877761613,28.464660877761613,28.455209861830237,28.455209861830237,28.455209861830237,28.455209861830237,28.455209861830237,28.455209861830237,28.455209861830237,28.455209861830237,28.455209861830237,28.455209861830237,28.455209861830237,28.455209861830237
benchmark|QI-MRFO + swap + Max-Min start|50-10-uniform-none|inst1|run17|b20000,benchmark,QI-MRFO + swap + Max-Min start,"50 tasks, 10 VMs, uniform/none",50,10,uniform,none,1,17,20000,28.464958014646065,15.796571300934001,28.387133832233918,28.387133832233918,0.27415301196691094,0.27415301196691094,2.965366840362549,19951,28.59069966695411,28.569767978345382,28.569767978345382,28.569767978345382,28.518095439659312,28.48419339350324,28.48419339350324,28.48419339350324,28.48419339350324,28.48419339350324,28.48419339350324,28.48419339350324,28.48419339350324,28.48419339350324,28.469304123399723,28.465553499016544,28.464958014646065,28.464958014646065,28.464958014646065,28.464958014646065
benchmark|QI-MRFO + swap + Max-Min start|50-10-uniform-none|inst1|run18|b20000,benchmark,QI-MRFO + swap + Max-Min start,"50 tasks, 10 VMs, uniform/none",50,10,uniform,none,1,18,20000,28.465553499016544,15.796769795724162,28.387133832233918,28.387133832233918,0.27625073826079394,0.27625073826079394,2.7048685550689697,19951,28.57295290908158,28.518095439659312,28.477633049816642,28.477633049816642,28.477633049816642,28.477633049816642,28.477633049816642,28.46568322080023,28.46568322080023,28.465553499016544,28.465553499016544,28.465553499016544,28.465553499016544,28.465553499016544,28.465553499016544,28.465553499016544,28.465553499016544,28.465553499016544,28.465553499016544,28.465553499016544
benchmark|QI-MRFO + swap + Max-Min start|50-10-uniform-none|inst1|run19|b20000,benchmark,QI-MRFO + swap + Max-Min start,"50 tasks, 10 VMs, uniform/none",50,10,uniform,none,1,19,20000,28.46275120246193,15.795835696872622,28.387133832233918,28.387133832233918,0.2663790246486546,0.2663790246486546,2.744091749191284,19951,28.63816149122788,28.579007154990553,28.579007154990553,28.483682891070654,28.47664861856574,28.46275120246193,28.46275120246193,28.46275120246193,28.46275120246193,28.46275120246193,28.46275120246193,28.46275120246193,28.46275120246193,28.46275120246193,28.46275120246193,28.46275120246193,28.46275120246193,28.46275120246193,28.46275120246193,28.46275120246193
benchmark|QI-MRFO + swap + Max-Min start|50-10-uniform-none|inst1|run20|b20000,benchmark,QI-MRFO + swap + Max-Min start,"50 tasks, 10 VMs, uniform/none",50,10,uniform,none,1,20,20000,28.432546334256077,15.785767407470672,28.387133832233918,28.387133832233918,0.15997565055544005,0.15997565055544005,2.847705602645874,19951,28.519311969684,28.491805021848254,28.48718239029634,28.481841149904938,28.47269465995189,28.47269465995189,28.47269465995189,28.47269465995189,28.47269465995189,28.47269465995189,28.47269465995189,28.47269465995189,28.47269465995189,28.47269465995189,28.460157633446677,28.460157633446677,28.444399350820365,28.444399350820365,28.432546334256077,28.432546334256077
benchmark|QI-MRFO + swap + Max-Min start|50-10-uniform-none|inst1|run21|b20000,benchmark,QI-MRFO + swap + Max-Min start,"50 tasks, 10 VMs, uniform/none",50,10,uniform,none,1,21,20000,28.431479410982103,15.78541176637935,28.387133832233918,28.387133832233918,0.1562171757468178,0.1562171757468178,2.9597220420837402,19951,28.590305252188376,28.524944586811266,28.465553499016544,28.465553499016544,28.465553499016544,28.465553499016544,28.465553499016544,28.465553499016544,28.465553499016544,28.465553499016544,28.465553499016544,28.448310540957323,28.448310540957323,28.448310540957323,28.448310540957323,28.44140269111559,28.431479410982103,28.431479410982103,28.431479410982103,28.431479410982103
benchmark|QI-MRFO + swap + Max-Min start|50-10-uniform-none|inst1|run22|b20000,benchmark,QI-MRFO + swap + Max-Min start,"50 tasks, 10 VMs, uniform/none",50,10,uniform,none,1,22,20000,28.42271969185299,15.782491860002978,28.387133832233918,28.387133832233918,0.12535911455303025,0.12535911455303025,2.7331035137176514,19951,28.578253753144008,28.53231324586666,28.496173408023317,28.43443857112983,28.42271969185299,28.42271969185299,28.42271969185299,28.42271969185299,28.42271969185299,28.42271969185299,28.42271969185299,28.42271969185299,28.42271969185299,28.42271969185299,28.42271969185299,28.42271969185299,28.42271969185299,28.42271969185299,28.42271969185299,28.42271969185299
benchmark|QI-MRFO + swap + Max-Min start|50-10-uniform-none|inst1|run23|b20000,benchmark,QI-MRFO + swap + Max-Min start,"50 tasks, 10 VMs, uniform/none",50,10,uniform,none,1,23,20000,28.456412617741243,15.793722835299063,28.387133832233918,28.387133832233918,0.2440499485321717,0.2440499485321717,2.7964656352996826,19951,28.62892231458271,28.533518455727798,28.51049546475644,28.502100802652926,28.502100802652926,28.489563776147712,28.489563776147712,28.489563776147712,28.473683110338758,28.47323553344949,28.47323553344949,28.47323553344949,28.47323553344949,28.47323553344949,28.459327685326727,28.459327685326727,28.459327685326727,28.459327685326727,28.459327685326727,28.456412617741243
benchmark|QI-MRFO + swap + Max-Min start|50-10-uniform-none|inst1|run24|b20000,benchmark,QI-MRFO + swap + Max-Min start,"50 tasks, 10 VMs, uniform/none",50,10,uniform,none,1,24,20000,28.465553499016544,15.796769795724163,28.387133832233918,28.387133832233918,0.27625073826079394,0.27625073826079394,2.8426249027252197,19951,28.53375878811895,28.53375878811895,28.521221761613734,28.510024963074947,28.510024963074947,28.510024963074947,28.510024963074947,28.510024963074947,28.510024963074947,28.510024963074947,28.510024963074947,28.47678700412257,28.465553499016544,28.465553499016544,28.465553499016544,28.465553499016544,28.465553499016544,28.465553499016544,28.465553499016544,28.465553499016544
benchmark|QI-MRFO + swap + Max-Min start|50-10-uniform-none|inst1|run25|b20000,benchmark,QI-MRFO + swap + Max-Min start,"50 tasks, 10 VMs, uniform/none",50,10,uniform,none,1,25,20000,28.423021952455958,15.7825926135373,28.387133832233918,28.387133832233918,0.1264238948325557,0.1264238948325557,2.9464938640594482,19951,28.685650916768214,28.5544515130629,28.533827768111358,28.502100802652926,28.43373738484186,28.43373738484186,28.431114353956502,28.427368061209613,28.427368061209613,28.427368061209613,28.427368061209613,28.423021952455958,28.423021952455958,28.423021952455958,28.423021952455958,28.423021952455958,28.423021952455958,28.423021952455958,28.423021952455958,28.423021952455958
benchmark|QI-MRFO + swap + Max-Min start|50-10-uniform-none|inst1|run26|b20000,benchmark,QI-MRFO + swap + Max-Min start,"50 tasks, 10 VMs, uniform/none",50,10,uniform,none,1,26,20000,28.440713182476188,15.78848969021071,28.387133832233918,28.387133832233918,0.18874519195534256,0.18874519195534256,2.9064321517944336,19951,28.518095439659312,28.477633049816642,28.477633049816642,28.47552777323331,28.465553499016544,28.465553499016544,28.465553499016544,28.465553499016544,28.465553499016544,28.464958014646065,28.464958014646065,28.464958014646065,28.46026680967229,28.440713182476188,28.440713182476188,28.440713182476188,28.440713182476188,28.440713182476188,28.440713182476188,28.440713182476188
benchmark|QI-MRFO + swap + Max-Min start|50-10-uniform-none|inst1|run27|b20000,benchmark,QI-MRFO + swap + Max-Min start,"50 tasks, 10 VMs, uniform/none",50,10,uniform,none,1,27,20000,28.427789086905026,15.784181658353656,28.387133832233918,28.387133832233918,0.1432171874461796,0.1432171874461796,2.910733699798584,19951,28.553244934475387,28.544850272371875,28.53575970142834,28.497211484482566,28.48415868162068,28.465553499016544,28.465553499016544,28.465553499016544,28.465553499016544,28.465553499016544,28.465553499016544,28.465553499016544,28.465553499016544,28.46193850092636,28.439529482482374,28.429687739991202,28.427789086905026,28.427789086905026,28.427789086905026,28.427789086905026
benchmark|MRFO (original)|200-20-uniform-high|inst1|run0|b20000,benchmark,MRFO (original),"200 tasks, 20 VMs, uniform/high",200,20,uniform,high,1,0,20000,163.6818028363404,136.14924207435308,60.831838850240715,60.831838850240764,169.07258752986507,169.07258752986485,0.6993019580841064,19950,191.1098542928374,191.1098542928374,191.1098542928374,191.1098542928374,176.98155297948782,176.98155297948782,176.98155297948782,163.6818028363404,163.6818028363404,163.6818028363404,163.6818028363404,163.6818028363404,163.6818028363404,163.6818028363404,163.6818028363404,163.6818028363404,163.6818028363404,163.6818028363404,163.6818028363404,163.6818028363404
benchmark|MRFO (original)|200-20-uniform-high|inst1|run1|b20000,benchmark,MRFO (original),"200 tasks, 20 VMs, uniform/high",200,20,uniform,high,1,1,20000,131.9191028650182,114.02398603651993,60.831838850240715,60.831838850240764,116.85864731096518,116.85864731096501,0.6476080417633057,19950,171.04582627399404,160.7677104122178,160.7677104122178,148.253313115109,143.97335888262583,143.97335888262583,136.25986557016262,136.25986557016262,136.25986557016262,136.25986557016262,136.25986557016262,136.25986557016262,131.9191028650182,131.9191028650182,131.9191028650182,131.9191028650182,131.9191028650182,131.9191028650182,131.9191028650182,131.9191028650182
benchmark|QI-MRFO + swap + Max-Min start|50-10-uniform-none|inst1|run28|b20000,benchmark,QI-MRFO + swap + Max-Min start,"50 tasks, 10 VMs, uniform/none",50,10,uniform,none,1,28,20000,28.465553499016544,15.79676979572416,28.387133832233918,28.387133832233918,0.27625073826079394,0.27625073826079394,2.8551747798919678,19951,28.586397349021276,28.518095439659312,28.479807410617852,28.479807410617852,28.479807410617852,28.479807410617852,28.479807410617852,28.479807410617852,28.479807410617852,28.471412748514346,28.471412748514346,28.471412748514346,28.471412748514346,28.471412748514346,28.46677604370288,28.46677604370288,28.465553499016544,28.465553499016544,28.465553499016544,28.465553499016544
benchmark|MRFO (original)|200-20-uniform-high|inst1|run2|b20000,benchmark,MRFO (original),"200 tasks, 20 VMs, uniform/high",200,20,uniform,high,1,2,20000,140.5702050255433,120.21049155319281,60.831838850240715,60.831838850240764,131.0799865373247,131.0799865373245,0.6349470615386963,19950,153.9238357201912,149.46867900969136,147.46764719497767,147.46764719497767,147.46764719497767,147.46764719497767,147.46764719497767,147.46764719497767,140.5702050255433,140.5702050255433,140.5702050255433,140.5702050255433,140.5702050255433,140.5702050255433,140.5702050255433,140.5702050255433,140.5702050255433,140.5702050255433,140.5702050255433,140.5702050255433
benchmark|QI-MRFO + swap + Max-Min start|50-10-uniform-none|inst1|run29|b20000,benchmark,QI-MRFO + swap + Max-Min start,"50 tasks, 10 VMs, uniform/none",50,10,uniform,none,1,29,20000,28.42005162894637,15.78160250570077,28.387133832233918,28.387133832233918,0.1159602688562912,0.1159602688562912,2.808511972427368,19951,28.53231324586666,28.510024963074947,28.510024963074947,28.48003616836541,28.48003616836541,28.47552777323331,28.464223138166943,28.464223138166943,28.459104479756682,28.459104479756682,28.459104479756682,28.459104479756682,28.459104479756682,28.459104479756682,28.459104479756682,28.459104479756682,28.43730512560471,28.42005162894637,28.42005162894637,28.42005162894637
benchmark|MRFO (original)|200-20-uniform-high|inst1|run3|b20000,benchmark,MRFO (original),"200 tasks, 20 VMs, uniform/high",200,20,uniform,high,1,3,20000,150.19636801048847,126.61983030867843,60.831838850240715,60.831838850240764,146.9042048527424,146.9042048527422,0.6337645053863525,19950,215.81164455191535,215.81164455191535,215.81164455191535,206.0716222242657,186.84106221191377,186.84106221191377,186.84106221191377,176.15390078759944,176.15390078759944,163.84579488035786,163.84579488035786,157.2245608953691,153.95198157941934,150.19636801048847,150.19636801048847,150.19636801048847,150.19636801048847,150.19636801048847,150.19636801048847,150.19636801048847
benchmark|MRFO (original)|200-20-uniform-high|inst1|run4|b20000,benchmark,MRFO (original),"200 tasks, 20 VMs, uniform/high",200,20,uniform,high,1,4,20000,177.55326335160908,139.63545507086712,60.831838850240715,60.831838850240764,191.87554857369972,191.8755485736995,0.6414353847503662,19950,201.95780492729068,191.30646515115734,189.93547164613605,189.93547164613605,189.93547164613605,189.93547164613605,189.93547164613605,189.93547164613605,189.93547164613605,189.93547164613605,188.94566654570318,188.94566654570318,177.78977483437288,177.78977483437288,177.78977483437288,177.55326335160908,177.55326335160908,177.55326335160908,177.55326335160908,177.55326335160908
benchmark|MRFO (original)|200-20-uniform-high|inst1|run5|b20000,benchmark,MRFO (original),"200 tasks, 20 VMs, uniform/high",200,20,uniform,high,1,5,20000,131.8708720273899,114.11432227880579,60.831838850240715,60.831838850240764,116.77936179446611,116.77936179446594,0.6409318447113037,19950,141.53989281864423,141.53989281864423,141.53989281864423,136.18901558147772,131.8708720273899,131.8708720273899,131.8708720273899,131.8708720273899,131.8708720273899,131.8708720273899,131.8708720273899,131.8708720273899,131.8708720273899,131.8708720273899,131.8708720273899,131.8708720273899,131.8708720273899,131.8708720273899,131.8708720273899,131.8708720273899
benchmark|MRFO (original)|200-20-uniform-high|inst1|run6|b20000,benchmark,MRFO (original),"200 tasks, 20 VMs, uniform/high",200,20,uniform,high,1,6,20000,137.83892612441178,118.48029692988118,60.831838850240715,60.831838850240764,126.59010269893616,126.590102698936,0.6449441909790039,19950,152.8358510207579,152.8358510207579,137.83892612441178,137.83892612441178,137.83892612441178,137.83892612441178,137.83892612441178,137.83892612441178,137.83892612441178,137.83892612441178,137.83892612441178,137.83892612441178,137.83892612441178,137.83892612441178,137.83892612441178,137.83892612441178,137.83892612441178,137.83892612441178,137.83892612441178,137.83892612441178
benchmark|MRFO (original)|200-20-uniform-high|inst1|run8|b20000,benchmark,MRFO (original),"200 tasks, 20 VMs, uniform/high",200,20,uniform,high,1,8,20000,146.16115055985603,122.47218398617974,60.831838850240715,60.831838850240764,140.27080772567777,140.2708077256776,0.6583354473114014,19950,167.40678202223924,153.6021521256314,146.16115055985603,146.16115055985603,146.16115055985603,146.16115055985603,146.16115055985603,146.16115055985603,146.16115055985603,146.16115055985603,146.16115055985603,146.16115055985603,146.16115055985603,146.16115055985603,146.16115055985603,146.16115055985603,146.16115055985603,146.16115055985603,146.16115055985603,146.16115055985603
benchmark|MRFO (original)|200-20-uniform-high|inst1|run7|b20000,benchmark,MRFO (original),"200 tasks, 20 VMs, uniform/high",200,20,uniform,high,1,7,20000,159.90196095006672,133.71933312409325,60.831838850240715,60.831838850240764,162.85899616436464,162.85899616436444,0.7287940979003906,19950,194.81536408578364,179.31796231555083,161.8967055526684,159.90196095006672,159.90196095006672,159.90196095006672,159.90196095006672,159.90196095006672,159.90196095006672,159.90196095006672,159.90196095006672,159.90196095006672,159.90196095006672,159.90196095006672,159.90196095006672,159.90196095006672,159.90196095006672,159.90196095006672,159.90196095006672,159.90196095006672
benchmark|MRFO (original)|200-20-uniform-high|inst1|run9|b20000,benchmark,MRFO (original),"200 tasks, 20 VMs, uniform/high",200,20,uniform,high,1,9,20000,158.59822245457377,132.6968478462067,60.831838850240715,60.831838850240764,160.71581173967124,160.71581173967104,0.7928307056427002,19950,165.76194709938372,165.76194709938372,158.59822245457377,158.59822245457377,158.59822245457377,158.59822245457377,158.59822245457377,158.59822245457377,158.59822245457377,158.59822245457377,158.59822245457377,158.59822245457377,158.59822245457377,158.59822245457377,158.59822245457377,158.59822245457377,158.59822245457377,158.59822245457377,158.59822245457377,158.59822245457377
benchmark|MRFO (original)|200-20-uniform-high|inst1|run10|b20000,benchmark,MRFO (original),"200 tasks, 20 VMs, uniform/high",200,20,uniform,high,1,10,20000,154.49622914189752,130.04359740987783,60.831838850240715,60.831838850240764,153.97264337552764,153.97264337552744,0.6797888278961182,19950,199.44018523705373,154.49622914189752,154.49622914189752,154.49622914189752,154.49622914189752,154.49622914189752,154.49622914189752,154.49622914189752,154.49622914189752,154.49622914189752,154.49622914189752,154.49622914189752,154.49622914189752,154.49622914189752,154.49622914189752,154.49622914189752,154.49622914189752,154.49622914189752,154.49622914189752,154.49622914189752
benchmark|MRFO (original)|200-20-uniform-high|inst1|run12|b20000,benchmark,MRFO (original),"200 tasks, 20 VMs, uniform/high",200,20,uniform,high,1,12,20000,143.30916806540245,122.52821433315661,60.831838850240715,60.831838850240764,135.58250214695815,135.58250214695795,0.6650869846343994,19950,176.249945138967,168.3728491357613,168.3728491357613,168.3728491357613,168.3728491357613,168.3728491357613,168.3728491357613,168.3728491357613,168.3728491357613,168.3728491357613,148.6492841408678,143.30916806540245,143.30916806540245,143.30916806540245,143.30916806540245,143.30916806540245,143.30916806540245,143.30916806540245,143.30916806540245,143.30916806540245
benchmark|MRFO (original)|200-20-uniform-high|inst1|run11|b20000,benchmark,MRFO (original),"200 tasks, 20 VMs, uniform/high",200,20,uniform,high,1,11,20000,147.06751166405817,124.80709938588204,60.831838850240715,60.831838850240764,141.76075299337464,141.76075299337447,0.7551817893981934,19950,174.55943797632912,174.55943797632912,174.55943797632912,167.64207857786366,167.64207857786366,158.22345681977035,148.0119298878062,148.0119298878062,148.0119298878062,148.0119298878062,148.0119298878062,147.06751166405817,147.06751166405817,147.06751166405817,147.06751166405817,147.06751166405817,147.06751166405817,147.06751166405817,147.06751166405817,147.06751166405817
benchmark|MRFO (original)|200-20-uniform-high|inst1|run13|b20000,benchmark,MRFO (original),"200 tasks, 20 VMs, uniform/high",200,20,uniform,high,1,13,20000,144.19913940448453,121.95092352277828,60.831838850240715,60.831838850240764,137.04550467310742,137.04550467310725,0.6339585781097412,19950,177.88019682859724,176.14744749874473,176.14744749874473,171.52826207858743,171.52826207858743,171.52826207858743,144.19913940448453,144.19913940448453,144.19913940448453,144.19913940448453,144.19913940448453,144.19913940448453,144.19913940448453,144.19913940448453,144.19913940448453,144.19913940448453,144.19913940448453,144.19913940448453,144.19913940448453,144.19913940448453
benchmark|MRFO (original)|200-20-uniform-high|inst1|run14|b20000,benchmark,MRFO (original),"200 tasks, 20 VMs, uniform/high",200,20,uniform,high,1,14,20000,158.24736791676537,132.47589468484082,60.831838850240715,60.831838850240764,160.13905038502577,160.13905038502557,0.6515202522277832,19950,186.0622713210061,172.25870254673865,159.2930030934969,159.2930030934969,159.2930030934969,159.2930030934969,159.2930030934969,158.24736791676537,158.24736791676537,158.24736791676537,158.24736791676537,158.24736791676537,158.24736791676537,158.24736791676537,158.24736791676537,158.24736791676537,158.24736791676537,158.24736791676537,158.24736791676537,158.24736791676537
benchmark|MRFO (original)|200-20-uniform-high|inst1|run15|b20000,benchmark,MRFO (original),"200 tasks, 20 VMs, uniform/high",200,20,uniform,high,1,15,20000,142.7491269983194,122.24013739154175,60.831838850240715,60.831838850240764,134.6618640770458,134.66186407704564,0.6388986110687256,19950,172.9365550247437,142.7491269983194,142.7491269983194,142.7491269983194,142.7491269983194,142.7491269983194,142.7491269983194,142.7491269983194,142.7491269983194,142.7491269983194,142.7491269983194,142.7491269983194,142.7491269983194,142.7491269983194,142.7491269983194,142.7491269983194,142.7491269983194,142.7491269983194,142.7491269983194,142.7491269983194
benchmark|MRFO (original)|200-20-uniform-high|inst1|run16|b20000,benchmark,MRFO (original),"200 tasks, 20 VMs, uniform/high",200,20,uniform,high,1,16,20000,133.79798459459718,115.89433097845442,60.831838850240715,60.831838850240764,119.94729589547454,119.94729589547437,0.6423132419586182,19950,188.80078217244076,142.52186576273334,133.79798459459718,133.79798459459718,133.79798459459718,133.79798459459718,133.79798459459718,133.79798459459718,133.79798459459718,133.79798459459718,133.79798459459718,133.79798459459718,133.79798459459718,133.79798459459718,133.79798459459718,133.79798459459718,133.79798459459718,133.79798459459718,133.79798459459718,133.79798459459718
benchmark|MRFO (original)|200-20-uniform-high|inst1|run17|b20000,benchmark,MRFO (original),"200 tasks, 20 VMs, uniform/high",200,20,uniform,high,1,17,20000,151.9677434869537,127.88505532450385,60.831838850240715,60.831838850240764,149.8161264877699,149.81612648776974,0.6375510692596436,19950,192.33282611037612,171.3129103274693,151.9677434869537,151.9677434869537,151.9677434869537,151.9677434869537,151.9677434869537,151.9677434869537,151.9677434869537,151.9677434869537,151.9677434869537,151.9677434869537,151.9677434869537,151.9677434869537,151.9677434869537,151.9677434869537,151.9677434869537,151.9677434869537,151.9677434869537,151.9677434869537
benchmark|MRFO (original)|200-20-uniform-high|inst1|run18|b20000,benchmark,MRFO (original),"200 tasks, 20 VMs, uniform/high",200,20,uniform,high,1,18,20000,174.60467836548898,142.8972380162382,60.831838850240715,60.831838850240764,187.0284404772651,187.02844047726484,0.6484174728393555,19950,201.02739626981375,181.59675959755532,180.59979095357735,176.3792274925993,176.3792274925993,176.3792274925993,174.60467836548898,174.60467836548898,174.60467836548898,174.60467836548898,174.60467836548898,174.60467836548898,174.60467836548898,174.60467836548898,174.60467836548898,174.60467836548898,174.60467836548898,174.60467836548898,174.60467836548898,174.60467836548898
benchmark|MRFO (original)|200-20-uniform-high|inst1|run19|b20000,benchmark,MRFO (original),"200 tasks, 20 VMs, uniform/high",200,20,uniform,high,1,19,20000,163.44105119157305,135.66000303666266,60.831838850240715,60.831838850240764,168.6768216787619,168.6768216787617,0.6722936630249023,19950,202.4865475808056,183.75490729371637,183.75490729371637,183.75490729371637,183.75490729371637,173.31509859300093,173.31509859300093,173.31509859300093,173.31509859300093,173.31509859300093,163.44105119157305,163.44105119157305,163.44105119157305,163.44105119157305,163.44105119157305,163.44105119157305,163.44105119157305,163.44105119157305,163.44105119157305,163.44105119157305
benchmark|MRFO (original)|200-20-uniform-high|inst1|run20|b20000,benchmark,MRFO (original),"200 tasks, 20 VMs, uniform/high",200,20,uniform,high,1,20,20000,149.25784508138094,125.74856181870561,60.831838850240715,60.831838850240764,145.361389532926,145.3613895329258,0.6788723468780518,19950,164.25066041038073,155.79550215308262,155.79550215308262,155.79550215308262,155.79550215308262,155.79550215308262,155.79550215308262,149.25784508138094,149.25784508138094,149.25784508138094,149.25784508138094,149.25784508138094,149.25784508138094,149.25784508138094,149.25784508138094,149.25784508138094,149.25784508138094,149.25784508138094,149.25784508138094,149.25784508138094
benchmark|MRFO (original)|200-20-uniform-high|inst1|run21|b20000,benchmark,MRFO (original),"200 tasks, 20 VMs, uniform/high",200,20,uniform,high,1,21,20000,161.43540484508955,134.36394424535317,60.831838850240715,60.831838850240764,165.379787782711,165.3797877827108,0.6642520427703857,19950,172.82315831395584,161.43540484508955,161.43540484508955,161.43540484508955,161.43540484508955,161.43540484508955,161.43540484508955,161.43540484508955,161.43540484508955,161.43540484508955,161.43540484508955,161.43540484508955,161.43540484508955,161.43540484508955,161.43540484508955,161.43540484508955,161.43540484508955,161.43540484508955,161.43540484508955,161.43540484508955
benchmark|MRFO (original)|200-20-uniform-high|inst1|run22|b20000,benchmark,MRFO (original),"200 tasks, 20 VMs, uniform/high",200,20,uniform,high,1,22,20000,160.17733232186814,128.68952054334795,60.831838850240715,60.831838850240764,163.31167255391014,163.31167255390994,0.6933043003082275,19950,198.91109630185306,193.67610546823067,184.75690162749683,160.17733232186814,160.17733232186814,160.17733232186814,160.17733232186814,160.17733232186814,160.17733232186814,160.17733232186814,160.17733232186814,160.17733232186814,160.17733232186814,160.17733232186814,160.17733232186814,160.17733232186814,160.17733232186814,160.17733232186814,160.17733232186814,160.17733232186814
benchmark|MRFO (original)|200-20-uniform-high|inst1|run23|b20000,benchmark,MRFO (original),"200 tasks, 20 VMs, uniform/high",200,20,uniform,high,1,23,20000,148.65803158665406,125.56272334239009,60.831838850240715,60.831838850240764,144.3753705236971,144.37537052369692,0.6612889766693115,19950,203.0305217785926,169.20817763734658,155.52612556189868,148.65803158665406,148.65803158665406,148.65803158665406,148.65803158665406,148.65803158665406,148.65803158665406,148.65803158665406,148.65803158665406,148.65803158665406,148.65803158665406,148.65803158665406,148.65803158665406,148.65803158665406,148.65803158665406,148.65803158665406,148.65803158665406,148.65803158665406
benchmark|MRFO (original)|200-20-uniform-high|inst1|run24|b20000,benchmark,MRFO (original),"200 tasks, 20 VMs, uniform/high",200,20,uniform,high,1,24,20000,171.58308225090877,139.22389727106042,60.831838850240715,60.831838850240764,182.06131113892806,182.0613111389278,0.6880826950073242,19950,197.73265620961826,188.10108296922007,188.10108296922007,172.04522734258248,171.58308225090877,171.58308225090877,171.58308225090877,171.58308225090877,171.58308225090877,171.58308225090877,171.58308225090877,171.58308225090877,171.58308225090877,171.58308225090877,171.58308225090877,171.58308225090877,171.58308225090877,171.58308225090877,171.58308225090877,171.58308225090877
benchmark|MRFO (original)|200-20-uniform-high|inst1|run25|b20000,benchmark,MRFO (original),"200 tasks, 20 VMs, uniform/high",200,20,uniform,high,1,25,20000,155.70501757464632,130.557097161652,60.831838850240715,60.831838850240764,155.95974167075534,155.95974167075516,0.6411981582641602,19950,169.00976607933816,163.6765228667475,163.6765228667475,163.6765228667475,156.7627672090846,155.70501757464632,155.70501757464632,155.70501757464632,155.70501757464632,155.70501757464632,155.70501757464632,155.70501757464632,155.70501757464632,155.70501757464632,155.70501757464632,155.70501757464632,155.70501757464632,155.70501757464632,155.70501757464632,155.70501757464632
benchmark|MRFO (original)|200-20-uniform-high|inst1|run26|b20000,benchmark,MRFO (original),"200 tasks, 20 VMs, uniform/high",200,20,uniform,high,1,26,20000,140.87043708021957,119.53545571959475,60.831838850240715,60.831838850240764,131.57353080682378,131.57353080682358,0.6511621475219727,19950,156.65751360567592,156.65751360567592,156.65751360567592,156.65751360567592,156.65751360567592,156.65751360567592,156.65751360567592,156.65751360567592,156.65751360567592,156.65751360567592,156.65751360567592,156.65751360567592,140.87043708021957,140.87043708021957,140.87043708021957,140.87043708021957,140.87043708021957,140.87043708021957,140.87043708021957,140.87043708021957
benchmark|MRFO (original)|200-20-uniform-high|inst1|run27|b20000,benchmark,MRFO (original),"200 tasks, 20 VMs, uniform/high",200,20,uniform,high,1,27,20000,151.70609118819903,126.71732152238742,60.831838850240715,60.831838850240764,149.38600255316584,149.3860025531656,0.645094633102417,19950,208.05898662638825,168.95250613238994,168.95250613238994,159.65972933709804,153.01082597660047,151.70609118819903,151.70609118819903,151.70609118819903,151.70609118819903,151.70609118819903,151.70609118819903,151.70609118819903,151.70609118819903,151.70609118819903,151.70609118819903,151.70609118819903,151.70609118819903,151.70609118819903,151.70609118819903,151.70609118819903
benchmark|MRFO (original)|200-20-uniform-high|inst1|run28|b20000,benchmark,MRFO (original),"200 tasks, 20 VMs, uniform/high",200,20,uniform,high,1,28,20000,154.26564176502194,129.502608631068,60.831838850240715,60.831838850240764,153.59358632048242,153.59358632048222,0.6555111408233643,19950,200.27080426921722,200.27080426921722,176.64293251037637,176.64293251037637,176.64293251037637,176.64293251037637,176.64293251037637,176.64293251037637,176.64293251037637,176.64293251037637,176.64293251037637,176.64293251037637,175.58213420567165,175.58213420567165,173.1047339419743,165.2248235618163,154.26564176502194,154.26564176502194,154.26564176502194,154.26564176502194
benchmark|MRFO (original)|200-20-uniform-high|inst1|run29|b20000,benchmark,MRFO (original),"200 tasks, 20 VMs, uniform/high",200,20,uniform,high,1,29,20000,156.58032500293737,131.5702772988883,60.831838850240715,60.831838850240764,157.39863854587026,157.39863854587003,0.6391291618347168,19950,184.54938841120077,173.82047167076706,173.82047167076706,156.58032500293737,156.58032500293737,156.58032500293737,156.58032500293737,156.58032500293737,156.58032500293737,156.58032500293737,156.58032500293737,156.58032500293737,156.58032500293737,156.58032500293737,156.58032500293737,156.58032500293737,156.58032500293737,156.58032500293737,156.58032500293737,156.58032500293737
benchmark|QI-MRFO + swap|200-20-uniform-high|inst1|run0|b20000,benchmark,QI-MRFO + swap,"200 tasks, 20 VMs, uniform/high",200,20,uniform,high,1,0,20000,60.958923762809654,64.82135946543721,60.831838850240715,60.831838850240764,0.20891183789759238,0.20891183789751044,5.022274017333984,19950,72.18821925879708,65.52277942972319,64.25704698160186,63.236565947654555,62.78086182054254,62.32957381474344,62.228283200105764,61.679486965596766,61.34594047261837,61.27883796075608,61.16186471003746,61.05597298957101,61.02220936325909,61.00968254346331,60.99872894815068,60.99872894815068,60.98379784307361,60.96253858354244,60.958923762809654,60.958923762809654
benchmark|QI-MRFO + swap|200-20-uniform-high|inst1|run1|b20000,benchmark,QI-MRFO + swap,"200 tasks, 20 VMs, uniform/high",200,20,uniform,high,1,1,20000,60.975871126927686,64.8114751907203,60.831838850240715,60.831838850240764,0.23677120305627802,0.2367712030561961,4.9515886306762695,19950,73.63601482311799,67.08187680998034,64.02502484972936,62.28074534012716,61.63409747558055,61.559425552777455,61.36398520253291,61.28640173480075,61.23191046645715,61.2188435393965,61.140859825643005,61.084621342596826,61.039845318284705,61.03674573225382,61.02221743107553,61.02221743107553,61.02221743107553,61.01691159505987,60.975871126927686,60.975871126927686
benchmark|QI-MRFO + swap|200-20-uniform-high|inst1|run2|b20000,benchmark,QI-MRFO + swap,"200 tasks, 20 VMs, uniform/high",200,20,uniform,high,1,2,20000,60.94861665615553,64.80756458723206,60.831838850240715,60.831838850240764,0.1919682326261829,0.19196823262610097,4.976232290267944,19950,71.7320912712543,63.788080749700825,61.462512697021,61.15126639082913,61.102958663084564,61.05749683974723,61.03343008136664,61.00692319032687,61.00419151296022,60.98740174548026,60.97080819147013,60.97080819147013,60.97080819147013,60.97080819147013,60.969104924827334,60.95989664447951,60.95130352656033,60.94861665615553,60.94861665615553,60.94861665615553
benchmark|QI-MRFO + swap|200-20-uniform-high|inst1|run3|b20000,benchmark,QI-MRFO + swap,"200 tasks, 20 VMs, uniform/high",200,20,uniform,high,1,3,20000,60.948558436875274,64.81566418286394,60.831838850240715,60.831838850240764,0.1918725273485589,0.19187252734847698,4.974241018295288,19950,74.05018082892887,64.86084188996017,63.52746024087144,63.2296377464533,62.34521201815012,61.999017003414096,61.69697428047503,61.51068019911715,61.177608220383554,61.07217218388825,61.03404281277884,61.026831198127084,61.00247073313927,60.99076183170863,60.99040527878888,60.99040527878888,60.97897094823154,60.958325861727026,60.948558436875274,60.948558436875274
benchmark|QI-MRFO + swap|200-20-uniform-high|inst1|run4|b20000,benchmark,QI-MRFO + swap,"200 tasks, 20 VMs, uniform/high",200,20,uniform,high,1,4,20000,60.93676313779436,64.80027678248973,60.831838850240715,60.831838850240764,0.17248251826145214,0.17248251826137023,4.977612733840942,19950,68.63972077937859,64.02799444813166,62.2815877391744,61.48882181055143,61.295952981232176,61.20582412219617,61.14513151232543,61.08395649841896,61.0365606505483,61.022691556824974,61.01975807578601,61.004086101151735,60.98698198417465,60.974402661950606,60.969937571663614,60.963189209524515,60.957991229656606,60.94174296527608,60.94174296527608,60.93676313779436
benchmark|QI-MRFO + swap|200-20-uniform-high|inst1|run5|b20000,benchmark,QI-MRFO + swap,"200 tasks, 20 VMs, uniform/high",200,20,uniform,high,1,5,20000,60.9434362858646,64.801613054716,60.831838850240715,60.831838850240764,0.18345234622714934,0.1834523462270674,5.016836404800415,19950,70.06951355711362,66.96491718039556,64.5360957782757,64.15171301999548,63.60630404178397,63.31863109389694,62.69562939898881,62.433731267199974,61.77252576969968,61.3914290033245,61.15009314274381,61.0709378371846,61.05769394053735,61.00787636281935,60.99917872321089,60.9931186333372,60.988210696875505,60.9474028273194,60.9474028273194,60.9434362858646
benchmark|QI-MRFO + swap|200-20-uniform-high|inst1|run6|b20000,benchmark,QI-MRFO + swap,"200 tasks, 20 VMs, uniform/high",200,20,uniform,high,1,6,20000,60.90991989181763,64.80058775868677,60.831838850240715,60.831838850240764,0.12835555040369512,0.12835555040361327,5.013936996459961,19950,68.3445040417491,64.83139405472198,64.19999526997461,62.41583835614649,61.715365467350544,61.43673414571876,61.25015546590602,61.13248054730536,61.08352065159886,61.06224294912045,61.025332109153396,61.01919509398929,61.00394110832131,61.00084267486618,60.956398706199884,60.951037885363164,60.935527580964,60.92934352853877,60.91073319767472,60.90991989181763
benchmark|QI-MRFO + swap|200-20-uniform-high|inst1|run7|b20000,benchmark,QI-MRFO + swap,"200 tasks, 20 VMs, uniform/high",200,20,uniform,high,1,7,20000,60.97797832175485,64.80750033385439,60.831838850240715,60.831838850240764,0.24023517006268197,0.2402351700626,4.884429693222046,19950,87.70210431314307,65.46661793692712,62.87432932947577,62.5124549984793,62.167638463970576,61.56802776311068,61.414586762088184,61.2995297099575,61.27679209382522,61.20256500721291,61.19654103752669,61.16206798446127,61.1141191641,61.09712539259048,61.038418423643634,61.032999568103484,61.0272101419178,60.99307333545342,60.98627128284453,60.97797832175485
benchmark|QI-MRFO + swap|200-20-uniform-high|inst1|run8|b20000,benchmark,QI-MRFO + swap,"200 tasks, 20 VMs, uniform/high",200,20,uniform,high,1,8,20000,60.93389180206253,64.78247291784471,60.831838850240715,60.831838850240764,0.16776239836026993,0.16776239836018805,4.787214756011963,19950,94.7987009380257,72.0081502381608,67.10624193978228,62.40431437817446,61.61799411276761,61.46277626887151,61.29613320723473,61.21363367069911,61.15701398944786,61.09624624460862,61.0784393027733,61.04933242532153,61.01909967808654,60.978626350795864,60.97722992347366,60.97362464239308,60.96015253878345,60.95941357842955,60.95024088941697,60.93389180206253
benchmark|QI-MRFO + swap|200-20-uniform-high|inst1|run10|b20000,benchmark,QI-MRFO + swap,"200 tasks, 20 VMs, uniform/high",200,20,uniform,high,1,10,20000,60.91487432668772,64.7932465820576,60.831838850240715,60.831838850240764,0.1365000269865755,0.13650002698649363,4.681320905685425,19950,68.1196445252611,62.62217081943562,61.87173128813538,61.3180911377337,61.22685781130046,61.19365380162674,61.07576253447396,61.07196557637001,61.0277120773477,61.00602463512849,60.9803899807061,60.96168082459236,60.934126979769566,60.934126979769566,60.934126979769566,60.92958448353304,60.924812265694385,60.91487432668772,60.91487432668772,60.91487432668772
benchmark|QI-MRFO + swap|200-20-uniform-high|inst1|run9|b20000,benchmark,QI-MRFO + swap,"200 tasks, 20 VMs, uniform/high",200,20,uniform,high,1,9,20000,60.99370384232841,64.81479295511066,60.831838850240715,60.831838850240764,0.2660859759412859,0.266085975941204,4.87708044052124,19950,93.38500475438325,71.79247086210533,65.90962920207807,64.62715536553296,64.1354311867096,62.8210467142761,62.28116309394642,61.75755656376079,61.48732353796762,61.35179804927314,61.25724820396702,61.140694926906214,61.072586678861114,61.02844114148874,61.02067559258428,61.00803160169738,61.00803160169738,60.995909605614024,60.99370384232841,60.99370384232841
benchmark|QI-MRFO + swap|200-20-uniform-high|inst1|run11|b20000,benchmark,QI-MRFO + swap,"200 tasks, 20 VMs, uniform/high",200,20,uniform,high,1,11,20000,60.90675540731989,64.78666876654505,60.831838850240715,60.831838850240764,0.12315353028142267,0.12315353028134081,5.030339002609253,19950,75.68128591275894,67.79999271278446,66.12536218856326,63.5853529899548,62.77870188487289,61.686278721971796,61.32989883456756,61.112931537276204,61.02810295975967,60.98191227920729,60.95894084892961,60.95032228814289,60.93178727693622,60.92871665658848,60.92871665658848,60.92871665658848,60.92548951172226,60.922700544438634,60.922700544438634,60.90675540731989
benchmark|QI-MRFO + swap|200-20-uniform-high|inst1|run12|b20000,benchmark,QI-MRFO + swap,"200 tasks, 20 VMs, uniform/high",200,20,uniform,high,1,12,20000,60.922596409322686,64.80117756745157,60.831838850240715,60.831838850240764,0.1491941733101377,0.1491941733100558,4.797206401824951,19950,76.77760680974863,65.77453236658246,62.215817413869004,61.90406289730917,61.542869405774475,61.28779935867021,61.260457724526574,61.25213501709951,61.17457075019623,61.10211943215031,61.05930106617469,61.05930106617469,61.02879888525332,61.01019747150678,60.97233552290371,60.957958063075196,60.93048370520912,60.929766241204156,60.92701593566733,60.922596409322686
benchmark|QI-MRFO + swap|200-20-uniform-high|inst1|run13|b20000,benchmark,QI-MRFO + swap,"200 tasks, 20 VMs, uniform/high",200,20,uniform,high,1,13,20000,61.234969730191196,64.7840295108192,60.831838850240715,60.831838850240764,0.6626971789278504,0.6626971789277681,4.7889084815979,19950,73.60475472427395,68.85084597862213,66.40481584808937,64.73280295696186,62.20225827660698,61.68000631830257,61.45723991235298,61.43505625199292,61.382703406338095,61.37341290862295,61.342340872230196,61.32450706269475,61.31253603534214,61.27397981403854,61.26324603532376,61.26324603532376,61.247545363689746,61.23838648758397,61.235852102162404,61.234969730191196
benchmark|QI-MRFO + swap|200-20-uniform-high|inst1|run14|b20000,benchmark,QI-MRFO + swap,"200 tasks, 20 VMs, uniform/high",200,20,uniform,high,1,14,20000,60.95582334995888,64.81227241966445,60.831838850240715,60.831838850240764,0.20381514361812103,0.2038151436180391,4.908012866973877,19950,72.37848009699105,66.33637587646463,62.30234825938575,61.51573664225893,61.19687432806846,61.13436703185126,61.12315100007563,61.12315100007563,61.10367172099425,61.061296981591724,61.03429125016612,61.0132209929667,60.99167317358835,60.98147190329752,60.98147190329752,60.978492006658676,60.973119622669586,60.965938339283085,60.96455413948233,60.95582334995888
benchmark|QI-MRFO + swap|200-20-uniform-high|inst1|run15|b20000,benchmark,QI-MRFO + swap,"200 tasks, 20 VMs, uniform/high",200,20,uniform,high,1,15,20000,60.89141177527477,64.78274362574153,60.831838850240715,60.831838850240764,0.09793050178988343,0.09793050178980157,4.925920724868774,19950,73.56501712065054,67.07070569364741,62.63427908909071,61.56270718748198,61.18621138788601,61.08286905112351,61.0118378914991,60.96415140334874,60.9631982579873,60.958602215301674,60.93576704392936,60.92280901016173,60.89851450067904,60.8929373692097,60.89141177527477,60.89141177527477,60.89141177527477,60.89141177527477,60.89141177527477,60.89141177527477
benchmark|QI-MRFO + swap|200-20-uniform-high|inst1|run16|b20000,benchmark,QI-MRFO + swap,"200 tasks, 20 VMs, uniform/high",200,20,uniform,high,1,16,20000,60.891403809037875,64.77627401418755,60.831838850240715,60.831838850240764,0.09791740628423404,0.0979174062841522,4.941484689712524,19950,71.09503879199713,62.80878264145163,61.78413313143065,61.608635777003755,61.30802343265087,61.19577784203844,61.19577784203844,61.134682963547945,61.07282793515607,61.02842037908117,61.009094009433575,60.98387629802727,60.957250861332476,60.956443682241776,60.956443682241776,60.94782443129854,60.905868481793576,60.905868481793576,60.89147901967649,60.891403809037875
benchmark|QI-MRFO + swap|200-20-uniform-high|inst1|run17|b20000,benchmark,QI-MRFO + swap,"200 tasks, 20 VMs, uniform/high",200,20,uniform,high,1,17,20000,60.912986845344875,64.79877924098547,60.831838850240715,60.831838850240764,0.1333972417041925,0.13339724170411063,4.899281024932861,19950,76.19134904308535,65.84887236619535,63.109948134625746,61.689350805660176,61.484360506565245,61.357255207484485,61.14018859687242,61.097284665557034,61.088308613088564,61.0731486937546,61.05123454448721,61.03341889039445,61.01530460499309,60.984466720817316,60.967614954432776,60.96196137732341,60.94108384359146,60.922510094755644,60.92137996433709,60.912986845344875
benchmark|QI-MRFO + swap|200-20-uniform-high|inst1|run18|b20000,benchmark,QI-MRFO + swap,"200 tasks, 20 VMs, uniform/high",200,20,uniform,high,1,18,20000,60.933663184776,64.80681270047612,60.831838850240715,60.831838850240764,0.16738657988946234,0.16738657988938044,4.895071506500244,19950,74.27037966065305,67.25771940352963,65.5739443527681,64.39204293322986,62.83726906699458,61.68658764993318,61.34611335605781,61.33670694298651,61.249641742097616,61.189720403744154,61.11384063208246,61.02386447845992,60.97794610436418,60.970326285679455,60.951762325860614,60.951762325860614,60.94326407071353,60.94100379348257,60.933663184776,60.933663184776
benchmark|QI-MRFO + swap|200-20-uniform-high|inst1|run19|b20000,benchmark,QI-MRFO + swap,"200 tasks, 20 VMs, uniform/high",200,20,uniform,high,1,19,20000,60.967596792899684,64.78622732083917,60.831838850240715,60.831838850240764,0.2231692239210228,0.22316922392094088,4.857831954956055,19950,71.29001946456421,63.53715383677312,62.254794161718735,61.53940193729227,61.24351103524647,61.17175584749005,61.11412801050033,61.06201305821036,61.035764784334916,61.01781914949028,60.996112467441755,60.996112467441755,60.996112467441755,60.98182710892744,60.98182710892744,60.977319401511735,60.9726283297244,60.9726283297244,60.97242558211262,60.967596792899684
benchmark|QI-MRFO + swap|200-20-uniform-high|inst1|run21|b20000,benchmark,QI-MRFO + swap,"200 tasks, 20 VMs, uniform/high",200,20,uniform,high,1,21,20000,60.894487728559476,64.78189781914199,60.831838850240715,60.831838850240764,0.10298698757568987,0.10298698757560804,5.031234264373779,19950,79.17567850996844,67.4299786167978,66.03381230260136,65.54064647163155,65.3844943793905,64.68323160585324,64.36575064855087,63.683305820287245,62.25682211928861,61.62890286804132,61.20579173207734,61.15688430231775,61.087446411016664,61.01873941441509,60.95957662276607,60.93828785940013,60.91658344192751,60.90299742338882,60.90299742338882,60.894487728559476
benchmark|QI-MRFO + swap|200-20-uniform-high|inst1|run20|b20000,benchmark,QI-MRFO + swap,"200 tasks, 20 VMs, uniform/high",200,20,uniform,high,1,20,20000,60.99510322266627,64.814579590484,60.831838850240715,60.831838850240764,0.2683863836953741,0.2683863836952921,5.177760601043701,19950,74.08081252436976,63.74920701613125,61.674474856730306,61.37953147254228,61.29294421853727,61.2271458349367,61.13494778684969,61.10714306398224,61.09545344292793,61.092614461876344,61.07281250692686,61.059992797062634,61.055594859433825,61.050532173708625,61.025172281517456,61.0230230482814,61.01293077777504,60.99762698203431,60.99510322266627,60.99510322266627
benchmark|QI-MRFO + swap|200-20-uniform-high|inst1|run22|b20000,benchmark,QI-MRFO + swap,"200 tasks, 20 VMs, uniform/high",200,20,uniform,high,1,22,20000,60.94390237109177,64.80517350506744,60.831838850240715,60.831838850240764,0.18421853254664297,0.18421853254656104,4.962713003158569,19950,81.19517538497632,64.35229876301857,61.99933877394084,61.37849551397493,61.28155103140384,61.131715143662085,61.09120252733301,61.04584306197975,60.98342527616713,60.96858186230427,60.962594623762676,60.958915274804674,60.958915274804674,60.958915274804674,60.95378240547918,60.95378240547918,60.95177722549525,60.94483454542825,60.94390237109177,60.94390237109177
benchmark|QI-MRFO + swap|200-20-uniform-high|inst1|run23|b20000,benchmark,QI-MRFO + swap,"200 tasks, 20 VMs, uniform/high",200,20,uniform,high,1,23,20000,60.95848874066908,64.80649782014692,60.831838850240715,60.831838850240764,0.20819671544067878,0.20819671544059684,4.952494382858276,19950,68.62825474745185,65.13631497379573,61.98909475918419,61.40713667297937,61.214753241874604,61.191011740273204,61.12310108532141,61.11506439857021,61.09468412489582,61.05029326872803,61.04876452553154,61.0155793788616,61.01401925880333,61.00959921111127,60.98416588557252,60.97666096414674,60.96888884204744,60.96172990472356,60.95848874066908,60.95848874066908
benchmark|QI-MRFO + swap|200-20-uniform-high|inst1|run24|b20000,benchmark,QI-MRFO + swap,"200 tasks, 20 VMs, uniform/high",200,20,uniform,high,1,24,20000,60.948706361381056,64.80303206768443,60.831838850240715,60.831838850240764,0.19211569689361643,0.19211569689353453,4.801332950592041,19950,69.90664441941968,62.00140082693211,61.48659514091265,61.333800384908436,61.191371398076654,61.17860370934863,61.15635717947032,61.07840530755672,61.049899809990116,61.02252588352003,61.008524304378255,61.00697792582152,60.980495510694816,60.97650836780575,60.97083167292319,60.97083167292319,60.96961748749532,60.952614552601915,60.952614552601915,60.948706361381056
benchmark|QI-MRFO + swap|200-20-uniform-high|inst1|run25|b20000,benchmark,QI-MRFO + swap,"200 tasks, 20 VMs, uniform/high",200,20,uniform,high,1,25,20000,60.922272308428404,64.80336335587211,60.831838850240715,60.831838850240764,0.14866139162803182,0.14866139162794992,4.856395483016968,19950,86.63441922481131,71.19537809241702,65.59185832642312,63.05710581294267,62.0770612851325,61.634069473683454,61.521081476085804,61.19201308722963,61.15166057282467,61.115895761109996,61.0280159379717,60.99942830932668,60.967603049278836,60.95576445700108,60.95576445700108,60.9542313531796,60.924779087916896,60.92379541004609,60.922272308428404,60.922272308428404
benchmark|QI-MRFO + swap|200-20-uniform-high|inst1|run26|b20000,benchmark,QI-MRFO + swap,"200 tasks, 20 VMs, uniform/high",200,20,uniform,high,1,26,20000,60.93860447622011,64.80322824499515,60.831838850240715,60.831838850240764,0.17550945030978563,0.17550945030970372,4.801680088043213,19950,72.6829079167487,64.0332799381257,63.203317225502694,62.53956082024475,61.91152082628723,61.483342833430605,61.410814016428155,61.2967035360754,61.10246536482213,61.0726393983401,61.020158199160505,60.9915188104763,60.9915188104763,60.96577211622529,60.96577211622529,60.94772960232357,60.94772960232357,60.94480289646597,60.94480289646597,60.93860447622011
benchmark|QI-MRFO + swap|200-20-uniform-high|inst1|run27|b20000,benchmark,QI-MRFO + swap,"200 tasks, 20 VMs, uniform/high",200,20,uniform,high,1,27,20000,61.02140467263646,64.80718831717154,60.831838850240715,60.831838850240764,0.31162270610038034,0.3116227061002983,4.880458116531372,19950,76.19809383880705,67.03470169823935,63.42990880712163,62.836177269129465,62.59526953196005,62.395096569871576,61.99236271883348,61.798330218149744,61.49435176899638,61.34838664094767,61.267215598686825,61.20019520930015,61.088410436964516,61.05067186989311,61.05067186989311,61.045304585655884,61.03751731425756,61.03751731425756,61.03385382724761,61.02140467263646
benchmark|QI-MRFO + swap|200-20-uniform-high|inst1|run28|b20000,benchmark,QI-MRFO + swap,"200 tasks, 20 VMs, uniform/high",200,20,uniform,high,1,28,20000,60.93737066352311,64.81116762855999,60.831838850240715,60.831838850240764,0.17348121522711363,0.17348121522703172,4.823414087295532,19950,78.24902195083308,66.50646621408295,63.76407471089431,62.174766413324434,61.54571149060739,61.36179295047625,61.274116842091566,61.2171108264552,61.14276957741659,61.05550237748923,61.03362838308521,61.029344377191315,61.02629696934496,61.017030971432334,61.011933781414896,60.98786890232601,60.97146383745567,60.948811740242746,60.93737066352311,60.93737066352311
benchmark|QI-MRFO + swap + Max-Min start|200-20-uniform-high|inst1|run0|b20000,benchmark,QI-MRFO + swap + Max-Min start,"200 tasks, 20 VMs, uniform/high",200,20,uniform,high,1,0,20000,60.91124313531093,64.78937291028177,60.831838850240715,60.831838850240764,0.13053079862619366,0.1305307986261118,4.737078666687012,19951,61.07646066476085,61.064329095863435,61.05843606860438,61.016505050632986,61.016505050632986,61.00973047546059,61.002226732936776,60.97499237677734,60.96207041345355,60.95475348019844,60.94477225058691,60.93390726226928,60.93390726226928,60.92911532029928,60.92599521868462,60.92599521868462,60.91880814449187,60.914990340679886,60.914990340679886,60.91124313531093
benchmark|QI-MRFO + swap|200-20-uniform-high|inst1|run29|b20000,benchmark,QI-MRFO + swap,"200 tasks, 20 VMs, uniform/high",200,20,uniform,high,1,29,20000,60.92929497601999,64.80619023588433,60.831838850240715,60.831838850240764,0.16020578634684604,0.16020578634676413,4.84584641456604,19950,82.59936123442223,67.61552450327183,64.91321244259818,62.896296986278216,62.18855242426072,61.92722271441335,61.62015485939651,61.28777624615456,61.180740478367355,61.13143730260859,61.108074985606336,61.061745746636,61.0527844069385,61.01189937393765,61.00559667311286,60.949114544204974,60.948644981422795,60.93738587025176,60.93738587025176,60.92929497601999
benchmark|QI-MRFO + swap + Max-Min start|200-20-uniform-high|inst1|run1|b20000,benchmark,QI-MRFO + swap + Max-Min start,"200 tasks, 20 VMs, uniform/high",200,20,uniform,high,1,1,20000,60.915995859418004,64.78779893733274,60.831838850240715,60.831838850240764,0.13834368772654057,0.13834368772645872,4.787802696228027,19951,61.08714674525616,61.0390222063718,61.01589395568436,61.01589395568436,61.010206065169285,61.00365862299088,60.999598819799246,60.998820095510666,60.9952173351918,60.986976265126344,60.956634483638275,60.956634483638275,60.948107632583174,60.93741387127184,60.93165336564933,60.93034091291755,60.93034091291755,60.92047474504301,60.915995859418004,60.915995859418004
benchmark|QI-MRFO + swap + Max-Min start|200-20-uniform-high|inst1|run2|b20000,benchmark,QI-MRFO + swap + Max-Min start,"200 tasks, 20 VMs, uniform/high",200,20,uniform,high,1,2,20000,60.91628804217849,64.79373892148747,60.831838850240715,60.831838850240764,0.1388239999544985,0.13882399995441663,4.833167552947998,19951,61.14973058401666,61.048666663407815,61.008146101634715,60.99354528943755,60.99354528943755,60.98819372505067,60.98754738362892,60.98754738362892,60.981776264763454,60.96165132320467,60.96165132320467,60.96146105468362,60.96146105468362,60.95596882164822,60.94707393719589,60.94317255669492,60.942104376936776,60.918449270259515,60.91716661316686,60.91628804217849
benchmark|QI-MRFO + swap + Max-Min start|200-20-uniform-high|inst1|run3|b20000,benchmark,QI-MRFO + swap + Max-Min start,"200 tasks, 20 VMs, uniform/high",200,20,uniform,high,1,3,20000,60.882720935388974,64.77416643998983,60.831838850240715,60.831838850240764,0.08364383867060811,0.08364383867052627,4.901707410812378,19951,61.12147250903891,61.068797800761985,61.044570438137555,61.00536900075841,60.98103481379546,60.94385617209809,60.93022971447157,60.920658778891195,60.917357444649085,60.917357444649085,60.89905402758499,60.89312846772514,60.89057133937143,60.886444255958516,60.886444255958516,60.88597582498891,60.882720935388974,60.882720935388974,60.882720935388974,60.882720935388974
benchmark|QI-MRFO + swap + Max-Min start|200-20-uniform-high|inst1|run4|b20000,benchmark,QI-MRFO + swap + Max-Min start,"200 tasks, 20 VMs, uniform/high",200,20,uniform,high,1,4,20000,60.887026745008015,64.7790246784578,60.831838850240715,60.831838850240764,0.09072205576945495,0.09072205576937312,4.900676012039185,19951,61.13895165620688,61.06159302008287,61.016505050632986,60.971397860552216,60.96025925068009,60.95693942182926,60.955541969428694,60.955541969428694,60.94260649383652,60.941295620565576,60.9324397450609,60.9324397450609,60.92163995704617,60.91456157582677,60.912426810369574,60.908126726083935,60.9001168108476,60.887666889769385,60.887666889769385,60.887026745008015
benchmark|QI-MRFO + swap + Max-Min start|200-20-uniform-high|inst1|run5|b20000,benchmark,QI-MRFO + swap + Max-Min start,"200 tasks, 20 VMs, uniform/high",200,20,uniform,high,1,5,20000,60.87853441123637,64.77322818219446,60.831838850240715,60.831838850240764,0.07676171208734346,0.07676171208726164,4.834307432174683,19951,61.10744101488105,61.00756311790238,60.98800886208083,60.939896519852624,60.92098951018272,60.89193532538719,60.89054762596511,60.89054762596511,60.88550047564435,60.88550047564435,60.88525878549791,60.88525878549791,60.884503153104184,60.87853441123637,60.87853441123637,60.87853441123637,60.87853441123637,60.87853441123637,60.87853441123637,60.87853441123637
benchmark|QI-MRFO + swap + Max-Min start|200-20-uniform-high|inst1|run6|b20000,benchmark,QI-MRFO + swap + Max-Min start,"200 tasks, 20 VMs, uniform/high",200,20,uniform,high,1,6,20000,60.89136793321038,64.77778454577765,60.831838850240715,60.831838850240764,0.09785843087239242,0.09785843087231058,4.775455713272095,19951,61.14583522335691,61.02113210239685,61.016505050632986,60.99987147819265,60.99293872378903,60.98165388522783,60.978028505261705,60.97479123673399,60.97021802782453,60.96128508165871,60.949149450467615,60.949149450467615,60.93625451080969,60.932536955671765,60.932536955671765,60.92665185652799,60.92365241215725,60.89136793321038,60.89136793321038,60.89136793321038
benchmark|QI-MRFO + swap + Max-Min start|200-20-uniform-high|inst1|run7|b20000,benchmark,QI-MRFO + swap + Max-Min start,"200 tasks, 20 VMs, uniform/high",200,20,uniform,high,1,7,20000,60.89196116395253,64.77560763648849,60.831838850240715,60.831838850240764,0.09883362865263363,0.09883362865255178,4.912097215652466,19951,61.161962610680376,61.016505050632986,61.00816294045655,60.97123140077812,60.97123140077812,60.956755770767714,60.948710359657596,60.946331243306346,60.939000949494535,60.93445634801701,60.9273416457545,60.9273416457545,60.9273416457545,60.92440987001008,60.91801469118842,60.90508456158627,60.90508456158627,60.90213745878478,60.900854745392365,60.89196116395253
benchmark|QI-MRFO + swap + Max-Min start|200-20-uniform-high|inst1|run8|b20000,benchmark,QI-MRFO + swap + Max-Min start,"200 tasks, 20 VMs, uniform/high",200,20,uniform,high,1,8,20000,60.90273342454407,64.78567692836211,60.831838850240715,60.831838850240764,0.11654188931865885,0.11654188931857698,4.9691479206085205,19951,61.18518288358931,61.0634961417352,61.02221422774167,61.0096695533012,60.98860797247375,60.98860797247375,60.98860797247375,60.98227757340842,60.964112663952946,60.95018059505382,60.949260312241364,60.94519761215455,60.93745689520227,60.927299763824195,60.9235956321805,60.91560210424106,60.91560210424106,60.90976973052381,60.90976973052381,60.90273342454407
benchmark|QI-MRFO + swap + Max-Min start|200-20-uniform-high|inst1|run9|b20000,benchmark,QI-MRFO + swap + Max-Min start,"200 tasks, 20 VMs, uniform/high",200,20,uniform,high,1,9,20000,60.8932321309714,64.77575381914801,60.831838850240715,60.831838850240764,0.10092294083337726,0.10092294083329542,4.77928614616394,19951,61.12401776925761,61.08594215704144,61.04845414532716,61.026711499841454,61.02552480317629,61.01386063105428,60.993008774585746,60.982297198271226,60.95028774076097,60.93662922355038,60.921173844897865,60.921173844897865,60.91779054057905,60.915813110952016,60.915304632350484,60.915304632350484,60.90427764917107,60.8932321309714,60.8932321309714,60.8932321309714
benchmark|QI-MRFO + swap + Max-Min start|200-20-uniform-high|inst1|run10|b20000,benchmark,QI-MRFO + swap + Max-Min start,"200 tasks, 20 VMs, uniform/high",200,20,uniform,high,1,10,20000,60.923641650270824,64.79162420168213,60.831838850240715,60.831838850240764,0.15091241982034206,0.15091241982026019,4.97933030128479,19951,61.15360077226137,61.09863729160834,61.07610237529168,61.042288595058984,61.03260198236477,61.029797984747546,61.02119635500492,61.01406082869991,61.01267493287954,61.00885194301182,60.99925433348874,60.9799799282958,60.97318928156015,60.9728798696897,60.9728798696897,60.95018059505382,60.94137624366239,60.926415382607416,60.926415382607416,60.923641650270824
benchmark|QI-MRFO + swap + Max-Min start|200-20-uniform-high|inst1|run11|b20000,benchmark,QI-MRFO + swap + Max-Min start,"200 tasks, 20 VMs, uniform/high",200,20,uniform,high,1,11,20000,60.883268772656905,64.77915414650778,60.831838850240715,60.831838850240764,0.08454441520796926,0.08454441520788743,5.124978065490723,19951,61.15360077226137,61.016505050632986,61.00536900075841,61.00053361759045,60.974066629680955,60.96360637473694,60.953192976140244,60.94111608700127,60.94111608700127,60.917191134872944,60.912475204404444,60.90643843984952,60.90643843984952,60.90345059949212,60.899955175696164,60.88716385489075,60.88716385489075,60.88564204496254,60.88564204496254,60.883268772656905
benchmark|QI-MRFO + swap + Max-Min start|200-20-uniform-high|inst1|run12|b20000,benchmark,QI-MRFO + swap + Max-Min start,"200 tasks, 20 VMs, uniform/high",200,20,uniform,high,1,12,20000,60.896520687541475,64.7823048675179,60.831838850240715,60.831838850240764,0.10632892005779723,0.10632892005771538,5.0370378494262695,19951,61.114914470914144,61.02281281894822,61.01589395568436,61.00801959836175,61.00372481705818,60.9899800282176,60.9774578018663,60.945854824792995,60.93741387127184,60.926417885646345,60.92522777742271,60.91942215851989,60.91680802982406,60.91083091547235,60.90409634720663,60.90364829299939,60.89796593402584,60.89796593402584,60.89796593402584,60.896520687541475
benchmark|QI-MRFO + swap + Max-Min start|200-20-uniform-high|inst1|run13|b20000,benchmark,QI-MRFO + swap + Max-Min start,"200 tasks, 20 VMs, uniform/high",200,20,uniform,high,1,13,20000,60.89945139975449,64.78461521231834,60.831838850240715,60.831838850240764,0.1111466475314478,0.11114664753136595,4.921316385269165,19951,61.16658426087384,61.12231157980475,61.1126040790689,61.079576871456865,61.04245366309956,61.02014334334902,61.0159525268243,60.99197530909564,60.98638870069164,60.96958288763709,60.93478802613531,60.91500684920772,60.909830753296326,60.90492185845996,60.90492185845996,60.90492185845996,60.90123993646463,60.9010740747019,60.90018949132041,60.89945139975449
benchmark|QI-MRFO + swap + Max-Min start|200-20-uniform-high|inst1|run14|b20000,benchmark,QI-MRFO + swap + Max-Min start,"200 tasks, 20 VMs, uniform/high",200,20,uniform,high,1,14,20000,60.90508646506696,64.77945052802289,60.831838850240715,60.831838850240764,0.12040999616429265,0.12040999616421079,4.975789308547974,19951,61.12604205050671,61.07064381602686,61.024206535521564,61.00869839215968,60.98565922650916,60.96952784559285,60.96952784559285,60.96553923766588,60.964395405671645,60.92947142073307,60.92585740493812,60.922878805790106,60.921677928151915,60.906982790992814,60.906982790992814,60.906982790992814,60.90608504467044,60.90508646506696,60.90508646506696,60.90508646506696
benchmark|QI-MRFO + swap + Max-Min start|200-20-uniform-high|inst1|run15|b20000,benchmark,QI-MRFO + swap + Max-Min start,"200 tasks, 20 VMs, uniform/high",200,20,uniform,high,1,15,20000,60.90287700207853,64.78517361591108,60.831838850240715,60.831838850240764,0.11677791298189134,0.11677791298180949,4.982079267501831,19951,61.19799341782914,61.12509508085634,61.056159624003534,61.016505050632986,60.96371481898831,60.95918973676629,60.94256807710817,60.94256807710817,60.94256807710817,60.94256807710817,60.940153546903375,60.93089076641297,60.9178823453479,60.91331570387854,60.91331570387854,60.91331570387854,60.906124445304854,60.906124445304854,60.90287700207853,60.90287700207853
benchmark|QI-MRFO + swap + Max-Min start|200-20-uniform-high|inst1|run17|b20000,benchmark,QI-MRFO + swap + Max-Min start,"200 tasks, 20 VMs, uniform/high",200,20,uniform,high,1,17,20000,60.884645590886876,64.7756694440562,60.831838850240715,60.831838850240764,0.0868077336543521,0.08680773365427026,4.9908835887908936,19951,61.130326819779384,61.02793428838817,61.01589395568436,61.00536900075841,60.9960000295254,60.98197730631397,60.96642549853453,60.93789183395837,60.93400777312992,60.93374089673998,60.91401744975917,60.9125006859615,60.911854344539734,60.90273714531993,60.899819369920415,60.89629341653045,60.88472633481565,60.884645590886876,60.884645590886876,60.884645590886876
benchmark|QI-MRFO + swap + Max-Min start|200-20-uniform-high|inst1|run16|b20000,benchmark,QI-MRFO + swap + Max-Min start,"200 tasks, 20 VMs, uniform/high",200,20,uniform,high,1,16,20000,60.88272762036377,64.77182330390792,60.831838850240715,60.831838850240764,0.08365482794023853,0.08365482794015669,5.0579445362091064,19951,61.20573927504253,61.016505050632986,61.016505050632986,60.983929610835375,60.9652307155019,60.95356845093313,60.95356845093313,60.94362943643476,60.930345467981944,60.930345467981944,60.91502769395298,60.91502769395298,60.908939523869826,60.89895077127642,60.88914315802045,60.88914315802045,60.88873756232712,60.88272762036377,60.88272762036377,60.88272762036377
benchmark|QI-MRFO + swap + Max-Min start|200-20-uniform-high|inst1|run18|b20000,benchmark,QI-MRFO + swap + Max-Min start,"200 tasks, 20 VMs, uniform/high",200,20,uniform,high,1,18,20000,60.88079294140849,64.78044531876314,60.831838850240715,60.831838850240764,0.08047445563546111,0.08047445563537929,4.815719366073608,19951,61.08247240687962,61.05416042344885,61.016505050632986,61.01589395568436,60.98264947827412,60.95423109615775,60.93717795901971,60.93619086271546,60.92941241011526,60.91259430832715,60.90466372268028,60.90466372268028,60.89489694370123,60.89489694370123,60.88705622356652,60.88305758978922,60.88305758978922,60.88305758978922,60.880913468774295,60.88079294140849
benchmark|QI-MRFO + swap + Max-Min start|200-20-uniform-high|inst1|run19|b20000,benchmark,QI-MRFO + swap + Max-Min start,"200 tasks, 20 VMs, uniform/high",200,20,uniform,high,1,19,20000,60.8832688556191,64.7807761582554,60.831838850240715,60.831838850240764,0.08454455158753119,0.08454455158744936,4.794203519821167,19951,61.14583522335691,61.0341222689555,61.01231752327311,60.98387078471775,60.981200583178236,60.966910413717386,60.96668003239317,60.96511595279737,60.960803727049914,60.93933224556351,60.93620596671545,60.93620596671545,60.91214861568233,60.91024607334188,60.90432240022402,60.897700979920714,60.897700979920714,60.88651004522305,60.8832688556191,60.8832688556191
benchmark|QI-MRFO + swap + Max-Min start|200-20-uniform-high|inst1|run20|b20000,benchmark,QI-MRFO + swap + Max-Min start,"200 tasks, 20 VMs, uniform/high",200,20,uniform,high,1,20,20000,60.89662933402931,64.77447419021901,60.831838850240715,60.831838850240764,0.10650752141177873,0.10650752141169688,4.827317237854004,19951,61.09634003672416,61.01589395568436,61.00178670656726,60.9900722570996,60.98999302143131,60.9890861253301,60.96888723380471,60.96789501285072,60.94345907038798,60.94264042860887,60.924655836441715,60.924655836441715,60.91965400137835,60.91833335710591,60.91833335710591,60.91833335710591,60.91833335710591,60.9122522730587,60.9122522730587,60.89662933402931
benchmark|QI-MRFO + swap + Max-Min start|200-20-uniform-high|inst1|run21|b20000,benchmark,QI-MRFO + swap + Max-Min start,"200 tasks, 20 VMs, uniform/high",200,20,uniform,high,1,21,20000,60.892858485602375,64.78128400590806,60.831838850240715,60.831838850240764,0.10030871417824755,0.1003087141781657,4.796451091766357,19951,61.09536813252551,61.044569081626406,61.01589395568436,61.013802372939736,61.00536900075841,60.99111284733705,60.97797502728797,60.94551590599238,60.943003663297226,60.93783699907733,60.933188582627466,60.93276821334029,60.93007652525961,60.92806653275698,60.9255738675421,60.92152199849965,60.91419083990817,60.9133775376342,60.89437693863026,60.892858485602375
benchmark|QI-MRFO + swap + Max-Min start|200-20-uniform-high|inst1|run22|b20000,benchmark,QI-MRFO + swap + Max-Min start,"200 tasks, 20 VMs, uniform/high",200,20,uniform,high,1,22,20000,60.88152509755632,64.77236263566088,60.831838850240715,60.831838850240764,0.08167802955607853,0.08167802955599669,4.6522133350372314,19951,61.12360107859705,61.087288442139325,61.05789730236796,61.013804614447324,61.00530877090005,60.99252685323546,60.98675573436999,60.95983702969016,60.95527082516266,60.932711554832686,60.931937355847595,60.93057186617988,60.91796836254499,60.911100375749015,60.910318057753244,60.89779331003611,60.886244811515375,60.886244811515375,60.88152509755632,60.88152509755632
benchmark|QI-MRFO + swap + Max-Min start|200-20-uniform-high|inst1|run24|b20000,benchmark,QI-MRFO + swap + Max-Min start,"200 tasks, 20 VMs, uniform/high",200,20,uniform,high,1,24,20000,60.90891328280181,64.78300937474175,60.831838850240715,60.831838850240764,0.12670080999991457,0.1267008099998327,4.825084447860718,19951,61.10863834913647,61.040709249631426,61.017949302230086,61.00634355348492,60.99003444892921,60.97479161399519,60.94749645240102,60.926417885646345,60.926417885646345,60.925472889606354,60.924483853256824,60.923608582119584,60.923608582119584,60.91669775743461,60.91028866229823,60.91028866229823,60.91028866229823,60.910045381772775,60.90891328280181,60.90891328280181
benchmark|QI-MRFO + swap + Max-Min start|200-20-uniform-high|inst1|run23|b20000,benchmark,QI-MRFO + swap + Max-Min start,"200 tasks, 20 VMs, uniform/high",200,20,uniform,high,1,23,20000,60.874318601515625,64.77122794039116,60.831838850240715,60.831838850240764,0.06983144366141875,0.06983144366133692,4.945108652114868,19951,61.091110150240624,60.96466093310079,60.949200158681386,60.93741387127184,60.92903482976564,60.91091187117753,60.89330612017328,60.89330612017328,60.89272791985744,60.89219019946856,60.884783099439524,60.884783099439524,60.884783099439524,60.8800295581653,60.87969546356249,60.87969546356249,60.87969546356249,60.87969546356249,60.87467013410726,60.874318601515625
benchmark|QI-MRFO + swap + Max-Min start|200-20-uniform-high|inst1|run25|b20000,benchmark,QI-MRFO + swap + Max-Min start,"200 tasks, 20 VMs, uniform/high",200,20,uniform,high,1,25,20000,60.897023825039504,64.77715770946274,60.831838850240715,60.831838850240764,0.1071560157161543,0.10715601571607244,4.866919279098511,19951,61.12365710752446,61.04521392775419,61.0316355786877,61.016505050632986,61.002509744416756,61.002509744416756,60.98502792189735,60.956972171353605,60.956972171353605,60.94414908650783,60.93304152549157,60.92806653275698,60.9200338724634,60.91167198820161,60.91160169835388,60.90233299613394,60.90233299613394,60.897023825039504,60.897023825039504,60.897023825039504
benchmark|QI-MRFO + swap + Max-Min start|200-20-uniform-high|inst1|run26|b20000,benchmark,QI-MRFO + swap + Max-Min start,"200 tasks, 20 VMs, uniform/high",200,20,uniform,high,1,26,20000,60.94451051130394,64.79929596889242,60.831838850240715,60.831838850240764,0.18521823964684983,0.18521823964676792,4.803171873092651,19951,61.26705896575248,61.11890134848951,61.078218027709255,61.03228931590278,61.02957056051058,61.026785066557075,61.01127422088662,60.99186983626443,60.97934497983982,60.97934497983982,60.97934497983982,60.977130128716624,60.96887634675465,60.96811418273395,60.96765785300171,60.96765785300171,60.95914709836828,60.95707501252623,60.95029090154448,60.94451051130394
benchmark|MRFO (original)|100-10-lognormal-low|inst1|run0|b20000,benchmark,MRFO (original),"100 tasks, 10 VMs, lognormal/low",100,10,lognormal,low,1,0,20000,45.69957883275636,23.880431624909384,38.67736134687499,38.677361346874996,18.15588561717834,18.155885617178317,0.5731973648071289,19950,51.183140191170324,47.5830879567962,45.69957883275636,45.69957883275636,45.69957883275636,45.69957883275636,45.69957883275636,45.69957883275636,45.69957883275636,45.69957883275636,45.69957883275636,45.69957883275636,45.69957883275636,45.69957883275636,45.69957883275636,45.69957883275636,45.69957883275636,45.69957883275636,45.69957883275636,45.69957883275636
benchmark|QI-MRFO + swap + Max-Min start|200-20-uniform-high|inst1|run27|b20000,benchmark,QI-MRFO + swap + Max-Min start,"200 tasks, 20 VMs, uniform/high",200,20,uniform,high,1,27,20000,60.883387415735314,64.77493358715466,60.831838850240715,60.831838850240764,0.08473944971728418,0.08473944971720235,4.774715423583984,19951,61.146149687747226,61.01589395568436,60.99635104362122,60.9609654665557,60.93640378660794,60.91922395556183,60.91310755484967,60.91310755484967,60.9080813310377,60.90363261790875,60.90363261790875,60.90224508150585,60.89854829935574,60.89691426456541,60.89691426456541,60.892858485602375,60.88411919666419,60.88406029169964,60.883387415735314,60.883387415735314
benchmark|QI-MRFO + swap + Max-Min start|200-20-uniform-high|inst1|run28|b20000,benchmark,QI-MRFO + swap + Max-Min start,"200 tasks, 20 VMs, uniform/high",200,20,uniform,high,1,28,20000,60.91792738834608,64.79449527708049,60.831838850240715,60.831838850240764,0.14151888177719327,0.1415188817771114,4.856622695922852,19951,61.15360077226137,61.03463982104427,61.017255457157916,61.00143467758164,60.99032479846936,60.98173987077983,60.974053588904304,60.96865603967631,60.96865603967631,60.96186938835722,60.94340052612055,60.94188443376453,60.94188443376453,60.936794965332204,60.936794965332204,60.934604341234206,60.931333737125485,60.930398063288266,60.92292694159216,60.91792738834608
benchmark|QI-MRFO + swap + Max-Min start|200-20-uniform-high|inst1|run29|b20000,benchmark,QI-MRFO + swap + Max-Min start,"200 tasks, 20 VMs, uniform/high",200,20,uniform,high,1,29,20000,60.90727045449667,64.77526302836667,60.831838850240715,60.831838850240764,0.12400020397485528,0.12400020397477342,4.927869558334351,19951,61.13595276240039,61.066488315109346,61.02542834487502,61.016505050632986,61.004830352218114,60.993370899037174,60.972374202449615,60.95847739627799,60.94156949750469,60.94156949750469,60.94156949750469,60.93766865963172,60.93350975147238,60.92295786994645,60.92088578410441,60.92088578410441,60.91775113154448,60.91460900908871,60.912781698022656,60.90727045449667
benchmark|MRFO (original)|100-10-lognormal-low|inst1|run1|b20000,benchmark,MRFO (original),"100 tasks, 10 VMs, lognormal/low",100,10,lognormal,low,1,1,20000,42.218439817019025,22.74461781338724,38.67736134687499,38.677361346874996,9.155429292050567,9.155429292050547,0.5814902782440186,19950,47.031433558047645,46.55396858273478,46.55396858273478,46.4694366552192,44.818836264161206,44.818836264161206,44.818836264161206,44.818836264161206,44.818836264161206,44.818836264161206,42.218439817019025,42.218439817019025,42.218439817019025,42.218439817019025,42.218439817019025,42.218439817019025,42.218439817019025,42.218439817019025,42.218439817019025,42.218439817019025
benchmark|MRFO (original)|100-10-lognormal-low|inst1|run2|b20000,benchmark,MRFO (original),"100 tasks, 10 VMs, lognormal/low",100,10,lognormal,low,1,2,20000,44.94865501653216,23.664089756301042,38.67736134687499,38.677361346874996,16.214378259709978,16.214378259709957,0.5693764686584473,19950,49.01793136389527,45.490881998988655,45.490881998988655,44.94865501653216,44.94865501653216,44.94865501653216,44.94865501653216,44.94865501653216,44.94865501653216,44.94865501653216,44.94865501653216,44.94865501653216,44.94865501653216,44.94865501653216,44.94865501653216,44.94865501653216,44.94865501653216,44.94865501653216,44.94865501653216,44.94865501653216
benchmark|MRFO (original)|100-10-lognormal-low|inst1|run3|b20000,benchmark,MRFO (original),"100 tasks, 10 VMs, lognormal/low",100,10,lognormal,low,1,3,20000,43.03735198977306,23.01189942825143,38.67736134687499,38.677361346874996,11.27271998675355,11.272719986753529,0.6081373691558838,19950,49.12093746182307,46.30352204270801,45.105267043904135,44.692829244463844,43.21348503070347,43.21348503070347,43.21348503070347,43.21348503070347,43.03735198977306,43.03735198977306,43.03735198977306,43.03735198977306,43.03735198977306,43.03735198977306,43.03735198977306,43.03735198977306,43.03735198977306,43.03735198977306,43.03735198977306,43.03735198977306
benchmark|MRFO (original)|100-10-lognormal-low|inst1|run4|b20000,benchmark,MRFO (original),"100 tasks, 10 VMs, lognormal/low",100,10,lognormal,low,1,4,20000,45.995417003148816,23.99309272832379,38.67736134687499,38.677361346874996,18.92077277620466,18.92077277620464,0.5968825817108154,19950,46.89433307263901,46.89433307263901,46.89433307263901,45.995417003148816,45.995417003148816,45.995417003148816,45.995417003148816,45.995417003148816,45.995417003148816,45.995417003148816,45.995417003148816,45.995417003148816,45.995417003148816,45.995417003148816,45.995417003148816,45.995417003148816,45.995417003148816,45.995417003148816,45.995417003148816,45.995417003148816
benchmark|MRFO (original)|100-10-lognormal-low|inst1|run5|b20000,benchmark,MRFO (original),"100 tasks, 10 VMs, lognormal/low",100,10,lognormal,low,1,5,20000,43.986421278866075,23.3437657560921,38.67736134687499,38.677361346874996,13.726530836416643,13.72653083641662,0.5830683708190918,19950,50.54461710501491,47.267401523229815,44.97028940840727,44.97028940840727,44.97028940840727,44.97028940840727,44.41994764704448,43.986421278866075,43.986421278866075,43.986421278866075,43.986421278866075,43.986421278866075,43.986421278866075,43.986421278866075,43.986421278866075,43.986421278866075,43.986421278866075,43.986421278866075,43.986421278866075,43.986421278866075
benchmark|MRFO (original)|100-10-lognormal-low|inst1|run6|b20000,benchmark,MRFO (original),"100 tasks, 10 VMs, lognormal/low",100,10,lognormal,low,1,6,20000,43.63692692801002,23.22801313268564,38.67736134687499,38.677361346874996,12.822916063625804,12.822916063625785,0.6052186489105225,19950,44.348330688576674,43.63692692801002,43.63692692801002,43.63692692801002,43.63692692801002,43.63692692801002,43.63692692801002,43.63692692801002,43.63692692801002,43.63692692801002,43.63692692801002,43.63692692801002,43.63692692801002,43.63692692801002,43.63692692801002,43.63692692801002,43.63692692801002,43.63692692801002,43.63692692801002,43.63692692801002
benchmark|MRFO (original)|100-10-lognormal-low|inst1|run7|b20000,benchmark,MRFO (original),"100 tasks, 10 VMs, lognormal/low",100,10,lognormal,low,1,7,20000,43.426414987699246,23.138852615206794,38.67736134687499,38.677361346874996,12.278639171459318,12.278639171459298,0.6541745662689209,19950,50.84773916239584,49.86533418057969,43.426414987699246,43.426414987699246,43.426414987699246,43.426414987699246,43.426414987699246,43.426414987699246,43.426414987699246,43.426414987699246,43.426414987699246,43.426414987699246,43.426414987699246,43.426414987699246,43.426414987699246,43.426414987699246,43.426414987699246,43.426414987699246,43.426414987699246,43.426414987699246
benchmark|MRFO (original)|100-10-lognormal-low|inst1|run8|b20000,benchmark,MRFO (original),"100 tasks, 10 VMs, lognormal/low",100,10,lognormal,low,1,8,20000,42.31332620529384,22.779024557634152,38.67736134687499,38.677361346874996,9.400757269375168,9.400757269375148,0.5973680019378662,19950,43.809636060546005,43.45356039324615,42.31332620529384,42.31332620529384,42.31332620529384,42.31332620529384,42.31332620529384,42.31332620529384,42.31332620529384,42.31332620529384,42.31332620529384,42.31332620529384,42.31332620529384,42.31332620529384,42.31332620529384,42.31332620529384,42.31332620529384,42.31332620529384,42.31332620529384,42.31332620529384
benchmark|MRFO (original)|100-10-lognormal-low|inst1|run9|b20000,benchmark,MRFO (original),"100 tasks, 10 VMs, lognormal/low",100,10,lognormal,low,1,9,20000,44.243172313149515,23.427154121129043,38.67736134687499,38.677361346874996,14.39035852616204,14.390358526162018,0.5769197940826416,19950,45.666491568989755,45.666491568989755,45.666491568989755,44.243172313149515,44.243172313149515,44.243172313149515,44.243172313149515,44.243172313149515,44.243172313149515,44.243172313149515,44.243172313149515,44.243172313149515,44.243172313149515,44.243172313149515,44.243172313149515,44.243172313149515,44.243172313149515,44.243172313149515,44.243172313149515,44.243172313149515
benchmark|MRFO (original)|100-10-lognormal-low|inst1|run10|b20000,benchmark,MRFO (original),"100 tasks, 10 VMs, lognormal/low",100,10,lognormal,low,1,10,20000,43.21241218065667,23.068646418163507,38.67736134687499,38.677361346874996,11.725336672037738,11.725336672037717,0.6048290729522705,19950,46.24051659235705,44.27443255427125,43.21241218065667,43.21241218065667,43.21241218065667,43.21241218065667,43.21241218065667,43.21241218065667,43.21241218065667,43.21241218065667,43.21241218065667,43.21241218065667,43.21241218065667,43.21241218065667,43.21241218065667,43.21241218065667,43.21241218065667,43.21241218065667,43.21241218065667,43.21241218065667
benchmark|MRFO (original)|100-10-lognormal-low|inst1|run11|b20000,benchmark,MRFO (original),"100 tasks, 10 VMs, lognormal/low",100,10,lognormal,low,1,11,20000,44.711907570245735,23.568064815187277,38.67736134687499,38.677361346874996,15.602269682387004,15.602269682386984,0.5746641159057617,19950,47.92231700715201,47.92231700715201,47.92231700715201,45.663286897368884,45.663286897368884,45.663286897368884,44.711907570245735,44.711907570245735,44.711907570245735,44.711907570245735,44.711907570245735,44.711907570245735,44.711907570245735,44.711907570245735,44.711907570245735,44.711907570245735,44.711907570245735,44.711907570245735,44.711907570245735,44.711907570245735
benchmark|MRFO (original)|100-10-lognormal-low|inst1|run12|b20000,benchmark,MRFO (original),"100 tasks, 10 VMs, lognormal/low",100,10,lognormal,low,1,12,20000,44.905565879191705,23.643850780006687,38.67736134687499,38.677361346874996,16.1029716491245,16.102971649124477,0.5884723663330078,19950,44.905565879191705,44.905565879191705,44.905565879191705,44.905565879191705,44.905565879191705,44.905565879191705,44.905565879191705,44.905565879191705,44.905565879191705,44.905565879191705,44.905565879191705,44.905565879191705,44.905565879191705,44.905565879191705,44.905565879191705,44.905565879191705,44.905565879191705,44.905565879191705,44.905565879191705,44.905565879191705
benchmark|MRFO (original)|100-10-lognormal-low|inst1|run13|b20000,benchmark,MRFO (original),"100 tasks, 10 VMs, lognormal/low",100,10,lognormal,low,1,13,20000,44.39516029926206,23.45596785478477,38.67736134687499,38.677361346874996,14.783322215565386,14.783322215565367,0.5829935073852539,19950,47.138738760888984,45.30052418273262,45.30052418273262,45.13291750802255,45.13291750802255,45.13291750802255,45.13291750802255,44.43265182101917,44.43265182101917,44.43265182101917,44.43265182101917,44.39516029926206,44.39516029926206,44.39516029926206,44.39516029926206,44.39516029926206,44.39516029926206,44.39516029926206,44.39516029926206,44.39516029926206
benchmark|MRFO (original)|100-10-lognormal-low|inst1|run14|b20000,benchmark,MRFO (original),"100 tasks, 10 VMs, lognormal/low",100,10,lognormal,low,1,14,20000,43.541280628287524,23.19052996782369,38.67736134687499,38.677361346874996,12.575623341496446,12.575623341496426,0.614337682723999,19950,50.03781512862211,45.10477756185724,45.10477756185724,44.09209165520415,43.541280628287524,43.541280628287524,43.541280628287524,43.541280628287524,43.541280628287524,43.541280628287524,43.541280628287524,43.541280628287524,43.541280628287524,43.541280628287524,43.541280628287524,43.541280628287524,43.541280628287524,43.541280628287524,43.541280628287524,43.541280628287524
benchmark|MRFO (original)|100-10-lognormal-low|inst1|run15|b20000,benchmark,MRFO (original),"100 tasks, 10 VMs, lognormal/low",100,10,lognormal,low,1,15,20000,42.48069332486328,22.820825143279652,38.67736134687499,38.677361346874996,9.833483581980678,9.833483581980657,0.6586778163909912,19950,43.96293502558159,43.96293502558159,43.96293502558159,43.96293502558159,43.96293502558159,43.96293502558159,43.96293502558159,43.96293502558159,43.96293502558159,43.96293502558159,43.96293502558159,43.96293502558159,43.96293502558159,43.96293502558159,43.96293502558159,43.96293502558159,43.96293502558159,43.6755264071435,42.48069332486328,42.48069332486328
benchmark|MRFO (original)|100-10-lognormal-low|inst1|run16|b20000,benchmark,MRFO (original),"100 tasks, 10 VMs, lognormal/low",100,10,lognormal,low,1,16,20000,39.7654848512957,21.923820946938207,38.67736134687499,38.677361346874996,2.8133343809624476,2.813334380962429,0.6439318656921387,19950,45.867612139381016,42.13422914649154,40.372249479085156,39.7654848512957,39.7654848512957,39.7654848512957,39.7654848512957,39.7654848512957,39.7654848512957,39.7654848512957,39.7654848512957,39.7654848512957,39.7654848512957,39.7654848512957,39.7654848512957,39.7654848512957,39.7654848512957,39.7654848512957,39.7654848512957,39.7654848512957
benchmark|MRFO (original)|100-10-lognormal-low|inst1|run17|b20000,benchmark,MRFO (original),"100 tasks, 10 VMs, lognormal/low",100,10,lognormal,low,1,17,20000,45.99106159856294,24.00427655179857,38.67736134687499,38.677361346874996,18.90951191343067,18.90951191343065,0.5969505310058594,19950,50.22740577782007,50.22740577782007,50.22740577782007,50.22740577782007,50.22740577782007,50.22740577782007,48.391693565110636,48.391693565110636,45.99106159856294,45.99106159856294,45.99106159856294,45.99106159856294,45.99106159856294,45.99106159856294,45.99106159856294,45.99106159856294,45.99106159856294,45.99106159856294,45.99106159856294,45.99106159856294
benchmark|MRFO (original)|100-10-lognormal-low|inst1|run18|b20000,benchmark,MRFO (original),"100 tasks, 10 VMs, lognormal/low",100,10,lognormal,low,1,18,20000,44.2052046264509,23.41013550278037,38.67736134687499,38.677361346874996,14.29219338413463,14.292193384134608,0.7032740116119385,19950,47.674473498595525,47.674473498595525,46.27716415579692,46.27716415579692,46.27716415579692,45.17898326299691,45.14153682228889,44.2052046264509,44.2052046264509,44.2052046264509,44.2052046264509,44.2052046264509,44.2052046264509,44.2052046264509,44.2052046264509,44.2052046264509,44.2052046264509,44.2052046264509,44.2052046264509,44.2052046264509
benchmark|MRFO (original)|100-10-lognormal-low|inst1|run20|b20000,benchmark,MRFO (original),"100 tasks, 10 VMs, lognormal/low",100,10,lognormal,low,1,20,20000,42.47099864781343,22.832327987596372,38.67736134687499,38.677361346874996,9.808418074117036,9.808418074117014,0.597447395324707,19950,45.76254922798647,42.94480569396296,42.94480569396296,42.60031689201403,42.47099864781343,42.47099864781343,42.47099864781343,42.47099864781343,42.47099864781343,42.47099864781343,42.47099864781343,42.47099864781343,42.47099864781343,42.47099864781343,42.47099864781343,42.47099864781343,42.47099864781343,42.47099864781343,42.47099864781343,42.47099864781343
benchmark|MRFO (original)|100-10-lognormal-low|inst1|run19|b20000,benchmark,MRFO (original),"100 tasks, 10 VMs, lognormal/low",100,10,lognormal,low,1,19,20000,44.26458336999342,23.42373878714792,38.67736134687499,38.677361346874996,14.445716637724718,14.445716637724695,0.6379003524780273,19950,45.47396283501115,45.47396283501115,44.26458336999342,44.26458336999342,44.26458336999342,44.26458336999342,44.26458336999342,44.26458336999342,44.26458336999342,44.26458336999342,44.26458336999342,44.26458336999342,44.26458336999342,44.26458336999342,44.26458336999342,44.26458336999342,44.26458336999342,44.26458336999342,44.26458336999342,44.26458336999342
benchmark|MRFO (original)|100-10-lognormal-low|inst1|run21|b20000,benchmark,MRFO (original),"100 tasks, 10 VMs, lognormal/low",100,10,lognormal,low,1,21,20000,46.47543900615378,24.166521811754127,38.67736134687499,38.677361346874996,20.161865721247942,20.16186572124792,0.6514003276824951,19950,46.727379799680826,46.727379799680826,46.47543900615378,46.47543900615378,46.47543900615378,46.47543900615378,46.47543900615378,46.47543900615378,46.47543900615378,46.47543900615378,46.47543900615378,46.47543900615378,46.47543900615378,46.47543900615378,46.47543900615378,46.47543900615378,46.47543900615378,46.47543900615378,46.47543900615378,46.47543900615378
benchmark|MRFO (original)|100-10-lognormal-low|inst1|run22|b20000,benchmark,MRFO (original),"100 tasks, 10 VMs, lognormal/low",100,10,lognormal,low,1,22,20000,43.43630763072144,23.151941587940726,38.67736134687499,38.677361346874996,12.304216518718015,12.304216518717993,0.6656143665313721,19950,49.60395211636427,48.09656677136102,44.735462357772164,44.735462357772164,44.735462357772164,43.43630763072144,43.43630763072144,43.43630763072144,43.43630763072144,43.43630763072144,43.43630763072144,43.43630763072144,43.43630763072144,43.43630763072144,43.43630763072144,43.43630763072144,43.43630763072144,43.43630763072144,43.43630763072144,43.43630763072144
benchmark|MRFO (original)|100-10-lognormal-low|inst1|run24|b20000,benchmark,MRFO (original),"100 tasks, 10 VMs, lognormal/low",100,10,lognormal,low,1,24,20000,46.34936105131919,24.139374145516776,38.67736134687499,38.677361346874996,19.83589220484421,19.83589220484419,0.6107099056243896,19950,47.515074675284275,47.515074675284275,47.515074675284275,47.515074675284275,46.34936105131919,46.34936105131919,46.34936105131919,46.34936105131919,46.34936105131919,46.34936105131919,46.34936105131919,46.34936105131919,46.34936105131919,46.34936105131919,46.34936105131919,46.34936105131919,46.34936105131919,46.34936105131919,46.34936105131919,46.34936105131919
benchmark|MRFO (original)|100-10-lognormal-low|inst1|run23|b20000,benchmark,MRFO (original),"100 tasks, 10 VMs, lognormal/low",100,10,lognormal,low,1,23,20000,44.482227855366496,23.477456105334326,38.67736134687499,38.677361346874996,15.008434666550805,15.008434666550784,0.7064182758331299,19950,47.24141319167071,44.482227855366496,44.482227855366496,44.482227855366496,44.482227855366496,44.482227855366496,44.482227855366496,44.482227855366496,44.482227855366496,44.482227855366496,44.482227855366496,44.482227855366496,44.482227855366496,44.482227855366496,44.482227855366496,44.482227855366496,44.482227855366496,44.482227855366496,44.482227855366496,44.482227855366496
benchmark|MRFO (original)|100-10-lognormal-low|inst1|run25|b20000,benchmark,MRFO (original),"100 tasks, 10 VMs, lognormal/low",100,10,lognormal,low,1,25,20000,45.104047270524276,23.699252011108253,38.67736134687499,38.677361346874996,16.616143655747457,16.616143655747436,0.6334919929504395,19950,46.5056918704,46.5056918704,45.12139019863194,45.12139019863194,45.12139019863194,45.104047270524276,45.104047270524276,45.104047270524276,45.104047270524276,45.104047270524276,45.104047270524276,45.104047270524276,45.104047270524276,45.104047270524276,45.104047270524276,45.104047270524276,45.104047270524276,45.104047270524276,45.104047270524276,45.104047270524276
benchmark|MRFO (original)|100-10-lognormal-low|inst1|run26|b20000,benchmark,MRFO (original),"100 tasks, 10 VMs, lognormal/low",100,10,lognormal,low,1,26,20000,41.80199038167322,22.6025603694256,38.67736134687499,38.677361346874996,8.078702698395666,8.078702698395649,0.6259064674377441,19950,44.94541563779775,41.80199038167322,41.80199038167322,41.80199038167322,41.80199038167322,41.80199038167322,41.80199038167322,41.80199038167322,41.80199038167322,41.80199038167322,41.80199038167322,41.80199038167322,41.80199038167322,41.80199038167322,41.80199038167322,41.80199038167322,41.80199038167322,41.80199038167322,41.80199038167322,41.80199038167322
benchmark|MRFO (original)|100-10-lognormal-low|inst1|run27|b20000,benchmark,MRFO (original),"100 tasks, 10 VMs, lognormal/low",100,10,lognormal,low,1,27,20000,45.27941595781625,23.785253411607183,38.67736134687499,38.677361346874996,17.069557955960935,17.069557955960914,0.6331944465637207,19950,46.989630893450375,45.77672315235864,45.27941595781625,45.27941595781625,45.27941595781625,45.27941595781625,45.27941595781625,45.27941595781625,45.27941595781625,45.27941595781625,45.27941595781625,45.27941595781625,45.27941595781625,45.27941595781625,45.27941595781625,45.27941595781625,45.27941595781625,45.27941595781625,45.27941595781625,45.27941595781625
benchmark|MRFO (original)|100-10-lognormal-low|inst1|run28|b20000,benchmark,MRFO (original),"100 tasks, 10 VMs, lognormal/low",100,10,lognormal,low,1,28,20000,42.7006226756733,22.907735370582543,38.67736134687499,38.677361346874996,10.402109111622165,10.402109111622144,0.5984032154083252,19950,42.7006226756733,42.7006226756733,42.7006226756733,42.7006226756733,42.7006226756733,42.7006226756733,42.7006226756733,42.7006226756733,42.7006226756733,42.7006226756733,42.7006226756733,42.7006226756733,42.7006226756733,42.7006226756733,42.7006226756733,42.7006226756733,42.7006226756733,42.7006226756733,42.7006226756733,42.7006226756733
benchmark|MRFO (original)|100-10-lognormal-low|inst1|run29|b20000,benchmark,MRFO (original),"100 tasks, 10 VMs, lognormal/low",100,10,lognormal,low,1,29,20000,43.825567025900085,23.258029674818427,38.67736134687499,38.677361346874996,13.310643486906471,13.31064348690645,0.5929927825927734,19950,45.61718445291971,45.61718445291971,45.316888320560324,43.825567025900085,43.825567025900085,43.825567025900085,43.825567025900085,43.825567025900085,43.825567025900085,43.825567025900085,43.825567025900085,43.825567025900085,43.825567025900085,43.825567025900085,43.825567025900085,43.825567025900085,43.825567025900085,43.825567025900085,43.825567025900085,43.825567025900085
benchmark|QI-MRFO + swap|100-10-lognormal-low|inst1|run0|b20000,benchmark,QI-MRFO + swap,"100 tasks, 10 VMs, lognormal/low",100,10,lognormal,low,1,0,20000,38.71299114365276,21.56790454536484,38.67736134687499,38.677361346874996,0.09212054684451221,0.09212054684449382,3.3255019187927246,19950,40.591110520725735,39.06317001893716,38.88657554456511,38.87214827131978,38.80548095995429,38.76244256566054,38.76244256566054,38.76244256566054,38.751892944969214,38.74093293828642,38.724899169727,38.71939157616448,38.71939157616448,38.71939157616448,38.71939157616448,38.71694080281306,38.71299114365276,38.71299114365276,38.71299114365276,38.71299114365276
benchmark|QI-MRFO + swap|100-10-lognormal-low|inst1|run2|b20000,benchmark,QI-MRFO + swap,"100 tasks, 10 VMs, lognormal/low",100,10,lognormal,low,1,2,20000,38.70676352442412,21.56574800866349,38.67736134687499,38.677361346874996,0.07601908849323771,0.07601908849321933,3.271127223968506,19950,39.11502693360625,38.97520229659127,38.84014669423543,38.77267935495472,38.77267935495472,38.75064406069453,38.73669834222312,38.72266755681044,38.72266755681044,38.72241612273773,38.72241612273773,38.72241612273773,38.70676352442412,38.70676352442412,38.70676352442412,38.70676352442412,38.70676352442412,38.70676352442412,38.70676352442412,38.70676352442412
benchmark|QI-MRFO + swap|100-10-lognormal-low|inst1|run1|b20000,benchmark,QI-MRFO + swap,"100 tasks, 10 VMs, lognormal/low",100,10,lognormal,low,1,1,20000,38.70189237663516,21.564079482077666,38.67736134687499,38.677361346874996,0.06342477590486174,0.06342477590484336,3.3673014640808105,19950,38.936444358466574,38.82131659939275,38.775706728261454,38.73628693564703,38.71990866323208,38.716915846152624,38.716915846152624,38.716915846152624,38.716915846152624,38.71117096567928,38.71117096567928,38.71117096567928,38.70322660752698,38.70322660752698,38.70322660752698,38.70322660752698,38.702298785550525,38.702298785550525,38.702298785550525,38.70189237663516
benchmark|QI-MRFO + swap|100-10-lognormal-low|inst1|run3|b20000,benchmark,QI-MRFO + swap,"100 tasks, 10 VMs, lognormal/low",100,10,lognormal,low,1,3,20000,38.71118936831441,21.567162770274813,38.67736134687499,38.677361346874996,0.08746207151008784,0.08746207151006945,3.3071606159210205,19950,39.126745756510886,38.91673192044849,38.83764530720183,38.794860449457445,38.782372208944565,38.781485624616785,38.781485624616785,38.76942727914841,38.757319566415894,38.73775110438434,38.72553933379218,38.724365362322196,38.711899753060884,38.711899753060884,38.711899753060884,38.71118936831441,38.71118936831441,38.71118936831441,38.71118936831441,38.71118936831441
benchmark|QI-MRFO + swap|100-10-lognormal-low|inst1|run4|b20000,benchmark,QI-MRFO + swap,"100 tasks, 10 VMs, lognormal/low",100,10,lognormal,low,1,4,20000,38.69481491336299,21.561745568337308,38.67736134687499,38.677361346874996,0.045126052761123296,0.045126052761104915,3.300400495529175,19950,39.19305889985305,38.94199877942341,38.84712167427659,38.79513851930351,38.73538375545799,38.73195211113262,38.729412293908304,38.721128193455705,38.70951985219315,38.70951985219315,38.70528586460027,38.70528586460027,38.69787146888818,38.69787146888818,38.69523462933346,38.69481491336299,38.69481491336299,38.69481491336299,38.69481491336299,38.69481491336299
benchmark|QI-MRFO + swap|100-10-lognormal-low|inst1|run6|b20000,benchmark,QI-MRFO + swap,"100 tasks, 10 VMs, lognormal/low",100,10,lognormal,low,1,6,20000,38.687952195600126,21.55947155885448,38.67736134687499,38.677361346874996,0.027382552367400947,0.027382552367382573,3.226358413696289,19950,39.04682313069963,38.89166281925273,38.827663493189554,38.81535840510315,38.81027172052805,38.75870980829927,38.749543488059935,38.74710052455534,38.74710052455534,38.74710052455534,38.72976877713146,38.717302760728394,38.71512057325756,38.71107473653601,38.70572830446519,38.6939809082525,38.6939809082525,38.6939809082525,38.6939809082525,38.687952195600126
benchmark|QI-MRFO + swap|100-10-lognormal-low|inst1|run5|b20000,benchmark,QI-MRFO + swap,"100 tasks, 10 VMs, lognormal/low",100,10,lognormal,low,1,5,20000,38.688823462247754,21.559794877686628,38.67736134687499,38.677361346874996,0.029635205126762165,0.029635205126743787,3.28304386138916,19950,39.12093872787821,38.81192261520561,38.770821108255404,38.744608082555324,38.71618241693326,38.71578202270814,38.71578202270814,38.71578202270814,38.71578202270814,38.70653190131614,38.70653190131614,38.70163816683678,38.688823462247754,38.688823462247754,38.688823462247754,38.688823462247754,38.688823462247754,38.688823462247754,38.688823462247754,38.688823462247754
benchmark|QI-MRFO + swap|100-10-lognormal-low|inst1|run7|b20000,benchmark,QI-MRFO + swap,"100 tasks, 10 VMs, lognormal/low",100,10,lognormal,low,1,7,20000,38.70532916522344,21.565240146684122,38.67736134687499,38.677361346874996,0.07231056456417327,0.07231056456415488,3.2544682025909424,19950,38.855837465962466,38.81628956605695,38.81486221037571,38.753267655309855,38.753267655309855,38.72778388761269,38.72457931731043,38.715902141998775,38.71017747319377,38.70532916522344,38.70532916522344,38.70532916522344,38.70532916522344,38.70532916522344,38.70532916522344,38.70532916522344,38.70532916522344,38.70532916522344,38.70532916522344,38.70532916522344
benchmark|QI-MRFO + swap|100-10-lognormal-low|inst1|run8|b20000,benchmark,QI-MRFO + swap,"100 tasks, 10 VMs, lognormal/low",100,10,lognormal,low,1,8,20000,38.69766672224445,21.56279753662932,38.67736134687499,38.677361346874996,0.052499381194474976,0.052499381194456594,3.2877371311187744,19950,38.899382699240455,38.788040394105785,38.74133095651355,38.72447891197249,38.72447891197249,38.70511768140559,38.70511768140559,38.70470097429227,38.704371950578455,38.701767874645334,38.70013576480071,38.70013576480071,38.69766672224445,38.69766672224445,38.69766672224445,38.69766672224445,38.69766672224445,38.69766672224445,38.69766672224445,38.69766672224445
benchmark|QI-MRFO + swap|100-10-lognormal-low|inst1|run10|b20000,benchmark,QI-MRFO + swap,"100 tasks, 10 VMs, lognormal/low",100,10,lognormal,low,1,10,20000,38.7027651941604,21.56445553737428,38.67736134687499,38.677361346874996,0.06568143844554979,0.06568143844553141,3.356811046600342,19950,38.915210915077196,38.73856280532499,38.7250180631067,38.713731150176315,38.710078365414276,38.704382991372505,38.7027651941604,38.7027651941604,38.7027651941604,38.7027651941604,38.7027651941604,38.7027651941604,38.7027651941604,38.7027651941604,38.7027651941604,38.7027651941604,38.7027651941604,38.7027651941604,38.7027651941604,38.7027651941604
benchmark|QI-MRFO + swap|100-10-lognormal-low|inst1|run9|b20000,benchmark,QI-MRFO + swap,"100 tasks, 10 VMs, lognormal/low",100,10,lognormal,low,1,9,20000,38.70297739256669,21.564463552704364,38.67736134687499,38.677361346874996,0.0662300756816453,0.06623007568162692,3.4136803150177,19950,39.31422862606336,38.77156807105212,38.72844166816892,38.72610051277744,38.72610051277744,38.71684858564995,38.71684858564995,38.71684858564995,38.70297739256669,38.70297739256669,38.70297739256669,38.70297739256669,38.70297739256669,38.70297739256669,38.70297739256669,38.70297739256669,38.70297739256669,38.70297739256669,38.70297739256669,38.70297739256669
benchmark|QI-MRFO + swap|100-10-lognormal-low|inst1|run11|b20000,benchmark,QI-MRFO + swap,"100 tasks, 10 VMs, lognormal/low",100,10,lognormal,low,1,11,20000,38.69515671091222,21.561916517768644,38.67736134687499,38.677361346874996,0.0460097675165514,0.046009767516533025,3.4339778423309326,19950,39.25321090525597,39.036879989122156,38.83183790548921,38.745628919032676,38.736749863579455,38.736749863579455,38.736749863579455,38.735493638563575,38.73301090446902,38.73301090446902,38.72195198180895,38.71700402985577,38.71700402985577,38.71700402985577,38.70618618828776,38.69515671091222,38.69515671091222,38.69515671091222,38.69515671091222,38.69515671091222
benchmark|QI-MRFO + swap|100-10-lognormal-low|inst1|run14|b20000,benchmark,QI-MRFO + swap,"100 tasks, 10 VMs, lognormal/low",100,10,lognormal,low,1,14,20000,38.695897462390995,21.56212064109636,38.67736134687499,38.677361346874996,0.04792497437911262,0.04792497437909424,3.19830060005188,19950,39.08409777195601,38.82593364621927,38.76080744637971,38.7562451568903,38.7562451568903,38.72776210772057,38.7222557960657,38.71987709765712,38.71703451692416,38.71703451692416,38.70978331791546,38.70027200794002,38.69693645885647,38.69693645885647,38.695897462390995,38.695897462390995,38.695897462390995,38.695897462390995,38.695897462390995,38.695897462390995
benchmark|QI-MRFO + swap|100-10-lognormal-low|inst1|run12|b20000,benchmark,QI-MRFO + swap,"100 tasks, 10 VMs, lognormal/low",100,10,lognormal,low,1,12,20000,38.713153157999166,21.567803674695508,38.67736134687499,38.677361346874996,0.09253943360608584,0.09253943360606745,3.4442694187164307,19950,39.318003518065886,38.8449629733832,38.743651811928956,38.743651811928956,38.743651811928956,38.722526171682574,38.722526171682574,38.722526171682574,38.722526171682574,38.722526171682574,38.722526171682574,38.722526171682574,38.722526171682574,38.722526171682574,38.722526171682574,38.722526171682574,38.713153157999166,38.713153157999166,38.713153157999166,38.713153157999166
benchmark|QI-MRFO + swap|100-10-lognormal-low|inst1|run13|b20000,benchmark,QI-MRFO + swap,"100 tasks, 10 VMs, lognormal/low",100,10,lognormal,low,1,13,20000,38.696903477726345,21.56246684816487,38.67736134687499,38.677361346874996,0.05052601876351853,0.05052601876350015,3.4414708614349365,19950,38.92637231223214,38.76283073411965,38.7452689292405,38.720291634667184,38.71846583477646,38.718040532259515,38.710591231830996,38.7098484075225,38.7098484075225,38.703721425046496,38.703721425046496,38.703721425046496,38.696903477726345,38.696903477726345,38.696903477726345,38.696903477726345,38.696903477726345,38.696903477726345,38.696903477726345,38.696903477726345
benchmark|QI-MRFO + swap|100-10-lognormal-low|inst1|run15|b20000,benchmark,QI-MRFO + swap,"100 tasks, 10 VMs, lognormal/low",100,10,lognormal,low,1,15,20000,38.71073128408244,21.56708816778794,38.67736134687499,38.677361346874996,0.08627769849183259,0.0862776984918142,3.3109633922576904,19950,39.516594027046764,39.11732443710653,38.78662096245446,38.74479052496706,38.74455119550278,38.73401348410473,38.73401348410473,38.734008562711345,38.72495732462645,38.71644207972176,38.71073128408244,38.71073128408244,38.71073128408244,38.71073128408244,38.71073128408244,38.71073128408244,38.71073128408244,38.71073128408244,38.71073128408244,38.71073128408244
benchmark|QI-MRFO + swap|100-10-lognormal-low|inst1|run16|b20000,benchmark,QI-MRFO + swap,"100 tasks, 10 VMs, lognormal/low",100,10,lognormal,low,1,16,20000,38.68986358329768,21.560126163829857,38.67736134687499,38.677361346874996,0.03232442955600153,0.03232442955598316,3.195007085800171,19950,38.93792621093885,38.79832773079902,38.74294125313001,38.72711715237653,38.72153712259279,38.72153712259279,38.70856530587272,38.70043356578728,38.69953613744804,38.69689928556665,38.68986358329768,38.68986358329768,38.68986358329768,38.68986358329768,38.68986358329768,38.68986358329768,38.68986358329768,38.68986358329768,38.68986358329768,38.68986358329768
benchmark|QI-MRFO + swap|100-10-lognormal-low|inst1|run17|b20000,benchmark,QI-MRFO + swap,"100 tasks, 10 VMs, lognormal/low",100,10,lognormal,low,1,17,20000,38.7366102215409,21.575728160192057,38.67736134687499,38.677361346874996,0.1531874786765891,0.1531874786765707,3.2251100540161133,19950,39.250866802361756,38.89135144343984,38.876033506757,38.837893407376576,38.81659290106534,38.806630448436785,38.77553951591677,38.77553951591677,38.77429564384164,38.75952630516109,38.7366102215409,38.7366102215409,38.7366102215409,38.7366102215409,38.7366102215409,38.7366102215409,38.7366102215409,38.7366102215409,38.7366102215409,38.7366102215409
benchmark|QI-MRFO + swap|100-10-lognormal-low|inst1|run18|b20000,benchmark,QI-MRFO + swap,"100 tasks, 10 VMs, lognormal/low",100,10,lognormal,low,1,18,20000,38.691927882847615,21.56077848606776,38.67736134687499,38.677361346874996,0.037661659082654855,0.037661659082636474,3.296027183532715,19950,38.8368358928447,38.75705379154758,38.72460955985556,38.72417633533117,38.72220633870157,38.72220633870157,38.72220633870157,38.719375978742576,38.69956002083116,38.69924704904751,38.69924704904751,38.69889272852491,38.69889272852491,38.695849923034125,38.69456752557694,38.69456752557694,38.69456752557694,38.69456752557694,38.691927882847615,38.691927882847615
benchmark|QI-MRFO + swap|100-10-lognormal-low|inst1|run19|b20000,benchmark,QI-MRFO + swap,"100 tasks, 10 VMs, lognormal/low",100,10,lognormal,low,1,19,20000,38.70577711733094,21.56544782415118,38.67736134687499,38.677361346874996,0.07346874105786526,0.07346874105784687,3.376861333847046,19950,38.96032201299025,38.776434352544406,38.750854583894615,38.750854583894615,38.75042438237254,38.74151101909504,38.74151101909504,38.72757908493247,38.71366688053183,38.7130431207581,38.70970371306034,38.70965395139879,38.70965395139879,38.70965395139879,38.70965395139879,38.70965395139879,38.70965395139879,38.70577711733094,38.70577711733094,38.70577711733094
benchmark|QI-MRFO + swap|100-10-lognormal-low|inst1|run20|b20000,benchmark,QI-MRFO + swap,"100 tasks, 10 VMs, lognormal/low",100,10,lognormal,low,1,20,20000,38.69110461808986,21.560553316831655,38.67736134687499,38.677361346874996,0.03553311481518958,0.035533114815171206,3.2122809886932373,19950,39.40616030453605,38.87082750767854,38.74400370534363,38.731024435630815,38.72797207447854,38.723903929708364,38.71085873464711,38.71085873464711,38.70023504839994,38.70023504839994,38.70023504839994,38.70023504839994,38.69110461808986,38.69110461808986,38.69110461808986,38.69110461808986,38.69110461808986,38.69110461808986,38.69110461808986,38.69110461808986
benchmark|QI-MRFO + swap|100-10-lognormal-low|inst1|run21|b20000,benchmark,QI-MRFO + swap,"100 tasks, 10 VMs, lognormal/low",100,10,lognormal,low,1,21,20000,38.70708546900625,21.566029939500098,38.67736134687499,38.677361346874996,0.07685147356533618,0.0768514735653178,3.237839937210083,19950,38.85463452607984,38.78184549991854,38.751904247820505,38.74688268521624,38.73531203298153,38.73131569329777,38.73131569329777,38.73131569329777,38.72793955560547,38.72793955560547,38.72793955560547,38.72793955560547,38.72793955560547,38.72690971345952,38.71898701603924,38.711499735386354,38.70708546900625,38.70708546900625,38.70708546900625,38.70708546900625
benchmark|QI-MRFO + swap|100-10-lognormal-low|inst1|run22|b20000,benchmark,QI-MRFO + swap,"100 tasks, 10 VMs, lognormal/low",100,10,lognormal,low,1,22,20000,38.69109077663576,21.56053811373443,38.67736134687499,38.677361346874996,0.03549732784933556,0.03549732784931719,3.3298022747039795,19950,38.88430836522218,38.744917910201366,38.733326094460566,38.733326094460566,38.7252822111995,38.72226419281362,38.72203265846058,38.71616840962552,38.704873533347325,38.69512470095377,38.693077879836224,38.69269953235971,38.69269953235971,38.69109077663576,38.69109077663576,38.69109077663576,38.69109077663576,38.69109077663576,38.69109077663576,38.69109077663576
benchmark|QI-MRFO + swap|100-10-lognormal-low|inst1|run23|b20000,benchmark,QI-MRFO + swap,"100 tasks, 10 VMs, lognormal/low",100,10,lognormal,low,1,23,20000,38.709824904179214,21.56686525812634,38.67736134687499,38.677361346874996,0.08393426069860048,0.08393426069858209,3.2522053718566895,19950,39.587815771994904,39.0067542089934,38.904697787199126,38.84779174385188,38.841216185314714,38.78677107803235,38.76226727364843,38.76226727364843,38.76036550031056,38.74819314692602,38.73286230410042,38.73286230410042,38.719195674094365,38.719195674094365,38.71244515791652,38.71244515791652,38.71118615253901,38.71118615253901,38.71118615253901,38.709824904179214
benchmark|QI-MRFO + swap|100-10-lognormal-low|inst1|run24|b20000,benchmark,QI-MRFO + swap,"100 tasks, 10 VMs, lognormal/low",100,10,lognormal,low,1,24,20000,38.69796160264079,21.562762769202383,38.67736134687499,38.677361346874996,0.05326179203655536,0.05326179203653698,3.2748138904571533,19950,39.1991635954728,38.86765397958811,38.79005153989632,38.74431524583609,38.74266751658046,38.737060159028744,38.737060159028744,38.737060159028744,38.737060159028744,38.71135725151984,38.70806118726974,38.702007137467945,38.69796160264079,38.69796160264079,38.69796160264079,38.69796160264079,38.69796160264079,38.69796160264079,38.69796160264079,38.69796160264079
benchmark|QI-MRFO + swap|100-10-lognormal-low|inst1|run25|b20000,benchmark,QI-MRFO + swap,"100 tasks, 10 VMs, lognormal/low",100,10,lognormal,low,1,25,20000,38.698991603068066,21.563187849455918,38.67736134687499,38.677361346874996,0.055924849679087826,0.055924849679069445,3.3217380046844482,19950,39.00330534307926,38.90128022497319,38.82633028522103,38.78216311012468,38.78216311012468,38.75495191452728,38.75495191452728,38.72651648819611,38.72651648819611,38.70836493666237,38.698991603068066,38.698991603068066,38.698991603068066,38.698991603068066,38.698991603068066,38.698991603068066,38.698991603068066,38.698991603068066,38.698991603068066,38.698991603068066
benchmark|QI-MRFO + swap|100-10-lognormal-low|inst1|run27|b20000,benchmark,QI-MRFO + swap,"100 tasks, 10 VMs, lognormal/low",100,10,lognormal,low,1,27,20000,38.69453954496548,21.56173936481681,38.67736134687499,38.677361346874996,0.04441409003171046,0.044414090031692076,3.14371657371521,19950,38.878528086630475,38.80276284070252,38.737316887207264,38.72861684623351,38.7226507845433,38.71992782783884,38.71992782783884,38.711931001033236,38.711931001033236,38.69453954496548,38.69453954496548,38.69453954496548,38.69453954496548,38.69453954496548,38.69453954496548,38.69453954496548,38.69453954496548,38.69453954496548,38.69453954496548,38.69453954496548
benchmark|QI-MRFO + swap|100-10-lognormal-low|inst1|run26|b20000,benchmark,QI-MRFO + swap,"100 tasks, 10 VMs, lognormal/low",100,10,lognormal,low,1,26,20000,38.69206291637039,21.560831951772514,38.67736134687499,38.677361346874996,0.038010787146389786,0.03801078714637141,3.427236318588257,19950,38.961278250159936,38.859273114013085,38.755948152751124,38.742663458111004,38.72471148330471,38.7132773894547,38.70102565370389,38.6954303169655,38.6954303169655,38.6954303169655,38.6954303169655,38.6954303169655,38.6954303169655,38.6954303169655,38.6954303169655,38.6954303169655,38.6954303169655,38.6954303169655,38.6954303169655,38.69206291637039
benchmark|QI-MRFO + swap|100-10-lognormal-low|inst1|run28|b20000,benchmark,QI-MRFO + swap,"100 tasks, 10 VMs, lognormal/low",100,10,lognormal,low,1,28,20000,38.71790888901563,21.569529587891406,38.67736134687499,38.677361346874996,0.10483533707740825,0.10483533707738986,3.2943644523620605,19950,38.97015714570375,38.77548299723183,38.762664126534304,38.75721007946113,38.73375647429672,38.73375647429672,38.730261613740794,38.730261613740794,38.730261613740794,38.730261613740794,38.730261613740794,38.730261613740794,38.730261613740794,38.730261613740794,38.730261613740794,38.730261613740794,38.730261613740794,38.730261613740794,38.72894195696238,38.71790888901563
benchmark|QI-MRFO + swap|100-10-lognormal-low|inst1|run29|b20000,benchmark,QI-MRFO + swap,"100 tasks, 10 VMs, lognormal/low",100,10,lognormal,low,1,29,20000,38.69807990887779,21.562935393966008,38.67736134687499,38.677361346874996,0.053567671840345256,0.053567671840326875,3.4420154094696045,19950,39.1206247575288,38.88957638767705,38.87313291432705,38.83358626097485,38.750578115286665,38.741598339057155,38.74019168327158,38.728263888298194,38.728263888298194,38.728263888298194,38.72505398732101,38.71875380474981,38.718329429129696,38.70381447608743,38.70244516594449,38.70244516594449,38.70244516594449,38.702326879856166,38.702326879856166,38.69807990887779
benchmark|QI-MRFO + swap + Max-Min start|100-10-lognormal-low|inst1|run0|b20000,benchmark,QI-MRFO + swap + Max-Min start,"100 tasks, 10 VMs, lognormal/low",100,10,lognormal,low,1,0,20000,38.70402809777921,21.56478202730814,38.67736134687499,38.677361346874996,0.06894666537631818,0.06894666537629979,3.231872797012329,19951,38.7890002807368,38.7842084797606,38.72276698108814,38.713656089707534,38.712768660744544,38.712768660744544,38.712768660744544,38.712768660744544,38.712768660744544,38.705833735077,38.705833735077,38.70406270853049,38.70406270853049,38.70402809777921,38.70402809777921,38.70402809777921,38.70402809777921,38.70402809777921,38.70402809777921,38.70402809777921
benchmark|QI-MRFO + swap + Max-Min start|100-10-lognormal-low|inst1|run1|b20000,benchmark,QI-MRFO + swap + Max-Min start,"100 tasks, 10 VMs, lognormal/low",100,10,lognormal,low,1,1,20000,38.70783346927748,21.56605163782396,38.67736134687499,38.677361346874996,0.0787854221212408,0.07878542212122241,3.253803014755249,19951,38.83126972411398,38.78879124781082,38.76173045001358,38.737471634730866,38.737471634730866,38.735389720591556,38.735389720591556,38.71769844620992,38.711519465412046,38.70976276392364,38.70976276392364,38.70917005986895,38.70917005986895,38.70783346927748,38.70783346927748,38.70783346927748,38.70783346927748,38.70783346927748,38.70783346927748,38.70783346927748
benchmark|QI-MRFO + swap + Max-Min start|100-10-lognormal-low|inst1|run2|b20000,benchmark,QI-MRFO + swap + Max-Min start,"100 tasks, 10 VMs, lognormal/low",100,10,lognormal,low,1,2,20000,38.69675295461362,21.562381509827585,38.67736134687499,38.677361346874996,0.05013684249222998,0.050136842492211606,3.356076240539551,19951,38.82279614285271,38.768617595430044,38.75974663586235,38.75892271576685,38.74283926386244,38.74283926386244,38.74283926386244,38.74283926386244,38.7308856183381,38.725791384597365,38.71162220674374,38.71162220674374,38.69784660347782,38.69675295461362,38.69675295461362,38.69675295461362,38.69675295461362,38.69675295461362,38.69675295461362,38.69675295461362
benchmark|QI-MRFO + swap + Max-Min start|100-10-lognormal-low|inst1|run4|b20000,benchmark,QI-MRFO + swap + Max-Min start,"100 tasks, 10 VMs, lognormal/low",100,10,lognormal,low,1,4,20000,38.70842976757984,21.566323034266414,38.67736134687499,38.677361346874996,0.08032714648296037,0.08032714648294198,3.262601137161255,19951,38.83579156101715,38.752382020230044,38.742655605689826,38.73890964724837,38.733036124265844,38.733036124265844,38.71625212221036,38.714352575490636,38.714352575490636,38.712614910901884,38.712614910901884,38.712614910901884,38.712614910901884,38.712614910901884,38.708978938072114,38.708978938072114,38.70890493258895,38.70890493258895,38.70842976757984,38.70842976757984
benchmark|QI-MRFO + swap + Max-Min start|100-10-lognormal-low|inst1|run3|b20000,benchmark,QI-MRFO + swap + Max-Min start,"100 tasks, 10 VMs, lognormal/low",100,10,lognormal,low,1,3,20000,38.709227194317855,21.566533706199557,38.67736134687499,38.677361346874996,0.08238888676267099,0.0823888867626526,3.3644673824310303,19951,38.82573869604255,38.77444321873274,38.77094767023932,38.75179838601826,38.75179838601826,38.74783930870321,38.729858793265436,38.729858793265436,38.729858793265436,38.72458156523283,38.710805961966905,38.70936088541134,38.70936088541134,38.70936088541134,38.70936088541134,38.70936088541134,38.70936088541134,38.70936088541134,38.70936088541134,38.709227194317855
benchmark|QI-MRFO + swap + Max-Min start|100-10-lognormal-low|inst1|run5|b20000,benchmark,QI-MRFO + swap + Max-Min start,"100 tasks, 10 VMs, lognormal/low",100,10,lognormal,low,1,5,20000,38.695904037450575,21.56214640387757,38.67736134687499,38.677361346874996,0.04794197414163647,0.04794197414161809,3.2535595893859863,19951,38.821477496034355,38.78604450825292,38.75394151977683,38.72797432157772,38.7259067058457,38.714388033699905,38.714388033699905,38.701219870624996,38.70055154212951,38.70055154212951,38.697806700233365,38.697806700233365,38.69631145457996,38.695904037450575,38.695904037450575,38.695904037450575,38.695904037450575,38.695904037450575,38.695904037450575,38.695904037450575
benchmark|QI-MRFO + swap + Max-Min start|100-10-lognormal-low|inst1|run6|b20000,benchmark,QI-MRFO + swap + Max-Min start,"100 tasks, 10 VMs, lognormal/low",100,10,lognormal,low,1,6,20000,38.70716933380487,21.56597041950512,38.67736134687499,38.677361346874996,0.0770683053131548,0.07706830531313641,3.4385149478912354,19951,38.7890002807368,38.7890002807368,38.75147681243201,38.73429814685568,38.72411877866243,38.71143992413818,38.70976276392364,38.70976276392364,38.70976276392364,38.70976276392364,38.70899791938106,38.70899791938106,38.70899791938106,38.70716933380487,38.70716933380487,38.70716933380487,38.70716933380487,38.70716933380487,38.70716933380487,38.70716933380487
benchmark|QI-MRFO + swap + Max-Min start|100-10-lognormal-low|inst1|run8|b20000,benchmark,QI-MRFO + swap + Max-Min start,"100 tasks, 10 VMs, lognormal/low",100,10,lognormal,low,1,8,20000,38.6920891373957,21.560838273171413,38.67736134687499,38.677361346874996,0.038078581391899964,0.03807858139188159,3.3200557231903076,19951,38.86632446147023,38.808196373597404,38.77182544162506,38.761311397336456,38.73513263439345,38.73513263439345,38.73513263439345,38.716360208702476,38.716360208702476,38.716360208702476,38.716360208702476,38.716360208702476,38.716360208702476,38.716360208702476,38.71206697567377,38.70384285626815,38.70384285626815,38.701149154288714,38.6920891373957,38.6920891373957
benchmark|QI-MRFO + swap + Max-Min start|100-10-lognormal-low|inst1|run7|b20000,benchmark,QI-MRFO + swap + Max-Min start,"100 tasks, 10 VMs, lognormal/low",100,10,lognormal,low,1,7,20000,38.70011826555363,21.563499578400315,38.67736134687499,38.677361346874996,0.05883782627916255,0.05883782627914417,3.3770570755004883,19951,38.76669681503749,38.72670769941922,38.71882941339161,38.71882941339161,38.713874407634094,38.713874407634094,38.713001775895755,38.70682740399765,38.70682740399765,38.705545851911666,38.70511262738728,38.70511262738728,38.70036025437445,38.70021859799207,38.70011826555363,38.70011826555363,38.70011826555363,38.70011826555363,38.70011826555363,38.70011826555363
benchmark|QI-MRFO + swap + Max-Min start|100-10-lognormal-low|inst1|run9|b20000,benchmark,QI-MRFO + swap + Max-Min start,"100 tasks, 10 VMs, lognormal/low",100,10,lognormal,low,1,9,20000,38.6969605769148,21.5625046419783,38.67736134687499,38.677361346874996,0.05067364824615281,0.05067364824613443,3.322601318359375,19951,38.823464964797175,38.790963323426816,38.733407117707806,38.731139316177114,38.72353836718956,38.72353836718956,38.72353836718956,38.72353836718956,38.72353836718956,38.72353836718956,38.72353836718956,38.72353836718956,38.70976276392364,38.70976276392364,38.70976276392364,38.70165281898154,38.70165281898154,38.69993735548132,38.69993735548132,38.6969605769148
benchmark|QI-MRFO + swap + Max-Min start|100-10-lognormal-low|inst1|run10|b20000,benchmark,QI-MRFO + swap + Max-Min start,"100 tasks, 10 VMs, lognormal/low",100,10,lognormal,low,1,10,20000,38.698070377241706,21.562893369496322,38.67736134687499,38.677361346874996,0.05354302787356629,0.05354302787354791,3.2139694690704346,19951,38.77201173088223,38.73605911282203,38.73009571146538,38.71563911322019,38.71167486032156,38.70933956571962,38.70933956571962,38.70933956571962,38.70933956571962,38.70933956571962,38.70933956571962,38.70933956571962,38.70933956571962,38.70778282448559,38.70778282448559,38.70778282448559,38.70778282448559,38.70704280662945,38.698070377241706,38.698070377241706
benchmark|QI-MRFO + swap + Max-Min start|100-10-lognormal-low|inst1|run12|b20000,benchmark,QI-MRFO + swap + Max-Min start,"100 tasks, 10 VMs, lognormal/low",100,10,lognormal,low,1,12,20000,38.698959872510315,21.563191377372043,38.67736134687499,38.677361346874996,0.05584281058271178,0.0558428105826934,3.2564194202423096,19951,38.79677696532416,38.74835320790919,38.74835320790919,38.74580006670507,38.721562998341895,38.710385435174665,38.698959872510315,38.698959872510315,38.698959872510315,38.698959872510315,38.698959872510315,38.698959872510315,38.698959872510315,38.698959872510315,38.698959872510315,38.698959872510315,38.698959872510315,38.698959872510315,38.698959872510315,38.698959872510315
benchmark|QI-MRFO + swap + Max-Min start|100-10-lognormal-low|inst1|run11|b20000,benchmark,QI-MRFO + swap + Max-Min start,"100 tasks, 10 VMs, lognormal/low",100,10,lognormal,low,1,11,20000,38.69299787637389,21.561114279229084,38.67736134687499,38.677361346874996,0.040428118554064946,0.040428118554046565,3.3950252532958984,19951,38.79545149119329,38.782854799887076,38.730347605088504,38.730347605088504,38.69937923387494,38.69937923387494,38.69937923387494,38.69299787637389,38.69299787637389,38.69299787637389,38.69299787637389,38.69299787637389,38.69299787637389,38.69299787637389,38.69299787637389,38.69299787637389,38.69299787637389,38.69299787637389,38.69299787637389,38.69299787637389
benchmark|QI-MRFO + swap + Max-Min start|100-10-lognormal-low|inst1|run13|b20000,benchmark,QI-MRFO + swap + Max-Min start,"100 tasks, 10 VMs, lognormal/low",100,10,lognormal,low,1,13,20000,38.68628768383767,21.558918480992812,38.67736134687499,38.677361346874996,0.023078970880731648,0.023078970880713274,3.4479691982269287,19951,38.75246818689017,38.75246818689017,38.735120717108025,38.7308856183381,38.707854088222106,38.70678011673474,38.697281673663085,38.697281673663085,38.697281673663085,38.697281673663085,38.697281673663085,38.697281673663085,38.695051667545385,38.69453182182308,38.68659453278816,38.68659453278816,38.68628768383767,38.68628768383767,38.68628768383767,38.68628768383767
benchmark|QI-MRFO + swap + Max-Min start|100-10-lognormal-low|inst1|run14|b20000,benchmark,QI-MRFO + swap + Max-Min start,"100 tasks, 10 VMs, lognormal/low",100,10,lognormal,low,1,14,20000,38.69595145774047,21.56214851173259,38.67736134687499,38.677361346874996,0.04806457891156997,0.04806457891155159,3.2653980255126953,19951,38.735120717108025,38.735023219603384,38.725226063901076,38.725226063901076,38.71740370927054,38.71740370927054,38.711041922049645,38.69603296281231,38.69595145774047,38.69595145774047,38.69595145774047,38.69595145774047,38.69595145774047,38.69595145774047,38.69595145774047,38.69595145774047,38.69595145774047,38.69595145774047,38.69595145774047,38.69595145774047
benchmark|QI-MRFO + swap + Max-Min start|100-10-lognormal-low|inst1|run15|b20000,benchmark,QI-MRFO + swap + Max-Min start,"100 tasks, 10 VMs, lognormal/low",100,10,lognormal,low,1,15,20000,38.68811765869117,21.55951613298115,38.67736134687499,38.677361346874996,0.027810355829896133,0.027810355829877755,3.173961877822876,19951,38.78725942902702,38.75204736651474,38.75204736651474,38.73965931059212,38.718093378566316,38.70361088561812,38.70361088561812,38.70361088561812,38.70361088561812,38.70361088561812,38.70361088561812,38.70361088561812,38.70361088561812,38.70361088561812,38.70361088561812,38.70361088561812,38.68811765869117,38.68811765869117,38.68811765869117,38.68811765869117
benchmark|QI-MRFO + swap + Max-Min start|100-10-lognormal-low|inst1|run16|b20000,benchmark,QI-MRFO + swap + Max-Min start,"100 tasks, 10 VMs, lognormal/low",100,10,lognormal,low,1,16,20000,38.69657508814375,21.56237454649769,38.67736134687499,38.677361346874996,0.049676970195684525,0.049676970195666144,3.3590829372406006,19951,38.76131852993485,38.75849788103525,38.73580552946754,38.72247153312043,38.71611620365145,38.71611620365145,38.71611620365145,38.71611620365145,38.71490910841659,38.713618539389394,38.70649133637056,38.70311828900237,38.69971731559599,38.69971731559599,38.69971731559599,38.697490600084926,38.697490600084926,38.69657508814375,38.69657508814375,38.69657508814375
benchmark|QI-MRFO + swap + Max-Min start|100-10-lognormal-low|inst1|run17|b20000,benchmark,QI-MRFO + swap + Max-Min start,"100 tasks, 10 VMs, lognormal/low",100,10,lognormal,low,1,17,20000,38.688568275233024,21.55965877793814,38.67736134687499,38.677361346874996,0.028975421196722535,0.028975421196704158,3.310237407684326,19951,38.840410333576145,38.797354997999214,38.77201173088223,38.76083632989439,38.71465902686345,38.706569889550906,38.70634923034314,38.70634923034314,38.70303228070782,38.70303228070782,38.70303228070782,38.69639062986355,38.69599867379197,38.69599867379197,38.69499804555984,38.69499804555984,38.69047084903234,38.688568275233024,38.688568275233024,38.688568275233024
benchmark|QI-MRFO + swap + Max-Min start|100-10-lognormal-low|inst1|run18|b20000,benchmark,QI-MRFO + swap + Max-Min start,"100 tasks, 10 VMs, lognormal/low",100,10,lognormal,low,1,18,20000,38.695084100881154,21.561933459643093,38.67736134687499,38.677361346874996,0.04582203487776712,0.04582203487774874,3.244828462600708,19951,38.77201173088223,38.74956738155468,38.72800085223936,38.718961507771596,38.71227594251122,38.70976276392364,38.701315935828426,38.701315935828426,38.69623367962794,38.69623367962794,38.69623367962794,38.69623367962794,38.69623367962794,38.69623367962794,38.695084100881154,38.695084100881154,38.695084100881154,38.695084100881154,38.695084100881154,38.695084100881154
benchmark|QI-MRFO + swap + Max-Min start|100-10-lognormal-low|inst1|run19|b20000,benchmark,QI-MRFO + swap + Max-Min start,"100 tasks, 10 VMs, lognormal/low",100,10,lognormal,low,1,19,20000,38.69817451474189,21.562856153448006,38.67736134687499,38.677361346874996,0.05381227452473676,0.05381227452471838,3.1867339611053467,19951,38.749118517217234,38.749118517217234,38.749118517217234,38.72759273408164,38.7192339630143,38.716881174509865,38.716881174509865,38.716881174509865,38.716881174509865,38.716881174509865,38.709490697546386,38.70217283550064,38.70030222524654,38.70030222524654,38.69817451474189,38.69817451474189,38.69817451474189,38.69817451474189,38.69817451474189,38.69817451474189
benchmark|QI-MRFO + swap + Max-Min start|100-10-lognormal-low|inst1|run20|b20000,benchmark,QI-MRFO + swap + Max-Min start,"100 tasks, 10 VMs, lognormal/low",100,10,lognormal,low,1,20,20000,38.72324747896739,21.571116088645052,38.67736134687499,38.677361346874996,0.11863821753731431,0.11863821753729592,3.259596109390259,19951,38.73513263439345,38.732999901831036,38.732999901831036,38.723621355327644,38.72324747896739,38.72324747896739,38.72324747896739,38.72324747896739,38.72324747896739,38.72324747896739,38.72324747896739,38.72324747896739,38.72324747896739,38.72324747896739,38.72324747896739,38.72324747896739,38.72324747896739,38.72324747896739,38.72324747896739,38.72324747896739
benchmark|QI-MRFO + swap + Max-Min start|100-10-lognormal-low|inst1|run21|b20000,benchmark,QI-MRFO + swap + Max-Min start,"100 tasks, 10 VMs, lognormal/low",100,10,lognormal,low,1,21,20000,38.69616907144747,21.562195541619758,38.67736134687499,38.677361346874996,0.04862721736316768,0.048627217363149296,3.167839527130127,19951,38.74509036203794,38.73933740042062,38.71538955201737,38.71538955201737,38.69802580556652,38.69802580556652,38.69802580556652,38.69802580556652,38.69802580556652,38.69802580556652,38.69802580556652,38.69802580556652,38.69802580556652,38.69802580556652,38.69616907144747,38.69616907144747,38.69616907144747,38.69616907144747,38.69616907144747,38.69616907144747
benchmark|QI-MRFO + swap + Max-Min start|100-10-lognormal-low|inst1|run23|b20000,benchmark,QI-MRFO + swap + Max-Min start,"100 tasks, 10 VMs, lognormal/low",100,10,lognormal,low,1,23,20000,38.69569229818423,21.562108872781902,38.67736134687499,38.677361346874996,0.04739452400808442,0.04739452400806604,3.181915283203125,19951,38.82317001921296,38.782567980851155,38.782567980851155,38.775177503887676,38.774561399610626,38.77201173088223,38.74229002381739,38.74229002381739,38.727641819943486,38.727641819943486,38.727641819943486,38.727641819943486,38.72195568136883,38.72195568136883,38.714077828512465,38.714077828512465,38.70576306279578,38.70104502589871,38.69934925521654,38.69569229818423
benchmark|QI-MRFO + swap + Max-Min start|100-10-lognormal-low|inst1|run22|b20000,benchmark,QI-MRFO + swap + Max-Min start,"100 tasks, 10 VMs, lognormal/low",100,10,lognormal,low,1,22,20000,38.70098500072892,21.563813886115085,38.67736134687499,38.677361346874996,0.06107876295403056,0.06107876295401218,3.439230442047119,19951,38.7890002807368,38.7890002807368,38.73429814685568,38.73429814685568,38.73429814685568,38.73429814685568,38.73086955493185,38.73086955493185,38.72270419373478,38.71769974806825,38.70098500072892,38.70098500072892,38.70098500072892,38.70098500072892,38.70098500072892,38.70098500072892,38.70098500072892,38.70098500072892,38.70098500072892,38.70098500072892
benchmark|QI-MRFO + swap + Max-Min start|100-10-lognormal-low|inst1|run25|b20000,benchmark,QI-MRFO + swap + Max-Min start,"100 tasks, 10 VMs, lognormal/low",100,10,lognormal,low,1,25,20000,38.696432439508456,21.562374786446522,38.67736134687499,38.677361346874996,0.049308153321085554,0.04930815332106718,3.2193126678466797,19951,38.75204736651474,38.74569255688468,38.717015026342196,38.717015026342196,38.70700541628379,38.698119002313035,38.698119002313035,38.696432439508456,38.696432439508456,38.696432439508456,38.696432439508456,38.696432439508456,38.696432439508456,38.696432439508456,38.696432439508456,38.696432439508456,38.696432439508456,38.696432439508456,38.696432439508456,38.696432439508456
benchmark|QI-MRFO + swap + Max-Min start|100-10-lognormal-low|inst1|run24|b20000,benchmark,QI-MRFO + swap + Max-Min start,"100 tasks, 10 VMs, lognormal/low",100,10,lognormal,low,1,24,20000,38.69299787637389,21.561175852641632,38.67736134687499,38.677361346874996,0.040428118554064946,0.040428118554046565,3.3415255546569824,19951,38.78406771697649,38.76422229257902,38.716320707304725,38.716320707304725,38.70228484226701,38.70228484226701,38.69749996121019,38.69749996121019,38.69531551061392,38.69299787637389,38.69299787637389,38.69299787637389,38.69299787637389,38.69299787637389,38.69299787637389,38.69299787637389,38.69299787637389,38.69299787637389,38.69299787637389,38.69299787637389
benchmark|QI-MRFO + swap + Max-Min start|100-10-lognormal-low|inst1|run26|b20000,benchmark,QI-MRFO + swap + Max-Min start,"100 tasks, 10 VMs, lognormal/low",100,10,lognormal,low,1,26,20000,38.7001248329183,21.563578357581637,38.67736134687499,38.677361346874996,0.05885480614656545,0.05885480614654707,3.111949920654297,19951,38.79664943446414,38.763302572636064,38.74304560331229,38.73203940201257,38.73086955493185,38.727454635817296,38.711363892749205,38.70997515938681,38.70997515938681,38.70997515938681,38.70997515938681,38.70997515938681,38.70997515938681,38.70997515938681,38.70997515938681,38.70997515938681,38.7001248329183,38.7001248329183,38.7001248329183,38.7001248329183
benchmark|QI-MRFO + swap + Max-Min start|100-10-lognormal-low|inst1|run27|b20000,benchmark,QI-MRFO + swap + Max-Min start,"100 tasks, 10 VMs, lognormal/low",100,10,lognormal,low,1,27,20000,38.70240877530167,21.56435491736401,38.67736134687499,38.677361346874996,0.06475992041454312,0.06475992041452473,3.367896795272827,19951,38.78970748243785,38.746087562796546,38.732999901831036,38.732999901831036,38.728187359554916,38.725226063901076,38.71705697917557,38.71705697917557,38.714023676018805,38.714023676018805,38.70625459400174,38.70625459400174,38.70625459400174,38.70625459400174,38.70625459400174,38.70240877530167,38.70240877530167,38.70240877530167,38.70240877530167,38.70240877530167
benchmark|MRFO (original)|60-8-bimodal-none|inst1|run0|b20000,benchmark,MRFO (original),"60 tasks, 8 VMs, bimodal/none",60,8,bimodal,none,1,0,20000,62.341120000265335,26.035110476712546,52.93581643111007,52.93581643111009,17.767372269388147,17.7673722693881,0.5511815547943115,19950,67.15468662787224,65.19757013413825,64.38301250860968,64.38301250860968,64.38301250860968,64.38301250860968,64.38301250860968,62.341120000265335,62.341120000265335,62.341120000265335,62.341120000265335,62.341120000265335,62.341120000265335,62.341120000265335,62.341120000265335,62.341120000265335,62.341120000265335,62.341120000265335,62.341120000265335,62.341120000265335
benchmark|QI-MRFO + swap + Max-Min start|100-10-lognormal-low|inst1|run28|b20000,benchmark,QI-MRFO + swap + Max-Min start,"100 tasks, 10 VMs, lognormal/low",100,10,lognormal,low,1,28,20000,38.69238141610769,21.560969471835172,38.67736134687499,38.677361346874996,0.03883426560048489,0.03883426560046652,3.2765822410583496,19951,38.80649912498048,38.75892271576685,38.75832999143903,38.74625853901412,38.71123766676202,38.7088227627558,38.704076086925376,38.704076086925376,38.70030222524654,38.70030222524654,38.69238141610769,38.69238141610769,38.69238141610769,38.69238141610769,38.69238141610769,38.69238141610769,38.69238141610769,38.69238141610769,38.69238141610769,38.69238141610769
benchmark|QI-MRFO + swap + Max-Min start|100-10-lognormal-low|inst1|run29|b20000,benchmark,QI-MRFO + swap + Max-Min start,"100 tasks, 10 VMs, lognormal/low",100,10,lognormal,low,1,29,20000,38.68940884541989,21.559995128022024,38.67736134687499,38.677361346874996,0.031148708508977874,0.031148708508959497,3.285167694091797,19951,38.73285054124982,38.70576306279578,38.70576306279578,38.70576306279578,38.70576306279578,38.70476873798073,38.69732797583232,38.69732797583232,38.69732797583232,38.69732797583232,38.69595145774047,38.69476046409427,38.69476046409427,38.69476046409427,38.69476046409427,38.69476046409427,38.69476046409427,38.68940884541989,38.68940884541989,38.68940884541989
benchmark|MRFO (original)|60-8-bimodal-none|inst1|run1|b20000,benchmark,MRFO (original),"60 tasks, 8 VMs, bimodal/none",60,8,bimodal,none,1,1,20000,65.02843573843501,26.751728006891128,52.93581643111007,52.93581643111009,22.843927084910653,22.843927084910607,0.5592358112335205,19950,70.9558050774669,70.9558050774669,70.9558050774669,70.9558050774669,68.02680904384968,68.02680904384968,68.02680904384968,68.02680904384968,68.02680904384968,68.02680904384968,68.02680904384968,68.02680904384968,68.02680904384968,68.02680904384968,65.02843573843501,65.02843573843501,65.02843573843501,65.02843573843501,65.02843573843501,65.02843573843501
benchmark|MRFO (original)|60-8-bimodal-none|inst1|run2|b20000,benchmark,MRFO (original),"60 tasks, 8 VMs, bimodal/none",60,8,bimodal,none,1,2,20000,60.78505779685382,25.62016055580281,52.93581643111007,52.93581643111009,14.82784605005317,14.827846050053122,0.5534250736236572,19950,66.505692335838,65.25249532670594,65.25249532670594,65.25249532670594,65.25249532670594,65.25249532670594,65.25249532670594,65.25249532670594,65.25249532670594,65.25249532670594,65.25249532670594,65.25249532670594,65.25249532670594,65.25249532670594,65.25249532670594,65.25249532670594,62.02314343601056,62.02314343601056,60.78505779685382,60.78505779685382
benchmark|MRFO (original)|60-8-bimodal-none|inst1|run3|b20000,benchmark,MRFO (original),"60 tasks, 8 VMs, bimodal/none",60,8,bimodal,none,1,3,20000,64.96709546522067,26.735370600700634,52.93581643111007,52.93581643111009,22.728050392436913,22.728050392436867,0.5998451709747314,19950,67.95348852022312,67.95348852022312,67.95348852022312,65.77824629650937,64.96709546522067,64.96709546522067,64.96709546522067,64.96709546522067,64.96709546522067,64.96709546522067,64.96709546522067,64.96709546522067,64.96709546522067,64.96709546522067,64.96709546522067,64.96709546522067,64.96709546522067,64.96709546522067,64.96709546522067,64.96709546522067
benchmark|MRFO (original)|60-8-bimodal-none|inst1|run4|b20000,benchmark,MRFO (original),"60 tasks, 8 VMs, bimodal/none",60,8,bimodal,none,1,4,20000,63.095532752437535,26.236287210625136,52.93581643111007,52.93581643111009,19.19251842379569,19.19251842379564,0.5631134510040283,19950,69.67218109518419,65.3007694186431,65.3007694186431,64.52643275862636,63.095532752437535,63.095532752437535,63.095532752437535,63.095532752437535,63.095532752437535,63.095532752437535,63.095532752437535,63.095532752437535,63.095532752437535,63.095532752437535,63.095532752437535,63.095532752437535,63.095532752437535,63.095532752437535,63.095532752437535,63.095532752437535
benchmark|MRFO (original)|60-8-bimodal-none|inst1|run5|b20000,benchmark,MRFO (original),"60 tasks, 8 VMs, bimodal/none",60,8,bimodal,none,1,5,20000,63.281286131501446,26.285821445042174,52.93581643111007,52.93581643111009,19.543421444826162,19.543421444826112,0.58260178565979,19950,63.281286131501446,63.281286131501446,63.281286131501446,63.281286131501446,63.281286131501446,63.281286131501446,63.281286131501446,63.281286131501446,63.281286131501446,63.281286131501446,63.281286131501446,63.281286131501446,63.281286131501446,63.281286131501446,63.281286131501446,63.281286131501446,63.281286131501446,63.281286131501446,63.281286131501446,63.281286131501446
benchmark|MRFO (original)|60-8-bimodal-none|inst1|run6|b20000,benchmark,MRFO (original),"60 tasks, 8 VMs, bimodal/none",60,8,bimodal,none,1,6,20000,63.49825165307084,26.343678917460682,52.93581643111007,52.93581643111009,19.953286704676735,19.95328670467669,0.5677435398101807,19950,63.78525230147905,63.49825165307084,63.49825165307084,63.49825165307084,63.49825165307084,63.49825165307084,63.49825165307084,63.49825165307084,63.49825165307084,63.49825165307084,63.49825165307084,63.49825165307084,63.49825165307084,63.49825165307084,63.49825165307084,63.49825165307084,63.49825165307084,63.49825165307084,63.49825165307084,63.49825165307084
benchmark|MRFO (original)|60-8-bimodal-none|inst1|run8|b20000,benchmark,MRFO (original),"60 tasks, 8 VMs, bimodal/none",60,8,bimodal,none,1,8,20000,65.5727196497256,26.89687038323528,52.93581643111007,52.93581643111009,23.872123017241112,23.872123017241062,0.5943293571472168,19950,70.31118322249421,70.31118322249421,70.31118322249421,69.31309542006368,68.50194458877498,68.50194458877498,68.50194458877498,68.50194458877498,68.50194458877498,68.50194458877498,68.50194458877498,67.06071137959734,67.06071137959734,67.06071137959734,67.06071137959734,65.5727196497256,65.5727196497256,65.5727196497256,65.5727196497256,65.5727196497256
benchmark|MRFO (original)|60-8-bimodal-none|inst1|run7|b20000,benchmark,MRFO (original),"60 tasks, 8 VMs, bimodal/none",60,8,bimodal,none,1,7,20000,61.39850375431443,25.783746144458974,52.93581643111007,52.93581643111009,15.986694630879239,15.986694630879192,0.660491943359375,19950,68.63194895864076,61.39850375431443,61.39850375431443,61.39850375431443,61.39850375431443,61.39850375431443,61.39850375431443,61.39850375431443,61.39850375431443,61.39850375431443,61.39850375431443,61.39850375431443,61.39850375431443,61.39850375431443,61.39850375431443,61.39850375431443,61.39850375431443,61.39850375431443,61.39850375431443,61.39850375431443
benchmark|MRFO (original)|60-8-bimodal-none|inst1|run9|b20000,benchmark,MRFO (original),"60 tasks, 8 VMs, bimodal/none",60,8,bimodal,none,1,9,20000,66.63953389203641,27.181354181184833,52.93581643111007,52.93581643111009,25.88742062523994,25.88742062523989,0.576876163482666,19950,66.75329769098381,66.75329769098381,66.75329769098381,66.75329769098381,66.63953389203641,66.63953389203641,66.63953389203641,66.63953389203641,66.63953389203641,66.63953389203641,66.63953389203641,66.63953389203641,66.63953389203641,66.63953389203641,66.63953389203641,66.63953389203641,66.63953389203641,66.63953389203641,66.63953389203641,66.63953389203641
benchmark|MRFO (original)|60-8-bimodal-none|inst1|run10|b20000,benchmark,MRFO (original),"60 tasks, 8 VMs, bimodal/none",60,8,bimodal,none,1,10,20000,68.3602644636826,27.640215666957147,52.93581643111007,52.93581643111009,29.13801859020289,29.138018590202837,0.5565235614776611,19950,69.83545084353226,68.3602644636826,68.3602644636826,68.3602644636826,68.3602644636826,68.3602644636826,68.3602644636826,68.3602644636826,68.3602644636826,68.3602644636826,68.3602644636826,68.3602644636826,68.3602644636826,68.3602644636826,68.3602644636826,68.3602644636826,68.3602644636826,68.3602644636826,68.3602644636826,68.3602644636826
benchmark|MRFO (original)|60-8-bimodal-none|inst1|run12|b20000,benchmark,MRFO (original),"60 tasks, 8 VMs, bimodal/none",60,8,bimodal,none,1,12,20000,68.21051139131342,27.60028151432537,52.93581643111007,52.93581643111009,28.855123033913387,28.855123033913333,0.5674326419830322,19950,68.21051139131342,68.21051139131342,68.21051139131342,68.21051139131342,68.21051139131342,68.21051139131342,68.21051139131342,68.21051139131342,68.21051139131342,68.21051139131342,68.21051139131342,68.21051139131342,68.21051139131342,68.21051139131342,68.21051139131342,68.21051139131342,68.21051139131342,68.21051139131342,68.21051139131342,68.21051139131342
benchmark|MRFO (original)|60-8-bimodal-none|inst1|run11|b20000,benchmark,MRFO (original),"60 tasks, 8 VMs, bimodal/none",60,8,bimodal,none,1,11,20000,68.05286423715009,27.558242273215146,52.93581643111007,52.93581643111009,28.557314924410647,28.557314924410594,0.5995173454284668,19950,68.05286423715009,68.05286423715009,68.05286423715009,68.05286423715009,68.05286423715009,68.05286423715009,68.05286423715009,68.05286423715009,68.05286423715009,68.05286423715009,68.05286423715009,68.05286423715009,68.05286423715009,68.05286423715009,68.05286423715009,68.05286423715009,68.05286423715009,68.05286423715009,68.05286423715009,68.05286423715009
benchmark|MRFO (original)|60-8-bimodal-none|inst1|run13|b20000,benchmark,MRFO (original),"60 tasks, 8 VMs, bimodal/none",60,8,bimodal,none,1,13,20000,64.7418776974421,26.67531252929302,52.93581643111007,52.93581643111009,22.302595978086558,22.302595978086504,0.5563263893127441,19950,69.69872610373523,64.7418776974421,64.7418776974421,64.7418776974421,64.7418776974421,64.7418776974421,64.7418776974421,64.7418776974421,64.7418776974421,64.7418776974421,64.7418776974421,64.7418776974421,64.7418776974421,64.7418776974421,64.7418776974421,64.7418776974421,64.7418776974421,64.7418776974421,64.7418776974421,64.7418776974421
benchmark|MRFO (original)|60-8-bimodal-none|inst1|run14|b20000,benchmark,MRFO (original),"60 tasks, 8 VMs, bimodal/none",60,8,bimodal,none,1,14,20000,64.85755479705601,26.70615975585673,52.93581643111007,52.93581643111009,22.52111929068049,22.521119290680442,0.5569648742675781,19950,68.7550180896116,67.03389502189779,66.72105496281641,66.72105496281641,66.72105496281641,66.72105496281641,66.3731925068034,66.3731925068034,66.3731925068034,64.85755479705601,64.85755479705601,64.85755479705601,64.85755479705601,64.85755479705601,64.85755479705601,64.85755479705601,64.85755479705601,64.85755479705601,64.85755479705601,64.85755479705601
benchmark|MRFO (original)|60-8-bimodal-none|inst1|run15|b20000,benchmark,MRFO (original),"60 tasks, 8 VMs, bimodal/none",60,8,bimodal,none,1,15,20000,63.78863099387519,26.421113408341842,52.93581643111007,52.93581643111009,20.50183655311866,20.50183655311861,0.5711872577667236,19950,70.8505491661987,65.509754061589,65.509754061589,65.509754061589,65.509754061589,65.509754061589,65.509754061589,65.509754061589,65.509754061589,65.509754061589,65.509754061589,65.509754061589,63.78863099387519,63.78863099387519,63.78863099387519,63.78863099387519,63.78863099387519,63.78863099387519,63.78863099387519,63.78863099387519
benchmark|MRFO (original)|60-8-bimodal-none|inst1|run16|b20000,benchmark,MRFO (original),"60 tasks, 8 VMs, bimodal/none",60,8,bimodal,none,1,16,20000,66.87228932516058,27.24342229668461,52.93581643111007,52.93581643111009,26.327114293565756,26.327114293565707,0.601210355758667,19950,68.65218201840575,67.41409637924902,66.87228932516058,66.87228932516058,66.87228932516058,66.87228932516058,66.87228932516058,66.87228932516058,66.87228932516058,66.87228932516058,66.87228932516058,66.87228932516058,66.87228932516058,66.87228932516058,66.87228932516058,66.87228932516058,66.87228932516058,66.87228932516058,66.87228932516058,66.87228932516058
benchmark|MRFO (original)|60-8-bimodal-none|inst1|run17|b20000,benchmark,MRFO (original),"60 tasks, 8 VMs, bimodal/none",60,8,bimodal,none,1,17,20000,64.66885180840009,26.655838958881812,52.93581643111007,52.93581643111009,22.164644220721957,22.164644220721907,0.5692431926727295,19950,66.30788924544194,65.14434532320526,65.14434532320526,64.66885180840009,64.66885180840009,64.66885180840009,64.66885180840009,64.66885180840009,64.66885180840009,64.66885180840009,64.66885180840009,64.66885180840009,64.66885180840009,64.66885180840009,64.66885180840009,64.66885180840009,64.66885180840009,64.66885180840009,64.66885180840009,64.66885180840009
benchmark|MRFO (original)|60-8-bimodal-none|inst1|run18|b20000,benchmark,MRFO (original),"60 tasks, 8 VMs, bimodal/none",60,8,bimodal,none,1,18,20000,64.67247316661746,26.65680465440645,52.93581643111007,52.93581643111009,22.17148525664342,22.171485256643376,0.5591607093811035,19950,64.67247316661746,64.67247316661746,64.67247316661746,64.67247316661746,64.67247316661746,64.67247316661746,64.67247316661746,64.67247316661746,64.67247316661746,64.67247316661746,64.67247316661746,64.67247316661746,64.67247316661746,64.67247316661746,64.67247316661746,64.67247316661746,64.67247316661746,64.67247316661746,64.67247316661746,64.67247316661746
benchmark|MRFO (original)|60-8-bimodal-none|inst1|run19|b20000,benchmark,MRFO (original),"60 tasks, 8 VMs, bimodal/none",60,8,bimodal,none,1,19,20000,60.72292216044132,25.603591052759477,52.93581643111007,52.93581643111009,14.71046685275041,14.710466852750365,0.5891432762145996,19950,67.29683731173604,60.72292216044132,60.72292216044132,60.72292216044132,60.72292216044132,60.72292216044132,60.72292216044132,60.72292216044132,60.72292216044132,60.72292216044132,60.72292216044132,60.72292216044132,60.72292216044132,60.72292216044132,60.72292216044132,60.72292216044132,60.72292216044132,60.72292216044132,60.72292216044132,60.72292216044132
benchmark|MRFO (original)|60-8-bimodal-none|inst1|run20|b20000,benchmark,MRFO (original),"60 tasks, 8 VMs, bimodal/none",60,8,bimodal,none,1,20,20000,66.45299828122046,27.13161135163391,52.93581643111007,52.93581643111009,25.53503990573464,25.53503990573459,0.6613831520080566,19950,69.07049420780477,69.07049420780477,67.46439940089773,67.46439940089773,67.46439940089773,67.46439940089773,67.46439940089773,66.55898777946481,66.55898777946481,66.55898777946481,66.55898777946481,66.55898777946481,66.55898777946481,66.55898777946481,66.55898777946481,66.55898777946481,66.55898777946481,66.55898777946481,66.45299828122046,66.45299828122046
benchmark|MRFO (original)|60-8-bimodal-none|inst1|run21|b20000,benchmark,MRFO (original),"60 tasks, 8 VMs, bimodal/none",60,8,bimodal,none,1,21,20000,62.764500499625505,26.148011943208598,52.93581643111007,52.93581643111009,18.56717196627419,18.567171966274145,0.6191918849945068,19950,62.764500499625505,62.764500499625505,62.764500499625505,62.764500499625505,62.764500499625505,62.764500499625505,62.764500499625505,62.764500499625505,62.764500499625505,62.764500499625505,62.764500499625505,62.764500499625505,62.764500499625505,62.764500499625505,62.764500499625505,62.764500499625505,62.764500499625505,62.764500499625505,62.764500499625505,62.764500499625505
benchmark|MRFO (original)|60-8-bimodal-none|inst1|run22|b20000,benchmark,MRFO (original),"60 tasks, 8 VMs, bimodal/none",60,8,bimodal,none,1,22,20000,70.4774251303047,28.204791844723044,52.93581643111007,52.93581643111009,33.13750477811753,33.13750477811748,0.5569362640380859,19950,73.51547500604903,71.39964832209213,71.39964832209213,71.39964832209213,71.39964832209213,71.39964832209213,71.39964832209213,71.39964832209213,71.39964832209213,70.4774251303047,70.4774251303047,70.4774251303047,70.4774251303047,70.4774251303047,70.4774251303047,70.4774251303047,70.4774251303047,70.4774251303047,70.4774251303047,70.4774251303047
benchmark|MRFO (original)|60-8-bimodal-none|inst1|run23|b20000,benchmark,MRFO (original),"60 tasks, 8 VMs, bimodal/none",60,8,bimodal,none,1,23,20000,62.57232230299043,26.096764424105906,52.93581643111007,52.93581643111009,18.204131949908003,18.204131949907957,0.5991802215576172,19950,71.34096012133575,64.9028127613725,64.9028127613725,64.9028127613725,64.9028127613725,64.9028127613725,64.9028127613725,64.9028127613725,64.9028127613725,64.9028127613725,64.9028127613725,64.9028127613725,62.57232230299043,62.57232230299043,62.57232230299043,62.57232230299043,62.57232230299043,62.57232230299043,62.57232230299043,62.57232230299043
benchmark|MRFO (original)|60-8-bimodal-none|inst1|run24|b20000,benchmark,MRFO (original),"60 tasks, 8 VMs, bimodal/none",60,8,bimodal,none,1,24,20000,61.16189051399628,25.720649280374136,52.93581643111007,52.93581643111009,15.539713255563957,15.539713255563909,0.608696460723877,19950,64.61631719253495,62.895194124821145,61.16189051399628,61.16189051399628,61.16189051399628,61.16189051399628,61.16189051399628,61.16189051399628,61.16189051399628,61.16189051399628,61.16189051399628,61.16189051399628,61.16189051399628,61.16189051399628,61.16189051399628,61.16189051399628,61.16189051399628,61.16189051399628,61.16189051399628,61.16189051399628
benchmark|MRFO (original)|60-8-bimodal-none|inst1|run25|b20000,benchmark,MRFO (original),"60 tasks, 8 VMs, bimodal/none",60,8,bimodal,none,1,25,20000,64.64546018283369,26.649601192064107,52.93581643111007,52.93581643111009,22.120455565207696,22.12045556520765,0.5916688442230225,19950,72.24317717210619,69.43787271023592,66.53331292573147,66.53331292573147,66.53331292573147,66.53331292573147,66.53331292573147,66.53331292573147,64.72950012040042,64.72950012040042,64.64546018283369,64.64546018283369,64.64546018283369,64.64546018283369,64.64546018283369,64.64546018283369,64.64546018283369,64.64546018283369,64.64546018283369,64.64546018283369
benchmark|MRFO (original)|60-8-bimodal-none|inst1|run26|b20000,benchmark,MRFO (original),"60 tasks, 8 VMs, bimodal/none",60,8,bimodal,none,1,26,20000,62.8392872412047,26.167955074296376,52.93581643111007,52.93581643111009,18.70845011521239,18.708450115212344,0.5928769111633301,19950,66.21810121703993,66.21810121703993,66.21810121703993,66.21810121703993,66.21810121703993,66.21810121703993,66.21810121703993,66.21810121703993,66.21810121703993,66.21810121703993,66.21810121703993,66.11165348035807,64.65704410908415,62.8392872412047,62.8392872412047,62.8392872412047,62.8392872412047,62.8392872412047,62.8392872412047,62.8392872412047
benchmark|MRFO (original)|60-8-bimodal-none|inst1|run27|b20000,benchmark,MRFO (original),"60 tasks, 8 VMs, bimodal/none",60,8,bimodal,none,1,27,20000,62.92993085874821,26.192126705641314,52.93581643111007,52.93581643111009,18.879683173762587,18.879683173762537,0.5837390422821045,19950,67.97149392988777,63.739977088389715,62.92993085874821,62.92993085874821,62.92993085874821,62.92993085874821,62.92993085874821,62.92993085874821,62.92993085874821,62.92993085874821,62.92993085874821,62.92993085874821,62.92993085874821,62.92993085874821,62.92993085874821,62.92993085874821,62.92993085874821,62.92993085874821,62.92993085874821,62.92993085874821
benchmark|MRFO (original)|60-8-bimodal-none|inst1|run28|b20000,benchmark,MRFO (original),"60 tasks, 8 VMs, bimodal/none",60,8,bimodal,none,1,28,20000,63.69102413628485,26.395084912984416,52.93581643111007,52.93581643111009,20.31744937602211,20.317449376022065,0.616919994354248,19950,64.3931391963979,64.3931391963979,64.3931391963979,64.3931391963979,64.3931391963979,64.3931391963979,64.3931391963979,64.3931391963979,64.3931391963979,64.3931391963979,63.69102413628485,63.69102413628485,63.69102413628485,63.69102413628485,63.69102413628485,63.69102413628485,63.69102413628485,63.69102413628485,63.69102413628485,63.69102413628485
benchmark|MRFO (original)|60-8-bimodal-none|inst1|run29|b20000,benchmark,MRFO (original),"60 tasks, 8 VMs, bimodal/none",60,8,bimodal,none,1,29,20000,62.58744137093857,26.10079617555874,52.93581643111007,52.93581643111009,18.232693081042758,18.23269308104271,0.6090123653411865,19950,66.72399482905064,65.48989103913283,63.80110444290251,63.80110444290251,63.80110444290251,63.80110444290251,63.80110444290251,63.80110444290251,62.58744137093857,62.58744137093857,62.58744137093857,62.58744137093857,62.58744137093857,62.58744137093857,62.58744137093857,62.58744137093857,62.58744137093857,62.58744137093857,62.58744137093857,62.58744137093857
benchmark|QI-MRFO + swap|60-8-bimodal-none|inst1|run0|b20000,benchmark,QI-MRFO + swap,"60 tasks, 8 VMs, bimodal/none",60,8,bimodal,none,1,0,20000,55.03284264564544,24.086236515480575,52.93581643111007,52.93581643111009,3.961450594163234,3.961450594163192,2.7738959789276123,19950,55.03284264564544,55.03284264564544,55.03284264564544,55.03284264564544,55.03284264564544,55.03284264564544,55.03284264564544,55.03284264564544,55.03284264564544,55.03284264564544,55.03284264564544,55.03284264564544,55.03284264564544,55.03284264564544,55.03284264564544,55.03284264564544,55.03284264564544,55.03284264564544,55.03284264564544,55.03284264564544
benchmark|QI-MRFO + swap|60-8-bimodal-none|inst1|run1|b20000,benchmark,QI-MRFO + swap,"60 tasks, 8 VMs, bimodal/none",60,8,bimodal,none,1,1,20000,55.03284264564544,24.08623651548057,52.93581643111007,52.93581643111009,3.961450594163234,3.961450594163192,2.8793447017669678,19950,56.076296147808115,55.587622477205265,55.587622477205265,55.587622477205265,55.487882157842336,55.03284264564544,55.03284264564544,55.03284264564544,55.03284264564544,55.03284264564544,55.03284264564544,55.03284264564544,55.03284264564544,55.03284264564544,55.03284264564544,55.03284264564544,55.03284264564544,55.03284264564544,55.03284264564544,55.03284264564544
benchmark|QI-MRFO + swap|60-8-bimodal-none|inst1|run2|b20000,benchmark,QI-MRFO + swap,"60 tasks, 8 VMs, bimodal/none",60,8,bimodal,none,1,2,20000,55.03284264564544,24.086236515480575,52.93581643111007,52.93581643111009,3.961450594163234,3.961450594163192,2.8744451999664307,19950,56.485855474986394,55.03284264564544,55.03284264564544,55.03284264564544,55.03284264564544,55.03284264564544,55.03284264564544,55.03284264564544,55.03284264564544,55.03284264564544,55.03284264564544,55.03284264564544,55.03284264564544,55.03284264564544,55.03284264564544,55.03284264564544,55.03284264564544,55.03284264564544,55.03284264564544,55.03284264564544
benchmark|QI-MRFO + swap|60-8-bimodal-none|inst1|run3|b20000,benchmark,QI-MRFO + swap,"60 tasks, 8 VMs, bimodal/none",60,8,bimodal,none,1,3,20000,55.03284264564544,24.08623651548057,52.93581643111007,52.93581643111009,3.961450594163234,3.961450594163192,2.7849678993225098,19950,55.487882157842336,55.487882157842336,55.03284264564544,55.03284264564544,55.03284264564544,55.03284264564544,55.03284264564544,55.03284264564544,55.03284264564544,55.03284264564544,55.03284264564544,55.03284264564544,55.03284264564544,55.03284264564544,55.03284264564544,55.03284264564544,55.03284264564544,55.03284264564544,55.03284264564544,55.03284264564544
benchmark|QI-MRFO + swap|60-8-bimodal-none|inst1|run4|b20000,benchmark,QI-MRFO + swap,"60 tasks, 8 VMs, bimodal/none",60,8,bimodal,none,1,4,20000,55.03284264564544,24.086236515480575,52.93581643111007,52.93581643111009,3.961450594163234,3.961450594163192,2.768521785736084,19950,56.04266198940216,55.03284264564544,55.03284264564544,55.03284264564544,55.03284264564544,55.03284264564544,55.03284264564544,55.03284264564544,55.03284264564544,55.03284264564544,55.03284264564544,55.03284264564544,55.03284264564544,55.03284264564544,55.03284264564544,55.03284264564544,55.03284264564544,55.03284264564544,55.03284264564544,55.03284264564544
benchmark|QI-MRFO + swap|60-8-bimodal-none|inst1|run5|b20000,benchmark,QI-MRFO + swap,"60 tasks, 8 VMs, bimodal/none",60,8,bimodal,none,1,5,20000,55.03284264564544,24.086236515480575,52.93581643111007,52.93581643111009,3.961450594163234,3.961450594163192,2.850792407989502,19950,55.587622477205265,55.03284264564544,55.03284264564544,55.03284264564544,55.03284264564544,55.03284264564544,55.03284264564544,55.03284264564544,55.03284264564544,55.03284264564544,55.03284264564544,55.03284264564544,55.03284264564544,55.03284264564544,55.03284264564544,55.03284264564544,55.03284264564544,55.03284264564544,55.03284264564544,55.03284264564544
benchmark|QI-MRFO + swap|60-8-bimodal-none|inst1|run7|b20000,benchmark,QI-MRFO + swap,"60 tasks, 8 VMs, bimodal/none",60,8,bimodal,none,1,7,20000,55.03284264564544,24.086236515480575,52.93581643111007,52.93581643111009,3.961450594163234,3.961450594163192,2.811263084411621,19950,56.04266198940216,55.487882157842336,55.487882157842336,55.487882157842336,55.487882157842336,55.487882157842336,55.03284264564544,55.03284264564544,55.03284264564544,55.03284264564544,55.03284264564544,55.03284264564544,55.03284264564544,55.03284264564544,55.03284264564544,55.03284264564544,55.03284264564544,55.03284264564544,55.03284264564544,55.03284264564544
benchmark|QI-MRFO + swap|60-8-bimodal-none|inst1|run6|b20000,benchmark,QI-MRFO + swap,"60 tasks, 8 VMs, bimodal/none",60,8,bimodal,none,1,6,20000,55.03284264564544,24.086236515480575,52.93581643111007,52.93581643111009,3.961450594163234,3.961450594163192,2.916478395462036,19950,56.04266198940216,55.03284264564544,55.03284264564544,55.03284264564544,55.03284264564544,55.03284264564544,55.03284264564544,55.03284264564544,55.03284264564544,55.03284264564544,55.03284264564544,55.03284264564544,55.03284264564544,55.03284264564544,55.03284264564544,55.03284264564544,55.03284264564544,55.03284264564544,55.03284264564544,55.03284264564544
benchmark|QI-MRFO + swap|60-8-bimodal-none|inst1|run8|b20000,benchmark,QI-MRFO + swap,"60 tasks, 8 VMs, bimodal/none",60,8,bimodal,none,1,8,20000,55.03284264564544,24.086236515480575,52.93581643111007,52.93581643111009,3.961450594163234,3.961450594163192,2.913059949874878,19950,55.03284264564544,55.03284264564544,55.03284264564544,55.03284264564544,55.03284264564544,55.03284264564544,55.03284264564544,55.03284264564544,55.03284264564544,55.03284264564544,55.03284264564544,55.03284264564544,55.03284264564544,55.03284264564544,55.03284264564544,55.03284264564544,55.03284264564544,55.03284264564544,55.03284264564544,55.03284264564544
benchmark|QI-MRFO + swap|60-8-bimodal-none|inst1|run9|b20000,benchmark,QI-MRFO + swap,"60 tasks, 8 VMs, bimodal/none",60,8,bimodal,none,1,9,20000,55.03284264564544,24.08623651548057,52.93581643111007,52.93581643111009,3.961450594163234,3.961450594163192,2.847500801086426,19950,56.485855474986394,56.485855474986394,56.485855474986394,55.03284264564544,55.03284264564544,55.03284264564544,55.03284264564544,55.03284264564544,55.03284264564544,55.03284264564544,55.03284264564544,55.03284264564544,55.03284264564544,55.03284264564544,55.03284264564544,55.03284264564544,55.03284264564544,55.03284264564544,55.03284264564544,55.03284264564544
benchmark|QI-MRFO + swap|60-8-bimodal-none|inst1|run10|b20000,benchmark,QI-MRFO + swap,"60 tasks, 8 VMs, bimodal/none",60,8,bimodal,none,1,10,20000,55.03284264564544,24.086236515480575,52.93581643111007,52.93581643111009,3.961450594163234,3.961450594163192,2.8458595275878906,19950,56.485855474986394,55.03284264564544,55.03284264564544,55.03284264564544,55.03284264564544,55.03284264564544,55.03284264564544,55.03284264564544,55.03284264564544,55.03284264564544,55.03284264564544,55.03284264564544,55.03284264564544,55.03284264564544,55.03284264564544,55.03284264564544,55.03284264564544,55.03284264564544,55.03284264564544,55.03284264564544
benchmark|QI-MRFO + swap|60-8-bimodal-none|inst1|run11|b20000,benchmark,QI-MRFO + swap,"60 tasks, 8 VMs, bimodal/none",60,8,bimodal,none,1,11,20000,55.03284264564544,24.086236515480575,52.93581643111007,52.93581643111009,3.961450594163234,3.961450594163192,2.934098958969116,19950,55.487882157842336,55.03284264564544,55.03284264564544,55.03284264564544,55.03284264564544,55.03284264564544,55.03284264564544,55.03284264564544,55.03284264564544,55.03284264564544,55.03284264564544,55.03284264564544,55.03284264564544,55.03284264564544,55.03284264564544,55.03284264564544,55.03284264564544,55.03284264564544,55.03284264564544,55.03284264564544
benchmark|QI-MRFO + swap|60-8-bimodal-none|inst1|run12|b20000,benchmark,QI-MRFO + swap,"60 tasks, 8 VMs, bimodal/none",60,8,bimodal,none,1,12,20000,55.03284264564544,24.086236515480575,52.93581643111007,52.93581643111009,3.961450594163234,3.961450594163192,2.781841993331909,19950,55.03284264564544,55.03284264564544,55.03284264564544,55.03284264564544,55.03284264564544,55.03284264564544,55.03284264564544,55.03284264564544,55.03284264564544,55.03284264564544,55.03284264564544,55.03284264564544,55.03284264564544,55.03284264564544,55.03284264564544,55.03284264564544,55.03284264564544,55.03284264564544,55.03284264564544,55.03284264564544
benchmark|QI-MRFO + swap|60-8-bimodal-none|inst1|run13|b20000,benchmark,QI-MRFO + swap,"60 tasks, 8 VMs, bimodal/none",60,8,bimodal,none,1,13,20000,55.03284264564544,24.08623651548057,52.93581643111007,52.93581643111009,3.961450594163234,3.961450594163192,2.810682773590088,19950,55.03284264564544,55.03284264564544,55.03284264564544,55.03284264564544,55.03284264564544,55.03284264564544,55.03284264564544,55.03284264564544,55.03284264564544,55.03284264564544,55.03284264564544,55.03284264564544,55.03284264564544,55.03284264564544,55.03284264564544,55.03284264564544,55.03284264564544,55.03284264564544,55.03284264564544,55.03284264564544
benchmark|QI-MRFO + swap|60-8-bimodal-none|inst1|run14|b20000,benchmark,QI-MRFO + swap,"60 tasks, 8 VMs, bimodal/none",60,8,bimodal,none,1,14,20000,55.03284264564544,24.08623651548057,52.93581643111007,52.93581643111009,3.961450594163234,3.961450594163192,2.8118786811828613,19950,55.03284264564544,55.03284264564544,55.03284264564544,55.03284264564544,55.03284264564544,55.03284264564544,55.03284264564544,55.03284264564544,55.03284264564544,55.03284264564544,55.03284264564544,55.03284264564544,55.03284264564544,55.03284264564544,55.03284264564544,55.03284264564544,55.03284264564544,55.03284264564544,55.03284264564544,55.03284264564544
benchmark|QI-MRFO + swap|60-8-bimodal-none|inst1|run15|b20000,benchmark,QI-MRFO + swap,"60 tasks, 8 VMs, bimodal/none",60,8,bimodal,none,1,15,20000,55.03284264564544,24.08623651548057,52.93581643111007,52.93581643111009,3.961450594163234,3.961450594163192,2.7671127319335938,19950,55.03284264564544,55.03284264564544,55.03284264564544,55.03284264564544,55.03284264564544,55.03284264564544,55.03284264564544,55.03284264564544,55.03284264564544,55.03284264564544,55.03284264564544,55.03284264564544,55.03284264564544,55.03284264564544,55.03284264564544,55.03284264564544,55.03284264564544,55.03284264564544,55.03284264564544,55.03284264564544
benchmark|QI-MRFO + swap|60-8-bimodal-none|inst1|run16|b20000,benchmark,QI-MRFO + swap,"60 tasks, 8 VMs, bimodal/none",60,8,bimodal,none,1,16,20000,55.03284264564544,24.08623651548057,52.93581643111007,52.93581643111009,3.961450594163234,3.961450594163192,2.833360433578491,19950,57.52930897714907,55.03284264564544,55.03284264564544,55.03284264564544,55.03284264564544,55.03284264564544,55.03284264564544,55.03284264564544,55.03284264564544,55.03284264564544,55.03284264564544,55.03284264564544,55.03284264564544,55.03284264564544,55.03284264564544,55.03284264564544,55.03284264564544,55.03284264564544,55.03284264564544,55.03284264564544
benchmark|QI-MRFO + swap|60-8-bimodal-none|inst1|run17|b20000,benchmark,QI-MRFO + swap,"60 tasks, 8 VMs, bimodal/none",60,8,bimodal,none,1,17,20000,55.03284264564544,24.08623651548057,52.93581643111007,52.93581643111009,3.961450594163234,3.961450594163192,2.821244716644287,19950,56.485855474986394,55.03284264564544,55.03284264564544,55.03284264564544,55.03284264564544,55.03284264564544,55.03284264564544,55.03284264564544,55.03284264564544,55.03284264564544,55.03284264564544,55.03284264564544,55.03284264564544,55.03284264564544,55.03284264564544,55.03284264564544,55.03284264564544,55.03284264564544,55.03284264564544,55.03284264564544
benchmark|QI-MRFO + swap|60-8-bimodal-none|inst1|run19|b20000,benchmark,QI-MRFO + swap,"60 tasks, 8 VMs, bimodal/none",60,8,bimodal,none,1,19,20000,55.03284264564544,24.086236515480575,52.93581643111007,52.93581643111009,3.961450594163234,3.961450594163192,2.8133511543273926,19950,55.03284264564544,55.03284264564544,55.03284264564544,55.03284264564544,55.03284264564544,55.03284264564544,55.03284264564544,55.03284264564544,55.03284264564544,55.03284264564544,55.03284264564544,55.03284264564544,55.03284264564544,55.03284264564544,55.03284264564544,55.03284264564544,55.03284264564544,55.03284264564544,55.03284264564544,55.03284264564544
benchmark|QI-MRFO + swap|60-8-bimodal-none|inst1|run18|b20000,benchmark,QI-MRFO + swap,"60 tasks, 8 VMs, bimodal/none",60,8,bimodal,none,1,18,20000,55.587622477205265,24.23417780389653,52.93581643111007,52.93581643111009,5.0094741611215525,5.00947416112151,2.9809908866882324,19950,56.485855474986394,56.485855474986394,55.587622477205265,55.587622477205265,55.587622477205265,55.587622477205265,55.587622477205265,55.587622477205265,55.587622477205265,55.587622477205265,55.587622477205265,55.587622477205265,55.587622477205265,55.587622477205265,55.587622477205265,55.587622477205265,55.587622477205265,55.587622477205265,55.587622477205265,55.587622477205265
benchmark|QI-MRFO + swap|60-8-bimodal-none|inst1|run20|b20000,benchmark,QI-MRFO + swap,"60 tasks, 8 VMs, bimodal/none",60,8,bimodal,none,1,20,20000,55.03284264564544,24.086236515480575,52.93581643111007,52.93581643111009,3.961450594163234,3.961450594163192,2.9554779529571533,19950,55.03284264564544,55.03284264564544,55.03284264564544,55.03284264564544,55.03284264564544,55.03284264564544,55.03284264564544,55.03284264564544,55.03284264564544,55.03284264564544,55.03284264564544,55.03284264564544,55.03284264564544,55.03284264564544,55.03284264564544,55.03284264564544,55.03284264564544,55.03284264564544,55.03284264564544,55.03284264564544
benchmark|QI-MRFO + swap|60-8-bimodal-none|inst1|run21|b20000,benchmark,QI-MRFO + swap,"60 tasks, 8 VMs, bimodal/none",60,8,bimodal,none,1,21,20000,55.03284264564544,24.08623651548057,52.93581643111007,52.93581643111009,3.961450594163234,3.961450594163192,2.8357648849487305,19950,55.03284264564544,55.03284264564544,55.03284264564544,55.03284264564544,55.03284264564544,55.03284264564544,55.03284264564544,55.03284264564544,55.03284264564544,55.03284264564544,55.03284264564544,55.03284264564544,55.03284264564544,55.03284264564544,55.03284264564544,55.03284264564544,55.03284264564544,55.03284264564544,55.03284264564544,55.03284264564544
benchmark|QI-MRFO + swap|60-8-bimodal-none|inst1|run22|b20000,benchmark,QI-MRFO + swap,"60 tasks, 8 VMs, bimodal/none",60,8,bimodal,none,1,22,20000,55.03284264564544,24.086236515480575,52.93581643111007,52.93581643111009,3.961450594163234,3.961450594163192,2.729980707168579,19950,56.485855474986394,55.03284264564544,55.03284264564544,55.03284264564544,55.03284264564544,55.03284264564544,55.03284264564544,55.03284264564544,55.03284264564544,55.03284264564544,55.03284264564544,55.03284264564544,55.03284264564544,55.03284264564544,55.03284264564544,55.03284264564544,55.03284264564544,55.03284264564544,55.03284264564544,55.03284264564544
benchmark|QI-MRFO + swap|60-8-bimodal-none|inst1|run23|b20000,benchmark,QI-MRFO + swap,"60 tasks, 8 VMs, bimodal/none",60,8,bimodal,none,1,23,20000,55.03284264564544,24.086236515480575,52.93581643111007,52.93581643111009,3.961450594163234,3.961450594163192,2.888273239135742,19950,55.587622477205265,55.587622477205265,55.03284264564544,55.03284264564544,55.03284264564544,55.03284264564544,55.03284264564544,55.03284264564544,55.03284264564544,55.03284264564544,55.03284264564544,55.03284264564544,55.03284264564544,55.03284264564544,55.03284264564544,55.03284264564544,55.03284264564544,55.03284264564544,55.03284264564544,55.03284264564544
benchmark|QI-MRFO + swap|60-8-bimodal-none|inst1|run24|b20000,benchmark,QI-MRFO + swap,"60 tasks, 8 VMs, bimodal/none",60,8,bimodal,none,1,24,20000,55.03284264564544,24.08623651548057,52.93581643111007,52.93581643111009,3.961450594163234,3.961450594163192,2.7429983615875244,19950,55.487882157842336,55.487882157842336,55.03284264564544,55.03284264564544,55.03284264564544,55.03284264564544,55.03284264564544,55.03284264564544,55.03284264564544,55.03284264564544,55.03284264564544,55.03284264564544,55.03284264564544,55.03284264564544,55.03284264564544,55.03284264564544,55.03284264564544,55.03284264564544,55.03284264564544,55.03284264564544
benchmark|QI-MRFO + swap|60-8-bimodal-none|inst1|run25|b20000,benchmark,QI-MRFO + swap,"60 tasks, 8 VMs, bimodal/none",60,8,bimodal,none,1,25,20000,55.03284264564544,24.08623651548057,52.93581643111007,52.93581643111009,3.961450594163234,3.961450594163192,2.999711513519287,19950,56.485855474986394,55.487882157842336,55.03284264564544,55.03284264564544,55.03284264564544,55.03284264564544,55.03284264564544,55.03284264564544,55.03284264564544,55.03284264564544,55.03284264564544,55.03284264564544,55.03284264564544,55.03284264564544,55.03284264564544,55.03284264564544,55.03284264564544,55.03284264564544,55.03284264564544,55.03284264564544
benchmark|QI-MRFO + swap|60-8-bimodal-none|inst1|run26|b20000,benchmark,QI-MRFO + swap,"60 tasks, 8 VMs, bimodal/none",60,8,bimodal,none,1,26,20000,55.03284264564544,24.08623651548057,52.93581643111007,52.93581643111009,3.961450594163234,3.961450594163192,2.875326633453369,19950,57.04063530654622,55.487882157842336,55.03284264564544,55.03284264564544,55.03284264564544,55.03284264564544,55.03284264564544,55.03284264564544,55.03284264564544,55.03284264564544,55.03284264564544,55.03284264564544,55.03284264564544,55.03284264564544,55.03284264564544,55.03284264564544,55.03284264564544,55.03284264564544,55.03284264564544,55.03284264564544
benchmark|QI-MRFO + swap|60-8-bimodal-none|inst1|run27|b20000,benchmark,QI-MRFO + swap,"60 tasks, 8 VMs, bimodal/none",60,8,bimodal,none,1,27,20000,55.03284264564544,24.08623651548057,52.93581643111007,52.93581643111009,3.961450594163234,3.961450594163192,2.940402030944824,19950,55.03284264564544,55.03284264564544,55.03284264564544,55.03284264564544,55.03284264564544,55.03284264564544,55.03284264564544,55.03284264564544,55.03284264564544,55.03284264564544,55.03284264564544,55.03284264564544,55.03284264564544,55.03284264564544,55.03284264564544,55.03284264564544,55.03284264564544,55.03284264564544,55.03284264564544,55.03284264564544
benchmark|QI-MRFO + swap|60-8-bimodal-none|inst1|run28|b20000,benchmark,QI-MRFO + swap,"60 tasks, 8 VMs, bimodal/none",60,8,bimodal,none,1,28,20000,55.03284264564544,24.086236515480575,52.93581643111007,52.93581643111009,3.961450594163234,3.961450594163192,2.908053159713745,19950,55.487882157842336,55.03284264564544,55.03284264564544,55.03284264564544,55.03284264564544,55.03284264564544,55.03284264564544,55.03284264564544,55.03284264564544,55.03284264564544,55.03284264564544,55.03284264564544,55.03284264564544,55.03284264564544,55.03284264564544,55.03284264564544,55.03284264564544,55.03284264564544,55.03284264564544,55.03284264564544
benchmark|QI-MRFO + swap + Max-Min start|60-8-bimodal-none|inst1|run0|b20000,benchmark,QI-MRFO + swap + Max-Min start,"60 tasks, 8 VMs, bimodal/none",60,8,bimodal,none,1,0,20000,55.03284264564544,24.086236515480575,52.93581643111007,52.93581643111009,3.961450594163234,3.961450594163192,2.938790798187256,19951,55.03284264564544,55.03284264564544,55.03284264564544,55.03284264564544,55.03284264564544,55.03284264564544,55.03284264564544,55.03284264564544,55.03284264564544,55.03284264564544,55.03284264564544,55.03284264564544,55.03284264564544,55.03284264564544,55.03284264564544,55.03284264564544,55.03284264564544,55.03284264564544,55.03284264564544,55.03284264564544
benchmark|QI-MRFO + swap|60-8-bimodal-none|inst1|run29|b20000,benchmark,QI-MRFO + swap,"60 tasks, 8 VMs, bimodal/none",60,8,bimodal,none,1,29,20000,55.03284264564544,24.086236515480575,52.93581643111007,52.93581643111009,3.961450594163234,3.961450594163192,2.968018054962158,19950,56.485855474986394,55.03284264564544,55.03284264564544,55.03284264564544,55.03284264564544,55.03284264564544,55.03284264564544,55.03284264564544,55.03284264564544,55.03284264564544,55.03284264564544,55.03284264564544,55.03284264564544,55.03284264564544,55.03284264564544,55.03284264564544,55.03284264564544,55.03284264564544,55.03284264564544,55.03284264564544
benchmark|QI-MRFO + swap + Max-Min start|60-8-bimodal-none|inst1|run1|b20000,benchmark,QI-MRFO + swap + Max-Min start,"60 tasks, 8 VMs, bimodal/none",60,8,bimodal,none,1,1,20000,55.03284264564544,24.086236515480575,52.93581643111007,52.93581643111009,3.961450594163234,3.961450594163192,2.8374404907226562,19951,55.03284264564544,55.03284264564544,55.03284264564544,55.03284264564544,55.03284264564544,55.03284264564544,55.03284264564544,55.03284264564544,55.03284264564544,55.03284264564544,55.03284264564544,55.03284264564544,55.03284264564544,55.03284264564544,55.03284264564544,55.03284264564544,55.03284264564544,55.03284264564544,55.03284264564544,55.03284264564544
benchmark|QI-MRFO + swap + Max-Min start|60-8-bimodal-none|inst1|run2|b20000,benchmark,QI-MRFO + swap + Max-Min start,"60 tasks, 8 VMs, bimodal/none",60,8,bimodal,none,1,2,20000,55.03284264564544,24.086236515480575,52.93581643111007,52.93581643111009,3.961450594163234,3.961450594163192,2.816179037094116,19951,55.03284264564544,55.03284264564544,55.03284264564544,55.03284264564544,55.03284264564544,55.03284264564544,55.03284264564544,55.03284264564544,55.03284264564544,55.03284264564544,55.03284264564544,55.03284264564544,55.03284264564544,55.03284264564544,55.03284264564544,55.03284264564544,55.03284264564544,55.03284264564544,55.03284264564544,55.03284264564544
benchmark|QI-MRFO + swap + Max-Min start|60-8-bimodal-none|inst1|run3|b20000,benchmark,QI-MRFO + swap + Max-Min start,"60 tasks, 8 VMs, bimodal/none",60,8,bimodal,none,1,3,20000,55.03284264564544,24.086236515480575,52.93581643111007,52.93581643111009,3.961450594163234,3.961450594163192,2.815580368041992,19951,55.03284264564544,55.03284264564544,55.03284264564544,55.03284264564544,55.03284264564544,55.03284264564544,55.03284264564544,55.03284264564544,55.03284264564544,55.03284264564544,55.03284264564544,55.03284264564544,55.03284264564544,55.03284264564544,55.03284264564544,55.03284264564544,55.03284264564544,55.03284264564544,55.03284264564544,55.03284264564544
benchmark|QI-MRFO + swap + Max-Min start|60-8-bimodal-none|inst1|run4|b20000,benchmark,QI-MRFO + swap + Max-Min start,"60 tasks, 8 VMs, bimodal/none",60,8,bimodal,none,1,4,20000,55.03284264564544,24.086236515480575,52.93581643111007,52.93581643111009,3.961450594163234,3.961450594163192,2.841588258743286,19951,55.03284264564544,55.03284264564544,55.03284264564544,55.03284264564544,55.03284264564544,55.03284264564544,55.03284264564544,55.03284264564544,55.03284264564544,55.03284264564544,55.03284264564544,55.03284264564544,55.03284264564544,55.03284264564544,55.03284264564544,55.03284264564544,55.03284264564544,55.03284264564544,55.03284264564544,55.03284264564544
benchmark|QI-MRFO + swap + Max-Min start|60-8-bimodal-none|inst1|run5|b20000,benchmark,QI-MRFO + swap + Max-Min start,"60 tasks, 8 VMs, bimodal/none",60,8,bimodal,none,1,5,20000,55.03284264564544,24.086236515480575,52.93581643111007,52.93581643111009,3.961450594163234,3.961450594163192,2.8537192344665527,19951,55.03284264564544,55.03284264564544,55.03284264564544,55.03284264564544,55.03284264564544,55.03284264564544,55.03284264564544,55.03284264564544,55.03284264564544,55.03284264564544,55.03284264564544,55.03284264564544,55.03284264564544,55.03284264564544,55.03284264564544,55.03284264564544,55.03284264564544,55.03284264564544,55.03284264564544,55.03284264564544
benchmark|QI-MRFO + swap + Max-Min start|60-8-bimodal-none|inst1|run6|b20000,benchmark,QI-MRFO + swap + Max-Min start,"60 tasks, 8 VMs, bimodal/none",60,8,bimodal,none,1,6,20000,55.03284264564544,24.086236515480575,52.93581643111007,52.93581643111009,3.961450594163234,3.961450594163192,2.8299691677093506,19951,55.03284264564544,55.03284264564544,55.03284264564544,55.03284264564544,55.03284264564544,55.03284264564544,55.03284264564544,55.03284264564544,55.03284264564544,55.03284264564544,55.03284264564544,55.03284264564544,55.03284264564544,55.03284264564544,55.03284264564544,55.03284264564544,55.03284264564544,55.03284264564544,55.03284264564544,55.03284264564544
benchmark|QI-MRFO + swap + Max-Min start|60-8-bimodal-none|inst1|run7|b20000,benchmark,QI-MRFO + swap + Max-Min start,"60 tasks, 8 VMs, bimodal/none",60,8,bimodal,none,1,7,20000,55.03284264564544,24.086236515480575,52.93581643111007,52.93581643111009,3.961450594163234,3.961450594163192,2.94105863571167,19951,55.03284264564544,55.03284264564544,55.03284264564544,55.03284264564544,55.03284264564544,55.03284264564544,55.03284264564544,55.03284264564544,55.03284264564544,55.03284264564544,55.03284264564544,55.03284264564544,55.03284264564544,55.03284264564544,55.03284264564544,55.03284264564544,55.03284264564544,55.03284264564544,55.03284264564544,55.03284264564544
benchmark|QI-MRFO + swap + Max-Min start|60-8-bimodal-none|inst1|run8|b20000,benchmark,QI-MRFO + swap + Max-Min start,"60 tasks, 8 VMs, bimodal/none",60,8,bimodal,none,1,8,20000,55.03284264564544,24.086236515480575,52.93581643111007,52.93581643111009,3.961450594163234,3.961450594163192,2.960549831390381,19951,55.03284264564544,55.03284264564544,55.03284264564544,55.03284264564544,55.03284264564544,55.03284264564544,55.03284264564544,55.03284264564544,55.03284264564544,55.03284264564544,55.03284264564544,55.03284264564544,55.03284264564544,55.03284264564544,55.03284264564544,55.03284264564544,55.03284264564544,55.03284264564544,55.03284264564544,55.03284264564544
benchmark|QI-MRFO + swap + Max-Min start|60-8-bimodal-none|inst1|run9|b20000,benchmark,QI-MRFO + swap + Max-Min start,"60 tasks, 8 VMs, bimodal/none",60,8,bimodal,none,1,9,20000,55.03284264564544,24.086236515480575,52.93581643111007,52.93581643111009,3.961450594163234,3.961450594163192,2.861975908279419,19951,55.03284264564544,55.03284264564544,55.03284264564544,55.03284264564544,55.03284264564544,55.03284264564544,55.03284264564544,55.03284264564544,55.03284264564544,55.03284264564544,55.03284264564544,55.03284264564544,55.03284264564544,55.03284264564544,55.03284264564544,55.03284264564544,55.03284264564544,55.03284264564544,55.03284264564544,55.03284264564544
benchmark|QI-MRFO + swap + Max-Min start|60-8-bimodal-none|inst1|run10|b20000,benchmark,QI-MRFO + swap + Max-Min start,"60 tasks, 8 VMs, bimodal/none",60,8,bimodal,none,1,10,20000,55.03284264564544,24.086236515480575,52.93581643111007,52.93581643111009,3.961450594163234,3.961450594163192,2.898977279663086,19951,55.03284264564544,55.03284264564544,55.03284264564544,55.03284264564544,55.03284264564544,55.03284264564544,55.03284264564544,55.03284264564544,55.03284264564544,55.03284264564544,55.03284264564544,55.03284264564544,55.03284264564544,55.03284264564544,55.03284264564544,55.03284264564544,55.03284264564544,55.03284264564544,55.03284264564544,55.03284264564544
benchmark|QI-MRFO + swap + Max-Min start|60-8-bimodal-none|inst1|run11|b20000,benchmark,QI-MRFO + swap + Max-Min start,"60 tasks, 8 VMs, bimodal/none",60,8,bimodal,none,1,11,20000,55.03284264564544,24.086236515480575,52.93581643111007,52.93581643111009,3.961450594163234,3.961450594163192,2.8504397869110107,19951,55.03284264564544,55.03284264564544,55.03284264564544,55.03284264564544,55.03284264564544,55.03284264564544,55.03284264564544,55.03284264564544,55.03284264564544,55.03284264564544,55.03284264564544,55.03284264564544,55.03284264564544,55.03284264564544,55.03284264564544,55.03284264564544,55.03284264564544,55.03284264564544,55.03284264564544,55.03284264564544
benchmark|QI-MRFO + swap + Max-Min start|60-8-bimodal-none|inst1|run12|b20000,benchmark,QI-MRFO + swap + Max-Min start,"60 tasks, 8 VMs, bimodal/none",60,8,bimodal,none,1,12,20000,55.03284264564544,24.086236515480575,52.93581643111007,52.93581643111009,3.961450594163234,3.961450594163192,2.831181287765503,19951,55.03284264564544,55.03284264564544,55.03284264564544,55.03284264564544,55.03284264564544,55.03284264564544,55.03284264564544,55.03284264564544,55.03284264564544,55.03284264564544,55.03284264564544,55.03284264564544,55.03284264564544,55.03284264564544,55.03284264564544,55.03284264564544,55.03284264564544,55.03284264564544,55.03284264564544,55.03284264564544
benchmark|QI-MRFO + swap + Max-Min start|60-8-bimodal-none|inst1|run13|b20000,benchmark,QI-MRFO + swap + Max-Min start,"60 tasks, 8 VMs, bimodal/none",60,8,bimodal,none,1,13,20000,55.03284264564544,24.086236515480575,52.93581643111007,52.93581643111009,3.961450594163234,3.961450594163192,2.791597366333008,19951,55.03284264564544,55.03284264564544,55.03284264564544,55.03284264564544,55.03284264564544,55.03284264564544,55.03284264564544,55.03284264564544,55.03284264564544,55.03284264564544,55.03284264564544,55.03284264564544,55.03284264564544,55.03284264564544,55.03284264564544,55.03284264564544,55.03284264564544,55.03284264564544,55.03284264564544,55.03284264564544
benchmark|QI-MRFO + swap + Max-Min start|60-8-bimodal-none|inst1|run14|b20000,benchmark,QI-MRFO + swap + Max-Min start,"60 tasks, 8 VMs, bimodal/none",60,8,bimodal,none,1,14,20000,55.03284264564544,24.086236515480575,52.93581643111007,52.93581643111009,3.961450594163234,3.961450594163192,2.838651657104492,19951,55.03284264564544,55.03284264564544,55.03284264564544,55.03284264564544,55.03284264564544,55.03284264564544,55.03284264564544,55.03284264564544,55.03284264564544,55.03284264564544,55.03284264564544,55.03284264564544,55.03284264564544,55.03284264564544,55.03284264564544,55.03284264564544,55.03284264564544,55.03284264564544,55.03284264564544,55.03284264564544
benchmark|QI-MRFO + swap + Max-Min start|60-8-bimodal-none|inst1|run16|b20000,benchmark,QI-MRFO + swap + Max-Min start,"60 tasks, 8 VMs, bimodal/none",60,8,bimodal,none,1,16,20000,55.03284264564544,24.086236515480575,52.93581643111007,52.93581643111009,3.961450594163234,3.961450594163192,2.8529720306396484,19951,55.03284264564544,55.03284264564544,55.03284264564544,55.03284264564544,55.03284264564544,55.03284264564544,55.03284264564544,55.03284264564544,55.03284264564544,55.03284264564544,55.03284264564544,55.03284264564544,55.03284264564544,55.03284264564544,55.03284264564544,55.03284264564544,55.03284264564544,55.03284264564544,55.03284264564544,55.03284264564544
benchmark|QI-MRFO + swap + Max-Min start|60-8-bimodal-none|inst1|run17|b20000,benchmark,QI-MRFO + swap + Max-Min start,"60 tasks, 8 VMs, bimodal/none",60,8,bimodal,none,1,17,20000,55.03284264564544,24.086236515480575,52.93581643111007,52.93581643111009,3.961450594163234,3.961450594163192,2.86474609375,19951,55.03284264564544,55.03284264564544,55.03284264564544,55.03284264564544,55.03284264564544,55.03284264564544,55.03284264564544,55.03284264564544,55.03284264564544,55.03284264564544,55.03284264564544,55.03284264564544,55.03284264564544,55.03284264564544,55.03284264564544,55.03284264564544,55.03284264564544,55.03284264564544,55.03284264564544,55.03284264564544
benchmark|QI-MRFO + swap + Max-Min start|60-8-bimodal-none|inst1|run15|b20000,benchmark,QI-MRFO + swap + Max-Min start,"60 tasks, 8 VMs, bimodal/none",60,8,bimodal,none,1,15,20000,55.03284264564544,24.086236515480575,52.93581643111007,52.93581643111009,3.961450594163234,3.961450594163192,3.021605968475342,19951,55.03284264564544,55.03284264564544,55.03284264564544,55.03284264564544,55.03284264564544,55.03284264564544,55.03284264564544,55.03284264564544,55.03284264564544,55.03284264564544,55.03284264564544,55.03284264564544,55.03284264564544,55.03284264564544,55.03284264564544,55.03284264564544,55.03284264564544,55.03284264564544,55.03284264564544,55.03284264564544
benchmark|QI-MRFO + swap + Max-Min start|60-8-bimodal-none|inst1|run18|b20000,benchmark,QI-MRFO + swap + Max-Min start,"60 tasks, 8 VMs, bimodal/none",60,8,bimodal,none,1,18,20000,55.03284264564544,24.086236515480575,52.93581643111007,52.93581643111009,3.961450594163234,3.961450594163192,2.904764413833618,19951,55.03284264564544,55.03284264564544,55.03284264564544,55.03284264564544,55.03284264564544,55.03284264564544,55.03284264564544,55.03284264564544,55.03284264564544,55.03284264564544,55.03284264564544,55.03284264564544,55.03284264564544,55.03284264564544,55.03284264564544,55.03284264564544,55.03284264564544,55.03284264564544,55.03284264564544,55.03284264564544
benchmark|QI-MRFO + swap + Max-Min start|60-8-bimodal-none|inst1|run20|b20000,benchmark,QI-MRFO + swap + Max-Min start,"60 tasks, 8 VMs, bimodal/none",60,8,bimodal,none,1,20,20000,55.03284264564544,24.086236515480575,52.93581643111007,52.93581643111009,3.961450594163234,3.961450594163192,2.9453654289245605,19951,55.03284264564544,55.03284264564544,55.03284264564544,55.03284264564544,55.03284264564544,55.03284264564544,55.03284264564544,55.03284264564544,55.03284264564544,55.03284264564544,55.03284264564544,55.03284264564544,55.03284264564544,55.03284264564544,55.03284264564544,55.03284264564544,55.03284264564544,55.03284264564544,55.03284264564544,55.03284264564544
benchmark|QI-MRFO + swap + Max-Min start|60-8-bimodal-none|inst1|run19|b20000,benchmark,QI-MRFO + swap + Max-Min start,"60 tasks, 8 VMs, bimodal/none",60,8,bimodal,none,1,19,20000,55.03284264564544,24.086236515480575,52.93581643111007,52.93581643111009,3.961450594163234,3.961450594163192,2.993927001953125,19951,55.03284264564544,55.03284264564544,55.03284264564544,55.03284264564544,55.03284264564544,55.03284264564544,55.03284264564544,55.03284264564544,55.03284264564544,55.03284264564544,55.03284264564544,55.03284264564544,55.03284264564544,55.03284264564544,55.03284264564544,55.03284264564544,55.03284264564544,55.03284264564544,55.03284264564544,55.03284264564544
benchmark|QI-MRFO + swap + Max-Min start|60-8-bimodal-none|inst1|run21|b20000,benchmark,QI-MRFO + swap + Max-Min start,"60 tasks, 8 VMs, bimodal/none",60,8,bimodal,none,1,21,20000,55.03284264564544,24.086236515480575,52.93581643111007,52.93581643111009,3.961450594163234,3.961450594163192,2.9395110607147217,19951,55.03284264564544,55.03284264564544,55.03284264564544,55.03284264564544,55.03284264564544,55.03284264564544,55.03284264564544,55.03284264564544,55.03284264564544,55.03284264564544,55.03284264564544,55.03284264564544,55.03284264564544,55.03284264564544,55.03284264564544,55.03284264564544,55.03284264564544,55.03284264564544,55.03284264564544,55.03284264564544
benchmark|QI-MRFO + swap + Max-Min start|60-8-bimodal-none|inst1|run22|b20000,benchmark,QI-MRFO + swap + Max-Min start,"60 tasks, 8 VMs, bimodal/none",60,8,bimodal,none,1,22,20000,55.03284264564544,24.086236515480575,52.93581643111007,52.93581643111009,3.961450594163234,3.961450594163192,3.0374648571014404,19951,55.03284264564544,55.03284264564544,55.03284264564544,55.03284264564544,55.03284264564544,55.03284264564544,55.03284264564544,55.03284264564544,55.03284264564544,55.03284264564544,55.03284264564544,55.03284264564544,55.03284264564544,55.03284264564544,55.03284264564544,55.03284264564544,55.03284264564544,55.03284264564544,55.03284264564544,55.03284264564544
benchmark|QI-MRFO + swap + Max-Min start|60-8-bimodal-none|inst1|run24|b20000,benchmark,QI-MRFO + swap + Max-Min start,"60 tasks, 8 VMs, bimodal/none",60,8,bimodal,none,1,24,20000,55.03284264564544,24.086236515480575,52.93581643111007,52.93581643111009,3.961450594163234,3.961450594163192,2.952331066131592,19951,55.03284264564544,55.03284264564544,55.03284264564544,55.03284264564544,55.03284264564544,55.03284264564544,55.03284264564544,55.03284264564544,55.03284264564544,55.03284264564544,55.03284264564544,55.03284264564544,55.03284264564544,55.03284264564544,55.03284264564544,55.03284264564544,55.03284264564544,55.03284264564544,55.03284264564544,55.03284264564544
benchmark|QI-MRFO + swap + Max-Min start|60-8-bimodal-none|inst1|run23|b20000,benchmark,QI-MRFO + swap + Max-Min start,"60 tasks, 8 VMs, bimodal/none",60,8,bimodal,none,1,23,20000,55.03284264564544,24.086236515480575,52.93581643111007,52.93581643111009,3.961450594163234,3.961450594163192,3.009167432785034,19951,55.03284264564544,55.03284264564544,55.03284264564544,55.03284264564544,55.03284264564544,55.03284264564544,55.03284264564544,55.03284264564544,55.03284264564544,55.03284264564544,55.03284264564544,55.03284264564544,55.03284264564544,55.03284264564544,55.03284264564544,55.03284264564544,55.03284264564544,55.03284264564544,55.03284264564544,55.03284264564544
benchmark|QI-MRFO + swap + Max-Min start|60-8-bimodal-none|inst1|run25|b20000,benchmark,QI-MRFO + swap + Max-Min start,"60 tasks, 8 VMs, bimodal/none",60,8,bimodal,none,1,25,20000,55.03284264564544,24.086236515480575,52.93581643111007,52.93581643111009,3.961450594163234,3.961450594163192,3.0027260780334473,19951,55.03284264564544,55.03284264564544,55.03284264564544,55.03284264564544,55.03284264564544,55.03284264564544,55.03284264564544,55.03284264564544,55.03284264564544,55.03284264564544,55.03284264564544,55.03284264564544,55.03284264564544,55.03284264564544,55.03284264564544,55.03284264564544,55.03284264564544,55.03284264564544,55.03284264564544,55.03284264564544
benchmark|QI-MRFO + swap + Max-Min start|60-8-bimodal-none|inst1|run26|b20000,benchmark,QI-MRFO + swap + Max-Min start,"60 tasks, 8 VMs, bimodal/none",60,8,bimodal,none,1,26,20000,55.03284264564544,24.086236515480575,52.93581643111007,52.93581643111009,3.961450594163234,3.961450594163192,2.8602211475372314,19951,55.03284264564544,55.03284264564544,55.03284264564544,55.03284264564544,55.03284264564544,55.03284264564544,55.03284264564544,55.03284264564544,55.03284264564544,55.03284264564544,55.03284264564544,55.03284264564544,55.03284264564544,55.03284264564544,55.03284264564544,55.03284264564544,55.03284264564544,55.03284264564544,55.03284264564544,55.03284264564544
benchmark|QI-MRFO + swap + Max-Min start|60-8-bimodal-none|inst1|run27|b20000,benchmark,QI-MRFO + swap + Max-Min start,"60 tasks, 8 VMs, bimodal/none",60,8,bimodal,none,1,27,20000,55.03284264564544,24.086236515480575,52.93581643111007,52.93581643111009,3.961450594163234,3.961450594163192,3.0835623741149902,19951,55.03284264564544,55.03284264564544,55.03284264564544,55.03284264564544,55.03284264564544,55.03284264564544,55.03284264564544,55.03284264564544,55.03284264564544,55.03284264564544,55.03284264564544,55.03284264564544,55.03284264564544,55.03284264564544,55.03284264564544,55.03284264564544,55.03284264564544,55.03284264564544,55.03284264564544,55.03284264564544
benchmark|QI-MRFO + swap + Max-Min start|60-8-bimodal-none|inst1|run29|b20000,benchmark,QI-MRFO + swap + Max-Min start,"60 tasks, 8 VMs, bimodal/none",60,8,bimodal,none,1,29,20000,55.03284264564544,24.086236515480575,52.93581643111007,52.93581643111009,3.961450594163234,3.961450594163192,3.0041935443878174,19951,55.03284264564544,55.03284264564544,55.03284264564544,55.03284264564544,55.03284264564544,55.03284264564544,55.03284264564544,55.03284264564544,55.03284264564544,55.03284264564544,55.03284264564544,55.03284264564544,55.03284264564544,55.03284264564544,55.03284264564544,55.03284264564544,55.03284264564544,55.03284264564544,55.03284264564544,55.03284264564544
benchmark|QI-MRFO + swap + Max-Min start|60-8-bimodal-none|inst1|run28|b20000,benchmark,QI-MRFO + swap + Max-Min start,"60 tasks, 8 VMs, bimodal/none",60,8,bimodal,none,1,28,20000,55.03284264564544,24.086236515480575,52.93581643111007,52.93581643111009,3.961450594163234,3.961450594163192,3.1308963298797607,19951,55.03284264564544,55.03284264564544,55.03284264564544,55.03284264564544,55.03284264564544,55.03284264564544,55.03284264564544,55.03284264564544,55.03284264564544,55.03284264564544,55.03284264564544,55.03284264564544,55.03284264564544,55.03284264564544,55.03284264564544,55.03284264564544,55.03284264564544,55.03284264564544,55.03284264564544,55.03284264564544
