exp,algo,scenario,change,n,m0,seed,budget0,budget,runtime_s,epoch0_gap,post_gap,post_auc,post_ratio_mm,migrations,migr_frac,forced,post_cost_gap,mig_lambda,e0_type,e0_gap,e0_auc,e0_mig,e1_type,e1_gap,e1_auc,e1_mig,e2_type,e2_gap,e2_auc,e2_mig,e3_type,e3_gap,e3_auc,e3_mig,e4_type,e4_gap,e4_auc,e4_mig,e5_type,e5_gap,e5_auc,e5_mig,e6_type,e6_gap,e6_auc,e6_mig,e7_type,e7_gap,e7_auc,e7_mig,e8_type,e8_gap,e8_auc,e8_mig,key
h10_elite_migration,(1+1)-EA+CXM continue,n100 m10 churn20 lam=0.05,churn,100,10,301,20000,4000,1.5372810363769531,0.0007944499825693696,0.0030266588469465374,0.0249967548985115,0.9963435206154843,26.125,0.3265625,0.0,0.019401870499063535,0.05,,0.0007944499825693696,0.01980602025392085,0,churn,0.0018409739655093058,0.028300436878801988,31,churn,0.0008276755528753558,0.04076451638598932,46,churn,0.0022615142479925385,0.012191879965927839,13,churn,0.006142464800194975,0.028702007320872712,31,churn,0.005340538294500419,0.021226165073595028,21,churn,0.003386902060232153,0.020653129217772237,24,churn,0.0016355921354147816,0.023648784278669562,22,churn,0.00277760971885277,0.024487120066463322,21,(1+1)-EA+CXM continue|n100 m10 churn20 lam=0.05|301
h10_elite_migration,(1+1)-EA+CXM continue,n100 m10 churn20 lam=0.05,churn,100,10,302,20000,4000,1.472710132598877,0.0005847501359411637,0.003294503196591896,0.026547986110541457,0.9939456062289128,27.25,0.340625,0.0,0.020372834443704045,0.05,,0.0005847501359411637,0.009146323098066275,0,churn,0.002089626143159171,0.02693953575599872,33,churn,0.00362449393391847,0.03036873528247161,33,churn,0.00988817233173609,0.020528263889484758,11,churn,0.001642913234802158,0.019473100730036073,18,churn,0.0021066189784218147,0.024854115946580095,28,churn,0.0026355005695479095,0.03593150772552953,36,churn,0.0028214726021119586,0.023740035138758955,24,churn,0.0015472277790375929,0.030548594415471923,35,(1+1)-EA+CXM continue|n100 m10 churn20 lam=0.05|302
h10_elite_migration,(1+1)-EA+CXM continue,n100 m10 churn20 lam=0.05,churn,100,10,303,20000,4000,1.6749117374420166,0.0010572604081618454,0.003031295867360711,0.027999439898849662,0.9955548165806468,27.75,0.346875,0.0,0.020423521285350698,0.05,,0.0010572604081618454,0.025301005100177666,0,churn,0.003565210697181878,0.037058659551353575,35,churn,0.0016515899147076076,0.028747345954503206,32,churn,0.006458132457356291,0.024714658025786183,17,churn,0.0016550752910877353,0.027881975366237526,33,churn,0.0022779665581615666,0.033357815791922034,29,churn,0.004160820733291963,0.024307312408052843,24,churn,0.0029066554821320324,0.024065952836154786,23,churn,0.0015749158049666145,0.023861799256787157,29,(1+1)-EA+CXM continue|n100 m10 churn20 lam=0.05|303
h10_elite_migration,(1+1)-EA+CXM continue,n100 m10 churn20 lam=0.05,churn,100,10,304,20000,4000,1.4479615688323975,0.0006037870269129456,0.0025014200486885105,0.027986902500162954,0.9929522339439135,31.0,0.38749999999999996,0.0,0.021921811124577473,0.05,,0.0006037870269129456,0.009703738369008846,0,churn,0.002851551279839456,0.03522059000061685,38,churn,0.0032288414656077512,0.02493385416087754,28,churn,0.0013542288199245322,0.038536716499040245,39,churn,0.0017556604744269997,0.030469902968648564,37,churn,0.0018385637250880095,0.021769842720430064,25,churn,0.0014906839673827523,0.03004892999721916,35,churn,0.0031473916360419524,0.025973289155665984,28,churn,0.0043444390211966315,0.016942094498805214,18,(1+1)-EA+CXM continue|n100 m10 churn20 lam=0.05|304
h10_elite_migration,(1+1)-EA+CXM continue,n100 m10 churn20 lam=0.05,churn,100,10,305,20000,4000,1.4608361721038818,0.0006357534804457774,0.003447915996006069,0.024105335775124765,0.9952198822476683,24.125,0.3015625,0.0,0.018573178574223807,0.05,,0.0006357534804457774,0.023400173272238315,0,churn,0.0018768848118279446,0.02949771033341134,31,churn,0.001792908864588977,0.027048761071002812,32,churn,0.001635157716300079,0.02268946991514068,22,churn,0.0037202618021495142,0.029676051652934122,31,churn,0.003999413517617481,0.02164306889495863,23,churn,0.0024033744902196134,0.016533935535678463,19,churn,0.007144274296843843,0.020319631682132393,11,churn,0.005011052468501098,0.02543405711573966,24,(1+1)-EA+CXM continue|n100 m10 churn20 lam=0.05|305
h10_elite_migration,(1+1)-EA+CXM continue,n100 m10 churn20 lam=0.05,churn,100,10,306,20000,4000,1.5133838653564453,0.00022357229419423736,0.014685185211793418,0.03365870959517011,1.0028023617564972,22.375,0.2796875,0.0,0.028710026767205972,0.05,,0.00022357229419423736,0.006291693778161626,0,churn,0.0021923295541483472,0.032212525614981086,36,churn,0.0022190851177535495,0.01841922886274932,21,churn,0.0014612041487578739,0.02367680177854703,30,churn,0.0040982085515466355,0.029090896794847772,23,churn,0.0013396433153145212,0.024444744677020607,27,churn,0.09465089890961284,0.09465089890961284,0,churn,0.0033860173641086758,0.02580630475142617,26,churn,0.008134094733104887,0.02096827537217604,16,(1+1)-EA+CXM continue|n100 m10 churn20 lam=0.05|306
h10_elite_migration,(1+1)-EA+CXM continue,n100 m10 churn20 lam=0.05,churn,100,10,307,20000,4000,1.4324688911437988,0.0003651439638693392,0.002656526363431208,0.022840518398700653,0.9979787590578794,23.25,0.290625,0.0,0.017224960328559254,0.05,,0.0003651439638693392,0.024446273730850863,0,churn,0.0016530532046324616,0.037900720709802146,43,churn,0.0032630629721670827,0.026743838748410673,26,churn,0.0037714812082931697,0.019715144916074102,21,churn,0.001700380762958904,0.021711255122816277,23,churn,0.0027100334227404335,0.025750981477115614,28,churn,0.0030405916102737517,0.023615826012019357,22,churn,0.0024132783382705583,0.015166532024381443,11,churn,0.0027003293881133032,0.012119848178985627,12,(1+1)-EA+CXM continue|n100 m10 churn20 lam=0.05|307
h10_elite_migration,(1+1)-EA+CXM continue,n100 m10 churn20 lam=0.05,churn,100,10,308,20000,4000,1.4612696170806885,0.0007917903286255392,0.002362059963857827,0.02633116575244681,0.9921250641552961,28.25,0.35312499999999997,0.0,0.02005968977870775,0.05,,0.0007917903286255392,0.01198700297164036,0,churn,0.0014617175583601192,0.026657416447771618,29,churn,0.0026412553489298,0.020735557723666826,23,churn,0.0017126862234956208,0.02008584614469882,23,churn,0.0018585652424492204,0.03422912698625928,41,churn,0.001995403435203868,0.02518341628032256,25,churn,0.005190162798347373,0.026317179666611398,28,churn,0.0019433772097720912,0.02154040754028468,24,churn,0.002093311894304522,0.0359003752299593,33,(1+1)-EA+CXM continue|n100 m10 churn20 lam=0.05|308
h10_elite_migration,(1+1)-EA+CXM continue,n100 m10 churn20 lam=0.05,churn,100,10,309,20000,4000,1.5554609298706055,0.0005400188734899088,0.002464862859450377,0.026809110274404142,0.9908642895046101,29.875,0.3734375,0.0,0.021181555032130213,0.05,,0.0005400188734899088,0.007028549691646947,0,churn,0.0016106972171064363,0.0329459212775113,38,churn,0.0015075033399304348,0.02719268367137756,31,churn,0.0025385724164805937,0.03091079520480866,35,churn,0.0024464966622289573,0.025474799070055468,28,churn,0.0029863727510159605,0.02144427444985138,23,churn,0.0033546658771934283,0.021807310277466952,25,churn,0.002852307454053492,0.03073031695558383,30,churn,0.002422287157593711,0.02396678128857799,29,(1+1)-EA+CXM continue|n100 m10 churn20 lam=0.05|309
h10_elite_migration,(1+1)-EA+CXM continue,n100 m10 churn20 lam=0.05,churn,100,10,310,20000,4000,1.4572510719299316,0.0007771588942188509,0.005236364280252662,0.02428304946453725,0.9972573646431186,22.375,0.27968750000000003,0.0,0.0192848379553535,0.05,,0.0007771588942188509,0.0152880908355526,0,churn,0.004489525972101658,0.030143723607739176,26,churn,0.000726129691096019,0.020964011928961707,21,churn,0.0018379734107587817,0.03043411272411967,35,churn,0.012190754085570405,0.025213987999760264,14,churn,0.0049929907213918665,0.02816894053792178,32,churn,0.009244955059756851,0.01760107394547543,12,churn,0.002757797362229151,0.013636824111699895,13,churn,0.00565078793911656,0.028101720860620072,26,(1+1)-EA+CXM continue|n100 m10 churn20 lam=0.05|310
h10_elite_migration,Chooser (cheaper of the two),n100 m10 churn20 lam=0.05,churn,100,10,301,20000,4000,0.041754961013793945,0.0064713761837668785,0.01653882373254063,0.01653882373254063,1.0097655673878352,0.0,0.0,0.0,0.01653882373254063,0.05,,0.0064713761837668785,0.0064713761837668785,0,churn,0.014322988659205364,0.014322988659205364,0,churn,0.018745358487897032,0.018745358487897032,0,churn,0.01232170133408074,0.01232170133408074,0,churn,0.01665459246856576,0.01665459246856576,0,churn,0.017542638380847186,0.017542638380847186,0,churn,0.028573735203415725,0.028573735203415725,0,churn,0.010558685346801058,0.010558685346801058,0,churn,0.013590889979512162,0.013590889979512162,0,Chooser (cheaper of the two)|n100 m10 churn20 lam=0.05|301
h10_elite_migration,Chooser (cheaper of the two),n100 m10 churn20 lam=0.05,churn,100,10,302,20000,4000,0.025856494903564453,0.01058388271372133,0.022182349581280396,0.03275810952049765,1.0126581006776711,16.75,0.209375,0.0,0.03275810952049765,0.05,,0.01058388271372133,0.01058388271372133,0,churn,0.02317022835515682,0.02317022835515682,0,churn,0.010838100864200036,0.04874452964660769,60,churn,0.010693070575807217,0.010693070575807217,0,churn,0.04695680541922962,0.04695680541922962,0,churn,0.00972217797471289,0.05642182870604331,74,churn,0.011497555954815483,0.011497555954815483,0,churn,0.016637830229137947,0.016637830229137947,0,churn,0.04794302727718314,0.04794302727718314,0,Chooser (cheaper of the two)|n100 m10 churn20 lam=0.05|302
h10_elite_migration,Chooser (cheaper of the two),n100 m10 churn20 lam=0.05,churn,100,10,303,20000,4000,0.026586055755615234,0.008481513833635353,0.021724140256226942,0.02715235223352023,1.0141053994075118,8.625,0.1078125,0.0,0.02715235223352023,0.05,,0.008481513833635353,0.008481513833635353,0,churn,0.011879618703789152,0.011879618703789152,0,churn,0.03181739265710555,0.03181739265710555,0,churn,0.04155303207075215,0.04155303207075215,0,churn,0.011739576099942974,0.011739576099942974,0,churn,0.019372091543455653,0.019372091543455653,0,churn,0.010322214354680642,0.010322214354680642,0,churn,0.04013653996278738,0.04013653996278738,0,churn,0.006972656657302032,0.05039835247564832,69,Chooser (cheaper of the two)|n100 m10 churn20 lam=0.05|303
h10_elite_migration,Chooser (cheaper of the two),n100 m10 churn20 lam=0.05,churn,100,10,304,20000,4000,0.024144887924194336,0.011182541500880099,0.019080521906229643,0.019080521906229643,1.0093651653116167,0.0,0.0,0.0,0.019080521906229643,0.05,,0.011182541500880099,0.011182541500880099,0,churn,0.0153706911936108,0.0153706911936108,0,churn,0.010558673427086614,0.010558673427086614,0,churn,0.04610616459096806,0.04610616459096806,0,churn,0.018758500761520053,0.018758500761520053,0,churn,0.012152629799817426,0.012152629799817426,0,churn,0.028179589704631077,0.028179589704631077,0,churn,0.01172777605731057,0.01172777605731057,0,churn,0.009790149714892558,0.009790149714892558,0,Chooser (cheaper of the two)|n100 m10 churn20 lam=0.05|304
h10_elite_migration,Chooser (cheaper of the two),n100 m10 churn20 lam=0.05,churn,100,10,305,20000,4000,0.0248873233795166,0.008223312381346173,0.01766699882079606,0.01766699882079606,1.0093188168600233,0.0,0.0,0.0,0.01766699882079606,0.05,,0.008223312381346173,0.008223312381346173,0,churn,0.011315218444311775,0.011315218444311775,0,churn,0.0380368437004072,0.0380368437004072,0,churn,0.014868595883142158,0.014868595883142158,0,churn,0.011915826350480952,0.011915826350480952,0,churn,0.0125417700732018,0.0125417700732018,0,churn,0.012468334786488802,0.012468334786488802,0,churn,0.01338715637726597,0.01338715637726597,0,churn,0.026802244951069816,0.026802244951069816,0,Chooser (cheaper of the two)|n100 m10 churn20 lam=0.05|305
h10_elite_migration,Chooser (cheaper of the two),n100 m10 churn20 lam=0.05,churn,100,10,306,20000,4000,0.0242159366607666,0.011498194450387201,0.016913670075838137,0.022536465936354683,1.005029503386959,8.875,0.1109375,0.0,0.022536465936354683,0.05,,0.011498194450387201,0.011498194450387201,0,churn,0.01665681854704931,0.01665681854704931,0,churn,0.010122611625967446,0.010122611625967446,0,churn,0.021677516807826584,0.021677516807826584,0,churn,0.012117575548877697,0.012117575548877697,0,churn,0.030692952198847212,0.030692952198847212,0,churn,0.013687141050870833,0.05866950793500323,71,churn,0.011842038329254708,0.011842038329254708,0,churn,0.018512706498011296,0.018512706498011296,0,Chooser (cheaper of the two)|n100 m10 churn20 lam=0.05|306
h10_elite_migration,Chooser (cheaper of the two),n100 m10 churn20 lam=0.05,churn,100,10,307,20000,4000,0.02519965171813965,0.005184865225037136,0.014053063387475133,0.014053063387475133,1.0093210935739285,0.0,0.0,0.0,0.014053063387475133,0.05,,0.005184865225037136,0.005184865225037136,0,churn,0.009220520545056446,0.009220520545056446,0,churn,0.014779365002101431,0.014779365002101431,0,churn,0.009570145241639932,0.009570145241639932,0,churn,0.024590626435578786,0.024590626435578786,0,churn,0.007787224376321588,0.007787224376321588,0,churn,0.00841957122211363,0.00841957122211363,0,churn,0.020642396060416374,0.020642396060416374,0,churn,0.017414658216572884,0.017414658216572884,0,Chooser (cheaper of the two)|n100 m10 churn20 lam=0.05|307
h10_elite_migration,Chooser (cheaper of the two),n100 m10 churn20 lam=0.05,churn,100,10,308,20000,4000,0.02521657943725586,0.009829057547112767,0.018319311606167676,0.023925960550746594,1.0079171416575827,8.875,0.1109375,0.0,0.023925960550746594,0.05,,0.009829057547112767,0.009829057547112767,0,churn,0.022988022944600773,0.022988022944600773,0,churn,0.015804873088657054,0.015804873088657054,0,churn,0.00999437745140684,0.00999437745140684,0,churn,0.017561339602572296,0.017561339602572296,0,churn,0.010776147755072399,0.05562933931170373,71,churn,0.023830928853839573,0.023830928853839573,0,churn,0.02597181967525866,0.02597181967525866,0,churn,0.01962698347793381,0.01962698347793381,0,Chooser (cheaper of the two)|n100 m10 churn20 lam=0.05|308
h10_elite_migration,Chooser (cheaper of the two),n100 m10 churn20 lam=0.05,churn,100,10,309,20000,4000,0.024808168411254883,0.01350451577407029,0.0199189260678723,0.0199189260678723,1.0081138204313653,0.0,0.0,0.0,0.0199189260678723,0.05,,0.01350451577407029,0.01350451577407029,0,churn,0.01755780375447923,0.01755780375447923,0,churn,0.009054920366097497,0.009054920366097497,0,churn,0.02463919103415423,0.02463919103415423,0,churn,0.030625998871409606,0.030625998871409606,0,churn,0.019522706365215588,0.019522706365215588,0,churn,0.008432842734033039,0.008432842734033039,0,churn,0.024900282078804088,0.024900282078804088,0,churn,0.024617663338785154,0.024617663338785154,0,Chooser (cheaper of the two)|n100 m10 churn20 lam=0.05|309
h10_elite_migration,Chooser (cheaper of the two),n100 m10 churn20 lam=0.05,churn,100,10,310,20000,4000,0.025216341018676758,0.004135430617277745,0.017544503297313625,0.02898655458492931,1.0094629344270598,18.125,0.2265625,0.0,0.02898655458492931,0.05,,0.004135430617277745,0.004135430617277745,0,churn,0.019699413169914602,0.019699413169914602,0,churn,0.017117565725413054,0.017117565725413054,0,churn,0.007438727871136737,0.007438727871136737,0,churn,0.023732747516004085,0.023732747516004085,0,churn,0.030838613602270998,0.030838613602270998,0,churn,0.009364887249352284,0.05415545412104237,71,churn,0.021443132233918295,0.021443132233918295,0,churn,0.010720939010498939,0.05746678243973434,74,Chooser (cheaper of the two)|n100 m10 churn20 lam=0.05|310
h10_elite_migration,GA continue,n100 m10 churn20 lam=0.05,churn,100,10,301,20000,4000,2.359318733215332,0.011938736375147578,0.024511754853999625,0.04261590563710085,1.0176853272877247,10.375,0.1296875,0.0,0.031156772257518284,0.05,,0.011938736375147578,0.05744306001563476,0,churn,0.020079058666111784,0.07271597763307881,17,churn,0.01836744221330028,0.02606341561031292,5,churn,0.02725925247012016,0.0368683574256244,7,churn,0.029127606185819676,0.04010632338835938,8,churn,0.03113855331208424,0.04781043979586088,15,churn,0.02408154044567409,0.046502466179475184,18,churn,0.023624186604399047,0.033212791012064036,6,churn,0.022416398934487724,0.03764747405203113,7,GA continue|n100 m10 churn20 lam=0.05|301
h10_elite_migration,GA continue,n100 m10 churn20 lam=0.05,churn,100,10,302,20000,4000,2.3034050464630127,0.013343169677647456,0.025135560418837036,0.04438744588598187,1.0155837537280865,9.25,0.115625,0.0,0.03105941127953099,0.05,,0.013343169677647456,0.036908306114355444,0,churn,0.03404302835454525,0.0568120508321238,12,churn,0.025869863859084716,0.03494185026930579,5,churn,0.032384094421345475,0.0398204117940167,5,churn,0.01345153791477486,0.030981214155307437,7,churn,0.0255859264549126,0.052422392200589085,12,churn,0.023348810537928,0.03605177227985032,7,churn,0.017907541540553615,0.05231931723151507,17,churn,0.028493680267551776,0.05175055832514677,9,GA continue|n100 m10 churn20 lam=0.05|302
h10_elite_migration,GA continue,n100 m10 churn20 lam=0.05,churn,100,10,303,20000,4000,2.1888766288757324,0.015183178216340744,0.028772769259236518,0.04962115374911671,1.021101790487067,11.125,0.13906249999999998,0.0,0.03592031985175753,0.05,,0.015183178216340744,0.05159998247577159,0,churn,0.029162814251347195,0.0561606215877928,14,churn,0.03121226165879274,0.0554191859032168,8,churn,0.03296457380919288,0.04779071009671294,7,churn,0.024784356233571083,0.04551904804236754,12,churn,0.02046658995081501,0.05614721331427036,14,churn,0.029227408463386225,0.04632330407649512,14,churn,0.02275623742628695,0.039859104244811414,11,churn,0.03960791228050007,0.04975004272726666,9,GA continue|n100 m10 churn20 lam=0.05|303
h10_elite_migration,GA continue,n100 m10 churn20 lam=0.05,churn,100,10,304,20000,4000,2.0450527667999268,0.014925746594301471,0.02675634266269928,0.05473813793700551,1.0169748528968374,12.0,0.15,0.0,0.03446008582234487,0.05,,0.014925746594301471,0.045784041999774636,0,churn,0.03057163726815657,0.09473789836576225,17,churn,0.027139995906656045,0.06024048579898167,18,churn,0.02597824815620668,0.04195202478928,10,churn,0.0285448305003644,0.046389488893615514,13,churn,0.021113043818335155,0.049238679163383335,13,churn,0.02510726241363495,0.0514825148122158,12,churn,0.0341339587925945,0.0515062642270013,9,churn,0.021461764445645935,0.04235774744580417,4,GA continue|n100 m10 churn20 lam=0.05|304
h10_elite_migration,GA continue,n100 m10 churn20 lam=0.05,churn,100,10,305,20000,4000,2.165332078933716,0.012517337425278385,0.027816692381803433,0.04649277381892988,1.019383822528753,10.75,0.134375,0.0,0.03473221244736909,0.05,,0.012517337425278385,0.048858146460174175,0,churn,0.040223697990355085,0.05548953384642839,9,churn,0.026181013996831502,0.046438458314673046,14,churn,0.038067683042890446,0.06054064787946884,20,churn,0.027318246588475054,0.049660176257513115,7,churn,0.01892554787604546,0.03045423883426084,6,churn,0.022017895953975682,0.045342329689813846,10,churn,0.021999131032919575,0.04311367644387658,9,churn,0.027800322572934653,0.04090312928540441,11,GA continue|n100 m10 churn20 lam=0.05|305
h10_elite_migration,GA continue,n100 m10 churn20 lam=0.05,churn,100,10,306,20000,4000,2.0325584411621094,0.014569156915683546,0.028660197431679364,0.0492586187604296,1.0166349219035127,9.5,0.11875,0.0,0.034771168874111885,0.05,,0.014569156915683546,0.027101664553981566,0,churn,0.038894951598930326,0.06153593079915467,12,churn,0.02287807886415166,0.04375795141536371,11,churn,0.020032782241459858,0.03383159599308439,7,churn,0.029629725929607907,0.054154602920378825,10,churn,0.027440310171560685,0.04355093662146532,8,churn,0.030962815362879745,0.04807927534854149,8,churn,0.02779381547565298,0.06219226518408814,9,churn,0.03164909980919177,0.046966391801360245,11,GA continue|n100 m10 churn20 lam=0.05|306
h10_elite_migration,GA continue,n100 m10 churn20 lam=0.05,churn,100,10,307,20000,4000,2.0536506175994873,0.011931567065867007,0.025316766873321746,0.04104394930789332,1.0205376467504037,6.375,0.0796875,0.0,0.029395713832052854,0.05,,0.011931567065867007,0.05040881819828238,0,churn,0.04883899894957791,0.05830401398621719,4,churn,0.018087107695132016,0.031289533030380096,9,churn,0.01657607861363541,0.035382048216901205,3,churn,0.0172129223688419,0.034187945522791814,12,churn,0.028041907396476717,0.050792963953360595,9,churn,0.023486223486571842,0.033172807452562236,3,churn,0.028483413449453553,0.04577760099600744,5,churn,0.021807483026884636,0.03944468130492599,6,GA continue|n100 m10 churn20 lam=0.05|307
h10_elite_migration,GA continue,n100 m10 churn20 lam=0.05,churn,100,10,308,20000,4000,2.079371929168701,0.017129267264258397,0.028387542693474967,0.051992946272772754,1.0178917806027137,12.5,0.15625,0.0,0.036422121371650296,0.05,,0.017129267264258397,0.05953833328136455,0,churn,0.04125918423589588,0.06901817807914529,14,churn,0.029426699630837997,0.04486202238305618,12,churn,0.03929698541287232,0.054948889465216436,13,churn,0.027768944212770784,0.0451441542343853,12,churn,0.014865863832060363,0.05166989324243325,16,churn,0.022323780162611023,0.03317241852580607,8,churn,0.026299491537748406,0.05804616338764544,11,churn,0.02585939252300296,0.059081850864494086,14,GA continue|n100 m10 churn20 lam=0.05|308
h10_elite_migration,GA continue,n100 m10 churn20 lam=0.05,churn,100,10,309,20000,4000,2.207399845123291,0.0121631558151105,0.023735517550573404,0.045080235707918005,1.011895725427769,10.125,0.1265625,0.0,0.030219582572653298,0.05,,0.0121631558151105,0.035984273028589454,0,churn,0.02159563097016863,0.025650038233154045,3,churn,0.017461918949374076,0.04218615056880864,6,churn,0.024505649772229878,0.058098181290468856,14,churn,0.01774158352243251,0.03257544500550913,10,churn,0.028082197635726662,0.04756476803916378,13,churn,0.027069699562909427,0.053062780618790446,15,churn,0.027008870673420598,0.05358480228739961,11,churn,0.026418589318325462,0.047919719620049546,9,GA continue|n100 m10 churn20 lam=0.05|309
h10_elite_migration,GA continue,n100 m10 churn20 lam=0.05,churn,100,10,310,20000,4000,2.017664670944214,0.010962395995608108,0.024665992186775315,0.04446776898802007,1.0165300521387852,9.125,0.11406249999999998,0.0,0.030509854588256335,0.05,,0.010962395995608108,0.042622125564483526,0,churn,0.02559863757070753,0.049702481410185635,9,churn,0.030595034011959576,0.07466414800747526,9,churn,0.01832726678607829,0.03889684724767858,11,churn,0.02430170644642867,0.04291576299972215,4,churn,0.022691762468753887,0.04328643593389719,14,churn,0.02847060560342707,0.04185914085666579,12,churn,0.026749722418260274,0.03559858586183647,8,churn,0.020593202188587206,0.028818749586699534,6,GA continue|n100 m10 churn20 lam=0.05|310
h10_elite_migration,QI-MRFO+CXM continue,n100 m10 churn20 lam=0.05,churn,100,10,301,20000,4000,6.515606641769409,0.0008034395373276679,0.004854027665411575,0.043310738812887606,0.998158412894653,36.75,0.459375,0.0,0.027930454167884484,0.05,,0.0008034395373276679,0.012424251864251949,0,churn,0.005625280113445215,0.029734673255938152,26,churn,0.004910521150620654,0.04647598722527639,38,churn,0.002220732578512727,0.04589660868348874,46,churn,0.0034349405499573527,0.054808617938768234,44,churn,0.00648998226717402,0.04135910610997878,34,churn,0.005113184230432184,0.03717351104876675,31,churn,0.006485102517285491,0.0415877992511075,37,churn,0.004552477915864959,0.04944960698977631,38,QI-MRFO+CXM continue|n100 m10 churn20 lam=0.05|301
h10_elite_migration,QI-MRFO+CXM continue,n100 m10 churn20 lam=0.05,churn,100,10,302,20000,4000,6.610395908355713,0.0005247079719280449,0.005257192075548523,0.041133931464608975,0.9958882367918105,37.625,0.4703125,0.0,0.028893823731793097,0.05,,0.0005247079719280449,0.0052725963407204745,0,churn,0.006350828701888952,0.03594955891329615,31,churn,0.004401934015212903,0.03923457132503919,35,churn,0.002871192731106862,0.05113513941259944,50,churn,0.0066755035753096985,0.048307895786057375,49,churn,0.0029716576796053598,0.03294866789350004,31,churn,0.00422879673501805,0.04680678654365751,42,churn,0.006940987322900748,0.03971303086677085,33,churn,0.007616635843345608,0.034975800975951245,30,QI-MRFO+CXM continue|n100 m10 churn20 lam=0.05|302
h10_elite_migration,QI-MRFO+CXM continue,n100 m10 churn20 lam=0.05,churn,100,10,303,20000,4000,6.85748028755188,0.0005958956312608322,0.003165115116495528,0.038261058277300974,0.9956899183257799,37.625,0.4703125,0.0,0.026752918332536957,0.05,,0.0005958956312608322,0.02378195724463283,0,churn,0.003149886920100372,0.055712821322692396,51,churn,0.0016877740892411114,0.03901404933795767,38,churn,0.002862574250736549,0.03676503574721612,36,churn,0.004129034775195404,0.039095703823917485,39,churn,0.0017526845423635536,0.044524278598089266,42,churn,0.004340376320681467,0.02915054030885974,31,churn,0.004524529187019889,0.02613808616335918,26,churn,0.0028740608466258804,0.035687950916315936,38,QI-MRFO+CXM continue|n100 m10 churn20 lam=0.05|303
h10_elite_migration,QI-MRFO+CXM continue,n100 m10 churn20 lam=0.05,churn,100,10,304,20000,4000,6.757129669189453,0.0007500681960792569,0.004897901013304352,0.04064143364876845,0.9953244838335455,36.0,0.45,0.0,0.0275102494810014,0.05,,0.0007500681960792569,0.019402401875970005,0,churn,0.00530249241360496,0.042394891476328994,40,churn,0.004228625838844633,0.034887699405174534,32,churn,0.007860868761117974,0.04874982309345559,38,churn,0.005374325647573657,0.043230854534207025,47,churn,0.004520150651425089,0.037000407312784936,30,churn,0.0038454902650517176,0.048478956807741724,37,churn,0.003787468482839808,0.029456678183666204,24,churn,0.004263786045976975,0.04093215837678863,40,QI-MRFO+CXM continue|n100 m10 churn20 lam=0.05|304
h10_elite_migration,QI-MRFO+CXM continue,n100 m10 churn20 lam=0.05,churn,100,10,305,20000,4000,6.6179563999176025,0.0010851257043272605,0.004314231821897347,0.036273364781255965,0.9960781311607194,33.125,0.4140625,0.0,0.02510114395770916,0.05,,0.0010851257043272605,0.009438774742326688,0,churn,0.003318294841728642,0.041893337968688174,36,churn,0.0041851056374949454,0.03771632553088429,36,churn,0.0043717987794291095,0.031116822941240855,33,churn,0.004617098837839761,0.03159297641306329,30,churn,0.002436823913957118,0.035630124542083405,37,churn,0.004166827965774257,0.039096113103965345,35,churn,0.003067280038082875,0.04756088024456707,38,churn,0.008350624560872067,0.02558033750555531,20,QI-MRFO+CXM continue|n100 m10 churn20 lam=0.05|305
h10_elite_migration,QI-MRFO+CXM continue,n100 m10 churn20 lam=0.05,churn,100,10,306,20000,4000,6.847848415374756,0.0003620227974819096,0.004965267696953738,0.03512967368526457,0.9932211367383226,33.625,0.4203125,0.0,0.02608622772848293,0.05,,0.0003620227974819096,0.004717346629877374,0,churn,0.006110128397560265,0.046379247594121244,38,churn,0.0028413566241343126,0.0340118726788677,35,churn,0.0073429465471418175,0.038939908510690575,35,churn,0.004392066694375052,0.031219394896663227,32,churn,0.005189230250713323,0.033283772378416544,33,churn,0.004788061172164004,0.03560087030409092,38,churn,0.0029173501253953312,0.0277280619354517,28,churn,0.006141001764145799,0.03387426118381464,30,QI-MRFO+CXM continue|n100 m10 churn20 lam=0.05|306
h10_elite_migration,QI-MRFO+CXM continue,n100 m10 churn20 lam=0.05,churn,100,10,307,20000,4000,7.176727771759033,0.0009377332923246353,0.00619613541931986,0.038613431992699274,1.0015025838822083,32.875,0.4109375,0.0,0.02686501789550505,0.05,,0.0009377332923246353,0.017166833172085578,0,churn,0.010872102253372378,0.0355301971233955,24,churn,0.0047609389235539834,0.04118736889010345,30,churn,0.006536613138547642,0.04345940561725295,37,churn,0.003166399572471878,0.039997645009466704,38,churn,0.005332836195023201,0.041756096068305174,41,churn,0.009557763682863605,0.04112641192380314,34,churn,0.00605078647541961,0.02604399803529526,21,churn,0.0032916431133065836,0.039806333273972,38,QI-MRFO+CXM continue|n100 m10 churn20 lam=0.05|307
h10_elite_migration,QI-MRFO+CXM continue,n100 m10 churn20 lam=0.05,churn,100,10,308,20000,4000,7.038839340209961,0.000923051587766865,0.005069702066068199,0.043569035944685426,0.994808565447667,39.5,0.49375,0.0,0.029877248491695194,0.05,,0.000923051587766865,0.011074100243266155,0,churn,0.012193963388294286,0.04985603059428606,44,churn,0.005134485754770818,0.03880898317544165,33,churn,0.009079437899522204,0.031044988753494717,23,churn,0.004148605759469408,0.05807015188188808,50,churn,0.0016291519606554967,0.03753238154681056,40,churn,0.0035277593857509122,0.047133820298276785,38,churn,0.0014230114086796108,0.041224930618078984,43,churn,0.0034212009714028554,0.04488100068920658,45,QI-MRFO+CXM continue|n100 m10 churn20 lam=0.05|308
h10_elite_migration,QI-MRFO+CXM continue,n100 m10 churn20 lam=0.05,churn,100,10,309,20000,4000,6.712789058685303,0.00021540392440112327,0.0037439722448393475,0.034150354626404325,0.992127380322347,33.5,0.41874999999999996,0.0,0.02475859586801425,0.05,,0.00021540392440112327,0.0029424141129715453,0,churn,0.0035817672871249636,0.04141372348535948,36,churn,0.0027043165547371586,0.03249226691451189,35,churn,0.004510234691316088,0.03731739283908088,39,churn,0.005010909611443943,0.0264756092509489,22,churn,0.004157291258359589,0.02830863041310214,28,churn,0.00314849882796172,0.032122568953895474,32,churn,0.0032096183195489667,0.03813539361100881,37,churn,0.0036291414082223507,0.036937251543327033,39,QI-MRFO+CXM continue|n100 m10 churn20 lam=0.05|309
h10_elite_migration,QI-MRFO+CXM continue,n100 m10 churn20 lam=0.05,churn,100,10,310,20000,4000,7.0117151737213135,0.0006800415209223151,0.0054199058370520995,0.038345799457936515,0.9974366249842449,34.875,0.43593750000000003,0.0,0.0273374567784681,0.05,,0.0006800415209223151,0.01033210185158088,0,churn,0.004923902816716072,0.042650742921299,42,churn,0.0022299562650730186,0.03642048490687361,35,churn,0.004634786995524205,0.04111030532538652,39,churn,0.007087065715155379,0.03580539685724829,32,churn,0.007767018743412748,0.041284911367441376,35,churn,0.007456908161165076,0.052827078242251864,42,churn,0.0034004002809216827,0.021663638347262065,20,churn,0.00585920771844861,0.03500383769572938,34,QI-MRFO+CXM continue|n100 m10 churn20 lam=0.05|310
h10_elite_migration,QI-MRFO+CXM continue+elite,n100 m10 churn20 lam=0.05,churn,100,10,301,20000,4000,6.590900659561157,0.0008034395373276679,0.005415965255351853,0.029292929442427014,0.9987162966172796,26.375,0.3296875,0.0,0.021990546529700172,0.05,,0.0008034395373276679,0.012424251864251949,0,churn,0.0048207320152416945,0.031392741513438696,29,churn,0.003933183175100899,0.027760041056792507,25,churn,0.005126795634339583,0.0212328805913954,16,churn,0.003286813473475853,0.024710166129535905,24,churn,0.008973652185882575,0.03846776881874256,33,churn,0.006964404451322561,0.027482915611891503,25,churn,0.00742486280522104,0.028925806293103637,26,churn,0.002797278302230621,0.03437111552451589,33,QI-MRFO+CXM continue+elite|n100 m10 churn20 lam=0.05|301
h10_elite_migration,QI-MRFO+CXM continue+elite,n100 m10 churn20 lam=0.05,churn,100,10,302,20000,4000,6.854789972305298,0.0005247079719280449,0.005611912684575135,0.03077850742769269,0.9962388330382593,28.5,0.35624999999999996,0.0,0.023516947321849967,0.05,,0.0005247079719280449,0.0052725963407204745,0,churn,0.002990445269393974,0.03700240116059352,38,churn,0.007189141130476845,0.028059088800701477,23,churn,0.004726139893662061,0.03026814127331684,30,churn,0.00420352646670619,0.027778382428747344,26,churn,0.009761697957763838,0.02751941954727704,19,churn,0.0054816346046497825,0.028479717946274595,26,churn,0.007423766883318112,0.03420549461432961,28,churn,0.0031189492706302727,0.03291541365030107,38,QI-MRFO+CXM continue+elite|n100 m10 churn20 lam=0.05|302
h10_elite_migration,QI-MRFO+CXM continue+elite,n100 m10 churn20 lam=0.05,churn,100,10,303,20000,4000,6.9914703369140625,0.0005958956312608322,0.004080038101849585,0.03349208410980907,0.9965967815501502,28.5,0.35624999999999996,0.0,0.02195989985833896,0.05,,0.0005958956312608322,0.02378195724463283,0,churn,0.0021626320992142473,0.05686388300153284,47,churn,0.004591847815070475,0.01701215188044093,14,churn,0.006757137047159204,0.023779050463963083,20,churn,0.0037501115799499804,0.04414056333827671,28,churn,0.0031632590139920925,0.03729466740175131,31,churn,0.0031232038346436625,0.027105971633771042,29,churn,0.004492499261561685,0.037463366596265237,36,churn,0.004599614163205341,0.02427701856247144,23,QI-MRFO+CXM continue+elite|n100 m10 churn20 lam=0.05|303
h10_elite_migration,QI-MRFO+CXM continue+elite,n100 m10 churn20 lam=0.05,churn,100,10,304,20000,4000,6.831347465515137,0.0007500681960792569,0.004930382462511195,0.030643955482173156,0.99535654822501,28.125,0.3515625,0.0,0.022593204692864764,0.05,,0.0007500681960792569,0.019402401875970005,0,churn,0.0038627042759920758,0.042859484046673384,42,churn,0.0060926030065129675,0.026624261305008296,25,churn,0.004698832784300852,0.03533194452394917,29,churn,0.004096328517493504,0.03528104013865196,27,churn,0.006272401356327414,0.027341861042191693,24,churn,0.006332232390481586,0.030214254747060396,27,churn,0.005052368074490139,0.02327587877213657,23,churn,0.00303558929449102,0.024222919281713794,28,QI-MRFO+CXM continue+elite|n100 m10 churn20 lam=0.05|304
h10_elite_migration,QI-MRFO+CXM continue+elite,n100 m10 churn20 lam=0.05,churn,100,10,305,20000,4000,6.91261887550354,0.0010851257043272605,0.004542786957412675,0.029674594401370012,0.9963041386277873,27.0,0.3375,0.0,0.021494871929981722,0.05,,0.0010851257043272605,0.009438774742326688,0,churn,0.0043431050222706635,0.03352616697358876,34,churn,0.0049629983871419476,0.028246145520277,26,churn,0.005369783832226779,0.03436517064785394,27,churn,0.004200724316229845,0.0175572343194309,18,churn,0.0043238649896836946,0.024134785508298392,22,churn,0.004855903312633321,0.042582328139539445,35,churn,0.003996571247706714,0.024200803116283035,25,churn,0.004289344551408441,0.03278412098568863,29,QI-MRFO+CXM continue+elite|n100 m10 churn20 lam=0.05|305
h10_elite_migration,QI-MRFO+CXM continue+elite,n100 m10 churn20 lam=0.05,churn,100,10,306,20000,4000,6.5248799324035645,0.0003620227974819096,0.004362850158533368,0.029273804162829282,0.9926256191642567,28.125,0.3515625,0.0,0.02201261648512403,0.05,,0.0003620227974819096,0.004717346629877374,0,churn,0.002668669618576344,0.03477782299405992,34,churn,0.0043536976379082125,0.025278294904118304,27,churn,0.007912497115564849,0.01943519412851464,15,churn,0.0036533517559865637,0.026065033824659512,24,churn,0.0034939750832492246,0.03472079776118922,33,churn,0.0031859120137792225,0.02505397831640483,24,churn,0.006030657687161108,0.030170865354911425,27,churn,0.0036040403560414175,0.038688446018776405,41,QI-MRFO+CXM continue+elite|n100 m10 churn20 lam=0.05|306
h10_elite_migration,QI-MRFO+CXM continue+elite,n100 m10 churn20 lam=0.05,churn,100,10,307,20000,4000,7.106233835220337,0.0009377332923246353,0.005466792441813167,0.02845159897054602,1.0007755917442975,24.75,0.30937500000000007,0.0,0.021019568022203197,0.05,,0.0009377332923246353,0.017166833172085578,0,churn,0.0057195069418621266,0.02907971398872879,25,churn,0.004366215764459161,0.020638360144964046,19,churn,0.003750662027222509,0.03847868081821508,31,churn,0.008918709283674778,0.03098245635695469,27,churn,0.003188544984443718,0.026973358839274524,28,churn,0.007840688981147434,0.02572411959041526,21,churn,0.004025609219018795,0.02591755666637072,21,churn,0.005924402332676808,0.02981854535944504,26,QI-MRFO+CXM continue+elite|n100 m10 churn20 lam=0.05|307
h10_elite_migration,QI-MRFO+CXM continue+elite,n100 m10 churn20 lam=0.05,churn,100,10,308,20000,4000,6.9066832065582275,0.000923051587766865,0.0038252334357183745,0.032152358324327376,0.9935735528918677,29.625,0.3703125,0.0,0.022409845345692188,0.05,,0.000923051587766865,0.011074100243266155,0,churn,0.0037812563247787566,0.03337195002242318,30,churn,0.00499419858969313,0.0327757122320043,29,churn,0.0018722092415613453,0.05009120291614115,43,churn,0.003964520747465059,0.031233723445240304,28,churn,0.0029388282777254296,0.020344231313123604,22,churn,0.0045899641843257545,0.025336153604516236,25,churn,0.0042357926051303655,0.033095609466630614,32,churn,0.004225097515067157,0.03097028359453962,28,QI-MRFO+CXM continue+elite|n100 m10 churn20 lam=0.05|308
h10_elite_migration,QI-MRFO+CXM continue+elite,n100 m10 churn20 lam=0.05,churn,100,10,309,20000,4000,6.748502731323242,0.00021540392440112327,0.004389346252439559,0.03171228668929372,0.9927680587627057,30.25,0.37812500000000004,0.0,0.023379602787895446,0.05,,0.00021540392440112327,0.0029424141129715453,0,churn,0.0024382200646672816,0.026712400247700614,29,churn,0.005216884586446577,0.02834290951476159,26,churn,0.004178184755151345,0.030096934870733262,33,churn,0.002161097902973235,0.03770214971820468,33,churn,0.007047194689274193,0.03944887569193544,39,churn,0.004049141965367527,0.030191714630189537,29,churn,0.006849037670544206,0.03386220120447616,27,churn,0.00317500838509211,0.027341107636348467,26,QI-MRFO+CXM continue+elite|n100 m10 churn20 lam=0.05|309
h10_elite_migration,QI-MRFO+CXM continue+elite,n100 m10 churn20 lam=0.05,churn,100,10,310,20000,4000,7.012657403945923,0.0006800415209223151,0.003595038724107445,0.026328658399940617,0.9956249208438359,25.5,0.31875,0.0,0.0195901475927854,0.05,,0.0006800415209223151,0.01033210185158088,0,churn,0.004345887337915002,0.03710494203305084,38,churn,0.0032112309270100696,0.03862144340262276,40,churn,0.0031173213590223407,0.0293246137320951,29,churn,0.0026322884123043547,0.013676381430898811,13,churn,0.00401874709322103,0.017982266251310115,16,churn,0.004351806063769973,0.023912033838687348,21,churn,0.00381065598492401,0.019426712832942034,18,churn,0.0032723726146927823,0.030580873677917925,29,QI-MRFO+CXM continue+elite|n100 m10 churn20 lam=0.05|310
h10_elite_migration,(1+1)-EA+CXM continue,n100 m10 churn20 lam=0.2,churn,100,10,301,20000,4000,1.4410786628723145,0.0007944499825693696,0.006405527052108466,0.04868118536446284,0.999700039961136,13.75,0.171875,0.0,0.040985879319627265,0.2,,0.0007944499825693696,0.01980602025392085,0,churn,0.002363656180183983,0.06844358392356296,22,churn,0.007882762505182632,0.045798378004583105,13,churn,0.006421721659327811,0.04183273267592144,13,churn,0.005587797346568736,0.03899958423854738,10,churn,0.0028714532898188147,0.04013443751648783,12,churn,0.012830132261209012,0.05543051796358695,14,churn,0.00832304300960542,0.030122436604428777,6,churn,0.00496365016497132,0.06868781198858422,20,(1+1)-EA+CXM continue|n100 m10 churn20 lam=0.2|301
h10_elite_migration,(1+1)-EA+CXM continue,n100 m10 churn20 lam=0.2,churn,100,10,302,20000,4000,1.3806283473968506,0.0005847501359411637,0.006893117379693958,0.054956344020251666,0.9975127368804173,16.625,0.2078125,0.0,0.04871105215180539,0.2,,0.0005847501359411637,0.009146323098066275,0,churn,0.0036693037814722164,0.0582200001980779,19,churn,0.006067773565661149,0.05977318476996658,19,churn,0.018863628863968942,0.0461843812769843,10,churn,0.008635245480129136,0.05862137711679221,15,churn,0.004523113517532134,0.05358309884721231,17,churn,0.0038151182205871654,0.05890710528010224,18,churn,0.003616828396797717,0.05191087171529479,17,churn,0.005953927211403205,0.052450732957582964,18,(1+1)-EA+CXM continue|n100 m10 churn20 lam=0.2|302
h10_elite_migration,(1+1)-EA+CXM continue,n100 m10 churn20 lam=0.2,churn,100,10,303,20000,4000,1.6043586730957031,0.0010572604081618454,0.0053831334549535184,0.06791788821065727,0.9978927338738739,19.875,0.2484375,0.0,0.05530987349440397,0.2,,0.0010572604081618454,0.025301005100177666,0,churn,0.005066300580424814,0.08804032157002491,25,churn,0.0030458059959486993,0.07075952237672699,20,churn,0.0026215526652536313,0.0774640121573589,26,churn,0.0038918781945331497,0.07257480601801708,22,churn,0.002304334794997268,0.06657262303278183,21,churn,0.006375038882931335,0.06668568114853128,21,churn,0.011086097435948789,0.06396094451954094,14,churn,0.008674059089590465,0.03728519486227617,10,(1+1)-EA+CXM continue|n100 m10 churn20 lam=0.2|303
h10_elite_migration,(1+1)-EA+CXM continue,n100 m10 churn20 lam=0.2,churn,100,10,304,20000,4000,1.484236240386963,0.0006037870269129456,0.004336410753665243,0.05886236095869778,0.9947698296322451,18.0,0.22499999999999998,0.0,0.04950532318584877,0.2,,0.0006037870269129456,0.009703738369008846,0,churn,0.0011483485029148029,0.08312750957317236,28,churn,0.006925900041136709,0.051751140797088584,15,churn,0.0011775352041585555,0.09030025788078186,28,churn,0.0060753914028845,0.05185503153353078,14,churn,0.006299201312996517,0.04396844993816924,14,churn,0.0041902834531886675,0.054601624009002536,17,churn,0.005132977125280285,0.049457249301724925,16,churn,0.003741648986761909,0.04583762463611198,12,(1+1)-EA+CXM continue|n100 m10 churn20 lam=0.2|304
h10_elite_migration,(1+1)-EA+CXM continue,n100 m10 churn20 lam=0.2,churn,100,10,305,20000,4000,1.4086720943450928,0.0006357534804457774,0.00623234988628146,0.04918379092130799,0.9979809954878082,14.5,0.18124999999999997,0.0,0.04270298455545888,0.2,,0.0006357534804457774,0.023400173272238315,0,churn,0.004474498991173886,0.06420265890048232,20,churn,0.008047789753172257,0.0743784655915162,23,churn,0.006758493033644312,0.050100828052016586,15,churn,0.007408270397764883,0.021208437413188036,4,churn,0.00424224292245231,0.0630990320699172,19,churn,0.007942659243340212,0.04276062538445946,12,churn,0.007301343305730323,0.03976483475031189,11,churn,0.0036835014429734986,0.03795544520857226,12,(1+1)-EA+CXM continue|n100 m10 churn20 lam=0.2|305
h10_elite_migration,(1+1)-EA+CXM continue,n100 m10 churn20 lam=0.2,churn,100,10,306,20000,4000,1.3936457633972168,0.00022357229419423736,0.010974610149849767,0.06054313151903375,0.9991494595697773,15.625,0.1953125,0.0,0.05039658096642528,0.2,,0.00022357229419423736,0.006291693778161626,0,churn,0.0037518969646784394,0.07593949502606757,25,churn,0.008197810686244532,0.06243949282533089,17,churn,0.006132493735298034,0.04988567584584385,15,churn,0.008107826834230242,0.04715666974917928,13,churn,0.006824479454658052,0.06649588370311227,14,churn,0.03604334805146156,0.06071887610752741,9,churn,0.01386291051406603,0.05954933385875654,16,churn,0.004876114958161242,0.062159625036452205,16,(1+1)-EA+CXM continue|n100 m10 churn20 lam=0.2|306
h10_elite_migration,(1+1)-EA+CXM continue,n100 m10 churn20 lam=0.2,churn,100,10,307,20000,4000,1.4412524700164795,0.0003651439638693392,0.006683102695299415,0.055092963889618665,1.0019882864597112,14.375,0.1796875,0.0,0.04283845591062441,0.2,,0.0003651439638693392,0.024446273730850863,0,churn,0.003168953910645385,0.0781183465781227,23,churn,0.00955292621858552,0.07813787170054191,19,churn,0.0039376509982399855,0.06143280523984089,19,churn,0.0027331673154338057,0.04969276513419456,13,churn,0.0033173258169146443,0.04741036004501824,13,churn,0.00877529252850952,0.050501645924340165,12,churn,0.013021608067080418,0.04005834602401531,10,churn,0.008957896706986043,0.03539157047087562,6,(1+1)-EA+CXM continue|n100 m10 churn20 lam=0.2|307
h10_elite_migration,(1+1)-EA+CXM continue,n100 m10 churn20 lam=0.2,churn,100,10,308,20000,4000,1.4772274494171143,0.0007917903286255392,0.004976673383550616,0.05084625673750516,0.9947139087121628,15.25,0.190625,0.0,0.04328502941032826,0.2,,0.0007917903286255392,0.01198700297164036,0,churn,0.0066645490047245685,0.06814729893465252,21,churn,0.009566105271010731,0.03331118725150358,7,churn,0.0025405490227749096,0.06602607682182063,22,churn,0.003948643770410681,0.05072459839278963,16,churn,0.004167066579260745,0.05315376033629991,17,churn,0.005266772921049788,0.031148501395503774,7,churn,0.0016521437793825576,0.027986264789859897,9,churn,0.006007556719790944,0.07627236597761136,23,(1+1)-EA+CXM continue|n100 m10 churn20 lam=0.2|308
h10_elite_migration,(1+1)-EA+CXM continue,n100 m10 churn20 lam=0.2,churn,100,10,309,20000,4000,1.4328820705413818,0.0005400188734899088,0.010157498879054485,0.05094024892238442,0.9984702117965456,14.0,0.175,0.0,0.045313213623549585,0.2,,0.0005400188734899088,0.007028549691646947,0,churn,0.00281984088929005,0.0595259782002236,19,churn,0.006847794331566744,0.04202960986787489,13,churn,0.0037991818064058796,0.06154229377521045,20,churn,0.009664224702728992,0.024155327101952798,4,churn,0.0035857607503622943,0.06545220114622903,22,churn,0.046670885302753255,0.05032422005300716,1,churn,0.0026268533350000335,0.06646786341177528,22,churn,0.005245449914328624,0.0380244978228021,11,(1+1)-EA+CXM continue|n100 m10 churn20 lam=0.2|309
h10_elite_migration,(1+1)-EA+CXM continue,n100 m10 churn20 lam=0.2,churn,100,10,310,20000,4000,1.4298689365386963,0.0007771588942188509,0.00833786491463837,0.05051152875778893,1.0003256279584174,14.0,0.175,0.0,0.043560305132868335,0.2,,0.0007771588942188509,0.0152880908355526,0,churn,0.0069869042237142315,0.06820743457857026,18,churn,0.008753535638921983,0.048002796231184815,11,churn,0.0011942880013146773,0.06746353352363782,23,churn,0.004531917889259542,0.03147439859518116,8,churn,0.008537863790174969,0.06524733064865412,21,churn,0.0241082509134217,0.033239657191300245,3,churn,0.007220356051005887,0.04409796655100405,13,churn,0.005369802809293976,0.04635911274277896,15,(1+1)-EA+CXM continue|n100 m10 churn20 lam=0.2|310
h10_elite_migration,Chooser (cheaper of the two),n100 m10 churn20 lam=0.2,churn,100,10,301,20000,4000,0.023663043975830078,0.0064713761837668785,0.01653882373254063,0.01653882373254063,1.0097655673878352,0.0,0.0,0.0,0.01653882373254063,0.2,,0.0064713761837668785,0.0064713761837668785,0,churn,0.014322988659205364,0.014322988659205364,0,churn,0.018745358487897032,0.018745358487897032,0,churn,0.01232170133408074,0.01232170133408074,0,churn,0.01665459246856576,0.01665459246856576,0,churn,0.017542638380847186,0.017542638380847186,0,churn,0.028573735203415725,0.028573735203415725,0,churn,0.010558685346801058,0.010558685346801058,0,churn,0.013590889979512162,0.013590889979512162,0,Chooser (cheaper of the two)|n100 m10 churn20 lam=0.2|301
h10_elite_migration,Chooser (cheaper of the two),n100 m10 churn20 lam=0.2,churn,100,10,302,20000,4000,0.021857738494873047,0.01058388271372133,0.02969341545086522,0.02969341545086522,1.020088697608706,0.0,0.0,0.0,0.02969341545086522,0.2,,0.01058388271372133,0.01058388271372133,0,churn,0.02317022835515682,0.02317022835515682,0,churn,0.06450048122450097,0.06450048122450097,0,churn,0.01893211320904975,0.01893211320904975,0,churn,0.0090063567685517,0.0090063567685517,0,churn,0.040055950728719515,0.040055950728719515,0,churn,0.010453506339141471,0.010453506339141471,0,churn,0.020792565456675773,0.020792565456675773,0,churn,0.05063612152512577,0.05063612152512577,0,Chooser (cheaper of the two)|n100 m10 churn20 lam=0.2|302
h10_elite_migration,Chooser (cheaper of the two),n100 m10 churn20 lam=0.2,churn,100,10,303,20000,4000,0.023494243621826172,0.008481513833635353,0.029310063937272954,0.029310063937272954,1.0216387953054973,0.0,0.0,0.0,0.029310063937272954,0.2,,0.008481513833635353,0.008481513833635353,0,churn,0.011879618703789152,0.011879618703789152,0,churn,0.03181739265710555,0.03181739265710555,0,churn,0.04155303207075215,0.04155303207075215,0,churn,0.011739576099942974,0.011739576099942974,0,churn,0.019372091543455653,0.019372091543455653,0,churn,0.010322214354680642,0.010322214354680642,0,churn,0.04013653996278738,0.04013653996278738,0,churn,0.06766004610567013,0.06766004610567013,0,Chooser (cheaper of the two)|n100 m10 churn20 lam=0.2|303
h10_elite_migration,Chooser (cheaper of the two),n100 m10 churn20 lam=0.2,churn,100,10,304,20000,4000,0.025731325149536133,0.011182541500880099,0.019080521906229643,0.019080521906229643,1.0093651653116167,0.0,0.0,0.0,0.019080521906229643,0.2,,0.011182541500880099,0.011182541500880099,0,churn,0.0153706911936108,0.0153706911936108,0,churn,0.010558673427086614,0.010558673427086614,0,churn,0.04610616459096806,0.04610616459096806,0,churn,0.018758500761520053,0.018758500761520053,0,churn,0.012152629799817426,0.012152629799817426,0,churn,0.028179589704631077,0.028179589704631077,0,churn,0.01172777605731057,0.01172777605731057,0,churn,0.009790149714892558,0.009790149714892558,0,Chooser (cheaper of the two)|n100 m10 churn20 lam=0.2|304
h10_elite_migration,Chooser (cheaper of the two),n100 m10 churn20 lam=0.2,churn,100,10,305,20000,4000,0.02299046516418457,0.008223312381346173,0.01766699882079606,0.01766699882079606,1.0093188168600233,0.0,0.0,0.0,0.01766699882079606,0.2,,0.008223312381346173,0.008223312381346173,0,churn,0.011315218444311775,0.011315218444311775,0,churn,0.0380368437004072,0.0380368437004072,0,churn,0.014868595883142158,0.014868595883142158,0,churn,0.011915826350480952,0.011915826350480952,0,churn,0.0125417700732018,0.0125417700732018,0,churn,0.012468334786488802,0.012468334786488802,0,churn,0.01338715637726597,0.01338715637726597,0,churn,0.026802244951069816,0.026802244951069816,0,Chooser (cheaper of the two)|n100 m10 churn20 lam=0.2|305
h10_elite_migration,Chooser (cheaper of the two),n100 m10 churn20 lam=0.2,churn,100,10,306,20000,4000,0.022978782653808594,0.011498194450387201,0.03462186626523749,0.03462186626523749,1.0224926084654187,0.0,0.0,0.0,0.03462186626523749,0.2,,0.011498194450387201,0.011498194450387201,0,churn,0.01665681854704931,0.01665681854704931,0,churn,0.010122611625967446,0.010122611625967446,0,churn,0.021677516807826584,0.021677516807826584,0,churn,0.012117575548877697,0.012117575548877697,0,churn,0.030692952198847212,0.030692952198847212,0,churn,0.11548842641378182,0.11548842641378182,0,churn,0.04848323877125194,0.04848323877125194,0,churn,0.02173579020829793,0.02173579020829793,0,Chooser (cheaper of the two)|n100 m10 churn20 lam=0.2|306
h10_elite_migration,Chooser (cheaper of the two),n100 m10 churn20 lam=0.2,churn,100,10,307,20000,4000,0.02435469627380371,0.005184865225037136,0.014053063387475133,0.014053063387475133,1.0093210935739285,0.0,0.0,0.0,0.014053063387475133,0.2,,0.005184865225037136,0.005184865225037136,0,churn,0.009220520545056446,0.009220520545056446,0,churn,0.014779365002101431,0.014779365002101431,0,churn,0.009570145241639932,0.009570145241639932,0,churn,0.024590626435578786,0.024590626435578786,0,churn,0.007787224376321588,0.007787224376321588,0,churn,0.00841957122211363,0.00841957122211363,0,churn,0.020642396060416374,0.020642396060416374,0,churn,0.017414658216572884,0.017414658216572884,0,Chooser (cheaper of the two)|n100 m10 churn20 lam=0.2|307
h10_elite_migration,Chooser (cheaper of the two),n100 m10 churn20 lam=0.2,churn,100,10,308,20000,4000,0.022989749908447266,0.009829057547112767,0.04171472704826973,0.04171472704826973,1.0310491231248657,0.0,0.0,0.0,0.04171472704826973,0.2,,0.009829057547112767,0.009829057547112767,0,churn,0.022988022944600773,0.022988022944600773,0,churn,0.015804873088657054,0.015804873088657054,0,churn,0.00999437745140684,0.00999437745140684,0,churn,0.017561339602572296,0.017561339602572296,0,churn,0.09858990823630585,0.09858990823630585,0,churn,0.08057018694805199,0.08057018694805199,0,churn,0.07524747885997074,0.07524747885997074,0,churn,0.012961629254592271,0.012961629254592271,0,Chooser (cheaper of the two)|n100 m10 churn20 lam=0.2|308
h10_elite_migration,Chooser (cheaper of the two),n100 m10 churn20 lam=0.2,churn,100,10,309,20000,4000,0.024515151977539062,0.01350451577407029,0.0199189260678723,0.0199189260678723,1.0081138204313653,0.0,0.0,0.0,0.0199189260678723,0.2,,0.01350451577407029,0.01350451577407029,0,churn,0.01755780375447923,0.01755780375447923,0,churn,0.009054920366097497,0.009054920366097497,0,churn,0.02463919103415423,0.02463919103415423,0,churn,0.030625998871409606,0.030625998871409606,0,churn,0.019522706365215588,0.019522706365215588,0,churn,0.008432842734033039,0.008432842734033039,0,churn,0.024900282078804088,0.024900282078804088,0,churn,0.024617663338785154,0.024617663338785154,0,Chooser (cheaper of the two)|n100 m10 churn20 lam=0.2|309
h10_elite_migration,Chooser (cheaper of the two),n100 m10 churn20 lam=0.2,churn,100,10,310,20000,4000,0.024863243103027344,0.004135430617277745,0.03453482396235712,0.03453482396235712,1.0262609953382498,0.0,0.0,0.0,0.03453482396235712,0.2,,0.004135430617277745,0.004135430617277745,0,churn,0.019699413169914602,0.019699413169914602,0,churn,0.017117565725413054,0.017117565725413054,0,churn,0.007438727871136737,0.007438727871136737,0,churn,0.023732747516004085,0.023732747516004085,0,churn,0.030838613602270998,0.030838613602270998,0,churn,0.07192407169867258,0.07192407169867258,0,churn,0.09196269678992805,0.09196269678992805,0,churn,0.0135647553255168,0.0135647553255168,0,Chooser (cheaper of the two)|n100 m10 churn20 lam=0.2|310
h10_elite_migration,GA continue,n100 m10 churn20 lam=0.2,churn,100,10,301,20000,4000,2.035398483276367,0.011938736375147578,0.030642747456481767,0.062073328395177624,1.0237749936196794,7.25,0.090625,0.0,0.049312233873957056,0.2,,0.011938736375147578,0.05744306001563476,0,churn,0.024309708397763474,0.07635256160998793,7,churn,0.027937539310473474,0.06676561078932149,9,churn,0.03719696335632824,0.05818509958415653,6,churn,0.024558006588847946,0.04658918842640428,5,churn,0.028806618861440498,0.05825435801828567,7,churn,0.04092192093638922,0.062133645803835964,6,churn,0.02756811770108005,0.06849834150185201,13,churn,0.03384310449953125,0.059807821427577124,5,GA continue|n100 m10 churn20 lam=0.2|301
h10_elite_migration,GA continue,n100 m10 churn20 lam=0.2,churn,100,10,302,20000,4000,2.1205251216888428,0.013343169677647456,0.02599538589861005,0.06175963436218925,1.0164387221968934,8.25,0.103125,0.0,0.04716135622081434,0.2,,0.013343169677647456,0.036908306114355444,0,churn,0.03837640633947749,0.07567403039233155,10,churn,0.02832974056573946,0.07008897358281539,10,churn,0.039804976543762076,0.07837119951336938,7,churn,0.025559556426929548,0.05591387214087998,8,churn,0.023196626112526143,0.04828698864256724,6,churn,0.02084589765187713,0.05289176000701552,8,churn,0.011663615047417204,0.04666161467466018,8,churn,0.020186268501151322,0.0661886359438748,9,GA continue|n100 m10 churn20 lam=0.2|302
h10_elite_migration,GA continue,n100 m10 churn20 lam=0.2,churn,100,10,303,20000,4000,2.265838146209717,0.015183178216340744,0.024449210860516123,0.06277598087028777,1.0168123016958122,9.0,0.1125,0.0,0.04750546599267552,0.2,,0.015183178216340744,0.05159998247577159,0,churn,0.030728037949525493,0.06877556581735528,11,churn,0.031645826732488024,0.08830098432083716,8,churn,0.017425401131860443,0.05976458350116822,12,churn,0.029852118352817158,0.08047719963190275,11,churn,0.02151530369586699,0.06569828665706498,11,churn,0.028132941358038756,0.05852275801284218,7,churn,0.015636632534971783,0.03749116599475627,6,churn,0.02065742512856033,0.04317730302637526,6,GA continue|n100 m10 churn20 lam=0.2|303
h10_elite_migration,GA continue,n100 m10 churn20 lam=0.2,churn,100,10,304,20000,4000,2.250030040740967,0.014925746594301471,0.02967102909353367,0.06900081720577517,1.0198587285347505,8.75,0.109375,0.0,0.052184567217556835,0.2,,0.014925746594301471,0.045784041999774636,0,churn,0.02993031149094947,0.09377730862067925,11,churn,0.019177944766012277,0.05072253321822168,10,churn,0.028755700897663827,0.06265336914684656,9,churn,0.03022701822126133,0.06031448248006657,10,churn,0.023959295692127694,0.053035345994773574,5,churn,0.05552282538073948,0.1002890002780493,7,churn,0.026053855574872532,0.07461693785526542,11,churn,0.02374128072464273,0.056597560052298886,7,GA continue|n100 m10 churn20 lam=0.2|304
h10_elite_migration,GA continue,n100 m10 churn20 lam=0.2,churn,100,10,305,20000,4000,2.0693297386169434,0.012517337425278385,0.024857044308012728,0.05374246791488591,1.0164503829463394,7.0,0.08750000000000001,0.0,0.042806541784659875,0.2,,0.012517337425278385,0.048858146460174175,0,churn,0.030792298541474597,0.05623277133551877,7,churn,0.020468525238644442,0.056986019980264466,9,churn,0.034398374660846776,0.07060998090388543,11,churn,0.027815743927671555,0.052982767773522066,6,churn,0.018541028613539633,0.06641210471007793,11,churn,0.021354614102089303,0.02688122351333385,1,churn,0.016784597004146,0.04235569266184134,4,churn,0.028701172375689508,0.057479182440643456,7,GA continue|n100 m10 churn20 lam=0.2|305
h10_elite_migration,GA continue,n100 m10 churn20 lam=0.2,churn,100,10,306,20000,4000,1.9948983192443848,0.014569156915683546,0.0322242125319158,0.06581056962848379,1.0201588411510911,7.875,0.0984375,0.0,0.05255313985395482,0.2,,0.014569156915683546,0.027101664553981566,0,churn,0.02621456750964144,0.06393450838898147,9,churn,0.03350897177186003,0.07291141654595612,11,churn,0.03290037170718967,0.04887992352629399,4,churn,0.036425825425056575,0.07508010412051604,9,churn,0.04106647674333155,0.07146856741040351,8,churn,0.021303717969748195,0.05881242777581599,8,churn,0.04569977265885801,0.08995595895516925,8,churn,0.020673996469640927,0.045441650304733974,6,GA continue|n100 m10 churn20 lam=0.2|306
h10_elite_migration,GA continue,n100 m10 churn20 lam=0.2,churn,100,10,307,20000,4000,2.0396018028259277,0.011931567065867007,0.024827227567179047,0.056739946012198804,1.0200400941124144,8.125,0.1015625,0.0,0.04563715226953921,0.2,,0.011931567065867007,0.05040881819828238,0,churn,0.021364186793688466,0.07100169775636311,9,churn,0.01955193799633846,0.03701617436931686,5,churn,0.037679183309270975,0.0766437588181289,11,churn,0.03559983952195229,0.04976279090725289,5,churn,0.023312054920034606,0.04725591664512181,8,churn,0.024078722972259346,0.047120090595192454,5,churn,0.019763306779060078,0.05719108406322992,9,churn,0.017268588244828156,0.0679280549429845,13,GA continue|n100 m10 churn20 lam=0.2|307
h10_elite_migration,GA continue,n100 m10 churn20 lam=0.2,churn,100,10,308,20000,4000,2.08789324760437,0.017129267264258397,0.03066418822849286,0.057194334208265,1.0201374460851136,6.0,0.075,0.0,0.04610748136455286,0.2,,0.017129267264258397,0.05953833328136455,0,churn,0.02411206504205033,0.07803913190553677,11,churn,0.020557229670160902,0.04143320083163986,5,churn,0.032588191097306006,0.0551300246608157,3,churn,0.02560990320923833,0.04700022630845835,6,churn,0.06053963750496001,0.0738416516225106,5,churn,0.029020086296258775,0.05940597870765935,8,churn,0.026467654491906318,0.03798701552008325,1,churn,0.026418738516062204,0.0647174441094161,9,GA continue|n100 m10 churn20 lam=0.2|308
h10_elite_migration,GA continue,n100 m10 churn20 lam=0.2,churn,100,10,309,20000,4000,2.3015129566192627,0.0121631558151105,0.02740596712157817,0.0589268765135183,1.0155176683365073,7.125,0.08906249999999999,0.0,0.045723329858293416,0.2,,0.0121631558151105,0.035984273028589454,0,churn,0.02159563097016863,0.03226728410978942,1,churn,0.02452957163188311,0.03423310925639123,3,churn,0.03198313176771021,0.08416371541894267,14,churn,0.02740207259283858,0.053051080846802115,7,churn,0.02186057499815293,0.06478059620323354,10,churn,0.019055023660467227,0.061235469712872664,8,churn,0.034735128363422824,0.07588612237774552,7,churn,0.03808660298798185,0.06579763418236921,7,GA continue|n100 m10 churn20 lam=0.2|309
h10_elite_migration,GA continue,n100 m10 churn20 lam=0.2,churn,100,10,310,20000,4000,2.146500587463379,0.010962395995608108,0.034487346284512416,0.058963943404808226,1.0262989481309388,6.625,0.08281250000000001,0.0,0.05158871395980202,0.2,,0.010962395995608108,0.042622125564483526,0,churn,0.03619197963248181,0.06896478523689023,7,churn,0.044200701849392725,0.07252519303352058,9,churn,0.05060650543628737,0.06500491675917487,4,churn,0.04225794788427715,0.06442515730469828,6,churn,0.030428666058211186,0.06238657297934709,9,churn,0.01687374982076238,0.046283986562138356,9,churn,0.035883260266316996,0.03859852350751706,1,churn,0.019455959328369757,0.053522411855179364,8,GA continue|n100 m10 churn20 lam=0.2|310
h10_elite_migration,QI-MRFO+CXM continue,n100 m10 churn20 lam=0.2,churn,100,10,301,20000,4000,6.631178379058838,0.0008034395373276679,0.008188731116430165,0.08571004665900439,1.001471707227481,23.375,0.2921875,0.0,0.06712251036930852,0.2,,0.0008034395373276679,0.012424251864251949,0,churn,0.0037407317052806067,0.06687944025146092,15,churn,0.005224619203326188,0.07586143979472905,24,churn,0.0093563931154959,0.07768919659592131,19,churn,0.010150119696243428,0.1279271850668872,36,churn,0.006320037910988347,0.08340749944746649,23,churn,0.009300989776849613,0.06930097678438536,19,churn,0.010339547987502262,0.11579103767961159,32,churn,0.011077409535754968,0.06882359765157324,19,QI-MRFO+CXM continue|n100 m10 churn20 lam=0.2|301
h10_elite_migration,QI-MRFO+CXM continue,n100 m10 churn20 lam=0.2,churn,100,10,302,20000,4000,6.900053977966309,0.0005247079719280449,0.009458693875721007,0.08728402720105102,1.0000468276569823,23.625,0.2953125,0.0,0.06909879650845922,0.2,,0.0005247079719280449,0.0052725963407204745,0,churn,0.00421946297694684,0.09324331208729521,27,churn,0.03199342881064085,0.1304100017951488,28,churn,0.009898489442803922,0.05933227558934333,15,churn,0.004595229410371727,0.07539285124286431,21,churn,0.004905662824254917,0.10507892570633008,35,churn,0.007175339050071479,0.07598234566624132,22,churn,0.006415330662953436,0.08435678632653898,21,churn,0.006466607827724886,0.07447571919464618,20,QI-MRFO+CXM continue|n100 m10 churn20 lam=0.2|302
h10_elite_migration,QI-MRFO+CXM continue,n100 m10 churn20 lam=0.2,churn,100,10,303,20000,4000,6.866378545761108,0.0005958956312608322,0.0059299380314374464,0.09412280352600025,0.9984341928545888,28.125,0.3515625,0.0,0.07665677322186121,0.2,,0.0005958956312608322,0.02378195724463283,0,churn,0.003136501132326235,0.11607462386849113,34,churn,0.005969978331286118,0.08201960637628836,26,churn,0.00384930925256012,0.09955576031718064,32,churn,0.005138581343450725,0.08944916215409619,28,churn,0.011739909204878224,0.09275008626280533,27,churn,0.0031593256410179455,0.07749091923110525,26,churn,0.004442879379067182,0.08027646778851422,22,churn,0.010003019966913019,0.11536580220952085,30,QI-MRFO+CXM continue|n100 m10 churn20 lam=0.2|303
h10_elite_migration,QI-MRFO+CXM continue,n100 m10 churn20 lam=0.2,churn,100,10,304,20000,4000,6.54789137840271,0.0007500681960792569,0.009215939732778325,0.08924699995065905,0.9996020368668301,24.875,0.3109375,0.0,0.07195839254285291,0.2,,0.0007500681960792569,0.019402401875970005,0,churn,0.010436237262271256,0.08580282577546797,23,churn,0.01204200891997394,0.09942211501307839,28,churn,0.005119720626202707,0.11307672672093207,35,churn,0.005496351980342823,0.07961569424116746,26,churn,0.009518006283121576,0.07901277254576655,20,churn,0.009362196025457192,0.07538093793144825,20,churn,0.013327610003347519,0.09336834486163527,21,churn,0.00842538676150959,0.0882965825157765,26,QI-MRFO+CXM continue|n100 m10 churn20 lam=0.2|304
h10_elite_migration,QI-MRFO+CXM continue,n100 m10 churn20 lam=0.2,churn,100,10,305,20000,4000,6.617583990097046,0.0010851257043272605,0.007527868202440658,0.07838811326763806,0.9992650046936844,22.375,0.2796875,0.0,0.06387428719422743,0.2,,0.0010851257043272605,0.009438774742326688,0,churn,0.00627020296901243,0.09823143333801669,29,churn,0.010967612687422931,0.10455822198095577,27,churn,0.0062200455379925355,0.07595370438556862,25,churn,0.013239010488951363,0.06966051916725378,14,churn,0.007657413300489756,0.0690176625925604,19,churn,0.007694653605945463,0.07107620009705216,21,churn,0.004793335183109676,0.07506795984431301,24,churn,0.0033806718466011087,0.06353920473538412,20,QI-MRFO+CXM continue|n100 m10 churn20 lam=0.2|305
h10_elite_migration,QI-MRFO+CXM continue,n100 m10 churn20 lam=0.2,churn,100,10,306,20000,4000,6.343822002410889,0.0003620227974819096,0.010654525455740258,0.07401145095279675,0.9988403559773606,20.125,0.2515625,0.0,0.06146993553705098,0.2,,0.0003620227974819096,0.004717346629877374,0,churn,0.006947017480716449,0.0777383344559117,22,churn,0.007625378695777671,0.05659446956664452,16,churn,0.011293882666605165,0.080684818576923,24,churn,0.008637097533119503,0.056428724325967766,14,churn,0.02416937026819436,0.08764300383627188,19,churn,0.0033674107656819267,0.10010160907958127,32,churn,0.014732806215031976,0.06886888440658588,14,churn,0.008463240020795012,0.06403176337448795,20,QI-MRFO+CXM continue|n100 m10 churn20 lam=0.2|306
h10_elite_migration,QI-MRFO+CXM continue,n100 m10 churn20 lam=0.2,churn,100,10,307,20000,4000,6.842064380645752,0.0009377332923246353,0.009370806711374755,0.07667423234784662,1.0046596454702068,20.625,0.2578125,0.0,0.061406022182544026,0.2,,0.0009377332923246353,0.017166833172085578,0,churn,0.005713677400959102,0.0471307084286529,14,churn,0.011103616602744283,0.07572104922261118,20,churn,0.018081560744803406,0.08545067853363081,20,churn,0.004766727940353006,0.07676168403275302,25,churn,0.007135193531058401,0.11360634616379757,30,churn,0.008183385920468784,0.08381861393750809,21,churn,0.011145292521076733,0.05754477230806656,15,churn,0.008836999029534331,0.07336000615575279,20,QI-MRFO+CXM continue|n100 m10 churn20 lam=0.2|307
h10_elite_migration,QI-MRFO+CXM continue,n100 m10 churn20 lam=0.2,churn,100,10,308,20000,4000,6.884392976760864,0.000923051587766865,0.007370652131164179,0.09570491237954622,0.997083807477608,27.5,0.34375,0.0,0.07659484395288393,0.2,,0.000923051587766865,0.011074100243266155,0,churn,0.007012459605266024,0.10232564225225056,32,churn,0.01054514386348125,0.06320895398523634,14,churn,0.008666328691772677,0.10305748981630494,29,churn,0.009567238120905378,0.09263136242860935,27,churn,0.007238599245076819,0.09167218770092918,24,churn,0.0073699082977845935,0.08166875075401167,27,churn,0.006122409861761915,0.10157327537105812,27,churn,0.002443129363264769,0.12950163672796958,40,QI-MRFO+CXM continue|n100 m10 churn20 lam=0.2|308
h10_elite_migration,QI-MRFO+CXM continue,n100 m10 churn20 lam=0.2,churn,100,10,309,20000,4000,6.842167615890503,0.00021540392440112327,0.00882362676995781,0.07322233964517114,0.997146970595123,20.75,0.25937499999999997,0.0,0.06114138136938503,0.2,,0.00021540392440112327,0.0029424141129715453,0,churn,0.004917762989591355,0.07966430330873692,24,churn,0.00914961424702931,0.06780134331001438,19,churn,0.027436476251430957,0.08740102437211644,19,churn,0.003736138998548567,0.05526339124828536,17,churn,0.005119386734801382,0.06777324765956051,22,churn,0.005585807904327495,0.07691603296948932,22,churn,0.009365561380903572,0.06960529551020521,19,churn,0.0052782656530298375,0.081354078782961,24,QI-MRFO+CXM continue|n100 m10 churn20 lam=0.2|309
h10_elite_migration,QI-MRFO+CXM continue,n100 m10 churn20 lam=0.2,churn,100,10,310,20000,4000,6.6743083000183105,0.0006800415209223151,0.009321195470836699,0.07721827933583196,1.0013046326841128,22.125,0.27656250000000004,0.0,0.06512814403320247,0.2,,0.0006800415209223151,0.01033210185158088,0,churn,0.019177253439988398,0.06769154550862393,15,churn,0.01608579724353349,0.08359609024968748,20,churn,0.004648871489804273,0.06790762781548,21,churn,0.006215110186390279,0.07411741536168781,23,churn,0.00975867154699857,0.09503046402428728,27,churn,0.003566153046116844,0.05619972840068913,17,churn,0.011168294338682763,0.09073693863311595,27,churn,0.003949412475178974,0.08246642469308416,27,QI-MRFO+CXM continue|n100 m10 churn20 lam=0.2|310
h10_elite_migration,QI-MRFO+CXM continue+elite,n100 m10 churn20 lam=0.2,churn,100,10,301,20000,4000,6.592696189880371,0.0008034395373276679,0.010159626182222357,0.053823595089718915,1.0034298207375734,14.125,0.1765625,0.0,0.045822377384603014,0.2,,0.0008034395373276679,0.012424251864251949,0,churn,0.013620747999222573,0.08123354526544858,20,churn,0.005365540206211348,0.05199071400975332,13,churn,0.007027178517252993,0.012359421516219781,2,churn,0.016029744828775547,0.06620181053845353,17,churn,0.006094965280583355,0.06136909987636788,18,churn,0.0037895641966571884,0.07210153745429149,24,churn,0.010474674220300503,0.03375702798213817,8,churn,0.018874594208775346,0.05157560407507856,11,QI-MRFO+CXM continue+elite|n100 m10 churn20 lam=0.2|301
h10_elite_migration,QI-MRFO+CXM continue+elite,n100 m10 churn20 lam=0.2,churn,100,10,302,20000,4000,7.020540475845337,0.0005247079719280449,0.009812659202339778,0.053451491302567676,1.0003997577127803,13.75,0.171875,0.0,0.044518322873601204,0.2,,0.0005247079719280449,0.0052725963407204745,0,churn,0.00408999756702693,0.06868936972532257,21,churn,0.012093712938676369,0.05674640537636583,15,churn,0.009497833457712372,0.0420175608723891,11,churn,0.005677610166156661,0.04445074260918287,13,churn,0.006136183958292232,0.03788989552975479,10,churn,0.013428661105520516,0.06297980565783472,13,churn,0.01292556398123169,0.04729850145619889,11,churn,0.014651710444101455,0.06753964919349265,16,QI-MRFO+CXM continue+elite|n100 m10 churn20 lam=0.2|302
h10_elite_migration,QI-MRFO+CXM continue+elite,n100 m10 churn20 lam=0.2,churn,100,10,303,20000,4000,6.9427173137664795,0.0005958956312608322,0.006448782533260758,0.07441595928401228,0.9989475132994852,19.75,0.24687499999999998,0.0,0.056136883308263524,0.2,,0.0005958956312608322,0.02378195724463283,0,churn,0.00666179148462275,0.11557676270510593,34,churn,0.006462282411592361,0.07854239373415393,23,churn,0.007239684922540711,0.03170186634256377,6,churn,0.007309061647430048,0.06184515510489414,17,churn,0.0054212973107558545,0.06527002762638756,17,churn,0.005625509279384597,0.10680550854490749,25,churn,0.003748182845031991,0.06667157100959577,19,churn,0.009122450364727752,0.06891438920448961,17,QI-MRFO+CXM continue+elite|n100 m10 churn20 lam=0.2|303
h10_elite_migration,QI-MRFO+CXM continue+elite,n100 m10 churn20 lam=0.2,churn,100,10,304,20000,4000,6.645967960357666,0.0007500681960792569,0.010508949444650386,0.06811944358734753,1.0008840743652563,18.5,0.23125,0.0,0.05720164912085736,0.2,,0.0007500681960792569,0.019402401875970005,0,churn,0.006396287372192421,0.08366625781275018,25,churn,0.006261944830568752,0.08664586710423956,25,churn,0.008306384326464867,0.08224011007838908,22,churn,0.005451089554177269,0.06929055110944331,21,churn,0.016392746081581783,0.05903527732818509,15,churn,0.010532977519570864,0.051177798774000895,11,churn,0.010993556817280871,0.05492640117379599,15,churn,0.019736609055366252,0.057973285317976145,14,QI-MRFO+CXM continue+elite|n100 m10 churn20 lam=0.2|304
h10_elite_migration,QI-MRFO+CXM continue+elite,n100 m10 churn20 lam=0.2,churn,100,10,305,20000,4000,6.669039249420166,0.0010851257043272605,0.008645848705024368,0.04928707734613767,1.0003740657844058,13.25,0.165625,0.0,0.04205396680790374,0.2,,0.0010851257043272605,0.009438774742326688,0,churn,0.004250169228917747,0.06217542621068154,19,churn,0.009789867143506286,0.055243979201915115,15,churn,0.010860369498600694,0.05013580140838005,13,churn,0.007414709364498928,0.04039509384926449,9,churn,0.009410044624137711,0.04975015090610446,14,churn,0.012184839672281124,0.05076293775090207,13,churn,0.006933696164546302,0.03132802767449476,8,churn,0.008323093943706152,0.054505201767358846,15,QI-MRFO+CXM continue+elite|n100 m10 churn20 lam=0.2|305
h10_elite_migration,QI-MRFO+CXM continue+elite,n100 m10 churn20 lam=0.2,churn,100,10,306,20000,4000,6.370659112930298,0.0003620227974819096,0.008284966941809316,0.058678486080046825,0.9964946325836734,16.75,0.20937499999999998,0.0,0.05050208809379652,0.2,,0.0003620227974819096,0.004717346629877374,0,churn,0.00642939929782701,0.07834720436228408,24,churn,0.005094387914504911,0.06798673371414006,21,churn,0.005318857337148261,0.022102470623228815,5,churn,0.0056773977179676175,0.054212305219492524,16,churn,0.008040451673165859,0.08293318369527242,23,churn,0.010952734744173636,0.06642993109258036,20,churn,0.009882365578899587,0.04521926009364952,12,churn,0.014884141270787648,0.05219679983972684,13,QI-MRFO+CXM continue+elite|n100 m10 churn20 lam=0.2|306
h10_elite_migration,QI-MRFO+CXM continue+elite,n100 m10 churn20 lam=0.2,churn,100,10,307,20000,4000,6.814592123031616,0.0009377332923246353,0.00855353781618047,0.053127544968201074,1.0038518917670225,14.25,0.17812499999999998,0.0,0.04447226680103967,0.2,,0.0009377332923246353,0.017166833172085578,0,churn,0.006301428479448119,0.04990910707307923,13,churn,0.009533399023131781,0.02567235293225325,5,churn,0.005205256438033524,0.06658613493439997,19,churn,0.005602293825055764,0.06934214155875446,21,churn,0.0162654666919352,0.053750733375757864,12,churn,0.011506424751406544,0.06826196186842176,18,churn,0.008559594086557404,0.05858669743617908,16,churn,0.005454439233875419,0.03291123056676295,10,QI-MRFO+CXM continue+elite|n100 m10 churn20 lam=0.2|307
h10_elite_migration,QI-MRFO+CXM continue+elite,n100 m10 churn20 lam=0.2,churn,100,10,308,20000,4000,6.8323938846588135,0.000923051587766865,0.008259354474662133,0.07207893971748035,0.9979623122506559,20.875,0.2609375,0.0,0.06085225586322856,0.2,,0.000923051587766865,0.011074100243266155,0,churn,0.006588501331088414,0.07843509298245316,25,churn,0.006877782989169536,0.05733324115951773,16,churn,0.004444867663369311,0.09883409549560274,28,churn,0.015286710101743692,0.05576455410534648,11,churn,0.009121970903533541,0.08821455075769169,26,churn,0.007642135320522408,0.06127221262659125,19,churn,0.009585641208593072,0.07713159086803971,24,churn,0.0065272262792770925,0.059646179744600035,18,QI-MRFO+CXM continue+elite|n100 m10 churn20 lam=0.2|308
h10_elite_migration,QI-MRFO+CXM continue+elite,n100 m10 churn20 lam=0.2,churn,100,10,309,20000,4000,6.852267265319824,0.00021540392440112327,0.00823731912220369,0.061436915463222046,0.9965719949699474,17.125,0.2140625,0.0,0.051384708814254394,0.2,,0.00021540392440112327,0.0029424141129715453,0,churn,0.0063256584995258595,0.04064160215801507,10,churn,0.008217277213276732,0.05412740606561044,16,churn,0.0043859661748141335,0.07230542930149886,23,churn,0.006244442434466026,0.059108469393262336,17,churn,0.010806124115275055,0.06339628719838364,18,churn,0.01311396645630077,0.058093069740971934,13,churn,0.00320040755224362,0.07076585830558309,23,churn,0.013604710531727321,0.07305720154245096,17,QI-MRFO+CXM continue+elite|n100 m10 churn20 lam=0.2|309
h10_elite_migration,QI-MRFO+CXM continue+elite,n100 m10 churn20 lam=0.2,churn,100,10,310,20000,4000,6.755509376525879,0.0006800415209223151,0.006267282026830149,0.05516155953943164,0.9982770389613205,16.375,0.2046875,0.0,0.047455641360553816,0.2,,0.0006800415209223151,0.01033210185158088,0,churn,0.00284142856549453,0.06453103791468098,21,churn,0.006702234705335118,0.08052776071250284,24,churn,0.006632563728047527,0.08142481003853504,24,churn,0.004608648893731516,0.04247780638066624,13,churn,0.004837405859251813,0.04389487329236839,13,churn,0.008444403195748608,0.030701200277386115,7,churn,0.005336656264126567,0.04170529389804654,13,churn,0.010734915002905512,0.05602969380126695,16,QI-MRFO+CXM continue+elite|n100 m10 churn20 lam=0.2|310
h10_elite_migration,(1+1)-EA+CXM continue,n100 m10 churn20 lam=1.0,churn,100,10,301,20000,4000,1.5889801979064941,0.0007944499825693696,0.012196827115463852,0.08813427992848126,1.0054521282902815,4.5,0.05625,0.0,0.06912545910634701,1.0,,0.0007944499825693696,0.01980602025392085,0,churn,0.015169979714476558,0.11805105116368479,7,churn,0.008579558768834436,0.08886068704559288,4,churn,0.014458653140537271,0.04383231542715499,2,churn,0.019426136118488993,0.0682292498254299,3,churn,0.013451768292885472,0.13200803571498917,8,churn,0.009011075539062122,0.10480373429878202,6,churn,0.010611789968145696,0.028153304098182848,1,churn,0.006865655381280269,0.12113586185403351,5,(1+1)-EA+CXM continue|n100 m10 churn20 lam=1.0|301
h10_elite_migration,(1+1)-EA+CXM continue,n100 m10 churn20 lam=1.0,churn,100,10,302,20000,4000,1.4555244445800781,0.0005847501359411637,0.019013206853313723,0.08323082378415798,1.0095189553613328,3.375,0.0421875,0.0,0.06188975333522855,1.0,,0.0005847501359411637,0.009146323098066275,0,churn,0.010255153670878111,0.13509531869462943,8,churn,0.018351161134845147,0.08419795996693585,3,churn,0.028857104901762798,0.06154569288303467,2,churn,0.01755481590929247,0.07821371638610537,3,churn,0.024599025584894234,0.06287125290325488,1,churn,0.01145217166309008,0.08900077120722948,4,churn,0.014252868864116868,0.0716456381414649,3,churn,0.026783353097630073,0.08327624009060929,3,(1+1)-EA+CXM continue|n100 m10 churn20 lam=1.0|302
h10_elite_migration,(1+1)-EA+CXM continue,n100 m10 churn20 lam=1.0,churn,100,10,303,20000,4000,1.4021580219268799,0.0010572604081618454,0.013346690109505252,0.1179524847857903,1.0057936327003691,6.625,0.0828125,0.0,0.09696261119917138,1.0,,0.0010572604081618454,0.025301005100177666,0,churn,0.004658349190764321,0.17864068670747532,10,churn,0.02557556778145179,0.09368118247952636,5,churn,0.01277592714633189,0.05217535587246204,3,churn,0.01377025048301919,0.08913540218193368,4,churn,0.007770293728169353,0.1348143210971854,9,churn,0.010517389308436039,0.1177428439372356,6,churn,0.004155909776703786,0.207462652521799,14,churn,0.02754983346116565,0.06996743348870509,2,(1+1)-EA+CXM continue|n100 m10 churn20 lam=1.0|303
h10_elite_migration,(1+1)-EA+CXM continue,n100 m10 churn20 lam=1.0,churn,100,10,304,20000,4000,1.410696268081665,0.0006037870269129456,0.010394381491051747,0.124502521452788,1.000770970635461,7.5,0.09375,0.0,0.105134500906537,1.0,,0.0006037870269129456,0.009703738369008846,0,churn,0.011160813383994822,0.16896388210508345,8,churn,0.014067029977002333,0.07948086132216413,5,churn,0.0075946816297041775,0.1469338766855946,9,churn,0.013400895653951772,0.17102194244763344,12,churn,0.006252130181281131,0.11028891908783489,7,churn,0.00897321401939132,0.07438233232798667,4,churn,0.01166546553125514,0.13698840176023921,9,churn,0.010040821551833275,0.10795995588576773,6,(1+1)-EA+CXM continue|n100 m10 churn20 lam=1.0|304
h10_elite_migration,(1+1)-EA+CXM continue,n100 m10 churn20 lam=1.0,churn,100,10,305,20000,4000,1.4666640758514404,0.0006357534804457774,0.01670274594543704,0.10087468078509913,1.00836716667974,4.875,0.060937500000000006,0.0,0.07857011144140631,1.0,,0.0006357534804457774,0.023400173272238315,0,churn,0.007958922415607646,0.1735736573083226,11,churn,0.014672820335381394,0.11701914568070412,7,churn,0.011422432907110376,0.062197684089736284,2,churn,0.013746244954761486,0.09549478316943899,4,churn,0.018378467364320875,0.09166296737809211,3,churn,0.019035327937078118,0.09705591564713967,5,churn,0.016916865507606533,0.08117237202745393,3,churn,0.03149088614162991,0.0888209209799054,4,(1+1)-EA+CXM continue|n100 m10 churn20 lam=1.0|305
h10_elite_migration,(1+1)-EA+CXM continue,n100 m10 churn20 lam=1.0,churn,100,10,306,20000,4000,1.4281258583068848,0.00022357229419423736,0.022952806170285972,0.10153420233987193,1.0109764492436355,4.625,0.0578125,0.0,0.082042652533706,1.0,,0.00022357229419423736,0.006291693778161626,0,churn,0.01064262655481654,0.1633750947401234,9,churn,0.0051329808053016185,0.05972996469773324,3,churn,0.014181929953836254,0.0832840101020774,4,churn,0.016083284292663185,0.08212021128205706,2,churn,0.03973452148997549,0.07170228974877785,2,churn,0.06611965713468894,0.1349136686282001,5,churn,0.020111919400366104,0.144600025552885,8,churn,0.011615529730639661,0.07254835396712131,4,(1+1)-EA+CXM continue|n100 m10 churn20 lam=1.0|306
h10_elite_migration,(1+1)-EA+CXM continue,n100 m10 churn20 lam=1.0,churn,100,10,307,20000,4000,1.4089806079864502,0.0003651439638693392,0.012806139783340576,0.12420753726717076,1.0080766357224167,7.375,0.0921875,0.0,0.10604836353318306,1.0,,0.0003651439638693392,0.024446273730850863,0,churn,0.007644610586453931,0.19224083078337004,14,churn,0.002560542191271142,0.15450111216531867,10,churn,0.0161915567417275,0.21272312699135448,13,churn,0.021499213770120533,0.11756301972030599,6,churn,0.015255154699825737,0.05779070013692201,2,churn,0.012922535746611568,0.07024376722371702,4,churn,0.0076026195019900005,0.10264239207218605,6,churn,0.018772885028724196,0.08595534904419194,4,(1+1)-EA+CXM continue|n100 m10 churn20 lam=1.0|307
h10_elite_migration,(1+1)-EA+CXM continue,n100 m10 churn20 lam=1.0,churn,100,10,308,20000,4000,1.457953929901123,0.0007917903286255392,0.01782951803073545,0.07898672978557927,1.0074310353633162,3.625,0.045312500000000006,0.0,0.06376646540767146,1.0,,0.0007917903286255392,0.01198700297164036,0,churn,0.008133701820868386,0.10769451737606925,6,churn,0.007724178032972955,0.1009045506211368,5,churn,0.006535522265587593,0.08658930100853884,5,churn,0.032165656617571974,0.05610265024251694,1,churn,0.020673671424901174,0.06836497126996469,3,churn,0.016850703253598612,0.09821902440557272,5,churn,0.03105478814737259,0.06437218212286944,2,churn,0.019497922683010326,0.04964664123796553,2,(1+1)-EA+CXM continue|n100 m10 churn20 lam=1.0|308
h10_elite_migration,(1+1)-EA+CXM continue,n100 m10 churn20 lam=1.0,churn,100,10,309,20000,4000,1.4763057231903076,0.0005400188734899088,0.017252733877957754,0.08403368728201197,1.0054908506142324,4.125,0.0515625,0.0,0.06960801205138585,1.0,,0.0005400188734899088,0.007028549691646947,0,churn,0.037481907725214446,0.0843888924866086,2,churn,0.006876823401069883,0.10141029109461115,6,churn,0.007487126765597408,0.08400831962327837,5,churn,0.005115723638258362,0.07372411281174458,5,churn,0.03492282124529864,0.07311767716582522,2,churn,0.013496240788501304,0.09404777885908981,5,churn,0.006279402588877332,0.036174628262515066,1,churn,0.026361824870844656,0.12539779795242295,7,(1+1)-EA+CXM continue|n100 m10 churn20 lam=1.0|309
h10_elite_migration,(1+1)-EA+CXM continue,n100 m10 churn20 lam=1.0,churn,100,10,310,20000,4000,1.4641239643096924,0.0007771588942188509,0.028382254686672215,0.11743169669000396,1.0201902573521533,5.5,0.06875,0.0,0.09848042529159298,1.0,,0.0007771588942188509,0.0152880908355526,0,churn,0.0053920186373248484,0.15918136686306453,10,churn,0.008527785484626342,0.08564038862922375,5,churn,0.016211137575185493,0.1819392312884184,10,churn,0.032647039611602986,0.12648899906119795,5,churn,0.018101741945078877,0.11148353879212985,6,churn,0.02672234786705257,0.09949618666551983,5,churn,0.04021062420770514,0.05701658768926976,1,churn,0.07924534216480145,0.11820727453120758,2,(1+1)-EA+CXM continue|n100 m10 churn20 lam=1.0|310
h10_elite_migration,Chooser (cheaper of the two),n100 m10 churn20 lam=1.0,churn,100,10,301,20000,4000,0.025491714477539062,0.0064713761837668785,0.01653882373254063,0.01653882373254063,1.0097655673878352,0.0,0.0,0.0,0.01653882373254063,1.0,,0.0064713761837668785,0.0064713761837668785,0,churn,0.014322988659205364,0.014322988659205364,0,churn,0.018745358487897032,0.018745358487897032,0,churn,0.01232170133408074,0.01232170133408074,0,churn,0.01665459246856576,0.01665459246856576,0,churn,0.017542638380847186,0.017542638380847186,0,churn,0.028573735203415725,0.028573735203415725,0,churn,0.010558685346801058,0.010558685346801058,0,churn,0.013590889979512162,0.013590889979512162,0,Chooser (cheaper of the two)|n100 m10 churn20 lam=1.0|301
h10_elite_migration,Chooser (cheaper of the two),n100 m10 churn20 lam=1.0,churn,100,10,302,20000,4000,0.02540898323059082,0.01058388271372133,0.02969341545086522,0.02969341545086522,1.020088697608706,0.0,0.0,0.0,0.02969341545086522,1.0,,0.01058388271372133,0.01058388271372133,0,churn,0.02317022835515682,0.02317022835515682,0,churn,0.06450048122450097,0.06450048122450097,0,churn,0.01893211320904975,0.01893211320904975,0,churn,0.0090063567685517,0.0090063567685517,0,churn,0.040055950728719515,0.040055950728719515,0,churn,0.010453506339141471,0.010453506339141471,0,churn,0.020792565456675773,0.020792565456675773,0,churn,0.05063612152512577,0.05063612152512577,0,Chooser (cheaper of the two)|n100 m10 churn20 lam=1.0|302
h10_elite_migration,Chooser (cheaper of the two),n100 m10 churn20 lam=1.0,churn,100,10,303,20000,4000,0.032349586486816406,0.008481513833635353,0.029310063937272954,0.029310063937272954,1.0216387953054973,0.0,0.0,0.0,0.029310063937272954,1.0,,0.008481513833635353,0.008481513833635353,0,churn,0.011879618703789152,0.011879618703789152,0,churn,0.03181739265710555,0.03181739265710555,0,churn,0.04155303207075215,0.04155303207075215,0,churn,0.011739576099942974,0.011739576099942974,0,churn,0.019372091543455653,0.019372091543455653,0,churn,0.010322214354680642,0.010322214354680642,0,churn,0.04013653996278738,0.04013653996278738,0,churn,0.06766004610567013,0.06766004610567013,0,Chooser (cheaper of the two)|n100 m10 churn20 lam=1.0|303
h10_elite_migration,Chooser (cheaper of the two),n100 m10 churn20 lam=1.0,churn,100,10,304,20000,4000,0.023046493530273438,0.011182541500880099,0.019080521906229643,0.019080521906229643,1.0093651653116167,0.0,0.0,0.0,0.019080521906229643,1.0,,0.011182541500880099,0.011182541500880099,0,churn,0.0153706911936108,0.0153706911936108,0,churn,0.010558673427086614,0.010558673427086614,0,churn,0.04610616459096806,0.04610616459096806,0,churn,0.018758500761520053,0.018758500761520053,0,churn,0.012152629799817426,0.012152629799817426,0,churn,0.028179589704631077,0.028179589704631077,0,churn,0.01172777605731057,0.01172777605731057,0,churn,0.009790149714892558,0.009790149714892558,0,Chooser (cheaper of the two)|n100 m10 churn20 lam=1.0|304
h10_elite_migration,Chooser (cheaper of the two),n100 m10 churn20 lam=1.0,churn,100,10,305,20000,4000,0.02319478988647461,0.008223312381346173,0.01766699882079606,0.01766699882079606,1.0093188168600233,0.0,0.0,0.0,0.01766699882079606,1.0,,0.008223312381346173,0.008223312381346173,0,churn,0.011315218444311775,0.011315218444311775,0,churn,0.0380368437004072,0.0380368437004072,0,churn,0.014868595883142158,0.014868595883142158,0,churn,0.011915826350480952,0.011915826350480952,0,churn,0.0125417700732018,0.0125417700732018,0,churn,0.012468334786488802,0.012468334786488802,0,churn,0.01338715637726597,0.01338715637726597,0,churn,0.026802244951069816,0.026802244951069816,0,Chooser (cheaper of the two)|n100 m10 churn20 lam=1.0|305
h10_elite_migration,Chooser (cheaper of the two),n100 m10 churn20 lam=1.0,churn,100,10,306,20000,4000,0.02352428436279297,0.011498194450387201,0.03462186626523749,0.03462186626523749,1.0224926084654187,0.0,0.0,0.0,0.03462186626523749,1.0,,0.011498194450387201,0.011498194450387201,0,churn,0.01665681854704931,0.01665681854704931,0,churn,0.010122611625967446,0.010122611625967446,0,churn,0.021677516807826584,0.021677516807826584,0,churn,0.012117575548877697,0.012117575548877697,0,churn,0.030692952198847212,0.030692952198847212,0,churn,0.11548842641378182,0.11548842641378182,0,churn,0.04848323877125194,0.04848323877125194,0,churn,0.02173579020829793,0.02173579020829793,0,Chooser (cheaper of the two)|n100 m10 churn20 lam=1.0|306
h10_elite_migration,Chooser (cheaper of the two),n100 m10 churn20 lam=1.0,churn,100,10,307,20000,4000,0.024342775344848633,0.005184865225037136,0.014053063387475133,0.014053063387475133,1.0093210935739285,0.0,0.0,0.0,0.014053063387475133,1.0,,0.005184865225037136,0.005184865225037136,0,churn,0.009220520545056446,0.009220520545056446,0,churn,0.014779365002101431,0.014779365002101431,0,churn,0.009570145241639932,0.009570145241639932,0,churn,0.024590626435578786,0.024590626435578786,0,churn,0.007787224376321588,0.007787224376321588,0,churn,0.00841957122211363,0.00841957122211363,0,churn,0.020642396060416374,0.020642396060416374,0,churn,0.017414658216572884,0.017414658216572884,0,Chooser (cheaper of the two)|n100 m10 churn20 lam=1.0|307
h10_elite_migration,Chooser (cheaper of the two),n100 m10 churn20 lam=1.0,churn,100,10,308,20000,4000,0.032178401947021484,0.009829057547112767,0.04171472704826973,0.04171472704826973,1.0310491231248657,0.0,0.0,0.0,0.04171472704826973,1.0,,0.009829057547112767,0.009829057547112767,0,churn,0.022988022944600773,0.022988022944600773,0,churn,0.015804873088657054,0.015804873088657054,0,churn,0.00999437745140684,0.00999437745140684,0,churn,0.017561339602572296,0.017561339602572296,0,churn,0.09858990823630585,0.09858990823630585,0,churn,0.08057018694805199,0.08057018694805199,0,churn,0.07524747885997074,0.07524747885997074,0,churn,0.012961629254592271,0.012961629254592271,0,Chooser (cheaper of the two)|n100 m10 churn20 lam=1.0|308
h10_elite_migration,Chooser (cheaper of the two),n100 m10 churn20 lam=1.0,churn,100,10,309,20000,4000,0.024218082427978516,0.01350451577407029,0.0199189260678723,0.0199189260678723,1.0081138204313653,0.0,0.0,0.0,0.0199189260678723,1.0,,0.01350451577407029,0.01350451577407029,0,churn,0.01755780375447923,0.01755780375447923,0,churn,0.009054920366097497,0.009054920366097497,0,churn,0.02463919103415423,0.02463919103415423,0,churn,0.030625998871409606,0.030625998871409606,0,churn,0.019522706365215588,0.019522706365215588,0,churn,0.008432842734033039,0.008432842734033039,0,churn,0.024900282078804088,0.024900282078804088,0,churn,0.024617663338785154,0.024617663338785154,0,Chooser (cheaper of the two)|n100 m10 churn20 lam=1.0|309
h10_elite_migration,Chooser (cheaper of the two),n100 m10 churn20 lam=1.0,churn,100,10,310,20000,4000,0.023659706115722656,0.004135430617277745,0.03453482396235712,0.03453482396235712,1.0262609953382498,0.0,0.0,0.0,0.03453482396235712,1.0,,0.004135430617277745,0.004135430617277745,0,churn,0.019699413169914602,0.019699413169914602,0,churn,0.017117565725413054,0.017117565725413054,0,churn,0.007438727871136737,0.007438727871136737,0,churn,0.023732747516004085,0.023732747516004085,0,churn,0.030838613602270998,0.030838613602270998,0,churn,0.07192407169867258,0.07192407169867258,0,churn,0.09196269678992805,0.09196269678992805,0,churn,0.0135647553255168,0.0135647553255168,0,Chooser (cheaper of the two)|n100 m10 churn20 lam=1.0|310
h10_elite_migration,GA continue,n100 m10 churn20 lam=1.0,churn,100,10,301,20000,4000,2.2080390453338623,0.011938736375147578,0.043738942586307936,0.0818092834539916,1.0367859878939396,2.125,0.026562500000000003,0.0,0.07145020528416984,1.0,,0.011938736375147578,0.05744306001563476,0,churn,0.03629887917809546,0.1091354809388861,4,churn,0.037520622235571,0.051936002112017224,1,churn,0.0345377096736289,0.06268079283646222,1,churn,0.03241838417084832,0.06882231282957539,2,churn,0.03794993486250474,0.06798046895501011,2,churn,0.06327916897328417,0.1058938499459834,2,churn,0.06032268812977782,0.07906868004222302,1,churn,0.04758415346675308,0.10895667997177531,4,GA continue|n100 m10 churn20 lam=1.0|301
h10_elite_migration,GA continue,n100 m10 churn20 lam=1.0,churn,100,10,302,20000,4000,2.196087121963501,0.013343169677647456,0.04030902523409152,0.08664527343672404,1.0306184507833451,2.625,0.0328125,0.0,0.07449860024945419,1.0,,0.013343169677647456,0.036908306114355444,0,churn,0.03818375428272852,0.0875864941744111,3,churn,0.02729987681315958,0.0635244100728873,2,churn,0.044828971622590745,0.09906994901446749,2,churn,0.04912486861967163,0.07595855989670854,2,churn,0.04695717202364389,0.10318574695058655,4,churn,0.029357297583479477,0.05946337993928642,1,churn,0.03979771651481683,0.0868411691342594,3,churn,0.046922544412641536,0.11753247831118561,4,GA continue|n100 m10 churn20 lam=1.0|302
h10_elite_migration,GA continue,n100 m10 churn20 lam=1.0,churn,100,10,303,20000,4000,2.004549980163574,0.015183178216340744,0.04814505345526675,0.0978644710643585,1.0403376996050593,2.75,0.034375,0.0,0.08410873192440772,1.0,,0.015183178216340744,0.05159998247577159,0,churn,0.03217378406674177,0.09449597461094532,4,churn,0.0740958969329667,0.13142601247668603,3,churn,0.027995297782480257,0.0827272985765606,3,churn,0.04473712119671863,0.09014219976670919,2,churn,0.04088723941556341,0.07225839481762915,2,churn,0.05775666444906026,0.10659241664694323,2,churn,0.039997301058514394,0.09627168153138337,4,churn,0.0675171227400886,0.10900179008801107,2,GA continue|n100 m10 churn20 lam=1.0|303
h10_elite_migration,GA continue,n100 m10 churn20 lam=1.0,churn,100,10,304,20000,4000,1.9596312046051025,0.014925746594301471,0.04600604508353137,0.09161215182866497,1.0360304934035485,1.75,0.021875,0.0,0.06880307229288021,1.0,,0.014925746594301471,0.045784041999774636,0,churn,0.05451987239270588,0.15023425268200402,2,churn,0.055560005743950466,0.06416737995273906,0,churn,0.05074921367588729,0.09704267150583776,3,churn,0.018937096174989145,0.07027392345339666,2,churn,0.048638160564569266,0.07769311750849721,1,churn,0.06682248635113262,0.08883531078675307,1,churn,0.04298938839052771,0.09103375628585943,2,churn,0.029832137374488577,0.09361680245423253,3,GA continue|n100 m10 churn20 lam=1.0|304
h10_elite_migration,GA continue,n100 m10 churn20 lam=1.0,churn,100,10,305,20000,4000,2.0505919456481934,0.012517337425278385,0.036512944818902895,0.07585619170295943,1.0280064514419163,2.0,0.025,0.0,0.06248724748552038,1.0,,0.012517337425278385,0.048858146460174175,0,churn,0.05105223585164964,0.10723635878259657,4,churn,0.030779237935670306,0.10434976923331771,4,churn,0.026124400789749355,0.0816854760108018,1,churn,0.052201835130925724,0.06833082591696985,1,churn,0.044857323379211354,0.07210880723588005,1,churn,0.02597571227331438,0.051648768419550246,1,churn,0.01813494982970353,0.03220222331426396,1,churn,0.04297786336099889,0.08928730471029528,3,GA continue|n100 m10 churn20 lam=1.0|305
h10_elite_migration,GA continue,n100 m10 churn20 lam=1.0,churn,100,10,306,20000,4000,2.131930112838745,0.014569156915683546,0.043300627102176734,0.07579410018163373,1.0310987309463253,1.625,0.020312500000000004,0.0,0.06441314346455719,1.0,,0.014569156915683546,0.027101664553981566,0,churn,0.03729701762236913,0.0864048820259301,2,churn,0.043684627082096285,0.06132171845665108,1,churn,0.031190756495955076,0.0928902373247955,4,churn,0.05948663310419491,0.09749745537361516,2,churn,0.058080715056701315,0.08266352035543492,1,churn,0.029029810268469278,0.04946220145973238,1,churn,0.0561929611479806,0.06017845386346328,0,churn,0.03144249603964723,0.07593433259344738,2,GA continue|n100 m10 churn20 lam=1.0|306
h10_elite_migration,GA continue,n100 m10 churn20 lam=1.0,churn,100,10,307,20000,4000,2.1167678833007812,0.011931567065867007,0.03358259245178899,0.07725034115413124,1.0287609058082055,2.25,0.028125,0.0,0.06268691149850891,1.0,,0.011931567065867007,0.05040881819828238,0,churn,0.043810024705274946,0.1089496308595128,3,churn,0.028297036573656464,0.04578033788991607,1,churn,0.026728087727126034,0.07971528769279314,3,churn,0.03262730465251599,0.09786563852758551,4,churn,0.041917330643333243,0.09576223946162067,3,churn,0.018978261852792572,0.060025471212979985,2,churn,0.029985152567496218,0.03747812549024379,0,churn,0.046317540892116496,0.09242599809839794,2,GA continue|n100 m10 churn20 lam=1.0|307
h10_elite_migration,GA continue,n100 m10 churn20 lam=1.0,churn,100,10,308,20000,4000,2.083061695098877,0.017129267264258397,0.047788743500865205,0.08952190050074971,1.0370861547205057,2.125,0.026562500000000003,0.0,0.0756824088950376,1.0,,0.017129267264258397,0.05953833328136455,0,churn,0.0545149461465655,0.12326858993928055,4,churn,0.020753631363346348,0.06227026494779418,1,churn,0.05362895565584072,0.07568914800597361,1,churn,0.052509988084797635,0.08272274973755571,2,churn,0.01996053605414721,0.05774238072130525,2,churn,0.07241959610008478,0.11419701957793907,2,churn,0.05584364361957146,0.09164847130946403,2,churn,0.052678650982568014,0.10863657976668531,3,GA continue|n100 m10 churn20 lam=1.0|308
h10_elite_migration,GA continue,n100 m10 churn20 lam=1.0,churn,100,10,309,20000,4000,2.115264892578125,0.0121631558151105,0.04262749208919074,0.07513800368215348,1.0305597768110186,1.5,0.01875,0.0,0.06193661355829548,1.0,,0.0121631558151105,0.035984273028589454,0,churn,0.02159563097016863,0.03462884556165659,1,churn,0.05880929138270832,0.0757976855216974,1,churn,0.05491861362728093,0.09591336138347453,1,churn,0.029303738903654005,0.07374336902414204,2,churn,0.025116546752233355,0.08973535022692998,4,churn,0.07684029781051166,0.08815884291868595,0,churn,0.021146846476880376,0.07588053229412399,3,churn,0.05328897079008865,0.06724604252651738,0,GA continue|n100 m10 churn20 lam=1.0|309
h10_elite_migration,GA continue,n100 m10 churn20 lam=1.0,churn,100,10,310,20000,4000,2.0881333351135254,0.010962395995608108,0.048322927151352724,0.08478170135945311,1.0400032170340396,2.0,0.025,0.0,0.07450891915300298,1.0,,0.010962395995608108,0.042622125564483526,0,churn,0.0469166164487898,0.08692013515593083,1,churn,0.05440001345945502,0.06758001362769811,1,churn,0.04963336860779418,0.0712099639751925,1,churn,0.04616184297308494,0.0881908333336269,3,churn,0.05342339241434937,0.08373102935105403,2,churn,0.04095793716059505,0.08896753583174528,3,churn,0.04682740909220729,0.08559085349488507,1,churn,0.048262837054546204,0.10606324610549214,4,GA continue|n100 m10 churn20 lam=1.0|310
h10_elite_migration,QI-MRFO+CXM continue,n100 m10 churn20 lam=1.0,churn,100,10,301,20000,4000,6.710982084274292,0.0008034395373276679,0.034627394732590654,0.1978531525583857,1.0277386865098663,10.0,0.125,0.0,0.16400225264986384,1.0,,0.0008034395373276679,0.012424251864251949,0,churn,0.020893368753463332,0.1530223878916677,7,churn,0.054248131588491344,0.1905087063204543,9,churn,0.036984257086240466,0.18009830312442915,7,churn,0.0958461968434937,0.3051949230598923,12,churn,0.016930966671570426,0.2453748807422549,15,churn,0.01726937595604639,0.16873434390205203,9,churn,0.014723032764380192,0.20021551076518723,14,churn,0.02012382819703938,0.13967616466114796,7,QI-MRFO+CXM continue|n100 m10 churn20 lam=1.0|301
h10_elite_migration,QI-MRFO+CXM continue,n100 m10 churn20 lam=1.0,churn,100,10,302,20000,4000,6.514678001403809,0.0005247079719280449,0.04532532348453135,0.22990272617393945,1.035574053107811,11.625,0.1453125,0.0,0.19728834868967704,1.0,,0.0005247079719280449,0.0052725963407204745,0,churn,0.02537813310235734,0.25348205037259297,16,churn,0.058779480990193735,0.16818967139687488,6,churn,0.023818562948435856,0.2007292114282365,11,churn,0.01648277730236715,0.18927175225000195,11,churn,0.01157876583015033,0.2441986026852675,16,churn,0.036946303769143714,0.2006579736972986,10,churn,0.03101776261774693,0.16601988876081114,9,churn,0.15860080131585577,0.4166726588004321,14,QI-MRFO+CXM continue|n100 m10 churn20 lam=1.0|302
h10_elite_migration,QI-MRFO+CXM continue,n100 m10 churn20 lam=1.0,churn,100,10,303,20000,4000,6.703824996948242,0.0005958956312608322,0.02419175448341289,0.19865528370042634,1.016573176240985,10.125,0.1265625,0.0,0.15329144559672503,1.0,,0.0005958956312608322,0.02378195724463283,0,churn,0.011421529737470255,0.24543720314124545,15,churn,0.010477499689870851,0.167146621046395,10,churn,0.009915758696957523,0.28999485145722925,18,churn,0.03773934279246071,0.24675911910323453,13,churn,0.03871231607289564,0.20796218420971052,8,churn,0.05660627450714622,0.12377030501834183,3,churn,0.013946333188658894,0.1982028608408986,9,churn,0.014714981181843037,0.10996912478635562,5,QI-MRFO+CXM continue|n100 m10 churn20 lam=1.0|303
h10_elite_migration,QI-MRFO+CXM continue,n100 m10 churn20 lam=1.0,churn,100,10,304,20000,4000,7.019973039627075,0.0007500681960792569,0.09182710692996199,0.251889735051791,1.081391158546001,9.875,0.12343749999999999,0.0,0.22577858927228836,1.0,,0.0007500681960792569,0.019402401875970005,0,churn,0.02120918710015079,0.2342680800373283,16,churn,0.023313561971976107,0.19728723744814575,12,churn,0.17445526397894676,0.3558902629601982,11,churn,0.1708462243748032,0.2922292923521825,7,churn,0.16021745841184232,0.348288598644225,10,churn,0.14722030684403878,0.3143007181774482,8,churn,0.011433987809578671,0.17577321780902055,12,churn,0.0259208649483594,0.09708047298577985,3,QI-MRFO+CXM continue|n100 m10 churn20 lam=1.0|304
h10_elite_migration,QI-MRFO+CXM continue,n100 m10 churn20 lam=1.0,churn,100,10,305,20000,4000,6.878858804702759,0.0010851257043272605,0.0191168294017239,0.19369032226700755,1.0107540904376433,11.375,0.1421875,0.0,0.16372294616636798,1.0,,0.0010851257043272605,0.009438774742326688,0,churn,0.03651828295300679,0.1249350509377522,5,churn,0.010038029639324677,0.25588201963201496,18,churn,0.024516060068649904,0.161310101508947,9,churn,0.011309583639306743,0.23522831851720855,15,churn,0.019418240714904084,0.2617405120195164,16,churn,0.018040030397072956,0.19234498685039,11,churn,0.020463037673398722,0.17423772363902346,9,churn,0.012631370128127319,0.14384386503120758,8,QI-MRFO+CXM continue|n100 m10 churn20 lam=1.0|305
h10_elite_migration,QI-MRFO+CXM continue,n100 m10 churn20 lam=1.0,churn,100,10,306,20000,4000,6.847797632217407,0.0003620227974819096,0.022957639491649855,0.14379559266040973,1.0110109301721246,7.375,0.0921875,0.0,0.11724707503215548,1.0,,0.0003620227974819096,0.004717346629877374,0,churn,0.02606719749275749,0.2185972849258969,11,churn,0.023723961885280347,0.09009646209878933,3,churn,0.026111675463001714,0.16045095884275754,8,churn,0.031364916016112424,0.14186938954362951,7,churn,0.024882143695279788,0.12611170885997444,7,churn,0.030036349755321406,0.1604193065124347,8,churn,0.00740794199876645,0.15140017230879,10,churn,0.014066929626679213,0.10141945819100544,5,QI-MRFO+CXM continue|n100 m10 churn20 lam=1.0|306
h10_elite_migration,QI-MRFO+CXM continue,n100 m10 churn20 lam=1.0,churn,100,10,307,20000,4000,6.881358861923218,0.0009377332923246353,0.021882272237762488,0.15632045413106518,1.0171093106475237,8.375,0.10468749999999999,0.0,0.12899356411709445,1.0,,0.0009377332923246353,0.017166833172085578,0,churn,0.018218173787093277,0.09263417414093965,4,churn,0.02327560126454152,0.13438840006713879,5,churn,0.03631353309327603,0.20331694033599476,11,churn,0.01732884087417518,0.20665362496826095,12,churn,0.026083004998518854,0.1409715273759869,7,churn,0.011093863171313263,0.08997090204896421,5,churn,0.013052097777439575,0.15281685435724668,10,churn,0.029693062935742195,0.22981120975398964,13,QI-MRFO+CXM continue|n100 m10 churn20 lam=1.0|307
h10_elite_migration,QI-MRFO+CXM continue,n100 m10 churn20 lam=1.0,churn,100,10,308,20000,4000,6.748481750488281,0.000923051587766865,0.02062109716326313,0.1824314971063258,1.010187207303641,9.625,0.12031249999999999,0.0,0.1430602549883361,1.0,,0.000923051587766865,0.011074100243266155,0,churn,0.013545619241286406,0.23657706503297352,13,churn,0.025456773420444303,0.1436328557949298,6,churn,0.004775321158047195,0.16487836916741508,11,churn,0.011021496924729084,0.2009020079299489,12,churn,0.02948396054944915,0.19050362359682044,8,churn,0.0515026873923103,0.1509696943682338,6,churn,0.013817932768773158,0.21527888001537254,13,churn,0.015364985851065478,0.15670948094491238,8,QI-MRFO+CXM continue|n100 m10 churn20 lam=1.0|308
h10_elite_migration,QI-MRFO+CXM continue,n100 m10 churn20 lam=1.0,churn,100,10,309,20000,4000,6.520352602005005,0.00021540392440112327,0.03460333536420844,0.14241721433100363,1.0226285275380294,6.125,0.0765625,0.0,0.11352859099989501,1.0,,0.00021540392440112327,0.0029424141129715453,0,churn,0.033629748635786536,0.14556916683655907,8,churn,0.027223389523179053,0.1497273201009127,8,churn,0.02872652889265627,0.201582217389766,9,churn,0.041704134760400316,0.12711410607014703,5,churn,0.010763166140105133,0.14440292184404077,9,churn,0.046259374188212216,0.1073839346548962,3,churn,0.057071427586147326,0.1500572071633339,4,churn,0.03144891318718063,0.11350084058837336,3,QI-MRFO+CXM continue|n100 m10 churn20 lam=1.0|309
h10_elite_migration,QI-MRFO+CXM continue,n100 m10 churn20 lam=1.0,churn,100,10,310,20000,4000,6.475681781768799,0.0006800415209223151,0.03629809241082277,0.1794619597667988,1.0281093871106912,8.375,0.1046875,0.0,0.14400953414514306,1.0,,0.0006800415209223151,0.01033210185158088,0,churn,0.032346642148431845,0.20492089967347227,9,churn,0.016840108810892096,0.1504016802474764,8,churn,0.017612685306511885,0.2174555629632806,14,churn,0.09466787150516627,0.1782779614366343,4,churn,0.06549708284225896,0.1790019370406144,5,churn,0.021527256689383382,0.15995190387475514,9,churn,0.017437652881705703,0.18558289007108017,11,churn,0.024455439102232024,0.16010284282707696,7,QI-MRFO+CXM continue|n100 m10 churn20 lam=1.0|310
h10_elite_migration,QI-MRFO+CXM continue+elite,n100 m10 churn20 lam=1.0,churn,100,10,301,20000,4000,6.4870946407318115,0.0008034395373276679,0.024856364196267793,0.109500614984079,1.018028946239503,4.25,0.053125000000000006,0.0,0.07918133937669156,1.0,,0.0008034395373276679,0.012424251864251949,0,churn,0.020116213119101334,0.14746214502951396,6,churn,0.01418742293163488,0.08876502072544346,4,churn,0.015437823142814491,0.10800822849012195,6,churn,0.019966516334453014,0.04735172509058015,2,churn,0.029261409183513026,0.1546600385634128,3,churn,0.039963636986142546,0.08042688873637376,2,churn,0.01686470149717356,0.12547160029195495,7,churn,0.04305319037530946,0.12385927294523101,4,QI-MRFO+CXM continue+elite|n100 m10 churn20 lam=1.0|301
h10_elite_migration,QI-MRFO+CXM continue+elite,n100 m10 churn20 lam=1.0,churn,100,10,302,20000,4000,6.640850305557251,0.0005247079719280449,0.028818693695861368,0.11713248972873998,1.0192286712115406,5.75,0.071875,0.0,0.1022636817309403,1.0,,0.0005247079719280449,0.0052725963407204745,0,churn,0.012961201819003013,0.1841680668263708,12,churn,0.048048640377792676,0.06116785817436105,0,churn,0.042191862782653404,0.0799350413205391,2,churn,0.018067334854905623,0.09825137072607971,5,churn,0.04287310381663762,0.10058105524926365,4,churn,0.028214141811081915,0.13882840637801636,7,churn,0.010834265399617562,0.12031287309446387,8,churn,0.027358998705199138,0.1538152460608253,8,QI-MRFO+CXM continue+elite|n100 m10 churn20 lam=1.0|302
h10_elite_migration,QI-MRFO+CXM continue+elite,n100 m10 churn20 lam=1.0,churn,100,10,303,20000,4000,6.676296949386597,0.0005958956312608322,0.025300519714483438,0.15644776863169693,1.0176734227580142,8.25,0.103125,0.0,0.13059302075293572,1.0,,0.0005958956312608322,0.02378195724463283,0,churn,0.009765608274113071,0.26522366678732157,17,churn,0.005789940831476092,0.18624296852377303,12,churn,0.012124568631704826,0.031018321389814262,1,churn,0.01681104072484509,0.08779409591849045,4,churn,0.01578131207697681,0.22267007396785307,11,churn,0.03182374577092407,0.1576933205358848,9,churn,0.030394725313274397,0.12260781361646574,7,churn,0.07991321609255315,0.17833188831397262,5,QI-MRFO+CXM continue+elite|n100 m10 churn20 lam=1.0|303
h10_elite_migration,QI-MRFO+CXM continue+elite,n100 m10 churn20 lam=1.0,churn,100,10,304,20000,4000,6.864219427108765,0.0007500681960792569,0.028289672378481397,0.11976480189784117,1.0184948625154893,4.875,0.0609375,0.0,0.09095410876453128,1.0,,0.0007500681960792569,0.019402401875970005,0,churn,0.0247923430897923,0.17958219200627654,8,churn,0.021982613762679376,0.1009244427099394,5,churn,0.029902375424255476,0.1142584990058252,4,churn,0.03720156645097116,0.14306101127571086,4,churn,0.04335624513180925,0.11732317195238083,4,churn,0.02163737170881182,0.09985408529438637,5,churn,0.012569771263079765,0.07393781990341694,3,churn,0.03487509219645202,0.12917719303479325,6,QI-MRFO+CXM continue+elite|n100 m10 churn20 lam=1.0|304
h10_elite_migration,QI-MRFO+CXM continue+elite,n100 m10 churn20 lam=1.0,churn,100,10,305,20000,4000,6.853659629821777,0.0010851257043272605,0.022452438884347125,0.07767716574639254,1.0140681725587302,3.0,0.037500000000000006,0.0,0.060798023184504744,1.0,,0.0010851257043272605,0.009438774742326688,0,churn,0.01791687883235317,0.10908203721990696,6,churn,0.013337724709473317,0.06258781876428968,2,churn,0.025220012996721868,0.11948922312877316,6,churn,0.03644447531024012,0.06648023616680704,2,churn,0.025633333645962767,0.06568288607629809,2,churn,0.017954830999639394,0.1014299901101657,3,churn,0.008567468364591586,0.024163886862191973,1,churn,0.034544786215794786,0.07250124764270764,2,QI-MRFO+CXM continue+elite|n100 m10 churn20 lam=1.0|305
h10_elite_migration,QI-MRFO+CXM continue+elite,n100 m10 churn20 lam=1.0,churn,100,10,306,20000,4000,6.9830639362335205,0.0003620227974819096,0.03436524505052811,0.10282773595549244,1.0222883299114582,3.75,0.046875,0.0,0.08291000017662509,1.0,,0.0003620227974819096,0.004717346629877374,0,churn,0.04721643679061442,0.19039536936956547,7,churn,0.038650576475024775,0.078702820877237,2,churn,0.03352094281670278,0.09000813707714303,4,churn,0.03079896801100213,0.05325582042187149,1,churn,0.02897998639631376,0.07952182620320268,2,churn,0.04656706021303669,0.10285601512070454,3,churn,0.03014384168071097,0.144511543954049,8,churn,0.01904414802081936,0.08337035462016633,3,QI-MRFO+CXM continue+elite|n100 m10 churn20 lam=1.0|306
h10_elite_migration,QI-MRFO+CXM continue+elite,n100 m10 churn20 lam=1.0,churn,100,10,307,20000,4000,6.819072246551514,0.0009377332923246353,0.026589825119563686,0.10553396714196345,1.0217962863731498,4.625,0.0578125,0.0,0.08600636564817929,1.0,,0.0009377332923246353,0.017166833172085578,0,churn,0.038277923252601063,0.11399283205202686,4,churn,0.008919954944579478,0.10617978075582327,5,churn,0.025168784770081054,0.11404745016712911,5,churn,0.05166752268567848,0.17776676641708508,7,churn,0.020312541807542432,0.12256205027870305,7,churn,0.03932485704385403,0.08760600039026835,3,churn,0.017496270831258442,0.0492809654166651,2,churn,0.011550745620914502,0.07283589165800673,4,QI-MRFO+CXM continue+elite|n100 m10 churn20 lam=1.0|307
h10_elite_migration,QI-MRFO+CXM continue+elite,n100 m10 churn20 lam=1.0,churn,100,10,308,20000,4000,6.640307903289795,0.000923051587766865,0.024431307483345138,0.13071647360659094,1.0139673675882586,6.75,0.084375,0.0,0.11073199886241886,1.0,,0.000923051587766865,0.011074100243266155,0,churn,0.012189022631152449,0.09623487566744703,6,churn,0.012403770398599337,0.16169713711296796,10,churn,0.03359040735774667,0.1394949511003784,7,churn,0.031237503658442977,0.145815634354918,8,churn,0.02001217304786242,0.0936594237451554,4,churn,0.03897107557598567,0.06961286254198798,2,churn,0.026072717750210594,0.16107663859946386,7,churn,0.020973789446760985,0.17814026573040875,10,QI-MRFO+CXM continue+elite|n100 m10 churn20 lam=1.0|308
h10_elite_migration,QI-MRFO+CXM continue+elite,n100 m10 churn20 lam=1.0,churn,100,10,309,20000,4000,6.636606454849243,0.00021540392440112327,0.028081393004247057,0.0785572610961904,1.0161901790363372,3.125,0.0390625,0.0,0.06794123354398506,1.0,,0.00021540392440112327,0.0029424141129715453,0,churn,0.018477293884948936,0.05836249343107728,2,churn,0.0260603406688218,0.06377295829741976,2,churn,0.022625513275013175,0.12369969357247589,7,churn,0.02165745861913809,0.08504558568365775,3,churn,0.012306213820885804,0.11966727404452199,8,churn,0.05507819017955372,0.05550395451682808,0,churn,0.0353054679272224,0.042729407753132845,0,churn,0.033140665658392535,0.07967672147040974,3,QI-MRFO+CXM continue+elite|n100 m10 churn20 lam=1.0|309
h10_elite_migration,QI-MRFO+CXM continue+elite,n100 m10 churn20 lam=1.0,churn,100,10,310,20000,4000,6.554553508758545,0.0006800415209223151,0.031054118056620877,0.1337457754432651,1.022907449374786,6.25,0.078125,0.0,0.11203932276182463,1.0,,0.0006800415209223151,0.01033210185158088,0,churn,0.03137010974862524,0.19526156624078864,9,churn,0.019287326577378326,0.15501465726098915,9,churn,0.08020369567496463,0.23031875476419852,9,churn,0.04092929218161978,0.19074408437275897,9,churn,0.018597600940346373,0.10555371494878191,5,churn,0.015181229281729696,0.043004362623236495,2,churn,0.010388029771310673,0.05749515254015122,3,churn,0.03247566027699231,0.09257391079521597,4,QI-MRFO+CXM continue+elite|n100 m10 churn20 lam=1.0|310
h10_elite_migration,(1+1)-EA+CXM continue,n100 m10 drift lam=0.05,drift,100,10,301,20000,4000,1.569242238998413,0.0007944499825693696,0.00255507398359414,0.03766257480209191,0.9955035122180147,47.75,0.4775,0.0,0.026486360410414047,0.05,,0.0007944499825693696,0.01980602025392085,0,drift,0.002965652904885431,0.02832509711837427,37,drift,0.001819014265934106,0.045122701676777066,61,drift,0.0021186040768881326,0.03917021963909816,50,drift,0.001486856270408038,0.05594371083557514,56,drift,0.0038524601082962832,0.02474913182423265,31,drift,0.004769369807009302,0.02880683411799868,40,drift,0.0021333674318234235,0.03567142237573753,50,drift,0.0012952670035084007,0.0435114808289418,57,(1+1)-EA+CXM continue|n100 m10 drift lam=0.05|301
h10_elite_migration,(1+1)-EA+CXM continue,n100 m10 drift lam=0.05,drift,100,10,302,20000,4000,1.4817166328430176,0.0005847501359411637,0.0028215731005316524,0.03940080486744866,0.995444397701692,46.0,0.45999999999999996,0.0,0.025881146960028828,0.05,,0.0005847501359411637,0.009146323098066275,0,drift,0.003281815546362428,0.0331407213289134,41,drift,0.001584265773614819,0.04924733425109249,59,drift,0.001702820443810968,0.039074275905845286,57,drift,0.0029277029994760843,0.03654440147935274,43,drift,0.004545899665332858,0.028980184671804163,36,drift,0.0016078345940963583,0.07154816817457925,64,drift,0.00360786343484145,0.026726646574811604,35,drift,0.0033143823467182507,0.029944706553190335,33,(1+1)-EA+CXM continue|n100 m10 drift lam=0.05|302
h10_elite_migration,(1+1)-EA+CXM continue,n100 m10 drift lam=0.05,drift,100,10,303,20000,4000,1.483344316482544,0.0010572604081618454,0.002698694043421884,0.0482679302002052,0.9939344540730786,52.875,0.52875,0.0,0.029205507673290935,0.05,,0.0010572604081618454,0.025301005100177666,0,drift,0.003645415339031068,0.036310569076725516,40,drift,0.0024451009838659943,0.05296579003730175,60,drift,0.0008803989190856757,0.05115955225228348,62,drift,0.0018593955812993511,0.0568975411991079,56,drift,0.0016122349253143875,0.05824983524128643,51,drift,0.0014228204917598488,0.049381154267765036,59,drift,0.006277106838581975,0.05182546744453518,58,drift,0.003447079268436773,0.029353532082636285,37,(1+1)-EA+CXM continue|n100 m10 drift lam=0.05|303
h10_elite_migration,(1+1)-EA+CXM continue,n100 m10 drift lam=0.05,drift,100,10,304,20000,4000,1.4816675186157227,0.0006037870269129456,0.0027162595714609935,0.04940891779919203,0.9935264640374868,49.25,0.49249999999999994,0.0,0.027407188066548772,0.05,,0.0006037870269129456,0.009703738369008846,0,drift,0.0026242669647164496,0.05566912404626093,61,drift,0.0011714766151504944,0.038695380286905466,36,drift,0.001548192200994917,0.0853067308000413,71,drift,0.0035313519921341295,0.055410656894189655,54,drift,0.0033818055449492414,0.04107321168464935,46,drift,0.002312270520411129,0.0504220845468125,47,drift,0.004280342376853585,0.03634210505774938,43,drift,0.002880370356478003,0.03235204907692765,36,(1+1)-EA+CXM continue|n100 m10 drift lam=0.05|304
h10_elite_migration,(1+1)-EA+CXM continue,n100 m10 drift lam=0.05,drift,100,10,305,20000,4000,1.5919418334960938,0.0006357534804457774,0.002688014160734303,0.044757460160591615,0.9944701213882798,51.625,0.51625,0.0,0.028568294794068274,0.05,,0.0006357534804457774,0.023400173272238315,0,drift,0.002236873346118846,0.04415934448370689,57,drift,0.003735921656295605,0.028959164159008934,38,drift,0.0017133015818687823,0.05806194940919699,61,drift,0.002680127524967215,0.03601176839789277,44,drift,0.001410803137821236,0.04235876681842764,55,drift,0.0029439292942742665,0.03370960730849495,40,drift,0.0019059432747996544,0.059848898193879806,60,drift,0.004877213469728817,0.05495018251412497,58,(1+1)-EA+CXM continue|n100 m10 drift lam=0.05|305
h10_elite_migration,(1+1)-EA+CXM continue,n100 m10 drift lam=0.05,drift,100,10,306,20000,4000,1.4689323902130127,0.00022357229419423736,0.002156232867533031,0.04960894690174497,0.9938829740237378,54.0,0.54,0.0,0.029210653842487812,0.05,,0.00022357229419423736,0.006291693778161626,0,drift,0.0018179976444287098,0.06228673686292664,69,drift,0.001198499388971013,0.037468743739269846,52,drift,0.001601008174521153,0.07639008690061451,73,drift,0.003775385005736672,0.02590708246943815,32,drift,0.0021518242553781562,0.06894702738771862,61,drift,0.0017279977489652856,0.04830185858078933,51,drift,0.0029904111149523316,0.029711841281063366,39,drift,0.001986739607310928,0.04785819799213932,55,(1+1)-EA+CXM continue|n100 m10 drift lam=0.05|306
h10_elite_migration,(1+1)-EA+CXM continue,n100 m10 drift lam=0.05,drift,100,10,307,20000,4000,1.5216906070709229,0.0003651439638693392,0.0020967236654505983,0.045550664147552364,0.9952625535981772,51.625,0.51625,0.0,0.0279627781227241,0.05,,0.0003651439638693392,0.024446273730850863,0,drift,0.002493162353471325,0.05088776942930678,55,drift,0.0030070968440075864,0.03915749757318842,49,drift,0.0011297857439544446,0.05999676591297988,62,drift,0.0028073884838621327,0.06590607615559502,57,drift,0.0010388615741124807,0.049054835196282974,53,drift,0.0017258639958539533,0.035696740107741626,50,drift,0.0015814820405956145,0.03315299764711718,42,drift,0.0029901482877472503,0.03055263115820701,45,(1+1)-EA+CXM continue|n100 m10 drift lam=0.05|307
h10_elite_migration,(1+1)-EA+CXM continue,n100 m10 drift lam=0.05,drift,100,10,308,20000,4000,1.5545461177825928,0.0007917903286255392,0.002145873330713267,0.04919324315240178,0.9933394593862378,50.625,0.5062500000000001,0.0,0.02751117693973381,0.05,,0.0007917903286255392,0.01198700297164036,0,drift,0.0021538411638851794,0.02882029723848863,36,drift,0.001682638868002921,0.03641624824369454,45,drift,0.0018421464575575862,0.04015121822227526,48,drift,0.0014342555864813272,0.06187992245516665,60,drift,0.002467073552463739,0.04322931076759363,48,drift,0.0032562391986364694,0.039815015229463305,48,drift,0.002958312861910864,0.035847582386727084,49,drift,0.0013724789567680499,0.10738635067580513,71,(1+1)-EA+CXM continue|n100 m10 drift lam=0.05|308
h10_elite_migration,(1+1)-EA+CXM continue,n100 m10 drift lam=0.05,drift,100,10,309,20000,4000,1.465367317199707,0.0005400188734899088,0.001933273347286091,0.043359574053712255,0.9920987903785274,56.375,0.56375,0.0,0.03017572561472603,0.05,,0.0005400188734899088,0.007028549691646947,0,drift,0.0011259579165036283,0.04118203522206229,55,drift,0.0022593233319798183,0.04682645228612302,62,drift,0.001084036401593518,0.046716213088289105,58,drift,0.001959299106910208,0.0490023698871761,65,drift,0.0009377833305808948,0.034708661458087355,48,drift,0.002857113061160673,0.03715762444054713,48,drift,0.0031060844297029766,0.049106618620770925,61,drift,0.0021365891998570107,0.042176617426642124,54,(1+1)-EA+CXM continue|n100 m10 drift lam=0.05|309
h10_elite_migration,(1+1)-EA+CXM continue,n100 m10 drift lam=0.05,drift,100,10,310,20000,4000,1.4867165088653564,0.0007771588942188509,0.002073968157816297,0.0462640275033319,0.9945608235513737,50.125,0.50125,0.0,0.027185855857149152,0.05,,0.0007771588942188509,0.0152880908355526,0,drift,0.0008813148268258765,0.0510586303105383,53,drift,0.0014009239033374913,0.025597947450173363,40,drift,0.0018260400083122783,0.0340530181753051,53,drift,0.0012961919402436086,0.10013035677552928,63,drift,0.003059142358736196,0.03505420176467137,48,drift,0.004413460696485648,0.029517352875578995,37,drift,0.0018284299791805974,0.03482849888769243,51,drift,0.0018862415494086807,0.059872213787166395,56,(1+1)-EA+CXM continue|n100 m10 drift lam=0.05|310
h10_elite_migration,Chooser (cheaper of the two),n100 m10 drift lam=0.05,drift,100,10,301,20000,4000,0.03304648399353027,0.0064713761837668785,0.00708431871571149,0.04768256053030356,1.0,80.625,0.80625,0.0,0.04768256053030356,0.05,,0.0064713761837668785,0.0064713761837668785,0,drift,0.007756045217527598,0.051089555161881295,86,drift,0.006696728223206165,0.04998468753680399,86,drift,0.007263184128071235,0.050575501045578286,86,drift,0.00675732082486927,0.045014099016214365,76,drift,0.007275742515955573,0.04504858286030393,75,drift,0.005935558634002117,0.04315517430346011,74,drift,0.00888820384001285,0.04823484378977332,78,drift,0.0061017663420471135,0.04835804052841314,84,Chooser (cheaper of the two)|n100 m10 drift lam=0.05|301
h10_elite_migration,Chooser (cheaper of the two),n100 m10 drift lam=0.05,drift,100,10,302,20000,4000,0.025258779525756836,0.01058388271372133,0.007414565198227468,0.047333865703527433,1.0,79.25,0.7925,0.0,0.047333865703527433,0.05,,0.01058388271372133,0.01058388271372133,0,drift,0.009298748148966219,0.04967069807492485,80,drift,0.007113875056105715,0.04991621474599017,85,drift,0.009448518951960848,0.048817011191087244,78,drift,0.0069597251058283295,0.049252033560273197,84,drift,0.004490933675912906,0.04266158915559764,76,drift,0.00667129967682679,0.044924809064546316,76,drift,0.009624316455506385,0.048999664797271025,78,drift,0.00570910451471255,0.044428905038529004,77,Chooser (cheaper of the two)|n100 m10 drift lam=0.05|302
h10_elite_migration,Chooser (cheaper of the two),n100 m10 drift lam=0.05,drift,100,10,303,20000,4000,0.02391338348388672,0.008481513833635353,0.008822407399692374,0.050309441011998274,1.0,82.25,0.8225,0.0,0.050309441011998274,0.05,,0.008481513833635353,0.008481513833635353,0,drift,0.008423517083609838,0.05380257535237224,90,drift,0.006341763683947859,0.05162714304972542,90,drift,0.01063150973278995,0.05257271738670083,83,drift,0.01066808600259924,0.052610811571707154,83,drift,0.009442115635044199,0.04881035814481079,78,drift,0.009793046887413608,0.049679872239466565,79,drift,0.0061188152883395455,0.044854389676940526,77,drift,0.009160404883794746,0.048517660674262615,78,Chooser (cheaper of the two)|n100 m10 drift lam=0.05|303
h10_elite_migration,Chooser (cheaper of the two),n100 m10 drift lam=0.05,drift,100,10,304,20000,4000,0.024042606353759766,0.011182541500880099,0.00925700319491581,0.04804863395903987,1.0,76.875,0.76875,0.0,0.04804863395903987,0.05,,0.011182541500880099,0.011182541500880099,0,drift,0.006006773311285872,0.05178008149694952,91,drift,0.013037408662623543,0.05558497982645378,84,drift,0.006223208221384301,0.04798147136257185,83,drift,0.009734539882366227,0.04961905420771973,79,drift,0.011897025748651643,0.0478193701627288,71,drift,0.011567023961351787,0.04697186979999896,70,drift,0.006527334185268953,0.03772968154501228,62,drift,0.009062711586394148,0.04690256327088405,75,Chooser (cheaper of the two)|n100 m10 drift lam=0.05|304
h10_elite_migration,Chooser (cheaper of the two),n100 m10 drift lam=0.05,drift,100,10,305,20000,4000,0.027741670608520508,0.008223312381346173,0.008265275891949316,0.05042464670378804,1.0,83.625,0.83625,0.0,0.05042464670378804,0.05,,0.008223312381346173,0.008223312381346173,0,drift,0.007805555164078385,0.04710997181547732,78,drift,0.006947060216171344,0.05074925733557485,87,drift,0.007690539286735354,0.05152507774570841,87,drift,0.00804306637809342,0.04685272443364996,77,drift,0.010665670536387105,0.056145625710524436,90,drift,0.006814950324015433,0.04708754833697613,80,drift,0.008715069488838309,0.05158545994211385,85,drift,0.009440295741275175,0.05234150831027933,85,Chooser (cheaper of the two)|n100 m10 drift lam=0.05|305
h10_elite_migration,Chooser (cheaper of the two),n100 m10 drift lam=0.05,drift,100,10,306,20000,4000,0.027500391006469727,0.011498194450387201,0.008331758271335053,0.05087003200984298,1.0,84.375,0.84375,0.0,0.05087003200984298,0.05,,0.011498194450387201,0.011498194450387201,0,drift,0.011109880373378653,0.056609824990180704,90,drift,0.010543232720450135,0.05753349304195104,93,drift,0.005125701965241611,0.047340981447781816,84,drift,0.010360891667665562,0.054816770901042894,88,drift,0.00456588272079347,0.048766781560508524,88,drift,0.011249962614990677,0.04613808632520773,69,drift,0.005242093056244659,0.04695963991807889,83,drift,0.008456421051915672,0.048794677893992305,80,Chooser (cheaper of the two)|n100 m10 drift lam=0.05|306
h10_elite_migration,Chooser (cheaper of the two),n100 m10 drift lam=0.05,drift,100,10,307,20000,4000,0.024517297744750977,0.005184865225037136,0.006870443220226787,0.04834029470177987,1.0,82.375,0.82375,0.0,0.04834029470177987,0.05,,0.005184865225037136,0.005184865225037136,0,drift,0.009455400649989225,0.0543761659789137,89,drift,0.0059013349351741615,0.04965804300485441,87,drift,0.005942438025816785,0.051209847736978564,90,drift,0.005099167902307251,0.04379548586654612,77,drift,0.01029549048261182,0.047171275885227126,73,drift,0.006750889782830467,0.04953780259860081,85,drift,0.005840399289656793,0.045068174861953345,78,drift,0.005678424693427797,0.045905561681164886,80,Chooser (cheaper of the two)|n100 m10 drift lam=0.05|307
h10_elite_migration,Chooser (cheaper of the two),n100 m10 drift lam=0.05,drift,100,10,308,20000,4000,0.02278757095336914,0.009829057547112767,0.008868075490308745,0.050671794719516966,1.0,82.875,0.8287500000000001,0.0,0.050671794719516966,0.05,,0.009829057547112767,0.009829057547112767,0,drift,0.011467722892787035,0.05344363339283783,83,drift,0.010273362185270378,0.049674023310495904,78,drift,0.009593976963429578,0.05048253303044849,81,drift,0.009056461285361863,0.05597758673513113,93,drift,0.007227907048130773,0.04802063728358,81,drift,0.009539046253702691,0.04840629953447025,77,drift,0.007690808514032908,0.049006131663108236,82,drift,0.006095318779754732,0.05036351280606389,88,Chooser (cheaper of the two)|n100 m10 drift lam=0.05|308
h10_elite_migration,Chooser (cheaper of the two),n100 m10 drift lam=0.05,drift,100,10,309,20000,4000,0.02343440055847168,0.01350451577407029,0.009915630393000138,0.05466798211364597,1.0,88.625,0.88625,0.0,0.05466798211364597,0.05,,0.01350451577407029,0.01350451577407029,0,drift,0.008130488993278784,0.05248823050898313,88,drift,0.011722849442111077,0.0592738233658903,94,drift,0.009849361339662964,0.05276795919659867,85,drift,0.012089564006472577,0.05662150482275733,88,drift,0.011401335489458157,0.056914395586483736,90,drift,0.009210164376750247,0.05109238619838541,83,drift,0.007520530811969698,0.05386647522932036,92,drift,0.009400748684297593,0.05431908200074881,89,Chooser (cheaper of the two)|n100 m10 drift lam=0.05|309
h10_elite_migration,Chooser (cheaper of the two),n100 m10 drift lam=0.05,drift,100,10,310,20000,4000,0.023495912551879883,0.004135430617277745,0.007555021076806455,0.04905191876105876,1.0,82.375,0.82375,0.0,0.04905191876105876,0.05,,0.004135430617277745,0.004135430617277745,0,drift,0.00614648790814518,0.05041693337610355,88,drift,0.007168766680299545,0.04846268611419168,82,drift,0.007593373139942818,0.055454058364090265,95,drift,0.007411488508941653,0.05224129974758958,89,drift,0.010590488760014623,0.04747704159975507,73,drift,0.00802477661348166,0.04784175528971427,79,drift,0.006701173388319772,0.04294241563029932,72,drift,0.006803613615306386,0.04757915996672631,81,Chooser (cheaper of the two)|n100 m10 drift lam=0.05|310
h10_elite_migration,GA continue,n100 m10 drift lam=0.05,drift,100,10,301,20000,4000,2.415483236312866,0.011938736375147578,0.034394775822743584,0.0821685257816845,1.027122403321062,21.5,0.21500000000000002,0.0,0.04551314937475179,0.05,,0.011938736375147578,0.05744306001563476,0,drift,0.03221858503116651,0.05638209202535509,15,drift,0.04003854770499709,0.14844978880131862,27,drift,0.03307880697376311,0.05786966325557504,24,drift,0.037936692242848125,0.1294818133421436,28,drift,0.041527099535498005,0.053782171164989255,12,drift,0.02423927501261234,0.047829400166378495,18,drift,0.021070993005770332,0.05119758482715472,26,drift,0.04504820707529315,0.11235569267056114,22,GA continue|n100 m10 drift lam=0.05|301
h10_elite_migration,GA continue,n100 m10 drift lam=0.05,drift,100,10,302,20000,4000,2.143827199935913,0.013343169677647456,0.03924026376251517,0.09083501491414114,1.0316057266825913,24.75,0.2475,0.0,0.052135649335172105,0.05,,0.013343169677647456,0.036908306114355444,0,drift,0.025550459323510702,0.06520718016401976,21,drift,0.02540372684761841,0.11484297978558192,36,drift,0.023722895283800255,0.05859158056156058,18,drift,0.02572575285479596,0.0653360386726405,19,drift,0.03171554676491742,0.057076498192814,24,drift,0.1347642526701742,0.2375009175782312,30,drift,0.026988684926275562,0.05126990150982166,22,drift,0.020050791429028873,0.0768550228484595,28,GA continue|n100 m10 drift lam=0.05|302
h10_elite_migration,GA continue,n100 m10 drift lam=0.05,drift,100,10,303,20000,4000,2.1558985710144043,0.015183178216340744,0.03260923586430361,0.12273992963738188,1.0235841789605558,27.0,0.27,0.0,0.04654774318261279,0.05,,0.015183178216340744,0.05159998247577159,0,drift,0.02611232545002341,0.0928835160621659,24,drift,0.032798580785057256,0.08867483899839063,24,drift,0.033934227256040346,0.09348719977688326,29,drift,0.03749399184333651,0.20620055708073046,35,drift,0.020871496464213518,0.15850428276806117,32,drift,0.026884332176342614,0.08738015244650872,24,drift,0.041822808521842725,0.18604153023793904,31,drift,0.04095612441757248,0.06874735972837588,17,GA continue|n100 m10 drift lam=0.05|303
h10_elite_migration,GA continue,n100 m10 drift lam=0.05,drift,100,10,304,20000,4000,2.1134684085845947,0.014925746594301471,0.03944365706642023,0.15529772872707565,1.0299299990835207,24.875,0.24874999999999997,0.0,0.05234067862654461,0.05,,0.014925746594301471,0.045784041999774636,0,drift,0.018117055769446958,0.12656981223782396,34,drift,0.02036562211352833,0.06339184816502672,29,drift,0.05562225753598372,0.21506514504397478,42,drift,0.027098326154327265,0.19122051931687775,27,drift,0.07014364358940192,0.16961353482630206,19,drift,0.022113757184900253,0.12410858130889407,18,drift,0.07406096814504577,0.25426286782616175,11,drift,0.02802762603872763,0.09814952109154407,19,GA continue|n100 m10 drift lam=0.05|304
h10_elite_migration,GA continue,n100 m10 drift lam=0.05,drift,100,10,305,20000,4000,2.274876356124878,0.012517337425278385,0.033000512176083956,0.10361889947358631,1.0245299382204371,24.25,0.2425,0.0,0.04553389478021095,0.05,,0.012517337425278385,0.048858146460174175,0,drift,0.02981388897206732,0.09663073288886068,28,drift,0.021614186181844564,0.03894197552167588,15,drift,0.03250697254663252,0.08975353351195985,27,drift,0.03682415303729043,0.06970846210443245,27,drift,0.03473718867658189,0.11981330165553826,24,drift,0.032953573373759204,0.08654799020280098,21,drift,0.03124980625988781,0.16851108841478446,25,drift,0.044304328360607874,0.15904411148863787,27,GA continue|n100 m10 drift lam=0.05|305
h10_elite_migration,GA continue,n100 m10 drift lam=0.05,drift,100,10,306,20000,4000,2.087554693222046,0.014569156915683546,0.028537402756431088,0.10923040334474003,1.0200651975740405,28.125,0.28125,0.0,0.04301094877897987,0.05,,0.014569156915683546,0.027101664553981566,0,drift,0.021973696825784508,0.13340953226765812,41,drift,0.035830236567644586,0.07497471143748824,28,drift,0.0355285937594176,0.18164185646001965,37,drift,0.015223664111213087,0.043373535112961055,20,drift,0.052058129598982074,0.1654441381336596,28,drift,0.017244741180509168,0.12948288920137652,27,drift,0.02264286064299075,0.0519824279369122,18,drift,0.027797299364906942,0.09353413620784484,26,GA continue|n100 m10 drift lam=0.05|306
h10_elite_migration,GA continue,n100 m10 drift lam=0.05,drift,100,10,307,20000,4000,2.166335344314575,0.011931567065867007,0.036149548061186296,0.12196342851567502,1.0291000909352483,24.5,0.245,0.0,0.048852063963754994,0.05,,0.011931567065867007,0.05040881819828238,0,drift,0.03626578244643765,0.1699739022105552,32,drift,0.023509983132923195,0.07105520223919587,25,drift,0.03190537547323693,0.10743535009427188,25,drift,0.09934709186712846,0.32256601613081104,25,drift,0.016530919386508323,0.09961918967859289,23,drift,0.028116958222549674,0.06909538220729118,26,drift,0.019502486457620663,0.06273269987940255,18,drift,0.034017787503085456,0.07322968568527954,22,GA continue|n100 m10 drift lam=0.05|307
h10_elite_migration,GA continue,n100 m10 drift lam=0.05,drift,100,10,308,20000,4000,2.0878868103027344,0.017129267264258397,0.02533423149908287,0.11450719831575762,1.0163220774737982,26.125,0.26125,0.0,0.0387297375958227,0.05,,0.017129267264258397,0.05953833328136455,0,drift,0.023763704293614712,0.0664467556207353,19,drift,0.0179523834041289,0.06755897922568305,24,drift,0.02749134175135763,0.10997426124928372,34,drift,0.038914061350201826,0.14077974769607224,33,drift,0.01926781518450193,0.06828790409407802,16,drift,0.026046183399456916,0.07709640405917519,19,drift,0.033059726337220395,0.0877165068844939,23,drift,0.016178636272180635,0.29819702769653966,41,GA continue|n100 m10 drift lam=0.05|308
h10_elite_migration,GA continue,n100 m10 drift lam=0.05,drift,100,10,309,20000,4000,2.090796947479248,0.0121631558151105,0.030060554329719456,0.0859796287220879,1.019949417862485,26.625,0.26625,0.0,0.04378188841703022,0.05,,0.0121631558151105,0.035984273028589454,0,drift,0.04034647663035706,0.07837455458952673,27,drift,0.028140513766760713,0.12676716106197145,35,drift,0.040681268680938264,0.11877654282134424,31,drift,0.031152656694434355,0.09708953800942004,30,drift,0.028251658338381527,0.06938172442996736,23,drift,0.02222893723686001,0.05329371884311431,21,drift,0.02282971885385082,0.0634059099578755,20,drift,0.0268532044361729,0.08074788006348359,26,GA continue|n100 m10 drift lam=0.05|309
h10_elite_migration,GA continue,n100 m10 drift lam=0.05,drift,100,10,310,20000,4000,2.159343957901001,0.010962395995608108,0.0290631589640013,0.0999895075625643,1.0213547791346351,25.25,0.2525,0.0,0.04206529194559798,0.05,,0.010962395995608108,0.042622125564483526,0,drift,0.02385389892144069,0.0988451434159361,29,drift,0.02865537287435873,0.04572376649761503,13,drift,0.021906611370490665,0.05811758594243915,26,drift,0.03536201913371717,0.2520843064240754,39,drift,0.015390397697652151,0.07027148795955762,27,drift,0.028303772139420667,0.06076803940568867,19,drift,0.02939903443830792,0.06353319365731647,18,drift,0.0496341651366224,0.1505725371978859,31,GA continue|n100 m10 drift lam=0.05|310
h10_elite_migration,QI-MRFO+CXM continue,n100 m10 drift lam=0.05,drift,100,10,301,20000,4000,6.575484037399292,0.0008034395373276679,0.004141730584633888,0.04513498509152533,0.9970791472904841,49.5,0.49500000000000005,0.0,0.028992332272809708,0.05,,0.0008034395373276679,0.012424251864251949,0,drift,0.006153874734436514,0.04223473938662564,46,drift,0.004839140774201096,0.05532594888203125,55,drift,0.0036615038054771667,0.03872504313894221,52,drift,0.002149725219003983,0.07621607922604717,58,drift,0.0033365304149796738,0.028496688044826628,41,drift,0.0058199792755597585,0.03308744011131606,42,drift,0.0031488652641399975,0.03830680045964382,53,drift,0.004024225189272911,0.04868714148276988,49,QI-MRFO+CXM continue|n100 m10 drift lam=0.05|301
h10_elite_migration,QI-MRFO+CXM continue,n100 m10 drift lam=0.05,drift,100,10,302,20000,4000,6.773457288742065,0.0005247079719280449,0.014084189977173197,0.05798899243191877,1.0066313051293307,45.0,0.44999999999999996,0.0,0.036964247978317405,0.05,,0.0005247079719280449,0.0052725963407204745,0,drift,0.002528055786951821,0.04331811366264916,60,drift,0.00271878270348552,0.051049928377897305,43,drift,0.004474885702171098,0.03558637317829073,42,drift,0.003149783200270664,0.02816737876097968,41,drift,0.006572876094720566,0.03957154311184945,47,drift,0.07778549623544453,0.20055675766257428,60,drift,0.007459847133073163,0.030378744585609775,30,drift,0.00798379296126821,0.035283100115499844,37,QI-MRFO+CXM continue|n100 m10 drift lam=0.05|302
h10_elite_migration,QI-MRFO+CXM continue,n100 m10 drift lam=0.05,drift,100,10,303,20000,4000,6.915807247161865,0.0005958956312608322,0.004403628321774539,0.04765027296560784,0.995621580882344,47.125,0.47125000000000006,0.0,0.02806828816145625,0.05,,0.0005958956312608322,0.02378195724463283,0,drift,0.0029802920789382347,0.03855722851621717,46,drift,0.0025989552150460717,0.06809800446323624,63,drift,0.007805811118971528,0.05337827949082917,48,drift,0.0038955579047296137,0.06076314595916766,54,drift,0.0051118437767785335,0.04569998818890504,46,drift,0.00360664589736299,0.04397942933944072,45,drift,0.005184389092383368,0.0434577861724812,42,drift,0.004045531489985971,0.027268321594585424,33,QI-MRFO+CXM continue|n100 m10 drift lam=0.05|303
h10_elite_migration,QI-MRFO+CXM continue,n100 m10 drift lam=0.05,drift,100,10,304,20000,4000,6.856062412261963,0.0007500681960792569,0.005711154203902439,0.061186691660098255,0.9964925438835396,49.875,0.49874999999999997,0.0,0.03079057070941979,0.05,,0.0007500681960792569,0.019402401875970005,0,drift,0.003812112952513289,0.08851844512330316,61,drift,0.006708193911425439,0.044112991639706244,52,drift,0.006728006986105491,0.12011470841659845,60,drift,0.0037036715085013096,0.05886911410076576,57,drift,0.006028499861997442,0.04664149422145669,40,drift,0.007774763860676074,0.042616220473099264,44,drift,0.007883853357244147,0.05749058807359396,48,drift,0.0030501311927563224,0.031129971232262545,37,QI-MRFO+CXM continue|n100 m10 drift lam=0.05|304
h10_elite_migration,QI-MRFO+CXM continue,n100 m10 drift lam=0.05,drift,100,10,305,20000,4000,6.6298651695251465,0.0010851257043272605,0.004805598666773527,0.05850546517560215,0.9965696465836598,56.0,0.56,0.0,0.032931112125436604,0.05,,0.0010851257043272605,0.009438774742326688,0,drift,0.003144977907934388,0.05459587167143392,56,drift,0.00921292704708512,0.036471166365167805,38,drift,0.003634522633180691,0.05148732118726961,59,drift,0.004214138878557042,0.04485759997876974,55,drift,0.008941921512469093,0.06399719734495365,53,drift,0.003919463383153428,0.05038790581232436,55,drift,0.002152621606137083,0.08904288555158334,74,drift,0.003224216365671376,0.07720377349331474,58,QI-MRFO+CXM continue|n100 m10 drift lam=0.05|305
h10_elite_migration,QI-MRFO+CXM continue,n100 m10 drift lam=0.05,drift,100,10,306,20000,4000,7.049862623214722,0.0003620227974819096,0.005793738379932641,0.061539816883855146,0.9974903332934341,53.25,0.5325,0.0,0.032569357040070315,0.05,,0.0003620227974819096,0.004717346629877374,0,drift,0.004744087563794173,0.06591713887633321,59,drift,0.004033057992326018,0.05404604966806691,58,drift,0.005161940600890923,0.12139933880618507,67,drift,0.008998675962783935,0.03677913827047624,36,drift,0.007012662879315029,0.08064199855292009,60,drift,0.0041597115131982035,0.041710342734941216,51,drift,0.0037231817651050057,0.033732591701010894,45,drift,0.008516588762047835,0.05809193646090751,50,QI-MRFO+CXM continue|n100 m10 drift lam=0.05|306
h10_elite_migration,QI-MRFO+CXM continue,n100 m10 drift lam=0.05,drift,100,10,307,20000,4000,6.670488357543945,0.0009377332923246353,0.004538997768373355,0.05044106349094636,0.9976895299653119,49.875,0.49874999999999997,0.0,0.029589769890660197,0.05,,0.0009377332923246353,0.017166833172085578,0,drift,0.0031938287751254956,0.0531758091711775,58,drift,0.004470185094572527,0.05000005329582711,53,drift,0.003367514327092529,0.07245763284873416,54,drift,0.008095316656522713,0.06505625021985605,53,drift,0.00267824507244909,0.04673273267887567,48,drift,0.0049923895687827525,0.04823157497271295,51,drift,0.0057626314805503745,0.03993957226216667,44,drift,0.003751871171891356,0.027934882478220797,38,QI-MRFO+CXM continue|n100 m10 drift lam=0.05|307
h10_elite_migration,QI-MRFO+CXM continue,n100 m10 drift lam=0.05,drift,100,10,308,20000,4000,7.409303426742554,0.000923051587766865,0.005020487609220968,0.050308955229148494,0.9961884634432068,47.125,0.47124999999999995,0.0,0.028699909166433828,0.05,,0.000923051587766865,0.011074100243266155,0,drift,0.004286615449762825,0.03778901984296786,35,drift,0.006303230600884838,0.03992809336628659,43,drift,0.005280199477406463,0.0474564776901833,50,drift,0.006586496157565906,0.062185441242529005,48,drift,0.006050115073286875,0.03908774634180113,43,drift,0.003851377832653419,0.03209967274915193,39,drift,0.004491272921552741,0.049776501591884126,55,drift,0.0033145933606546682,0.094148689008384,64,QI-MRFO+CXM continue|n100 m10 drift lam=0.05|308
h10_elite_migration,QI-MRFO+CXM continue,n100 m10 drift lam=0.05,drift,100,10,309,20000,4000,6.821139812469482,0.00021540392440112327,0.0034881730866131635,0.046018378974760146,0.9936376549752178,52.625,0.52625,0.0,0.029890109031624604,0.05,,0.00021540392440112327,0.0029424141129715453,0,drift,0.0027971026356878007,0.046539360520694344,50,drift,0.002334643819912857,0.05107157540295034,68,drift,0.0030335891120796903,0.049843441396010366,58,drift,0.0031585214479728815,0.057831277998962205,58,drift,0.006366473038720699,0.03895904560497858,42,drift,0.004365788759536712,0.042550810706874644,57,drift,0.003118497656013916,0.04300197995861281,43,drift,0.0027307682229807512,0.03834954020899788,45,QI-MRFO+CXM continue|n100 m10 drift lam=0.05|309
h10_elite_migration,QI-MRFO+CXM continue,n100 m10 drift lam=0.05,drift,100,10,310,20000,4000,7.085019588470459,0.0006800415209223151,0.0044628735403458505,0.04909285273369696,0.9969318143634482,46.875,0.46875,0.0,0.02800517829210253,0.05,,0.0006800415209223151,0.01033210185158088,0,drift,0.002694363331519305,0.04578230842656724,50,drift,0.004194184371405623,0.026908930179188204,34,drift,0.005773342238144263,0.02852455840578715,33,drift,0.003418318680369894,0.10186856982000125,52,drift,0.00593375628742553,0.05445862018173322,57,drift,0.004036104930581834,0.03247276191986011,45,drift,0.004299673893137103,0.03606603945036429,43,drift,0.005353244590183251,0.06666103348607419,61,QI-MRFO+CXM continue|n100 m10 drift lam=0.05|310
h10_elite_migration,QI-MRFO+CXM continue+elite,n100 m10 drift lam=0.05,drift,100,10,301,20000,4000,6.83417534828186,0.0008034395373276679,0.004771254212704773,0.044024495607247326,0.997704013050477,43.75,0.4375,0.0,0.02674622650032032,0.05,,0.0008034395373276679,0.012424251864251949,0,drift,0.004172361390597104,0.04757032475417464,49,drift,0.0043488404800539225,0.05763187379457454,59,drift,0.0027886949584017278,0.03643626484195867,39,drift,0.004822456774195995,0.0797242165748511,53,drift,0.008532760638620874,0.025547714898488855,27,drift,0.005750540815355074,0.03409331377126881,36,drift,0.004416673973745162,0.03323069702319414,43,drift,0.0033377046706683233,0.03796155919946786,44,QI-MRFO+CXM continue+elite|n100 m10 drift lam=0.05|301
h10_elite_migration,QI-MRFO+CXM continue+elite,n100 m10 drift lam=0.05,drift,100,10,302,20000,4000,6.982676982879639,0.0005247079719280449,0.0046420589843723424,0.04893346072382204,0.9972504887755711,46.125,0.46125,0.0,0.02780695942290493,0.05,,0.0005247079719280449,0.0052725963407204745,0,drift,0.003861670943113641,0.06328546758370865,59,drift,0.002358059134985924,0.051663950736977424,58,drift,0.005058559186813916,0.03276087713806216,37,drift,0.009063078914710034,0.0340306210724231,35,drift,0.0032022358977270363,0.04225568264889893,49,drift,0.005524342782165089,0.10224307643457253,53,drift,0.0046660558921478214,0.03496713740816538,43,drift,0.003402469123315277,0.030260872767768194,35,QI-MRFO+CXM continue+elite|n100 m10 drift lam=0.05|302
h10_elite_migration,QI-MRFO+CXM continue+elite,n100 m10 drift lam=0.05,drift,100,10,303,20000,4000,6.847350835800171,0.0005958956312608322,0.004570234124237477,0.05382707283851343,0.9957879622920692,47.875,0.47875,0.0,0.028616527849766465,0.05,,0.0005958956312608322,0.02378195724463283,0,drift,0.006544313136261053,0.04020213896372879,41,drift,0.004692896746567693,0.07651777098767565,53,drift,0.0035625538071285294,0.07132500759303673,52,drift,0.0023158895046113005,0.05609907451204683,52,drift,0.006646141307446797,0.054807208500270876,49,drift,0.005788109315780668,0.04701473262235406,50,drift,0.003593429942551111,0.05852918695127848,51,drift,0.003418539233552665,0.026121462577715998,35,QI-MRFO+CXM continue+elite|n100 m10 drift lam=0.05|303
h10_elite_migration,QI-MRFO+CXM continue+elite,n100 m10 drift lam=0.05,drift,100,10,304,20000,4000,6.950887680053711,0.0007500681960792569,0.004193330291610099,0.06438592440461516,0.9949922836294156,49.375,0.49375,0.0,0.028986414099506516,0.05,,0.0007500681960792569,0.019402401875970005,0,drift,0.005532399358600234,0.08188687473381981,61,drift,0.0032547411417782343,0.035810261168788944,44,drift,0.004194795248889179,0.10030433513093971,59,drift,0.0061048563266560595,0.11415470420292073,60,drift,0.0022411272764316825,0.043272260249027375,42,drift,0.0022184318942000928,0.03278774208612632,42,drift,0.00682964497488061,0.054790495153213846,36,drift,0.0031706461114447033,0.05208072251208453,51,QI-MRFO+CXM continue+elite|n100 m10 drift lam=0.05|304
h10_elite_migration,QI-MRFO+CXM continue+elite,n100 m10 drift lam=0.05,drift,100,10,305,20000,4000,6.793771028518677,0.0010851257043272605,0.004124303279529564,0.050120679945858684,0.995894857824307,49.875,0.49875,0.0,0.029164101584542072,0.05,,0.0010851257043272605,0.009438774742326688,0,drift,0.001931378654530126,0.039805388502346654,50,drift,0.003618220717723696,0.04102433825164082,46,drift,0.007311302819996643,0.050934890017405504,54,drift,0.0051202422390170844,0.04023986638574764,46,drift,0.0036840137925768634,0.046750343611328724,45,drift,0.004256877758621169,0.0453794838687119,46,drift,0.004958850385762312,0.08399384717980245,51,drift,0.00211353986800862,0.052837281749885764,61,QI-MRFO+CXM continue+elite|n100 m10 drift lam=0.05|305
h10_elite_migration,QI-MRFO+CXM continue+elite,n100 m10 drift lam=0.05,drift,100,10,306,20000,4000,7.028805494308472,0.0003620227974819096,0.00465160753155415,0.05233541816116813,0.9963568653887132,52.875,0.52875,0.0,0.0312126752918876,0.05,,0.0003620227974819096,0.004717346629877374,0,drift,0.006580455597565619,0.06305071560771935,70,drift,0.0034281070989428185,0.03861449443651795,48,drift,0.005616886735086764,0.07853661656721089,66,drift,0.006139164681206034,0.02442123750989413,31,drift,0.0033425271560766244,0.09710436667118585,65,drift,0.0036979599719969658,0.039315365908866556,51,drift,0.00442170889646967,0.034162789089027215,42,drift,0.003986050115088702,0.043477759498923095,50,QI-MRFO+CXM continue+elite|n100 m10 drift lam=0.05|306
h10_elite_migration,QI-MRFO+CXM continue+elite,n100 m10 drift lam=0.05,drift,100,10,307,20000,4000,6.806826829910278,0.0009377332923246353,0.00402721450843081,0.052407306170886306,0.9971789735197613,49.0,0.49000000000000005,0.0,0.028624402380826926,0.05,,0.0009377332923246353,0.017166833172085578,0,drift,0.0031938287751254956,0.0531758091711775,58,drift,0.0026742343173044273,0.04797965558808018,54,drift,0.0030562358702443076,0.06474957981497392,54,drift,0.006073256807162583,0.07898418791339963,60,drift,0.005723894798024843,0.053183588851087225,38,drift,0.004291363099597605,0.05189353669858094,44,drift,0.0027892769073550256,0.0416920487266944,50,drift,0.004415625492632189,0.02760004260309665,34,QI-MRFO+CXM continue+elite|n100 m10 drift lam=0.05|307
h10_elite_migration,QI-MRFO+CXM continue+elite,n100 m10 drift lam=0.05,drift,100,10,308,20000,4000,6.921640872955322,0.000923051587766865,0.005001680023971871,0.049899446418257956,0.9961696937143489,47.625,0.47624999999999995,0.0,0.028931781169676627,0.05,,0.000923051587766865,0.011074100243266155,0,drift,0.004286615449762825,0.03778901984296786,35,drift,0.005406949945294367,0.03862050425029415,48,drift,0.0033050477094234984,0.05151155309658748,54,drift,0.011933102790466473,0.05284595040647223,45,drift,0.002392985652925221,0.03780826215182603,47,drift,0.003404027579425204,0.0310251567183898,43,drift,0.005193640421339835,0.04342216120747258,47,drift,0.004091070643137539,0.10617296367205349,62,QI-MRFO+CXM continue+elite|n100 m10 drift lam=0.05|308
h10_elite_migration,QI-MRFO+CXM continue+elite,n100 m10 drift lam=0.05,drift,100,10,309,20000,4000,6.6362268924713135,0.00021540392440112327,0.004307062625305247,0.049460612405000104,0.9944496092237646,52.0,0.52,0.0,0.03041532066310649,0.05,,0.00021540392440112327,0.0029424141129715453,0,drift,0.004176555121700135,0.035376483773736374,38,drift,0.002896587997887868,0.04555228271196795,49,drift,0.0022789121611055912,0.060363586345868435,69,drift,0.0038851946210253304,0.0468887092272816,55,drift,0.005973249488854994,0.059785534305304075,56,drift,0.005759360248835212,0.035107176644325076,40,drift,0.006166139387423139,0.05738810877273733,47,drift,0.003320501975609707,0.05522301745878002,62,QI-MRFO+CXM continue+elite|n100 m10 drift lam=0.05|309
h10_elite_migration,QI-MRFO+CXM continue+elite,n100 m10 drift lam=0.05,drift,100,10,310,20000,4000,6.6337268352508545,0.0006800415209223151,0.003701305239785452,0.05440889708588861,0.996175889751129,50.0,0.5,0.0,0.028793283948608625,0.05,,0.0006800415209223151,0.01033210185158088,0,drift,0.002694363331519305,0.04578230842656724,50,drift,0.004194184371405623,0.024214729551047337,27,drift,0.0034478477844873223,0.03741059266800047,48,drift,0.004403033974702954,0.12747164230575223,63,drift,0.005356306314435049,0.04141605291691236,48,drift,0.003385248118021704,0.036124436145059384,49,drift,0.002575032169542371,0.0372518272813402,52,drift,0.003554425854169286,0.08559958739242968,63,QI-MRFO+CXM continue+elite|n100 m10 drift lam=0.05|310
h10_elite_migration,(1+1)-EA+CXM continue,n100 m10 drift lam=0.2,drift,100,10,301,20000,4000,1.4976294040679932,0.0007944499825693696,0.003685332685277319,0.09478611054391121,0.9966254396909241,35.25,0.35250000000000004,0.0,0.07443655443531419,0.2,,0.0007944499825693696,0.01980602025392085,0,drift,0.00298453375340096,0.094501905105683,39,drift,0.002967683979868895,0.11746046406087879,41,drift,0.004554447541873512,0.08565553743953706,33,drift,0.0010182066262122986,0.13145422753700123,47,drift,0.0021653206120009157,0.061612927137861866,23,drift,0.004630704713065776,0.08543461264284814,30,drift,0.005976399206111087,0.07377624723577783,28,drift,0.005185365049685107,0.10839296319170179,41,(1+1)-EA+CXM continue|n100 m10 drift lam=0.2|301
h10_elite_migration,(1+1)-EA+CXM continue,n100 m10 drift lam=0.2,drift,100,10,302,20000,4000,1.4571800231933594,0.0005847501359411637,0.003775268037161149,0.09625717161774255,0.9963908192462079,35.125,0.35124999999999995,0.0,0.07427511250451793,0.2,,0.0005847501359411637,0.009146323098066275,0,drift,0.004014985175147537,0.10286040798003165,40,drift,0.000848242442289151,0.12767689218072414,47,drift,0.0022798835272119624,0.08472674258667687,35,drift,0.008576521044891011,0.08711860349557869,31,drift,0.0038403603870932426,0.0839465625313432,25,drift,0.0033546961515656315,0.12939492623991702,43,drift,0.004046700604405019,0.06283820958663214,23,drift,0.0032407549646856397,0.09149502834103677,37,(1+1)-EA+CXM continue|n100 m10 drift lam=0.2|302
h10_elite_migration,(1+1)-EA+CXM continue,n100 m10 drift lam=0.2,drift,100,10,303,20000,4000,1.4742076396942139,0.0010572604081618454,0.004057865448871007,0.10845655090336574,0.995279514254769,37.75,0.3775,0.0,0.07984431265994194,0.2,,0.0010572604081618454,0.025301005100177666,0,drift,0.004267586497055088,0.08128207684509059,31,drift,0.0023123397919230034,0.09216325215541311,33,drift,0.0030426620859466537,0.13181542582286349,48,drift,0.002964090732634271,0.1353534360387344,47,drift,0.003285933992244808,0.1307027935759159,38,drift,0.0050510868917994205,0.11214692176710063,41,drift,0.004005725933014934,0.1315166272687276,46,drift,0.007533497666349881,0.05267187375308026,18,(1+1)-EA+CXM continue|n100 m10 drift lam=0.2|303
h10_elite_migration,(1+1)-EA+CXM continue,n100 m10 drift lam=0.2,drift,100,10,304,20000,4000,1.533412218093872,0.0006037870269129456,0.005824709445079356,0.13776635211914717,0.9966037568125106,38.0,0.38,0.0,0.08226444678761027,0.2,,0.0006037870269129456,0.009703738369008846,0,drift,0.002439769314552963,0.1661126464010274,54,drift,0.009206861743705944,0.08649204139447567,31,drift,0.008737730397789585,0.33380845946959514,50,drift,0.005144148197370272,0.14592616937871283,40,drift,0.004591065498866414,0.11071778832817249,36,drift,0.0073009475086434255,0.1114971011870798,39,drift,0.005257689554817511,0.0812867171514661,28,drift,0.003919463344888734,0.06628989364264795,26,(1+1)-EA+CXM continue|n100 m10 drift lam=0.2|304
h10_elite_migration,(1+1)-EA+CXM continue,n100 m10 drift lam=0.2,drift,100,10,305,20000,4000,1.4874382019042969,0.0006357534804457774,0.005829810115108752,0.11032256217742759,0.9975858964494532,38.125,0.38125,0.0,0.08249471808945147,0.2,,0.0006357534804457774,0.023400173272238315,0,drift,0.005557105852103437,0.11022632919715074,42,drift,0.008551248668948882,0.06481523497146364,24,drift,0.0018113471327749675,0.15734571656765506,54,drift,0.004359253082787701,0.08605844144865918,36,drift,0.007579653923165485,0.10962981906094024,35,drift,0.007667224737581561,0.08464844437743954,32,drift,0.005383668941648059,0.13865357754035298,41,drift,0.005728978581859928,0.1312029342557593,41,(1+1)-EA+CXM continue|n100 m10 drift lam=0.2|305
h10_elite_migration,(1+1)-EA+CXM continue,n100 m10 drift lam=0.2,drift,100,10,306,20000,4000,1.449228286743164,0.00022357229419423736,0.005586862340406057,0.10714925626940372,0.9972803879993745,38.875,0.38875000000000004,0.0,0.08375338266565549,0.2,,0.00022357229419423736,0.006291693778161626,0,drift,0.009533202658413032,0.15596969233834454,47,drift,0.007007997258502514,0.10380726397062436,39,drift,0.0035760140015165943,0.15679901768857846,60,drift,0.008382130371491037,0.05052711825226898,18,drift,0.002797237642039346,0.14283009529085683,50,drift,0.004288617088505357,0.08345763524397139,34,drift,0.00395127781104309,0.06844725145900588,26,drift,0.0051584218917374814,0.09535597591157935,37,(1+1)-EA+CXM continue|n100 m10 drift lam=0.2|306
h10_elite_migration,(1+1)-EA+CXM continue,n100 m10 drift lam=0.2,drift,100,10,307,20000,4000,1.4855165481567383,0.0003651439638693392,0.004124602245497356,0.10695156967514725,0.9972760186295897,39.75,0.39749999999999996,0.0,0.08393281523227741,0.2,,0.0003651439638693392,0.024446273730850863,0,drift,0.002848431238392115,0.12904973115297125,50,drift,0.005680695680481698,0.1021091026629225,39,drift,0.0035787898641024816,0.1327835753813166,46,drift,0.0016936524315930392,0.1325409496297409,49,drift,0.004873875706363028,0.0992022932772468,35,drift,0.004301079509667734,0.1045330015288446,46,drift,0.0038553163087623825,0.09337332967307299,32,drift,0.00616497722461637,0.06202057409506234,21,(1+1)-EA+CXM continue|n100 m10 drift lam=0.2|307
h10_elite_migration,(1+1)-EA+CXM continue,n100 m10 drift lam=0.2,drift,100,10,308,20000,4000,1.4878389835357666,0.0007917903286255392,0.003267887013806503,0.11433406198891949,0.994452405187044,40.5,0.405,0.0,0.08453422385617523,0.2,,0.0007917903286255392,0.01198700297164036,0,drift,0.003312960115327141,0.07619324507259699,30,drift,0.002827885165473266,0.10685145934790591,44,drift,0.0029111916231641306,0.10379048924976303,39,drift,0.001983554611968371,0.15590529263576527,51,drift,0.0028125936978645365,0.0881250509963527,34,drift,0.0037053308346832303,0.10549738630604628,38,drift,0.0030486320261835617,0.09691665749956982,39,drift,0.0055409480357877855,0.18139291480335595,49,(1+1)-EA+CXM continue|n100 m10 drift lam=0.2|308
h10_elite_migration,(1+1)-EA+CXM continue,n100 m10 drift lam=0.2,drift,100,10,309,20000,4000,1.4452056884765625,0.0005400188734899088,0.003366795088834404,0.11433108991020746,0.9935176635517053,44.625,0.4462499999999999,0.0,0.0929163361288468,0.2,,0.0005400188734899088,0.007028549691646947,0,drift,0.0033252557468030704,0.11365074326753288,49,drift,0.0026502080081449407,0.1012120101607999,41,drift,0.0033993343041260533,0.14129426253460822,47,drift,0.003552914143380213,0.11652685551240322,44,drift,0.003637963053897946,0.12127854688806015,47,drift,0.004225083502806157,0.10575828289217341,42,drift,0.002029142971204094,0.11174809855317729,46,drift,0.004114458980312758,0.10317991947290464,41,(1+1)-EA+CXM continue|n100 m10 drift lam=0.2|309
h10_elite_migration,(1+1)-EA+CXM continue,n100 m10 drift lam=0.2,drift,100,10,310,20000,4000,1.3789551258087158,0.0007771588942188509,0.004663018736323818,0.10125956875454796,0.9971332513414468,34.25,0.3425,0.0,0.07343973054916911,0.2,,0.0007771588942188509,0.0152880908355526,0,drift,0.004659279743335007,0.13076246859655735,43,drift,0.008045908498585337,0.04431887363939903,16,drift,0.003318978590886532,0.06723639038756507,26,drift,0.00316804210948945,0.17301792637922694,50,drift,0.0017774111383795667,0.08938095824801974,37,drift,0.0015823520227066599,0.06623878723035494,29,drift,0.012057639789964611,0.06830350894001719,24,drift,0.002694537997243373,0.17081763661524343,49,(1+1)-EA+CXM continue|n100 m10 drift lam=0.2|310
h10_elite_migration,Chooser (cheaper of the two),n100 m10 drift lam=0.2,drift,100,10,301,20000,4000,0.02419590950012207,0.0064713761837668785,0.00708431871571149,0.16947728597407974,1.0,80.625,0.80625,0.0,0.16947728597407974,0.2,,0.0064713761837668785,0.0064713761837668785,0,drift,0.007756045217527598,0.18109008499494222,86,drift,0.006696728223206165,0.17984856547759745,86,drift,0.007263184128071235,0.18051245179809944,86,drift,0.00675732082486927,0.15978443359024952,76,drift,0.007275742515955573,0.15836710389334888,75,drift,0.005935558634002117,0.15481402131183455,74,drift,0.00888820384001285,0.166274763639055,78,drift,0.0061017663420471135,0.17512686308751094,84,Chooser (cheaper of the two)|n100 m10 drift lam=0.2|301
h10_elite_migration,Chooser (cheaper of the two),n100 m10 drift lam=0.2,drift,100,10,302,20000,4000,0.0234372615814209,0.01058388271372133,0.007414565198227468,0.16709176721942734,1.0,79.25,0.7925,0.0,0.16709176721942734,0.2,,0.01058388271372133,0.01058388271372133,0,drift,0.009298748148966219,0.17078654785280076,80,drift,0.007113875056105715,0.17832323381564355,85,drift,0.009448518951960848,0.1669224879084668,78,drift,0.0069597251058283295,0.1761289589236074,84,drift,0.004490933675912906,0.15717355559465185,76,drift,0.00667129967682679,0.1596853372277047,76,drift,0.009624316455506385,0.16712570982256547,78,drift,0.00570910451471255,0.1605883066099782,77,Chooser (cheaper of the two)|n100 m10 drift lam=0.2|302
h10_elite_migration,Chooser (cheaper of the two),n100 m10 drift lam=0.2,drift,100,10,303,20000,4000,0.021468162536621094,0.008481513833635353,0.008822407399692374,0.17477054184891605,1.0,82.25,0.8225,0.0,0.17477054184891605,0.2,,0.008481513833635353,0.008481513833635353,0,drift,0.008423517083609838,0.18993975015865944,90,drift,0.006341763683947859,0.18748328114705842,90,drift,0.01063150973278995,0.1783963403484331,83,drift,0.01066808600259924,0.1784389882790306,83,drift,0.009442115635044199,0.16691508567411126,78,drift,0.009793046887413608,0.16934034829562492,79,drift,0.0061188152883395455,0.16106111284274385,77,drift,0.009160404883794746,0.1665894280456669,78,Chooser (cheaper of the two)|n100 m10 drift lam=0.2|303
h10_elite_migration,Chooser (cheaper of the two),n100 m10 drift lam=0.2,drift,100,10,304,20000,4000,0.024598121643066406,0.011182541500880099,0.00925700319491581,0.16442352625141182,1.0,76.875,0.76875,0.0,0.16442352625141182,0.2,,0.011182541500880099,0.011182541500880099,0,drift,0.006006773311285872,0.1891000060539398,91,drift,0.013037408662623543,0.18322769331794414,84,drift,0.006223208221384301,0.17325626078613393,83,drift,0.009734539882366227,0.16927259718378004,79,drift,0.011897025748651643,0.15558640340496013,71,drift,0.011567023961351787,0.15318640731594113,70,drift,0.006527334185268953,0.1313367236242424,62,drift,0.009062711586394148,0.16042211832435313,75,Chooser (cheaper of the two)|n100 m10 drift lam=0.2|304
h10_elite_migration,Chooser (cheaper of the two),n100 m10 drift lam=0.2,drift,100,10,305,20000,4000,0.023889780044555664,0.008223312381346173,0.008265275891949316,0.17690275913930426,1.0,83.625,0.83625,0.0,0.17690275913930426,0.2,,0.008223312381346173,0.008223312381346173,0,drift,0.007805555164078385,0.1650232217696747,78,drift,0.006947060216171344,0.182155848693785,87,drift,0.007690539286735354,0.18302869312262723,87,drift,0.00804306637809342,0.16328169860031974,77,drift,0.010665670536387105,0.19258549123293675,90,drift,0.006814950324015433,0.16790534237585789,80,drift,0.008715069488838309,0.1801966313019408,85,drift,0.009440295741275175,0.18104514601729182,85,Chooser (cheaper of the two)|n100 m10 drift lam=0.2|305
h10_elite_migration,Chooser (cheaper of the two),n100 m10 drift lam=0.2,drift,100,10,306,20000,4000,0.023932695388793945,0.011498194450387201,0.008331758271335053,0.1784848532253666,1.0,84.375,0.84375,0.0,0.1784848532253666,0.2,,0.011498194450387201,0.011498194450387201,0,drift,0.011109880373378653,0.19310965884058667,90,drift,0.010543232720450135,0.19850427400645376,93,drift,0.005125701965241611,0.17398681989540207,84,drift,0.010360891667665562,0.1881844086011747,88,drift,0.00456588272079347,0.181369478079653,88,drift,0.011249962614990677,0.1508024574558593,69,drift,0.005242093056244659,0.17211228050358116,83,drift,0.008456421051915672,0.16980944842022208,80,Chooser (cheaper of the two)|n100 m10 drift lam=0.2|306
h10_elite_migration,Chooser (cheaper of the two),n100 m10 drift lam=0.2,drift,100,10,307,20000,4000,0.024022340774536133,0.005184865225037136,0.006870443220226787,0.17274984914643898,1.0,82.375,0.82375,0.0,0.17274984914643898,0.2,,0.005184865225037136,0.005184865225037136,0,drift,0.009455400649989225,0.1891384619656873,89,drift,0.0059013349351741615,0.18092816721389435,87,drift,0.005942438025816785,0.1870120768704637,90,drift,0.005099167902307251,0.1598844397592625,77,drift,0.01029549048261182,0.15779863209307304,73,drift,0.006750889782830467,0.1778985410459116,85,drift,0.005840399289656793,0.16275150157884338,78,drift,0.005678424693427797,0.16658697264437614,80,Chooser (cheaper of the two)|n100 m10 drift lam=0.2|307
h10_elite_migration,Chooser (cheaper of the two),n100 m10 drift lam=0.2,drift,100,10,308,20000,4000,0.02494645118713379,0.009829057547112767,0.008868075490308745,0.17608295240714164,1.0,82.875,0.8287500000000001,0.0,0.17608295240714164,0.2,,0.009829057547112767,0.009829057547112767,0,drift,0.011467722892787035,0.1793713648929897,83,drift,0.010273362185270378,0.16787600668617267,78,drift,0.009593976963429578,0.173148201231505,81,drift,0.009056461285361863,0.19674096308443917,93,drift,0.007227907048130773,0.1703988279899278,81,drift,0.009539046253702691,0.1650080593767728,77,drift,0.007690808514032908,0.1729521011103344,82,drift,0.006095318779754732,0.18316809488499156,88,Chooser (cheaper of the two)|n100 m10 drift lam=0.2|308
h10_elite_migration,Chooser (cheaper of the two),n100 m10 drift lam=0.2,drift,100,10,309,20000,4000,0.021920442581176758,0.01350451577407029,0.009915630393000138,0.18892503727558335,1.0,88.625,0.88625,0.0,0.18892503727558335,0.2,,0.01350451577407029,0.01350451577407029,0,drift,0.008130488993278784,0.18556145505609575,88,drift,0.011722849442111077,0.20192674513722797,94,drift,0.009849361339662964,0.1815237527674056,85,drift,0.012089564006472577,0.19021732727161172,88,drift,0.011401335489458157,0.19345357587756062,90,drift,0.009210164376750247,0.17673905166329074,83,drift,0.007520530811969698,0.19290430848137205,92,drift,0.009400748684297593,0.18907408195010245,89,Chooser (cheaper of the two)|n100 m10 drift lam=0.2|309
h10_elite_migration,Chooser (cheaper of the two),n100 m10 drift lam=0.2,drift,100,10,310,20000,4000,0.024321317672729492,0.004135430617277745,0.007555021076806455,0.17354261181381558,1.0,82.375,0.82375,0.0,0.17354261181381558,0.2,,0.004135430617277745,0.004135430617277745,0,drift,0.00614648790814518,0.18322826977997866,88,drift,0.007168766680299545,0.17234444441586885,82,drift,0.007593373139942818,0.19903611403653193,95,drift,0.007411488508941653,0.18673073346353317,89,drift,0.010590488760014623,0.15813670011897657,73,drift,0.00802477661348166,0.1672926913184116,79,drift,0.006701173388319772,0.15166614235623793,72,drift,0.006803613615306386,0.16990579902098593,81,Chooser (cheaper of the two)|n100 m10 drift lam=0.2|310
h10_elite_migration,GA continue,n100 m10 drift lam=0.2,drift,100,10,301,20000,4000,2.086571216583252,0.011938736375147578,0.025662627864556368,0.1050343011765703,1.0184486658090406,20.25,0.2025,0.0,0.06714611990183615,0.2,,0.011938736375147578,0.05744306001563476,0,drift,0.014877316583610798,0.08646263976032253,20,drift,0.020078278115326646,0.18438259027072135,33,drift,0.03273740349903354,0.08356099455443824,15,drift,0.024443732183196287,0.13998711394107421,24,drift,0.0353029570885336,0.06991035692031353,11,drift,0.028555651577522174,0.06830131792205181,15,drift,0.02596892493486432,0.09052389005821461,20,drift,0.02333675893436359,0.11714550598542613,24,GA continue|n100 m10 drift lam=0.2|301
h10_elite_migration,GA continue,n100 m10 drift lam=0.2,drift,100,10,302,20000,4000,2.015629768371582,0.013343169677647456,0.031157399315017792,0.13241420204206544,1.02357945190571,20.25,0.2025,0.0,0.07302969066942273,0.2,,0.013343169677647456,0.036908306114355444,0,drift,0.030406361902642936,0.11463629353126119,25,drift,0.0303196595344562,0.2067212928407655,29,drift,0.01145605769187417,0.058912292354416314,13,drift,0.02217028551954385,0.12086794132046122,19,drift,0.03282222445211172,0.07601668180900002,12,drift,0.05549664705108308,0.3049826469351964,34,drift,0.03129587628378835,0.06752468501046477,15,drift,0.03529208208464204,0.10965178253495811,15,GA continue|n100 m10 drift lam=0.2|302
h10_elite_migration,GA continue,n100 m10 drift lam=0.2,drift,100,10,303,20000,4000,2.05820894241333,0.015183178216340744,0.061557819294173324,0.16879646339910204,1.0522368949385563,22.5,0.225,0.0,0.10933326282114056,0.2,,0.015183178216340744,0.05159998247577159,0,drift,0.032622957898995726,0.11253068991543513,19,drift,0.026742195435041402,0.13418402224364773,22,drift,0.036035744374522574,0.14470443665113078,23,drift,0.16828216193082715,0.29757947502460214,23,drift,0.12148121655680645,0.3165923658144636,22,drift,0.033284498054370656,0.11257269505370265,23,drift,0.03364636025573278,0.130201663038369,27,drift,0.0403674198470898,0.10200635945146522,21,GA continue|n100 m10 drift lam=0.2|303
h10_elite_migration,GA continue,n100 m10 drift lam=0.2,drift,100,10,304,20000,4000,2.212311267852783,0.014925746594301471,0.026991678972790464,0.14955014881922996,1.0175937262617776,25.375,0.25375000000000003,0.0,0.07928414795730826,0.2,,0.014925746594301471,0.045784041999774636,0,drift,0.02249032357603646,0.16497234798422383,33,drift,0.017668500692119487,0.09103308321922693,25,drift,0.06552973371048264,0.29828487824466754,40,drift,0.023826272916397474,0.22629366336301582,30,drift,0.019379735889597415,0.11609403387396669,18,drift,0.032534031976588995,0.10905221719433633,21,drift,0.018818269037279112,0.10965735266665419,17,drift,0.0156865639838221,0.08101361400774824,19,GA continue|n100 m10 drift lam=0.2|304
h10_elite_migration,GA continue,n100 m10 drift lam=0.2,drift,100,10,305,20000,4000,2.12430739402771,0.012517337425278385,0.030483396421929564,0.12315585168171084,1.0220304735862653,19.75,0.1975,0.0,0.07120200630866902,0.2,,0.012517337425278385,0.048858146460174175,0,drift,0.020601453699322408,0.10200717216704303,21,drift,0.028019484248654337,0.054900481667983066,9,drift,0.02728915510546778,0.14478611719334447,24,drift,0.03598880332593071,0.09206330055217037,16,drift,0.03725346410129899,0.11987475935690149,19,drift,0.01946883416764949,0.08489854160279615,19,drift,0.031192004849164696,0.17423141427920766,25,drift,0.04405397187794813,0.21248502663424038,25,GA continue|n100 m10 drift lam=0.2|305
h10_elite_migration,GA continue,n100 m10 drift lam=0.2,drift,100,10,306,20000,4000,2.020691394805908,0.014569156915683546,0.030200835768247388,0.131573689975558,1.0217027005001964,23.375,0.23375,0.0,0.07836104445085176,0.2,,0.014569156915683546,0.027101664553981566,0,drift,0.02419215493852092,0.1633459557599214,36,drift,0.02625002558292509,0.10063640616465692,20,drift,0.03367248538952214,0.2264001500002299,30,drift,0.022333849207994007,0.05849392916011328,13,drift,0.03303529556553355,0.16238310616864118,26,drift,0.030507906654584888,0.13238841400151755,20,drift,0.028660453613961356,0.09853506234846232,23,drift,0.04295451519293714,0.11040649620092141,19,GA continue|n100 m10 drift lam=0.2|306
h10_elite_migration,GA continue,n100 m10 drift lam=0.2,drift,100,10,307,20000,4000,2.0893056392669678,0.011931567065867007,0.03263363037376679,0.1386118597694908,1.0255862269674658,21.75,0.2175,0.0,0.07755959358352324,0.2,,0.011931567065867007,0.05040881819828238,0,drift,0.034231322088413646,0.21320156348971156,25,drift,0.027626552358633483,0.11671603019743518,24,drift,0.03479275828134865,0.15906751984064182,30,drift,0.031640997568199485,0.17156807586914052,28,drift,0.0402261342408105,0.1685897774568063,25,drift,0.027011309109207484,0.1173339120745745,22,drift,0.038182416761712995,0.09076202770732573,10,drift,0.02735755258180812,0.07165597152029096,10,GA continue|n100 m10 drift lam=0.2|307
h10_elite_migration,GA continue,n100 m10 drift lam=0.2,drift,100,10,308,20000,4000,2.0194668769836426,0.017129267264258397,0.03461076845409802,0.13911996376089017,1.0255212362140087,21.75,0.2175,0.0,0.0795026822832095,0.2,,0.017129267264258397,0.05953833328136455,0,drift,0.032951589743028385,0.09130492041639356,16,drift,0.02521051943750843,0.09734161473088251,19,drift,0.030791667499533805,0.14594214314888615,30,drift,0.0366679793083879,0.12888583034899453,22,drift,0.027260249496928218,0.1066581101325843,19,drift,0.03348949736907445,0.1095286327013658,17,drift,0.06616121854060844,0.11057120897666547,12,drift,0.02435342623771456,0.32272724963134897,39,GA continue|n100 m10 drift lam=0.2|308
h10_elite_migration,GA continue,n100 m10 drift lam=0.2,drift,100,10,309,20000,4000,2.0720973014831543,0.0121631558151105,0.03315830562189802,0.12271031170493565,1.0230119392941106,22.5,0.225,0.0,0.07962492879203786,0.2,,0.0121631558151105,0.035984273028589454,0,drift,0.027325492764885988,0.11774918432041884,28,drift,0.03025750131631044,0.1482416237930934,25,drift,0.04338070971753614,0.16470417151364228,25,drift,0.028371263203840657,0.11906046892932745,26,drift,0.04972251943621047,0.12402292037361307,17,drift,0.031258656382776195,0.09989449202321855,18,drift,0.02514533598512256,0.10786594854260853,23,drift,0.029804966168501663,0.10014368414356313,18,GA continue|n100 m10 drift lam=0.2|309
h10_elite_migration,GA continue,n100 m10 drift lam=0.2,drift,100,10,310,20000,4000,2.1185250282287598,0.010962395995608108,0.02940066787003312,0.13116037239619763,1.0216877035098344,22.625,0.22625,0.0,0.07596867291782111,0.2,,0.010962395995608108,0.042622125564483526,0,drift,0.031467852729855555,0.1370682431283927,28,drift,0.02895411802957762,0.06195845438787866,11,drift,0.023301516064352063,0.09103905069331315,23,drift,0.02834736858819856,0.32547879479669406,35,drift,0.020963735540060167,0.1213169657078916,26,drift,0.03312928200340464,0.07587006213211735,12,drift,0.031078252969802354,0.09877598426107148,21,drift,0.037963217035014,0.13777542406222204,25,GA continue|n100 m10 drift lam=0.2|310
h10_elite_migration,QI-MRFO+CXM continue,n100 m10 drift lam=0.2,drift,100,10,301,20000,4000,6.752549171447754,0.0008034395373276679,0.00816349729925642,0.10212345428842498,1.001073008487598,36.0,0.36,0.0,0.08074766921853728,0.2,,0.0008034395373276679,0.012424251864251949,0,drift,0.010254056652535464,0.08681296744213286,33,drift,0.003981425405791666,0.1379523326453726,48,drift,0.005733209547802629,0.07405442496852667,28,drift,0.007772132536630845,0.16022266556614267,47,drift,0.008454501293440692,0.05308539261297722,20,drift,0.009790571117568838,0.08175951361995784,30,drift,0.007024763249756594,0.08782628805529163,36,drift,0.012297318590524634,0.1352740493969984,46,QI-MRFO+CXM continue|n100 m10 drift lam=0.2|301
h10_elite_migration,QI-MRFO+CXM continue,n100 m10 drift lam=0.2,drift,100,10,302,20000,4000,6.729619026184082,0.0005247079719280449,0.007076380608225229,0.10591139950643003,0.9996683339994303,38.875,0.38875000000000004,0.0,0.08535510433505136,0.2,,0.0005247079719280449,0.0052725963407204745,0,drift,0.003005908301846678,0.12660846717548485,55,drift,0.008284972424445832,0.15626851797322,55,drift,0.007993836644765311,0.07722509326689203,30,drift,0.007539523793851636,0.07528934099299958,29,drift,0.009948567807795837,0.08030246171185842,32,drift,0.006125282885541565,0.1767847961142975,53,drift,0.008478330998780457,0.07961718376577298,29,drift,0.005234622008774515,0.07519533505091473,28,QI-MRFO+CXM continue|n100 m10 drift lam=0.2|302
h10_elite_migration,QI-MRFO+CXM continue,n100 m10 drift lam=0.2,drift,100,10,303,20000,4000,7.1335649490356445,0.0005958956312608322,0.006808734708039426,0.12689857669333326,0.9980069647068976,41.0,0.41,0.0,0.0893462191270464,0.2,,0.0005958956312608322,0.02378195724463283,0,drift,0.004194228669705705,0.0968895000702286,41,drift,0.009140549129779374,0.15289074107908018,45,drift,0.00422291834464277,0.11845259576653508,41,drift,0.005520803105533637,0.12741275848261668,44,drift,0.009273997188439395,0.20394509849700795,44,drift,0.004827358654387786,0.13186624840067443,45,drift,0.004176926841256896,0.10924039430101887,41,drift,0.013113095730569846,0.07449127694950433,27,QI-MRFO+CXM continue|n100 m10 drift lam=0.2|303
h10_elite_migration,QI-MRFO+CXM continue,n100 m10 drift lam=0.2,drift,100,10,304,20000,4000,6.808806419372559,0.0007500681960792569,0.008467985988766236,0.12636104242928184,0.9992284664190716,39.375,0.39375,0.0,0.08793269202878176,0.2,,0.0007500681960792569,0.019402401875970005,0,drift,0.006914039893179881,0.14712956986745895,53,drift,0.0044068376886033855,0.07765471602529479,30,drift,0.019947788331176653,0.2787904950753734,57,drift,0.003141179380072614,0.10593513565580422,40,drift,0.007556512880667817,0.09173993736651681,37,drift,0.012370703426230811,0.10202315833481758,32,drift,0.0041565444706623605,0.11457877407527625,37,drift,0.009250281839536358,0.09303655303371286,29,QI-MRFO+CXM continue|n100 m10 drift lam=0.2|304
h10_elite_migration,QI-MRFO+CXM continue,n100 m10 drift lam=0.2,drift,100,10,305,20000,4000,6.7371649742126465,0.0010851257043272605,0.006437837300248286,0.11195205766036921,0.9981890865161904,40.25,0.4025,0.0,0.08745673822947075,0.2,,0.0010851257043272605,0.009438774742326688,0,drift,0.008029357341290535,0.15355622525855797,55,drift,0.005276319244170666,0.07151089366601934,29,drift,0.004605734700793831,0.1569582252338351,49,drift,0.007494319705225574,0.08774927086687795,35,drift,0.006827269250867375,0.09248403538327057,33,drift,0.007903436857848327,0.09152074145350064,36,drift,0.0057039101566364134,0.1339169718141773,45,drift,0.005662351145153567,0.10792009760671482,40,QI-MRFO+CXM continue|n100 m10 drift lam=0.2|305
h10_elite_migration,QI-MRFO+CXM continue,n100 m10 drift lam=0.2,drift,100,10,306,20000,4000,6.613768815994263,0.0003620227974819096,0.011453696665733124,0.11398784806659346,1.0031102712092848,37.875,0.37875000000000003,0.0,0.08799838944617866,0.2,,0.0003620227974819096,0.004717346629877374,0,drift,0.0016612516134284767,0.12422048275822135,48,drift,0.007553769959502815,0.09279371507580397,32,drift,0.017548323019175423,0.1798118993282346,50,drift,0.015463005512797388,0.06624087553471042,22,drift,0.004371235250926883,0.13471128744011435,50,drift,0.004461281660493669,0.10521393493491842,44,drift,0.0166756243146191,0.06162201339358048,19,drift,0.02389508199492124,0.14728857606716408,38,QI-MRFO+CXM continue|n100 m10 drift lam=0.2|306
h10_elite_migration,QI-MRFO+CXM continue,n100 m10 drift lam=0.2,drift,100,10,307,20000,4000,6.896951675415039,0.0009377332923246353,0.006551119807421554,0.10434445069638965,0.9996872573333967,37.125,0.37124999999999997,0.0,0.08126586036659733,0.2,,0.0009377332923246353,0.017166833172085578,0,drift,0.004394185368316773,0.1260701286904645,49,drift,0.014614761538967843,0.10234988174216657,31,drift,0.006527333746324444,0.13950225260256427,47,drift,0.004186076494510945,0.1316566820638888,41,drift,0.006201511189507505,0.10220537711248373,38,drift,0.003442836166770378,0.09378498642910328,38,drift,0.006591921227059052,0.07595645049499804,27,drift,0.006450332727915501,0.06322984643544798,26,QI-MRFO+CXM continue|n100 m10 drift lam=0.2|307
h10_elite_migration,QI-MRFO+CXM continue,n100 m10 drift lam=0.2,drift,100,10,308,20000,4000,6.648818731307983,0.000923051587766865,0.006497667541859005,0.10958364299354265,0.9976520001215057,38.75,0.38749999999999996,0.0,0.0844789181704597,0.2,,0.000923051587766865,0.011074100243266155,0,drift,0.01241623526924909,0.09585745313327305,30,drift,0.0015135671072210332,0.09997342760222612,38,drift,0.008750488708041236,0.08481741361929945,32,drift,0.005054337321147686,0.11116575389517784,38,drift,0.005531392758061346,0.10051878123942146,39,drift,0.004481188089316791,0.12104071450433607,49,drift,0.007846821968649805,0.09722179317943302,35,drift,0.006387309113185054,0.16607380677517414,49,QI-MRFO+CXM continue|n100 m10 drift lam=0.2|308
h10_elite_migration,QI-MRFO+CXM continue,n100 m10 drift lam=0.2,drift,100,10,309,20000,4000,6.841811895370483,0.00021540392440112327,0.00800136136068083,0.1038883147489813,0.9981048874055991,36.25,0.3625,0.0,0.08108916332951663,0.2,,0.00021540392440112327,0.0029424141129715453,0,drift,0.00941875745301206,0.09267733994201365,33,drift,0.01522052600513415,0.1277543657042053,40,drift,0.007166681408677675,0.15835059655672237,49,drift,0.006950710823056824,0.1100782137723467,43,drift,0.008548641784508954,0.07235719406991223,26,drift,0.008343228358844474,0.0928657174343398,31,drift,0.005810711273598048,0.10087904621255829,39,drift,0.002551633778614447,0.07614404429975208,29,QI-MRFO+CXM continue|n100 m10 drift lam=0.2|309
h10_elite_migration,QI-MRFO+CXM continue,n100 m10 drift lam=0.2,drift,100,10,310,20000,4000,6.662106513977051,0.0006800415209223151,0.009332940033362117,0.11305032565461146,1.0017677019383306,38.625,0.38625,0.0,0.08730331268162092,0.2,,0.0006800415209223151,0.01033210185158088,0,drift,0.00613418620025048,0.12123444352451407,49,drift,0.00693294193082116,0.05686745786324651,20,drift,0.009969823930380924,0.09402727565203232,38,drift,0.010685511283510196,0.1905357409574288,43,drift,0.005901132637021989,0.11431190928941143,45,drift,0.007954002714836272,0.09558950851558229,39,drift,0.012411396908816045,0.0872833688611405,32,drift,0.014674524661259871,0.1445529005735356,43,QI-MRFO+CXM continue|n100 m10 drift lam=0.2|310
h10_elite_migration,QI-MRFO+CXM continue+elite,n100 m10 drift lam=0.2,drift,100,10,301,20000,4000,6.792314291000366,0.0008034395373276679,0.009241544744370658,0.09383618875918709,1.0021431314413047,32.125,0.32125,0.0,0.07403602903634328,0.2,,0.0008034395373276679,0.012424251864251949,0,drift,0.0030069854980137234,0.08363072527515489,33,drift,0.008684031666187125,0.11942353975784671,40,drift,0.0200982684032044,0.06888752812984049,21,drift,0.008196010693610962,0.17424614183437215,52,drift,0.011379371740504882,0.05537024750133576,18,drift,0.008998131863215289,0.06297256266020901,22,drift,0.006987310080796448,0.09039373061200112,32,drift,0.006582248009432436,0.09576503430273665,39,QI-MRFO+CXM continue+elite|n100 m10 drift lam=0.2|301
h10_elite_migration,QI-MRFO+CXM continue+elite,n100 m10 drift lam=0.2,drift,100,10,302,20000,4000,6.778946161270142,0.0005247079719280449,0.0076544755078104265,0.09759290310107915,1.000240475176567,34.25,0.3425,0.0,0.07662338456513387,0.2,,0.0005247079719280449,0.0052725963407204745,0,drift,0.0028327017252028647,0.11383690706452967,45,drift,0.006642008626479201,0.13772680211959742,46,drift,0.010246929941410724,0.08575461717574658,32,drift,0.018802656725310302,0.06974514275694263,20,drift,0.002474671811984814,0.06037439097129181,24,drift,0.003943746589141643,0.15110407880594928,46,drift,0.007212852309622107,0.07760837415013815,30,drift,0.00908023633333175,0.08459291176443766,31,QI-MRFO+CXM continue+elite|n100 m10 drift lam=0.2|302
h10_elite_migration,QI-MRFO+CXM continue+elite,n100 m10 drift lam=0.2,drift,100,10,303,20000,4000,6.7636168003082275,0.0005958956312608322,0.007282773185939727,0.10771543478812162,0.9984789327731258,37.625,0.37625,0.0,0.0830827652663215,0.2,,0.0005958956312608322,0.02378195724463283,0,drift,0.01142598369308944,0.09409076166418391,34,drift,0.009940093248451428,0.13684473702604527,45,drift,0.004862079317680028,0.10601132421236846,39,drift,0.006333312749097016,0.13196263697455074,43,drift,0.006754702468638837,0.1288549128000658,41,drift,0.005222859428315297,0.10528296376914,42,drift,0.008208335053233264,0.09709210391741434,34,drift,0.005514819529012511,0.0615840379412045,23,QI-MRFO+CXM continue+elite|n100 m10 drift lam=0.2|303
h10_elite_migration,QI-MRFO+CXM continue+elite,n100 m10 drift lam=0.2,drift,100,10,304,20000,4000,6.788266658782959,0.0007500681960792569,0.006791318546995193,0.1186693995402317,0.9975622326901095,37.125,0.37124999999999997,0.0,0.08152542325055254,0.2,,0.0007500681960792569,0.019402401875970005,0,drift,0.0031880091699444395,0.13757209127987896,49,drift,0.007840569419966314,0.08409847501092933,31,drift,0.00710584232760331,0.2348866819271372,57,drift,0.0052307008198911225,0.16264448286988398,43,drift,0.008690290348689664,0.0867939796013711,32,drift,0.005402457679739675,0.07692376190940003,29,drift,0.008527413867800036,0.08820158275815658,28,drift,0.008345264742326988,0.07823414096509634,28,QI-MRFO+CXM continue+elite|n100 m10 drift lam=0.2|304
h10_elite_migration,QI-MRFO+CXM continue+elite,n100 m10 drift lam=0.2,drift,100,10,305,20000,4000,6.603597164154053,0.0010851257043272605,0.007689849019107308,0.10189379267173998,0.999430377879292,36.75,0.36750000000000005,0.0,0.08176039004176684,0.2,,0.0010851257043272605,0.009438774742326688,0,drift,0.007671024192209481,0.09878310533156043,40,drift,0.006295386044958484,0.060917671071690674,24,drift,0.005416818089240384,0.10888059306216,39,drift,0.012054347468715499,0.11877822063106973,44,drift,0.009618657771947762,0.11278964811541206,39,drift,0.008774377353742521,0.07508752806245833,27,drift,0.004903918019926013,0.12772061853363004,42,drift,0.006784263212118317,0.11219295656593861,39,QI-MRFO+CXM continue+elite|n100 m10 drift lam=0.2|305
h10_elite_migration,QI-MRFO+CXM continue+elite,n100 m10 drift lam=0.2,drift,100,10,306,20000,4000,6.772022485733032,0.0003620227974819096,0.00821587930844791,0.10856673189121072,0.9998989013268206,36.5,0.365,0.0,0.08173388412431462,0.2,,0.0003620227974819096,0.004717346629877374,0,drift,0.002487499326285437,0.12448812608544928,50,drift,0.0057792475490284,0.09145752148837101,38,drift,0.011143696268198326,0.16514963990135204,50,drift,0.013341098971668653,0.06740635198488432,22,drift,0.0054153900314050695,0.13886821587681444,44,drift,0.004964094302819844,0.10948100808204954,33,drift,0.018989508976044144,0.06549633727747334,18,drift,0.003606499042133405,0.10618665443329171,37,QI-MRFO+CXM continue+elite|n100 m10 drift lam=0.2|306
h10_elite_migration,QI-MRFO+CXM continue+elite,n100 m10 drift lam=0.2,drift,100,10,307,20000,4000,6.703307390213013,0.0009377332923246353,0.006450251193521635,0.10565304641907383,0.9995880553711594,36.0,0.36,0.0,0.07892612773153562,0.2,,0.0009377332923246353,0.017166833172085578,0,drift,0.004996424777933472,0.1155766576918994,40,drift,0.008295369491681054,0.08700509720199001,31,drift,0.007726644947828826,0.14480238381099922,46,drift,0.009968004890979631,0.1332231270758369,44,drift,0.004297286353256871,0.09653619288771842,34,drift,0.005424104659583271,0.11986304570922467,40,drift,0.006154366399253218,0.07718922036210199,27,drift,0.004739808027656736,0.07102864661282005,26,QI-MRFO+CXM continue+elite|n100 m10 drift lam=0.2|307
h10_elite_migration,QI-MRFO+CXM continue+elite,n100 m10 drift lam=0.2,drift,100,10,308,20000,4000,6.554926872253418,0.000923051587766865,0.007812789001024242,0.1158152207616429,0.9989557140698766,38.25,0.3825,0.0,0.0848889484922149,0.2,,0.000923051587766865,0.011074100243266155,0,drift,0.01241623526924909,0.09585745313327305,30,drift,0.0015135671072210332,0.09997342760222612,38,drift,0.006192795646859932,0.09539094493410102,35,drift,0.010802847525421946,0.16829509119671604,44,drift,0.003977297274951966,0.11638155538565467,44,drift,0.00854348959025603,0.10446310432601728,36,drift,0.012629194589325763,0.08258765817734609,31,drift,0.006426885004908176,0.1635725313378089,48,QI-MRFO+CXM continue+elite|n100 m10 drift lam=0.2|308
h10_elite_migration,QI-MRFO+CXM continue+elite,n100 m10 drift lam=0.2,drift,100,10,309,20000,4000,6.775840997695923,0.00021540392440112327,0.00864756462999079,0.1005632968094316,0.9987459461259242,35.5,0.355,0.0,0.0802186751582412,0.2,,0.00021540392440112327,0.0029424141129715453,0,drift,0.0033189277134391586,0.08796089204122215,33,drift,0.006384000661308703,0.14829589519219255,54,drift,0.004557762953288284,0.11024026684750186,42,drift,0.010374554024412496,0.09386082159074163,30,drift,0.008784122948488918,0.0940952138208782,34,drift,0.0139306178395612,0.09215705615512003,31,drift,0.006779089572498915,0.10501423481128748,37,drift,0.015051441326928653,0.07288199401650888,23,QI-MRFO+CXM continue+elite|n100 m10 drift lam=0.2|309
h10_elite_migration,QI-MRFO+CXM continue+elite,n100 m10 drift lam=0.2,drift,100,10,310,20000,4000,6.7038257122039795,0.0006800415209223151,0.008030875649401536,0.105590835018691,1.0004725487284645,38.0,0.38,0.0,0.08461264186150474,0.2,,0.0006800415209223151,0.01033210185158088,0,drift,0.00613418620025048,0.12123444352451407,49,drift,0.009245668295775658,0.05842453400900612,22,drift,0.012563717470405848,0.09466603380585191,33,drift,0.005139383011609385,0.166962750303168,58,drift,0.010764462641975432,0.09613966977900981,35,drift,0.00539472532165745,0.09455078360084689,37,drift,0.0069482484610136185,0.07442647796324042,27,drift,0.008056613792524425,0.1383219871638908,43,QI-MRFO+CXM continue+elite|n100 m10 drift lam=0.2|310
h10_elite_migration,(1+1)-EA+CXM continue,n100 m10 drift lam=1.0,drift,100,10,301,20000,4000,1.5217053890228271,0.0007944499825693696,0.14891176568767228,0.3110484085063269,1.140826385466965,10.875,0.10874999999999999,0.0,0.2706727761335996,1.0,,0.0007944499825693696,0.01980602025392085,0,drift,0.24384493004819774,0.26901843387979574,2,drift,0.09190452000226661,0.440957394923027,22,drift,0.04087202734033098,0.21124701227629514,12,drift,0.2654511434645544,0.3629857660464217,5,drift,0.16543114371671994,0.36563669340201294,12,drift,0.20684246818594246,0.34504084627676485,11,drift,0.1312424723728696,0.28547990898700787,9,drift,0.045705420370496436,0.20802121225929013,14,(1+1)-EA+CXM continue|n100 m10 drift lam=1.0|301
h10_elite_migration,(1+1)-EA+CXM continue,n100 m10 drift lam=1.0,drift,100,10,302,20000,4000,1.3971152305603027,0.0005847501359411637,0.049681260881337855,0.22982896169066142,1.0419483139139407,13.0,0.13,0.0,0.18655017625331843,1.0,,0.0005847501359411637,0.009146323098066275,0,drift,0.11525159416451985,0.28050098857791705,13,drift,0.03436492533250605,0.31823803136062195,20,drift,0.017758468945570916,0.1506835706882671,10,drift,0.05870325296216249,0.20160167435820234,11,drift,0.016237544310336575,0.18206842399368314,13,drift,0.08912839713476818,0.3919063882512302,18,drift,0.02424549602283362,0.11870915491982081,7,drift,0.04176040817800516,0.19492346137554895,12,(1+1)-EA+CXM continue|n100 m10 drift lam=1.0|302
h10_elite_migration,(1+1)-EA+CXM continue,n100 m10 drift lam=1.0,drift,100,10,303,20000,4000,1.5195088386535645,0.0010572604081618454,0.07524951374479417,0.328136994792701,1.0658661006759895,18.25,0.1825,0.0,0.27116994224341695,1.0,,0.0010572604081618454,0.025301005100177666,0,drift,0.018903593265564664,0.20948805050360517,14,drift,0.06757417809367518,0.3269595688554227,20,drift,0.007484024444377594,0.28968513033899296,23,drift,0.14452909747736215,0.42353701783665537,20,drift,0.1713911910878697,0.4491469909585642,19,drift,0.009623734546098306,0.34670660992188335,21,drift,0.1383910022497867,0.35935928772908216,14,drift,0.04409928879361904,0.22021330219740165,15,(1+1)-EA+CXM continue|n100 m10 drift lam=1.0|303
h10_elite_migration,(1+1)-EA+CXM continue,n100 m10 drift lam=1.0,drift,100,10,304,20000,4000,1.450774908065796,0.0006037870269129456,0.10480656081867204,0.432537708127005,1.0947326876941506,19.625,0.19624999999999998,0.0,0.32511845127286665,1.0,,0.0006037870269129456,0.009703738369008846,0,drift,0.03830719630790246,0.3950571911514943,21,drift,0.06732100059524371,0.29999523774296827,18,drift,0.3046030814489037,0.6980297274626577,23,drift,0.30939045453281855,0.8982094582860338,26,drift,0.0884159070010979,0.45327953147925637,19,drift,0.008360379680941958,0.2813199297272811,18,drift,0.011268236018906079,0.2433148147779807,16,drift,0.010786230963562026,0.19109577438836725,16,(1+1)-EA+CXM continue|n100 m10 drift lam=1.0|304
h10_elite_migration,(1+1)-EA+CXM continue,n100 m10 drift lam=1.0,drift,100,10,305,20000,4000,1.4554250240325928,0.0006357534804457774,0.07528780775386293,0.332374114585332,1.0664962652508203,19.0,0.19,0.0,0.2774277596464949,1.0,,0.0006357534804457774,0.023400173272238315,0,drift,0.12672903411181222,0.2857954172181407,12,drift,0.031513410091930885,0.21001220663563358,14,drift,0.1139515831583724,0.42722036895140897,16,drift,0.005984925087775003,0.25343840538262796,21,drift,0.007913550419327271,0.35022555058461313,29,drift,0.13452656188759168,0.22328359866268538,7,drift,0.06445993906024892,0.44337534151887126,30,drift,0.11722345821384514,0.46564202772867513,23,(1+1)-EA+CXM continue|n100 m10 drift lam=1.0|305
h10_elite_migration,(1+1)-EA+CXM continue,n100 m10 drift lam=1.0,drift,100,10,306,20000,4000,1.5813961029052734,0.00022357229419423736,0.03968996230562226,0.2730302765098063,1.0311218448103163,17.0,0.16999999999999998,0.0,0.21650254516860107,1.0,,0.00022357229419423736,0.006291693778161626,0,drift,0.026666285588718943,0.3650720283616254,22,drift,0.013360711583074631,0.22867857790775895,18,drift,0.09454716013683824,0.3719706824578744,20,drift,0.04306834382989544,0.1938079353504084,11,drift,0.0230512186057493,0.2962862403682705,19,drift,0.04016280157980985,0.30765156633541874,19,drift,0.016130649147838048,0.17958938908437447,13,drift,0.06053252797305361,0.24118579221271977,14,(1+1)-EA+CXM continue|n100 m10 drift lam=1.0|306
h10_elite_migration,(1+1)-EA+CXM continue,n100 m10 drift lam=1.0,drift,100,10,307,20000,4000,1.4749565124511719,0.0003651439638693392,0.056595705870586266,0.32748090669605234,1.049440641724848,19.25,0.1925,0.0,0.25896543266672756,1.0,,0.0003651439638693392,0.024446273730850863,0,drift,0.004966869708540211,0.4373594347516824,32,drift,0.010387036917670962,0.24787228692182134,22,drift,0.09289981296484595,0.3380461379629776,19,drift,0.17767747234779385,0.5850603635521254,21,drift,0.015270326659009528,0.44405569259034594,26,drift,0.09866381518294902,0.23516280341818835,10,drift,0.02321666921441811,0.16494795449692704,13,drift,0.02968364396946252,0.16734257987435044,11,(1+1)-EA+CXM continue|n100 m10 drift lam=1.0|307
h10_elite_migration,(1+1)-EA+CXM continue,n100 m10 drift lam=1.0,drift,100,10,308,20000,4000,1.4460351467132568,0.0007917903286255392,0.028878886968854774,0.29814458354563117,1.0198435452780161,20.5,0.20500000000000002,0.0,0.23896141412942573,1.0,,0.0007917903286255392,0.01198700297164036,0,drift,0.005230505032469635,0.21575467489708444,20,drift,0.013766823346145306,0.2197016846787845,16,drift,0.015423197436377647,0.347116443345211,25,drift,0.08877889159364578,0.37265757954194895,17,drift,0.01468457394844596,0.2200230157303109,17,drift,0.02148924403530244,0.2609714736996719,21,drift,0.061937074233774994,0.21218863321981582,13,drift,0.009720786124676447,0.5367431632522219,35,(1+1)-EA+CXM continue|n100 m10 drift lam=1.0|308
h10_elite_migration,(1+1)-EA+CXM continue,n100 m10 drift lam=1.0,drift,100,10,309,20000,4000,1.4665918350219727,0.0005400188734899088,0.03448460284961044,0.2721247274672246,1.024331966016705,18.625,0.18625,0.0,0.22638901154082341,1.0,,0.0005400188734899088,0.007028549691646947,0,drift,0.013174695945890255,0.3210568552626565,27,drift,0.07380042404725855,0.2935486364706389,14,drift,0.07359314562170013,0.3283793264235276,18,drift,0.02118834210109831,0.2786701191808637,19,drift,0.004149312646467633,0.2714314914090424,24,drift,0.019511111822518468,0.16038501579120315,11,drift,0.06441870529260589,0.25910144063021345,15,drift,0.006041085319344305,0.2644249345696515,21,(1+1)-EA+CXM continue|n100 m10 drift lam=1.0|309
h10_elite_migration,(1+1)-EA+CXM continue,n100 m10 drift lam=1.0,drift,100,10,310,20000,4000,1.3802974224090576,0.0007771588942188509,0.11975689342249309,0.35015679406604916,1.1113758246571726,15.5,0.155,0.0,0.28601885984795833,1.0,,0.0007771588942188509,0.0152880908355526,0,drift,0.01178179966988556,0.31047521660275235,24,drift,0.03428725415765964,0.12712333801463543,7,drift,0.08098223826156963,0.19276466046102944,9,drift,0.6911535072255203,0.8672192915696434,7,drift,0.02691905980915665,0.5754678656450074,28,drift,0.015967729984677468,0.21079105423264377,16,drift,0.013951955983742078,0.15080468142113745,12,drift,0.0830116022877334,0.3666082445815438,21,(1+1)-EA+CXM continue|n100 m10 drift lam=1.0|310
h10_elite_migration,Chooser (cheaper of the two),n100 m10 drift lam=1.0,drift,100,10,301,20000,4000,0.023830890655517578,0.0064713761837668785,0.3405711047883747,0.5470025592712728,1.3311749465708105,20.5,0.20500000000000002,0.0,0.5470025592712728,1.0,,0.0064713761837668785,0.0064713761837668785,0,drift,0.2994275471911736,0.2994275471911736,0,drift,0.006696728223206165,0.8422550126484674,83,drift,0.27751518209406073,0.27751518209406073,0,drift,0.7825572660015002,0.7825572660015002,0,drift,0.007275742515955573,0.8231690939538798,81,drift,0.23069139405174657,0.23069139405174657,0,drift,0.396399899810336,0.396399899810336,0,drift,0.7240050784190185,0.7240050784190185,0,Chooser (cheaper of the two)|n100 m10 drift lam=1.0|301
h10_elite_migration,Chooser (cheaper of the two),n100 m10 drift lam=1.0,drift,100,10,302,20000,4000,0.02278304100036621,0.01058388271372133,0.3716713761672348,0.6901437770219748,1.361417803204428,31.625,0.31625,0.0,0.6901437770219748,1.0,,0.01058388271372133,0.01058388271372133,0,drift,0.8123057001888414,0.8123057001888414,0,drift,0.007113875056105715,0.933658640107723,92,drift,0.5416891456849972,0.5416891456849972,0,drift,0.6659913167024033,0.6659913167024033,0,drift,0.004490933675912906,0.8382184086269208,83,drift,0.5915028321401289,0.5915028321401289,0,drift,0.009624316455506385,0.7971312832908013,78,drift,0.3406528894339824,0.3406528894339824,0,Chooser (cheaper of the two)|n100 m10 drift lam=1.0|302
h10_elite_migration,Chooser (cheaper of the two),n100 m10 drift lam=1.0,drift,100,10,303,20000,4000,0.023485422134399414,0.008481513833635353,0.3497426698458472,0.7621924026354967,1.3379665736332846,40.875,0.40875,0.0,0.7621924026354967,1.0,,0.008481513833635353,0.008481513833635353,0,drift,0.7145614372642702,0.7145614372642702,0,drift,0.006341763683947859,0.831542009904785,82,drift,0.01063150973278995,0.8494556628110057,83,drift,0.7128668750640977,0.7128668750640977,0,drift,0.009442115635044199,0.847279071612131,83,drift,0.009793046887413608,0.8075295539284706,79,drift,0.5582997429913107,0.5582997429913107,0,drift,0.776004867507903,0.776004867507903,0,Chooser (cheaper of the two)|n100 m10 drift lam=1.0|303
h10_elite_migration,Chooser (cheaper of the two),n100 m10 drift lam=1.0,drift,100,10,304,20000,4000,0.022995471954345703,0.011182541500880099,0.14030142117480368,0.7186814291932142,1.129427609850692,57.375,0.57375,0.0,0.7186814291932142,1.0,,0.011182541500880099,0.011182541500880099,0,drift,0.006006773311285872,0.9214729370245562,91,drift,0.5602813961692205,0.5602813961692205,0,drift,0.006223208221384301,0.8615129352095611,85,drift,0.009734539882366227,0.8074248263894356,79,drift,0.5130083820811577,0.5130083820811577,0,drift,0.011567023961351787,0.6893169300154575,67,drift,0.006527334185268953,0.6305742813801357,62,drift,0.009062711586394148,0.7658597452761897,75,Chooser (cheaper of the two)|n100 m10 drift lam=1.0|304
h10_elite_migration,Chooser (cheaper of the two),n100 m10 drift lam=1.0,drift,100,10,305,20000,4000,0.027164697647094727,0.008223312381346173,0.2663680159565265,0.5703498130981298,1.2560163768100892,30.125,0.30125,0.0,0.5703498130981298,1.0,,0.008223312381346173,0.008223312381346173,0,drift,0.007805555164078385,0.7938938881920595,78,drift,0.26710062716655303,0.26710062716655303,0,drift,0.496261493979396,0.496261493979396,0,drift,0.3396248976623431,0.3396248976623431,0,drift,0.010665670536387105,0.819198206965497,80,drift,0.2721772716888388,0.2721772716888388,0,drift,0.008715069488838309,0.8459485771645742,83,drift,0.7285935419657773,0.7285935419657773,0,Chooser (cheaper of the two)|n100 m10 drift lam=1.0|305
h10_elite_migration,Chooser (cheaper of the two),n100 m10 drift lam=1.0,drift,100,10,306,20000,4000,0.0219419002532959,0.011498194450387201,0.3523505753444303,0.673279711669812,1.3408440187214068,31.875,0.31875,0.0,0.673279711669812,1.0,,0.011498194450387201,0.011498194450387201,0,drift,0.7111356883975014,0.7111356883975014,0,drift,0.010543232720450135,0.9099267098416507,89,drift,0.005125701965241611,0.8494312916160445,84,drift,0.2529509660611938,0.2529509660611938,0,drift,0.00456588272079347,0.828309906551844,82,drift,0.6153604587494698,0.6153604587494698,0,drift,0.5129279810004348,0.5129279810004348,0,drift,0.7061946911403576,0.7061946911403576,0,Chooser (cheaper of the two)|n100 m10 drift lam=1.0|306
h10_elite_migration,Chooser (cheaper of the two),n100 m10 drift lam=1.0,drift,100,10,307,20000,4000,0.023978710174560547,0.005184865225037136,0.2844396977114525,0.5907881877059871,1.2759836493414356,30.375,0.30374999999999996,0.0,0.5907881877059871,1.0,,0.005184865225037136,0.005184865225037136,0,drift,0.009455400649989225,0.9078707072284797,89,drift,0.5623713219266409,0.5623713219266409,0,drift,0.005942438025816785,0.8106963884464704,80,drift,0.70231001313175,0.70231001313175,0,drift,0.01029549048261182,0.7579141534397444,74,drift,0.37759029373198316,0.37759029373198316,0,drift,0.198823726215465,0.198823726215465,0,drift,0.408728897527363,0.408728897527363,0,Chooser (cheaper of the two)|n100 m10 drift lam=1.0|307
h10_elite_migration,Chooser (cheaper of the two),n100 m10 drift lam=1.0,drift,100,10,308,20000,4000,0.02506709098815918,0.009829057547112767,0.3472328341117182,0.7656155762037613,1.3351496856787688,41.5,0.415,0.0,0.7656155762037613,1.0,,0.009829057547112767,0.009829057547112767,0,drift,0.6461078580796372,0.6461078580796372,0,drift,0.010273362185270378,0.8589029864208972,84,drift,0.7596491526010916,0.7596491526010916,0,drift,0.009056461285361863,0.826392194926505,81,drift,0.007227907048130773,0.8230825117571168,81,drift,0.7285167649845621,0.7285167649845621,0,drift,0.6109358479299367,0.6109358479299367,0,drift,0.006095318779754732,0.8713372929303438,86,Chooser (cheaper of the two)|n100 m10 drift lam=1.0|308
h10_elite_migration,Chooser (cheaper of the two),n100 m10 drift lam=1.0,drift,100,10,309,20000,4000,0.023020505905151367,0.01350451577407029,0.40407606499424803,0.7435960541623818,1.3902817988970604,33.625,0.33625,0.0,0.7435960541623818,1.0,,0.01350451577407029,0.01350451577407029,0,drift,0.7150429817021835,0.7150429817021835,0,drift,0.011722849442111077,0.9627423279176955,94,drift,0.009849361339662964,0.8682213184783766,85,drift,0.7385655274763168,0.7385655274763168,0,drift,0.39823333516642717,0.39823333516642717,0,drift,0.6812764399426328,0.6812764399426328,0,drift,0.007520530811969698,0.9142890085427424,90,drift,0.6703974940726802,0.6703974940726802,0,Chooser (cheaper of the two)|n100 m10 drift lam=1.0|309
h10_elite_migration,Chooser (cheaper of the two),n100 m10 drift lam=1.0,drift,100,10,310,20000,4000,0.023327350616455078,0.004135430617277745,0.5280272180519168,0.7407813476664502,1.5165772860842535,21.125,0.21125,0.0,0.7407813476664502,1.0,,0.004135430617277745,0.004135430617277745,0,drift,0.7657818134712241,0.7657818134712241,0,drift,0.8820470379391411,0.8820470379391411,0,drift,0.7821671319947262,0.7821671319947262,0,drift,0.007411488508941653,0.8939335983968103,88,drift,0.5912058268910743,0.5912058268910743,0,drift,0.43306563433910084,0.43306563433910084,0,drift,0.7557351976558201,0.7557351976558201,0,drift,0.006803613615306386,0.8223145406437045,81,Chooser (cheaper of the two)|n100 m10 drift lam=1.0|310
h10_elite_migration,GA continue,n100 m10 drift lam=1.0,drift,100,10,301,20000,4000,2.1599080562591553,0.011938736375147578,0.09026027945753097,0.2231870139197876,1.0826144131800797,9.125,0.09125000000000001,0.0,0.18905352384156177,1.0,,0.011938736375147578,0.05744306001563476,0,drift,0.06835640553184498,0.1847696779904944,9,drift,0.06654222691040913,0.3759714352161975,18,drift,0.029625234048189193,0.15889484199452966,9,drift,0.19179161838305858,0.28948038022621453,6,drift,0.06084662593223798,0.17668401882357343,10,drift,0.0937049135987664,0.182945541480183,6,drift,0.05616647464233642,0.1594018867647622,7,drift,0.15504873661340507,0.257348328862346,8,GA continue|n100 m10 drift lam=1.0|301
h10_elite_migration,GA continue,n100 m10 drift lam=1.0,drift,100,10,302,20000,4000,2.1414151191711426,0.013343169677647456,0.09282616056287918,0.2678866143219605,1.084811904139116,11.75,0.11750000000000001,0.0,0.22086166405988647,1.0,,0.013343169677647456,0.036908306114355444,0,drift,0.04672542393591985,0.24435221212511096,15,drift,0.29923390494316787,0.4496645176689385,9,drift,0.06041546856942138,0.3771814929818874,22,drift,0.039701646664785595,0.18403575634647754,10,drift,0.055540218436783875,0.13069244367322583,5,drift,0.133578108589852,0.4102083702622557,16,drift,0.03399258237699064,0.1498873777616465,9,drift,0.07342193098611223,0.19707074375614148,8,GA continue|n100 m10 drift lam=1.0|302
h10_elite_migration,GA continue,n100 m10 drift lam=1.0,drift,100,10,303,20000,4000,2.2230024337768555,0.015183178216340744,0.15242647514718652,0.33667142475556056,1.1423617814098823,11.125,0.11125,0.0,0.27965941426926383,1.0,,0.015183178216340744,0.05159998247577159,0,drift,0.10557957483665878,0.203161558122944,7,drift,0.1653231810831944,0.23775703398010492,5,drift,0.14543586458062696,0.3275221609847812,13,drift,0.18132539481645146,0.5181798611333152,19,drift,0.30984223563747526,0.49951142796316417,8,drift,0.05912578397201078,0.3748159903080164,18,drift,0.1859700317781972,0.3085735046257604,9,drift,0.06680973447287714,0.22384986092639775,10,GA continue|n100 m10 drift lam=1.0|303
h10_elite_migration,GA continue,n100 m10 drift lam=1.0,drift,100,10,304,20000,4000,2.026937484741211,0.014925746594301471,0.12796992888506706,0.4042346432247165,1.1176709004822678,12.0,0.12000000000000001,0.0,0.2658948982833894,1.0,,0.014925746594301471,0.045784041999774636,0,drift,0.06236769171799311,0.2903190242273565,14,drift,0.08039547604965021,0.21254518055070132,9,drift,0.25681976765501496,0.6506603803418043,16,drift,0.32083834756817764,0.6853352863665124,17,drift,0.12949620795165712,0.4392486162376374,11,drift,0.048372623569077275,0.39583102669944914,10,drift,0.08932043443635823,0.3383890341915465,11,drift,0.036148882132607967,0.22154859718272432,8,GA continue|n100 m10 drift lam=1.0|304
h10_elite_migration,GA continue,n100 m10 drift lam=1.0,drift,100,10,305,20000,4000,2.1130337715148926,0.012517337425278385,0.09357415925613011,0.26050960316758276,1.0845941841927211,10.75,0.1075,0.0,0.2126303282253813,1.0,,0.012517337425278385,0.048858146460174175,0,drift,0.06278757921947856,0.2228610817194256,11,drift,0.06298962424530885,0.11366720549456577,4,drift,0.06295869254496261,0.23180966844278106,11,drift,0.05147046107305572,0.1574641640982077,8,drift,0.07253449409235131,0.24536442182910287,13,drift,0.10453846487566719,0.1784937278740822,4,drift,0.15787548844822893,0.4345418309647323,15,drift,0.17343846954998782,0.4998747249177644,20,GA continue|n100 m10 drift lam=1.0|305
h10_elite_migration,GA continue,n100 m10 drift lam=1.0,drift,100,10,306,20000,4000,2.1999785900115967,0.014569156915683546,0.057233211254309885,0.25126019846106534,1.0485269387609562,13.375,0.13375,0.0,0.19863438991422422,1.0,,0.014569156915683546,0.027101664553981566,0,drift,0.05068505032825545,0.30487946963678014,19,drift,0.041539244912186635,0.1941359858710184,10,drift,0.068912502009329,0.412324212552085,21,drift,0.04549556663614005,0.12296527107647688,7,drift,0.06563140843695589,0.356081053905688,18,drift,0.03182581561433446,0.229415876146933,12,drift,0.045854764477104536,0.17911966482930158,12,drift,0.10792133762017303,0.21116005367023977,8,GA continue|n100 m10 drift lam=1.0|306
h10_elite_migration,GA continue,n100 m10 drift lam=1.0,drift,100,10,307,20000,4000,2.0464718341827393,0.011931567065867007,0.0744001087039374,0.27776223754628715,1.067111583587797,13.75,0.1375,0.0,0.22257260030490567,1.0,,0.011931567065867007,0.05040881819828238,0,drift,0.03290465904351721,0.34507626279586384,18,drift,0.04444637378652956,0.189075141295249,11,drift,0.10838925203083592,0.3078126328992046,15,drift,0.1871581055776321,0.43514655611191555,16,drift,0.05306273722997585,0.40817435980701655,19,drift,0.07872744828856612,0.21735559958331033,12,drift,0.04052761485816356,0.1325882025997066,7,drift,0.04998467881627885,0.18686914527803075,12,GA continue|n100 m10 drift lam=1.0|307
h10_elite_migration,GA continue,n100 m10 drift lam=1.0,drift,100,10,308,20000,4000,2.087047815322876,0.017129267264258397,0.12680152196875263,0.28304501159534545,1.1169858110861768,10.125,0.10125,0.0,0.2432008507633417,1.0,,0.017129267264258397,0.05953833328136455,0,drift,0.10253610597351367,0.1983542031299877,7,drift,0.04506133811151258,0.19564483510461247,9,drift,0.1029117413800633,0.2788001940674908,12,drift,0.18990586250709068,0.32971090466931424,9,drift,0.11501740651631044,0.2249075212830453,8,drift,0.0829171213202965,0.1589535011765331,6,drift,0.02245069787767666,0.168600094263352,12,drift,0.35361190206355725,0.7093888390684279,18,GA continue|n100 m10 drift lam=1.0|308
h10_elite_migration,GA continue,n100 m10 drift lam=1.0,drift,100,10,309,20000,4000,2.063436269760132,0.0121631558151105,0.08032588396342312,0.24097623723477507,1.0697382299182092,11.125,0.11125,0.0,0.2007389320573855,1.0,,0.0121631558151105,0.035984273028589454,0,drift,0.0590605644480867,0.20840672982545558,10,drift,0.055175929669012656,0.2959658205627978,15,drift,0.17263940645974218,0.39666252204853497,14,drift,0.0855675396421874,0.25547562605324975,13,drift,0.03820494658587092,0.1812530388529172,10,drift,0.04481149320241605,0.13525768263825336,7,drift,0.12429653841792367,0.22017168571958606,7,drift,0.06285065328214541,0.2346167921774058,13,GA continue|n100 m10 drift lam=1.0|309
h10_elite_migration,GA continue,n100 m10 drift lam=1.0,drift,100,10,310,20000,4000,2.0242834091186523,0.010962395995608108,0.09802140350843526,0.29217650427635045,1.0898120908198035,13.5,0.135,0.0,0.2460452572547911,1.0,,0.010962395995608108,0.042622125564483526,0,drift,0.05965709081270211,0.2723204326137609,14,drift,0.05465332138765124,0.1059187858640445,4,drift,0.04611700216937068,0.16569131542039195,10,drift,0.5124990650400781,0.7948467690238395,14,drift,0.01156973908420804,0.3310715123893611,22,drift,0.03080357834644672,0.21395323063489616,15,drift,0.03165775160146777,0.17623441412404448,12,drift,0.03721367962555744,0.2773755741404647,17,GA continue|n100 m10 drift lam=1.0|310
h10_elite_migration,QI-MRFO+CXM continue,n100 m10 drift lam=1.0,drift,100,10,301,20000,4000,7.067145586013794,0.0008034395373276679,0.031758690885343284,0.2391728428563832,1.0245063802113368,17.0,0.16999999999999998,0.0,0.2070245846441769,1.0,,0.0008034395373276679,0.012424251864251949,0,drift,0.019460898318159902,0.188404552574992,14,drift,0.03453717658590365,0.3125981646490821,22,drift,0.030483332704529995,0.2164911195383595,16,drift,0.007306958532274941,0.3470864300826792,28,drift,0.025001974994970488,0.12517618820803358,9,drift,0.03480082783391734,0.18711319229886414,12,drift,0.03386670985399891,0.22064212664133817,16,drift,0.06861164825899106,0.3158709688577171,19,QI-MRFO+CXM continue|n100 m10 drift lam=1.0|301
h10_elite_migration,QI-MRFO+CXM continue,n100 m10 drift lam=1.0,drift,100,10,302,20000,4000,6.770392656326294,0.0005247079719280449,0.070428476591814,0.23926944669341715,1.0626007170273442,13.125,0.13125,0.0,0.21070829946787273,1.0,,0.0005247079719280449,0.0052725963407204745,0,drift,0.057855443770077855,0.27235555557790553,17,drift,0.021258810857858492,0.33174302001549383,25,drift,0.015501021743358755,0.1595254710345978,12,drift,0.0585774653733506,0.16846277519041317,9,drift,0.09262235976917128,0.16168334493973857,5,drift,0.26455867138515815,0.4877004070052412,15,drift,0.016801884025057803,0.16724128746760067,12,drift,0.03625215581047916,0.16544371231634647,10,QI-MRFO+CXM continue|n100 m10 drift lam=1.0|302
h10_elite_migration,QI-MRFO+CXM continue,n100 m10 drift lam=1.0,drift,100,10,303,20000,4000,6.814889907836914,0.0005958956312608322,0.04950885093077108,0.2933879600384235,1.04034175798234,19.25,0.1925,0.0,0.2496610750825964,1.0,,0.0005958956312608322,0.02378195724463283,0,drift,0.025916920228792405,0.2722358544860928,21,drift,0.08330256475740642,0.3152496896339792,18,drift,0.018770231353216073,0.3180766664517322,24,drift,0.013775980135042661,0.3760582206793961,27,drift,0.1656915372174174,0.3255394683434277,12,drift,0.019315210758869533,0.3239982650675276,22,drift,0.018226872053000335,0.2529539031973937,21,drift,0.051071490942423865,0.16299161244783866,9,QI-MRFO+CXM continue|n100 m10 drift lam=1.0|303
h10_elite_migration,QI-MRFO+CXM continue,n100 m10 drift lam=1.0,drift,100,10,304,20000,4000,6.617109537124634,0.0007500681960792569,0.03866544450030834,0.3086728948750013,1.0291695062650992,20.0,0.2,0.0,0.24695055672644803,1.0,,0.0007500681960792569,0.019402401875970005,0,drift,0.045670788316124145,0.4704600500468725,30,drift,0.01834573831889985,0.24152391107029042,18,drift,0.05896799307030487,0.4818298017534481,30,drift,0.08032943278169692,0.45518127041996564,22,drift,0.010950709044075345,0.246364266269025,19,drift,0.025420437654384523,0.23566133682341672,18,drift,0.019815613482435098,0.17995426805469347,14,drift,0.04982284333454596,0.15840825456229882,9,QI-MRFO+CXM continue|n100 m10 drift lam=1.0|304
h10_elite_migration,QI-MRFO+CXM continue,n100 m10 drift lam=1.0,drift,100,10,305,20000,4000,6.906828165054321,0.0010851257043272605,0.04893568738036506,0.3026265361231426,1.0403445078425424,18.875,0.18875,0.0,0.24632646314991777,1.0,,0.0010851257043272605,0.009438774742326688,0,drift,0.012993343529465509,0.3301071979068892,25,drift,0.059762855384128656,0.1585190045728082,8,drift,0.11250355962570871,0.3417553482712524,17,drift,0.018300722636571343,0.21652184650454004,18,drift,0.033190012991669765,0.2956299704173545,20,drift,0.034442117987599864,0.19846431488038116,13,drift,0.09154135627256496,0.3985555914787692,21,drift,0.028751530615211653,0.4814590149531459,29,QI-MRFO+CXM continue|n100 m10 drift lam=1.0|305
h10_elite_migration,QI-MRFO+CXM continue,n100 m10 drift lam=1.0,drift,100,10,306,20000,4000,6.803718328475952,0.0003620227974819096,0.07162409832215319,0.30113839488170324,1.0628306155879765,17.625,0.17625,0.0,0.2600809422218008,1.0,,0.0003620227974819096,0.004717346629877374,0,drift,0.06451554309706034,0.35961995364638305,23,drift,0.03469839769385044,0.20000817326900316,12,drift,0.10225779135865903,0.4370304011422657,25,drift,0.07179868944576527,0.15681223420686485,7,drift,0.13330681720505327,0.4159609465745221,20,drift,0.01239777374611847,0.35508047294585865,25,drift,0.01941786342581999,0.22054142626819853,18,drift,0.13459991060489865,0.26405355100052974,11,QI-MRFO+CXM continue|n100 m10 drift lam=1.0|306
h10_elite_migration,QI-MRFO+CXM continue,n100 m10 drift lam=1.0,drift,100,10,307,20000,4000,6.858729839324951,0.0009377332923246353,0.05775786277181067,0.3026507209562645,1.0505956807153822,18.25,0.1825,0.0,0.25044166071301094,1.0,,0.0009377332923246353,0.017166833172085578,0,drift,0.006371151350181992,0.39363801400872817,33,drift,0.023551824889366964,0.2567103204579413,17,drift,0.16745376326156078,0.36087058632678654,12,drift,0.12554022649874835,0.5701745837920458,30,drift,0.010131818652852804,0.29838952279714603,20,drift,0.0709950248155877,0.24850470862999813,14,drift,0.02100941317638922,0.14493172898037834,11,drift,0.03700967952979756,0.14798630265709192,9,QI-MRFO+CXM continue|n100 m10 drift lam=1.0|307
h10_elite_migration,QI-MRFO+CXM continue,n100 m10 drift lam=1.0,drift,100,10,308,20000,4000,6.696484804153442,0.000923051587766865,0.029444404943288434,0.29630134984497536,1.0203860866603036,21.375,0.21375,0.0,0.2492715384172302,1.0,,0.000923051587766865,0.011074100243266155,0,drift,0.03644969265694703,0.31913476996163626,20,drift,0.02042475575514351,0.21030805656869853,16,drift,0.02360647090402048,0.30796207278161225,26,drift,0.08750016244104299,0.4030512833198703,23,drift,0.009664430899729133,0.20815502776110648,17,drift,0.018031337288274794,0.25198915737288685,19,drift,0.03467581386956029,0.206355795349282,14,drift,0.005202575731589274,0.4634546356447101,36,QI-MRFO+CXM continue|n100 m10 drift lam=1.0|308
h10_elite_migration,QI-MRFO+CXM continue,n100 m10 drift lam=1.0,drift,100,10,309,20000,4000,6.553285121917725,0.00021540392440112327,0.04741529902349517,0.26487954782464856,1.0371087704959983,17.25,0.1725,0.0,0.22795098973828493,1.0,,0.00021540392440112327,0.0029424141129715453,0,drift,0.05927263218468866,0.294810206119886,19,drift,0.1321730046053603,0.3237841049929761,15,drift,0.03938303672248516,0.3115818751685847,21,drift,0.05308002301260509,0.27864977342547603,16,drift,0.021506497833429672,0.20545146023722072,15,drift,0.017486473696826665,0.22738811718883978,17,drift,0.016135975665924427,0.2264858749226589,16,drift,0.04028474846664145,0.2508849705415464,19,QI-MRFO+CXM continue|n100 m10 drift lam=1.0|309
h10_elite_migration,QI-MRFO+CXM continue,n100 m10 drift lam=1.0,drift,100,10,310,20000,4000,6.668987512588501,0.0006800415209223151,0.03040903195062341,0.2659509067418079,1.022690946634857,19.25,0.1925,0.0,0.22751345657167021,1.0,,0.0006800415209223151,0.01033210185158088,0,drift,0.025428142393770295,0.2881644749154426,22,drift,0.01707994030334966,0.11663170369228937,9,drift,0.052049171775588494,0.2593861810112175,18,drift,0.009331802811036799,0.43832664238160945,33,drift,0.019782900135657252,0.2556507687328156,19,drift,0.02148630128616122,0.21077304002478459,17,drift,0.08813838104532792,0.19228650117511842,8,drift,0.009975615854095635,0.3663879420011859,28,QI-MRFO+CXM continue|n100 m10 drift lam=1.0|310
h10_elite_migration,QI-MRFO+CXM continue+elite,n100 m10 drift lam=1.0,drift,100,10,301,20000,4000,6.846768140792847,0.0008034395373276679,0.07189399663164298,0.2868438266282176,1.0643786380235718,16.625,0.16625,0.0,0.25002103147997135,1.0,,0.0008034395373276679,0.012424251864251949,0,drift,0.016035883629672537,0.23810767964725643,16,drift,0.01628629569134186,0.3260698875181508,20,drift,0.03627751143481774,0.1694179872926194,11,drift,0.15849561511061427,0.45484923491450396,25,drift,0.11511821763143713,0.3004220694278545,16,drift,0.16070270359850627,0.292465584387063,9,drift,0.028474268353785245,0.25849889464463977,20,drift,0.043761477602968724,0.254919275193653,16,QI-MRFO+CXM continue+elite|n100 m10 drift lam=1.0|301
h10_elite_migration,QI-MRFO+CXM continue+elite,n100 m10 drift lam=1.0,drift,100,10,302,20000,4000,6.840979099273682,0.0005247079719280449,0.055812521358827354,0.23705545150985624,1.0480664384395064,14.375,0.14375000000000002,0.0,0.20746468661089607,1.0,,0.0005247079719280449,0.0052725963407204745,0,drift,0.02459950076172178,0.2561224608619111,17,drift,0.025756460738918813,0.3239041702075676,25,drift,0.02591201368445612,0.1906165290096924,14,drift,0.06214460665855082,0.19640576051790806,11,drift,0.03310825581841967,0.18777193337689638,13,drift,0.2053781888248047,0.4424617776438682,15,drift,0.033255896302552726,0.11930264646644485,8,drift,0.03634524808119421,0.17985833399456153,12,QI-MRFO+CXM continue+elite|n100 m10 drift lam=1.0|302
h10_elite_migration,QI-MRFO+CXM continue+elite,n100 m10 drift lam=1.0,drift,100,10,303,20000,4000,6.694688320159912,0.0005958956312608322,0.10690523529531545,0.400907846783748,1.0971876399641336,21.0,0.21,0.0,0.33846354986217936,1.0,,0.0005958956312608322,0.02378195724463283,0,drift,0.07601298725083755,0.258294289312996,15,drift,0.14009453061908803,0.39892388463839573,19,drift,0.05818999977063277,0.44081507205726933,30,drift,0.26655966745472637,0.5305331700678612,16,drift,0.2418771695705553,0.614024357214507,24,drift,0.027111996994932254,0.467281816011133,30,drift,0.02708477426089268,0.34409140737952143,22,drift,0.018310756440858646,0.15329877758830032,12,QI-MRFO+CXM continue+elite|n100 m10 drift lam=1.0|303
h10_elite_migration,QI-MRFO+CXM continue+elite,n100 m10 drift lam=1.0,drift,100,10,304,20000,4000,6.894797325134277,0.0007500681960792569,0.07720066712941925,0.36811227035564775,1.0673798487321131,20.875,0.20875,0.0,0.3048028486914725,1.0,,0.0007500681960792569,0.019402401875970005,0,drift,0.045670788316124145,0.4704600500468725,30,drift,0.1029759546907035,0.28512391784805297,15,drift,0.26091473338075355,0.6624476178282185,26,drift,0.15626808686876884,0.6235771855006184,29,drift,0.01976122211184394,0.23509799371605508,15,drift,0.009676704267511719,0.19890644035087557,15,drift,0.007774543820437039,0.2458312101933856,19,drift,0.014563303579211337,0.2234537473611032,18,QI-MRFO+CXM continue+elite|n100 m10 drift lam=1.0|304
h10_elite_migration,QI-MRFO+CXM continue+elite,n100 m10 drift lam=1.0,drift,100,10,305,20000,4000,7.009009122848511,0.0010851257043272605,0.03972454689772276,0.26778808803515675,1.03120356608352,18.625,0.18625,0.0,0.23315222833319432,1.0,,0.0010851257043272605,0.009438774742326688,0,drift,0.025751464102139826,0.3135599279913944,24,drift,0.02922916130298904,0.15005540269676484,9,drift,0.04064941385146349,0.25804328514000074,19,drift,0.02251080988321028,0.2254338670372587,17,drift,0.017915291184521533,0.30599447755529974,25,drift,0.06357955852133026,0.18693058978540836,10,drift,0.022812182785438322,0.3239845754980185,23,drift,0.09534849355068926,0.3783025785771088,22,QI-MRFO+CXM continue+elite|n100 m10 drift lam=1.0|305
h10_elite_migration,QI-MRFO+CXM continue+elite,n100 m10 drift lam=1.0,drift,100,10,306,20000,4000,6.655104160308838,0.0003620227974819096,0.036934976568910316,0.26164110537620805,1.0283599124037233,18.125,0.18125,0.0,0.22422034873698865,1.0,,0.0003620227974819096,0.004717346629877374,0,drift,0.04239872225172656,0.3392379816140317,21,drift,0.044014601524808565,0.21061368935890698,13,drift,0.008129812565991731,0.35392994163559227,31,drift,0.042277276894861986,0.15146945161615674,9,drift,0.02031404190540531,0.3096423082882115,21,drift,0.01680463607713259,0.20908355486034594,17,drift,0.0452508902033794,0.22231993324227584,16,drift,0.07628983112797637,0.29683198239414366,17,QI-MRFO+CXM continue+elite|n100 m10 drift lam=1.0|306
h10_elite_migration,QI-MRFO+CXM continue+elite,n100 m10 drift lam=1.0,drift,100,10,307,20000,4000,6.804898262023926,0.0009377332923246353,0.19088411032855973,0.4706243919875258,1.1828288474767326,18.625,0.18625,0.0,0.4129110873274525,1.0,,0.0009377332923246353,0.017166833172085578,0,drift,0.07608431411731319,0.48318934776323674,28,drift,0.2178578980452509,0.44255479669062764,12,drift,0.33416643627135195,0.5378152616214343,13,drift,0.49791678509406356,0.8132271272971545,18,drift,0.23459156698094522,0.7617633119260395,35,drift,0.04245232892266321,0.3192245759927516,19,drift,0.07823139955826754,0.24275240934007808,14,drift,0.04577215363862241,0.16446830526888398,10,QI-MRFO+CXM continue+elite|n100 m10 drift lam=1.0|307
h10_elite_migration,QI-MRFO+CXM continue+elite,n100 m10 drift lam=1.0,drift,100,10,308,20000,4000,6.587888479232788,0.000923051587766865,0.036678568644544246,0.27516342927011284,1.0275658081144012,18.125,0.18125000000000002,0.0,0.2238093185871729,1.0,,0.000923051587766865,0.011074100243266155,0,drift,0.03644969265694703,0.31913476996163626,20,drift,0.02969403142340391,0.20877018944041875,11,drift,0.012942205338242977,0.24961919375360367,17,drift,0.10554494137448835,0.32741226832030135,17,drift,0.011215470666126427,0.23359578781530108,18,drift,0.009482783812874209,0.2353909723008699,20,drift,0.07163752051610635,0.19043749637210158,10,drift,0.01646190336816473,0.4369467561966699,32,QI-MRFO+CXM continue+elite|n100 m10 drift lam=1.0|308
h10_elite_migration,QI-MRFO+CXM continue+elite,n100 m10 drift lam=1.0,drift,100,10,309,20000,4000,6.778489828109741,0.00021540392440112327,0.054928493855683866,0.2870247510981492,1.044573725989208,18.625,0.18625,0.0,0.25094350053770675,1.0,,0.00021540392440112327,0.0029424141129715453,0,drift,0.04957320147299541,0.3248668253267106,22,drift,0.06068889216104768,0.2933314749573683,17,drift,0.16490989208894305,0.4414280818824787,19,drift,0.021113741710181006,0.2848407577691598,23,drift,0.02671862182732674,0.2919749748094517,22,drift,0.07827848947417454,0.2041291790392539,11,drift,0.012553586211745824,0.26534037020124773,21,drift,0.025591525899056673,0.1902863447995226,14,QI-MRFO+CXM continue+elite|n100 m10 drift lam=1.0|309
h10_elite_migration,QI-MRFO+CXM continue+elite,n100 m10 drift lam=1.0,drift,100,10,310,20000,4000,6.6324143409729,0.0006800415209223151,0.044103454419503085,0.2809309049113592,1.0362742469062676,17.25,0.1725,0.0,0.22476331983973263,1.0,,0.0006800415209223151,0.01033210185158088,0,drift,0.020474201765011815,0.3042598651142549,22,drift,0.03359984121801852,0.14324089465044598,8,drift,0.026614774697382642,0.23194603438888664,17,drift,0.04910815422133192,0.5077105988966144,25,drift,0.04748302594593921,0.2574748568714475,19,drift,0.04318096963831236,0.2021652982532524,14,drift,0.026388328984493326,0.20277337294699382,11,drift,0.10597833888553489,0.397876318168978,22,QI-MRFO+CXM continue+elite|n100 m10 drift lam=1.0|310
h10_elite_migration,(1+1)-EA+CXM continue,n100 m10 mixed lam=0.05,mixed,100,10,301,20000,4000,1.413456916809082,0.0007944499825693696,0.09536194243422216,0.11855924576654998,1.0867872408105421,18.0,0.1967746443089431,4.625,0.10523493627859648,0.05,,0.0007944499825693696,0.01980602025392085,0,churn,0.002874618853707771,0.015368447532954403,16,vm_add,0.21832190203730603,0.21832190203730598,0,vm_add,0.5168487664842549,0.5168487664842549,0,drift,0.0026792527922089118,0.1396035783925447,79,vm_fail,0.006044977100997433,0.00869696764469795,4,churn,0.005086593352412547,0.02316477170446504,21,vm_fail,0.0027954972679483524,0.014090128038161292,17,vm_fail,0.00824393158494128,0.012379404298015649,7,(1+1)-EA+CXM continue|n100 m10 mixed lam=0.05|301
h10_elite_migration,(1+1)-EA+CXM continue,n100 m10 mixed lam=0.05,mixed,100,10,302,20000,4000,1.501180648803711,0.0005847501359411637,0.010509107079199852,0.02481656242757487,1.0047516007165997,20.625,0.22031983087834153,3.5,0.021551155890224757,0.05,,0.0005847501359411637,0.009146323098066275,0,drift,0.0017640578222609118,0.04093803264183673,53,vm_fail,0.0037002704764864964,0.007404498476542548,4,churn,0.0071273321436925415,0.017886160783879654,14,vm_fail,0.00596787947398368,0.007041894882985895,2,drift,0.0023153986264569226,0.02275364854318578,34,churn,0.0019235879139256156,0.02110950889664264,26,drift,0.0008056054435535241,0.020930030462286604,32,vm_add,0.06046872473323912,0.060468724733239124,0,(1+1)-EA+CXM continue|n100 m10 mixed lam=0.05|302
h10_elite_migration,(1+1)-EA+CXM continue,n100 m10 mixed lam=0.05,mixed,100,10,303,20000,4000,1.3388218879699707,0.0010572604081618454,0.0035889269505446613,0.02293774422350312,0.9949677623011013,27.625,0.296921600877193,1.875,0.018458675021923353,0.05,,0.0010572604081618454,0.025301005100177666,0,vm_fail,0.01273155341702108,0.012731553417021079,0,vm_add,0.0030680497486127913,0.016469245233313338,23,churn,0.001242674264933039,0.02306208455704142,26,vm_fail,0.0035042343013531713,0.010598397229639884,11,drift,0.0009538064376072473,0.032013541223468375,50,drift,0.001487367302307608,0.0457652566935129,64,vm_fail,0.00517236812748109,0.01133001254535059,11,churn,0.0005513620050412662,0.031531862888677355,36,(1+1)-EA+CXM continue|n100 m10 mixed lam=0.05|303
h10_elite_migration,(1+1)-EA+CXM continue,n100 m10 mixed lam=0.05,mixed,100,10,304,20000,4000,1.3978619575500488,0.0006037870269129456,0.03805430137729027,0.06468468864739263,1.0265653513700108,23.875,0.2552083333333333,2.75,0.050839421212990954,0.05,,0.0006037870269129456,0.009703738369008846,0,vm_add,0.055845255501994394,0.055845255501994394,0,drift,0.0011422306987564036,0.05193783237439038,59,vm_add,0.177379146812132,0.17737914681213196,0,churn,0.002632937240805616,0.09495335244518747,50,vm_fail,0.007140763643932441,0.007140763643932441,0,vm_fail,0.0035643133766069426,0.01341573863962728,16,vm_add,0.05515559264070406,0.05515559264070407,0,drift,0.0015741711033902732,0.061649827121173076,66,(1+1)-EA+CXM continue|n100 m10 mixed lam=0.05|304
h10_elite_migration,(1+1)-EA+CXM continue,n100 m10 mixed lam=0.05,mixed,100,10,305,20000,4000,1.4048213958740234,0.0006357534804457774,0.024935624615667545,0.05312647582902761,1.0168003593480126,24.375,0.2753260869565217,1.0,0.03876043715719788,0.05,,0.0006357534804457774,0.023400173272238315,0,vm_fail,0.005269738091931622,0.006927281819030624,3,vm_add,0.004406557454604401,0.0973585805742598,63,churn,0.0049645516507867355,0.02617968676952179,24,churn,0.004485095280876488,0.03111733085906888,33,vm_add,0.006829769549213146,0.03381634092482901,29,vm_add,0.024376860017814195,0.0243768600178142,0,vm_add,0.1471184899167463,0.14711848991674634,0,churn,0.002033934963367467,0.05811723575095022,43,(1+1)-EA+CXM continue|n100 m10 mixed lam=0.05|305
h10_elite_migration,(1+1)-EA+CXM continue,n100 m10 mixed lam=0.05,mixed,100,10,306,20000,4000,1.3848814964294434,0.00022357229419423736,0.02698114168523138,0.042850104993187824,1.0168974708526974,19.25,0.2009442204301075,0.875,0.03706156970187404,0.05,,0.00022357229419423736,0.006291693778161626,0,vm_add,0.01606626758876675,0.016066267588766753,0,vm_add,0.08837657930706244,0.08837657930706243,0,drift,0.002243706516169138,0.056220762355436375,63,vm_fail,0.007459569526958749,0.01997309647849916,20,churn,0.0034533792097914545,0.023417363568214992,21,vm_add,0.03976060853379305,0.03976060853379305,0,vm_add,0.05570809565172822,0.05570809565172822,0,drift,0.0027809271475812453,0.04327806646200164,50,(1+1)-EA+CXM continue|n100 m10 mixed lam=0.05|306
h10_elite_migration,(1+1)-EA+CXM continue,n100 m10 mixed lam=0.05,mixed,100,10,307,20000,4000,1.563774824142456,0.0003651439638693392,0.010324938654296126,0.033110316466217406,1.0032640910276562,26.875,0.28138081395348835,4.0,0.024422041521167552,0.05,,0.0003651439638693392,0.024446273730850863,0,churn,0.003527523360984978,0.029613856960686857,29,vm_fail,0.003267177714697343,0.006287930648564401,5,drift,0.0014341766181431,0.0669467969316693,64,drift,0.001125955983710967,0.043424215438709224,49,drift,0.001572941485601398,0.035931828873039764,51,vm_fail,0.0037177080239820825,0.010669970522952092,11,vm_fail,0.00438328386229675,0.008437190169165219,6,vm_add,0.0635707421849524,0.0635707421849524,0,(1+1)-EA+CXM continue|n100 m10 mixed lam=0.05|307
h10_elite_migration,(1+1)-EA+CXM continue,n100 m10 mixed lam=0.05,mixed,100,10,308,20000,4000,1.4825448989868164,0.0007917903286255392,0.003841856720978508,0.016358158059971106,0.997299753761232,15.625,0.18491754373598868,3.75,0.013114793505334982,0.05,,0.0007917903286255392,0.01198700297164036,0,vm_fail,0.006832069872806011,0.008006148523596266,2,vm_add,0.0023380427492018375,0.02344372385538747,23,vm_fail,0.006068415515737338,0.01131119546835516,8,churn,0.003685346555131962,0.01158367047893422,12,churn,0.002379937301353294,0.021794640720935014,22,vm_fail,0.004916843572661788,0.009856369364511893,9,churn,0.0020976455574035816,0.020880419358746072,22,churn,0.0024165526435322524,0.023989096709302736,27,(1+1)-EA+CXM continue|n100 m10 mixed lam=0.05|308
h10_elite_migration,(1+1)-EA+CXM continue,n100 m10 mixed lam=0.05,mixed,100,10,309,20000,4000,1.4154226779937744,0.0005400188734899088,0.026459816032877812,0.0482911869770547,1.0146852132011253,23.25,0.23398351648351645,1.125,0.03818780801744087,0.05,,0.0005400188734899088,0.007028549691646947,0,vm_fail,0.00377769596718273,0.012164881816893788,12,drift,0.0013165516646943007,0.04964353640708911,57,vm_add,0.028449400936375914,0.02844940093637591,0,vm_add,0.055467242884365844,0.05546724288436583,0,drift,0.0025370493078961604,0.07083659593123014,63,drift,0.003266023035468428,0.052903273373443714,54,vm_add,0.04710270203333878,0.04710270203333878,0,vm_add,0.06976186243370032,0.06976186243370032,0,(1+1)-EA+CXM continue|n100 m10 mixed lam=0.05|309
h10_elite_migration,(1+1)-EA+CXM continue,n100 m10 mixed lam=0.05,mixed,100,10,310,20000,4000,1.4316411018371582,0.0007771588942188509,0.008215917530182323,0.03310699276370327,1.0006627001352086,33.5,0.3446294504643963,2.5,0.025479762489010287,0.05,,0.0007771588942188509,0.0152880908355526,0,drift,0.0015723625978360345,0.05911901322342228,71,churn,0.0012957901556159177,0.020811364390080463,23,drift,0.002277419628992112,0.03254976588058023,44,vm_fail,0.002990273822087465,0.01302431561478264,17,drift,0.0009316235722588427,0.04676835493262982,61,drift,0.0028418224121413214,0.034237482780823426,46,vm_add,0.04988003167907097,0.04988003167907098,0,vm_fail,0.003938016373455924,0.008465613608236314,6,(1+1)-EA+CXM continue|n100 m10 mixed lam=0.05|310
h10_elite_migration,Chooser (cheaper of the two),n100 m10 mixed lam=0.05,mixed,100,10,301,20000,4000,0.027148008346557617,0.0064713761837668785,0.016903481184780786,0.033475812203981034,1.0089903430486002,32.875,0.32875,4.25,0.033475812203981034,0.05,,0.0064713761837668785,0.0064713761837668785,0,churn,0.02177898481503728,0.02177898481503728,0,vm_add,0.005633130089331954,0.051892254073441314,92,vm_add,0.009620885166196297,0.05505382499867508,90,drift,0.009545292271946863,0.050431876608960736,81,vm_fail,0.013567186223347861,0.013567186223347861,0,churn,0.019275136455591042,0.019275136455591042,0,vm_fail,0.032268695221222825,0.032268695221222825,0,vm_fail,0.02353853923557215,0.02353853923557215,0,Chooser (cheaper of the two)|n100 m10 mixed lam=0.05|301
h10_elite_migration,Chooser (cheaper of the two),n100 m10 mixed lam=0.05,mixed,100,10,302,20000,4000,0.023612260818481445,0.01058388271372133,0.011261692935576797,0.032453782044620405,1.0055025356151237,42.125,0.42125,2.75,0.032453782044620405,0.05,,0.01058388271372133,0.01058388271372133,0,drift,0.008577826015725369,0.052955250360417386,88,vm_fail,0.010879050170871169,0.010879050170871169,0,churn,0.012015059708069438,0.012015059708069438,0,vm_fail,0.033171135956089545,0.033171135956089545,0,drift,0.003942820185219079,0.04761433286327623,87,churn,0.009427351349919212,0.009427351349919212,0,drift,0.005671073949756469,0.04841209459262112,85,vm_add,0.006409226148964087,0.0451559813556991,77,Chooser (cheaper of the two)|n100 m10 mixed lam=0.05|302
h10_elite_migration,Chooser (cheaper of the two),n100 m10 mixed lam=0.05,mixed,100,10,303,20000,4000,0.02484726905822754,0.008481513833635353,0.022166079461438355,0.03317812464029382,1.013378808278559,21.875,0.21875,1.5,0.03317812464029382,0.05,,0.008481513833635353,0.008481513833635353,0,vm_fail,0.02624042568010705,0.02624042568010705,0,vm_add,0.048731280413150065,0.048731280413150065,0,churn,0.019422231237447973,0.019422231237447973,0,vm_fail,0.03347703231174184,0.03347703231174184,0,drift,0.006340784595220752,0.050116608725113004,87,drift,0.007284938657987979,0.05160547595893945,88,vm_fail,0.0265271066909722,0.0265271066909722,0,churn,0.009304836104878974,0.009304836104878974,0,Chooser (cheaper of the two)|n100 m10 mixed lam=0.05|303
h10_elite_migration,Chooser (cheaper of the two),n100 m10 mixed lam=0.05,mixed,100,10,304,20000,4000,0.02152276039123535,0.011182541500880099,0.016636115413228358,0.043938800991613944,1.0053855610497884,54.0,0.54,2.625,0.043938800991613944,0.05,,0.011182541500880099,0.011182541500880099,0,vm_add,0.008615309570220319,0.047446998988673716,77,drift,0.012656728400145475,0.0582262811781519,90,vm_add,0.012053624168744536,0.0596201445046755,94,churn,0.03055072764060352,0.03055072764060352,0,vm_fail,0.009277898601453793,0.009277898601453793,0,vm_fail,0.03769012664880242,0.03769012664880242,0,vm_add,0.012230000498308462,0.056768120520234056,88,drift,0.010014507777548325,0.05193010985031667,83,Chooser (cheaper of the two)|n100 m10 mixed lam=0.05|304
h10_elite_migration,Chooser (cheaper of the two),n100 m10 mixed lam=0.05,mixed,100,10,305,20000,4000,0.0216214656829834,0.008223312381346173,0.014511370940570333,0.0315089108593547,1.0064965500868641,33.75,0.3375,0.625,0.0315089108593547,0.05,,0.008223312381346173,0.008223312381346173,0,vm_fail,0.03099560275592146,0.03099560275592146,0,vm_add,0.005752295058011366,0.05201690063067998,92,churn,0.010624594157389351,0.010624594157389351,0,churn,0.010590441657428845,0.010590441657428845,0,vm_add,0.006250352118393478,0.05102849278766192,89,vm_add,0.02378734446476456,0.02378734446476456,0,vm_add,0.0098331035581537,0.05477067666649158,89,churn,0.0182572337544999,0.0182572337544999,0,Chooser (cheaper of the two)|n100 m10 mixed lam=0.05|305
h10_elite_migration,Chooser (cheaper of the two),n100 m10 mixed lam=0.05,mixed,100,10,306,20000,4000,0.022939443588256836,0.011498194450387201,0.02014769200302834,0.042879240220865554,1.0101463743635564,45.0,0.44999999999999996,1.0,0.042879240220865554,0.05,,0.011498194450387201,0.011498194450387201,0,vm_add,0.02751947022269461,0.02751947022269461,0,vm_add,0.010631062410744992,0.05509882915681785,88,drift,0.006701463377435699,0.05502313361955265,96,vm_fail,0.025676745500231968,0.025676745500231968,0,churn,0.014865273716420708,0.014865273716420708,0,vm_add,0.05158541138221271,0.05158541138221271,0,vm_add,0.011129024842573871,0.056629830960489645,90,drift,0.013073084571912162,0.0566352272085043,86,Chooser (cheaper of the two)|n100 m10 mixed lam=0.05|306
h10_elite_migration,Chooser (cheaper of the two),n100 m10 mixed lam=0.05,mixed,100,10,307,20000,4000,0.020883798599243164,0.005184865225037136,0.01229644191437062,0.03195875353669133,1.005216850229469,39.0,0.39,4.125,0.03195875353669133,0.05,,0.005184865225037136,0.005184865225037136,0,churn,0.016888607957784147,0.016888607957784147,0,vm_fail,0.019481729009191442,0.019481729009191442,0,drift,0.007681047277680281,0.052019013357898304,88,drift,0.011500221088965796,0.04791422904816865,72,drift,0.00805115945646093,0.04837320583471939,80,vm_fail,0.00700915819896309,0.00700915819896309,0,vm_fail,0.021524263412412287,0.021524263412412287,0,vm_add,0.0062353489135069965,0.04245982147439331,72,Chooser (cheaper of the two)|n100 m10 mixed lam=0.05|307
h10_elite_migration,Chooser (cheaper of the two),n100 m10 mixed lam=0.05,mixed,100,10,308,20000,4000,0.02541518211364746,0.009829057547112767,0.016122047204851442,0.02097748314389928,1.0094953248884988,9.625,0.09625,3.625,0.02097748314389928,0.05,,0.009829057547112767,0.009829057547112767,0,vm_fail,0.038110417596397946,0.038110417596397946,0,vm_add,0.00892175356838063,0.04776524108076333,77,vm_fail,0.011218371578995237,0.011218371578995237,0,churn,0.01288046129539919,0.01288046129539919,0,churn,0.013954272419294866,0.013954272419294866,0,vm_fail,0.017938077477827212,0.017938077477827212,0,churn,0.009480799754336737,0.009480799754336737,0,churn,0.016472223948179713,0.016472223948179713,0,Chooser (cheaper of the two)|n100 m10 mixed lam=0.05|308
h10_elite_migration,Chooser (cheaper of the two),n100 m10 mixed lam=0.05,mixed,100,10,309,20000,4000,0.024559497833251953,0.01350451577407029,0.0185257677801716,0.043416628904147485,1.0068883077899793,49.25,0.49250000000000005,1.5,0.043416628904147485,0.05,,0.01350451577407029,0.01350451577407029,0,vm_fail,0.019891779427726457,0.019891779427726457,0,drift,0.011229585155274498,0.055218072109529094,87,vm_add,0.03863104962469541,0.03863104962469541,0,vm_add,0.01191283598253381,0.04631787240593989,68,drift,0.01060474437120058,0.055071353123533416,88,drift,0.007044497791311135,0.04631923320517218,78,vm_add,0.01348003966993335,0.05047206111788588,73,vm_add,0.035411610218697556,0.035411610218697556,0,Chooser (cheaper of the two)|n100 m10 mixed lam=0.05|309
h10_elite_migration,Chooser (cheaper of the two),n100 m10 mixed lam=0.05,mixed,100,10,310,20000,4000,0.023084402084350586,0.004135430617277745,0.012369590216606123,0.03977324091398694,1.0047843048568925,54.375,0.54375,2.25,0.03977324091398694,0.05,,0.004135430617277745,0.004135430617277745,0,drift,0.00801580167214109,0.05287250484655137,89,churn,0.013837859064052875,0.013837859064052875,0,drift,0.009052299473852918,0.05143249605175481,84,vm_fail,0.03056877354169728,0.03056877354169728,0,drift,0.0043869209540562185,0.04908213893651171,89,drift,0.010872719143830138,0.056867427864874504,91,vm_add,0.007375100566698105,0.048677479689932614,82,vm_fail,0.014847247316520363,0.014847247316520363,0,Chooser (cheaper of the two)|n100 m10 mixed lam=0.05|310
h10_elite_migration,GA continue,n100 m10 mixed lam=0.05,mixed,100,10,301,20000,4000,2.130268096923828,0.011938736375147578,0.04332012845040106,0.08635702593824099,1.0351830262326027,13.5,0.1458726438783005,4.875,0.05096281009991979,0.05,,0.011938736375147578,0.05744306001563476,0,churn,0.024862918841781885,0.06625585742011392,19,vm_add,0.04207804987834642,0.1671669578552449,30,vm_add,0.18164270648452466,0.22418545342785853,13,drift,0.03490744438156641,0.1381571971258629,28,vm_fail,0.013380489492389411,0.01588266354051879,4,churn,0.03066943547306198,0.054922361487532885,7,vm_fail,0.006316495492178427,0.00995378403010207,6,vm_fail,0.012703487559359275,0.014331932618693826,1,GA continue|n100 m10 mixed lam=0.05|301
h10_elite_migration,GA continue,n100 m10 mixed lam=0.05,mixed,100,10,302,20000,4000,2.050448417663574,0.013343169677647456,0.018072864416117822,0.04272274936108091,1.0122757283783668,15.5,0.1674714648065948,2.75,0.026631056574340423,0.05,,0.013343169677647456,0.036908306114355444,0,drift,0.023965681535608643,0.0978776283131546,29,vm_fail,0.007397974692723324,0.009957076121170765,4,churn,0.03057825456553876,0.06730568347313327,26,vm_fail,0.010655417752389054,0.013655240053261604,3,drift,0.024260481684271574,0.04467225905376594,21,churn,0.011969548112611864,0.02610821358699739,10,drift,0.012045268689873866,0.03456632057482317,17,vm_add,0.023710288295925485,0.04763957371234055,14,GA continue|n100 m10 mixed lam=0.05|302
h10_elite_migration,GA continue,n100 m10 mixed lam=0.05,mixed,100,10,303,20000,4000,2.022207021713257,0.015183178216340744,0.022017229573454,0.039686716079002045,1.0132339338558274,10.875,0.1147203947368421,1.875,0.027882042060714034,0.05,,0.015183178216340744,0.05159998247577159,0,vm_fail,0.014731624072592927,0.014731624072592927,0,vm_add,0.031203035236580905,0.03532205323055897,6,churn,0.03092459781250368,0.04928010387113807,9,vm_fail,0.016674748319277375,0.016674748319277375,0,drift,0.017343715657109755,0.05493891699965403,28,drift,0.023572463082998107,0.09018122380521548,26,vm_fail,0.019340987783530186,0.02470594035081192,10,churn,0.022346664623039074,0.0316591179827676,8,GA continue|n100 m10 mixed lam=0.05|303
h10_elite_migration,GA continue,n100 m10 mixed lam=0.05,mixed,100,10,304,20000,4000,1.981217384338379,0.014925746594301471,0.038952166850315974,0.08784024789537906,1.0274439951180998,15.375,0.16049669715447154,2.75,0.04732455172804946,0.05,,0.014925746594301471,0.045784041999774636,0,vm_add,0.025484059429531025,0.04498650701905221,9,drift,0.04419225043395069,0.21100570201942034,35,vm_add,0.12756998877462922,0.185224633703073,15,churn,0.030231569390945748,0.08809284608212548,19,vm_fail,0.008797261329591223,0.01002750189218827,2,vm_fail,0.02068035931681525,0.02465345589512234,5,vm_add,0.02837210882711248,0.053849860102628495,12,drift,0.026289737299952154,0.0848814764494224,26,GA continue|n100 m10 mixed lam=0.05|304
h10_elite_migration,GA continue,n100 m10 mixed lam=0.05,mixed,100,10,305,20000,4000,2.1378414630889893,0.012517337425278385,0.04273853957519528,0.07296872459265988,1.0344961839758011,14.5,0.15746975806451613,0.875,0.051012520906336664,0.05,,0.012517337425278385,0.048858146460174175,0,vm_fail,0.0125184836951501,0.01415157802369071,3,vm_add,0.0685961720242214,0.16280691582414963,38,churn,0.027680446890718354,0.04587701640729758,14,churn,0.03594459477247252,0.04311646237355834,8,vm_add,0.030850063380595587,0.0509892006099739,16,vm_add,0.0313815413314363,0.03676438480803364,6,vm_add,0.08721344612449748,0.12703334530327265,14,churn,0.04772356838247051,0.10301089339130258,17,GA continue|n100 m10 mixed lam=0.05|305
h10_elite_migration,GA continue,n100 m10 mixed lam=0.05,mixed,100,10,306,20000,4000,1.9721777439117432,0.014569156915683546,0.03765929206419529,0.0608736871019979,1.0274883714996117,12.375,0.12843749999999998,1.375,0.04438740777992726,0.05,,0.014569156915683546,0.027101664553981566,0,vm_add,0.030639074135709654,0.03063907413570966,0,vm_add,0.043095529020686245,0.08705327971223781,24,drift,0.04467343861340672,0.09150134739718965,21,vm_fail,0.009336457847971009,0.009336457847971009,0,churn,0.03964128262184847,0.06177761226761575,15,vm_add,0.024616188482460697,0.04924223781898342,15,vm_add,0.02665666742688091,0.03246772015204282,3,drift,0.08261569836459864,0.12497176748423307,21,GA continue|n100 m10 mixed lam=0.05|306
h10_elite_migration,GA continue,n100 m10 mixed lam=0.05,mixed,100,10,307,20000,4000,2.1995627880096436,0.011931567065867007,0.015487905760775935,0.051816700936772035,1.00837131751324,15.0,0.1562458436661684,4.125,0.023451670812052766,0.05,,0.011931567065867007,0.05040881819828238,0,churn,0.01954917626782175,0.07634052891011558,12,vm_fail,0.00943815598035302,0.022271839127727736,10,drift,0.02060140719286041,0.11118367381984622,32,drift,0.029396079240757086,0.1057443815174695,21,drift,0.02168098158179624,0.05535074157764494,24,vm_fail,0.0058732535395969255,0.007085149025789119,2,vm_fail,0.005194152816311001,0.008121754356810304,3,vm_add,0.01217003946671104,0.028435539158772886,16,GA continue|n100 m10 mixed lam=0.05|307
h10_elite_migration,GA continue,n100 m10 mixed lam=0.05,mixed,100,10,308,20000,4000,2.151634693145752,0.017129267264258397,0.017882378352879303,0.030534236035877904,1.011242591387346,10.25,0.12335050049201611,3.75,0.02417167386819114,0.05,,0.017129267264258397,0.05953833328136455,0,vm_fail,0.013857525998912322,0.018594803807419527,6,vm_add,0.031150876218617743,0.036985870150578484,7,vm_fail,0.007274773113692711,0.008488357177685011,2,churn,0.027069564451262088,0.04373122671089089,14,churn,0.032370866415527146,0.05552847581994987,18,vm_fail,0.01272074985879478,0.01895017156590177,5,churn,0.007472040045011975,0.029645866691653696,14,churn,0.011142630721215668,0.03234911636294398,16,GA continue|n100 m10 mixed lam=0.05|308
h10_elite_migration,GA continue,n100 m10 mixed lam=0.05,mixed,100,10,309,20000,4000,2.0400540828704834,0.0121631558151105,0.032713460872069146,0.08674387567516316,1.0209275975777206,17.0,0.17102272727272727,1.5,0.04160567651332016,0.05,,0.0121631558151105,0.035984273028589454,0,vm_fail,0.007946177131147312,0.01138235728045797,6,drift,0.020816196866071803,0.11128520313196821,32,vm_add,0.017711626078848512,0.039700221519027946,12,vm_add,0.030732808453798346,0.0378149992448044,7,drift,0.06809607376586255,0.2523749506084978,39,drift,0.046933300672385304,0.12377883700792659,23,vm_add,0.032390311025949074,0.07026342814759186,12,vm_add,0.03708119298249027,0.04735100846103047,5,GA continue|n100 m10 mixed lam=0.05|309
h10_elite_migration,GA continue,n100 m10 mixed lam=0.05,mixed,100,10,310,20000,4000,2.0288450717926025,0.010962395995608108,0.02806732698083787,0.07135620461747175,1.0203719035959147,18.5,0.18845566860465118,2.25,0.03778901231910693,0.05,,0.010962395995608108,0.042622125564483526,0,drift,0.05326071238237875,0.18443651560435867,39,churn,0.04546859635789604,0.050254722606580426,5,drift,0.04160962622200686,0.07017354417070448,20,vm_fail,0.019086198110001153,0.02578578896045942,9,drift,0.022924827698678304,0.133988272024134,33,drift,0.014490148855381904,0.0455921629875829,21,vm_add,0.02110634337585753,0.049929871729875154,14,vm_fail,0.0065921628445024276,0.010688758856078865,7,GA continue|n100 m10 mixed lam=0.05|310
h10_elite_migration,QI-MRFO+CXM continue,n100 m10 mixed lam=0.05,mixed,100,10,301,20000,4000,6.943130254745483,0.0008034395373276679,0.005393052354228515,0.040735909932410885,0.9975693979124642,38.5,0.424971750496932,4.25,0.026754102047717172,0.05,,0.0008034395373276679,0.012424251864251949,0,churn,0.004282908312810997,0.02965305121061979,28,vm_add,0.005138290598869399,0.03401636308364007,46,vm_add,0.008397049969940949,0.05639195696949686,54,drift,0.007818155153892793,0.04993513285388653,46,vm_fail,0.0035666772757670414,0.04441431703537789,41,churn,0.002706621303769261,0.05925404691499771,46,vm_fail,0.004517204963344343,0.03595842510767547,33,vm_fail,0.006717511255433338,0.016263986283592748,14,QI-MRFO+CXM continue|n100 m10 mixed lam=0.05|301
h10_elite_migration,QI-MRFO+CXM continue,n100 m10 mixed lam=0.05,mixed,100,10,302,20000,4000,6.525076866149902,0.0005247079719280449,0.004148468257641548,0.03158003050005064,0.9984305268759883,36.0,0.3883079026632847,2.75,0.023643968378234775,0.05,,0.0005247079719280449,0.0052725963407204745,0,drift,0.005844422710962429,0.05512621064395543,59,vm_fail,0.0057730577684868695,0.03367800344193706,32,churn,0.0028565841152354346,0.036802599183736684,38,vm_fail,0.0035857239222997555,0.013583697308908087,16,drift,0.0025064811420970187,0.03548002958071415,47,churn,0.007657839095287229,0.027367581048433242,23,drift,0.0034178155135164445,0.025721158006573378,36,vm_add,0.0015458217932472012,0.024880964786147108,37,QI-MRFO+CXM continue|n100 m10 mixed lam=0.05|302
h10_elite_migration,QI-MRFO+CXM continue,n100 m10 mixed lam=0.05,mixed,100,10,303,20000,4000,6.424893856048584,0.0005958956312608322,0.0034987167351006503,0.02770277319198846,0.994880424554674,31.375,0.33893430384471823,1.875,0.02050536940143368,0.05,,0.0005958956312608322,0.02378195724463283,0,vm_fail,0.0021801697736347626,0.016074692863432334,21,vm_add,0.0050566869220723155,0.03288124442060439,37,churn,0.00253155660763595,0.04433351459187865,40,vm_fail,0.004237561125382579,0.015220147516297366,20,drift,0.004762411515038919,0.028411119108236356,33,drift,0.004349320734717285,0.04029619635704198,46,vm_fail,0.0023901414248156563,0.01994049127827312,28,churn,0.0024818857775077354,0.024464779400143483,26,QI-MRFO+CXM continue|n100 m10 mixed lam=0.05|303
h10_elite_migration,QI-MRFO+CXM continue,n100 m10 mixed lam=0.05,mixed,100,10,304,20000,4000,6.835035562515259,0.0007500681960792569,0.005790165962605629,0.04072092631959752,0.994664447318273,39.75,0.41538204972710735,2.25,0.026680811497821283,0.05,,0.0007500681960792569,0.019402401875970005,0,vm_add,0.0025980882859510317,0.0369966427678787,33,drift,0.005842556927883391,0.07081420245854449,63,vm_add,0.00959596479370174,0.048578189074889463,51,churn,0.004877048249725854,0.038630711648155236,32,vm_fail,0.008432236256280212,0.036749615341819475,31,vm_fail,0.0027142327529428804,0.019022904467439084,27,vm_add,0.009061136024407428,0.029377079347222827,28,drift,0.0032000644099524893,0.04559806545083088,53,QI-MRFO+CXM continue|n100 m10 mixed lam=0.05|304
h10_elite_migration,QI-MRFO+CXM continue,n100 m10 mixed lam=0.05,mixed,100,10,305,20000,4000,6.594423055648804,0.0010851257043272605,0.004623738470312434,0.03440483676786818,0.996690860290146,37.625,0.4092573924731183,0.875,0.025179568115236185,0.05,,0.0010851257043272605,0.009438774742326688,0,vm_fail,0.0024900552394061166,0.01695923409237962,22,vm_add,0.004611981242241961,0.03889657556699911,51,churn,0.0054818628784884,0.03123617497781717,28,churn,0.0029002769194932396,0.04235887137956513,43,vm_add,0.0044973916654574495,0.024988116829098322,32,vm_add,0.003328525237707962,0.03398750865944748,43,vm_add,0.004192265811065762,0.04690916099394124,54,churn,0.009487548768638577,0.03990305164369733,28,QI-MRFO+CXM continue|n100 m10 mixed lam=0.05|305
h10_elite_migration,QI-MRFO+CXM continue,n100 m10 mixed lam=0.05,mixed,100,10,306,20000,4000,6.672850131988525,0.0003620227974819096,0.0071300911753195235,0.04024539065533741,0.9972713616859373,41.125,0.4258695652173913,1.0,0.028570474202639598,0.05,,0.0003620227974819096,0.004717346629877374,0,vm_add,0.004828087989918137,0.04326275225316343,42,vm_add,0.008453586316805381,0.03291755952871834,35,drift,0.0067281132978292855,0.05157501012324877,57,vm_fail,0.011977362227757754,0.03246776525337403,31,churn,0.0037553596152064225,0.04319749108332213,36,vm_add,0.005314297951134761,0.029805117626895083,41,vm_add,0.00915492426002548,0.03231519926400938,36,drift,0.0068289977438789635,0.05642223010996809,51,QI-MRFO+CXM continue|n100 m10 mixed lam=0.05|306
h10_elite_migration,QI-MRFO+CXM continue,n100 m10 mixed lam=0.05,mixed,100,10,307,20000,4000,6.655355930328369,0.0009377332923246353,0.0038600530772113445,0.0333372267147397,0.996837506450676,35.25,0.3770233704484282,4.0,0.022783466735990056,0.05,,0.0009377332923246353,0.017166833172085578,0,churn,0.005488878878216737,0.04099268290746802,37,vm_fail,0.004219370926102902,0.030020060999142353,37,drift,0.00296504074651126,0.05862583546950393,54,drift,0.0033010871476346175,0.047396361075810946,54,drift,0.0029343251147513592,0.029999700846367956,36,vm_fail,0.00504578168994907,0.025290697901683607,22,vm_fail,0.0015616151892846332,0.014175982599547067,21,vm_add,0.005364324925240181,0.020196491918393726,21,QI-MRFO+CXM continue|n100 m10 mixed lam=0.05|307
h10_elite_migration,QI-MRFO+CXM continue,n100 m10 mixed lam=0.05,mixed,100,10,308,20000,4000,6.440571308135986,0.000923051587766865,0.0033686215147086286,0.027724115319380044,0.9968296144351565,29.0,0.33997007081854536,4.125,0.020421318726890195,0.05,,0.000923051587766865,0.011074100243266155,0,vm_fail,0.003497179304262674,0.016670931643961343,16,vm_add,0.004569787097213691,0.0388495950871977,38,vm_fail,0.0058614564318663735,0.02594182647188469,23,churn,0.001820131699816293,0.03440670159850277,38,churn,0.002915403592325628,0.02363075861072355,23,vm_fail,0.003437369845075618,0.021984396137971863,29,churn,0.003720993208074212,0.02892401227870368,31,churn,0.0011266509390345418,0.03138470072609476,34,QI-MRFO+CXM continue|n100 m10 mixed lam=0.05|308
h10_elite_migration,QI-MRFO+CXM continue,n100 m10 mixed lam=0.05,mixed,100,10,309,20000,4000,6.811379671096802,0.00021540392440112327,0.004561953289828158,0.05231816519191543,0.9930884106790605,46.25,0.46846590909090907,1.5,0.02808571222650521,0.05,,0.00021540392440112327,0.0029424141129715453,0,vm_fail,0.003795249303784285,0.03357374935073349,35,drift,0.0018140963770117418,0.05143719854763886,59,vm_add,0.0030607782560927456,0.04450737670123725,34,vm_add,0.005541518546786228,0.03963997918687569,48,drift,0.0035579797619534853,0.12943121189237516,62,drift,0.003374241791481144,0.04570217970443495,47,vm_add,0.0036561315263346716,0.033209185652845134,49,vm_add,0.01169563075518096,0.04104444049918291,36,QI-MRFO+CXM continue|n100 m10 mixed lam=0.05|309
h10_elite_migration,QI-MRFO+CXM continue,n100 m10 mixed lam=0.05,mixed,100,10,310,20000,4000,6.46331262588501,0.0006800415209223151,0.004550948251326448,0.04218961613754202,0.9970263148628015,45.375,0.47304777298850575,2.125,0.02831077081534193,0.05,,0.0006800415209223151,0.01033210185158088,0,drift,0.0045869424838073354,0.07952326565024602,62,churn,0.00874322380796083,0.04575217138102195,36,drift,0.00373237870348594,0.030386784620882474,40,vm_fail,0.003072169408621143,0.02473836723102326,29,drift,0.0030089397568976795,0.05289273061265842,67,drift,0.004168887030570617,0.03476670052345718,46,vm_add,0.005115302399107918,0.03947793216383459,48,vm_fail,0.003979742420160126,0.029978976917212238,35,QI-MRFO+CXM continue|n100 m10 mixed lam=0.05|310
h10_elite_migration,QI-MRFO+CXM continue+elite,n100 m10 mixed lam=0.05,mixed,100,10,301,20000,4000,6.650465965270996,0.0008034395373276679,0.007447957771695947,0.030441681421404212,0.9996062225164395,28.0,0.30281369208628106,4.25,0.022687176299552213,0.05,,0.0008034395373276679,0.012424251864251949,0,churn,0.002707512991100521,0.02724656719788808,28,vm_add,0.005021132259127564,0.032459350979046855,38,vm_add,0.007890600140859107,0.04585429974909665,48,drift,0.00636545203941573,0.044111250576413547,45,vm_fail,0.008579482179582274,0.009528460475328912,1,churn,0.004908553088897804,0.03937731041488728,33,vm_fail,0.012899900196360697,0.025725555198152523,18,vm_fail,0.011211029278223877,0.01923065678041986,13,QI-MRFO+CXM continue+elite|n100 m10 mixed lam=0.05|301
h10_elite_migration,QI-MRFO+CXM continue+elite,n100 m10 mixed lam=0.05,mixed,100,10,302,20000,4000,6.449239730834961,0.0005247079719280449,0.0037449183845697028,0.024158288848839832,0.9980296588310247,25.5,0.2656218671679198,2.625,0.017079120191862154,0.05,,0.0005247079719280449,0.0052725963407204745,0,drift,0.0034390146577729977,0.04069267703205655,47,vm_fail,0.005766432832788844,0.01099862708847416,8,churn,0.0014206301051156221,0.010701680309016524,13,vm_fail,0.00465177357287806,0.009809706731032248,9,drift,0.001366339534823458,0.02446007168438508,36,churn,0.0016137385898850225,0.012759502905061499,13,drift,0.008705845854414009,0.03628494313973807,45,vm_add,0.0029955719288796106,0.04755910190095452,33,QI-MRFO+CXM continue+elite|n100 m10 mixed lam=0.05|302
h10_elite_migration,QI-MRFO+CXM continue+elite,n100 m10 mixed lam=0.05,mixed,100,10,303,20000,4000,6.502069711685181,0.0005958956312608322,0.006858019665441759,0.022575209096823076,0.9982084620149352,21.375,0.23274776035834266,2.0,0.01854445397623175,0.05,,0.0005958956312608322,0.02378195724463283,0,vm_fail,0.003951738123021001,0.012040622084901895,13,vm_add,0.025954118984354676,0.02595411898435467,0,churn,0.007122109876595604,0.027860753020461232,24,vm_fail,0.0027470011977331803,0.007599685240464742,8,drift,0.0032665516541535867,0.027193976629825974,35,drift,0.004740509194048855,0.03906352347615317,45,vm_fail,0.005122752674128829,0.01594920175194111,18,churn,0.0019593756194983317,0.02493979158648185,28,QI-MRFO+CXM continue+elite|n100 m10 mixed lam=0.05|303
h10_elite_migration,QI-MRFO+CXM continue+elite,n100 m10 mixed lam=0.05,mixed,100,10,304,20000,4000,6.596822738647461,0.0007500681960792569,0.012067071207520095,0.04398208477170788,1.0008898048595625,31.25,0.3246047794117647,2.375,0.02837958204353008,0.05,,0.0007500681960792569,0.019402401875970005,0,vm_add,0.05599961258162574,0.05599961258162574,0,drift,0.00227267080674514,0.06593178552111768,60,vm_add,0.005303194744861084,0.07544078789104174,51,churn,0.007481620189294337,0.04022086166189519,31,vm_fail,0.008383580437791692,0.012153922392538787,6,vm_fail,0.006085349973041996,0.021086809871252728,21,vm_add,0.006314325638648461,0.02601307271085837,29,drift,0.004696215288152316,0.05500982554333284,52,QI-MRFO+CXM continue+elite|n100 m10 mixed lam=0.05|304
h10_elite_migration,QI-MRFO+CXM continue+elite,n100 m10 mixed lam=0.05,mixed,100,10,305,20000,4000,6.764616012573242,0.0010851257043272605,0.02385337761645657,0.05452034079742103,1.0157403673252956,21.75,0.24397177419354837,0.875,0.03621286977513805,0.05,,0.0010851257043272605,0.009438774742326688,0,vm_fail,0.0053099753311323895,0.010879752564362277,9,vm_add,0.003129206042071258,0.03135502774980006,43,churn,0.005008041208799381,0.02856146119566213,24,churn,0.004243408367785322,0.02817783160395688,25,vm_add,0.05120304602138711,0.0512030460213871,0,vm_add,0.06952347665154704,0.06952347665154704,0,vm_add,0.044993846430297364,0.1739723526334748,40,churn,0.0074160208786326915,0.042489777959177986,33,QI-MRFO+CXM continue+elite|n100 m10 mixed lam=0.05|305
h10_elite_migration,QI-MRFO+CXM continue+elite,n100 m10 mixed lam=0.05,mixed,100,10,306,20000,4000,6.748831510543823,0.0003620227974819096,0.03010789393475169,0.04634716937199848,1.0199907429356219,15.875,0.16643200549450549,1.125,0.03850832160793355,0.05,,0.0003620227974819096,0.004717346629877374,0,vm_add,0.016206911030911018,0.01620691103091102,0,vm_add,0.08852723191048584,0.08852723191048582,0,drift,0.008060186323503773,0.08254041840375954,63,vm_fail,0.009446559527239792,0.011854393385542646,4,churn,0.004812991997968239,0.026306389736348922,23,vm_add,0.04116941521011146,0.041169415210111464,0,vm_add,0.057138510115587196,0.05713851011558719,0,drift,0.015501345362206214,0.04703408518324127,37,QI-MRFO+CXM continue+elite|n100 m10 mixed lam=0.05|306
h10_elite_migration,QI-MRFO+CXM continue+elite,n100 m10 mixed lam=0.05,mixed,100,10,307,20000,4000,6.740444660186768,0.0009377332923246353,0.005591524242802211,0.027128523155866176,0.9985566733863478,24.625,0.2543991634344195,3.625,0.018381186814597758,0.05,,0.0009377332923246353,0.017166833172085578,0,churn,0.005325396249655365,0.019693977068705647,16,vm_fail,0.006390227351449165,0.008824218992596524,4,drift,0.005661404468636311,0.05689922784623675,50,drift,0.005402310305727697,0.03965871540324307,41,drift,0.0028297826920671244,0.025984732092985026,33,vm_fail,0.008644934382026062,0.01625760109522002,11,vm_fail,0.002681768867960013,0.009369101528552418,11,vm_add,0.007796369624895949,0.04034061121938995,31,QI-MRFO+CXM continue+elite|n100 m10 mixed lam=0.05|307
h10_elite_migration,QI-MRFO+CXM continue+elite,n100 m10 mixed lam=0.05,mixed,100,10,308,20000,4000,6.307702302932739,0.000923051587766865,0.007303308372176581,0.02079705948741426,1.000735238902184,16.375,0.19421153588276552,3.75,0.017076452297510127,0.05,,0.000923051587766865,0.011074100243266155,0,vm_fail,0.006254330348132982,0.014204190524433953,12,vm_add,0.01915048237882007,0.028429652700005123,15,vm_fail,0.00758386027122551,0.018023360024622074,13,churn,0.006917124193324644,0.021275348406847472,16,churn,0.0030425104498613214,0.03180258131999496,29,vm_fail,0.006902528477128203,0.012699694108243854,10,churn,0.004152859303913357,0.017533419113431172,17,churn,0.004422771555006556,0.022408229701735498,19,QI-MRFO+CXM continue+elite|n100 m10 mixed lam=0.05|308
h10_elite_migration,QI-MRFO+CXM continue+elite,n100 m10 mixed lam=0.05,mixed,100,10,309,20000,4000,6.887723445892334,0.00021540392440112327,0.02689678732715712,0.05309475734931739,1.0151169500601642,23.875,0.2409659090909091,1.5,0.03898066482547627,0.05,,0.00021540392440112327,0.0029424141129715453,0,vm_fail,0.004152016462084031,0.015275048598950923,13,drift,0.0014547268311546257,0.05808980572968101,59,vm_add,0.028591320259425304,0.028591320259425304,0,vm_add,0.05561289049374223,0.055612890493742254,0,drift,0.003223268008685286,0.0855365872185156,63,drift,0.003912166535132029,0.06342449646719053,56,vm_add,0.047777078109937074,0.047777078109937074,0,vm_add,0.07045083191709638,0.07045083191709635,0,QI-MRFO+CXM continue+elite|n100 m10 mixed lam=0.05|309
h10_elite_migration,QI-MRFO+CXM continue+elite,n100 m10 mixed lam=0.05,mixed,100,10,310,20000,4000,6.574133634567261,0.0006800415209223151,0.009454423135903844,0.03872603623245772,1.001892975551197,36.75,0.38202047413793105,2.125,0.028631445355078385,0.05,,0.0006800415209223151,0.01033210185158088,0,drift,0.00397790666015571,0.0585458077549198,63,churn,0.0038007236202688022,0.03553977009015237,34,drift,0.0058452527181473354,0.04472985426388625,57,vm_fail,0.0016122777622365463,0.013870680087800548,21,drift,0.004069872236397519,0.04802099541796522,57,drift,0.0034945709564051025,0.03947942201053506,47,vm_add,0.050563397337557124,0.05056339733755712,0,vm_fail,0.0022713837960626065,0.019058362896845343,15,QI-MRFO+CXM continue+elite|n100 m10 mixed lam=0.05|310
h10_elite_migration,(1+1)-EA+CXM continue,n100 m10 mixed lam=0.2,mixed,100,10,301,20000,4000,1.4582064151763916,0.0007944499825693696,0.14313271537129318,0.22044722301246342,1.134122275220516,12.875,0.14301724137931035,4.625,0.1758839632428833,0.2,,0.0007944499825693696,0.01980602025392085,0,churn,0.020429997111341705,0.04291475603199983,7,vm_add,0.23964869745892284,0.23964869745892284,0,vm_add,0.5434012919491964,0.5434012919491964,0,drift,0.30840794681453293,0.7825218020746477,52,vm_fail,0.013289519177231163,0.044733763148419106,12,churn,0.0034246625739972293,0.07146359318595447,23,vm_fail,0.005592763458446076,0.01959297826573254,5,vm_fail,0.010866844426677088,0.0193009019848343,4,(1+1)-EA+CXM continue|n100 m10 mixed lam=0.2|301
h10_elite_migration,(1+1)-EA+CXM continue,n100 m10 mixed lam=0.2,mixed,100,10,302,20000,4000,1.4033491611480713,0.0005847501359411637,0.013854006414434548,0.05296803309463849,1.0080768539420126,15.375,0.16322209806864152,3.0,0.04661719758940609,0.2,,0.0005847501359411637,0.009146323098066275,0,drift,0.002147987546893168,0.11065305211899853,48,vm_fail,0.008174622493640654,0.011591716747998252,1,churn,0.005240319509123752,0.05805929762349261,14,vm_fail,0.019054101913061356,0.023397325967689203,2,drift,0.003297483612682022,0.05105953509061163,20,churn,0.0021288744395742427,0.048468362693112534,15,drift,0.005425076166909253,0.05515138888161319,23,vm_add,0.06536358563359194,0.06536358563359196,0,(1+1)-EA+CXM continue|n100 m10 mixed lam=0.2|302
h10_elite_migration,(1+1)-EA+CXM continue,n100 m10 mixed lam=0.2,mixed,100,10,303,20000,4000,1.3426666259765625,0.0010572604081618454,0.011565090886923186,0.049372933216210946,1.0028700219284816,13.375,0.14088541666666668,2.0,0.03989543854315951,0.2,,0.0010572604081618454,0.025301005100177666,0,vm_fail,0.01273155341702108,0.012731553417021079,0,vm_add,0.03492635073888294,0.03492635073888296,0,churn,0.01636369051808017,0.04571525479347192,9,vm_fail,0.005822008965572743,0.019121623357659386,5,drift,0.005878979614110166,0.10148909007887232,36,drift,0.0023768145013997924,0.1284487032532093,44,vm_fail,0.009349347447912066,0.009349347447912064,0,churn,0.0050719818924065225,0.04320154264265858,13,(1+1)-EA+CXM continue|n100 m10 mixed lam=0.2|303
h10_elite_migration,(1+1)-EA+CXM continue,n100 m10 mixed lam=0.2,mixed,100,10,304,20000,4000,1.482720136642456,0.0006037870269129456,0.060170582894009304,0.10461019244275213,1.0484217751095348,16.375,0.16982691102756892,2.625,0.09503876227969453,0.2,,0.0006037870269129456,0.009703738369008846,0,vm_add,0.055845255501994394,0.055845255501994394,0,drift,0.006302145090270171,0.13649714378974515,53,vm_add,0.1834473910811445,0.18344739108114447,0,churn,0.13164121389527764,0.202495459810894,17,vm_fail,0.017010001734466543,0.0194506858212855,1,vm_fail,0.014222613076532479,0.03172349469088905,8,vm_add,0.06636181468996981,0.0663618146899698,0,drift,0.006534228082418948,0.1410602941560946,52,(1+1)-EA+CXM continue|n100 m10 mixed lam=0.2|304
h10_elite_migration,(1+1)-EA+CXM continue,n100 m10 mixed lam=0.2,mixed,100,10,305,20000,4000,1.5313396453857422,0.0006357534804457774,0.0712843073639189,0.12034345051313067,1.06282029421145,11.625,0.1453125,1.0,0.10059171439008817,0.2,,0.0006357534804457774,0.023400173272238315,0,vm_fail,0.008041097939908667,0.008041097939908667,0,vm_add,0.21648832849756391,0.21648832849756397,0,churn,0.003774768165570338,0.17997033727994846,35,churn,0.004933994510752504,0.08619535022382256,26,vm_add,0.05192592480852016,0.05192592480852016,0,vm_add,0.07025895381415456,0.07025895381415456,0,vm_add,0.19849821177903162,0.1984982117790316,0,churn,0.01635317939584941,0.15136939976209535,32,(1+1)-EA+CXM continue|n100 m10 mixed lam=0.2|305
h10_elite_migration,(1+1)-EA+CXM continue,n100 m10 mixed lam=0.2,mixed,100,10,306,20000,4000,1.4755768775939941,0.00022357229419423736,0.029192151536987176,0.07085271183356992,1.0190880725008067,15.625,0.16181451612903225,0.875,0.06167447379872543,0.2,,0.00022357229419423736,0.006291693778161626,0,vm_add,0.01606626758876675,0.016066267588766753,0,vm_add,0.08837657930706244,0.08837657930706243,0,drift,0.00128553492137347,0.15254790411918404,60,vm_fail,0.021180988517682336,0.03554941574672052,6,churn,0.004663739800487224,0.05627211171816454,16,vm_add,0.04101476272809971,0.04101476272809971,0,vm_add,0.05698148562751521,0.056981485627515205,0,drift,0.003967853804910251,0.12001316783304616,43,(1+1)-EA+CXM continue|n100 m10 mixed lam=0.2|306
h10_elite_migration,(1+1)-EA+CXM continue,n100 m10 mixed lam=0.2,mixed,100,10,307,20000,4000,1.4381709098815918,0.0003651439638693392,0.004850802666582431,0.05890560691831824,0.9978227530710829,20.375,0.2097597005669738,4.625,0.04693894777092891,0.2,,0.0003651439638693392,0.024446273730850863,0,churn,0.002641851006204533,0.053095054224482026,17,vm_fail,0.005532255016345748,0.010275029302397312,2,drift,0.0019002096101973101,0.13745988094123482,52,drift,0.001609945831209838,0.11847979452042148,44,drift,0.005928172849560603,0.08282010028106288,32,vm_fail,0.009556309045616787,0.012495332763420016,1,vm_fail,0.0046510188766891915,0.0046510188766891915,0,vm_add,0.00698665909683544,0.05196864443683821,15,(1+1)-EA+CXM continue|n100 m10 mixed lam=0.2|307
h10_elite_migration,(1+1)-EA+CXM continue,n100 m10 mixed lam=0.2,mixed,100,10,308,20000,4000,1.436791181564331,0.0007917903286255392,0.010177667836249392,0.03087187032162186,1.0035874241136828,6.875,0.08506633169462118,3.75,0.02725226242609244,0.2,,0.0007917903286255392,0.01198700297164036,0,vm_fail,0.006832069872806011,0.011300889710013874,2,vm_add,0.03333803837148774,0.03333803837148774,0,vm_fail,0.01266904928182825,0.01266904928182825,0,churn,0.005548602922291579,0.03459050319585709,10,churn,0.002768659062412823,0.060722844452693776,17,vm_fail,0.015510726355300373,0.01985051124640542,2,churn,0.0016326227248732084,0.03801407878481539,13,churn,0.0031215740989951487,0.03648904752987336,11,(1+1)-EA+CXM continue|n100 m10 mixed lam=0.2|308
h10_elite_migration,(1+1)-EA+CXM continue,n100 m10 mixed lam=0.2,mixed,100,10,309,20000,4000,1.4303359985351562,0.0005400188734899088,0.02767345816875391,0.0798767831952375,1.0158859689565132,18.75,0.18811813186813187,1.125,0.06543217305783176,0.2,,0.0005400188734899088,0.007028549691646947,0,vm_fail,0.010956202576340964,0.025065994345881228,5,drift,0.0017959433012362193,0.11751134982667226,51,vm_add,0.028941782731719035,0.02894178273171904,0,vm_add,0.05597255977745178,0.05597255977745177,0,drift,0.005669824388964368,0.17802982191692499,47,drift,0.0025974530192916386,0.11803885740822348,47,vm_add,0.046404919536609655,0.04640491953660965,0,vm_add,0.06904898001841761,0.06904898001841762,0,(1+1)-EA+CXM continue|n100 m10 mixed lam=0.2|309
h10_elite_migration,(1+1)-EA+CXM continue,n100 m10 mixed lam=0.2,mixed,100,10,310,20000,4000,1.5706396102905273,0.0007771588942188509,0.011193792065377677,0.07387634571842777,1.0036169248900864,24.0,0.24520322897761648,2.25,0.06041638297111493,0.2,,0.0007771588942188509,0.0152880908355526,0,drift,0.0028206638873235533,0.14204958409910046,52,churn,0.0033534535507393345,0.050126394811020554,15,drift,0.004786338291132536,0.09572882157674341,37,vm_fail,0.007420590037552371,0.01824885827396974,5,drift,0.0019070917420498422,0.13817642427595006,54,drift,0.006760862247602341,0.08177611735938276,28,vm_add,0.053982893740316756,0.05398289374031676,0,vm_fail,0.008518443026304681,0.010921671610938375,1,(1+1)-EA+CXM continue|n100 m10 mixed lam=0.2|310
h10_elite_migration,Chooser (cheaper of the two),n100 m10 mixed lam=0.2,mixed,100,10,301,20000,4000,0.023809194564819336,0.0064713761837668785,0.016903481184780786,0.08319280526158174,1.0089903430486002,32.875,0.32875,4.25,0.08319280526158174,0.2,,0.0064713761837668785,0.0064713761837668785,0,churn,0.02177898481503728,0.02177898481503728,0,vm_add,0.005633130089331954,0.19066962602576895,92,vm_add,0.009620885166196297,0.19135264449611158,90,drift,0.009545292271946863,0.17309162962000219,81,vm_fail,0.013567186223347861,0.013567186223347861,0,churn,0.019275136455591042,0.019275136455591042,0,vm_fail,0.032268695221222825,0.032268695221222825,0,vm_fail,0.02353853923557215,0.02353853923557215,0,Chooser (cheaper of the two)|n100 m10 mixed lam=0.2|301
h10_elite_migration,Chooser (cheaper of the two),n100 m10 mixed lam=0.2,mixed,100,10,302,20000,4000,0.02362966537475586,0.01058388271372133,0.01866357074160038,0.08405854957440714,1.0128572752316782,32.5,0.325,2.75,0.08405854957440714,0.2,,0.01058388271372133,0.01058388271372133,0,drift,0.008577826015725369,0.1860875233944929,88,vm_fail,0.010879050170871169,0.010879050170871169,0,churn,0.012015059708069438,0.012015059708069438,0,vm_fail,0.033171135956089545,0.033171135956089545,0,drift,0.003942820185219079,0.17862887089744706,87,churn,0.009427351349919212,0.009427351349919212,0,drift,0.005671073949756469,0.17663515652121506,85,vm_add,0.06562424859715275,0.06562424859715275,0,Chooser (cheaper of the two)|n100 m10 mixed lam=0.2|302
h10_elite_migration,Chooser (cheaper of the two),n100 m10 mixed lam=0.2,mixed,100,10,303,20000,4000,0.02181529998779297,0.008481513833635353,0.022166079461438355,0.06621426017686013,1.013378808278559,21.875,0.21875,1.5,0.06621426017686013,0.2,,0.008481513833635353,0.008481513833635353,0,vm_fail,0.02624042568010705,0.02624042568010705,0,vm_add,0.048731280413150065,0.048731280413150065,0,churn,0.019422231237447973,0.019422231237447973,0,vm_fail,0.03347703231174184,0.03347703231174184,0,drift,0.006340784595220752,0.18144408111478916,87,drift,0.007284938657987979,0.18456708786179385,88,vm_fail,0.0265271066909722,0.0265271066909722,0,churn,0.009304836104878974,0.009304836104878974,0,Chooser (cheaper of the two)|n100 m10 mixed lam=0.2|303
h10_elite_migration,Chooser (cheaper of the two),n100 m10 mixed lam=0.2,mixed,100,10,304,20000,4000,0.02401256561279297,0.011182541500880099,0.07201092212130983,0.11625982791089728,1.0601241143137057,21.875,0.21875,2.75,0.11625982791089728,0.2,,0.011182541500880099,0.011182541500880099,0,vm_add,0.06700804327601098,0.06700804327601098,0,drift,0.012656728400145475,0.1989855664257722,92,vm_add,0.19092060881815437,0.19092060881815437,0,churn,0.133879658323389,0.133879658323389,0,vm_fail,0.010456416987107335,0.010456416987107335,0,vm_fail,0.0486219056978491,0.0486219056978491,0,vm_add,0.10252950769027414,0.10252950769027414,0,drift,0.010014507777548325,0.17767691606862127,83,Chooser (cheaper of the two)|n100 m10 mixed lam=0.2|304
h10_elite_migration,Chooser (cheaper of the two),n100 m10 mixed lam=0.2,mixed,100,10,305,20000,4000,0.025011539459228516,0.008223312381346173,0.02752290489487406,0.07160924458004,1.0193937428319941,21.875,0.21875,0.625,0.07160924458004,0.2,,0.008223312381346173,0.008223312381346173,0,vm_fail,0.03099560275592146,0.03099560275592146,0,vm_add,0.005752295058011366,0.19081071734868538,92,churn,0.010624594157389351,0.010624594157389351,0,churn,0.010590441657428845,0.010590441657428845,0,vm_add,0.05784687427226562,0.05784687427226562,0,vm_add,0.07628309394532226,0.07628309394532226,0,vm_add,0.0098331035581537,0.1774653987488072,83,churn,0.0182572337544999,0.0182572337544999,0,Chooser (cheaper of the two)|n100 m10 mixed lam=0.2|305
h10_elite_migration,Chooser (cheaper of the two),n100 m10 mixed lam=0.2,mixed,100,10,306,20000,4000,0.02533435821533203,0.011498194450387201,0.03847257289284818,0.08366582485586416,1.0282750448277134,22.375,0.22375,1.0,0.08366582485586416,0.2,,0.011498194450387201,0.011498194450387201,0,vm_add,0.02751947022269461,0.02751947022269461,0,vm_add,0.10064487115224569,0.10064487115224569,0,drift,0.006701463377435699,0.18589432385861926,89,vm_fail,0.025676745500231968,0.025676745500231968,0,churn,0.014865273716420708,0.014865273716420708,0,vm_add,0.05158541138221271,0.05158541138221271,0,vm_add,0.06771426321963193,0.06771426321963193,0,drift,0.013073084571912162,0.19542623979485635,90,Chooser (cheaper of the two)|n100 m10 mixed lam=0.2|306
h10_elite_migration,Chooser (cheaper of the two),n100 m10 mixed lam=0.2,mixed,100,10,307,20000,4000,0.023209333419799805,0.005184865225037136,0.021732251447392326,0.08226926165623191,1.0145941887847185,30.0,0.30000000000000004,4.125,0.08226926165623191,0.2,,0.005184865225037136,0.005184865225037136,0,churn,0.016888607957784147,0.016888607957784147,0,vm_fail,0.019481729009191442,0.019481729009191442,0,drift,0.007681047277680281,0.18503291159855195,88,drift,0.011500221088965796,0.15715625292577706,72,drift,0.00805115945646093,0.16933934496949465,80,vm_fail,0.00700915819896309,0.00700915819896309,0,vm_fail,0.021524263412412287,0.021524263412412287,0,vm_add,0.08172182517768063,0.08172182517768063,0,Chooser (cheaper of the two)|n100 m10 mixed lam=0.2|307
h10_elite_migration,Chooser (cheaper of the two),n100 m10 mixed lam=0.2,mixed,100,10,308,20000,4000,0.024099111557006836,0.009829057547112767,0.02527680099618681,0.02527680099618681,1.0185755554242484,0.0,0.0,3.75,0.02527680099618681,0.2,,0.009829057547112767,0.009829057547112767,0,vm_fail,0.038110417596397946,0.038110417596397946,0,vm_add,0.06543982321459561,0.06543982321459561,0,vm_fail,0.012756960594949029,0.012756960594949029,0,churn,0.02619827196313376,0.02619827196313376,0,churn,0.01878734258684266,0.01878734258684266,0,vm_fail,0.012746997439871172,0.012746997439871172,0,churn,0.015004472271640763,0.015004472271640763,0,churn,0.013170122302063532,0.013170122302063532,0,Chooser (cheaper of the two)|n100 m10 mixed lam=0.2|308
h10_elite_migration,Chooser (cheaper of the two),n100 m10 mixed lam=0.2,mixed,100,10,309,20000,4000,0.022135019302368164,0.01350451577407029,0.03476938375586905,0.09964490406046445,1.0229028073686108,32.125,0.32125000000000004,1.5,0.09964490406046445,0.2,,0.01350451577407029,0.01350451577407029,0,vm_fail,0.019891779427726457,0.019891779427726457,0,drift,0.011229585155274498,0.18718353297229226,87,vm_add,0.03863104962469541,0.03863104962469541,0,vm_add,0.06591636819796269,0.06591636819796269,0,drift,0.01060474437120058,0.19655601733550138,92,drift,0.007044497791311135,0.16414343944675577,78,vm_add,0.05104627336493543,0.05104627336493543,0,vm_add,0.07379077211384616,0.07379077211384616,0,Chooser (cheaper of the two)|n100 m10 mixed lam=0.2|309
h10_elite_migration,Chooser (cheaper of the two),n100 m10 mixed lam=0.2,mixed,100,10,310,20000,4000,0.024669170379638672,0.004135430617277745,0.018043666130488793,0.10700707935839471,1.0104174469011613,44.125,0.44125000000000003,2.375,0.10700707935839471,0.2,,0.004135430617277745,0.004135430617277745,0,drift,0.00801580167214109,0.18744261436978207,89,churn,0.013837859064052875,0.013837859064052875,0,drift,0.009052299473852918,0.17857308578546022,84,vm_fail,0.03056877354169728,0.03056877354169728,0,drift,0.0043869209540562185,0.1831677928838782,89,drift,0.010872719143830138,0.19485155402800708,91,vm_add,0.05828761692994984,0.05828761692994984,0,vm_fail,0.009327338264329988,0.009327338264329988,0,Chooser (cheaper of the two)|n100 m10 mixed lam=0.2|310
h10_elite_migration,GA continue,n100 m10 mixed lam=0.2,mixed,100,10,301,20000,4000,2.093277931213379,0.011938736375147578,0.0789560995750863,0.1462329739687356,1.070561351417224,12.5,0.13438766441521507,4.5,0.10872543108034824,0.2,,0.011938736375147578,0.05744306001563476,0,churn,0.028873307505284943,0.09917732273550502,15,vm_add,0.2141353171076549,0.2281838345715399,5,vm_add,0.2681964811718144,0.4642047412805494,29,drift,0.05144906392128886,0.23102385911061174,33,vm_fail,0.013620009161664934,0.013620009161664937,0,churn,0.024573644174452274,0.08874196110170232,13,vm_fail,0.012115695165335618,0.0190958034078551,3,vm_fail,0.018685278393194435,0.02581626038045632,2,GA continue|n100 m10 mixed lam=0.2|301
h10_elite_migration,GA continue,n100 m10 mixed lam=0.2,mixed,100,10,302,20000,4000,2.0376181602478027,0.013343169677647456,0.01831665521135619,0.05450389414795637,1.0125136786601299,10.75,0.1128125,2.625,0.04133327082087188,0.2,,0.013343169677647456,0.036908306114355444,0,drift,0.029399448332988035,0.13017946065069036,21,vm_fail,0.016298202013483865,0.01629820201348387,0,churn,0.014378243058205595,0.042764111520883476,7,vm_fail,0.012314633762903867,0.012314633762903869,0,drift,0.013673161595757176,0.0643215831532297,19,churn,0.01488156002042593,0.04528704717327252,10,drift,0.029508210736903174,0.060301325401530596,12,vm_add,0.01607978217018188,0.06456478950765653,17,GA continue|n100 m10 mixed lam=0.2|302
h10_elite_migration,GA continue,n100 m10 mixed lam=0.2,mixed,100,10,303,20000,4000,2.00439715385437,0.015183178216340744,0.019901690388992907,0.041095976367532414,1.0111371176976758,5.75,0.06132978723404255,1.875,0.03243895958958442,0.2,,0.015183178216340744,0.05159998247577159,0,vm_fail,0.014731624072592927,0.014731624072592927,0,vm_add,0.024802422601778215,0.0350123549169494,3,churn,0.025593037405927294,0.03888594662243327,3,vm_fail,0.023630508474449644,0.023630508474449644,0,drift,0.015825871300526546,0.06336032063103994,12,drift,0.028575904665592386,0.09691247989008411,18,vm_fail,0.008101192102481903,0.011457451205098008,1,churn,0.017952962488594355,0.044777125127612,9,GA continue|n100 m10 mixed lam=0.2|303
h10_elite_migration,GA continue,n100 m10 mixed lam=0.2,mixed,100,10,304,20000,4000,1.9993529319763184,0.014925746594301471,0.046410230756549174,0.08911828747044757,1.0348347405453602,9.875,0.10081640388114009,2.25,0.06745520620004049,0.2,,0.014925746594301471,0.045784041999774636,0,vm_add,0.07095790373976471,0.07095790373976471,0,drift,0.03358654151654025,0.17229166654593353,25,vm_add,0.10617388855314615,0.1653931360330119,14,churn,0.06784717650076061,0.08991468165146112,4,vm_fail,0.018975767999701607,0.026168538126758418,3,vm_fail,0.016190356686014425,0.030009969060237413,4,vm_add,0.035055747158677354,0.05102483763639424,6,drift,0.0224944638977883,0.10718556697001928,23,GA continue|n100 m10 mixed lam=0.2|304
h10_elite_migration,GA continue,n100 m10 mixed lam=0.2,mixed,100,10,305,20000,4000,2.122875928878784,0.012517337425278385,0.057976630510676655,0.09724755379592934,1.0496216447316586,9.875,0.10903225806451612,0.875,0.08100584407202717,0.2,,0.012517337425278385,0.048858146460174175,0,vm_fail,0.0125184836951501,0.019050861009312293,3,vm_add,0.0815901984508133,0.20574568069208826,25,churn,0.01910125239767551,0.05097469095342446,8,churn,0.026481753258429313,0.07504042462411586,13,vm_add,0.06942259949232629,0.07382375568812166,2,vm_add,0.026395095317427276,0.06138226714701948,14,vm_add,0.13562625730848527,0.1453932156187564,3,churn,0.09267740416510616,0.14656953463459627,11,GA continue|n100 m10 mixed lam=0.2|305
h10_elite_migration,GA continue,n100 m10 mixed lam=0.2,mixed,100,10,306,20000,4000,2.111522912979126,0.014569156915683546,0.05193551032966891,0.08904172297305485,1.041600976906437,7.875,0.08127840909090908,1.5,0.06900697121016483,0.2,,0.014569156915683546,0.027101664553981566,0,vm_add,0.030639074135709654,0.03063907413570966,0,vm_add,0.10398648768253131,0.1039864876825313,0,drift,0.04467343861340672,0.20507935588500517,29,vm_fail,0.013284006309614243,0.017889842701930746,2,churn,0.03119279623841569,0.05830631268471108,7,vm_add,0.05360021756947459,0.060525790934265675,3,vm_add,0.06975997180447724,0.06975997180447722,0,drift,0.0683480902837218,0.16614694795580787,22,GA continue|n100 m10 mixed lam=0.2|306
h10_elite_migration,GA continue,n100 m10 mixed lam=0.2,mixed,100,10,307,20000,4000,2.120901107788086,0.011931567065867007,0.019589676140606492,0.062542227488757,1.012441676371211,10.5,0.10868122771986824,4.0,0.0418858361328676,0.2,,0.011931567065867007,0.05040881819828238,0,churn,0.030299081109883573,0.09143850638252582,8,vm_fail,0.015389914730128882,0.02049766985729351,2,drift,0.029358235010697897,0.1379686793170856,21,drift,0.03688406865712322,0.10643455503714636,19,drift,0.025620797158598937,0.07233022889158525,17,vm_fail,0.0028968530849284137,0.016121121649159482,3,vm_fail,0.005695759986677805,0.009886158986622203,2,vm_add,0.010572699386813213,0.04566089978863781,12,GA continue|n100 m10 mixed lam=0.2|307
h10_elite_migration,GA continue,n100 m10 mixed lam=0.2,mixed,100,10,308,20000,4000,2.169153928756714,0.017129267264258397,0.01835989976153579,0.03618437429745375,1.0117154197130276,4.625,0.05622640700068634,3.875,0.029809915304087428,0.2,,0.017129267264258397,0.05953833328136455,0,vm_fail,0.013471039343264407,0.0231049748623335,3,vm_add,0.04015178606059178,0.040151786060591776,0,vm_fail,0.007170274850636717,0.007170274850636716,0,churn,0.013934016838397881,0.04296600170881416,7,churn,0.025600996498015637,0.05906699521196578,10,vm_fail,0.010795411991178781,0.019397926135784557,4,churn,0.015552826623790745,0.04571751635537554,7,churn,0.020202845886410387,0.051899519194127934,6,GA continue|n100 m10 mixed lam=0.2|308
h10_elite_migration,GA continue,n100 m10 mixed lam=0.2,mixed,100,10,309,20000,4000,2.0363271236419678,0.0121631558151105,0.03924657133560589,0.10340999180422678,1.0273825767958567,13.375,0.13375,1.5,0.06726342676301256,0.2,,0.0121631558151105,0.035984273028589454,0,vm_fail,0.013282348204881592,0.013282348204881594,0,drift,0.02959545971312161,0.14923870540801024,23,vm_add,0.03130887660494538,0.04526069921902756,5,vm_add,0.044717461336864536,0.05436502604122877,3,drift,0.06790990691824662,0.2873404005910366,34,drift,0.04486278395777914,0.14983249751034716,24,vm_add,0.037363381154662235,0.07109644953338053,13,vm_add,0.04493235279434601,0.056863807925901844,5,GA continue|n100 m10 mixed lam=0.2|309
h10_elite_migration,GA continue,n100 m10 mixed lam=0.2,mixed,100,10,310,20000,4000,2.2760698795318604,0.010962395995608108,0.03920623123164333,0.09044588630010904,1.031424072903271,12.375,0.1257409793814433,2.125,0.06560543251208217,0.2,,0.010962395995608108,0.042622125564483526,0,drift,0.0924711320135632,0.2622215758833436,27,churn,0.038028214504434325,0.0724775020154238,6,drift,0.040318467332343816,0.09175094805055264,17,vm_fail,0.018224169009161517,0.0245224628380841,3,drift,0.033730204365498805,0.13697570480441365,29,drift,0.02355348769218881,0.060001489475577596,14,vm_add,0.05746244506820405,0.06575567746572478,3,vm_fail,0.009861729867752142,0.009861729867752144,0,GA continue|n100 m10 mixed lam=0.2|310
h10_elite_migration,QI-MRFO+CXM continue,n100 m10 mixed lam=0.2,mixed,100,10,301,20000,4000,6.737511396408081,0.0008034395373276679,0.019758006294703034,0.09679468975225242,1.0118080412209705,26.625,0.2925782787667016,4.25,0.07958354735329959,0.2,,0.0008034395373276679,0.012424251864251949,0,churn,0.008381710243229644,0.07961273022529122,22,vm_add,0.009799779023672083,0.08545277226750062,34,vm_add,0.08794692779669595,0.21117544943782549,37,drift,0.015115845323757768,0.12234560662069073,38,vm_fail,0.0028347994806666994,0.08611412971469469,28,churn,0.012079360164061428,0.09114340252892636,24,vm_fail,0.012448959624337702,0.06919700297431307,21,vm_fail,0.00945666870120299,0.02931642424877712,9,QI-MRFO+CXM continue|n100 m10 mixed lam=0.2|301
h10_elite_migration,QI-MRFO+CXM continue,n100 m10 mixed lam=0.2,mixed,100,10,302,20000,4000,6.496159553527832,0.0005247079719280449,0.005459821305307948,0.06835235139774509,0.9997326254289933,24.0,0.25787985588972434,2.625,0.057311365281579124,0.2,,0.0005247079719280449,0.0052725963407204745,0,drift,0.007721222333325239,0.12091966114438578,46,vm_fail,0.004458789869204752,0.06005936390498125,17,churn,0.0016858261898305968,0.0769628283449155,24,vm_fail,0.0093437796731105,0.0227214056270978,6,drift,0.0025086738921212487,0.06601396530120053,25,churn,0.0019324862353963218,0.06514807117516933,19,drift,0.007317809024538431,0.07206043105380906,29,vm_add,0.008709983224936494,0.06293308463040144,26,QI-MRFO+CXM continue|n100 m10 mixed lam=0.2|302
h10_elite_migration,QI-MRFO+CXM continue,n100 m10 mixed lam=0.2,mixed,100,10,303,20000,4000,6.427565813064575,0.0005958956312608322,0.008448526349191996,0.06873832326517126,0.9997870064325152,22.125,0.23796647536394175,1.875,0.056455294685218614,0.2,,0.0005958956312608322,0.02378195724463283,0,vm_fail,0.005705450217877033,0.033909770171938525,11,vm_add,0.021066595830249474,0.10439813086859963,33,churn,0.006010120916219551,0.12033308376211162,31,vm_fail,0.00794795771449566,0.025614035306768278,8,drift,0.0030518346810979274,0.061510017830124095,25,drift,0.006228864014588535,0.10745188105210633,41,vm_fail,0.012149321598248263,0.04442398871220849,12,churn,0.005428065820759534,0.05226567841751312,16,QI-MRFO+CXM continue|n100 m10 mixed lam=0.2|303
h10_elite_migration,QI-MRFO+CXM continue,n100 m10 mixed lam=0.2,mixed,100,10,304,20000,4000,6.77185845375061,0.0007500681960792569,0.015499727713951594,0.09781181841803577,1.0042663545869206,28.125,0.29643796992481203,2.625,0.07556556869666568,0.2,,0.0007500681960792569,0.019402401875970005,0,vm_add,0.01831863414032748,0.07369994532614783,22,drift,0.007484441540068229,0.16145099203208685,59,vm_add,0.025416852449824535,0.13501121347245088,30,churn,0.0070573007021992335,0.109529007010294,28,vm_fail,0.0089541707311026,0.08091452351593213,24,vm_fail,0.012170513730144819,0.04040705538295708,11,vm_add,0.034257343820372016,0.06920913555081774,14,drift,0.010338564597573834,0.1122726750535996,37,QI-MRFO+CXM continue|n100 m10 mixed lam=0.2|304
h10_elite_migration,QI-MRFO+CXM continue,n100 m10 mixed lam=0.2,mixed,100,10,305,20000,4000,6.9694132804870605,0.0010851257043272605,0.012626203472350724,0.08896267884055944,1.0046238295500445,27.375,0.3001915322580645,0.875,0.07344632006333707,0.2,,0.0010851257043272605,0.009438774742326688,0,vm_fail,0.007710926929392436,0.03656449277402261,12,vm_add,0.006641013928526572,0.09832757694023553,39,churn,0.0054315771361317135,0.08056387526620548,26,churn,0.007331761906346991,0.08000216979178158,25,vm_add,0.016210680526802915,0.07066479879209031,20,vm_add,0.014857441451195944,0.08551431114389098,30,vm_add,0.025637917801468214,0.13344513325547888,37,churn,0.017188308098940994,0.1266190727607703,30,QI-MRFO+CXM continue|n100 m10 mixed lam=0.2|305
h10_elite_migration,QI-MRFO+CXM continue,n100 m10 mixed lam=0.2,mixed,100,10,306,20000,4000,6.919701099395752,0.0003620227974819096,0.026365670653604154,0.08349219023601372,1.016295841157874,21.25,0.22048295454545455,1.5,0.07155638627602892,0.2,,0.0003620227974819096,0.004717346629877374,0,vm_add,0.03916686589152312,0.08967595843877126,21,vm_add,0.026512600661033395,0.08303789110348787,23,drift,0.009125036414145185,0.12326211217193672,46,vm_fail,0.011398527148455186,0.04581349223634072,12,churn,0.0105193837872609,0.07859465495746588,19,vm_add,0.033593762560928254,0.0540521210656641,9,vm_add,0.033482737218148845,0.04707678592225767,5,drift,0.04712645154733832,0.14642450599218543,35,QI-MRFO+CXM continue|n100 m10 mixed lam=0.2|306
h10_elite_migration,QI-MRFO+CXM continue,n100 m10 mixed lam=0.2,mixed,100,10,307,20000,4000,6.538305759429932,0.0009377332923246353,0.005390996797998765,0.07141889882019153,0.9983572756642256,21.75,0.23379921748851074,4.625,0.05239032332072942,0.2,,0.0009377332923246353,0.017166833172085578,0,churn,0.004333943669376459,0.11932172701501302,32,vm_fail,0.00817935885040614,0.04068648127081999,11,drift,0.0034992415685526613,0.1280169851054747,36,drift,0.004001257046786345,0.09054040812671658,32,drift,0.0073690628785982384,0.08424472474966384,31,vm_fail,0.00469028202632384,0.04359144434366186,13,vm_fail,0.004189419244306822,0.022059350418473487,4,vm_add,0.006865409099639612,0.042890069531708735,15,QI-MRFO+CXM continue|n100 m10 mixed lam=0.2|307
h10_elite_migration,QI-MRFO+CXM continue,n100 m10 mixed lam=0.2,mixed,100,10,308,20000,4000,6.534273386001587,0.000923051587766865,0.008178949223961873,0.06763847777179771,1.0016040173584981,18.875,0.22516566323747172,3.875,0.05354698121239827,0.2,,0.000923051587766865,0.011074100243266155,0,vm_fail,0.0069339788901767885,0.02878730426782584,7,vm_add,0.021761665923373485,0.06603755339424386,18,vm_fail,0.011391250894347088,0.058770985398865966,17,churn,0.0055617658382545,0.09108797744262183,28,churn,0.004718342598035349,0.09413077781149534,24,vm_fail,0.005977591239761608,0.03527390189800116,11,churn,0.00488369568144322,0.07176843559405315,19,churn,0.004203302726302934,0.0952508863672745,27,QI-MRFO+CXM continue|n100 m10 mixed lam=0.2|308
h10_elite_migration,QI-MRFO+CXM continue,n100 m10 mixed lam=0.2,mixed,100,10,309,20000,4000,6.780491352081299,0.00021540392440112327,0.012050668875353113,0.10316645108208464,1.0004820716557845,31.75,0.32142045454545454,1.5,0.07706352850796927,0.2,,0.00021540392440112327,0.0029424141129715453,0,vm_fail,0.010356797995191618,0.07574842287145458,23,drift,0.009446232498817994,0.0971267887819936,35,vm_add,0.007723152761881591,0.09561995245379458,30,vm_add,0.00862451034830649,0.09092156258074417,35,drift,0.011841095246616943,0.21120159353951073,55,drift,0.010310640075074947,0.10348789453251582,34,vm_add,0.008167415214479678,0.06609568281641932,22,vm_add,0.029935506862455656,0.08512971108024418,20,QI-MRFO+CXM continue|n100 m10 mixed lam=0.2|309
h10_elite_migration,QI-MRFO+CXM continue,n100 m10 mixed lam=0.2,mixed,100,10,310,20000,4000,6.721412897109985,0.0006800415209223151,0.011595362781621784,0.09203745523692085,1.0040140825429518,29.75,0.30798295454545455,2.0,0.07396623912255687,0.2,,0.0006800415209223151,0.01033210185158088,0,drift,0.027801376950122535,0.19025075195987495,48,churn,0.011873053884349711,0.08387161446930766,25,drift,0.009104913305376938,0.08728987499267188,32,vm_fail,0.008351028744704276,0.03547338485727738,12,drift,0.0026221239980929586,0.12049788902172255,43,drift,0.00980503675786123,0.11033727242100863,42,vm_add,0.014946288050380887,0.06671460694013766,24,vm_fail,0.008259080562085746,0.04186424723336599,12,QI-MRFO+CXM continue|n100 m10 mixed lam=0.2|310
h10_elite_migration,QI-MRFO+CXM continue+elite,n100 m10 mixed lam=0.2,mixed,100,10,301,20000,4000,6.648087739944458,0.0008034395373276679,0.06333162120631412,0.11255700791062,1.0549720451229478,16.875,0.18287995864872442,4.375,0.10216667770829443,0.2,,0.0008034395373276679,0.012424251864251949,0,churn,0.011350972765745248,0.0582479483530399,16,vm_add,0.016550305384460107,0.11771694078347958,42,vm_add,0.25816635614676076,0.26558143069956913,2,drift,0.1750834991491056,0.3143940781434128,41,vm_fail,0.01639437537893475,0.021557801559440884,2,churn,0.009821847987901965,0.08690451612890145,25,vm_fail,0.011003928596470038,0.018765638755388635,3,vm_fail,0.00828168424113446,0.017287708861727626,4,QI-MRFO+CXM continue+elite|n100 m10 mixed lam=0.2|301
h10_elite_migration,QI-MRFO+CXM continue+elite,n100 m10 mixed lam=0.2,mixed,100,10,302,20000,4000,6.474745035171509,0.0005247079719280449,0.015013741521326226,0.05548911966055393,1.0092289720995393,15.25,0.16376064241486069,2.5,0.0479987568135758,0.2,,0.0005247079719280449,0.0052725963407204745,0,drift,0.008179365781604218,0.10326579766657405,39,vm_fail,0.008388572220711236,0.02225076297597932,4,churn,0.007054695750173539,0.04367364611631268,9,vm_fail,0.004564311352028728,0.006887299967787021,1,drift,0.005730611579848712,0.06136537482821529,22,churn,0.0035066844139603265,0.0696861324647059,24,drift,0.011201412392036598,0.06529966458461076,23,vm_add,0.07148427868024644,0.07148427868024643,0,QI-MRFO+CXM continue+elite|n100 m10 mixed lam=0.2|302
h10_elite_migration,QI-MRFO+CXM continue+elite,n100 m10 mixed lam=0.2,mixed,100,10,303,20000,4000,6.792247533798218,0.0005958956312608322,0.011456802029992042,0.046636096856309935,1.00276706986032,13.625,0.1467287234042553,2.25,0.04098679221226266,0.2,,0.0005958956312608322,0.02378195724463283,0,vm_fail,0.013151173946851273,0.018658615717340767,2,vm_add,0.03535516757802161,0.03535516757802161,0,churn,0.010493640560018096,0.06637397254907856,17,vm_fail,0.006683324719819663,0.009186728151155241,1,drift,0.010389546444263077,0.07405902140917836,27,drift,0.001553376065787158,0.10564269267241551,44,vm_fail,0.008547977767862083,0.01506873157695574,3,churn,0.00548020915731337,0.0487438451963337,15,QI-MRFO+CXM continue+elite|n100 m10 mixed lam=0.2|303
h10_elite_migration,QI-MRFO+CXM continue+elite,n100 m10 mixed lam=0.2,mixed,100,10,304,20000,4000,6.9663472175598145,0.0007500681960792569,0.03779642059427159,0.09592674305023287,1.026314481948544,19.125,0.2042220196575777,2.75,0.07897904014531823,0.2,,0.0007500681960792569,0.019402401875970005,0,vm_add,0.05599961258162574,0.05599961258162574,0,drift,0.007096542135233312,0.1689765740995485,52,vm_add,0.18438163047925277,0.18438163047925277,0,churn,0.007967694400454249,0.1523224028052942,38,vm_fail,0.01243671440349802,0.02021771790279475,3,vm_fail,0.01761550733407054,0.03062294758889323,5,vm_add,0.008289396399909868,0.04677721123489502,15,drift,0.008584267020128204,0.10811584770955883,40,QI-MRFO+CXM continue+elite|n100 m10 mixed lam=0.2|304
h10_elite_migration,QI-MRFO+CXM continue+elite,n100 m10 mixed lam=0.2,mixed,100,10,305,20000,4000,7.033275842666626,0.0010851257043272605,0.026159363813025176,0.06603447976575456,1.0180346901076278,13.75,0.14996975806451612,0.875,0.05651748990338908,0.2,,0.0010851257043272605,0.009438774742326688,0,vm_fail,0.007820444084789884,0.014455240649529756,3,vm_add,0.012908502399801508,0.08969962788768722,35,churn,0.008351278796080929,0.055461602582744414,11,churn,0.01407611380924347,0.05011182524278217,11,vm_add,0.06149554067414409,0.061495540674144075,0,vm_add,0.07999534952719901,0.07999534952719901,0,vm_add,0.012592188320700817,0.10193907943945256,33,churn,0.012035492892241727,0.07511757212249728,17,QI-MRFO+CXM continue+elite|n100 m10 mixed lam=0.2|305
h10_elite_migration,QI-MRFO+CXM continue+elite,n100 m10 mixed lam=0.2,mixed,100,10,306,20000,4000,7.069560289382935,0.0003620227974819096,0.04737128584959011,0.08144313144129389,1.0371006566687766,11.125,0.11484543010752689,0.875,0.07140061385331693,0.2,,0.0003620227974819096,0.004717346629877374,0,vm_add,0.016206911030911018,0.01620691103091102,0,vm_add,0.08852723191048584,0.08852723191048582,0,drift,0.0769879580623597,0.19062873772577396,34,vm_fail,0.017227646541456133,0.029762497724856795,5,churn,0.019272034929294173,0.052325346014907216,10,vm_add,0.05615161925523686,0.056151619255236866,0,vm_add,0.07235050600322608,0.07235050600322607,0,drift,0.032246379063751114,0.14559220186495336,40,QI-MRFO+CXM continue+elite|n100 m10 mixed lam=0.2|306
h10_elite_migration,QI-MRFO+CXM continue+elite,n100 m10 mixed lam=0.2,mixed,100,10,307,20000,4000,6.482543230056763,0.0009377332923246353,0.006014083355727914,0.047845258741867944,0.9989764665016027,16.375,0.16641369047619048,5.0,0.03947713852651741,0.2,,0.0009377332923246353,0.017166833172085578,0,churn,0.006897198363981493,0.026558571542448693,7,vm_fail,0.004134860614670809,0.00901890303913026,2,drift,0.004428596715012549,0.11378117907803206,40,drift,0.005619495219649963,0.09201045622876196,36,drift,0.00576734247721265,0.07579735451236609,27,vm_fail,0.006520263214285325,0.006540888440594266,0,vm_fail,0.008644438298766547,0.008819859829409075,0,vm_add,0.00610047194224398,0.050234857264201176,19,QI-MRFO+CXM continue+elite|n100 m10 mixed lam=0.2|307
h10_elite_migration,QI-MRFO+CXM continue+elite,n100 m10 mixed lam=0.2,mixed,100,10,308,20000,4000,6.395389556884766,0.000923051587766865,0.011911250890886332,0.0305114829661897,1.005312782141592,5.875,0.07215544871794871,4.125,0.02644165847593955,0.2,,0.000923051587766865,0.011074100243266155,0,vm_fail,0.005582799876995528,0.020771443375816556,6,vm_add,0.03205587996047264,0.032055879960472634,0,vm_fail,0.00630073708997355,0.011782965762847207,2,churn,0.023637724297173535,0.03960235555202884,6,churn,0.004211739066512474,0.04480974590597748,12,vm_fail,0.015393856404247449,0.015393856404247449,0,churn,0.002928034189023023,0.04053960746905439,11,churn,0.005179236242692459,0.03913600929907307,10,QI-MRFO+CXM continue+elite|n100 m10 mixed lam=0.2|308
h10_elite_migration,QI-MRFO+CXM continue+elite,n100 m10 mixed lam=0.2,mixed,100,10,309,20000,4000,6.861232757568359,0.00021540392440112327,0.03371158699235732,0.08566325837227742,1.0218521291143623,18.125,0.18159090909090908,1.5,0.07037596472432847,0.2,,0.00021540392440112327,0.0029424141129715453,0,vm_fail,0.017560013733813957,0.02222263872069105,2,drift,0.0048355977764335065,0.12211481192076404,44,vm_add,0.03206380325447282,0.03206380325447282,0,vm_add,0.059176597224874235,0.05917659722487424,0,drift,0.011704889757255903,0.19996160043904546,58,drift,0.011054259145145646,0.1164690803715091,41,vm_add,0.05523123712500143,0.055231237125001435,0,vm_add,0.07806629792186112,0.07806629792186112,0,QI-MRFO+CXM continue+elite|n100 m10 mixed lam=0.2|309
h10_elite_migration,QI-MRFO+CXM continue+elite,n100 m10 mixed lam=0.2,mixed,100,10,310,20000,4000,6.840298891067505,0.0006800415209223151,0.015550781843429009,0.08215101815667622,1.0079435215907235,22.75,0.23387310606060607,2.0,0.0626739963208511,0.2,,0.0006800415209223151,0.01033210185158088,0,drift,0.005427158643650798,0.19290918264951903,50,churn,0.010293896659304056,0.07485172612835217,17,drift,0.011209337868868248,0.0931476708606097,35,vm_fail,0.022831161566223616,0.031579100777159835,4,drift,0.004331443216114251,0.108053214126545,37,drift,0.005522959048097285,0.07933192995450303,34,vm_add,0.0526869267979071,0.05268692679790709,0,vm_fail,0.012103370947266706,0.024648393958813977,5,QI-MRFO+CXM continue+elite|n100 m10 mixed lam=0.2|310
h10_elite_migration,(1+1)-EA+CXM continue,n100 m10 mixed lam=1.0,mixed,100,10,301,20000,4000,1.4143898487091064,0.0007944499825693696,0.21941304138257078,0.2786216115293344,1.2097345483434152,2.75,0.030000000000000002,4.5,0.25946864580303985,1.0,,0.0007944499825693696,0.01980602025392085,0,churn,0.02925060327810741,0.06934579071912042,3,vm_add,0.2503642320633374,0.2503642320633374,0,vm_add,0.5567424667403131,0.556742466740313,0,drift,0.5513098613294968,0.8820734019651786,14,vm_fail,0.26296709824084885,0.2629670982408488,0,churn,0.03463291447509779,0.13744274757251226,5,vm_fail,0.04610720898942069,0.04610720898942069,0,vm_fail,0.023929945943944174,0.023929945943944167,0,(1+1)-EA+CXM continue|n100 m10 mixed lam=1.0|301
h10_elite_migration,(1+1)-EA+CXM continue,n100 m10 mixed lam=1.0,mixed,100,10,302,20000,4000,1.4472136497497559,0.0005847501359411637,0.018800765813963578,0.10274561249151849,1.0129927516482837,6.375,0.06791666666666667,3.0,0.08731488792833592,1.0,,0.0005847501359411637,0.009146323098066275,0,drift,0.008521770496590546,0.25077314026833286,20,vm_fail,0.007409642420080741,0.010612421655061413,0,churn,0.004370523673208865,0.09139440976608826,5,vm_fail,0.01153839978946891,0.034948072566403206,2,drift,0.006997822417557489,0.13858176544179224,11,churn,0.0070091762771262766,0.11503186234548249,8,drift,0.021821406603208374,0.09788584305452004,5,vm_add,0.08273738483446742,0.08273738483446744,0,(1+1)-EA+CXM continue|n100 m10 mixed lam=1.0|302
h10_elite_migration,(1+1)-EA+CXM continue,n100 m10 mixed lam=1.0,mixed,100,10,303,20000,4000,1.5974547863006592,0.0010572604081618454,0.01865023848037327,0.08554592362658786,1.0099053700544522,5.125,0.054440789473684206,2.0,0.07386362267573526,1.0,,0.0010572604081618454,0.025301005100177666,0,vm_fail,0.01273155341702108,0.012731553417021079,0,vm_add,0.03492635073888294,0.03492635073888296,0,churn,0.013725182382794587,0.08027223368376137,4,vm_fail,0.018411375516051487,0.018411375516051487,0,drift,0.02997968076117165,0.1301190746491918,9,drift,0.007578943194830523,0.284120361497187,21,vm_fail,0.018362721737589325,0.029136753151281763,1,churn,0.013486100094644541,0.09464968635932546,6,(1+1)-EA+CXM continue|n100 m10 mixed lam=1.0|303
h10_elite_migration,(1+1)-EA+CXM continue,n100 m10 mixed lam=1.0,mixed,100,10,304,20000,4000,1.5701184272766113,0.0006037870269129456,0.1035880834490707,0.21287697289602353,1.0913272349364458,6.875,0.0714095744680851,3.375,0.18200298453265348,1.0,,0.0006037870269129456,0.009703738369008846,0,vm_add,0.055845255501994394,0.055845255501994394,0,drift,0.11349934086197923,0.49678239054942885,21,vm_add,0.30951513553165805,0.309515135531658,0,churn,0.18558454780880929,0.35331898860880717,8,vm_fail,0.01938789714021531,0.019387897140215306,0,vm_fail,0.03704660419591554,0.06021858645975903,2,vm_add,0.05434647352790882,0.08653465165253806,3,drift,0.05347941302408486,0.32141287772378746,21,(1+1)-EA+CXM continue|n100 m10 mixed lam=1.0|304
h10_elite_migration,(1+1)-EA+CXM continue,n100 m10 mixed lam=1.0,mixed,100,10,305,20000,4000,1.447333574295044,0.0006357534804457774,0.2246182881534056,0.2807319903884361,1.2148596009418835,2.875,0.0359375,1.0,0.2682847759740924,1.0,,0.0006357534804457774,0.023400173272238315,0,vm_fail,0.008041097939908667,0.008041097939908667,0,vm_add,0.21648832849756391,0.21648832849756397,0,churn,0.1709206886164264,0.37373072786301403,10,churn,0.17769611206973535,0.2837825513145641,7,vm_add,0.23276660815468078,0.23276660815468087,0,vm_add,0.2542513395901107,0.25425133959011065,0,vm_add,0.4045367079276305,0.4045367079276306,0,churn,0.33224542243118854,0.4722585618200161,6,(1+1)-EA+CXM continue|n100 m10 mixed lam=1.0|305
h10_elite_migration,(1+1)-EA+CXM continue,n100 m10 mixed lam=1.0,mixed,100,10,306,20000,4000,1.4700860977172852,0.00022357229419423736,0.04867145051689366,0.1297423090438623,1.0383505157762924,5.625,0.05828457446808511,0.75,0.10951771818318226,1.0,,0.00022357229419423736,0.006291693778161626,0,vm_add,0.01606626758876675,0.016066267588766753,0,vm_add,0.08837657930706244,0.08837657930706243,0,drift,0.024080646855032344,0.3414319937974169,23,vm_fail,0.039636442484990424,0.06187037929992564,2,churn,0.012597977323356617,0.12292487924843452,6,vm_add,0.04923607904030037,0.04923607904030037,0,vm_add,0.06532889763415287,0.06532889763415287,0,drift,0.09404871390148749,0.2927033964348389,14,(1+1)-EA+CXM continue|n100 m10 mixed lam=1.0|306
h10_elite_migration,(1+1)-EA+CXM continue,n100 m10 mixed lam=1.0,mixed,100,10,307,20000,4000,1.4688310623168945,0.0003651439638693392,0.04123461871347541,0.14102332699911208,1.0339392076404996,7.25,0.0740625,4.25,0.11984436405355679,1.0,,0.0003651439638693392,0.024446273730850863,0,churn,0.0072407218786079185,0.0879182640619339,5,vm_fail,0.01295307863200661,0.01295307863200661,0,drift,0.19695186275499504,0.43553788431623647,16,drift,0.011888104967190734,0.3496840830179263,24,drift,0.01199980284856356,0.15324992733835407,13,vm_fail,0.011137812252868728,0.01113781225286873,0,vm_fail,0.009119503319935062,0.00911950331993506,0,vm_add,0.06858606305363564,0.06858606305363563,0,(1+1)-EA+CXM continue|n100 m10 mixed lam=1.0|307
h10_elite_migration,(1+1)-EA+CXM continue,n100 m10 mixed lam=1.0,mixed,100,10,308,20000,4000,1.4478349685668945,0.0007917903286255392,0.014122374981754473,0.06002799346232217,1.0075075484832965,3.0,0.03707841360766893,3.875,0.0516969016016912,1.0,,0.0007917903286255392,0.01198700297164036,0,vm_fail,0.005588687666215875,0.01673472730234944,1,vm_add,0.03206192275226022,0.03206192275226021,0,vm_fail,0.014833456079741634,0.014833456079741634,0,churn,0.01369717146000303,0.051528982188898634,2,churn,0.018997150365470016,0.19315026728653004,11,vm_fail,0.012565345229762858,0.023647877701974747,1,churn,0.004601222860811252,0.07721701348386398,5,churn,0.010634043439770896,0.0710497009029586,4,(1+1)-EA+CXM continue|n100 m10 mixed lam=1.0|308
h10_elite_migration,(1+1)-EA+CXM continue,n100 m10 mixed lam=1.0,mixed,100,10,309,20000,4000,1.561126708984375,0.0005400188734899088,0.07394850872952195,0.20928516474501418,1.061638269944898,9.5,0.095,1.125,0.1746813401182326,1.0,,0.0005400188734899088,0.007028549691646947,0,vm_fail,0.038964233027270215,0.038964233027270215,0,drift,0.04829150472773082,0.3225520333528318,25,vm_add,0.07669724249694572,0.07669724249694573,0,vm_add,0.10498257758210729,0.10498257758210727,0,drift,0.08357308731221108,0.5779470383893953,30,drift,0.04151356540042507,0.3555723338220778,21,vm_add,0.08702143149983527,0.08702143149983525,0,vm_add,0.11054442778965017,0.11054442778965014,0,(1+1)-EA+CXM continue|n100 m10 mixed lam=1.0|309
h10_elite_migration,(1+1)-EA+CXM continue,n100 m10 mixed lam=1.0,mixed,100,10,310,20000,4000,1.4318923950195312,0.0007771588942188509,0.03815070985981192,0.16896939426386065,1.0303591216398682,7.875,0.07957848837209303,2.5,0.12050422204822289,1.0,,0.0007771588942188509,0.0152880908355526,0,drift,0.047296200491818645,0.395134328150441,20,churn,0.02018602437417049,0.07012798580307752,2,drift,0.029790665699598165,0.20054572869746595,11,vm_fail,0.017520508885007356,0.017520508885007353,0,drift,0.021388577589659064,0.3563029839124746,21,drift,0.05423141554135598,0.18146489328204782,8,vm_add,0.10368004924585056,0.10368004924585059,0,vm_fail,0.011112237051035066,0.026978676134520235,1,(1+1)-EA+CXM continue|n100 m10 mixed lam=1.0|310
h10_elite_migration,Chooser (cheaper of the two),n100 m10 mixed lam=1.0,mixed,100,10,301,20000,4000,0.023630619049072266,0.0064713761837668785,0.11333786988974313,0.229435578501017,1.1046214840133168,11.5,0.115,4.25,0.229435578501017,1.0,,0.0064713761837668785,0.0064713761837668785,0,churn,0.02177898481503728,0.02177898481503728,0,vm_add,0.24128748782622703,0.24128748782622703,0,vm_add,0.545441637069,0.545441637069,0,drift,0.009545292271946863,0.9383269611621378,92,vm_fail,0.013567186223347861,0.013567186223347861,0,churn,0.019275136455591042,0.019275136455591042,0,vm_fail,0.032268695221222825,0.032268695221222825,0,vm_fail,0.02353853923557215,0.02353853923557215,0,Chooser (cheaper of the two)|n100 m10 mixed lam=1.0|301
h10_elite_migration,Chooser (cheaper of the two),n100 m10 mixed lam=1.0,mixed,100,10,302,20000,4000,0.03585624694824219,0.01058388271372133,0.4681400188803049,0.5703015311938395,1.4597694679290623,8.125,0.1015625,2.5,0.5703015311938395,1.0,,0.01058388271372133,0.01058388271372133,0,drift,0.8103409904869432,0.8103409904869432,0,vm_fail,0.47864699509228953,0.47864699509228953,0,churn,0.48495118713845203,0.48495118713845203,0,vm_fail,0.4448916719009844,0.4448916719009844,0,drift,0.8603356279913539,0.8603356279913539,0,churn,0.005897967394803874,0.8231900659030819,65,drift,0.29153050005248266,0.29153050005248266,0,vm_add,0.368525210985129,0.368525210985129,0,Chooser (cheaper of the two)|n100 m10 mixed lam=1.0|302
h10_elite_migration,Chooser (cheaper of the two),n100 m10 mixed lam=1.0,mixed,100,10,303,20000,4000,0.02498483657836914,0.008481513833635353,0.04925222379716867,0.1625717793961923,1.0402942873591623,11.25,0.1125,1.5,0.1625717793961923,1.0,,0.008481513833635353,0.008481513833635353,0,vm_fail,0.02624042568010705,0.02624042568010705,0,vm_add,0.048731280413150065,0.048731280413150065,0,churn,0.019422231237447973,0.019422231237447973,0,vm_fail,0.03347703231174184,0.03347703231174184,0,drift,0.22302993928106324,0.22302993928106324,0,drift,0.007284938657987979,0.9138413834501771,90,vm_fail,0.0265271066909722,0.0265271066909722,0,churn,0.009304836104878974,0.009304836104878974,0,Chooser (cheaper of the two)|n100 m10 mixed lam=1.0|303
h10_elite_migration,Chooser (cheaper of the two),n100 m10 mixed lam=1.0,mixed,100,10,304,20000,4000,0.025418519973754883,0.011182541500880099,0.15424764881909717,0.2707031725851139,1.14154544644758,11.5,0.115,2.75,0.2707031725851139,1.0,,0.011182541500880099,0.011182541500880099,0,vm_add,0.06700804327601098,0.06700804327601098,0,drift,0.012656728400145475,0.9443009185282794,92,vm_add,0.19092060881815437,0.19092060881815437,0,churn,0.133879658323389,0.133879658323389,0,vm_fail,0.010456416987107335,0.010456416987107335,0,vm_fail,0.0486219056978491,0.0486219056978491,0,vm_add,0.10252950769027414,0.10252950769027414,0,drift,0.667908321359847,0.667908321359847,0,Chooser (cheaper of the two)|n100 m10 mixed lam=1.0|304
h10_elite_migration,Chooser (cheaper of the two),n100 m10 mixed lam=1.0,mixed,100,10,305,20000,4000,0.024295806884765625,0.008223312381346173,0.11125052635963614,0.11125052635963614,1.1025031906742404,0.0,0.0,0.625,0.11125052635963614,1.0,,0.008223312381346173,0.008223312381346173,0,vm_fail,0.03099560275592146,0.03099560275592146,0,vm_add,0.24418946811596595,0.24418946811596595,0,churn,0.11297176769188941,0.11297176769188941,0,churn,0.013526674133536714,0.013526674133536714,0,vm_add,0.06092040853397233,0.06092040853397233,0,vm_add,0.07941019394910338,0.07941019394910338,0,vm_add,0.20874596060487435,0.20874596060487435,0,churn,0.1392441350918256,0.1392441350918256,0,Chooser (cheaper of the two)|n100 m10 mixed lam=1.0|305
h10_elite_migration,Chooser (cheaper of the two),n100 m10 mixed lam=1.0,mixed,100,10,306,20000,4000,0.023344755172729492,0.011498194450387201,0.4109389083255749,0.5223769476284852,1.3973361073565926,11.0,0.11,0.875,0.5223769476284852,1.0,,0.011498194450387201,0.011498194450387201,0,vm_add,0.02751947022269461,0.02751947022269461,0,vm_add,0.10064487115224569,0.10064487115224569,0,drift,0.8436319766597149,0.8436319766597149,0,vm_fail,0.6891239432691657,0.6891239432691657,0,churn,0.49389046352791366,0.49389046352791366,0,vm_add,0.547942823874699,0.547942823874699,0,vm_add,0.5716846333262537,0.5716846333262537,0,drift,0.013073084571912162,0.9045773989951947,88,Chooser (cheaper of the two)|n100 m10 mixed lam=1.0|306
h10_elite_migration,Chooser (cheaper of the two),n100 m10 mixed lam=1.0,mixed,100,10,307,20000,4000,0.023815155029296875,0.005184865225037136,0.21346969380826597,0.3158840911935238,1.204934210004784,10.125,0.10125,4.0,0.3158840911935238,1.0,,0.005184865225037136,0.005184865225037136,0,churn,0.016888607957784147,0.016888607957784147,0,vm_fail,0.019481729009191442,0.019481729009191442,0,drift,0.8085352198794374,0.8085352198794374,0,drift,0.011500221088965796,0.8308154001710283,81,drift,0.37480389137554887,0.37480389137554887,0,vm_fail,0.14922095372127253,0.14922095372127253,0,vm_fail,0.1303579444003698,0.1303579444003698,0,vm_add,0.1969689830335577,0.1969689830335577,0,Chooser (cheaper of the two)|n100 m10 mixed lam=1.0|307
h10_elite_migration,Chooser (cheaper of the two),n100 m10 mixed lam=1.0,mixed,100,10,308,20000,4000,0.023880481719970703,0.009829057547112767,0.02527680099618681,0.02527680099618681,1.0185755554242484,0.0,0.0,3.75,0.02527680099618681,1.0,,0.009829057547112767,0.009829057547112767,0,vm_fail,0.038110417596397946,0.038110417596397946,0,vm_add,0.06543982321459561,0.06543982321459561,0,vm_fail,0.012756960594949029,0.012756960594949029,0,churn,0.02619827196313376,0.02619827196313376,0,churn,0.01878734258684266,0.01878734258684266,0,vm_fail,0.012746997439871172,0.012746997439871172,0,churn,0.015004472271640763,0.015004472271640763,0,churn,0.013170122302063532,0.013170122302063532,0,Chooser (cheaper of the two)|n100 m10 mixed lam=1.0|308
h10_elite_migration,Chooser (cheaper of the two),n100 m10 mixed lam=1.0,mixed,100,10,309,20000,4000,0.0227200984954834,0.01350451577407029,0.03476938375586905,0.35914698527884603,1.0229028073686108,32.125,0.32125000000000004,1.5,0.35914698527884603,1.0,,0.01350451577407029,0.01350451577407029,0,vm_fail,0.019891779427726457,0.019891779427726457,0,drift,0.011229585155274498,0.8909993242403634,87,vm_add,0.03863104962469541,0.03863104962469541,0,vm_add,0.06591636819796269,0.06591636819796269,0,drift,0.01060474437120058,0.9403611091927051,92,drift,0.007044497791311135,0.7925392060685337,78,vm_add,0.05104627336493543,0.05104627336493543,0,vm_add,0.07379077211384616,0.07379077211384616,0,Chooser (cheaper of the two)|n100 m10 mixed lam=1.0|309
h10_elite_migration,Chooser (cheaper of the two),n100 m10 mixed lam=1.0,mixed,100,10,310,20000,4000,0.023499011993408203,0.004135430617277745,0.21055932814528017,0.4326334942881974,1.2017432126418632,22.0,0.22,2.25,0.4326334942881974,1.0,,0.004135430617277745,0.004135430617277745,0,drift,0.00801580167214109,0.9051498651603469,89,churn,0.013837859064052875,0.013837859064052875,0,drift,0.4099517826655843,0.4099517826655843,0,vm_fail,0.35388762423522657,0.35388762423522657,0,drift,0.8202938831871264,0.8202938831871264,0,drift,0.010872719143830138,0.8903319847989625,87,vm_add,0.05828761692994984,0.05828761692994984,0,vm_fail,0.009327338264329988,0.009327338264329988,0,Chooser (cheaper of the two)|n100 m10 mixed lam=1.0|310
h10_elite_migration,GA continue,n100 m10 mixed lam=1.0,mixed,100,10,301,20000,4000,2.079047679901123,0.011938736375147578,0.2122016249811752,0.26773364782511055,1.2026378760085874,3.0,0.031875,4.75,0.25553434717973234,1.0,,0.011938736375147578,0.05744306001563476,0,churn,0.0370945015522543,0.12006538893753547,2,vm_add,0.2598932328826709,0.2598932328826709,0,vm_add,0.5686063699620012,0.5686063699620012,0,drift,0.4775364059856718,0.780556987278784,18,vm_fail,0.20290595304646428,0.20290595304646422,0,churn,0.09555723944459533,0.1538219535176847,4,vm_fail,0.031169979870246778,0.031169979870246774,0,vm_fail,0.024849317105497114,0.024849317105497117,0,GA continue|n100 m10 mixed lam=1.0|301
h10_elite_migration,GA continue,n100 m10 mixed lam=1.0,mixed,100,10,302,20000,4000,2.2205350399017334,0.013343169677647456,0.03466393517931234,0.09245506215993682,1.0287593768017833,4.25,0.04375,2.375,0.08028685873774005,1.0,,0.013343169677647456,0.036908306114355444,0,drift,0.05323198323704484,0.25356399846247224,14,vm_fail,0.02067783063858086,0.02067783063858086,0,churn,0.03544442734411845,0.09596314956437302,3,vm_fail,0.00751125204919527,0.007511252049195269,0,drift,0.018058012808788566,0.12208057144439564,9,churn,0.013125492954648646,0.03351533853406192,1,drift,0.053458050204295615,0.09731734279605117,4,vm_add,0.07580443219782652,0.10901101379036433,3,GA continue|n100 m10 mixed lam=1.0|302
h10_elite_migration,GA continue,n100 m10 mixed lam=1.0,mixed,100,10,303,20000,4000,2.1661670207977295,0.015183178216340744,0.032732500410830465,0.07617327591416415,1.0238741433914695,3.25,0.033815789473684216,1.875,0.06805450651168932,1.0,,0.015183178216340744,0.05159998247577159,0,vm_fail,0.014731624072592927,0.014731624072592927,0,vm_add,0.036970254493838374,0.03697025449383837,0,churn,0.034288620025911515,0.07206523288693825,2,vm_fail,0.012448050883416984,0.012448050883416986,0,drift,0.05977071190247244,0.11991138149162375,5,drift,0.04391326071187232,0.25337078097158383,16,vm_fail,0.02180348953293538,0.0335196221694548,1,churn,0.03793399166360376,0.06636926034386426,2,GA continue|n100 m10 mixed lam=1.0|303
h10_elite_migration,GA continue,n100 m10 mixed lam=1.0,mixed,100,10,304,20000,4000,2.113767147064209,0.014925746594301471,0.08609200072198786,0.1810993510933864,1.074045047157761,6.125,0.06291666666666668,2.625,0.1556584120203261,1.0,,0.014925746594301471,0.045784041999774636,0,vm_add,0.07095790373976471,0.07095790373976471,0,drift,0.12589370015602244,0.420584290163424,18,vm_add,0.1766527685389219,0.2807223283055448,7,churn,0.14120647629208874,0.23460660205200456,5,vm_fail,0.023561999233149538,0.023561999233149535,0,vm_fail,0.02285220750977631,0.04431695598638648,2,vm_add,0.0754350397011518,0.07543503970115178,0,drift,0.05217591060502747,0.2986096895656654,17,GA continue|n100 m10 mixed lam=1.0|304
h10_elite_migration,GA continue,n100 m10 mixed lam=1.0,mixed,100,10,305,20000,4000,2.1261203289031982,0.012517337425278385,0.1616142063992259,0.21200632795491783,1.152387462144259,2.625,0.03125,0.875,0.19766554219990867,1.0,,0.012517337425278385,0.048858146460174175,0,vm_fail,0.02679976973012585,0.026799769730125857,0,vm_add,0.17973092019142703,0.2347821645303338,4,churn,0.165729117903679,0.24476428463108355,4,churn,0.1151221178839251,0.23040171682879418,5,vm_add,0.15411195578487338,0.16613356701429727,1,vm_add,0.17422588915428336,0.17422588915428333,0,vm_add,0.31492254595089736,0.31492254595089736,0,churn,0.1622713345945961,0.3040206857995273,7,GA continue|n100 m10 mixed lam=1.0|305
h10_elite_migration,GA continue,n100 m10 mixed lam=1.0,mixed,100,10,306,20000,4000,2.1122360229492188,0.014569156915683546,0.0631590410259393,0.1289173913463481,1.0527255133100635,4.5,0.04607638888888889,1.25,0.11295568086300037,1.0,,0.014569156915683546,0.027101664553981566,0,vm_add,0.030639074135709654,0.03063907413570966,0,vm_add,0.10398648768253131,0.1039864876825313,0,drift,0.10194073172104891,0.3703400769791332,18,vm_fail,0.013719511609893178,0.02750365482989683,1,churn,0.030598177184527873,0.08967120806973698,3,vm_add,0.06788756714044498,0.06788756714044498,0,vm_add,0.08426645578135072,0.08426645578135072,0,drift,0.07223432295200775,0.2570446061519814,14,GA continue|n100 m10 mixed lam=1.0|306
h10_elite_migration,GA continue,n100 m10 mixed lam=1.0,mixed,100,10,307,20000,4000,2.0753557682037354,0.011931567065867007,0.05054761349381916,0.10973936530577916,1.0431339501207813,4.375,0.044300595238095236,3.75,0.0979458922048071,1.0,,0.011931567065867007,0.05040881819828238,0,churn,0.05235815334183565,0.08858585986699713,1,vm_fail,0.03810052309674631,0.03810052309674632,0,drift,0.03448461392916082,0.27241600300313845,19,drift,0.14431767083724228,0.29821749074716175,11,drift,0.058130461977452016,0.06894562256215304,1,vm_fail,0.008999696305216543,0.02101159745170709,1,vm_fail,0.017413460151490888,0.017413460151490895,0,vm_add,0.05057632831140867,0.07322436556683858,2,GA continue|n100 m10 mixed lam=1.0|307
h10_elite_migration,GA continue,n100 m10 mixed lam=1.0,mixed,100,10,308,20000,4000,2.0371508598327637,0.017129267264258397,0.025927428156312528,0.049935909077386306,1.019245885968283,1.5,0.018125000000000002,4.25,0.04455902855559982,1.0,,0.017129267264258397,0.05953833328136455,0,vm_fail,0.02740054401687559,0.02740054401687559,0,vm_add,0.02529424622053845,0.04862976482209442,2,vm_fail,0.012779812507456472,0.012779812507456474,0,churn,0.06298720502021962,0.08959123256322471,2,churn,0.019971488864249147,0.11266688333298729,5,vm_fail,0.011330387629020335,0.011330387629020331,0,churn,0.03738987475492452,0.051665245749596654,1,churn,0.010265866237216087,0.04542340199783498,2,GA continue|n100 m10 mixed lam=1.0|308
h10_elite_migration,GA continue,n100 m10 mixed lam=1.0,mixed,100,10,309,20000,4000,2.0675110816955566,0.0121631558151105,0.10707420967824402,0.2070219137344631,1.094375336380201,6.625,0.06625,1.5,0.18105500950292414,1.0,,0.0121631558151105,0.035984273028589454,0,vm_fail,0.013282348204881592,0.013282348204881594,0,drift,0.041440927661071755,0.24954933250528807,16,vm_add,0.06966103414848604,0.06966103414848601,0,vm_add,0.09776152478247797,0.09776152478247797,0,drift,0.18050251286858499,0.45351067018909197,16,drift,0.12157776868644854,0.4111588931073598,19,vm_add,0.17058395796045464,0.17058395796045464,0,vm_add,0.16178360311354661,0.19066754897766455,2,GA continue|n100 m10 mixed lam=1.0|309
h10_elite_migration,GA continue,n100 m10 mixed lam=1.0,mixed,100,10,310,20000,4000,2.0803253650665283,0.010962395995608108,0.038155845358445496,0.16302801588180726,1.0303687247320563,8.625,0.08743822674418604,2.25,0.12890121370913865,1.0,,0.010962395995608108,0.042622125564483526,0,drift,0.04604135991907179,0.4174360226777689,21,churn,0.0383026533034414,0.08527385980199798,2,drift,0.042743924906247156,0.16382788246360452,10,vm_fail,0.020212485677998125,0.053699101437710964,3,drift,0.02423722827568293,0.29922379143055683,21,drift,0.05207215856792448,0.15400556791797468,8,vm_add,0.07042052484953337,0.09602481285560602,2,vm_fail,0.0112164273676647,0.03473308846923834,2,GA continue|n100 m10 mixed lam=1.0|310
h10_elite_migration,QI-MRFO+CXM continue,n100 m10 mixed lam=1.0,mixed,100,10,301,20000,4000,7.034975528717041,0.0008034395373276679,0.13088668600626183,0.32718351821832337,1.1220209979120244,11.875,0.13549282656943562,5.25,0.28334617743112334,1.0,,0.0008034395373276679,0.012424251864251949,0,churn,0.018384172789812848,0.17963500134024726,11,vm_add,0.2245145415587838,0.30491191873058787,6,vm_add,0.4152743237589532,0.5778896809768237,10,drift,0.2670023979460215,0.6212775770149609,21,vm_fail,0.04351812947527601,0.4766429455815687,23,churn,0.04862150531224273,0.27672884853334323,13,vm_fail,0.011138491090849235,0.11379569974440576,7,vm_fail,0.018639926118155258,0.06658647382464997,4,QI-MRFO+CXM continue|n100 m10 mixed lam=1.0|301
h10_elite_migration,QI-MRFO+CXM continue,n100 m10 mixed lam=1.0,mixed,100,10,302,20000,4000,6.824963569641113,0.0005247079719280449,0.02329314852079759,0.16686332141808496,1.0174665127104559,10.5,0.11428556087383407,2.375,0.140087915800594,1.0,,0.0005247079719280449,0.0052725963407204745,0,drift,0.021335436879344024,0.2514956281981202,20,vm_fail,0.020848689433090477,0.16975759857435824,8,churn,0.013543493374989063,0.21454612408382442,11,vm_fail,0.013674833494773452,0.07409550580828839,5,drift,0.033044262253218236,0.1545382387395383,11,churn,0.009740840582406672,0.19973231071981834,12,drift,0.02252502313781451,0.12375068125201041,9,vm_add,0.051632609010744276,0.14699048396872147,8,QI-MRFO+CXM continue|n100 m10 mixed lam=1.0|302
h10_elite_migration,QI-MRFO+CXM continue,n100 m10 mixed lam=1.0,mixed,100,10,303,20000,4000,6.818962097167969,0.0005958956312608322,0.031620134763358704,0.18093386339997247,1.0227493577797047,10.625,0.1148613952536825,2.625,0.15080234751801008,1.0,,0.0005958956312608322,0.02378195724463283,0,vm_fail,0.028353691822808405,0.07332295096227119,4,vm_add,0.02131579963102795,0.21803971698297903,17,churn,0.05213556658057461,0.31453999296604107,13,vm_fail,0.02818730322373802,0.06117996893737737,3,drift,0.04185380203645782,0.12983504012441918,7,drift,0.06609377429329968,0.37951004115711034,24,vm_fail,0.00634867787806443,0.0966816395873839,7,churn,0.008672462640898668,0.17436155648219753,10,QI-MRFO+CXM continue|n100 m10 mixed lam=1.0|303
h10_elite_migration,QI-MRFO+CXM continue,n100 m10 mixed lam=1.0,mixed,100,10,304,20000,4000,7.070206165313721,0.0007500681960792569,0.05295864934858025,0.20572565604775792,1.041298946308257,11.125,0.11575050200803214,2.625,0.17503037807420746,1.0,,0.0007500681960792569,0.019402401875970005,0,vm_add,0.05547486909186245,0.12087223492586226,5,drift,0.047400573199303166,0.41080736249037597,27,vm_add,0.14732483917038025,0.2970815373085614,13,churn,0.03382731354119969,0.23347802590518824,8,vm_fail,0.020281813943554626,0.12389156322081214,7,vm_fail,0.02664404780431966,0.07608260338457683,4,vm_add,0.06405964416587011,0.1476859085670323,7,drift,0.028656093872152077,0.2359060125796541,18,QI-MRFO+CXM continue|n100 m10 mixed lam=1.0|304
h10_elite_migration,QI-MRFO+CXM continue,n100 m10 mixed lam=1.0,mixed,100,10,305,20000,4000,6.650745868682861,0.0010851257043272605,0.09659187084633912,0.21966322655423992,1.087965695428214,8.25,0.08984543010752688,0.875,0.19385828013382908,1.0,,0.0010851257043272605,0.009438774742326688,0,vm_fail,0.022756577875630943,0.08372917580635936,5,vm_add,0.1851064810744815,0.30540867249778614,10,churn,0.07720869270738673,0.24093207568758832,8,churn,0.1013325665886814,0.20954809536844765,7,vm_add,0.13590205084806092,0.20768738975254264,4,vm_add,0.01982627727887762,0.2726495872985204,21,vm_add,0.1417064998119022,0.1981863743859305,4,churn,0.08889582058569166,0.23916444163674438,7,QI-MRFO+CXM continue|n100 m10 mixed lam=1.0|305
h10_elite_migration,QI-MRFO+CXM continue,n100 m10 mixed lam=1.0,mixed,100,10,306,20000,4000,7.066962718963623,0.0003620227974819096,0.05714377882346437,0.18439354127274327,1.0467685032920964,10.25,0.10594086021505376,0.875,0.16918865740194466,1.0,,0.0003620227974819096,0.004717346629877374,0,vm_add,0.049650545929508474,0.17151561697958387,10,vm_add,0.08784867878530174,0.1649449154960061,7,drift,0.057213583462498135,0.2912471705799258,18,vm_fail,0.03491695498873913,0.15924528574329,10,churn,0.02608461733684434,0.14179849112620213,8,vm_add,0.05657765901021783,0.1152792307441541,5,vm_add,0.0671515900749224,0.1098376536779193,4,drift,0.07770660099968293,0.321279965834865,20,QI-MRFO+CXM continue|n100 m10 mixed lam=1.0|306
h10_elite_migration,QI-MRFO+CXM continue,n100 m10 mixed lam=1.0,mixed,100,10,307,20000,4000,6.524261713027954,0.0009377332923246353,0.03376910566791015,0.19440799703864092,1.0265222451663876,12.0,0.12774956800345597,4.25,0.16658939504041922,1.0,,0.0009377332923246353,0.017166833172085578,0,churn,0.023086233764284047,0.19652314179904828,12,vm_fail,0.030868223097319812,0.12627874300493075,6,drift,0.11232945843429706,0.379978498354474,19,drift,0.021740441485841977,0.29016884522184383,22,drift,0.051515983066439196,0.1906881429709833,12,vm_fail,0.014409726583192586,0.20467256595906116,12,vm_fail,0.013207735228041296,0.041869540619063284,2,vm_add,0.0029950436838652346,0.12508449837972266,11,QI-MRFO+CXM continue|n100 m10 mixed lam=1.0|307
h10_elite_migration,QI-MRFO+CXM continue,n100 m10 mixed lam=1.0,mixed,100,10,308,20000,4000,6.795793533325195,0.000923051587766865,0.015886422754150302,0.16476059596655024,1.00925612254754,9.75,0.11505789909015715,4.0,0.13280652106071994,1.0,,0.000923051587766865,0.011074100243266155,0,vm_fail,0.016477385721831165,0.053501781431946345,3,vm_add,0.04245032970116925,0.23651205194999878,16,vm_fail,0.012568218299948355,0.13920532013673548,8,churn,0.011457502546144591,0.2215557873208699,13,churn,0.008990485234732332,0.2640479261192447,17,vm_fail,0.015268750053139567,0.06930594313974478,3,churn,0.008127885376601208,0.21880191260726542,12,churn,0.011750825099635962,0.11515404502659668,6,QI-MRFO+CXM continue|n100 m10 mixed lam=1.0|308
h10_elite_migration,QI-MRFO+CXM continue,n100 m10 mixed lam=1.0,mixed,100,10,309,20000,4000,6.7611424922943115,0.00021540392440112327,0.17356984526621677,0.38902022339321685,1.1601106598712834,14.75,0.1486931818181818,1.5,0.34689421621354377,1.0,,0.00021540392440112327,0.0029424141129715453,0,vm_fail,0.02316733293448066,0.11310883990151656,7,drift,0.04057239445405192,0.304560697047227,21,vm_add,0.016244080599092117,0.30514332798823224,22,vm_add,0.048384817396095355,0.2077627709883461,14,drift,0.36491749356591907,0.6635479920148024,17,drift,0.3300852479936555,0.7048521697252422,19,vm_add,0.300589832840642,0.4502424819107757,11,vm_add,0.2645975623457977,0.3629435075695925,7,QI-MRFO+CXM continue|n100 m10 mixed lam=1.0|309
h10_elite_migration,QI-MRFO+CXM continue,n100 m10 mixed lam=1.0,mixed,100,10,310,20000,4000,6.726577520370483,0.0006800415209223151,0.04546015889994208,0.2390887747672008,1.0375994246385365,13.75,0.14134187734082398,1.875,0.1938354515604095,1.0,,0.0006800415209223151,0.01033210185158088,0,drift,0.08001374910707623,0.5050737530464356,28,churn,0.045635142465521625,0.24216433229750384,8,drift,0.060674153074501073,0.20792162936014225,12,vm_fail,0.008696339634690091,0.10066819975395368,5,drift,0.022957060155769125,0.33819003431444533,25,drift,0.08766979912138573,0.1819838228849344,8,vm_add,0.046511248177496876,0.23680124791905893,17,vm_fail,0.011523779463095934,0.09990717856113251,7,QI-MRFO+CXM continue|n100 m10 mixed lam=1.0|310
h10_elite_migration,QI-MRFO+CXM continue+elite,n100 m10 mixed lam=1.0,mixed,100,10,301,20000,4000,6.985300302505493,0.0008034395373276679,0.19482165199340817,0.2683487884353621,1.1853532950330963,4.0,0.044375,5.0,0.2501447269869098,1.0,,0.0008034395373276679,0.012424251864251949,0,churn,0.027713517277693604,0.06280859826244108,1,vm_add,0.24849693429309416,0.24849693429309413,0,vm_add,0.5544176227768944,0.5544176227768945,0,drift,0.47287330996416166,0.8172579253520641,18,vm_fail,0.19910958908468437,0.19910958908468435,0,churn,0.013052216544572882,0.21754984342848263,13,vm_fail,0.024621377833168357,0.02886114611224008,0,vm_fail,0.018288648172995744,0.01828864817299574,0,QI-MRFO+CXM continue+elite|n100 m10 mixed lam=1.0|301
h10_elite_migration,QI-MRFO+CXM continue+elite,n100 m10 mixed lam=1.0,mixed,100,10,302,20000,4000,6.916172981262207,0.0005247079719280449,0.0293632147908503,0.11185599089026882,1.0234961030836516,6.5,0.06842888471177945,2.625,0.09915607993866167,1.0,,0.0005247079719280449,0.0052725963407204745,0,drift,0.016439565418889253,0.2795636187343862,22,vm_fail,0.009592282564605243,0.022611509623128315,1,churn,0.01339034473070348,0.13926458477879117,9,vm_fail,0.011564109086670254,0.02231727405947991,1,drift,0.024032836287425346,0.1262032291762924,9,churn,0.031789840616154856,0.05574924440003886,1,drift,0.033249730402227104,0.15429145712990683,9,vm_add,0.09484700922012687,0.0948470092201269,0,QI-MRFO+CXM continue+elite|n100 m10 mixed lam=1.0|302
h10_elite_migration,QI-MRFO+CXM continue+elite,n100 m10 mixed lam=1.0,mixed,100,10,303,20000,4000,6.772321939468384,0.0005958956312608322,0.020379818805747397,0.07190886928987932,1.011618644600917,4.0,0.04226728723404255,2.125,0.06364773648787588,1.0,,0.0005958956312608322,0.02378195724463283,0,vm_fail,0.013151173946851273,0.02446367381424123,1,vm_add,0.03535516757802161,0.03535516757802161,0,churn,0.02271383750194096,0.07416583339321178,3,vm_fail,0.00447632610052949,0.004476326100529489,0,drift,0.028902115130129056,0.12680890096832523,9,drift,0.026642970920121384,0.21982129654233032,15,vm_fail,0.023482307812045484,0.023482307812045484,0,churn,0.008314651456339934,0.06669744811032938,4,QI-MRFO+CXM continue+elite|n100 m10 mixed lam=1.0|303
h10_elite_migration,QI-MRFO+CXM continue+elite,n100 m10 mixed lam=1.0,mixed,100,10,304,20000,4000,6.835562229156494,0.0007500681960792569,0.1146112047236584,0.23602076363127902,1.1022013695409492,7.75,0.0813157894736842,3.0,0.20457717272038986,1.0,,0.0007500681960792569,0.019402401875970005,0,vm_add,0.05599961258162574,0.05599961258162574,0,drift,0.2042311361596821,0.5960621893937365,22,vm_add,0.4162189788624727,0.4162189788624727,0,churn,0.13078457532656348,0.3843517001669767,12,vm_fail,0.014366671309611272,0.014440023763151543,0,vm_fail,0.013241601262405788,0.030034654546547884,1,vm_add,0.06533037097647265,0.06533037097647265,0,drift,0.016716691310433428,0.3257285787592487,27,QI-MRFO+CXM continue+elite|n100 m10 mixed lam=1.0|304
h10_elite_migration,QI-MRFO+CXM continue+elite,n100 m10 mixed lam=1.0,mixed,100,10,305,20000,4000,7.021993637084961,0.0010851257043272605,0.16648653195747457,0.2208167558855143,1.157203912393019,3.375,0.0421875,0.875,0.21324252915407696,1.0,,0.0010851257043272605,0.009438774742326688,0,vm_fail,0.016037485533301924,0.016037485533301924,0,vm_add,0.2261382447533449,0.22613824475334496,0,churn,0.15177206893873288,0.2677648618789988,7,churn,0.13021472501433953,0.2420092858923239,7,vm_add,0.1830649339529289,0.1830649339529289,0,vm_add,0.20368346158704537,0.20368346158704537,0,vm_add,0.3479097475605623,0.34790974756056225,0,churn,0.07307158831954083,0.27992602592560845,13,QI-MRFO+CXM continue+elite|n100 m10 mixed lam=1.0|305
h10_elite_migration,QI-MRFO+CXM continue+elite,n100 m10 mixed lam=1.0,mixed,100,10,306,20000,4000,6.935776710510254,0.0003620227974819096,0.05834465588070999,0.13071317974371227,1.0479603117123641,6.0,0.06218749999999999,0.875,0.12479620957000859,1.0,,0.0003620227974819096,0.004717346629877374,0,vm_add,0.016206911030911018,0.01620691103091102,0,vm_add,0.08852723191048584,0.08852723191048582,0,drift,0.09087748675978027,0.35454986331519106,22,vm_fail,0.03543391179038326,0.035433911790383264,0,churn,0.02783466438055568,0.13184189177747116,7,vm_add,0.06502406414739928,0.06502406414739928,0,vm_add,0.0813590333738562,0.08135903337385622,0,drift,0.06149394365230839,0.27276253060400046,19,QI-MRFO+CXM continue+elite|n100 m10 mixed lam=1.0|306
h10_elite_migration,QI-MRFO+CXM continue+elite,n100 m10 mixed lam=1.0,mixed,100,10,307,20000,4000,6.405346632003784,0.0009377332923246353,0.025421575447727038,0.11032714805258623,1.018244887639867,6.875,0.0690625,4.125,0.09653664515914687,1.0,,0.0009377332923246353,0.017166833172085578,0,churn,0.004487863111862225,0.023405061797636757,1,vm_fail,0.01891850363320128,0.01891850363320128,0,drift,0.05326678880106925,0.3369553708560803,22,drift,0.019825986971206015,0.2045023335890569,15,drift,0.009834516591439628,0.20176066106245535,17,vm_fail,0.013479153311806285,0.013515462321027606,0,vm_fail,0.011962838056896253,0.011962838056896253,0,vm_add,0.07159695310433534,0.07159695310433534,0,QI-MRFO+CXM continue+elite|n100 m10 mixed lam=1.0|307
h10_elite_migration,QI-MRFO+CXM continue+elite,n100 m10 mixed lam=1.0,mixed,100,10,308,20000,4000,6.559046268463135,0.000923051587766865,0.016672427590855576,0.05765680694565399,1.0100400589469904,2.75,0.03418612637362638,4.125,0.0511945281990147,1.0,,0.000923051587766865,0.011074100243266155,0,vm_fail,0.013871596881361038,0.025937977907783516,1,vm_add,0.040562888719175134,0.04056288871917514,0,vm_fail,0.019001329234464976,0.0223004403901275,0,churn,0.010760773784717518,0.05825572740009504,3,churn,0.007545915407256958,0.13294662180214623,8,vm_fail,0.020052159888812277,0.02005215988881228,0,churn,0.011920013899682143,0.09341505463115055,6,churn,0.009664742911374546,0.06778358482594168,4,QI-MRFO+CXM continue+elite|n100 m10 mixed lam=1.0|308
h10_elite_migration,QI-MRFO+CXM continue+elite,n100 m10 mixed lam=1.0,mixed,100,10,309,20000,4000,6.691765785217285,0.00021540392440112327,0.1937571475815675,0.31451460081010835,1.1799649150027838,7.875,0.07875,1.5,0.28928938655252945,1.0,,0.00021540392440112327,0.0029424141129715453,0,vm_fail,0.017560013733813957,0.020741889144344793,0,drift,0.051802568385135785,0.29645378269120104,21,vm_add,0.08030344605875081,0.08030344605875081,0,vm_add,0.10868351778119996,0.10868351778119997,0,drift,0.3100837979255156,0.6276176728934069,19,drift,0.28027587304769136,0.6809685341915308,23,vm_add,0.3362162130840306,0.33621621308403055,0,vm_add,0.36513175063640213,0.36513175063640213,0,QI-MRFO+CXM continue+elite|n100 m10 mixed lam=1.0|309
h10_elite_migration,QI-MRFO+CXM continue+elite,n100 m10 mixed lam=1.0,mixed,100,10,310,20000,4000,6.560677528381348,0.0006800415209223151,0.03385908663631437,0.19558263903369472,1.0261009670292014,11.75,0.12161458333333333,2.125,0.15964280701530648,1.0,,0.0006800415209223151,0.01033210185158088,0,drift,0.07258604558600239,0.48522901053128836,26,churn,0.005733945201764993,0.19905466374760747,13,drift,0.03687813842932603,0.22163796311209563,16,vm_fail,0.02194829231238801,0.03343656202576571,1,drift,0.01660085366915162,0.3739908082377195,27,drift,0.026705433939444138,0.16089212066264338,11,vm_add,0.07486296384877184,0.07486296384877184,0,vm_fail,0.01555702010366596,0.015557020103665962,0,QI-MRFO+CXM continue+elite|n100 m10 mixed lam=1.0|310
h10_elite_migration,(1+1)-EA+CXM continue,n100 m10 vm_add lam=0.05,vm_add,100,10,301,20000,4000,1.5364246368408203,0.0007944499825693696,0.35484273595172566,0.35484273595172566,1.3372046591057307,0.0,0.0,0.0,0.35484273595172566,0.05,,0.0007944499825693696,0.01980602025392085,0,vm_add,0.042723057992035074,0.04272305799203508,0,vm_add,0.07487889917309835,0.07487889917309837,0,vm_add,0.10606134945417853,0.10606134945417854,0,vm_add,0.14858045278914672,0.14858045278914675,0,vm_add,0.37330872970732987,0.3733087297073298,0,vm_add,0.6642285856879464,0.6642285856879464,0,vm_add,0.6980538218265973,0.6980538218265971,0,vm_add,0.730906990983473,0.7309069909834732,0,(1+1)-EA+CXM continue|n100 m10 vm_add lam=0.05|301
h10_elite_migration,(1+1)-EA+CXM continue,n100 m10 vm_add lam=0.05,vm_add,100,10,302,20000,4000,1.5025627613067627,0.0005847501359411637,0.4041965351150396,0.4041965351150396,1.3886289767617817,0.0,0.0,0.0,0.4041965351150396,0.05,,0.0005847501359411637,0.009146323098066275,0,vm_add,0.08704461900598198,0.087044619005982,0,vm_add,0.1697178113344816,0.16971781133448166,0,vm_add,0.3416023957623994,0.34160239576239937,0,vm_add,0.42435291236763945,0.42435291236763956,0,vm_add,0.5063905113996074,0.5063905113996076,0,vm_add,0.5238864691487859,0.5238864691487859,0,vm_add,0.5704360846493417,0.5704360846493417,0,vm_add,0.6101414772520795,0.6101414772520792,0,(1+1)-EA+CXM continue|n100 m10 vm_add lam=0.05|302
h10_elite_migration,(1+1)-EA+CXM continue,n100 m10 vm_add lam=0.05,vm_add,100,10,303,20000,4000,1.4061274528503418,0.0010572604081618454,0.3951852168930394,0.3951852168930395,1.3794990452951361,0.0,0.0,0.0,0.3951852168930394,0.05,,0.0010572604081618454,0.025301005100177666,0,vm_add,0.09712974574417821,0.0971297457441782,0,vm_add,0.24258619940401643,0.24258619940401646,0,vm_add,0.2683122693279784,0.26831226932797836,0,vm_add,0.319160933155543,0.31916093315554306,0,vm_add,0.41846386413552245,0.41846386413552245,0,vm_add,0.46669891992798185,0.466698919927982,0,vm_add,0.6640846409444195,0.6640846409444197,0,vm_add,0.6850451625046755,0.6850451625046756,0,(1+1)-EA+CXM continue|n100 m10 vm_add lam=0.05|303
h10_elite_migration,(1+1)-EA+CXM continue,n100 m10 vm_add lam=0.05,vm_add,100,10,304,20000,4000,1.5834786891937256,0.0006037870269129456,0.5674041183175909,0.5674041183175909,1.5449513968748771,0.0,0.0,0.0,0.5674041183175909,0.05,,0.0006037870269129456,0.009703738369008846,0,vm_add,0.20859927477592696,0.20859927477592702,0,vm_add,0.2621626194774349,0.262162619477435,0,vm_add,0.4692669101045155,0.4692669101045155,0,vm_add,0.4990854420452608,0.4990854420452607,0,vm_add,0.6055659841742376,0.6055659841742376,0,vm_add,0.7620442513429737,0.7620442513429738,0,vm_add,0.7877435767604635,0.7877435767604634,0,vm_add,0.944764887859914,0.9447648878599142,0,(1+1)-EA+CXM continue|n100 m10 vm_add lam=0.05|304
h10_elite_migration,(1+1)-EA+CXM continue,n100 m10 vm_add lam=0.05,vm_add,100,10,305,20000,4000,1.3937182426452637,0.0006357534804457774,0.5488480761292702,0.5488480761292703,1.5297594817513573,0.0,0.0,0.0,0.5488480761292702,0.05,,0.0006357534804457774,0.023400173272238315,0,vm_add,0.15323670440617143,0.15323670440617146,0,vm_add,0.34958239622675896,0.34958239622675885,0,vm_add,0.3727863034140379,0.3727863034140379,0,vm_add,0.46980118052934683,0.46980118052934666,0,vm_add,0.6212550081814844,0.6212550081814845,0,vm_add,0.6672290409775617,0.6672290409775619,0,vm_add,0.8651661611162302,0.8651661611162303,0,vm_add,0.8917278141825709,0.8917278141825707,0,(1+1)-EA+CXM continue|n100 m10 vm_add lam=0.05|305
h10_elite_migration,(1+1)-EA+CXM continue,n100 m10 vm_add lam=0.05,vm_add,100,10,306,20000,4000,1.4374985694885254,0.00022357229419423736,0.3400160396865908,0.3400160396865908,1.3199736423710844,0.0,0.0,0.0,0.3400160396865908,0.05,,0.00022357229419423736,0.006291693778161626,0,vm_add,0.14040139985764896,0.14040139985764893,0,vm_add,0.15851210958514594,0.15851210958514594,0,vm_add,0.19521230632695008,0.19521230632695014,0,vm_add,0.2984867217327764,0.29848672173277646,0,vm_add,0.3141802713177451,0.3141802713177451,0,vm_add,0.45522527055917766,0.4552252705591778,0,vm_add,0.5273411817349146,0.5273411817349146,0,vm_add,0.6307690563783673,0.6307690563783673,0,(1+1)-EA+CXM continue|n100 m10 vm_add lam=0.05|306
h10_elite_migration,(1+1)-EA+CXM continue,n100 m10 vm_add lam=0.05,vm_add,100,10,307,20000,4000,1.362703800201416,0.0003651439638693392,0.4597906776542611,0.45979067765426107,1.4433956554233474,0.0,0.0,0.0,0.4597906776542611,0.05,,0.0003651439638693392,0.024446273730850863,0,vm_add,0.025984371657032226,0.02598437165703223,0,vm_add,0.16691111104345446,0.16691111104345452,0,vm_add,0.26090007269691073,0.26090007269691073,0,vm_add,0.4051637136162903,0.4051637136162903,0,vm_add,0.45700424644987137,0.45700424644987125,0,vm_add,0.5984377581746777,0.5984377581746777,0,vm_add,0.7857905975310048,0.7857905975310048,0,vm_add,0.9781335500648474,0.9781335500648471,0,(1+1)-EA+CXM continue|n100 m10 vm_add lam=0.05|307
h10_elite_migration,(1+1)-EA+CXM continue,n100 m10 vm_add lam=0.05,vm_add,100,10,308,20000,4000,1.4202003479003906,0.0007917903286255392,0.5595853416570081,0.5595853416570082,1.5427660985527887,0.0,0.0,0.0,0.5595853416570081,0.05,,0.0007917903286255392,0.01198700297164036,0,vm_add,0.13032895837580533,0.13032895837580533,0,vm_add,0.31162109700745316,0.31162109700745316,0,vm_add,0.44410736358703246,0.4441073635870325,0,vm_add,0.5295012096978718,0.5295012096978717,0,vm_add,0.6674244196352123,0.6674244196352125,0,vm_add,0.6922022756752607,0.6922022756752608,0,vm_add,0.7833415448634414,0.7833415448634413,0,vm_add,0.918155864413988,0.9181558644139881,0,(1+1)-EA+CXM continue|n100 m10 vm_add lam=0.05|308
h10_elite_migration,(1+1)-EA+CXM continue,n100 m10 vm_add lam=0.05,vm_add,100,10,309,20000,4000,1.453942060470581,0.0005400188734899088,0.24586903161818066,0.2458690316181807,1.2274206424403808,0.0,0.0,0.0,0.24586903161818066,0.05,,0.0005400188734899088,0.007028549691646947,0,vm_add,0.09648511212843751,0.0964851121284375,0,vm_add,0.11039343007816695,0.11039343007816695,0,vm_add,0.1433818158332474,0.14338181583324736,0,vm_add,0.15732040993795723,0.15732040993795723,0,vm_add,0.24860938512042155,0.24860938512042163,0,vm_add,0.3724507795370655,0.37245077953706546,0,vm_add,0.40197916542593776,0.40197916542593787,0,vm_add,0.43633215488421156,0.4363321548842115,0,(1+1)-EA+CXM continue|n100 m10 vm_add lam=0.05|309
h10_elite_migration,(1+1)-EA+CXM continue,n100 m10 vm_add lam=0.05,vm_add,100,10,310,20000,4000,1.537468433380127,0.0007771588942188509,0.35866263981699176,0.35866263981699187,1.3402121181703903,0.0,0.0,0.0,0.35866263981699176,0.05,,0.0007771588942188509,0.0152880908355526,0,vm_add,0.08739254512429503,0.08739254512429503,0,vm_add,0.10602228985573887,0.10602228985573887,0,vm_add,0.22855666178219,0.22855666178219003,0,vm_add,0.3945728041545802,0.3945728041545801,0,vm_add,0.47513469207355336,0.4751346920735534,0,vm_add,0.4969148404531476,0.4969148404531476,0,vm_add,0.5213926797961399,0.52139267979614,0,vm_add,0.5593146052962895,0.5593146052962895,0,(1+1)-EA+CXM continue|n100 m10 vm_add lam=0.05|310
h10_elite_migration,Chooser (cheaper of the two),n100 m10 vm_add lam=0.05,vm_add,100,10,301,20000,4000,0.025109052658081055,0.0064713761837668785,0.023150730147168976,0.04751807432669089,1.0105706761374598,48.125,0.48124999999999996,0.0,0.04751807432669089,0.05,,0.0064713761837668785,0.0064713761837668785,0,vm_add,0.008839955272592664,0.04667145359531499,75,vm_add,0.039950898039434475,0.039950898039434475,0,vm_add,0.00587505462651668,0.04057774401113139,69,vm_add,0.04454280611321074,0.04454280611321074,0,vm_add,0.011686384501476027,0.05417721265053801,84,vm_add,0.01709493230397105,0.06591548905456164,96,vm_add,0.037767258543569604,0.037767258543569604,0,vm_add,0.01944855177658058,0.0505417326057663,61,Chooser (cheaper of the two)|n100 m10 vm_add lam=0.05|301
h10_elite_migration,Chooser (cheaper of the two),n100 m10 vm_add lam=0.05,vm_add,100,10,302,20000,4000,0.02513885498046875,0.01058388271372133,0.01666829274850283,0.048803677748581464,1.0055796301479858,63.625,0.63625,0.0,0.048803677748581464,0.05,,0.01058388271372133,0.01058388271372133,0,vm_add,0.008394195503486591,0.052259343007888294,87,vm_add,0.006731622833863999,0.049517716804303266,85,vm_add,0.013429192184372931,0.05903350583266957,90,vm_add,0.012006936565244139,0.05653524177411485,88,vm_add,0.008996117885041103,0.050364958718327676,82,vm_add,0.020715093352564346,0.020715093352564346,0,vm_add,0.05189451261580912,0.05189451261580912,0,vm_add,0.011178671047640393,0.05010904988297458,77,Chooser (cheaper of the two)|n100 m10 vm_add lam=0.05|302
h10_elite_migration,Chooser (cheaper of the two),n100 m10 vm_add lam=0.05,vm_add,100,10,303,20000,4000,0.024141311645507812,0.008481513833635353,0.018828472231355184,0.045916680583113705,1.0076354107857104,53.625,0.5362500000000001,0.0,0.045916680583113705,0.05,,0.008481513833635353,0.008481513833635353,0,vm_add,0.007327018660718442,0.04812376291647747,81,vm_add,0.005687298177415192,0.047423321051778024,83,vm_add,0.026508696135127754,0.026508696135127754,0,vm_add,0.011594302572848273,0.05205807467576231,80,vm_add,0.01339106219534549,0.06000705105633147,92,vm_add,0.047851562501683965,0.047851562501683965,0,vm_add,0.012755671398845527,0.05984881011889182,93,vm_add,0.02551216620885684,0.02551216620885684,0,Chooser (cheaper of the two)|n100 m10 vm_add lam=0.05|303
h10_elite_migration,Chooser (cheaper of the two),n100 m10 vm_add lam=0.05,vm_add,100,10,304,20000,4000,0.02378225326538086,0.011182541500880099,0.02375998448117906,0.051566022117030486,1.009110124770695,54.875,0.54875,0.0,0.051566022117030486,0.05,,0.011182541500880099,0.011182541500880099,0,vm_add,0.010401682133363559,0.05384895446509816,86,vm_add,0.055181200635992717,0.055181200635992717,0,vm_add,0.011653825618317062,0.055660767032713956,87,vm_add,0.03218517475897874,0.03218517475897874,0,vm_add,0.012475244144998959,0.05398672915494381,82,vm_add,0.02128669102253602,0.0692871655005951,94,vm_add,0.03618210525355504,0.03618210525355504,0,vm_add,0.010713952281690389,0.05619608013436634,90,Chooser (cheaper of the two)|n100 m10 vm_add lam=0.05|304
h10_elite_migration,Chooser (cheaper of the two),n100 m10 vm_add lam=0.05,vm_add,100,10,305,20000,4000,0.023637771606445312,0.008223312381346173,0.019955378793821303,0.048101146308752604,1.0074901219607464,55.625,0.55625,0.0,0.048101146308752604,0.05,,0.008223312381346173,0.008223312381346173,0,vm_add,0.008896317617041707,0.05227885927457442,86,vm_add,0.015212209556080141,0.06191197119565984,92,vm_add,0.032667157065615966,0.032667157065615966,0,vm_add,0.011258015091893142,0.052719593710660775,82,vm_add,0.016702361035302263,0.06397902082344382,93,vm_add,0.045533055438223696,0.045533055438223696,0,vm_add,0.007513009031058629,0.053858607446487385,92,vm_add,0.021860905515354884,0.021860905515354884,0,Chooser (cheaper of the two)|n100 m10 vm_add lam=0.05|305
h10_elite_migration,Chooser (cheaper of the two),n100 m10 vm_add lam=0.05,vm_add,100,10,306,20000,4000,0.02516031265258789,0.011498194450387201,0.017538782296317126,0.05052900304263901,1.002726057516138,65.0,0.65,0.0,0.05052900304263901,0.05,,0.011498194450387201,0.011498194450387201,0,vm_add,0.0103625020303669,0.05633399587274873,91,vm_add,0.02640806458062652,0.02640806458062652,0,vm_add,0.011575343179667349,0.048497843205725276,73,vm_add,0.012094050812137453,0.05763828309868354,90,vm_add,0.02432624995998582,0.02432624995998582,0,vm_add,0.01594388306025418,0.06318527362255599,93,vm_add,0.011388045814327527,0.05336064971562228,83,vm_add,0.02821211893317127,0.07448166428516392,90,Chooser (cheaper of the two)|n100 m10 vm_add lam=0.05|306
h10_elite_migration,Chooser (cheaper of the two),n100 m10 vm_add lam=0.05,vm_add,100,10,307,20000,4000,0.022150278091430664,0.005184865225037136,0.01743246689166117,0.052357954291820386,1.0060033549315621,69.125,0.6912499999999999,0.0,0.052357954291820386,0.05,,0.005184865225037136,0.005184865225037136,0,vm_add,0.03092752538398763,0.03092752538398763,0,vm_add,0.01272937536848545,0.0562767385093302,86,vm_add,0.009060845817830333,0.05245046218799703,86,vm_add,0.008268013054124716,0.05515247566114157,93,vm_add,0.04546592140408024,0.04546592140408024,0,vm_add,0.011626355559264022,0.059172794270549306,94,vm_add,0.009696841775369067,0.059171987022362114,98,vm_add,0.01168485677014788,0.06024572989511496,96,Chooser (cheaper of the two)|n100 m10 vm_add lam=0.05|307
h10_elite_migration,Chooser (cheaper of the two),n100 m10 vm_add lam=0.05,vm_add,100,10,308,20000,4000,0.022736310958862305,0.009829057547112767,0.01273561015161942,0.05246688304377507,1.0021209470367616,78.625,0.78625,0.0,0.05246688304377507,0.05,,0.009829057547112767,0.009829057547112767,0,vm_add,0.01021698076626939,0.054161419429602224,87,vm_add,0.006222104893695307,0.052508321718805324,92,vm_add,0.004649837756393608,0.05036140537430953,91,vm_add,0.013097291990560792,0.05615392690015957,85,vm_add,0.012023177638955931,0.05908225539916732,93,vm_add,0.027061799065776774,0.027061799065776774,0,vm_add,0.015027436195732298,0.05918112967024676,87,vm_add,0.01358625290557125,0.061224806792133046,94,Chooser (cheaper of the two)|n100 m10 vm_add lam=0.05|308
h10_elite_migration,Chooser (cheaper of the two),n100 m10 vm_add lam=0.05,vm_add,100,10,309,20000,4000,0.023052215576171875,0.01350451577407029,0.019952891986182386,0.04568456860589822,1.0048357993951171,50.75,0.5075000000000001,0.0,0.04568456860589822,0.05,,0.01350451577407029,0.01350451577407029,0,vm_add,0.012874701926835543,0.059466938215470055,92,vm_add,0.025722467246959403,0.025722467246959403,0,vm_add,0.01774245473779858,0.05234569819888376,68,vm_add,0.03014942044538516,0.03014942044538516,0,vm_add,0.01322355230371962,0.05729877682893146,87,vm_add,0.00912130391961503,0.056045444551877086,93,vm_add,0.03083262771723146,0.03083262771723146,0,vm_add,0.019956607591914307,0.05361517564244741,66,Chooser (cheaper of the two)|n100 m10 vm_add lam=0.05|309
h10_elite_migration,Chooser (cheaper of the two),n100 m10 vm_add lam=0.05,vm_add,100,10,310,20000,4000,0.024340152740478516,0.004135430617277745,0.02023973195540526,0.04697938874510107,1.0067587291825417,52.875,0.52875,0.0,0.04697938874510107,0.05,,0.004135430617277745,0.004135430617277745,0,vm_add,0.009051034992772317,0.05294475501495796,87,vm_add,0.026338594381700987,0.026338594381700987,0,vm_add,0.0070144399307045776,0.05233008972758628,90,vm_add,0.012968752278965028,0.06057828363607626,94,vm_add,0.015592206092050118,0.05977046705705433,87,vm_add,0.03058727675285279,0.03058727675285279,0,vm_add,0.04743963809469887,0.04743963809469887,0,vm_add,0.012925913119497387,0.04584600529588108,65,Chooser (cheaper of the two)|n100 m10 vm_add lam=0.05|310
h10_elite_migration,GA continue,n100 m10 vm_add lam=0.05,vm_add,100,10,301,20000,4000,2.1200459003448486,0.011938736375147578,0.10182567347730118,0.13695538288598375,1.0880969262942286,13.375,0.13374999999999998,0.0,0.10924811863366068,0.05,,0.011938736375147578,0.05744306001563476,0,vm_add,0.034057918675316275,0.04944377718313413,10,vm_add,0.039480913267042575,0.04966582067442598,8,vm_add,0.05202460199824249,0.05602652400161511,3,vm_add,0.05997139977180838,0.08079104697623084,8,vm_add,0.1368669866921913,0.221812619333022,22,vm_add,0.3239660045857759,0.3537403296991255,12,vm_add,0.07900181449935799,0.18663734387018,35,vm_add,0.08923574832867448,0.09752560135013649,9,GA continue|n100 m10 vm_add lam=0.05|301
h10_elite_migration,GA continue,n100 m10 vm_add lam=0.05,vm_add,100,10,302,20000,4000,2.072153329849243,0.013343169677647456,0.0653489211726355,0.09833755318607534,1.0537439953224648,13.0,0.13,0.0,0.0722170699201724,0.05,,0.013343169677647456,0.036908306114355444,0,vm_add,0.04040759690051233,0.08312155662201014,23,vm_add,0.04105440758665911,0.09792300880705783,12,vm_add,0.0696941348631347,0.14176484804817754,23,vm_add,0.04740670448110413,0.08673525601675906,23,vm_add,0.09921032318891054,0.10327079939361465,6,vm_add,0.07917439206026515,0.1090342865749533,7,vm_add,0.05996331775821435,0.07815929660583266,9,vm_add,0.08588049254228354,0.08669137342019753,1,GA continue|n100 m10 vm_add lam=0.05|302
h10_elite_migration,GA continue,n100 m10 vm_add lam=0.05,vm_add,100,10,303,20000,4000,2.038527488708496,0.015183178216340744,0.07978262953107128,0.11769233962510996,1.0678993134655388,15.75,0.15750000000000003,0.0,0.08825414469942153,0.05,,0.015183178216340744,0.05159998247577159,0,vm_add,0.07842911709104644,0.1062309505669374,17,vm_add,0.05174626930307187,0.11306948104053834,28,vm_add,0.051330568482330974,0.06942165704290706,16,vm_add,0.03895706899409151,0.0641972681993335,13,vm_add,0.11136339603183763,0.11483012740262695,3,vm_add,0.09422973947616481,0.1374738788938659,15,vm_add,0.14575342988539544,0.20484021646909942,18,vm_add,0.06645144698463155,0.13147513738557104,16,GA continue|n100 m10 vm_add lam=0.05|303
h10_elite_migration,GA continue,n100 m10 vm_add lam=0.05,vm_add,100,10,304,20000,4000,2.350921630859375,0.014925746594301471,0.08151244733116399,0.11949941570730954,1.066103706929559,16.25,0.1625,0.0,0.09027507199651696,0.05,,0.014925746594301471,0.045784041999774636,0,vm_add,0.06850649540177794,0.15187375028107092,26,vm_add,0.02923885240630319,0.059468567485191096,14,vm_add,0.10967077804580992,0.16569585249858973,23,vm_add,0.06398433450344282,0.09700426466196281,23,vm_add,0.091542401271418,0.1111482024035531,9,vm_add,0.08623567131067619,0.13913739452114557,23,vm_add,0.10207836310222575,0.10207836310222575,0,vm_add,0.10084268260765811,0.12958893070473734,12,GA continue|n100 m10 vm_add lam=0.05|304
h10_elite_migration,GA continue,n100 m10 vm_add lam=0.05,vm_add,100,10,305,20000,4000,1.9981586933135986,0.012517337425278385,0.09046771457706208,0.12543102466519673,1.0772046273298717,14.875,0.14875,0.0,0.09842296447858273,0.05,,0.012517337425278385,0.048858146460174175,0,vm_add,0.03602263303313364,0.1036096361817209,31,vm_add,0.0877306924874669,0.1569165830312625,26,vm_add,0.05321459206818779,0.06631452926320604,9,vm_add,0.08213885945243976,0.11089071740095707,13,vm_add,0.05614347276880865,0.12976418865382025,24,vm_add,0.05102575693157654,0.06802305186159371,7,vm_add,0.1758058599680617,0.17580585996806172,0,vm_add,0.1816598499068217,0.1921236309609517,9,GA continue|n100 m10 vm_add lam=0.05|305
h10_elite_migration,GA continue,n100 m10 vm_add lam=0.05,vm_add,100,10,306,20000,4000,2.2547056674957275,0.014569156915683546,0.0741008596253315,0.10644567299500354,1.058444291196588,12.75,0.1275,0.0,0.08091038527676954,0.05,,0.014569156915683546,0.027101664553981566,0,vm_add,0.04736958739038302,0.11484552774867049,23,vm_add,0.05806224301436038,0.0637202250052332,8,vm_add,0.02214641913984625,0.050462518915086754,9,vm_add,0.11046677305272676,0.11046677305272676,0,vm_add,0.10657449699502747,0.11819036729800686,8,vm_add,0.08356370876587678,0.1637535490676949,25,vm_add,0.07052660579543328,0.10925319542648494,20,vm_add,0.09409704284899804,0.1208732274461244,9,GA continue|n100 m10 vm_add lam=0.05|306
h10_elite_migration,GA continue,n100 m10 vm_add lam=0.05,vm_add,100,10,307,20000,4000,2.089177370071411,0.011931567065867007,0.08523506600836409,0.12860323439156557,1.0730808355264958,19.0,0.19,0.0,0.09558039683927447,0.05,,0.011931567065867007,0.05040881819828238,0,vm_add,0.02990022861849056,0.0339362337381334,2,vm_add,0.0643386447554779,0.12123082447306947,30,vm_add,0.0857999484668097,0.11654069105551283,16,vm_add,0.08024751327728652,0.13306014010747305,21,vm_add,0.07020306010219636,0.10238058480794897,15,vm_add,0.07584029792442921,0.13317818000956808,25,vm_add,0.116930166929652,0.18318213743983477,31,vm_add,0.15862066799257035,0.20531708350098385,12,GA continue|n100 m10 vm_add lam=0.05|307
h10_elite_migration,GA continue,n100 m10 vm_add lam=0.05,vm_add,100,10,308,20000,4000,2.1226861476898193,0.017129267264258397,0.08280465170728751,0.12104189725777424,1.0714592113215504,16.625,0.16625,0.0,0.09179557066991223,0.05,,0.017129267264258397,0.05953833328136455,0,vm_add,0.0947313100944244,0.14188812980687093,20,vm_add,0.08744127797313454,0.15873058472360044,26,vm_add,0.07798642992231437,0.12474033249084385,19,vm_add,0.06287681504881919,0.11412353498435866,17,vm_add,0.08857363480957971,0.12359996633897936,20,vm_add,0.05423723705074241,0.075000795089019,13,vm_add,0.07081640232138696,0.08775932054066272,11,vm_add,0.12577410643789844,0.14249251408785893,7,GA continue|n100 m10 vm_add lam=0.05|308
h10_elite_migration,GA continue,n100 m10 vm_add lam=0.05,vm_add,100,10,309,20000,4000,2.3043787479400635,0.0121631558151105,0.06239888326942422,0.0862502074689026,1.0466835163954022,9.75,0.0975,0.0,0.06759606706325554,0.05,,0.0121631558151105,0.035984273028589454,0,vm_add,0.07721596211992218,0.10267588157469204,13,vm_add,0.04374167017501376,0.05616826366375909,11,vm_add,0.04895593667012336,0.06216425278569985,2,vm_add,0.06174341573661123,0.06174341573661123,0,vm_add,0.0788419544288122,0.11994215129980178,20,vm_add,0.06505423025952024,0.1255994439699458,17,vm_add,0.05759869502142166,0.08134171117979293,12,vm_add,0.06603920174396916,0.08036653954091824,3,GA continue|n100 m10 vm_add lam=0.05|309
h10_elite_migration,GA continue,n100 m10 vm_add lam=0.05,vm_add,100,10,310,20000,4000,2.0397701263427734,0.010962395995608108,0.06540125930528866,0.0943885252461901,1.0513391219367945,12.625,0.12625,0.0,0.07208417261918101,0.05,,0.010962395995608108,0.042622125564483526,0,vm_add,0.033748619485685874,0.07764760365545048,24,vm_add,0.0259828697251669,0.03026104720143548,5,vm_add,0.0855581799935728,0.1273521388819716,15,vm_add,0.0554294985011072,0.14683534035634102,33,vm_add,0.07647575527867467,0.1074945968160178,16,vm_add,0.07528769747318459,0.0805077102655008,4,vm_add,0.0813797903754476,0.08349456846248955,1,vm_add,0.08934766360946966,0.101515196330314,3,GA continue|n100 m10 vm_add lam=0.05|310
h10_elite_migration,QI-MRFO+CXM continue,n100 m10 vm_add lam=0.05,vm_add,100,10,301,20000,4000,7.129040718078613,0.0008034395373276679,0.014291719198533302,0.05011885270735904,1.001814488430456,40.75,0.4075,0.0,0.03498038109290465,0.05,,0.0008034395373276679,0.012424251864251949,0,vm_add,0.0062083509810238,0.034708284090321485,42,vm_add,0.008727456890341573,0.02397366653504743,25,vm_add,0.013629063057775134,0.03511647900622358,32,vm_add,0.0065054501004859445,0.030453841353444897,33,vm_add,0.008389013841428206,0.07642076806123083,53,vm_add,0.034273360707593035,0.10520595346479861,58,vm_add,0.023989009615684613,0.04620831872261925,36,vm_add,0.012612048393934101,0.04886351042518625,47,QI-MRFO+CXM continue|n100 m10 vm_add lam=0.05|301
h10_elite_migration,QI-MRFO+CXM continue,n100 m10 vm_add lam=0.05,vm_add,100,10,302,20000,4000,7.978996276855469,0.0005247079719280449,0.03319672783119516,0.057436083921068304,1.0219491602132442,29.25,0.2925,0.0,0.04806778839501734,0.05,,0.0005247079719280449,0.0052725963407204745,0,vm_add,0.08697938863814451,0.0897938924122422,5,vm_add,0.007171421091122046,0.05233269334838373,45,vm_add,0.012425728871387622,0.05841008003206742,56,vm_add,0.07084072560953124,0.07736103642046417,12,vm_add,0.006841708949542533,0.04643334004707597,49,vm_add,0.0161183025140986,0.03462738877931291,21,vm_add,0.046804064725073945,0.048897672854524135,4,vm_add,0.018392482250660744,0.05163256747447588,42,QI-MRFO+CXM continue|n100 m10 vm_add lam=0.05|302
h10_elite_migration,QI-MRFO+CXM continue,n100 m10 vm_add lam=0.05,vm_add,100,10,303,20000,4000,7.70048713684082,0.0005958956312608322,0.012055342305218063,0.046657180880335686,1.0009503033012983,39.25,0.39249999999999996,0.0,0.03190762783110679,0.05,,0.0005958956312608322,0.02378195724463283,0,vm_add,0.007152416664419519,0.04197860794181814,36,vm_add,0.00504680304950109,0.03578127671642741,49,vm_add,0.009384766979531922,0.07456822678663856,54,vm_add,0.013238263300736838,0.033253518113674774,26,vm_add,0.01884843315902563,0.052863136048327944,39,vm_add,0.019737703483473795,0.05227356284754577,32,vm_add,0.012644367123326101,0.05301073183703595,46,vm_add,0.010389984681729615,0.029528386751216936,32,QI-MRFO+CXM continue|n100 m10 vm_add lam=0.05|303
h10_elite_migration,QI-MRFO+CXM continue,n100 m10 vm_add lam=0.05,vm_add,100,10,304,20000,4000,6.879479885101318,0.0007500681960792569,0.012665848067877645,0.045661097719363164,0.9982061930354824,40.625,0.40625,0.0,0.03323743530474707,0.05,,0.0007500681960792569,0.019402401875970005,0,vm_add,0.005950216301954006,0.034737288345339574,42,vm_add,0.005773904354930182,0.029897343299724547,33,vm_add,0.008110274337479089,0.046546605274685224,48,vm_add,0.0124856528273958,0.04312757587266606,45,vm_add,0.013749104809426229,0.06143517265237596,42,vm_add,0.017096704917532783,0.06277054245630649,47,vm_add,0.01370037312871372,0.03105006568530032,27,vm_add,0.024460553865589364,0.055724188168507105,41,QI-MRFO+CXM continue|n100 m10 vm_add lam=0.05|304
h10_elite_migration,QI-MRFO+CXM continue,n100 m10 vm_add lam=0.05,vm_add,100,10,305,20000,4000,6.9803547859191895,0.0010851257043272605,0.011721079484578562,0.053107277881277615,0.9993697479308117,47.25,0.47250000000000003,0.0,0.035625083929712364,0.05,,0.0010851257043272605,0.009438774742326688,0,vm_add,0.005371184142290073,0.039347546269070804,49,vm_add,0.009402754852515337,0.043046454095267354,52,vm_add,0.011668409240381455,0.02993502755965712,31,vm_add,0.005065292557536657,0.04312127067042823,43,vm_add,0.016853219432300327,0.07524404026380323,47,vm_add,0.011910509950965074,0.04968687735822174,55,vm_add,0.010368934758417842,0.07891895195641112,51,vm_add,0.02312833094222173,0.06555805487736134,50,QI-MRFO+CXM continue|n100 m10 vm_add lam=0.05|305
h10_elite_migration,QI-MRFO+CXM continue,n100 m10 vm_add lam=0.05,vm_add,100,10,306,20000,4000,6.834013938903809,0.0003620227974819096,0.018167187905974685,0.053070476090824076,1.003373804524644,38.375,0.38375000000000004,0.0,0.03760081923032907,0.05,,0.0003620227974819096,0.004717346629877374,0,vm_add,0.007102196003486864,0.0819419367329337,53,vm_add,0.006105267189508811,0.04008428668491328,38,vm_add,0.008981982066678097,0.03766819809697561,41,vm_add,0.01532590723510868,0.051660171987936994,51,vm_add,0.015411678989828717,0.026226836323125377,17,vm_add,0.00990347180486268,0.05599997791511491,51,vm_add,0.05995078100308907,0.062070682565095285,4,vm_add,0.022556218955234544,0.06891171842049747,52,QI-MRFO+CXM continue|n100 m10 vm_add lam=0.05|306
h10_elite_migration,QI-MRFO+CXM continue,n100 m10 vm_add lam=0.05,vm_add,100,10,307,20000,4000,7.985683441162109,0.0009377332923246353,0.011606965846280034,0.05194899540704838,1.0002662808812195,45.5,0.45499999999999996,0.0,0.034628945888377886,0.05,,0.0009377332923246353,0.017166833172085578,0,vm_add,0.005140663235933453,0.03214658761418845,35,vm_add,0.007207340653431995,0.04848726045092967,50,vm_add,0.007993426146640009,0.03546767086361129,39,vm_add,0.008894988074397744,0.06984362040482986,52,vm_add,0.00885432651282292,0.04025508500026037,44,vm_add,0.01876502507577646,0.06219093226058459,48,vm_add,0.008601019321956244,0.050143157500045075,47,vm_add,0.02739893774928145,0.07705764916193772,49,QI-MRFO+CXM continue|n100 m10 vm_add lam=0.05|307
h10_elite_migration,QI-MRFO+CXM continue,n100 m10 vm_add lam=0.05,vm_add,100,10,308,20000,4000,7.385042667388916,0.000923051587766865,0.02129842000981652,0.05197456866476899,1.01057588211536,39.625,0.39625,0.0,0.04140777259390714,0.05,,0.000923051587766865,0.011074100243266155,0,vm_add,0.00616206166379022,0.0410588187138304,49,vm_add,0.008683818642896492,0.04695021202311059,51,vm_add,0.007732375490292346,0.03169113625183963,36,vm_add,0.06656723889158528,0.06925085870703694,5,vm_add,0.010813921264690687,0.049774575448961016,48,vm_add,0.026128049395847647,0.050615410670669964,34,vm_add,0.012560638222832606,0.05369909085697063,52,vm_add,0.03173925650659688,0.07275644664573275,42,QI-MRFO+CXM continue|n100 m10 vm_add lam=0.05|308
h10_elite_migration,QI-MRFO+CXM continue,n100 m10 vm_add lam=0.05,vm_add,100,10,309,20000,4000,6.8016180992126465,0.00021540392440112327,0.02530316390847285,0.060014278098430365,1.0101488583852802,36.875,0.36875,0.0,0.04403994128141609,0.05,,0.00021540392440112327,0.0029424141129715453,0,vm_add,0.09612360674959876,0.09996528974250464,7,vm_add,0.00875375474857207,0.07391639237005629,47,vm_add,0.005875896870392597,0.04715088186271434,50,vm_add,0.012046030289408096,0.0617965838296461,44,vm_add,0.012093198807824324,0.04521742447529222,44,vm_add,0.024619568280266797,0.058131904683191446,39,vm_add,0.025166123570623422,0.05408085927387664,34,vm_add,0.017747131951096725,0.039854888550161234,30,QI-MRFO+CXM continue|n100 m10 vm_add lam=0.05|309
h10_elite_migration,QI-MRFO+CXM continue,n100 m10 vm_add lam=0.05,vm_add,100,10,310,20000,4000,7.020580768585205,0.0006800415209223151,0.011072225205912934,0.04643974682278075,0.9977560193953149,44.5,0.44499999999999995,0.0,0.033573688922099026,0.05,,0.0006800415209223151,0.01033210185158088,0,vm_add,0.0048288522170723365,0.030701781390943872,32,vm_add,0.00454435214649007,0.051055748825245655,50,vm_add,0.014841728048071648,0.04650630584685599,45,vm_add,0.012813683919616568,0.05732784983717834,47,vm_add,0.011282984137718319,0.03796027666772032,38,vm_add,0.014987225656420073,0.05490606450888863,55,vm_add,0.01355485129520576,0.041176335298260494,41,vm_add,0.011724124226708692,0.05188361220715271,48,QI-MRFO+CXM continue|n100 m10 vm_add lam=0.05|310
h10_elite_migration,QI-MRFO+CXM continue+elite,n100 m10 vm_add lam=0.05,vm_add,100,10,301,20000,4000,7.143004417419434,0.0008034395373276679,0.06251440392011144,0.09372599051591499,1.0495256354739304,19.125,0.19125000000000003,0.0,0.07234547179571307,0.05,,0.0008034395373276679,0.012424251864251949,0,vm_add,0.04273242416710501,0.04273242416710501,0,vm_add,0.07488855418539667,0.07488855418539668,0,vm_add,0.1060712845603006,0.10607128456030059,0,vm_add,0.14859076981965666,0.1485907698196567,0,vm_add,0.007119141305166288,0.07521811880586604,63,vm_add,0.04910776554678204,0.20449165900667943,51,vm_add,0.03105545269493557,0.04851607450565308,25,vm_add,0.04054983908154871,0.04929903907666231,14,QI-MRFO+CXM continue+elite|n100 m10 vm_add lam=0.05|301
h10_elite_migration,QI-MRFO+CXM continue+elite,n100 m10 vm_add lam=0.05,vm_add,100,10,302,20000,4000,7.699658632278442,0.0005247079719280449,0.12702203163521986,0.14386588685433904,1.1147788973995676,8.75,0.0875,0.0,0.13144178049931154,0.05,,0.0005247079719280449,0.0052725963407204745,0,vm_add,0.08697938863814451,0.08697938863814453,0,vm_add,0.1696476199902025,0.1696476199902025,0,vm_add,0.010228311792393597,0.14497915354534707,70,vm_add,0.07253955613282574,0.07253955613282576,0,vm_add,0.1343139726330807,0.1343139726330807,0,vm_add,0.1474884510895681,0.1474884510895681,0,vm_add,0.1825403708164913,0.1825403708164913,0,vm_add,0.21243858198905233,0.2124385819890523,0,QI-MRFO+CXM continue+elite|n100 m10 vm_add lam=0.05|302
h10_elite_migration,QI-MRFO+CXM continue+elite,n100 m10 vm_add lam=0.05,vm_add,100,10,303,20000,4000,7.65080451965332,0.0005958956312608322,0.24027355895400143,0.2636120111268144,1.2264982211768567,9.75,0.0975,0.0,0.24539282116027042,0.05,,0.0005958956312608322,0.02378195724463283,0,vm_add,0.09662410331951776,0.09662410331951778,0,vm_add,0.2420135193712733,0.2420135193712733,0,vm_add,0.26772773272820316,0.2677277327282031,0,vm_add,0.3185529615502288,0.3185529615502288,0,vm_add,0.41781012604270623,0.4178101260427062,0,vm_add,0.4660229513827883,0.4660229513827883,0,vm_add,0.05010506795261663,0.2368126853351204,78,vm_add,0.06333200928467718,0.0633320092846772,0,QI-MRFO+CXM continue+elite|n100 m10 vm_add lam=0.05|303
h10_elite_migration,QI-MRFO+CXM continue+elite,n100 m10 vm_add lam=0.05,vm_add,100,10,304,20000,4000,7.148430585861206,0.0007500681960792569,0.09044537518641871,0.1323687122464389,1.0747413266385424,20.875,0.20875,0.0,0.1013055726217025,0.05,,0.0007500681960792569,0.019402401875970005,0,vm_add,0.005277557287624101,0.08314616833762603,47,vm_add,0.049829982103260284,0.04982998210326029,0,vm_add,0.00679654453658209,0.07753929218380069,60,vm_add,0.027229315951110538,0.027229315951110538,0,vm_add,0.10019375906118494,0.10019375906118491,0,vm_add,0.20741851012384183,0.2074185101238418,0,vm_add,0.2250286474306224,0.2250286474306224,0,vm_add,0.10178868499712343,0.2885640227800645,60,QI-MRFO+CXM continue+elite|n100 m10 vm_add lam=0.05|304
h10_elite_migration,QI-MRFO+CXM continue+elite,n100 m10 vm_add lam=0.05,vm_add,100,10,305,20000,4000,7.144137382507324,0.0010851257043272605,0.11201160931254797,0.1326026258583044,1.0984236990412837,15.875,0.15875,0.0,0.12002027248996741,0.05,,0.0010851257043272605,0.009438774742326688,0,vm_add,0.010599658232663964,0.1002345110285595,40,vm_add,0.0059760419684899944,0.05407881429826016,47,vm_add,0.023272188373278314,0.023272188373278314,0,vm_add,0.010843763422120109,0.03783427066250583,40,vm_add,0.11500489702077084,0.11500489702077082,0,vm_add,0.14662316277460685,0.14662316277460685,0,vm_add,0.282752801321943,0.28275280132194297,0,vm_add,0.3010203613865108,0.3010203613865107,0,QI-MRFO+CXM continue+elite|n100 m10 vm_add lam=0.05|305
h10_elite_migration,QI-MRFO+CXM continue+elite,n100 m10 vm_add lam=0.05,vm_add,100,10,306,20000,4000,6.928194284439087,0.0003620227974819096,0.043111953563179324,0.06627567717678251,1.0277842053931294,16.75,0.16749999999999998,0.0,0.051581967977425036,0.05,,0.0003620227974819096,0.004717346629877374,0,vm_add,0.007453282503985944,0.1021785172545792,44,vm_add,0.02345264375145654,0.023452643751456538,0,vm_add,0.055874327625825615,0.05587432762582562,0,vm_add,0.009877621955634847,0.07224031920116178,51,vm_add,0.022083033277640326,0.022083033277640322,0,vm_add,0.01765455071841397,0.04587640763111929,39,vm_add,0.06808597647216925,0.06808597647216925,0,vm_add,0.14041419220030807,0.14041419220030807,0,QI-MRFO+CXM continue+elite|n100 m10 vm_add lam=0.05|306
h10_elite_migration,QI-MRFO+CXM continue+elite,n100 m10 vm_add lam=0.05,vm_add,100,10,307,20000,4000,7.006500482559204,0.0009377332923246353,0.2585921569840488,0.32294434339300104,1.2443589265742854,16.625,0.16625,0.0,0.2675748559262241,0.05,,0.0009377332923246353,0.017166833172085578,0,vm_add,0.026571624927418012,0.026571624927418016,0,vm_add,0.16757902800704624,0.16757902800704624,0,vm_add,0.26162178709313005,0.2616217870931301,0,vm_add,0.40596800168250696,0.40596800168250696,0,vm_add,0.4578382070172353,0.4578382070172354,0,vm_add,0.5993526725017646,0.5993526725017646,0,vm_add,0.11967287444082535,0.5395379315978692,75,vm_add,0.03013306020246368,0.12508549431703783,58,QI-MRFO+CXM continue+elite|n100 m10 vm_add lam=0.05|307
h10_elite_migration,QI-MRFO+CXM continue+elite,n100 m10 vm_add lam=0.05,vm_add,100,10,308,20000,4000,7.229504823684692,0.000923051587766865,0.08950708009264383,0.1240423714810324,1.0780291992246944,21.375,0.21375,0.0,0.10054645937878781,0.05,,0.000923051587766865,0.011074100243266155,0,vm_add,0.1304772093944029,0.1304772093944029,0,vm_add,0.004839512892460768,0.088872276886014,72,vm_add,0.10633790742004491,0.10633790742004491,0,vm_add,0.17175856200222875,0.17175856200222875,0,vm_add,0.07697117310130168,0.23420622241076763,63,vm_add,0.012012215129553644,0.047026732933643026,36,vm_add,0.06651755117728718,0.06651755117728719,0,vm_add,0.1471425096238708,0.1471425096238708,0,QI-MRFO+CXM continue+elite|n100 m10 vm_add lam=0.05|308
h10_elite_migration,QI-MRFO+CXM continue+elite,n100 m10 vm_add lam=0.05,vm_add,100,10,309,20000,4000,7.109654664993286,0.00021540392440112327,0.10633935137204986,0.11915740137871485,1.0899401200589558,8.0,0.08,0.0,0.11037628889610189,0.05,,0.00021540392440112327,0.0029424141129715453,0,vm_add,0.09612936877771083,0.09612936877771083,0,vm_add,0.11003317431630429,0.11003317431630429,0,vm_add,0.14301085732790583,0.14301085732790586,0,vm_add,0.15694492919869166,0.15694492919869163,0,vm_add,0.24820428660928054,0.24820428660928048,0,vm_add,0.009234381013005458,0.11177878106632538,64,vm_add,0.030948137673132228,0.030948137673132224,0,vm_add,0.05620967606036804,0.05620967606036804,0,QI-MRFO+CXM continue+elite|n100 m10 vm_add lam=0.05|309
h10_elite_migration,QI-MRFO+CXM continue+elite,n100 m10 vm_add lam=0.05,vm_add,100,10,310,20000,4000,7.2093470096588135,0.0006800415209223151,0.07994054887315181,0.09128839993983517,1.0656857181027202,13.0,0.13,0.0,0.08664428097431763,0.05,,0.0006800415209223151,0.01033210185158088,0,vm_add,0.08728702242447504,0.08728702242447506,0,vm_add,0.1059149592890452,0.1059149592890452,0,vm_add,0.050771986200141735,0.10027589115473036,54,vm_add,0.010360527276922,0.05163943085580018,50,vm_add,0.06872718358468097,0.06872718358468095,0,vm_add,0.0845067844312046,0.0845067844312046,0,vm_add,0.10224084793187517,0.10224084793187517,0,vm_add,0.12971507984686978,0.1297150798468698,0,QI-MRFO+CXM continue+elite|n100 m10 vm_add lam=0.05|310
h10_elite_migration,(1+1)-EA+CXM continue,n100 m10 vm_add lam=0.2,vm_add,100,10,301,20000,4000,1.4758822917938232,0.0007944499825693696,0.35484273595172566,0.35484273595172566,1.3372046591057307,0.0,0.0,0.0,0.35484273595172566,0.2,,0.0007944499825693696,0.01980602025392085,0,vm_add,0.042723057992035074,0.04272305799203508,0,vm_add,0.07487889917309835,0.07487889917309837,0,vm_add,0.10606134945417853,0.10606134945417854,0,vm_add,0.14858045278914672,0.14858045278914675,0,vm_add,0.37330872970732987,0.3733087297073298,0,vm_add,0.6642285856879464,0.6642285856879464,0,vm_add,0.6980538218265973,0.6980538218265971,0,vm_add,0.730906990983473,0.7309069909834732,0,(1+1)-EA+CXM continue|n100 m10 vm_add lam=0.2|301
h10_elite_migration,(1+1)-EA+CXM continue,n100 m10 vm_add lam=0.2,vm_add,100,10,302,20000,4000,1.4819235801696777,0.0005847501359411637,0.4041965351150396,0.4041965351150396,1.3886289767617817,0.0,0.0,0.0,0.4041965351150396,0.2,,0.0005847501359411637,0.009146323098066275,0,vm_add,0.08704461900598198,0.087044619005982,0,vm_add,0.1697178113344816,0.16971781133448166,0,vm_add,0.3416023957623994,0.34160239576239937,0,vm_add,0.42435291236763945,0.42435291236763956,0,vm_add,0.5063905113996074,0.5063905113996076,0,vm_add,0.5238864691487859,0.5238864691487859,0,vm_add,0.5704360846493417,0.5704360846493417,0,vm_add,0.6101414772520795,0.6101414772520792,0,(1+1)-EA+CXM continue|n100 m10 vm_add lam=0.2|302
h10_elite_migration,(1+1)-EA+CXM continue,n100 m10 vm_add lam=0.2,vm_add,100,10,303,20000,4000,1.391655445098877,0.0010572604081618454,0.3951852168930394,0.3951852168930395,1.3794990452951361,0.0,0.0,0.0,0.3951852168930394,0.2,,0.0010572604081618454,0.025301005100177666,0,vm_add,0.09712974574417821,0.0971297457441782,0,vm_add,0.24258619940401643,0.24258619940401646,0,vm_add,0.2683122693279784,0.26831226932797836,0,vm_add,0.319160933155543,0.31916093315554306,0,vm_add,0.41846386413552245,0.41846386413552245,0,vm_add,0.46669891992798185,0.466698919927982,0,vm_add,0.6640846409444195,0.6640846409444197,0,vm_add,0.6850451625046755,0.6850451625046756,0,(1+1)-EA+CXM continue|n100 m10 vm_add lam=0.2|303
h10_elite_migration,(1+1)-EA+CXM continue,n100 m10 vm_add lam=0.2,vm_add,100,10,304,20000,4000,1.4104022979736328,0.0006037870269129456,0.5674041183175909,0.5674041183175909,1.5449513968748771,0.0,0.0,0.0,0.5674041183175909,0.2,,0.0006037870269129456,0.009703738369008846,0,vm_add,0.20859927477592696,0.20859927477592702,0,vm_add,0.2621626194774349,0.262162619477435,0,vm_add,0.4692669101045155,0.4692669101045155,0,vm_add,0.4990854420452608,0.4990854420452607,0,vm_add,0.6055659841742376,0.6055659841742376,0,vm_add,0.7620442513429737,0.7620442513429738,0,vm_add,0.7877435767604635,0.7877435767604634,0,vm_add,0.944764887859914,0.9447648878599142,0,(1+1)-EA+CXM continue|n100 m10 vm_add lam=0.2|304
h10_elite_migration,(1+1)-EA+CXM continue,n100 m10 vm_add lam=0.2,vm_add,100,10,305,20000,4000,1.4024443626403809,0.0006357534804457774,0.5488480761292702,0.5488480761292703,1.5297594817513573,0.0,0.0,0.0,0.5488480761292702,0.2,,0.0006357534804457774,0.023400173272238315,0,vm_add,0.15323670440617143,0.15323670440617146,0,vm_add,0.34958239622675896,0.34958239622675885,0,vm_add,0.3727863034140379,0.3727863034140379,0,vm_add,0.46980118052934683,0.46980118052934666,0,vm_add,0.6212550081814844,0.6212550081814845,0,vm_add,0.6672290409775617,0.6672290409775619,0,vm_add,0.8651661611162302,0.8651661611162303,0,vm_add,0.8917278141825709,0.8917278141825707,0,(1+1)-EA+CXM continue|n100 m10 vm_add lam=0.2|305
h10_elite_migration,(1+1)-EA+CXM continue,n100 m10 vm_add lam=0.2,vm_add,100,10,306,20000,4000,1.3668198585510254,0.00022357229419423736,0.3400160396865908,0.3400160396865908,1.3199736423710844,0.0,0.0,0.0,0.3400160396865908,0.2,,0.00022357229419423736,0.006291693778161626,0,vm_add,0.14040139985764896,0.14040139985764893,0,vm_add,0.15851210958514594,0.15851210958514594,0,vm_add,0.19521230632695008,0.19521230632695014,0,vm_add,0.2984867217327764,0.29848672173277646,0,vm_add,0.3141802713177451,0.3141802713177451,0,vm_add,0.45522527055917766,0.4552252705591778,0,vm_add,0.5273411817349146,0.5273411817349146,0,vm_add,0.6307690563783673,0.6307690563783673,0,(1+1)-EA+CXM continue|n100 m10 vm_add lam=0.2|306
h10_elite_migration,(1+1)-EA+CXM continue,n100 m10 vm_add lam=0.2,vm_add,100,10,307,20000,4000,1.4666597843170166,0.0003651439638693392,0.4597906776542611,0.45979067765426107,1.4433956554233474,0.0,0.0,0.0,0.4597906776542611,0.2,,0.0003651439638693392,0.024446273730850863,0,vm_add,0.025984371657032226,0.02598437165703223,0,vm_add,0.16691111104345446,0.16691111104345452,0,vm_add,0.26090007269691073,0.26090007269691073,0,vm_add,0.4051637136162903,0.4051637136162903,0,vm_add,0.45700424644987137,0.45700424644987125,0,vm_add,0.5984377581746777,0.5984377581746777,0,vm_add,0.7857905975310048,0.7857905975310048,0,vm_add,0.9781335500648474,0.9781335500648471,0,(1+1)-EA+CXM continue|n100 m10 vm_add lam=0.2|307
h10_elite_migration,(1+1)-EA+CXM continue,n100 m10 vm_add lam=0.2,vm_add,100,10,308,20000,4000,1.4983704090118408,0.0007917903286255392,0.5595853416570081,0.5595853416570082,1.5427660985527887,0.0,0.0,0.0,0.5595853416570081,0.2,,0.0007917903286255392,0.01198700297164036,0,vm_add,0.13032895837580533,0.13032895837580533,0,vm_add,0.31162109700745316,0.31162109700745316,0,vm_add,0.44410736358703246,0.4441073635870325,0,vm_add,0.5295012096978718,0.5295012096978717,0,vm_add,0.6674244196352123,0.6674244196352125,0,vm_add,0.6922022756752607,0.6922022756752608,0,vm_add,0.7833415448634414,0.7833415448634413,0,vm_add,0.918155864413988,0.9181558644139881,0,(1+1)-EA+CXM continue|n100 m10 vm_add lam=0.2|308
h10_elite_migration,(1+1)-EA+CXM continue,n100 m10 vm_add lam=0.2,vm_add,100,10,309,20000,4000,1.4820740222930908,0.0005400188734899088,0.24586903161818066,0.2458690316181807,1.2274206424403808,0.0,0.0,0.0,0.24586903161818066,0.2,,0.0005400188734899088,0.007028549691646947,0,vm_add,0.09648511212843751,0.0964851121284375,0,vm_add,0.11039343007816695,0.11039343007816695,0,vm_add,0.1433818158332474,0.14338181583324736,0,vm_add,0.15732040993795723,0.15732040993795723,0,vm_add,0.24860938512042155,0.24860938512042163,0,vm_add,0.3724507795370655,0.37245077953706546,0,vm_add,0.40197916542593776,0.40197916542593787,0,vm_add,0.43633215488421156,0.4363321548842115,0,(1+1)-EA+CXM continue|n100 m10 vm_add lam=0.2|309
h10_elite_migration,(1+1)-EA+CXM continue,n100 m10 vm_add lam=0.2,vm_add,100,10,310,20000,4000,1.486602783203125,0.0007771588942188509,0.35866263981699176,0.35866263981699187,1.3402121181703903,0.0,0.0,0.0,0.35866263981699176,0.2,,0.0007771588942188509,0.0152880908355526,0,vm_add,0.08739254512429503,0.08739254512429503,0,vm_add,0.10602228985573887,0.10602228985573887,0,vm_add,0.22855666178219,0.22855666178219003,0,vm_add,0.3945728041545802,0.3945728041545801,0,vm_add,0.47513469207355336,0.4751346920735534,0,vm_add,0.4969148404531476,0.4969148404531476,0,vm_add,0.5213926797961399,0.52139267979614,0,vm_add,0.5593146052962895,0.5593146052962895,0,(1+1)-EA+CXM continue|n100 m10 vm_add lam=0.2|310
h10_elite_migration,Chooser (cheaper of the two),n100 m10 vm_add lam=0.2,vm_add,100,10,301,20000,4000,0.026905536651611328,0.0064713761837668785,0.0651798802116041,0.11260602383430798,1.0521701945563557,23.375,0.23375,0.0,0.11260602383430798,0.2,,0.0064713761837668785,0.0064713761837668785,0,vm_add,0.04863782085728764,0.04863782085728764,0,vm_add,0.08097606346686155,0.08097606346686155,0,vm_add,0.11233539369468931,0.11233539369468931,0,vm_add,0.1550956832310577,0.1550956832310577,0,vm_add,0.011686384501476027,0.19581330648074471,91,vm_add,0.01709493230397105,0.2123771593063334,96,vm_add,0.037767258543569604,0.037767258543569604,0,vm_add,0.057845505093919954,0.057845505093919954,0,Chooser (cheaper of the two)|n100 m10 vm_add lam=0.2|301
h10_elite_migration,Chooser (cheaper of the two),n100 m10 vm_add lam=0.2,vm_add,100,10,302,20000,4000,0.026497364044189453,0.01058388271372133,0.08913525884007151,0.13350236365995502,1.0773953648686128,21.875,0.21875,0.0,0.13350236365995502,0.2,,0.01058388271372133,0.01058388271372133,0,vm_add,0.09790777004034124,0.09790777004034124,0,vm_add,0.18140713947238823,0.18140713947238823,0,vm_add,0.013429192184372931,0.19990016354629758,92,vm_add,0.0759378679745882,0.0759378679745882,0,vm_add,0.13790801500050107,0.13790801500050107,0,vm_add,0.1511242364266456,0.1511242364266456,0,vm_add,0.01485462166953977,0.18332048886668326,83,vm_add,0.040513227952194975,0.040513227952194975,0,Chooser (cheaper of the two)|n100 m10 vm_add lam=0.2|302
h10_elite_migration,Chooser (cheaper of the two),n100 m10 vm_add lam=0.2,vm_add,100,10,303,20000,4000,0.025235414505004883,0.008481513833635353,0.07231253479188761,0.11798422471181388,1.0604564158592602,22.625,0.22625,0.0,0.11798422471181388,0.2,,0.008481513833635353,0.008481513833635353,0,vm_add,0.10526651233604027,0.10526651233604027,0,vm_add,0.005687298177415192,0.18268826265664015,88,vm_add,0.026508696135127754,0.026508696135127754,0,vm_add,0.06766306865689117,0.06766306865689117,0,vm_add,0.14803390844752584,0.14803390844752584,0,vm_add,0.1870729569743983,0.1870729569743983,0,vm_add,0.012755671398845527,0.2011282262790307,93,vm_add,0.02551216620885684,0.02551216620885684,0,Chooser (cheaper of the two)|n100 m10 vm_add lam=0.2|303
h10_elite_migration,Chooser (cheaper of the two),n100 m10 vm_add lam=0.2,vm_add,100,10,304,20000,4000,0.022680997848510742,0.011182541500880099,0.04994806143204259,0.1163987971803597,1.035000584102879,32.75,0.3275,0.0,0.1163987971803597,0.2,,0.011182541500880099,0.011182541500880099,0,vm_add,0.010401682133363559,0.18419077146030197,86,vm_add,0.055181200635992717,0.055181200635992717,0,vm_add,0.011653825618317062,0.1876815912759042,87,vm_add,0.03218517475897874,0.03218517475897874,0,vm_add,0.10550163418365126,0.10550163418365126,0,vm_add,0.02128669102253602,0.2030757220245473,89,vm_add,0.03618210525355504,0.03618210525355504,0,vm_add,0.12719217784994638,0.12719217784994638,0,Chooser (cheaper of the two)|n100 m10 vm_add lam=0.2|304
h10_elite_migration,Chooser (cheaper of the two),n100 m10 vm_add lam=0.2,vm_add,100,10,305,20000,4000,0.023204565048217773,0.008223312381346173,0.09171513916740562,0.13641800479615562,1.0785270775180233,22.0,0.22,0.0,0.13641800479615562,0.2,,0.008223312381346173,0.008223312381346173,0,vm_add,0.16198139635918896,0.16198139635918896,0,vm_add,0.015212209556080141,0.18982870959972584,86,vm_add,0.032667157065615966,0.032667157065615966,0,vm_add,0.10564579700002115,0.10564579700002115,0,vm_add,0.016702361035302263,0.19970878602165662,90,vm_add,0.045533055438223696,0.045533055438223696,0,vm_add,0.16966105280197047,0.16966105280197047,0,vm_add,0.1863180840828423,0.1863180840828423,0,Chooser (cheaper of the two)|n100 m10 vm_add lam=0.2|305
h10_elite_migration,Chooser (cheaper of the two),n100 m10 vm_add lam=0.2,vm_add,100,10,306,20000,4000,0.02381753921508789,0.011498194450387201,0.09604761581902493,0.14293345185833806,1.0800460247531176,23.125,0.23125,0.0,0.14293345185833806,0.2,,0.011498194450387201,0.011498194450387201,0,vm_add,0.15325612078798787,0.15325612078798787,0,vm_add,0.1715709762833052,0.1715709762833052,0,vm_add,0.011575343179667349,0.19972835701108538,93,vm_add,0.09898228473541353,0.09898228473541353,0,vm_add,0.11226461769256696,0.11226461769256696,0,vm_add,0.01594388306025418,0.20287755754334094,92,vm_add,0.06629053406512152,0.06629053406512152,0,vm_add,0.1384971667478829,0.1384971667478829,0,Chooser (cheaper of the two)|n100 m10 vm_add lam=0.2|306
h10_elite_migration,Chooser (cheaper of the two),n100 m10 vm_add lam=0.2,vm_add,100,10,307,20000,4000,0.024782657623291016,0.005184865225037136,0.08206747657096002,0.15029647463140558,1.0698684994136842,33.75,0.3375,0.0,0.15029647463140558,0.2,,0.005184865225037136,0.005184865225037136,0,vm_add,0.03092752538398763,0.03092752538398763,0,vm_add,0.1725332444471671,0.1725332444471671,0,vm_add,0.009060845817830333,0.18867367637340407,89,vm_add,0.12451074916783235,0.12451074916783235,0,vm_add,0.16599718654808812,0.16599718654808812,0,vm_add,0.011626355559264022,0.19776560498216855,92,vm_add,0.13019904887336264,0.13019904887336264,0,vm_add,0.01168485677014788,0.1917647612752341,89,Chooser (cheaper of the two)|n100 m10 vm_add lam=0.2|307
h10_elite_migration,Chooser (cheaper of the two),n100 m10 vm_add lam=0.2,vm_add,100,10,308,20000,4000,0.024967432022094727,0.009829057547112767,0.08920666396424663,0.1351188436054918,1.0777315397334453,22.75,0.2275,0.0,0.1351188436054918,0.2,,0.009829057547112767,0.009829057547112767,0,vm_add,0.14053596141115418,0.14053596141115418,0,vm_add,0.006222104893695307,0.19337941640392262,93,vm_add,0.10786015442748838,0.10786015442748838,0,vm_add,0.17337082345733312,0.17337082345733312,0,vm_add,0.012023177638955931,0.1921633032586901,89,vm_add,0.027061799065776774,0.027061799065776774,0,vm_add,0.08237768128830861,0.08237768128830861,0,vm_add,0.16420160953126078,0.16420160953126078,0,Chooser (cheaper of the two)|n100 m10 vm_add lam=0.2|308
h10_elite_migration,Chooser (cheaper of the two),n100 m10 vm_add lam=0.2,vm_add,100,10,309,20000,4000,0.02863478660583496,0.01350451577407029,0.12452091229570104,0.14757174811061066,1.1078012449544887,11.375,0.11375,0.0,0.14757174811061066,0.2,,0.01350451577407029,0.01350451577407029,0,vm_add,0.11069281753708951,0.11069281753708951,0,vm_add,0.12478135251117603,0.12478135251117603,0,vm_add,0.15819718526168844,0.15819718526168844,0,vm_add,0.17231638869402158,0.17231638869402158,0,vm_add,0.01322355230371962,0.19763023882299657,91,vm_add,0.11371856625155749,0.11371856625155749,0,vm_add,0.13768030833091296,0.13768030833091296,0,vm_add,0.16555712747544266,0.16555712747544266,0,Chooser (cheaper of the two)|n100 m10 vm_add lam=0.2|309
h10_elite_migration,Chooser (cheaper of the two),n100 m10 vm_add lam=0.2,vm_add,100,10,310,20000,4000,0.027907848358154297,0.004135430617277745,0.06475625197310461,0.11052737732630094,1.050765625149781,22.625,0.22625,0.0,0.11052737732630094,0.2,,0.004135430617277745,0.004135430617277745,0,vm_add,0.09104146896683245,0.09104146896683245,0,vm_add,0.10973372885900251,0.10973372885900251,0,vm_add,0.0070144399307045776,0.18022092359878575,86,vm_add,0.14309335092539174,0.14309335092539174,0,vm_add,0.015592206092050118,0.2085547252495396,95,vm_add,0.03058727675285279,0.03058727675285279,0,vm_add,0.04743963809469887,0.04743963809469887,0,vm_add,0.07354790616330378,0.07354790616330378,0,Chooser (cheaper of the two)|n100 m10 vm_add lam=0.2|310
h10_elite_migration,GA continue,n100 m10 vm_add lam=0.2,vm_add,100,10,301,20000,4000,2.051745653152466,0.011938736375147578,0.16310926742663875,0.1978554708447978,1.1484685601393274,7.75,0.0775,0.0,0.1816380202085372,0.2,,0.011938736375147578,0.05744306001563476,0,vm_add,0.049142739049413096,0.054037954209267054,2,vm_add,0.06272453914466944,0.08062663592625896,5,vm_add,0.05155099608753874,0.0706647245527869,4,vm_add,0.06755228760525252,0.08074712580557297,6,vm_add,0.1807939419866562,0.25232519733050157,15,vm_add,0.3733233254976531,0.393369388960905,4,vm_add,0.32447354574809517,0.39578267086754515,14,vm_add,0.19531276429383182,0.2552900691055448,12,GA continue|n100 m10 vm_add lam=0.2|301
h10_elite_migration,GA continue,n100 m10 vm_add lam=0.2,vm_add,100,10,302,20000,4000,2.1171135902404785,0.013343169677647456,0.09893779997878549,0.13766310734967757,1.086972479952285,8.875,0.08875,0.0,0.11836977863513284,0.2,,0.013343169677647456,0.036908306114355444,0,vm_add,0.04614148135944856,0.09372514353750139,11,vm_add,0.1046435488812827,0.12278288383320841,4,vm_add,0.18206544838678732,0.222303693560298,8,vm_add,0.1016449297207437,0.19399795608490408,21,vm_add,0.13838253144804216,0.16040920958753538,8,vm_add,0.05541673438711088,0.13195851765649158,15,vm_add,0.06810143907233152,0.08102116796294473,4,vm_add,0.09510628657453703,0.09510628657453703,0,GA continue|n100 m10 vm_add lam=0.2|302
h10_elite_migration,GA continue,n100 m10 vm_add lam=0.2,vm_add,100,10,303,20000,4000,2.035727024078369,0.015183178216340744,0.13559821683977336,0.17409537537709752,1.1232879296898521,10.5,0.10500000000000001,0.0,0.15917058021511465,0.2,,0.015183178216340744,0.05159998247577159,0,vm_add,0.10762231458395341,0.11015368890070798,1,vm_add,0.25446986338011046,0.25446986338011046,0,vm_add,0.21536280118733458,0.2764237064139345,15,vm_add,0.0815789930693864,0.1512969750173778,17,vm_add,0.06657360180425177,0.1357417969331143,18,vm_add,0.06860384259675956,0.09545892404350359,6,vm_add,0.1559021938592226,0.20680153515069175,15,vm_add,0.13467212423716812,0.1624165131773397,12,GA continue|n100 m10 vm_add lam=0.2|303
h10_elite_migration,GA continue,n100 m10 vm_add lam=0.2,vm_add,100,10,304,20000,4000,2.059951066970825,0.014925746594301471,0.12238807325923572,0.17141709548163594,1.1064050611773102,11.25,0.1125,0.0,0.14736935260356557,0.2,,0.014925746594301471,0.045784041999774636,0,vm_add,0.11114538527762101,0.20648288126680306,17,vm_add,0.05635477596845008,0.10447510270583742,15,vm_add,0.2005873673315043,0.22083699307499785,7,vm_add,0.0911067945806963,0.14933292913487256,15,vm_add,0.16860847643883736,0.16860847643883736,0,vm_add,0.15283784057962696,0.2204866645988764,17,vm_add,0.07788528033708089,0.13206725896468852,11,vm_add,0.1205786655600688,0.16904645766817436,8,GA continue|n100 m10 vm_add lam=0.2|304
h10_elite_migration,GA continue,n100 m10 vm_add lam=0.2,vm_add,100,10,305,20000,4000,1.9499964714050293,0.012517337425278385,0.13017556322529739,0.17727470982880156,1.1164118777089413,10.75,0.10750000000000001,0.0,0.1544176542976538,0.2,,0.012517337425278385,0.048858146460174175,0,vm_add,0.1475623643491983,0.16004798049325986,5,vm_add,0.18372795929803962,0.32376611403412126,23,vm_add,0.07518207422147453,0.14972534394835282,17,vm_add,0.09826613140133601,0.12102058521593145,6,vm_add,0.1295511980396463,0.19392199001135665,18,vm_add,0.058325282604524374,0.09883739372060986,10,vm_add,0.1732150206598137,0.18308627372885344,3,vm_add,0.1755744752283463,0.18779199747792702,4,GA continue|n100 m10 vm_add lam=0.2|305
h10_elite_migration,GA continue,n100 m10 vm_add lam=0.2,vm_add,100,10,306,20000,4000,2.1196000576019287,0.014569156915683546,0.14006578827565586,0.16467368029038906,1.1232835216415853,7.25,0.07250000000000001,0.0,0.1560072123976324,0.2,,0.014569156915683546,0.027101664553981566,0,vm_add,0.15675746787812042,0.15675746787812042,0,vm_add,0.15350652250764765,0.17497444303973902,8,vm_add,0.0674566232227113,0.12162953556461689,15,vm_add,0.11310990996627392,0.1382788633322549,5,vm_add,0.07160657385231897,0.11858073118143012,14,vm_add,0.12235958598378355,0.17143877853256023,16,vm_add,0.1779798296996873,0.17797982969968731,0,vm_add,0.2577497930947036,0.2577497930947036,0,GA continue|n100 m10 vm_add lam=0.2|306
h10_elite_migration,GA continue,n100 m10 vm_add lam=0.2,vm_add,100,10,307,20000,4000,2.0683579444885254,0.011931567065867007,0.12447296912913562,0.18585227390071232,1.1118915648499472,13.0,0.13,0.0,0.1538627047407721,0.2,,0.011931567065867007,0.05040881819828238,0,vm_add,0.02990022861849056,0.03673707059377844,3,vm_add,0.15350520405374982,0.16336254316891918,3,vm_add,0.16597972522834828,0.24234639723428575,9,vm_add,0.14579143173456469,0.2598050258517192,25,vm_add,0.09599698114918162,0.16598603241227683,17,vm_add,0.1270151942901824,0.19569639657863508,14,vm_add,0.12160379786426107,0.20932464618556065,20,vm_add,0.15599119009430654,0.21356007918052347,13,GA continue|n100 m10 vm_add lam=0.2|307
h10_elite_migration,GA continue,n100 m10 vm_add lam=0.2,vm_add,100,10,308,20000,4000,2.0521841049194336,0.017129267264258397,0.13356625917572534,0.18035582506069164,1.121741295924664,11.875,0.11875,0.0,0.16040350986786098,0.2,,0.017129267264258397,0.05953833328136455,0,vm_add,0.14878107145826658,0.1487810714582666,0,vm_add,0.23946160908865338,0.2988788595698256,18,vm_add,0.08817704873836742,0.26086718100683637,38,vm_add,0.08873696393813366,0.10956254940722747,6,vm_add,0.13796410542351664,0.1597501184534813,8,vm_add,0.1171061618997498,0.13348629831841116,6,vm_add,0.12092315053343178,0.1735635919972163,11,vm_add,0.1273799623256834,0.15795693027426824,8,GA continue|n100 m10 vm_add lam=0.2|308
h10_elite_migration,GA continue,n100 m10 vm_add lam=0.2,vm_add,100,10,309,20000,4000,2.211449384689331,0.0121631558151105,0.13901711952577275,0.15245892761392635,1.1221481413930727,4.25,0.042499999999999996,0.0,0.14805818044402147,0.2,,0.0121631558151105,0.035984273028589454,0,vm_add,0.09942802105211992,0.107097013135203,3,vm_add,0.05186326798426436,0.10085399414749281,16,vm_add,0.060007505468751235,0.07676767277282005,6,vm_add,0.04715404918851194,0.06497020323036562,5,vm_add,0.110083010833794,0.12638143594678863,4,vm_add,0.2201848806564567,0.22018488065645664,0,vm_add,0.2464372538191172,0.24643725381911727,0,vm_add,0.2769789672031667,0.2769789672031668,0,GA continue|n100 m10 vm_add lam=0.2|309
h10_elite_migration,GA continue,n100 m10 vm_add lam=0.2,vm_add,100,10,310,20000,4000,2.0996038913726807,0.010962395995608108,0.20689574637818775,0.24236854160619858,1.1908113292039266,5.875,0.05875000000000001,0.0,0.2211119611950303,0.2,,0.010962395995608108,0.042622125564483526,0,vm_add,0.08916566475918575,0.09698335601954708,3,vm_add,0.10782578744965132,0.10782578744965134,0,vm_add,0.23055996587816646,0.23055996587816643,0,vm_add,0.2695680297494774,0.3468848167309423,13,vm_add,0.2490390685695351,0.3014974158708789,14,vm_add,0.26748094807486655,0.26748094807486655,0,vm_add,0.28820704028722527,0.2882070402872252,0,vm_add,0.15331946625739434,0.2995090025383108,17,GA continue|n100 m10 vm_add lam=0.2|310
h10_elite_migration,QI-MRFO+CXM continue,n100 m10 vm_add lam=0.2,vm_add,100,10,301,20000,4000,6.95303750038147,0.0008034395373276679,0.1890405281197142,0.23047007902619387,1.1738067377654633,15.125,0.15125,0.0,0.223765660056152,0.2,,0.0008034395373276679,0.012424251864251949,0,vm_add,0.01444291973425514,0.07195781386052036,23,vm_add,0.017140716972976002,0.05753025345411326,16,vm_add,0.016981480548056448,0.05144228972723241,16,vm_add,0.015390183970817348,0.07012984200100209,23,vm_add,0.21146734711160878,0.2242259383464625,5,vm_add,0.42764313760907513,0.46668535690615165,13,vm_add,0.4174325818884075,0.45429879193721656,10,vm_add,0.39182585712251733,0.44749034597685206,15,QI-MRFO+CXM continue|n100 m10 vm_add lam=0.2|301
h10_elite_migration,QI-MRFO+CXM continue,n100 m10 vm_add lam=0.2,vm_add,100,10,302,20000,4000,6.916850566864014,0.0005247079719280449,0.06656397739952177,0.1082532941209616,1.0550288543151924,17.25,0.1725,0.0,0.10271378985912102,0.2,,0.0005247079719280449,0.0052725963407204745,0,vm_add,0.08677322199180745,0.09816441761799508,5,vm_add,0.15746651343232076,0.1843612204170006,11,vm_add,0.03406116482619551,0.11948041858055863,37,vm_add,0.05842373021896698,0.08958306384097668,13,vm_add,0.03965141994783002,0.08775068548390288,21,vm_add,0.02355713088959522,0.13418403756419334,44,vm_add,0.05482336485804624,0.05734444790106658,0,vm_add,0.077755273031412,0.09515806156199913,7,QI-MRFO+CXM continue|n100 m10 vm_add lam=0.2|302
h10_elite_migration,QI-MRFO+CXM continue,n100 m10 vm_add lam=0.2,vm_add,100,10,303,20000,4000,6.709566354751587,0.0005958956312608322,0.07322234585391808,0.12862056161119007,1.0614052273646846,21.375,0.21375,0.0,0.11822363774546686,0.2,,0.0005958956312608322,0.02378195724463283,0,vm_add,0.09511798641061124,0.11395377962179676,8,vm_add,0.005189177547786279,0.0892165055847939,35,vm_add,0.013835563031004765,0.12342365800014822,44,vm_add,0.05333240576201953,0.06393231966891531,5,vm_add,0.03083531240273196,0.12115185162300739,28,vm_add,0.05768659070876902,0.07356307081610551,7,vm_add,0.20002816298368375,0.20752154078170518,3,vm_add,0.12975356798473817,0.23620176679304822,41,QI-MRFO+CXM continue|n100 m10 vm_add lam=0.2|303
h10_elite_migration,QI-MRFO+CXM continue,n100 m10 vm_add lam=0.2,vm_add,100,10,304,20000,4000,6.992981672286987,0.0007500681960792569,0.03665195154843784,0.09240877034556469,1.0218286962248682,22.5,0.225,0.0,0.08305305984192271,0.2,,0.0007500681960792569,0.019402401875970005,0,vm_add,0.006677315492901657,0.10310894380535388,38,vm_add,0.051291775536270325,0.061804693291632996,5,vm_add,0.043512034016958606,0.136037767659567,34,vm_add,0.06218864766206706,0.09338427938830642,14,vm_add,0.030993084964039616,0.09860630767604683,30,vm_add,0.02730084776177678,0.10240588834430787,30,vm_add,0.03906091246926606,0.058320994554712,9,vm_add,0.03219099448422258,0.08560128804459062,20,QI-MRFO+CXM continue|n100 m10 vm_add lam=0.2|304
h10_elite_migration,QI-MRFO+CXM continue,n100 m10 vm_add lam=0.2,vm_add,100,10,305,20000,4000,6.814938306808472,0.0010851257043272605,0.05779305920719216,0.11562459447141907,1.044796037215178,24.0,0.24,0.0,0.10785397143665075,0.2,,0.0010851257043272605,0.009438774742326688,0,vm_add,0.009706809551644623,0.08594839064382685,34,vm_add,0.016313857238371164,0.09719465472091572,31,vm_add,0.011581746924885433,0.09594203189960909,36,vm_add,0.016162381134581547,0.07197447888798536,23,vm_add,0.10602190463421976,0.12271854564980737,7,vm_add,0.11492584022768151,0.1392693542193012,9,vm_add,0.09024536559396473,0.16782131236733083,31,vm_add,0.09738656835218852,0.144127987382576,21,QI-MRFO+CXM continue|n100 m10 vm_add lam=0.2|305
h10_elite_migration,QI-MRFO+CXM continue,n100 m10 vm_add lam=0.2,vm_add,100,10,306,20000,4000,7.13981819152832,0.0003620227974819096,0.05394723671920834,0.12165152923605524,1.0386385930137045,23.375,0.23375,0.0,0.10271842417109565,0.2,,0.0003620227974819096,0.004717346629877374,0,vm_add,0.02368931721166488,0.14742674983208728,25,vm_add,0.01983801450564327,0.10699655485061202,36,vm_add,0.03676650056699933,0.07267934927108989,16,vm_add,0.10558505170202577,0.12550252189884567,8,vm_add,0.10808909817907604,0.1356995491769201,12,vm_add,0.04522674324102573,0.16561105208627094,42,vm_add,0.03935313394967051,0.11140579125938573,29,vm_add,0.053030034397561196,0.10789066551323023,19,QI-MRFO+CXM continue|n100 m10 vm_add lam=0.2|306
h10_elite_migration,QI-MRFO+CXM continue,n100 m10 vm_add lam=0.2,vm_add,100,10,307,20000,4000,7.264689683914185,0.0009377332923246353,0.061437304104628145,0.12651168992287298,1.0495270897057014,24.375,0.24375,0.0,0.1125449301910676,0.2,,0.0009377332923246353,0.017166833172085578,0,vm_add,0.021674261573296074,0.0817017362733747,24,vm_add,0.008049071008813316,0.09281131036038061,38,vm_add,0.016994861158524974,0.07158648707881697,21,vm_add,0.11492847890513952,0.13572723749907106,9,vm_add,0.09982660589912107,0.15526363559372014,20,vm_add,0.024362754183427034,0.14188664566994438,42,vm_add,0.08019317932801862,0.146816922501149,21,vm_add,0.12546922078068456,0.18629954440652702,20,QI-MRFO+CXM continue|n100 m10 vm_add lam=0.2|307
h10_elite_migration,QI-MRFO+CXM continue,n100 m10 vm_add lam=0.2,vm_add,100,10,308,20000,4000,7.262690782546997,0.000923051587766865,0.041948379075246386,0.11031293214685749,1.031021730361127,23.0,0.23,0.0,0.0896054035389616,0.2,,0.000923051587766865,0.011074100243266155,0,vm_add,0.006870348305835842,0.07996044108002792,33,vm_add,0.01547702918158077,0.1288491913857524,31,vm_add,0.0693824156807417,0.12370649852137984,19,vm_add,0.032968625871646715,0.10662795518199789,23,vm_add,0.04130073650120799,0.12707872879524224,26,vm_add,0.04021219607772819,0.06308804940503664,10,vm_add,0.07806423461851357,0.09907695965917297,8,vm_add,0.05131144636471629,0.15411563314624996,34,QI-MRFO+CXM continue|n100 m10 vm_add lam=0.2|308
h10_elite_migration,QI-MRFO+CXM continue,n100 m10 vm_add lam=0.2,vm_add,100,10,309,20000,4000,7.070686101913452,0.00021540392440112327,0.043219431787471105,0.11007138561452848,1.0277972255102308,22.5,0.22499999999999998,0.0,0.08935345465369401,0.2,,0.00021540392440112327,0.0029424141129715453,0,vm_add,0.09612360674959876,0.11147464254997469,7,vm_add,0.040503431449432775,0.10884783136560384,17,vm_add,0.0060026979386571784,0.11478988986614362,44,vm_add,0.021699254207310763,0.09154323699515433,24,vm_add,0.10097794541322287,0.11288154538214212,5,vm_add,0.02544553670921755,0.18258252290360005,38,vm_add,0.015663707934082824,0.09788757495010432,36,vm_add,0.03933927389824614,0.0605638409035049,9,QI-MRFO+CXM continue|n100 m10 vm_add lam=0.2|309
h10_elite_migration,QI-MRFO+CXM continue,n100 m10 vm_add lam=0.2,vm_add,100,10,310,20000,4000,7.018502235412598,0.0006800415209223151,0.02579557673626924,0.089795075748565,1.0123164459258391,23.0,0.23,0.0,0.07288185111764262,0.2,,0.0006800415209223151,0.01033210185158088,0,vm_add,0.007467752323610193,0.06826735403347589,25,vm_add,0.00839654227745317,0.11165531536493575,37,vm_add,0.05897931234814552,0.11252041608777139,18,vm_add,0.03452740385393879,0.16948678503632084,36,vm_add,0.027558260164932805,0.0770312075054444,22,vm_add,0.024245743619260785,0.0474753242901752,10,vm_add,0.015155146204976227,0.0809663640725772,26,vm_add,0.030034453097836426,0.05095783959781932,10,QI-MRFO+CXM continue|n100 m10 vm_add lam=0.2|310
h10_elite_migration,QI-MRFO+CXM continue+elite,n100 m10 vm_add lam=0.2,vm_add,100,10,301,20000,4000,7.075285196304321,0.0008034395373276679,0.1518141240958586,0.17040368420680985,1.1373496903625169,6.125,0.06125,0.0,0.1646973548391597,0.2,,0.0008034395373276679,0.012424251864251949,0,vm_add,0.04273242416710501,0.04273242416710501,0,vm_add,0.07488855418539667,0.07488855418539668,0,vm_add,0.1060712845603006,0.10607128456030059,0,vm_add,0.14859076981965666,0.1485907698196567,0,vm_add,0.03067392645992851,0.16889927075934805,45,vm_add,0.24901049111032547,0.24901049111032544,0,vm_add,0.27439647183724275,0.27439647183724275,0,vm_add,0.2881490706269132,0.29864020721510376,4,QI-MRFO+CXM continue+elite|n100 m10 vm_add lam=0.2|301
h10_elite_migration,QI-MRFO+CXM continue+elite,n100 m10 vm_add lam=0.2,vm_add,100,10,302,20000,4000,6.710167646408081,0.0005247079719280449,0.4041122733884277,0.40411227338842776,1.3885456491988093,0.0,0.0,0.0,0.4041122733884277,0.2,,0.0005247079719280449,0.0052725963407204745,0,vm_add,0.08697938863814451,0.08697938863814453,0,vm_add,0.1696476199902025,0.1696476199902025,0,vm_add,0.34152189012699397,0.34152189012699397,0,vm_add,0.4242674411157886,0.4242674411157887,0,vm_add,0.5063001173114096,0.5063001173114096,0,vm_add,0.5237950251793415,0.5237950251793416,0,vm_add,0.5703418473736348,0.5703418473736348,0,vm_add,0.6100448573719061,0.6100448573719062,0,QI-MRFO+CXM continue+elite|n100 m10 vm_add lam=0.2|302
h10_elite_migration,QI-MRFO+CXM continue+elite,n100 m10 vm_add lam=0.2,vm_add,100,10,303,20000,4000,6.8580029010772705,0.0005958956312608322,0.1724975597073124,0.19858974393209727,1.1597724563298455,7.125,0.07125,0.0,0.1869419670769698,0.2,,0.0005958956312608322,0.02378195724463283,0,vm_add,0.09662410331951776,0.09662410331951778,0,vm_add,0.2420135193712733,0.2420135193712733,0,vm_add,0.26772773272820316,0.2677277327282031,0,vm_add,0.3185529615502288,0.3185529615502288,0,vm_add,0.013642622432097906,0.22238009623037688,57,vm_add,0.048111677078354176,0.04811167707835419,0,vm_add,0.18916467457835712,0.1891646745783571,0,vm_add,0.20414318660046704,0.20414318660046704,0,QI-MRFO+CXM continue+elite|n100 m10 vm_add lam=0.2|303
h10_elite_migration,QI-MRFO+CXM continue+elite,n100 m10 vm_add lam=0.2,vm_add,100,10,304,20000,4000,6.78716254234314,0.0007500681960792569,0.3653853028519695,0.40628044329961177,1.3460125301435142,6.875,0.06875,0.0,0.3824824901404069,0.2,,0.0007500681960792569,0.019402401875970005,0,vm_add,0.20877596340859053,0.20877596340859053,0,vm_add,0.26234713869078286,0.26234713869078286,0,vm_add,0.46948170649466914,0.4694817064946691,0,vm_add,0.49930459769306634,0.4993045976930664,0,vm_add,0.6058007065212682,0.6058007065212682,0,vm_add,0.24343180279544696,0.5705929263765848,55,vm_add,0.26156719213662877,0.26156719213662877,0,vm_add,0.37237331507530347,0.37237331507530347,0,QI-MRFO+CXM continue+elite|n100 m10 vm_add lam=0.2|304
h10_elite_migration,QI-MRFO+CXM continue+elite,n100 m10 vm_add lam=0.2,vm_add,100,10,305,20000,4000,7.01357626914978,0.0010851257043272605,0.5495436432244933,0.5495436432244933,1.5304464764124288,0.0,0.0,0.0,0.5495436432244933,0.2,,0.0010851257043272605,0.009438774742326688,0,vm_add,0.15375460768987703,0.15375460768987703,0,vm_add,0.3501884757522949,0.35018847575229484,0,vm_add,0.37340280350603794,0.373402803506038,0,vm_add,0.4704612487138593,0.4704612487138593,0,vm_add,0.6219830922679978,0.6219830922679978,0,vm_add,0.667977771391459,0.667977771391459,0,vm_add,0.8660037824612741,0.8660037824612742,0,vm_add,0.8925773640131469,0.8925773640131469,0,QI-MRFO+CXM continue+elite|n100 m10 vm_add lam=0.2|305
h10_elite_migration,QI-MRFO+CXM continue+elite,n100 m10 vm_add lam=0.2,vm_add,100,10,306,20000,4000,7.108332872390747,0.0003620227974819096,0.20321129727022375,0.21431295720669555,1.1853861480325407,4.125,0.04125,0.0,0.21230059649930755,0.2,,0.0003620227974819096,0.004717346629877374,0,vm_add,0.1405592537136605,0.14055925371366051,0,vm_add,0.158672470317566,0.15867247031756598,0,vm_add,0.19537774708432698,0.195377747084327,0,vm_add,0.10173323988894539,0.19054651938071984,33,vm_add,0.1150488209728493,0.1150488209728493,0,vm_add,0.2347219461450733,0.2347219461450733,0,vm_add,0.29591047825509903,0.29591047825509903,0,vm_add,0.3836664217842693,0.38366642178426924,0,QI-MRFO+CXM continue+elite|n100 m10 vm_add lam=0.2|306
h10_elite_migration,QI-MRFO+CXM continue+elite,n100 m10 vm_add lam=0.2,vm_add,100,10,307,20000,4000,7.23435640335083,0.0009377332923246353,0.25191244493142406,0.3037471383876432,1.2377423291696834,12.375,0.12375,0.0,0.27799639949844646,0.2,,0.0009377332923246353,0.017166833172085578,0,vm_add,0.026571624927418012,0.026571624927418016,0,vm_add,0.16757902800704624,0.16757902800704624,0,vm_add,0.26162178709313005,0.2616217870931301,0,vm_add,0.40596800168250696,0.40596800168250696,0,vm_add,0.4578382070172353,0.4578382070172354,0,vm_add,0.5993526725017646,0.5993526725017646,0,vm_add,0.061979008771780496,0.37589955944945286,70,vm_add,0.03438922945051048,0.1351462264225913,29,QI-MRFO+CXM continue+elite|n100 m10 vm_add lam=0.2|307
h10_elite_migration,QI-MRFO+CXM continue+elite,n100 m10 vm_add lam=0.2,vm_add,100,10,308,20000,4000,7.2231605052948,0.000923051587766865,0.31218650871962694,0.32862260677116995,1.298051867444221,5.0,0.05,0.0,0.3230146342572194,0.2,,0.000923051587766865,0.011074100243266155,0,vm_add,0.1304772093944029,0.1304772093944029,0,vm_add,0.08281255375924336,0.21430133817158797,40,vm_add,0.19218697063952245,0.19218697063952248,0,vm_add,0.2626841049060937,0.2626841049060937,0,vm_add,0.3765470059494391,0.3765470059494391,0,vm_add,0.39700243597920726,0.3970024359792072,0,vm_add,0.4722427207249812,0.47224272072498125,0,vm_add,0.5835390684041254,0.5835390684041254,0,QI-MRFO+CXM continue+elite|n100 m10 vm_add lam=0.2|308
h10_elite_migration,QI-MRFO+CXM continue+elite,n100 m10 vm_add lam=0.2,vm_add,100,10,309,20000,4000,7.176357984542847,0.00021540392440112327,0.15877260797820264,0.17254420816640617,1.1415709361992619,4.5,0.045,0.0,0.1685788794273964,0.2,,0.00021540392440112327,0.0029424141129715453,0,vm_add,0.09612936877771083,0.09612936877771083,0,vm_add,0.11003317431630429,0.11003317431630429,0,vm_add,0.14301085732790583,0.14301085732790586,0,vm_add,0.15694492919869166,0.15694492919869163,0,vm_add,0.08958571657708246,0.19975851808271053,36,vm_add,0.1976545939100446,0.19765459391004464,0,vm_add,0.22342222619080668,0.22342222619080665,0,vm_add,0.25339999752707476,0.2533999975270748,0,QI-MRFO+CXM continue+elite|n100 m10 vm_add lam=0.2|309
h10_elite_migration,QI-MRFO+CXM continue+elite,n100 m10 vm_add lam=0.2,vm_add,100,10,310,20000,4000,7.126976728439331,0.0006800415209223151,0.35853079253650333,0.35853079253650333,1.3400820613646167,0.0,0.0,0.0,0.35853079253650333,0.2,,0.0006800415209223151,0.01033210185158088,0,vm_add,0.08728702242447504,0.08728702242447506,0,vm_add,0.1059149592890452,0.1059149592890452,0,vm_add,0.22843744024033338,0.22843744024033338,0,vm_add,0.39443747208149416,0.3944374720814942,0,vm_add,0.4749915421172623,0.47499154211726224,0,vm_add,0.4967695769086498,0.49676957690864987,0,vm_add,0.5212450408742269,0.5212450408742267,0,vm_add,0.5591632863565401,0.5591632863565402,0,QI-MRFO+CXM continue+elite|n100 m10 vm_add lam=0.2|310
h10_elite_migration,(1+1)-EA+CXM continue,n100 m10 vm_add lam=1.0,vm_add,100,10,301,20000,4000,1.422490119934082,0.0007944499825693696,0.35484273595172566,0.35484273595172566,1.3372046591057307,0.0,0.0,0.0,0.35484273595172566,1.0,,0.0007944499825693696,0.01980602025392085,0,vm_add,0.042723057992035074,0.04272305799203508,0,vm_add,0.07487889917309835,0.07487889917309837,0,vm_add,0.10606134945417853,0.10606134945417854,0,vm_add,0.14858045278914672,0.14858045278914675,0,vm_add,0.37330872970732987,0.3733087297073298,0,vm_add,0.6642285856879464,0.6642285856879464,0,vm_add,0.6980538218265973,0.6980538218265971,0,vm_add,0.730906990983473,0.7309069909834732,0,(1+1)-EA+CXM continue|n100 m10 vm_add lam=1.0|301
h10_elite_migration,(1+1)-EA+CXM continue,n100 m10 vm_add lam=1.0,vm_add,100,10,302,20000,4000,1.4092144966125488,0.0005847501359411637,0.4041965351150396,0.4041965351150396,1.3886289767617817,0.0,0.0,0.0,0.4041965351150396,1.0,,0.0005847501359411637,0.009146323098066275,0,vm_add,0.08704461900598198,0.087044619005982,0,vm_add,0.1697178113344816,0.16971781133448166,0,vm_add,0.3416023957623994,0.34160239576239937,0,vm_add,0.42435291236763945,0.42435291236763956,0,vm_add,0.5063905113996074,0.5063905113996076,0,vm_add,0.5238864691487859,0.5238864691487859,0,vm_add,0.5704360846493417,0.5704360846493417,0,vm_add,0.6101414772520795,0.6101414772520792,0,(1+1)-EA+CXM continue|n100 m10 vm_add lam=1.0|302
h10_elite_migration,(1+1)-EA+CXM continue,n100 m10 vm_add lam=1.0,vm_add,100,10,303,20000,4000,1.4600191116333008,0.0010572604081618454,0.3951852168930394,0.3951852168930395,1.3794990452951361,0.0,0.0,0.0,0.3951852168930394,1.0,,0.0010572604081618454,0.025301005100177666,0,vm_add,0.09712974574417821,0.0971297457441782,0,vm_add,0.24258619940401643,0.24258619940401646,0,vm_add,0.2683122693279784,0.26831226932797836,0,vm_add,0.319160933155543,0.31916093315554306,0,vm_add,0.41846386413552245,0.41846386413552245,0,vm_add,0.46669891992798185,0.466698919927982,0,vm_add,0.6640846409444195,0.6640846409444197,0,vm_add,0.6850451625046755,0.6850451625046756,0,(1+1)-EA+CXM continue|n100 m10 vm_add lam=1.0|303
h10_elite_migration,(1+1)-EA+CXM continue,n100 m10 vm_add lam=1.0,vm_add,100,10,304,20000,4000,1.4096832275390625,0.0006037870269129456,0.5674041183175909,0.5674041183175909,1.5449513968748771,0.0,0.0,0.0,0.5674041183175909,1.0,,0.0006037870269129456,0.009703738369008846,0,vm_add,0.20859927477592696,0.20859927477592702,0,vm_add,0.2621626194774349,0.262162619477435,0,vm_add,0.4692669101045155,0.4692669101045155,0,vm_add,0.4990854420452608,0.4990854420452607,0,vm_add,0.6055659841742376,0.6055659841742376,0,vm_add,0.7620442513429737,0.7620442513429738,0,vm_add,0.7877435767604635,0.7877435767604634,0,vm_add,0.944764887859914,0.9447648878599142,0,(1+1)-EA+CXM continue|n100 m10 vm_add lam=1.0|304
h10_elite_migration,(1+1)-EA+CXM continue,n100 m10 vm_add lam=1.0,vm_add,100,10,305,20000,4000,1.4231183528900146,0.0006357534804457774,0.5488480761292702,0.5488480761292703,1.5297594817513573,0.0,0.0,0.0,0.5488480761292702,1.0,,0.0006357534804457774,0.023400173272238315,0,vm_add,0.15323670440617143,0.15323670440617146,0,vm_add,0.34958239622675896,0.34958239622675885,0,vm_add,0.3727863034140379,0.3727863034140379,0,vm_add,0.46980118052934683,0.46980118052934666,0,vm_add,0.6212550081814844,0.6212550081814845,0,vm_add,0.6672290409775617,0.6672290409775619,0,vm_add,0.8651661611162302,0.8651661611162303,0,vm_add,0.8917278141825709,0.8917278141825707,0,(1+1)-EA+CXM continue|n100 m10 vm_add lam=1.0|305
h10_elite_migration,(1+1)-EA+CXM continue,n100 m10 vm_add lam=1.0,vm_add,100,10,306,20000,4000,1.4995722770690918,0.00022357229419423736,0.3400160396865908,0.3400160396865908,1.3199736423710844,0.0,0.0,0.0,0.3400160396865908,1.0,,0.00022357229419423736,0.006291693778161626,0,vm_add,0.14040139985764896,0.14040139985764893,0,vm_add,0.15851210958514594,0.15851210958514594,0,vm_add,0.19521230632695008,0.19521230632695014,0,vm_add,0.2984867217327764,0.29848672173277646,0,vm_add,0.3141802713177451,0.3141802713177451,0,vm_add,0.45522527055917766,0.4552252705591778,0,vm_add,0.5273411817349146,0.5273411817349146,0,vm_add,0.6307690563783673,0.6307690563783673,0,(1+1)-EA+CXM continue|n100 m10 vm_add lam=1.0|306
h10_elite_migration,(1+1)-EA+CXM continue,n100 m10 vm_add lam=1.0,vm_add,100,10,307,20000,4000,1.4899365901947021,0.0003651439638693392,0.4597906776542611,0.45979067765426107,1.4433956554233474,0.0,0.0,0.0,0.4597906776542611,1.0,,0.0003651439638693392,0.024446273730850863,0,vm_add,0.025984371657032226,0.02598437165703223,0,vm_add,0.16691111104345446,0.16691111104345452,0,vm_add,0.26090007269691073,0.26090007269691073,0,vm_add,0.4051637136162903,0.4051637136162903,0,vm_add,0.45700424644987137,0.45700424644987125,0,vm_add,0.5984377581746777,0.5984377581746777,0,vm_add,0.7857905975310048,0.7857905975310048,0,vm_add,0.9781335500648474,0.9781335500648471,0,(1+1)-EA+CXM continue|n100 m10 vm_add lam=1.0|307
h10_elite_migration,(1+1)-EA+CXM continue,n100 m10 vm_add lam=1.0,vm_add,100,10,308,20000,4000,1.4722552299499512,0.0007917903286255392,0.5595853416570081,0.5595853416570082,1.5427660985527887,0.0,0.0,0.0,0.5595853416570081,1.0,,0.0007917903286255392,0.01198700297164036,0,vm_add,0.13032895837580533,0.13032895837580533,0,vm_add,0.31162109700745316,0.31162109700745316,0,vm_add,0.44410736358703246,0.4441073635870325,0,vm_add,0.5295012096978718,0.5295012096978717,0,vm_add,0.6674244196352123,0.6674244196352125,0,vm_add,0.6922022756752607,0.6922022756752608,0,vm_add,0.7833415448634414,0.7833415448634413,0,vm_add,0.918155864413988,0.9181558644139881,0,(1+1)-EA+CXM continue|n100 m10 vm_add lam=1.0|308
h10_elite_migration,(1+1)-EA+CXM continue,n100 m10 vm_add lam=1.0,vm_add,100,10,309,20000,4000,1.4326865673065186,0.0005400188734899088,0.24586903161818066,0.2458690316181807,1.2274206424403808,0.0,0.0,0.0,0.24586903161818066,1.0,,0.0005400188734899088,0.007028549691646947,0,vm_add,0.09648511212843751,0.0964851121284375,0,vm_add,0.11039343007816695,0.11039343007816695,0,vm_add,0.1433818158332474,0.14338181583324736,0,vm_add,0.15732040993795723,0.15732040993795723,0,vm_add,0.24860938512042155,0.24860938512042163,0,vm_add,0.3724507795370655,0.37245077953706546,0,vm_add,0.40197916542593776,0.40197916542593787,0,vm_add,0.43633215488421156,0.4363321548842115,0,(1+1)-EA+CXM continue|n100 m10 vm_add lam=1.0|309
h10_elite_migration,(1+1)-EA+CXM continue,n100 m10 vm_add lam=1.0,vm_add,100,10,310,20000,4000,1.4393093585968018,0.0007771588942188509,0.35866263981699176,0.35866263981699187,1.3402121181703903,0.0,0.0,0.0,0.35866263981699176,1.0,,0.0007771588942188509,0.0152880908355526,0,vm_add,0.08739254512429503,0.08739254512429503,0,vm_add,0.10602228985573887,0.10602228985573887,0,vm_add,0.22855666178219,0.22855666178219003,0,vm_add,0.3945728041545802,0.3945728041545801,0,vm_add,0.47513469207355336,0.4751346920735534,0,vm_add,0.4969148404531476,0.4969148404531476,0,vm_add,0.5213926797961399,0.52139267979614,0,vm_add,0.5593146052962895,0.5593146052962895,0,(1+1)-EA+CXM continue|n100 m10 vm_add lam=1.0|310
h10_elite_migration,Chooser (cheaper of the two),n100 m10 vm_add lam=1.0,vm_add,100,10,301,20000,4000,0.032148122787475586,0.0064713761837668785,0.36252797264179765,0.36252797264179765,1.3447898452203948,0.0,0.0,0.0,0.36252797264179765,1.0,,0.0064713761837668785,0.0064713761837668785,0,vm_add,0.04863782085728764,0.04863782085728764,0,vm_add,0.08097606346686155,0.08097606346686155,0,vm_add,0.11233539369468931,0.11233539369468931,0,vm_add,0.1550956832310577,0.1550956832310577,0,vm_add,0.381098713265037,0.381098713265037,0,vm_add,0.6736687887816369,0.6736687887816369,0,vm_add,0.707685895857722,0.707685895857722,0,vm_add,0.7407254219800888,0.7407254219800888,0,Chooser (cheaper of the two)|n100 m10 vm_add lam=1.0|301
h10_elite_migration,Chooser (cheaper of the two),n100 m10 vm_add lam=1.0,vm_add,100,10,302,20000,4000,0.023545503616333008,0.01058388271372133,0.41822907690419564,0.41822907690419564,1.4025059474412784,0.0,0.0,0.0,0.41822907690419564,1.0,,0.01058388271372133,0.01058388271372133,0,vm_add,0.09790777004034124,0.09790777004034124,0,vm_add,0.18140713947238823,0.18140713947238823,0,vm_add,0.3550094162272558,0.3550094162272558,0,vm_add,0.4385868826598874,0.4385868826598874,0,vm_add,0.5214443071279037,0.5214443071279037,0,vm_add,0.5391151070392133,0.5391151070392133,0,vm_add,0.5861299063003366,0.5861299063003366,0,vm_add,0.626232086366239,0.626232086366239,0,Chooser (cheaper of the two)|n100 m10 vm_add lam=1.0|302
h10_elite_migration,Chooser (cheaper of the two),n100 m10 vm_add lam=1.0,vm_add,100,10,303,20000,4000,0.022745609283447266,0.008481513833635353,0.40553248576102086,0.40553248576102086,1.389729979046412,0.0,0.0,0.0,0.40553248576102086,1.0,,0.008481513833635353,0.008481513833635353,0,vm_add,0.10526651233604027,0.10526651233604027,0,vm_add,0.2518017310346546,0.2518017310346546,0,vm_add,0.2777185961012232,0.2777185961012232,0,vm_add,0.3289443745869928,0.3289443745869928,0,vm_add,0.4289837770503188,0.4289837770503188,0,vm_add,0.4775765639060834,0.4775765639060834,0,vm_add,0.6764261788208564,0.6764261788208564,0,vm_add,0.6975421522519974,0.6975421522519974,0,Chooser (cheaper of the two)|n100 m10 vm_add lam=1.0|303
h10_elite_migration,Chooser (cheaper of the two),n100 m10 vm_add lam=1.0,vm_add,100,10,304,20000,4000,0.023999452590942383,0.011182541500880099,0.5839752961845409,0.5839752961845409,1.5612851962404721,0.0,0.0,0.0,0.5839752961845409,1.0,,0.011182541500880099,0.011182541500880099,0,vm_add,0.22137703471551173,0.22137703471551173,0,vm_add,0.2755066709699283,0.2755066709699283,0,vm_add,0.4848005449960072,0.4848005449960072,0,vm_add,0.5149343295195082,0.5149343295195082,0,vm_add,0.6225406234455917,0.6225406234455917,0,vm_add,0.7806732369103861,0.7806732369103861,0,vm_add,0.8066442651309864,0.8066442651309864,0,vm_add,0.9653256637884073,0.9653256637884073,0,Chooser (cheaper of the two)|n100 m10 vm_add lam=1.0|304
h10_elite_migration,Chooser (cheaper of the two),n100 m10 vm_add lam=1.0,vm_add,100,10,305,20000,4000,0.022835493087768555,0.008223312381346173,0.5605925855227243,0.5605925855227243,1.5413592473320161,0.0,0.0,0.0,0.5605925855227243,1.0,,0.008223312381346173,0.008223312381346173,0,vm_add,0.16198139635918896,0.16198139635918896,0,vm_add,0.3598159261474834,0.3598159261474834,0,vm_add,0.383195782486991,0.383195782486991,0,vm_add,0.4809462980119966,0.4809462980119966,0,vm_add,0.6335485603808433,0.6335485603808433,0,vm_add,0.6798712022292545,0.6798712022292545,0,vm_add,0.8793092277198484,0.8793092277198484,0,vm_add,0.9060722908461886,0.9060722908461886,0,Chooser (cheaper of the two)|n100 m10 vm_add lam=1.0|305
h10_elite_migration,Chooser (cheaper of the two),n100 m10 vm_add lam=1.0,vm_add,100,10,306,20000,4000,0.024112701416015625,0.011498194450387201,0.3551208372030611,0.3551208372030611,1.334852519940159,0.0,0.0,0.0,0.3551208372030611,1.0,,0.011498194450387201,0.011498194450387201,0,vm_add,0.15325612078798787,0.15325612078798787,0,vm_add,0.1715709762833052,0.1715709762833052,0,vm_add,0.20868486138717493,0.20868486138717493,0,vm_add,0.31312339654018106,0.31312339654018106,0,vm_add,0.3289938454172292,0.3289938454172292,0,vm_add,0.47162871828043634,0.47162871828043634,0,vm_add,0.5445575273646789,0.5445575273646789,0,vm_add,0.649151251563495,0.649151251563495,0,Chooser (cheaper of the two)|n100 m10 vm_add lam=1.0|306
h10_elite_migration,Chooser (cheaper of the two),n100 m10 vm_add lam=1.0,vm_add,100,10,307,20000,4000,0.02320098876953125,0.005184865225037136,0.34482648548477246,0.4636994561552648,1.3297615302644155,11.75,0.1175,0.0,0.4636994561552648,1.0,,0.005184865225037136,0.005184865225037136,0,vm_add,0.03092752538398763,0.03092752538398763,0,vm_add,0.1725332444471671,0.1725332444471671,0,vm_add,0.26697504134736266,0.26697504134736266,0,vm_add,0.41193373900832103,0.41193373900832103,0,vm_add,0.46402403755974614,0.46402403755974614,0,vm_add,0.6061389705711846,0.6061389705711846,0,vm_add,0.7943944687902623,0.7943944687902623,0,vm_add,0.01168485677014788,0.9626686221340869,94,Chooser (cheaper of the two)|n100 m10 vm_add lam=1.0|307
h10_elite_migration,Chooser (cheaper of the two),n100 m10 vm_add lam=1.0,vm_add,100,10,308,20000,4000,0.024898529052734375,0.009829057547112767,0.5736685801675498,0.5736685801675498,1.556697457325892,0.0,0.0,0.0,0.5736685801675498,1.0,,0.009829057547112767,0.009829057547112767,0,vm_add,0.14053596141115418,0.14053596141115418,0,vm_add,0.3234651893127762,0.3234651893127762,0,vm_add,0.4571478224147729,0.4571478224147729,0,vm_add,0.5433127849691881,0.5433127849691881,0,vm_add,0.6824814576649969,0.6824814576649969,0,vm_add,0.707483060650513,0.707483060650513,0,vm_add,0.7994453281263604,0.7994453281263604,0,vm_add,0.9354770367906373,0.9354770367906373,0,Chooser (cheaper of the two)|n100 m10 vm_add lam=1.0|308
h10_elite_migration,Chooser (cheaper of the two),n100 m10 vm_add lam=1.0,vm_add,100,10,309,20000,4000,0.0243527889251709,0.01350451577407029,0.2620123791047996,0.2620123791047996,1.2433249449314925,0.0,0.0,0.0,0.2620123791047996,1.0,,0.01350451577407029,0.01350451577407029,0,vm_add,0.11069281753708951,0.11069281753708951,0,vm_add,0.12478135251117603,0.12478135251117603,0,vm_add,0.15819718526168844,0.15819718526168844,0,vm_add,0.17231638869402158,0.17231638869402158,0,vm_add,0.2647882407364667,0.2647882407364667,0,vm_add,0.3902343099725005,0.3902343099725005,0,vm_add,0.42014530990990073,0.42014530990990073,0,vm_add,0.4549434282155533,0.4549434282155533,0,Chooser (cheaper of the two)|n100 m10 vm_add lam=1.0|309
h10_elite_migration,Chooser (cheaper of the two),n100 m10 vm_add lam=1.0,vm_add,100,10,310,20000,4000,0.023506879806518555,0.004135430617277745,0.36322185490690795,0.36322185490690795,1.344709419512005,0.0,0.0,0.0,0.36322185490690795,1.0,,0.004135430617277745,0.004135430617277745,0,vm_add,0.09104146896683245,0.09104146896683245,0,vm_add,0.10973372885900251,0.10973372885900251,0,vm_add,0.2326792849463692,0.2326792849463692,0,vm_add,0.3992525216844187,0.3992525216844187,0,vm_add,0.48008474821748803,0.48008474821748803,0,vm_add,0.501937983453409,0.501937983453409,0,vm_add,0.5264979621967429,0.5264979621967429,0,vm_add,0.564547140931001,0.564547140931001,0,Chooser (cheaper of the two)|n100 m10 vm_add lam=1.0|310
h10_elite_migration,GA continue,n100 m10 vm_add lam=1.0,vm_add,100,10,301,20000,4000,2.0918028354644775,0.011938736375147578,0.36992950573408523,0.36992950573408523,1.3520950211444327,0.0,0.0,0.0,0.36992950573408523,1.0,,0.011938736375147578,0.05744306001563476,0,vm_add,0.0543342378767862,0.0543342378767862,0,vm_add,0.08684814849290907,0.08684814849290907,0,vm_add,0.11837782907323874,0.11837782907323875,0,vm_add,0.1613704013255543,0.1613704013255543,0,vm_add,0.3886011264522886,0.3886011264522886,0,vm_add,0.682760502988192,0.6827605029881921,0,vm_add,0.7169623980090263,0.7169623980090263,0,vm_add,0.7501814016546868,0.7501814016546868,0,GA continue|n100 m10 vm_add lam=1.0|301
h10_elite_migration,GA continue,n100 m10 vm_add lam=1.0,vm_add,100,10,302,20000,4000,2.04390025138855,0.013343169677647456,0.4221013937605207,0.4221013937605207,1.4063353340402531,0.0,0.0,0.0,0.4221013937605207,1.0,,0.013343169677647456,0.036908306114355444,0,vm_add,0.10090548517243948,0.10090548517243951,0,vm_add,0.184632840351648,0.18463284035164804,0,vm_add,0.35870911882705686,0.3587091188270569,0,vm_add,0.4425147842420295,0.44251478424202956,0,vm_add,0.5255984416978361,0.5255984416978361,0,vm_add,0.5433174897641693,0.5433174897641694,0,vm_add,0.5904606577089138,0.5904606577089138,0,vm_add,0.6306723323200722,0.6306723323200724,0,GA continue|n100 m10 vm_add lam=1.0|302
h10_elite_migration,GA continue,n100 m10 vm_add lam=1.0,vm_add,100,10,303,20000,4000,2.050121545791626,0.015183178216340744,0.4148726738253049,0.4148726738253049,1.398965154678684,0.0,0.0,0.0,0.4148726738253049,1.0,,0.015183178216340744,0.05159998247577159,0,vm_add,0.11261134227839792,0.11261134227839792,0,vm_add,0.26012033178241983,0.26012033178241983,0,vm_add,0.28620942224840873,0.2862094222484087,0,vm_add,0.3377756115106233,0.3377756115106233,0,vm_add,0.43847980603127423,0.43847980603127434,0,vm_add,0.48739550663851616,0.4873955066385163,0,vm_add,0.6875665373288975,0.6875665373288975,0,vm_add,0.7088228327839015,0.7088228327839013,0,GA continue|n100 m10 vm_add lam=1.0|303
h10_elite_migration,GA continue,n100 m10 vm_add lam=1.0,vm_add,100,10,304,20000,4000,2.0580925941467285,0.014925746594301471,0.5898388709133244,0.5898388709133244,1.567064776542735,0.0,0.0,0.0,0.5898388709133244,1.0,,0.014925746594301471,0.045784041999774636,0,vm_add,0.22589833977142088,0.22589833977142088,0,vm_add,0.28022835362514986,0.28022835362514986,0,vm_add,0.49029699369308855,0.4902969936930886,0,vm_add,0.5205423277450703,0.5205423277450703,0,vm_add,0.6285469596674867,0.6285469596674867,0,vm_add,0.787264949936037,0.7872649499360371,0,vm_add,0.8133321179544748,0.8133321179544748,0,vm_add,0.9726009249138667,0.972600924913867,0,GA continue|n100 m10 vm_add lam=1.0|304
h10_elite_migration,GA continue,n100 m10 vm_add lam=1.0,vm_add,100,10,305,20000,4000,1.9729864597320557,0.012517337425278385,0.5672391523728617,0.5672391523728617,1.547923899357476,0.0,0.0,0.0,0.5672391523728617,1.0,,0.012517337425278385,0.048858146460174175,0,vm_add,0.1669302773811569,0.16693027738115687,0,vm_add,0.365607384815726,0.365607384815726,0,vm_add,0.3890868160087531,0.3890868160087531,0,vm_add,0.48725365116906877,0.48725365116906877,0,vm_add,0.6405058468694755,0.6405058468694754,0,vm_add,0.6870257769394101,0.6870257769394101,0,vm_add,0.8873132093675865,0.8873132093675866,0,vm_add,0.9141902564317166,0.9141902564317169,0,GA continue|n100 m10 vm_add lam=1.0|305
h10_elite_migration,GA continue,n100 m10 vm_add lam=1.0,vm_add,100,10,306,20000,4000,2.0736165046691895,0.014569156915683546,0.35923505633842273,0.35923505633842273,1.3389052033833262,0.0,0.0,0.0,0.35923505633842273,1.0,,0.014569156915683546,0.027101664553981566,0,vm_add,0.15675746787812042,0.15675746787812042,0,vm_add,0.1751279282515206,0.1751279282515206,0,vm_add,0.2123544930899866,0.2123544930899866,0,vm_add,0.3171101092058112,0.31711010920581123,0,vm_add,0.33302874161207985,0.3330287416120798,0,vm_add,0.47609666155654573,0.47609666155654573,0,vm_add,0.5492468863947315,0.5492468863947315,0,vm_add,0.6541581627185858,0.654158162718586,0,GA continue|n100 m10 vm_add lam=1.0|306
h10_elite_migration,GA continue,n100 m10 vm_add lam=1.0,vm_add,100,10,307,20000,4000,2.139509439468384,0.011931567065867007,0.4766690712288286,0.4766690712288286,1.4600844864516451,0.0,0.0,0.0,0.4766690712288286,1.0,,0.011931567065867007,0.05040881819828238,0,vm_add,0.03784700942507811,0.03784700942507812,0,vm_add,0.18040317213153878,0.18040317213153878,0,vm_add,0.27547885307340775,0.27547885307340775,0,vm_add,0.42141049923984786,0.42141049923984786,0,vm_add,0.473850422746129,0.47385042274612893,0,vm_add,0.61691921719473,0.61691921719473,0,vm_add,0.8064382677814578,0.8064382677814577,0,vm_add,1.0010051282384398,1.00100512823844,0,GA continue|n100 m10 vm_add lam=1.0|307
h10_elite_migration,GA continue,n100 m10 vm_add lam=1.0,vm_add,100,10,308,20000,4000,2.0616073608398438,0.017129267264258397,0.5850448725951125,0.5850448725951125,1.5679510628937792,0.0,0.0,0.0,0.5850448725951125,1.0,,0.017129267264258397,0.05953833328136455,0,vm_add,0.14878107145826658,0.1487810714582666,0,vm_add,0.33303272290979224,0.3330327229097922,0,vm_add,0.46768176834652153,0.46768176834652153,0,vm_add,0.5544696306800787,0.5544696306800786,0,vm_add,0.6946443751354029,0.6946443751354028,0,vm_add,0.7198267185578227,0.7198267185578227,0,vm_add,0.8124537954225666,0.8124537954225666,0,vm_add,0.9494688982504489,0.949468898250449,0,GA continue|n100 m10 vm_add lam=1.0|308
h10_elite_migration,GA continue,n100 m10 vm_add lam=1.0,vm_add,100,10,309,20000,4000,2.1437041759490967,0.0121631558151105,0.2603421222419085,0.2603421222419085,1.2416794206430948,0.0,0.0,0.0,0.2603421222419085,1.0,,0.0121631558151105,0.035984273028589454,0,vm_add,0.10922283013302687,0.10922283013302689,0,vm_add,0.12329271911550653,0.12329271911550653,0,vm_add,0.15666432644881634,0.1566643264488163,0,vm_add,0.17076484330023958,0.17076484330023958,0,vm_add,0.26311431005704455,0.26311431005704455,0,vm_add,0.3883943530626441,0.38839435306264414,0,vm_add,0.41826576618318845,0.41826576618318845,0,vm_add,0.4530178296348015,0.4530178296348016,0,GA continue|n100 m10 vm_add lam=1.0|309
h10_elite_migration,GA continue,n100 m10 vm_add lam=1.0,vm_add,100,10,310,20000,4000,2.0761001110076904,0.010962395995608108,0.37249019473703593,0.3724901947370358,1.3538518960853891,0.0,0.0,0.0,0.37249019473703593,1.0,,0.010962395995608108,0.042622125564483526,0,vm_add,0.09845929539526592,0.09845929539526592,0,vm_add,0.11727864114382107,0.11727864114382107,0,vm_add,0.24106008552796068,0.24106008552796063,0,vm_add,0.408765828584872,0.40876582858487204,0,vm_add,0.49014762123737937,0.49014762123737926,0,vm_add,0.5121494333244014,0.5121494333244014,0,vm_add,0.5368763916597913,0.5368763916597913,0,vm_add,0.5751842610227954,0.5751842610227953,0,GA continue|n100 m10 vm_add lam=1.0|310
h10_elite_migration,QI-MRFO+CXM continue,n100 m10 vm_add lam=1.0,vm_add,100,10,301,20000,4000,6.93703556060791,0.0008034395373276679,0.20214359356397496,0.3213836760123182,1.1868455340293602,8.875,0.08875,0.0,0.30769117830959286,1.0,,0.0008034395373276679,0.012424251864251949,0,vm_add,0.040566669224511465,0.1456842879763034,10,vm_add,0.06997609595068341,0.1811018654986796,10,vm_add,0.05424666760750461,0.1610846452715544,8,vm_add,0.059523335104079665,0.15012135682114613,8,vm_add,0.19184818452199912,0.3163000760050847,10,vm_add,0.41719145507957456,0.5261351798052499,7,vm_add,0.4389490682055683,0.5111364382220102,4,vm_add,0.3448472728178785,0.5795055584985173,14,QI-MRFO+CXM continue|n100 m10 vm_add lam=1.0|301
h10_elite_migration,QI-MRFO+CXM continue,n100 m10 vm_add lam=1.0,vm_add,100,10,302,20000,4000,6.923854351043701,0.0005247079719280449,0.21129559315968083,0.3090344675957936,1.1980203520599606,7.75,0.0775,0.0,0.3055856935702217,1.0,,0.0005247079719280449,0.0052725963407204745,0,vm_add,0.08697938863814451,0.1435365436392177,5,vm_add,0.16880377606451522,0.23912022194096827,6,vm_add,0.3389194327125435,0.4058654043481708,5,vm_add,0.25676496465913906,0.4252023030564408,13,vm_add,0.21705538559003087,0.3452835232004781,10,vm_add,0.22976421891523174,0.3600705274821915,10,vm_add,0.18306253297586136,0.29582156954802197,9,vm_add,0.20901504572198054,0.25737564755085984,4,QI-MRFO+CXM continue|n100 m10 vm_add lam=1.0|302
h10_elite_migration,QI-MRFO+CXM continue,n100 m10 vm_add lam=1.0,vm_add,100,10,303,20000,4000,6.883014917373657,0.0005958956312608322,0.13228942554412543,0.22102218971510088,1.1197280461853427,7.375,0.07375000000000001,0.0,0.21224040609305328,1.0,,0.0005958956312608322,0.02378195724463283,0,vm_add,0.09554004178591154,0.19590834269689908,8,vm_add,0.02387829110261365,0.24907951187147237,20,vm_add,0.0450763090132956,0.1459508774180523,8,vm_add,0.05964388933295345,0.14470572830865608,8,vm_add,0.1272642822822445,0.1753124597086337,4,vm_add,0.14150271162787834,0.2095983783558836,5,vm_add,0.27478903238904456,0.3440951640739576,5,vm_add,0.29062084681906175,0.30352705528725243,1,QI-MRFO+CXM continue|n100 m10 vm_add lam=1.0|303
h10_elite_migration,QI-MRFO+CXM continue,n100 m10 vm_add lam=1.0,vm_add,100,10,304,20000,4000,6.925228595733643,0.0007500681960792569,0.1613865382660214,0.2820150899520154,1.1447281673200629,9.625,0.09625,0.0,0.2701566045374208,1.0,,0.0007500681960792569,0.019402401875970005,0,vm_add,0.02484024180050646,0.2396393851878155,19,vm_add,0.04959618153726782,0.1148534948312427,6,vm_add,0.21987256788580087,0.28181202953670376,5,vm_add,0.10542854853959942,0.31730459459302485,17,vm_add,0.1833253945970697,0.2871694590655786,8,vm_add,0.28813474988125093,0.3403960932971977,4,vm_add,0.2207799569927349,0.3118063756544428,7,vm_add,0.19911466489394103,0.36313928745011725,11,QI-MRFO+CXM continue|n100 m10 vm_add lam=1.0|304
h10_elite_migration,QI-MRFO+CXM continue,n100 m10 vm_add lam=1.0,vm_add,100,10,305,20000,4000,6.5915491580963135,0.0010851257043272605,0.2749846755136587,0.37953207245357745,1.259362011163836,7.75,0.07750000000000001,0.0,0.3722159378168655,1.0,,0.0010851257043272605,0.009438774742326688,0,vm_add,0.14699487417426857,0.27678413560063736,11,vm_add,0.20639265722537445,0.3620927138596328,10,vm_add,0.2199985091225686,0.30550344266395785,7,vm_add,0.18288831028923466,0.3204342599600597,11,vm_add,0.29790922850755,0.3765638564353409,6,vm_add,0.3323142463417101,0.35923869892730076,2,vm_add,0.40663776448649014,0.5294272298905885,8,vm_add,0.40674181396207304,0.5062122422911016,7,QI-MRFO+CXM continue|n100 m10 vm_add lam=1.0|305
h10_elite_migration,QI-MRFO+CXM continue,n100 m10 vm_add lam=1.0,vm_add,100,10,306,20000,4000,6.78468918800354,0.0003620227974819096,0.22015048154368153,0.30613696973341953,1.2020678779828484,6.375,0.06375,0.0,0.2960674408559937,1.0,,0.0003620227974819096,0.004717346629877374,0,vm_add,0.14052215686128008,0.2143131569914975,5,vm_add,0.10568293141859071,0.28318760653975383,14,vm_add,0.14070956668755474,0.22188239755154407,4,vm_add,0.17967819005288765,0.2764824440116349,8,vm_add,0.1632222924566416,0.24554385783015242,7,vm_add,0.28302093182320875,0.3471719784143693,5,vm_add,0.3385765091475205,0.3931828020481578,4,vm_add,0.409791273901768,0.4673315144802466,4,QI-MRFO+CXM continue|n100 m10 vm_add lam=1.0|306
h10_elite_migration,QI-MRFO+CXM continue,n100 m10 vm_add lam=1.0,vm_add,100,10,307,20000,4000,6.91434121131897,0.0009377332923246353,0.2884908215943638,0.4162947439140436,1.2740138108784862,9.125,0.09125,0.0,0.40208823260240234,1.0,,0.0009377332923246353,0.017166833172085578,0,vm_add,0.020643756901318658,0.24452648077342587,19,vm_add,0.15832938157169346,0.22930607795895744,6,vm_add,0.23181425349741855,0.32510245156762424,6,vm_add,0.33670139326577053,0.43147308263168216,7,vm_add,0.32533337186400413,0.42845044559973283,7,vm_add,0.43437228947852674,0.5078461808544614,5,vm_add,0.3334669369776252,0.6159499890053898,18,vm_add,0.4672651891985529,0.5477032429210751,5,QI-MRFO+CXM continue|n100 m10 vm_add lam=1.0|307
h10_elite_migration,QI-MRFO+CXM continue,n100 m10 vm_add lam=1.0,vm_add,100,10,308,20000,4000,7.16240382194519,0.000923051587766865,0.1937474881376533,0.3079358515749519,1.1812400691159004,9.0,0.09,0.0,0.3005899573853603,1.0,,0.000923051587766865,0.011074100243266155,0,vm_add,0.12663437335654162,0.21784536070655086,8,vm_add,0.19127921226776207,0.3297251020618953,11,vm_add,0.19331189617811753,0.3699135268039888,14,vm_add,0.12636699975856733,0.27810917052970985,11,vm_add,0.22793746677694932,0.27705496544802727,4,vm_add,0.24320050798673196,0.2929285283062012,4,vm_add,0.20231429724308492,0.34279870408005847,11,vm_add,0.23893515153347178,0.35511145466318345,9,QI-MRFO+CXM continue|n100 m10 vm_add lam=1.0|308
h10_elite_migration,QI-MRFO+CXM continue,n100 m10 vm_add lam=1.0,vm_add,100,10,309,20000,4000,7.0662841796875,0.00021540392440112327,0.1552780882569242,0.25528264470990597,1.138143743373368,7.625,0.07625000000000001,0.0,0.24296691952473845,1.0,,0.00021540392440112327,0.0029424141129715453,0,vm_add,0.09612360674959876,0.17285785752314886,7,vm_add,0.10988963149704761,0.1613428356550339,4,vm_add,0.1426915467474868,0.2133014016075488,5,vm_add,0.1142534813809318,0.3049986414695151,14,vm_add,0.18529574082235603,0.24778722089207478,5,vm_add,0.172732124247161,0.34828659729691247,14,vm_add,0.19596677497626463,0.33757261811678807,11,vm_add,0.2252717996345471,0.25611398511822586,1,QI-MRFO+CXM continue|n100 m10 vm_add lam=1.0|309
h10_elite_migration,QI-MRFO+CXM continue,n100 m10 vm_add lam=1.0,vm_add,100,10,310,20000,4000,7.07297158241272,0.0006800415209223151,0.20105362811639316,0.31477941522158803,1.1849437508908687,8.625,0.08625,0.0,0.3021464199448681,1.0,,0.0006800415209223151,0.01033210185158088,0,vm_add,0.0865095905755908,0.2224483221499457,11,vm_add,0.08178023930157113,0.25211952305697244,13,vm_add,0.1590443314518742,0.25701124492852356,8,vm_add,0.20441736691108528,0.35326462022530936,12,vm_add,0.273994327419488,0.2953293920898085,1,vm_add,0.2899125670427533,0.3422271825988988,4,vm_add,0.30978890322668506,0.3908615766045744,6,vm_add,0.20298169900209742,0.4049734601186717,14,QI-MRFO+CXM continue|n100 m10 vm_add lam=1.0|310
h10_elite_migration,QI-MRFO+CXM continue+elite,n100 m10 vm_add lam=1.0,vm_add,100,10,301,20000,4000,7.159123420715332,0.0008034395373276679,0.35485490571642,0.35485490571642,1.3372166704378343,0.0,0.0,0.0,0.35485490571642,1.0,,0.0008034395373276679,0.012424251864251949,0,vm_add,0.04273242416710501,0.04273242416710501,0,vm_add,0.07488855418539667,0.07488855418539668,0,vm_add,0.1060712845603006,0.10607128456030059,0,vm_add,0.14859076981965666,0.1485907698196567,0,vm_add,0.3733210653413114,0.37332106534131143,0,vm_add,0.6642435344858755,0.6642435344858756,0,vm_add,0.6980690744569591,0.6980690744569591,0,vm_add,0.7309225387147551,0.7309225387147552,0,QI-MRFO+CXM continue+elite|n100 m10 vm_add lam=1.0|301
h10_elite_migration,QI-MRFO+CXM continue+elite,n100 m10 vm_add lam=1.0,vm_add,100,10,302,20000,4000,7.078168153762817,0.0005247079719280449,0.4041122733884277,0.40411227338842776,1.3885456491988093,0.0,0.0,0.0,0.4041122733884277,1.0,,0.0005247079719280449,0.0052725963407204745,0,vm_add,0.08697938863814451,0.08697938863814453,0,vm_add,0.1696476199902025,0.1696476199902025,0,vm_add,0.34152189012699397,0.34152189012699397,0,vm_add,0.4242674411157886,0.4242674411157887,0,vm_add,0.5063001173114096,0.5063001173114096,0,vm_add,0.5237950251793415,0.5237950251793416,0,vm_add,0.5703418473736348,0.5703418473736348,0,vm_add,0.6100448573719061,0.6100448573719062,0,QI-MRFO+CXM continue+elite|n100 m10 vm_add lam=1.0|302
h10_elite_migration,QI-MRFO+CXM continue+elite,n100 m10 vm_add lam=1.0,vm_add,100,10,303,20000,4000,6.72979211807251,0.0005958956312608322,0.39454220740518553,0.39454220740518564,1.3788632652109793,0.0,0.0,0.0,0.39454220740518553,1.0,,0.0005958956312608322,0.02378195724463283,0,vm_add,0.09662410331951776,0.09662410331951778,0,vm_add,0.2420135193712733,0.2420135193712733,0,vm_add,0.26772773272820316,0.2677277327282031,0,vm_add,0.3185529615502288,0.3185529615502288,0,vm_add,0.41781012604270623,0.4178101260427062,0,vm_add,0.4660229513827883,0.4660229513827883,0,vm_add,0.6633177017597413,0.6633177017597414,0,vm_add,0.6842685630870258,0.6842685630870258,0,QI-MRFO+CXM continue+elite|n100 m10 vm_add lam=1.0|303
h10_elite_migration,QI-MRFO+CXM continue+elite,n100 m10 vm_add lam=1.0,vm_add,100,10,304,20000,4000,6.903782844543457,0.0007500681960792569,0.5676332616707905,0.5676332616707905,1.5451772577996212,0.0,0.0,0.0,0.5676332616707905,1.0,,0.0007500681960792569,0.019402401875970005,0,vm_add,0.20877596340859053,0.20877596340859053,0,vm_add,0.26234713869078286,0.26234713869078286,0,vm_add,0.46948170649466914,0.4694817064946691,0,vm_add,0.49930459769306634,0.4993045976930664,0,vm_add,0.6058007065212682,0.6058007065212682,0,vm_add,0.7623018497016358,0.7623018497016357,0,vm_add,0.788004932178031,0.788004932178031,0,vm_add,0.94504919867828,0.9450491986782801,0,QI-MRFO+CXM continue+elite|n100 m10 vm_add lam=1.0|304
h10_elite_migration,QI-MRFO+CXM continue+elite,n100 m10 vm_add lam=1.0,vm_add,100,10,305,20000,4000,6.539317607879639,0.0010851257043272605,0.5495436432244933,0.5495436432244933,1.5304464764124288,0.0,0.0,0.0,0.5495436432244933,1.0,,0.0010851257043272605,0.009438774742326688,0,vm_add,0.15375460768987703,0.15375460768987703,0,vm_add,0.3501884757522949,0.35018847575229484,0,vm_add,0.37340280350603794,0.373402803506038,0,vm_add,0.4704612487138593,0.4704612487138593,0,vm_add,0.6219830922679978,0.6219830922679978,0,vm_add,0.667977771391459,0.667977771391459,0,vm_add,0.8660037824612741,0.8660037824612742,0,vm_add,0.8925773640131469,0.8925773640131469,0,QI-MRFO+CXM continue+elite|n100 m10 vm_add lam=1.0|305
h10_elite_migration,QI-MRFO+CXM continue+elite,n100 m10 vm_add lam=1.0,vm_add,100,10,306,20000,4000,6.876020908355713,0.0003620227974819096,0.34020152411252036,0.3402015241125203,1.320156352537266,0.0,0.0,0.0,0.34020152411252036,1.0,,0.0003620227974819096,0.004717346629877374,0,vm_add,0.1405592537136605,0.14055925371366051,0,vm_add,0.158672470317566,0.15867247031756598,0,vm_add,0.19537774708432698,0.195377747084327,0,vm_add,0.29866645768893263,0.2986664576889326,0,vm_add,0.31436217956807494,0.3143621795680749,0,vm_add,0.45542670219575043,0.4554267021957504,0,vm_add,0.5275525956239296,0.5275525956239295,0,vm_add,0.6309947867079213,0.6309947867079214,0,QI-MRFO+CXM continue+elite|n100 m10 vm_add lam=1.0|306
h10_elite_migration,QI-MRFO+CXM continue+elite,n100 m10 vm_add lam=1.0,vm_add,100,10,307,20000,4000,6.997616767883301,0.0009377332923246353,0.4606262331200297,0.4606262331200297,1.4442218267009264,0.0,0.0,0.0,0.4606262331200297,1.0,,0.0009377332923246353,0.017166833172085578,0,vm_add,0.026571624927418012,0.026571624927418016,0,vm_add,0.16757902800704624,0.16757902800704624,0,vm_add,0.26162178709313005,0.2616217870931301,0,vm_add,0.40596800168250696,0.40596800168250696,0,vm_add,0.4578382070172353,0.4578382070172354,0,vm_add,0.5993526725017646,0.5993526725017646,0,vm_add,0.7868127489375906,0.7868127489375906,0,vm_add,0.9792657947935456,0.9792657947935454,0,QI-MRFO+CXM continue+elite|n100 m10 vm_add lam=1.0|307
h10_elite_migration,QI-MRFO+CXM continue+elite,n100 m10 vm_add lam=1.0,vm_add,100,10,308,20000,4000,7.116974592208862,0.000923051587766865,0.5597898928310512,0.5597898928310511,1.5429684437584683,0.0,0.0,0.0,0.5597898928310512,1.0,,0.000923051587766865,0.011074100243266155,0,vm_add,0.1304772093944029,0.1304772093944029,0,vm_add,0.3117931258334021,0.311793125833402,0,vm_add,0.4442967689685629,0.44429676896856296,0,vm_add,0.5297018151150857,0.5297018151150856,0,vm_add,0.6676431147034166,0.6676431147034166,0,vm_add,0.692424220542888,0.692424220542888,0,vm_add,0.7835754433215623,0.7835754433215623,0,vm_add,0.9184074447690883,0.9184074447690884,0,QI-MRFO+CXM continue+elite|n100 m10 vm_add lam=1.0|308
h10_elite_migration,QI-MRFO+CXM continue+elite,n100 m10 vm_add lam=1.0,vm_add,100,10,309,20000,4000,7.182676553726196,0.00021540392440112327,0.24546482218663254,0.24546482218663254,1.2270224183995224,0.0,0.0,0.0,0.24546482218663254,1.0,,0.00021540392440112327,0.0029424141129715453,0,vm_add,0.09612936877771083,0.09612936877771083,0,vm_add,0.11003317431630429,0.11003317431630429,0,vm_add,0.14301085732790583,0.14301085732790586,0,vm_add,0.15694492919869166,0.15694492919869163,0,vm_add,0.24820428660928054,0.24820428660928048,0,vm_add,0.37200550195543725,0.37200550195543725,0,vm_add,0.40152430766230657,0.4015243076623065,0,vm_add,0.4358661516454233,0.4358661516454233,0,QI-MRFO+CXM continue+elite|n100 m10 vm_add lam=1.0|309
h10_elite_migration,QI-MRFO+CXM continue+elite,n100 m10 vm_add lam=1.0,vm_add,100,10,310,20000,4000,7.076387405395508,0.0006800415209223151,0.35853079253650333,0.35853079253650333,1.3400820613646167,0.0,0.0,0.0,0.35853079253650333,1.0,,0.0006800415209223151,0.01033210185158088,0,vm_add,0.08728702242447504,0.08728702242447506,0,vm_add,0.1059149592890452,0.1059149592890452,0,vm_add,0.22843744024033338,0.22843744024033338,0,vm_add,0.39443747208149416,0.3944374720814942,0,vm_add,0.4749915421172623,0.47499154211726224,0,vm_add,0.4967695769086498,0.49676957690864987,0,vm_add,0.5212450408742269,0.5212450408742267,0,vm_add,0.5591632863565401,0.5591632863565402,0,QI-MRFO+CXM continue+elite|n100 m10 vm_add lam=1.0|310
h10_elite_migration,(1+1)-EA+CXM continue,n100 m10 vm_fail lam=0.05,vm_fail,100,10,301,20000,4000,1.4354820251464844,0.0007944499825693696,0.0025352999752149934,0.004937668150873198,0.9986864069631896,3.375,0.03991642295047932,18.125,0.0045364235073881995,0.05,,0.0007944499825693696,0.01980602025392085,0,vm_fail,0.008120390338322894,0.01151021031942639,5,vm_fail,0.006116820208296147,0.008598418985013333,3,vm_fail,0.0009174976600421369,0.0057862964063525955,7,vm_fail,0.001398487061797162,0.004318999285881337,4,vm_fail,0.0032945216327777134,0.003891266317869753,1,vm_fail,0.0003225201283495869,0.002885895502260297,4,vm_fail,0.00010507194940769309,0.0013721212476683951,2,vm_fail,7.090822726611631e-06,0.00113813714251348,1,(1+1)-EA+CXM continue|n100 m10 vm_fail lam=0.05|301
h10_elite_migration,(1+1)-EA+CXM continue,n100 m10 vm_fail lam=0.05,vm_fail,100,10,302,20000,4000,1.630610704421997,0.0005847501359411637,0.00172150642164485,0.0062917057286212205,0.9978053743602009,7.125,0.07788774387762305,16.625,0.005625527909220938,0.05,,0.0005847501359411637,0.009146323098066275,0,vm_fail,0.002931817488217469,0.008622072348373703,9,vm_fail,0.004014279586487738,0.014940157195551296,18,vm_fail,0.0010007312204803004,0.011947032977734444,18,vm_fail,0.0034504029544816443,0.008552123772469254,6,vm_fail,0.0007484382823740123,0.0038616916139660824,5,vm_fail,0.0009122592515973169,0.0010274740855272535,0,vm_fail,0.0006383563395514197,0.00127023685483872,1,vm_fail,7.576624996889791e-05,0.00011285698050901577,0,(1+1)-EA+CXM continue|n100 m10 vm_fail lam=0.05|302
h10_elite_migration,(1+1)-EA+CXM continue,n100 m10 vm_fail lam=0.05,vm_fail,100,10,303,20000,4000,1.6382102966308594,0.0010572604081618454,0.0024166488840664303,0.005698464002184726,0.9974668742997953,3.875,0.04536694188594131,23.875,0.00469105338956305,0.05,,0.0010572604081618454,0.025301005100177666,0,vm_fail,0.0040652369594926675,0.015194492409014467,13,vm_fail,0.009717109407277665,0.010799347040132376,2,vm_fail,0.0012798621495703458,0.00900810517116812,9,vm_fail,0.0008567336936068439,0.0032921281514635514,3,vm_fail,0.0005590725760365607,0.0030140048133600627,3,vm_fail,0.0009534052030138856,0.002360932895240894,1,vm_fail,0.00190022001266269,0.00190022001266269,0,vm_fail,1.5510708707824978e-06,1.8481524435644977e-05,0,(1+1)-EA+CXM continue|n100 m10 vm_fail lam=0.05|303
h10_elite_migration,(1+1)-EA+CXM continue,n100 m10 vm_fail lam=0.05,vm_fail,100,10,304,20000,4000,1.3958320617675781,0.0006037870269129456,0.0021752304789869844,0.006232606765545081,0.9973276529407352,6.375,0.07336044950196964,13.5,0.0058533227911755515,0.05,,0.0006037870269129456,0.009703738369008846,0,vm_fail,0.003182130393747306,0.014907376677235622,18,vm_fail,0.0020574498483481507,0.01205647274409978,15,vm_fail,0.005562702392994969,0.009684653981906079,7,vm_fail,0.004761726092785439,0.005886307816389062,2,vm_fail,0.00045651549935247463,0.00396813421403956,6,vm_fail,0.0013132312747902038,0.0019653123506726956,1,vm_fail,5.1001076178226015e-05,0.00011735774054368522,0,vm_fail,1.7087253699104836e-05,0.001275238599474167,2,(1+1)-EA+CXM continue|n100 m10 vm_fail lam=0.05|304
h10_elite_migration,(1+1)-EA+CXM continue,n100 m10 vm_fail lam=0.05,vm_fail,100,10,305,20000,4000,1.431933879852295,0.0006357534804457774,0.002654420760497797,0.0058199343469901715,0.9985702511668342,4.25,0.04987374470357523,17.5,0.0051570065464477816,0.05,,0.0006357534804457774,0.023400173272238315,0,vm_fail,0.005624558612916464,0.014345285766561062,12,vm_fail,0.0032936318943883026,0.01061097606831983,9,vm_fail,0.002270886136600511,0.004348942119355148,2,vm_fail,0.005445386180690783,0.00709492958495485,3,vm_fail,0.004127451196664947,0.004834301811955787,1,vm_fail,0.00027607523148168547,0.002380323797769532,3,vm_fail,0.0001571448672992855,0.0016904347563010474,2,vm_fail,4.0231963940395476e-05,0.0012542808707041225,2,(1+1)-EA+CXM continue|n100 m10 vm_fail lam=0.05|305
h10_elite_migration,(1+1)-EA+CXM continue,n100 m10 vm_fail lam=0.05,vm_fail,100,10,306,20000,4000,1.5703110694885254,0.00022357229419423736,0.0038102160874618814,0.006293484773448044,0.9988821228162206,3.875,0.04550251088688795,20.75,0.006094339784070947,0.05,,0.00022357229419423736,0.006291693778161626,0,vm_fail,0.021399640160335364,0.023852565803766313,4,vm_fail,0.005202756157292814,0.007613641220365011,4,vm_fail,0.000996031725126925,0.007751338552086101,11,vm_fail,0.001364474278247914,0.004811559547388487,5,vm_fail,0.00016880329507457445,0.002669695675881027,4,vm_fail,0.0005637206102338,0.002422847555356251,3,vm_fail,0.0007786134528559227,0.0012113309005523528,0,vm_fail,7.689020527739287e-06,1.4898932188801736e-05,0,(1+1)-EA+CXM continue|n100 m10 vm_fail lam=0.05|306
h10_elite_migration,(1+1)-EA+CXM continue,n100 m10 vm_fail lam=0.05,vm_fail,100,10,307,20000,4000,1.5008270740509033,0.0003651439638693392,0.003005134877758134,0.006112636086616623,0.9989218326088133,4.75,0.05395173804474701,16.75,0.005714024020861853,0.05,,0.0003651439638693392,0.024446273730850863,0,vm_fail,0.012105945407993179,0.016047056716525017,7,vm_fail,0.00534307763724497,0.009519471502346714,7,vm_fail,0.002176317198551296,0.0087601620956656,11,vm_fail,0.0020377084627664064,0.006662016754852999,7,vm_fail,0.0007952516152718343,0.002850436292245903,3,vm_fail,0.0009827379661199282,0.002769216778589668,1,vm_fail,0.0004236372094803992,0.0020279313419258346,2,vm_fail,0.0001764035246370596,0.00026479721078124363,0,(1+1)-EA+CXM continue|n100 m10 vm_fail lam=0.05|307
h10_elite_migration,(1+1)-EA+CXM continue,n100 m10 vm_fail lam=0.05,vm_fail,100,10,308,20000,4000,1.4043750762939453,0.0007917903286255392,0.0024489469432273743,0.005852252603933035,0.9981829317307771,5.5,0.06050181862349305,14.75,0.005485207902135753,0.05,,0.0007917903286255392,0.01198700297164036,0,vm_fail,0.005518994295433257,0.014168185464172492,15,vm_fail,0.0026395078720616574,0.0095608141759461,11,vm_fail,0.0035768367573107305,0.009410422399152634,9,vm_fail,0.002296513116276543,0.0075371866239677164,8,vm_fail,0.003335658556424357,0.003335658556424357,0,vm_fail,0.0017348758612365858,0.002316297560509251,1,vm_fail,0.00047105439667076746,0.0004710543966707674,0,vm_fail,1.8134690405092938e-05,1.8401654620968945e-05,0,(1+1)-EA+CXM continue|n100 m10 vm_fail lam=0.05|308
h10_elite_migration,(1+1)-EA+CXM continue,n100 m10 vm_fail lam=0.05,vm_fail,100,10,309,20000,4000,1.4972615242004395,0.0005400188734899088,0.005346915439679394,0.007549740521711493,1.00085803840831,2.875,0.03438606431278671,20.125,0.0070721257583408,0.05,,0.0005400188734899088,0.007028549691646947,0,vm_fail,0.021197430756476614,0.021197430756476614,0,vm_fail,0.008435471166692413,0.014511667347996308,6,vm_fail,0.007431405814965294,0.008621003170978494,2,vm_fail,0.0010861475211020662,0.0056724247451433365,7,vm_fail,0.004000220470600653,0.005164436587446636,2,vm_fail,0.0001802231941880876,0.003002777831941316,4,vm_fail,0.00039279569497135746,0.002138862927351617,2,vm_fail,5.162889843866954e-05,8.932080635762133e-05,0,(1+1)-EA+CXM continue|n100 m10 vm_fail lam=0.05|309
h10_elite_migration,(1+1)-EA+CXM continue,n100 m10 vm_fail lam=0.05,vm_fail,100,10,310,20000,4000,1.4802074432373047,0.0007771588942188509,0.0027525232035748113,0.0058743347051543925,0.9978801269399395,4.0,0.046317797771726434,18.625,0.005075726399739166,0.05,,0.0007771588942188509,0.0152880908355526,0,vm_fail,0.003349021974851788,0.01776974565632182,16,vm_fail,0.00939802408446257,0.010952100445605233,2,vm_fail,0.004201053812156247,0.00697808310962332,4,vm_fail,0.0014211521835937595,0.0038754276031009063,4,vm_fail,0.0027179304364511178,0.0038763313940581067,2,vm_fail,0.0006034190830096492,0.001740629872481713,2,vm_fail,6.95634568425575e-05,0.001462086071522353,2,vm_fail,0.0002600205972308009,0.0003402734885216824,0,(1+1)-EA+CXM continue|n100 m10 vm_fail lam=0.05|310
h10_elite_migration,Chooser (cheaper of the two),n100 m10 vm_fail lam=0.05,vm_fail,100,10,301,20000,4000,0.023534536361694336,0.0064713761837668785,0.010371344734479114,0.010371344734479114,1.006472655201876,0.0,0.0,17.875,0.010371344734479114,0.05,,0.0064713761837668785,0.0064713761837668785,0,vm_fail,0.02959279066989431,0.02959279066989431,0,vm_fail,0.012178748567956327,0.012178748567956327,0,vm_fail,0.0262493517322694,0.0262493517322694,0,vm_fail,0.005250339893515589,0.005250339893515589,0,vm_fail,0.0020508708133074195,0.0020508708133074195,0,vm_fail,0.005147303939733404,0.005147303939733404,0,vm_fail,0.0014112486939934262,0.0014112486939934262,0,vm_fail,0.0010901035651630301,0.0010901035651630301,0,Chooser (cheaper of the two)|n100 m10 vm_fail lam=0.05|301
h10_elite_migration,Chooser (cheaper of the two),n100 m10 vm_fail lam=0.05,vm_fail,100,10,302,20000,4000,0.023983240127563477,0.01058388271372133,0.01186434517868833,0.01186434517868833,1.0078892204924026,0.0,0.0,17.125,0.01186434517868833,0.05,,0.01058388271372133,0.01058388271372133,0,vm_fail,0.01790345079901912,0.01790345079901912,0,vm_fail,0.04301739660057231,0.04301739660057231,0,vm_fail,0.013497706954592487,0.013497706954592487,0,vm_fail,0.009158314099427859,0.009158314099427859,0,vm_fail,0.004747427816884402,0.004747427816884402,0,vm_fail,0.004038238538500097,0.004038238538500097,0,vm_fail,0.002314600623938059,0.002314600623938059,0,vm_fail,0.00023762599657231264,0.00023762599657231264,0,Chooser (cheaper of the two)|n100 m10 vm_fail lam=0.05|302
h10_elite_migration,Chooser (cheaper of the two),n100 m10 vm_fail lam=0.05,vm_fail,100,10,303,20000,4000,0.023434877395629883,0.008481513833635353,0.012046105234767093,0.012046105234767093,1.007028880434299,0.0,0.0,24.625,0.012046105234767093,0.05,,0.008481513833635353,0.008481513833635353,0,vm_fail,0.03742689764925619,0.03742689764925619,0,vm_fail,0.02662947325334103,0.02662947325334103,0,vm_fail,0.012960214127353115,0.012960214127353115,0,vm_fail,0.009242483178056966,0.009242483178056966,0,vm_fail,0.005055064725130382,0.005055064725130382,0,vm_fail,0.00137306637481015,0.00137306637481015,0,vm_fail,0.0017386562033897593,0.0017386562033897593,0,vm_fail,0.0019429863667991543,0.0019429863667991543,0,Chooser (cheaper of the two)|n100 m10 vm_fail lam=0.05|303
h10_elite_migration,Chooser (cheaper of the two),n100 m10 vm_fail lam=0.05,vm_fail,100,10,304,20000,4000,0.024532794952392578,0.011182541500880099,0.007904453214578432,0.007904453214578432,1.0030167384148707,0.0,0.0,13.125,0.007904453214578432,0.05,,0.011182541500880099,0.011182541500880099,0,vm_fail,0.02380825487900691,0.02380825487900691,0,vm_fail,0.007158453247055794,0.007158453247055794,0,vm_fail,0.010394545705541911,0.010394545705541911,0,vm_fail,0.006779272466337263,0.006779272466337263,0,vm_fail,0.006941853246079547,0.006941853246079547,0,vm_fail,0.004508296892778012,0.004508296892778012,0,vm_fail,0.003584803299485529,0.003584803299485529,0,vm_fail,6.0145980342489554e-05,6.0145980342489554e-05,0,Chooser (cheaper of the two)|n100 m10 vm_fail lam=0.05|304
h10_elite_migration,Chooser (cheaper of the two),n100 m10 vm_fail lam=0.05,vm_fail,100,10,305,20000,4000,0.022430419921875,0.008223312381346173,0.009053531388966295,0.009053531388966295,1.0049349864330592,0.0,0.0,17.375,0.009053531388966295,0.05,,0.008223312381346173,0.008223312381346173,0,vm_fail,0.016203086934787846,0.016203086934787846,0,vm_fail,0.02574605885995766,0.02574605885995766,0,vm_fail,0.006830824761469244,0.006830824761469244,0,vm_fail,0.011236263488045756,0.011236263488045756,0,vm_fail,0.004235022042056897,0.004235022042056897,0,vm_fail,0.0058898060996359445,0.0058898060996359445,0,vm_fail,0.0018015017335079896,0.0018015017335079896,0,vm_fail,0.00048568719226901863,0.00048568719226901863,0,Chooser (cheaper of the two)|n100 m10 vm_fail lam=0.05|305
h10_elite_migration,Chooser (cheaper of the two),n100 m10 vm_fail lam=0.05,vm_fail,100,10,306,20000,4000,0.02332901954650879,0.011498194450387201,0.009362131210611505,0.009362131210611505,1.004400310918533,0.0,0.0,20.0,0.009362131210611505,0.05,,0.011498194450387201,0.011498194450387201,0,vm_fail,0.0428620278083959,0.0428620278083959,0,vm_fail,0.010601164004649801,0.010601164004649801,0,vm_fail,0.006241134802701479,0.006241134802701479,0,vm_fail,0.0028646157160661964,0.0028646157160661964,0,vm_fail,0.008061647228471224,0.008061647228471224,0,vm_fail,0.0022605776212754895,0.0022605776212754895,0,vm_fail,0.0018471289552330797,0.0018471289552330797,0,vm_fail,0.00015875354809886426,0.00015875354809886426,0,Chooser (cheaper of the two)|n100 m10 vm_fail lam=0.05|306
h10_elite_migration,Chooser (cheaper of the two),n100 m10 vm_fail lam=0.05,vm_fail,100,10,307,20000,4000,0.047876596450805664,0.005184865225037136,0.011666054710822132,0.011666054710822132,1.0075382682229845,0.0,0.0,16.0,0.011666054710822132,0.05,,0.005184865225037136,0.005184865225037136,0,vm_fail,0.03725695672586037,0.03725695672586037,0,vm_fail,0.010678822449328542,0.010678822449328542,0,vm_fail,0.025373334652504066,0.025373334652504066,0,vm_fail,0.005381791617992411,0.005381791617992411,0,vm_fail,0.005303282129563032,0.005303282129563032,0,vm_fail,0.004877847210498775,0.004877847210498775,0,vm_fail,0.0026509367612499927,0.0026509367612499927,0,vm_fail,0.0018054661395798593,0.0018054661395798593,0,Chooser (cheaper of the two)|n100 m10 vm_fail lam=0.05|307
h10_elite_migration,Chooser (cheaper of the two),n100 m10 vm_fail lam=0.05,vm_fail,100,10,308,20000,4000,0.02368640899658203,0.009829057547112767,0.010360587726331062,0.01396208136330043,1.006051769456674,7.0,0.07142857142857142,13.75,0.01396208136330043,0.05,,0.009829057547112767,0.009829057547112767,0,vm_fail,0.008418218351425399,0.03723016744718034,56,vm_fail,0.038746610758477185,0.038746610758477185,0,vm_fail,0.009334418679626803,0.009334418679626803,0,vm_fail,0.013211796787415776,0.013211796787415776,0,vm_fail,0.0040830846407740335,0.0040830846407740335,0,vm_fail,0.004924712093321814,0.004924712093321814,0,vm_fail,0.003022389006499913,0.003022389006499913,0,vm_fail,0.0011434714931075837,0.0011434714931075837,0,Chooser (cheaper of the two)|n100 m10 vm_fail lam=0.05|308
h10_elite_migration,Chooser (cheaper of the two),n100 m10 vm_fail lam=0.05,vm_fail,100,10,309,20000,4000,0.024530887603759766,0.01350451577407029,0.008780718639092768,0.008780718639092768,1.0042746553434734,0.0,0.0,21.625,0.008780718639092768,0.05,,0.01350451577407029,0.01350451577407029,0,vm_fail,0.0225177641360711,0.0225177641360711,0,vm_fail,0.013147968155609842,0.013147968155609842,0,vm_fail,0.009196697949275658,0.009196697949275658,0,vm_fail,0.009233922559949355,0.009233922559949355,0,vm_fail,0.005031874036753873,0.005031874036753873,0,vm_fail,0.005351892229039177,0.005351892229039177,0,vm_fail,0.0040131808844549414,0.0040131808844549414,0,vm_fail,0.001752449161588192,0.001752449161588192,0,Chooser (cheaper of the two)|n100 m10 vm_fail lam=0.05|309
h10_elite_migration,Chooser (cheaper of the two),n100 m10 vm_fail lam=0.05,vm_fail,100,10,310,20000,4000,0.024244070053100586,0.004135430617277745,0.006844932981877702,0.006844932981877702,1.0019457199502395,0.0,0.0,18.5,0.006844932981877702,0.05,,0.004135430617277745,0.004135430617277745,0,vm_fail,0.019965414272303868,0.019965414272303868,0,vm_fail,0.006035764385561387,0.006035764385561387,0,vm_fail,0.007048429571346865,0.007048429571346865,0,vm_fail,0.007193646264463271,0.007193646264463271,0,vm_fail,0.0034621136164600377,0.0034621136164600377,0,vm_fail,0.005217737095016335,0.005217737095016335,0,vm_fail,0.003950552950983783,0.003950552950983783,0,vm_fail,0.0018858056988860694,0.0018858056988860694,0,Chooser (cheaper of the two)|n100 m10 vm_fail lam=0.05|310
h10_elite_migration,GA continue,n100 m10 vm_fail lam=0.05,vm_fail,100,10,301,20000,4000,2.07354474067688,0.011938736375147578,0.004227103780509703,0.0067115878848196826,1.0003656885849985,3.0,0.03450884919706551,18.625,0.005961184624339778,0.05,,0.011938736375147578,0.05744306001563476,0,vm_fail,0.016505835733699604,0.023997602888636616,4,vm_fail,0.005147304324098767,0.005147304324098768,0,vm_fail,0.004097177495520475,0.008302614261738877,7,vm_fail,0.0020774313326548245,0.004860979753023248,4,vm_fail,0.004941300155952532,0.007305867921025495,4,vm_fail,0.0004559580269148214,0.0021421197539263563,3,vm_fail,0.0004990695437493271,0.0018106872862794895,2,vm_fail,9.275363148727375e-05,0.00012552688982861698,0,GA continue|n100 m10 vm_fail lam=0.05|301
h10_elite_migration,GA continue,n100 m10 vm_fail lam=0.05,vm_fail,100,10,302,20000,4000,2.3226003646850586,0.013343169677647456,0.00526197549791727,0.007474643888536692,1.0013273019178413,3.25,0.03680302641161297,16.5,0.007117221935878198,0.05,,0.013343169677647456,0.036908306114355444,0,vm_fail,0.006687232352729533,0.010158567636704297,6,vm_fail,0.015161983026877402,0.023200756520731423,10,vm_fail,0.005558595235682872,0.0066884363539251,2,vm_fail,0.006408112521847502,0.007029352097478365,1,vm_fail,0.0036553179574592243,0.004770490532967509,2,vm_fail,0.003289452965720005,0.004682910539283562,2,vm_fail,0.0013231576431343244,0.00246102486772882,2,vm_fail,1.1952279887295432e-05,0.0008056125594744625,1,GA continue|n100 m10 vm_fail lam=0.05|302
h10_elite_migration,GA continue,n100 m10 vm_fail lam=0.05,vm_fail,100,10,303,20000,4000,2.0499677658081055,0.015183178216340744,0.004456223294725088,0.007294339183934217,0.999491186403942,2.375,0.02843884350311351,24.5,0.005889178237336966,0.05,,0.015183178216340744,0.05159998247577159,0,vm_fail,0.014061489348212953,0.02764805741196163,8,vm_fail,0.00877902534301024,0.009875524283600369,2,vm_fail,0.005029761707337869,0.008313519549028033,4,vm_fail,0.004138454481160637,0.005429088428271222,1,vm_fail,0.0028664729981585893,0.004341276634920636,2,vm_fail,0.0005673369540273765,0.002491105823540898,2,vm_fail,0.00018208933173450106,0.00018208933173450103,0,vm_fail,2.5156194158539782e-05,7.405200841644637e-05,0,GA continue|n100 m10 vm_fail lam=0.05|303
h10_elite_migration,GA continue,n100 m10 vm_fail lam=0.05,vm_fail,100,10,304,20000,4000,2.1971752643585205,0.014925746594301471,0.0040200876998334484,0.005083663909152823,0.9991571582162135,1.75,0.020269711260031437,13.375,0.0050406499879485185,0.05,,0.014925746594301471,0.045784041999774636,0,vm_fail,0.015739465421859302,0.018340775603542206,4,vm_fail,0.0038443609841333783,0.005750394580938802,3,vm_fail,0.0043130251799793655,0.006085342283238025,3,vm_fail,0.0030269567636393513,0.005255905556447356,4,vm_fail,0.003863604427567914,0.0038636044275679143,0,vm_fail,0.0010427704641693186,0.0010427704641693186,0,vm_fail,0.00017314283416562459,0.00017314283416562459,0,vm_fail,0.00015737552315333737,0.00015737552315333737,0,GA continue|n100 m10 vm_fail lam=0.05|304
h10_elite_migration,GA continue,n100 m10 vm_fail lam=0.05,vm_fail,100,10,305,20000,4000,2.2198097705841064,0.012517337425278385,0.0051825706094007495,0.006581053758895126,1.0010807731844118,2.25,0.027805745119311824,17.375,0.006580256374051822,0.05,,0.012517337425278385,0.048858146460174175,0,vm_fail,0.015227184554184082,0.016997929643522914,3,vm_fail,0.01139134420315507,0.01139134420315507,0,vm_fail,0.006921237473397981,0.009503086800252802,4,vm_fail,0.0032354459849973692,0.005961629262130652,5,vm_fail,0.0021357635965468403,0.004283197375682402,3,vm_fail,0.0018792074852499886,0.0024827491765061415,1,vm_fail,0.000282385582482748,0.0016341185359726828,2,vm_fail,0.0003879959951919197,0.0003943750739383467,0,GA continue|n100 m10 vm_fail lam=0.05|305
h10_elite_migration,GA continue,n100 m10 vm_fail lam=0.05,vm_fail,100,10,306,20000,4000,2.02765154838562,0.014569156915683546,0.004370909457251946,0.006247788192643915,0.9994391779778942,2.875,0.03343653366278655,18.875,0.006053647080415587,0.05,,0.014569156915683546,0.027101664553981566,0,vm_fail,0.011130419815636698,0.013848512342022784,5,vm_fail,0.00889609984594437,0.014461883686340037,7,vm_fail,0.007032642201055434,0.008203610389661173,2,vm_fail,0.0029384406729563834,0.00721927548070673,7,vm_fail,0.0016286925848857626,0.0022320833635513537,1,vm_fail,0.0025135694966645582,0.002513569496664558,0,vm_fail,0.0004204171720212062,0.0010963769133535309,1,vm_fail,0.00040699386885115115,0.00040699386885115115,0,GA continue|n100 m10 vm_fail lam=0.05|306
h10_elite_migration,GA continue,n100 m10 vm_fail lam=0.05,vm_fail,100,10,307,20000,4000,2.447629451751709,0.011931567065867007,0.005129347909503165,0.007238265256336294,1.0010326495051602,2.75,0.030986526556134163,16.125,0.006691364699941208,0.05,,0.011931567065867007,0.05040881819828238,0,vm_fail,0.013360678336739918,0.024004093169365,12,vm_fail,0.004939878534533243,0.0072769480194973995,4,vm_fail,0.014373930908252437,0.014373930908252433,0,vm_fail,0.003248963952669349,0.003800199647148754,1,vm_fail,0.0027515912153061486,0.003370573679019326,1,vm_fail,0.0019791073457999272,0.0039059902445418232,3,vm_fail,0.00012928417797932203,0.0009230375781206389,1,vm_fail,0.0002513488047449772,0.0002513488047449772,0,GA continue|n100 m10 vm_fail lam=0.05|307
h10_elite_migration,GA continue,n100 m10 vm_fail lam=0.05,vm_fail,100,10,308,20000,4000,2.0582401752471924,0.017129267264258397,0.003988545302190734,0.006656651835821626,0.9997106763446287,2.5,0.027220440087515896,14.0,0.005358724822751026,0.05,,0.017129267264258397,0.05953833328136455,0,vm_fail,0.012977503580720397,0.026011719665100318,7,vm_fail,0.00714308003812526,0.00878516114688303,3,vm_fail,0.005737392380985798,0.007554990078059973,3,vm_fail,0.0014148117258575134,0.0032162661883123438,3,vm_fail,0.0028708879655789925,0.0028708879655789925,0,vm_fail,0.0010466684359986046,0.0029580446825049423,3,vm_fail,0.0006977957357194772,0.0012795967797518547,1,vm_fail,2.0222554539831034e-05,0.0005765481803815562,0,GA continue|n100 m10 vm_fail lam=0.05|308
h10_elite_migration,GA continue,n100 m10 vm_fail lam=0.05,vm_fail,100,10,309,20000,4000,2.047581672668457,0.0121631558151105,0.004113912815649175,0.005608418660028416,0.9996364299182082,2.375,0.02778277616660373,21.375,0.00551096972091619,0.05,,0.0121631558151105,0.035984273028589454,0,vm_fail,0.011265405394806836,0.014636290079456299,6,vm_fail,0.0066364664574461675,0.007820744653278425,2,vm_fail,0.007040663193865308,0.007647314195789271,1,vm_fail,0.004250228428892841,0.006022434714355503,3,vm_fail,0.0010558837110590134,0.003539722959681402,3,vm_fail,0.0017554780871003835,0.004291567905042497,4,vm_fail,0.000850914392680628,0.0008509143926806281,0,vm_fail,5.626285934222421e-05,5.83603799433077e-05,0,GA continue|n100 m10 vm_fail lam=0.05|309
h10_elite_migration,GA continue,n100 m10 vm_fail lam=0.05,vm_fail,100,10,310,20000,4000,2.2063467502593994,0.010962395995608108,0.004549224780223543,0.006382534226186351,0.9996616538729811,3.0,0.03478963226461373,18.375,0.00630049205399613,0.05,,0.010962395995608108,0.042622125564483526,0,vm_fail,0.014623356931430862,0.018141745323365054,5,vm_fail,0.008188465437363682,0.011969172182753798,6,vm_fail,0.0045247617317612085,0.00452476173176121,0,vm_fail,0.003790936098207753,0.006180914517489138,4,vm_fail,0.0032176642816672406,0.006913729360599586,7,vm_fail,0.0015508273823785922,0.002107244508702161,1,vm_fail,0.0004157044110656029,0.0011202225127636587,1,vm_fail,8.208196791340364e-05,0.00010248367205620503,0,GA continue|n100 m10 vm_fail lam=0.05|310
h10_elite_migration,QI-MRFO+CXM continue,n100 m10 vm_fail lam=0.05,vm_fail,100,10,301,20000,4000,6.204314708709717,0.0008034395373276679,0.001309574154069319,0.016808529486407753,0.9974689063478948,18.5,0.21719933647935397,18.0,0.012189497213694068,0.05,,0.0008034395373276679,0.012424251864251949,0,vm_fail,0.0019134055156636207,0.027105959477645544,39,vm_fail,0.003725368824697041,0.028091309157504053,29,vm_fail,0.0018847064806392412,0.013037817764321563,16,vm_fail,0.0013827240048662416,0.032275350214001707,27,vm_fail,0.0013194577293145211,0.014817589303730809,18,vm_fail,6.493367985706313e-05,0.006143815501924689,9,vm_fail,0.00014975983484029364,0.004954727855701034,8,vm_fail,3.623716267652891e-05,0.008041666616432634,2,QI-MRFO+CXM continue|n100 m10 vm_fail lam=0.05|301
h10_elite_migration,QI-MRFO+CXM continue,n100 m10 vm_fail lam=0.05,vm_fail,100,10,302,20000,4000,6.709876775741577,0.0005247079719280449,0.0016007849785353166,0.013812073838163552,0.9976844144303417,16.75,0.1947556903882092,16.75,0.011356422613598517,0.05,,0.0005247079719280449,0.0052725963407204745,0,vm_fail,0.0032015458942867663,0.02829152199385426,31,vm_fail,0.005630645263592102,0.01505454042578291,16,vm_fail,0.0008018878859614599,0.01451604553836501,21,vm_fail,0.0009288616271096387,0.018620351206532833,25,vm_fail,0.0004746455869366854,0.01399758901467299,22,vm_fail,0.000770755480022976,0.012236720639430158,12,vm_fail,0.0009012815118719492,0.004468628479941578,6,vm_fail,9.66565785009525e-05,0.003311193406728674,1,QI-MRFO+CXM continue|n100 m10 vm_fail lam=0.05|302
h10_elite_migration,QI-MRFO+CXM continue,n100 m10 vm_fail lam=0.05,vm_fail,100,10,303,20000,4000,6.416655540466309,0.0005958956312608322,0.0015633962948644472,0.013880251923411687,0.9966195614552347,15.25,0.18924726737456737,23.625,0.01104386196974604,0.05,,0.0005958956312608322,0.02378195724463283,0,vm_fail,0.004424178209169792,0.018389388710332605,21,vm_fail,0.0016628654314164296,0.014962118629952987,22,vm_fail,0.0026961790410882716,0.022150385641900538,24,vm_fail,0.0011100369146854199,0.020183843396031628,24,vm_fail,0.0014277838938673252,0.01747499281257522,15,vm_fail,0.0003446470887806262,0.013229889071854916,12,vm_fail,0.0005725699196496335,0.0026950448350706443,3,vm_fail,0.0002689098602580805,0.0019563522895749406,1,QI-MRFO+CXM continue|n100 m10 vm_fail lam=0.05|303
h10_elite_migration,QI-MRFO+CXM continue,n100 m10 vm_fail lam=0.05,vm_fail,100,10,304,20000,4000,6.467390298843384,0.0007500681960792569,0.0019311804717913176,0.017591342778323926,0.9970859029775064,20.5,0.23557764919326785,13.375,0.013743710202654809,0.05,,0.0007500681960792569,0.019402401875970005,0,vm_fail,0.0042316632268913764,0.03980935256381914,49,vm_fail,0.005290363533288582,0.030762696640694347,29,vm_fail,0.0029159209072952795,0.019621542880499408,19,vm_fail,0.00105408773989541,0.016863586298376677,21,vm_fail,0.0012447223001718032,0.01338573140880453,19,vm_fail,0.0003509609426671883,0.009825103843918305,13,vm_fail,0.0003149119138072812,0.006963378721569183,10,vm_fail,4.681321031362221e-05,0.0034993498689098175,4,QI-MRFO+CXM continue|n100 m10 vm_fail lam=0.05|304
h10_elite_migration,QI-MRFO+CXM continue,n100 m10 vm_fail lam=0.05,vm_fail,100,10,305,20000,4000,6.980828762054443,0.0010851257043272605,0.0014712555797449208,0.015217776376913782,0.9973935589834921,16.375,0.1956997627331754,17.75,0.0112772288690328,0.05,,0.0010851257043272605,0.009438774742326688,0,vm_fail,0.0036955068650381243,0.036843990110819964,40,vm_fail,0.0027849666769851067,0.021192836597538445,28,vm_fail,0.0012087298376094954,0.023145159986938887,18,vm_fail,0.001135895690046851,0.009542400589473081,14,vm_fail,0.0014417762672149967,0.011083510190245213,8,vm_fail,0.0006465670226504328,0.010002851342008165,14,vm_fail,0.00030105014806658636,0.008707189301384437,8,vm_fail,0.0005555521303477729,0.0012242728969020628,1,QI-MRFO+CXM continue|n100 m10 vm_fail lam=0.05|305
h10_elite_migration,QI-MRFO+CXM continue,n100 m10 vm_fail lam=0.05,vm_fail,100,10,306,20000,4000,7.04324197769165,0.0003620227974819096,0.0009781716262999992,0.013012525721203441,0.9960683113398935,15.5,0.183164560054903,20.125,0.010147977895471403,0.05,,0.0003620227974819096,0.004717346629877374,0,vm_fail,0.0019977499519960276,0.021808976504455502,28,vm_fail,0.0013505304233661563,0.022468268683985004,23,vm_fail,0.0011681315293520266,0.021137276177573907,27,vm_fail,0.0018648396405205314,0.013443673222496223,14,vm_fail,0.0006609492642516562,0.01113881309164228,15,vm_fail,0.00022272827664949303,0.007882260740856207,12,vm_fail,0.00015681014584148677,0.004246361196769394,5,vm_fail,0.0004036337784226158,0.0019745761518490047,0,QI-MRFO+CXM continue|n100 m10 vm_fail lam=0.05|306
h10_elite_migration,QI-MRFO+CXM continue,n100 m10 vm_fail lam=0.05,vm_fail,100,10,307,20000,4000,6.624319553375244,0.0009377332923246353,0.0033409265115709667,0.015433908680339066,0.9992565256923247,16.375,0.192644820655951,16.875,0.013016806257188434,0.05,,0.0009377332923246353,0.017166833172085578,0,vm_fail,0.01218273434854032,0.027139010986568044,23,vm_fail,0.00939017023713587,0.030170145623353035,28,vm_fail,0.0018810907507332318,0.01099748491534675,14,vm_fail,0.0008767090784904868,0.014509537757533093,23,vm_fail,0.0010815140236833621,0.01865588726546199,23,vm_fail,0.0004346692980843509,0.009971097765915081,11,vm_fail,0.0008322449371696747,0.010338198242873275,8,vm_fail,4.8279418730435826e-05,0.0016899068856612571,1,QI-MRFO+CXM continue|n100 m10 vm_fail lam=0.05|307
h10_elite_migration,QI-MRFO+CXM continue,n100 m10 vm_fail lam=0.05,vm_fail,100,10,308,20000,4000,6.325836896896362,0.000923051587766865,0.002066523810027295,0.011395081855939768,0.9978013306775879,13.875,0.15788847981367693,14.125,0.009980865328516463,0.05,,0.000923051587766865,0.011074100243266155,0,vm_fail,0.005363978540769084,0.01567076871012623,18,vm_fail,0.0040384052427545085,0.012270751312728456,14,vm_fail,0.004078025940427503,0.02152469834772576,24,vm_fail,0.0018441732104878435,0.008479178806167562,9,vm_fail,0.00037418630577293923,0.01562500439334934,22,vm_fail,0.0005034585658877241,0.011262366087861103,17,vm_fail,0.0002272502943088387,0.004931404129759613,6,vm_fail,0.0001027123798099202,0.001396483059800077,1,QI-MRFO+CXM continue|n100 m10 vm_fail lam=0.05|308
h10_elite_migration,QI-MRFO+CXM continue,n100 m10 vm_fail lam=0.05,vm_fail,100,10,309,20000,4000,6.352299690246582,0.00021540392440112327,0.0012911940923938901,0.014009424672150415,0.9968327392619556,16.75,0.19934814638877815,20.625,0.011273488081754723,0.05,,0.00021540392440112327,0.0029424141129715453,0,vm_fail,0.0012043851274355965,0.021802472977865514,29,vm_fail,0.00103432275063368,0.02525320914860281,30,vm_fail,0.0025476678716773405,0.023137817329429246,25,vm_fail,0.0027942793906422015,0.013836314307412747,17,vm_fail,0.00224167435892655,0.007602158579502724,8,vm_fail,0.0003765368156338783,0.011878092882475676,16,vm_fail,6.43890034700528e-05,0.007975555608634081,9,vm_fail,6.629742073181997e-05,0.0005897765432805297,0,QI-MRFO+CXM continue|n100 m10 vm_fail lam=0.05|309
h10_elite_migration,QI-MRFO+CXM continue,n100 m10 vm_fail lam=0.05,vm_fail,100,10,310,20000,4000,6.525890588760376,0.0006800415209223151,0.001464912703880163,0.017723500445178567,0.9965996135397894,19.875,0.2366391542496184,19.125,0.013321526873229048,0.05,,0.0006800415209223151,0.01033210185158088,0,vm_fail,0.005730790418230179,0.03289486364099697,37,vm_fail,0.0018562213618316546,0.02485665881862778,27,vm_fail,0.0007778565682687685,0.02589405694334399,31,vm_fail,0.0013100739617858833,0.01589878709965078,21,vm_fail,0.0010824878764166181,0.011958237006798279,15,vm_fail,0.0006978294942656525,0.008870994695711409,13,vm_fail,0.00018943000953127237,0.013388049384779683,14,vm_fail,7.461194071127675e-05,0.008026355971519647,1,QI-MRFO+CXM continue|n100 m10 vm_fail lam=0.05|310
h10_elite_migration,QI-MRFO+CXM continue+elite,n100 m10 vm_fail lam=0.05,vm_fail,100,10,301,20000,4000,6.507660627365112,0.0008034395373276679,0.002291768560956078,0.004839391345556933,0.998444549949598,4.125,0.04620208247035912,17.25,0.004609680185644522,0.05,,0.0008034395373276679,0.012424251864251949,0,vm_fail,0.005976502563423322,0.010522484282987216,8,vm_fail,0.0019402564121452773,0.008301395736699902,10,vm_fail,0.0039464871102126604,0.009099804460762893,9,vm_fail,0.004044610181614093,0.005622298156729775,2,vm_fail,0.0013912221216652535,0.0021390332452470057,1,vm_fail,0.0006684698051422541,0.0012680988442186365,1,vm_fail,0.0003624132918350773,0.001610128786262311,2,vm_fail,4.1870016106845e-06,0.00015188725154772573,0,QI-MRFO+CXM continue+elite|n100 m10 vm_fail lam=0.05|301
h10_elite_migration,QI-MRFO+CXM continue+elite,n100 m10 vm_fail lam=0.05,vm_fail,100,10,302,20000,4000,6.264528512954712,0.0005247079719280449,0.0029888545353020674,0.0067114444191298805,0.999066301166746,5.5,0.06184388960071432,16.875,0.0060910963323680374,0.05,,0.0005247079719280449,0.0052725963407204745,0,vm_fail,0.0029659992151464245,0.012606785603519244,13,vm_fail,0.0038835374049566856,0.014730371752730778,17,vm_fail,0.010758516691151588,0.011899609485187564,2,vm_fail,0.0036429123563647193,0.0061618045023296665,4,vm_fail,0.0010105602408324306,0.0029931869162023177,3,vm_fail,0.0013796242049029267,0.00228314316102665,1,vm_fail,0.0002597482691683143,0.0021968723892156735,3,vm_fail,9.937899893447423e-06,0.0008197815428271519,1,QI-MRFO+CXM continue+elite|n100 m10 vm_fail lam=0.05|302
h10_elite_migration,QI-MRFO+CXM continue+elite,n100 m10 vm_fail lam=0.05,vm_fail,100,10,303,20000,4000,6.3092217445373535,0.0005958956312608322,0.0018988488293022845,0.006275998969947117,0.9969522350773667,6.0,0.06976726580664216,23.75,0.005396813065268779,0.05,,0.0005958956312608322,0.02378195724463283,0,vm_fail,0.003564352477584593,0.01880281659194108,21,vm_fail,0.0066039198978618185,0.010273362060610436,6,vm_fail,0.002085297226084339,0.005979426551735765,6,vm_fail,0.001415895815692738,0.0054437692788521785,6,vm_fail,0.0008815692243122747,0.005306209885153082,5,vm_fail,0.0003358687145620835,0.0019588542404231184,1,vm_fail,0.00027731369235457255,0.0023677322628403753,3,vm_fail,2.657358596585487e-05,7.582088802090578e-05,0,QI-MRFO+CXM continue+elite|n100 m10 vm_fail lam=0.05|303
h10_elite_migration,QI-MRFO+CXM continue+elite,n100 m10 vm_fail lam=0.05,vm_fail,100,10,304,20000,4000,6.608858108520508,0.0007500681960792569,0.0030400977819299104,0.007801883940509015,0.99818607239477,7.125,0.08067358320170953,13.0,0.007096500968240953,0.05,,0.0007500681960792569,0.019402401875970005,0,vm_fail,0.008704577662487657,0.021588260168856153,21,vm_fail,0.006064365971967571,0.015575947793562528,14,vm_fail,0.004624831983689,0.011185969377356681,8,vm_fail,0.001664222061379635,0.006475065234789296,8,vm_fail,0.00215693457467966,0.0033314946636834723,1,vm_fail,0.0007931431005382992,0.0027599936460293846,3,vm_fail,0.00010669208593693701,0.0007054726556007885,1,vm_fail,0.0002060148147605259,0.0007928679841938183,1,QI-MRFO+CXM continue+elite|n100 m10 vm_fail lam=0.05|304
h10_elite_migration,QI-MRFO+CXM continue+elite,n100 m10 vm_fail lam=0.05,vm_fail,100,10,305,20000,4000,7.508228778839111,0.0010851257043272605,0.002152414731777718,0.004800738045158952,0.998071050186347,3.625,0.042953116262867935,17.625,0.004306737643459701,0.05,,0.0010851257043272605,0.009438774742326688,0,vm_fail,0.004708910170253103,0.012424592105152068,10,vm_fail,0.002676790589192352,0.00758450102432273,8,vm_fail,0.003326961645320697,0.005893657956969641,4,vm_fail,0.0015064015317205292,0.004337778581345507,3,vm_fail,0.0021586917822421967,0.0038050725817694213,2,vm_fail,0.002702774122329887,0.0027027741223298865,0,vm_fail,8.890124259214191e-05,0.0016076412188115296,2,vm_fail,4.988677057083753e-05,4.9886770570837536e-05,0,QI-MRFO+CXM continue+elite|n100 m10 vm_fail lam=0.05|305
h10_elite_migration,QI-MRFO+CXM continue+elite,n100 m10 vm_fail lam=0.05,vm_fail,100,10,306,20000,4000,7.27551531791687,0.0003620227974819096,0.0017470485308395257,0.006072904171733735,0.9968321833508257,5.75,0.06587474916307487,20.75,0.005051508716461608,0.05,,0.0003620227974819096,0.004717346629877374,0,vm_fail,0.0049637256943564365,0.021150899421420847,23,vm_fail,0.0025572015188528867,0.008083408740219058,7,vm_fail,0.0035679630071399284,0.006977461050753776,3,vm_fail,0.0011336348512864052,0.0042894149450739315,4,vm_fail,0.0009206977986777847,0.004033670675498946,5,vm_fail,0.00047846317500408223,0.002284211179575565,3,vm_fail,0.00034472258527752013,0.0016984286685353712,1,vm_fail,9.979616121161279e-06,6.573869279238809e-05,0,QI-MRFO+CXM continue+elite|n100 m10 vm_fail lam=0.05|306
h10_elite_migration,QI-MRFO+CXM continue+elite,n100 m10 vm_fail lam=0.05,vm_fail,100,10,307,20000,4000,6.229585886001587,0.0009377332923246353,0.0025859670536517417,0.007211297477293231,0.998502851880426,6.875,0.075379496188407,16.25,0.006371986247846885,0.05,,0.0009377332923246353,0.017166833172085578,0,vm_fail,0.006442719606870297,0.015277343036963507,14,vm_fail,0.003029245192430847,0.010710207271473366,12,vm_fail,0.006853362377083954,0.01679596348327063,17,vm_fail,0.0013861703583477238,0.007148411041900601,8,vm_fail,0.002135771735860152,0.0032200639056721284,1,vm_fail,0.00015016497642355363,0.0027462548221965834,2,vm_fail,0.00047159488551159974,0.0013861015094077593,1,vm_fail,0.00021870729668580825,0.00040603474746127803,0,QI-MRFO+CXM continue+elite|n100 m10 vm_fail lam=0.05|307
h10_elite_migration,QI-MRFO+CXM continue+elite,n100 m10 vm_fail lam=0.05,vm_fail,100,10,308,20000,4000,6.348561763763428,0.000923051587766865,0.0024710214003131723,0.006074769638439036,0.9982044778030202,5.5,0.060014991664064585,14.75,0.0054839191735343166,0.05,,0.000923051587766865,0.011074100243266155,0,vm_fail,0.004171343589477934,0.016351531001663314,19,vm_fail,0.003768614252174899,0.012082433071196847,12,vm_fail,0.00548744591872083,0.00983738281183735,7,vm_fail,0.0029119180164968016,0.00605302453156534,5,vm_fail,0.0022714558595862784,0.002271455859586279,0,vm_fail,0.00102989413105826,0.0010298941310582601,0,vm_fail,0.00011773936570146009,0.0008494893855511407,1,vm_fail,9.760069288914834e-06,0.00012294631505375253,0,QI-MRFO+CXM continue+elite|n100 m10 vm_fail lam=0.05|308
h10_elite_migration,QI-MRFO+CXM continue+elite,n100 m10 vm_fail lam=0.05,vm_fail,100,10,309,20000,4000,6.133188724517822,0.00021540392440112327,0.0016518426551640007,0.005059811644913476,0.9971896000784748,4.75,0.0547764852095245,20.125,0.00439807172149252,0.05,,0.00021540392440112327,0.0029424141129715453,0,vm_fail,0.0039032229976742115,0.013711030285282606,12,vm_fail,0.0023403834797340243,0.0047472606742979245,4,vm_fail,0.0021941124221670715,0.006237854849074934,6,vm_fail,0.002616264059723425,0.010786853492270744,12,vm_fail,0.0005670200028550385,0.0030414748307162425,4,vm_fail,0.0013254912066896873,0.0013254912066896873,0,vm_fail,0.00018950147311427292,0.00032783315040778446,0,vm_fail,7.87455993542752e-05,0.00030069467056789494,0,QI-MRFO+CXM continue+elite|n100 m10 vm_fail lam=0.05|309
h10_elite_migration,QI-MRFO+CXM continue+elite,n100 m10 vm_fail lam=0.05,vm_fail,100,10,310,20000,4000,6.386257171630859,0.0006800415209223151,0.0020403668423216617,0.005254067423720617,0.9971704874089484,3.875,0.045749601650599624,18.375,0.004334042483733564,0.05,,0.0006800415209223151,0.01033210185158088,0,vm_fail,0.008361774888711381,0.011575722133511915,5,vm_fail,0.0017024326285577447,0.008488575535543474,7,vm_fail,0.0021706014396746993,0.007392868823274304,6,vm_fail,0.002360980216756913,0.008005347349898882,7,vm_fail,0.0012702726708556096,0.0019018419449129233,1,vm_fail,0.00021054201137222708,0.002464685408351522,3,vm_fail,0.0002189367841336003,0.0017477661383105648,2,vm_fail,2.739409851111864e-05,0.00045573205596134665,0,QI-MRFO+CXM continue+elite|n100 m10 vm_fail lam=0.05|310
h10_elite_migration,(1+1)-EA+CXM continue,n100 m10 vm_fail lam=0.2,vm_fail,100,10,301,20000,4000,1.5693044662475586,0.0007944499825693696,0.004699667351691704,0.006644673941858694,1.0008374397143593,0.75,0.008522364609417195,17.75,0.006411098267507186,0.2,,0.0007944499825693696,0.01980602025392085,0,vm_fail,0.013606613962640937,0.013606613962640937,0,vm_fail,0.0095361187696122,0.0095361187696122,0,vm_fail,0.007155560331452517,0.014588734409892072,3,vm_fail,0.0026135741896114967,0.005892647411841022,1,vm_fail,0.0036034050598667466,0.0036034050598667457,0,vm_fail,0.00036068795427377827,0.002745628033275995,1,vm_fail,0.000691668033055081,0.0030900114127780046,1,vm_fail,2.9710513020865727e-05,9.423247496256673e-05,0,(1+1)-EA+CXM continue|n100 m10 vm_fail lam=0.2|301
h10_elite_migration,(1+1)-EA+CXM continue,n100 m10 vm_fail lam=0.2,vm_fail,100,10,302,20000,4000,1.6210923194885254,0.0005847501359411637,0.004144786729173315,0.00963336211515763,1.0002155484086621,2.125,0.022742696164087917,17.125,0.008723886963411273,0.2,,0.0005847501359411637,0.009146323098066275,0,vm_fail,0.008339225439451457,0.015232978567687445,3,vm_fail,0.005431729079723173,0.025080700410845907,9,vm_fail,0.008999731819513702,0.020326133320840184,4,vm_fail,0.005564410583265951,0.008470796309611646,0,vm_fail,0.003472272895773832,0.005706680820352318,1,vm_fail,0.0007515563051999977,0.0008514745699627355,0,vm_fail,0.00043933277277892637,0.0011015742305562752,0,vm_fail,0.00016003493767948417,0.0002965586914045148,0,(1+1)-EA+CXM continue|n100 m10 vm_fail lam=0.2|302
h10_elite_migration,(1+1)-EA+CXM continue,n100 m10 vm_fail lam=0.2,vm_fail,100,10,303,20000,4000,1.5167336463928223,0.0010572604081618454,0.004249742510678526,0.007835230382918086,0.9992885332721897,1.125,0.012163363821138213,23.5,0.006698828103926284,0.2,,0.0010572604081618454,0.025301005100177666,0,vm_fail,0.006826138619631705,0.02449015286601906,7,vm_fail,0.013168040345197054,0.013168040345197056,0,vm_fail,0.006509729344696613,0.015343086579233478,2,vm_fail,0.004315361419991898,0.004315361419991897,0,vm_fail,0.0024055845409413404,0.00298041432703796,0,vm_fail,0.0005763979151651018,0.0016903667899105061,0,vm_fail,0.00018524228055247745,0.0006663298217639104,0,vm_fail,1.144561925202343e-05,2.8090914190835568e-05,0,(1+1)-EA+CXM continue|n100 m10 vm_fail lam=0.2|303
h10_elite_migration,(1+1)-EA+CXM continue,n100 m10 vm_fail lam=0.2,vm_fail,100,10,304,20000,4000,1.4249958992004395,0.0006037870269129456,0.005806988245462528,0.009805634956890906,1.0009382316776834,1.5,0.017062118565482738,13.125,0.009255819466069556,0.2,,0.0006037870269129456,0.009703738369008846,0,vm_fail,0.012458067017341532,0.028139185636549734,7,vm_fail,0.01125852102750355,0.021139581943611638,3,vm_fail,0.0037449298843446033,0.009524415042556076,2,vm_fail,0.012401394245953351,0.012401394245953351,0,vm_fail,0.004221465029219608,0.0042405238795131025,0,vm_fail,0.0013251585983345435,0.0015198508390393958,0,vm_fail,0.0009996442361466028,0.0009996442361466028,0,vm_fail,4.6725924856428215e-05,0.00048048383175735464,0,(1+1)-EA+CXM continue|n100 m10 vm_fail lam=0.2|304
h10_elite_migration,(1+1)-EA+CXM continue,n100 m10 vm_fail lam=0.2,vm_fail,100,10,305,20000,4000,1.493830919265747,0.0006357534804457774,0.0038294805806132724,0.008617299905471748,0.9997368245214601,1.375,0.015915041771333654,17.5,0.0070320587357887735,0.2,,0.0006357534804457774,0.023400173272238315,0,vm_fail,0.010445201392823095,0.02587845866329608,4,vm_fail,0.0019258908378109348,0.01613640943648473,5,vm_fail,0.007324681290255962,0.013575290377393613,2,vm_fail,0.007125142213083703,0.007125142213083704,0,vm_fail,0.0021807119450408734,0.003506489657554916,0,vm_fail,0.000395427540280721,0.0011438256298979329,0,vm_fail,0.0008367170917713484,0.001149917810818653,0,vm_fail,0.00040207233383954196,0.00042286545524435385,0,(1+1)-EA+CXM continue|n100 m10 vm_fail lam=0.2|305
h10_elite_migration,(1+1)-EA+CXM continue,n100 m10 vm_fail lam=0.2,vm_fail,100,10,306,20000,4000,1.4415831565856934,0.00022357229419423736,0.004715002918920491,0.008985941883348572,0.9997813413288456,1.5,0.01746623956017545,20.5,0.008241257264200339,0.2,,0.00022357229419423736,0.006291693778161626,0,vm_fail,0.021399640160335364,0.030687610303570576,4,vm_fail,0.005202756157292814,0.01091957621192013,2,vm_fail,0.0027729290199257264,0.013500733987511464,4,vm_fail,0.00438962056087744,0.009615078248444993,2,vm_fail,0.0023525706424653474,0.0026116218382509384,0,vm_fail,0.0012488295588607278,0.003934070064289399,0,vm_fail,0.0003384589985699723,0.0005631837961306667,0,vm_fail,1.521825303653115e-05,5.5660616670417014e-05,0,(1+1)-EA+CXM continue|n100 m10 vm_fail lam=0.2|306
h10_elite_migration,(1+1)-EA+CXM continue,n100 m10 vm_fail lam=0.2,vm_fail,100,10,307,20000,4000,1.5128734111785889,0.0003651439638693392,0.004140550238193167,0.008248107840801749,1.00005074558418,1.625,0.018067388207424297,16.75,0.007777658380164906,0.2,,0.0003651439638693392,0.024446273730850863,0,vm_fail,0.006785987460478197,0.01854864016030756,5,vm_fail,0.011990175800568537,0.019022345481054685,3,vm_fail,0.00733233075107728,0.01081183498882011,1,vm_fail,0.0026111634511204575,0.009519600236862172,3,vm_fail,0.0034483380762963807,0.0034660003014355656,0,vm_fail,0.00034949229126790825,0.003054031027306355,1,vm_fail,0.00038340555038568307,0.0010981398828555228,0,vm_fail,0.00022350852435089322,0.00046427064777202674,0,(1+1)-EA+CXM continue|n100 m10 vm_fail lam=0.2|307
h10_elite_migration,(1+1)-EA+CXM continue,n100 m10 vm_fail lam=0.2,vm_fail,100,10,308,20000,4000,1.5029547214508057,0.0007917903286255392,0.0038709991249855588,0.007302998459152587,0.9995967752387178,1.5,0.015943505905032872,15.125,0.00708052009135628,0.2,,0.0007917903286255392,0.01198700297164036,0,vm_fail,0.006880544769492776,0.024266937538704278,8,vm_fail,0.008658296371636502,0.010931918441852404,1,vm_fail,0.004240548681979806,0.006943539817401372,1,vm_fail,0.005419960942199557,0.00990572180820219,2,vm_fail,0.003325795685313592,0.0035888369034202472,0,vm_fail,0.001255658970390674,0.00126070473693538,0,vm_fail,0.0011481633289320069,0.001484082573821455,0,vm_fail,3.9024249939558956e-05,4.224585288337672e-05,0,(1+1)-EA+CXM continue|n100 m10 vm_fail lam=0.2|308
h10_elite_migration,(1+1)-EA+CXM continue,n100 m10 vm_fail lam=0.2,vm_fail,100,10,309,20000,4000,1.4657437801361084,0.0005400188734899088,0.007967863919767754,0.010945261045679977,1.003458904237959,1.0,0.011759002685196552,20.25,0.010331801243138468,0.2,,0.0005400188734899088,0.007028549691646947,0,vm_fail,0.021197430756476614,0.021197430756476614,0,vm_fail,0.021980973896134466,0.02198097389613447,0,vm_fail,0.0033431470013661883,0.012819533127172796,3,vm_fail,0.007618442263397451,0.015825173499589323,3,vm_fail,0.007539071308759445,0.010246915326721858,1,vm_fail,0.001343770206418853,0.004400078385066467,1,vm_fail,0.0007163286980299275,0.0010550577018526544,0,vm_fail,3.7472275590823566e-06,3.692567242563506e-05,0,(1+1)-EA+CXM continue|n100 m10 vm_fail lam=0.2|309
h10_elite_migration,(1+1)-EA+CXM continue,n100 m10 vm_fail lam=0.2,vm_fail,100,10,310,20000,4000,1.4457948207855225,0.0007771588942188509,0.0063650432358125985,0.0080561650627778,1.001465708039248,0.625,0.007178714859437751,18.75,0.00782071503862013,0.2,,0.0007771588942188509,0.0152880908355526,0,vm_fail,0.019606005468161897,0.026458125220295437,3,vm_fail,0.011438635662346253,0.012522454443161973,0,vm_fail,0.005960218429561345,0.010857413825871472,2,vm_fail,0.0035270007959012782,0.0037280461013982358,0,vm_fail,0.005000510461930979,0.005000510461930981,0,vm_fail,0.0031240374204064398,0.003145698765754719,0,vm_fail,0.0021351833225389566,0.0025307119338775445,0,vm_fail,0.00012875432565364394,0.00020635974993204114,0,(1+1)-EA+CXM continue|n100 m10 vm_fail lam=0.2|310
h10_elite_migration,Chooser (cheaper of the two),n100 m10 vm_fail lam=0.2,vm_fail,100,10,301,20000,4000,0.02745962142944336,0.0064713761837668785,0.010371344734479114,0.010371344734479114,1.006472655201876,0.0,0.0,17.875,0.010371344734479114,0.2,,0.0064713761837668785,0.0064713761837668785,0,vm_fail,0.02959279066989431,0.02959279066989431,0,vm_fail,0.012178748567956327,0.012178748567956327,0,vm_fail,0.0262493517322694,0.0262493517322694,0,vm_fail,0.005250339893515589,0.005250339893515589,0,vm_fail,0.0020508708133074195,0.0020508708133074195,0,vm_fail,0.005147303939733404,0.005147303939733404,0,vm_fail,0.0014112486939934262,0.0014112486939934262,0,vm_fail,0.0010901035651630301,0.0010901035651630301,0,Chooser (cheaper of the two)|n100 m10 vm_fail lam=0.2|301
h10_elite_migration,Chooser (cheaper of the two),n100 m10 vm_fail lam=0.2,vm_fail,100,10,302,20000,4000,0.022742033004760742,0.01058388271372133,0.01186434517868833,0.01186434517868833,1.0078892204924026,0.0,0.0,17.125,0.01186434517868833,0.2,,0.01058388271372133,0.01058388271372133,0,vm_fail,0.01790345079901912,0.01790345079901912,0,vm_fail,0.04301739660057231,0.04301739660057231,0,vm_fail,0.013497706954592487,0.013497706954592487,0,vm_fail,0.009158314099427859,0.009158314099427859,0,vm_fail,0.004747427816884402,0.004747427816884402,0,vm_fail,0.004038238538500097,0.004038238538500097,0,vm_fail,0.002314600623938059,0.002314600623938059,0,vm_fail,0.00023762599657231264,0.00023762599657231264,0,Chooser (cheaper of the two)|n100 m10 vm_fail lam=0.2|302
h10_elite_migration,Chooser (cheaper of the two),n100 m10 vm_fail lam=0.2,vm_fail,100,10,303,20000,4000,0.02544426918029785,0.008481513833635353,0.012046105234767093,0.012046105234767093,1.007028880434299,0.0,0.0,24.625,0.012046105234767093,0.2,,0.008481513833635353,0.008481513833635353,0,vm_fail,0.03742689764925619,0.03742689764925619,0,vm_fail,0.02662947325334103,0.02662947325334103,0,vm_fail,0.012960214127353115,0.012960214127353115,0,vm_fail,0.009242483178056966,0.009242483178056966,0,vm_fail,0.005055064725130382,0.005055064725130382,0,vm_fail,0.00137306637481015,0.00137306637481015,0,vm_fail,0.0017386562033897593,0.0017386562033897593,0,vm_fail,0.0019429863667991543,0.0019429863667991543,0,Chooser (cheaper of the two)|n100 m10 vm_fail lam=0.2|303
h10_elite_migration,Chooser (cheaper of the two),n100 m10 vm_fail lam=0.2,vm_fail,100,10,304,20000,4000,0.023119449615478516,0.011182541500880099,0.007904453214578432,0.007904453214578432,1.0030167384148707,0.0,0.0,13.125,0.007904453214578432,0.2,,0.011182541500880099,0.011182541500880099,0,vm_fail,0.02380825487900691,0.02380825487900691,0,vm_fail,0.007158453247055794,0.007158453247055794,0,vm_fail,0.010394545705541911,0.010394545705541911,0,vm_fail,0.006779272466337263,0.006779272466337263,0,vm_fail,0.006941853246079547,0.006941853246079547,0,vm_fail,0.004508296892778012,0.004508296892778012,0,vm_fail,0.003584803299485529,0.003584803299485529,0,vm_fail,6.0145980342489554e-05,6.0145980342489554e-05,0,Chooser (cheaper of the two)|n100 m10 vm_fail lam=0.2|304
h10_elite_migration,Chooser (cheaper of the two),n100 m10 vm_fail lam=0.2,vm_fail,100,10,305,20000,4000,0.02361750602722168,0.008223312381346173,0.009053531388966295,0.009053531388966295,1.0049349864330592,0.0,0.0,17.375,0.009053531388966295,0.2,,0.008223312381346173,0.008223312381346173,0,vm_fail,0.016203086934787846,0.016203086934787846,0,vm_fail,0.02574605885995766,0.02574605885995766,0,vm_fail,0.006830824761469244,0.006830824761469244,0,vm_fail,0.011236263488045756,0.011236263488045756,0,vm_fail,0.004235022042056897,0.004235022042056897,0,vm_fail,0.0058898060996359445,0.0058898060996359445,0,vm_fail,0.0018015017335079896,0.0018015017335079896,0,vm_fail,0.00048568719226901863,0.00048568719226901863,0,Chooser (cheaper of the two)|n100 m10 vm_fail lam=0.2|305
h10_elite_migration,Chooser (cheaper of the two),n100 m10 vm_fail lam=0.2,vm_fail,100,10,306,20000,4000,0.022112131118774414,0.011498194450387201,0.009362131210611505,0.009362131210611505,1.004400310918533,0.0,0.0,20.0,0.009362131210611505,0.2,,0.011498194450387201,0.011498194450387201,0,vm_fail,0.0428620278083959,0.0428620278083959,0,vm_fail,0.010601164004649801,0.010601164004649801,0,vm_fail,0.006241134802701479,0.006241134802701479,0,vm_fail,0.0028646157160661964,0.0028646157160661964,0,vm_fail,0.008061647228471224,0.008061647228471224,0,vm_fail,0.0022605776212754895,0.0022605776212754895,0,vm_fail,0.0018471289552330797,0.0018471289552330797,0,vm_fail,0.00015875354809886426,0.00015875354809886426,0,Chooser (cheaper of the two)|n100 m10 vm_fail lam=0.2|306
h10_elite_migration,Chooser (cheaper of the two),n100 m10 vm_fail lam=0.2,vm_fail,100,10,307,20000,4000,0.023305654525756836,0.005184865225037136,0.011666054710822132,0.011666054710822132,1.0075382682229845,0.0,0.0,16.0,0.011666054710822132,0.2,,0.005184865225037136,0.005184865225037136,0,vm_fail,0.03725695672586037,0.03725695672586037,0,vm_fail,0.010678822449328542,0.010678822449328542,0,vm_fail,0.025373334652504066,0.025373334652504066,0,vm_fail,0.005381791617992411,0.005381791617992411,0,vm_fail,0.005303282129563032,0.005303282129563032,0,vm_fail,0.004877847210498775,0.004877847210498775,0,vm_fail,0.0026509367612499927,0.0026509367612499927,0,vm_fail,0.0018054661395798593,0.0018054661395798593,0,Chooser (cheaper of the two)|n100 m10 vm_fail lam=0.2|307
h10_elite_migration,Chooser (cheaper of the two),n100 m10 vm_fail lam=0.2,vm_fail,100,10,308,20000,4000,0.023259639739990234,0.009829057547112767,0.013722116963385284,0.013722116963385284,1.0093808882951807,0.0,0.0,13.125,0.013722116963385284,0.2,,0.009829057547112767,0.009829057547112767,0,vm_fail,0.04783636759774687,0.04783636759774687,0,vm_fail,0.02378406826889705,0.02378406826889705,0,vm_fail,0.01316910772632128,0.01316910772632128,0,vm_fail,0.01156413815285622,0.01156413815285622,0,vm_fail,0.004784044599123356,0.004784044599123356,0,vm_fail,0.00488372693459214,0.00488372693459214,0,vm_fail,0.002123716383590465,0.002123716383590465,0,vm_fail,0.0016317660439548864,0.0016317660439548864,0,Chooser (cheaper of the two)|n100 m10 vm_fail lam=0.2|308
h10_elite_migration,Chooser (cheaper of the two),n100 m10 vm_fail lam=0.2,vm_fail,100,10,309,20000,4000,0.02294754981994629,0.01350451577407029,0.008780718639092768,0.008780718639092768,1.0042746553434734,0.0,0.0,21.625,0.008780718639092768,0.2,,0.01350451577407029,0.01350451577407029,0,vm_fail,0.0225177641360711,0.0225177641360711,0,vm_fail,0.013147968155609842,0.013147968155609842,0,vm_fail,0.009196697949275658,0.009196697949275658,0,vm_fail,0.009233922559949355,0.009233922559949355,0,vm_fail,0.005031874036753873,0.005031874036753873,0,vm_fail,0.005351892229039177,0.005351892229039177,0,vm_fail,0.0040131808844549414,0.0040131808844549414,0,vm_fail,0.001752449161588192,0.001752449161588192,0,Chooser (cheaper of the two)|n100 m10 vm_fail lam=0.2|309
h10_elite_migration,Chooser (cheaper of the two),n100 m10 vm_fail lam=0.2,vm_fail,100,10,310,20000,4000,0.03494715690612793,0.004135430617277745,0.006844932981877702,0.006844932981877702,1.0019457199502395,0.0,0.0,18.5,0.006844932981877702,0.2,,0.004135430617277745,0.004135430617277745,0,vm_fail,0.019965414272303868,0.019965414272303868,0,vm_fail,0.006035764385561387,0.006035764385561387,0,vm_fail,0.007048429571346865,0.007048429571346865,0,vm_fail,0.007193646264463271,0.007193646264463271,0,vm_fail,0.0034621136164600377,0.0034621136164600377,0,vm_fail,0.005217737095016335,0.005217737095016335,0,vm_fail,0.003950552950983783,0.003950552950983783,0,vm_fail,0.0018858056988860694,0.0018858056988860694,0,Chooser (cheaper of the two)|n100 m10 vm_fail lam=0.2|310
h10_elite_migration,GA continue,n100 m10 vm_fail lam=0.2,vm_fail,100,10,301,20000,4000,2.0884599685668945,0.011938736375147578,0.006094655640886434,0.008699987363380915,1.0022267947956163,0.625,0.0068055807903314655,18.25,0.00746747074372599,0.2,,0.011938736375147578,0.05744306001563476,0,vm_fail,0.014284484224547525,0.026001489738467134,1,vm_fail,0.008650135150248107,0.008650135150248107,0,vm_fail,0.010730530580288304,0.014986238077468366,2,vm_fail,0.006640849203498856,0.006640849203498856,0,vm_fail,0.004801354113287282,0.007301470139387535,1,vm_fail,0.003057851784537968,0.005262374535712775,1,vm_fail,0.0005044375514916779,0.0005666820435703688,0,vm_fail,8.760251919175363e-05,0.00019066001869418178,0,GA continue|n100 m10 vm_fail lam=0.2|301
h10_elite_migration,GA continue,n100 m10 vm_fail lam=0.2,vm_fail,100,10,302,20000,4000,2.1547658443450928,0.013343169677647456,0.004087870176790117,0.009216768115339129,1.000159257705966,2.0,0.02209761451602584,16.875,0.00853680292100365,0.2,,0.013343169677647456,0.036908306114355444,0,vm_fail,0.006687232352729533,0.020572573488629238,6,vm_fail,0.008530772025871814,0.02564719415974039,6,vm_fail,0.006743863282857474,0.011319971752325207,2,vm_fail,0.002248847264894687,0.004754469383056882,1,vm_fail,0.0030690263173361893,0.0030690263173361897,0,vm_fail,0.00427255468705123,0.00427255468705123,0,vm_fail,0.0010148887311113345,0.0039625783821052194,1,vm_fail,0.0001357767524686709,0.00013577675246867092,0,GA continue|n100 m10 vm_fail lam=0.2|302
h10_elite_migration,GA continue,n100 m10 vm_fail lam=0.2,vm_fail,100,10,303,20000,4000,2.1840598583221436,0.015183178216340744,0.00746251234203694,0.010409660858865978,1.002478158104384,1.0,0.010657793209876544,24.75,0.00963766139219112,0.2,,0.015183178216340744,0.05159998247577159,0,vm_fail,0.02214112137450231,0.0431493866493633,7,vm_fail,0.013035662547042307,0.013035662547042305,0,vm_fail,0.010461924381419286,0.012956892095941207,1,vm_fail,0.004245543564001661,0.0042455435640016605,0,vm_fail,0.004799153917513986,0.004799153917513988,0,vm_fail,0.0031633891062588016,0.003163389106258802,0,vm_fail,0.001786406513467717,0.0017864065134677173,0,vm_fail,6.689733208944167e-05,0.0001408524773388425,0,GA continue|n100 m10 vm_fail lam=0.2|303
h10_elite_migration,GA continue,n100 m10 vm_fail lam=0.2,vm_fail,100,10,304,20000,4000,2.145883798599243,0.014925746594301471,0.006249670315318078,0.007147278089994461,1.001368078698303,0.375,0.004395947373475463,13.875,0.007132375954913654,0.2,,0.014925746594301471,0.045784041999774636,0,vm_fail,0.023506012137968112,0.02350601213796812,0,vm_fail,0.005438145868263175,0.008016192396130498,1,vm_fail,0.009436395821306287,0.009436395821306289,0,vm_fail,0.004113180433624224,0.006344543056809891,1,vm_fail,0.002245004741646761,0.00449724070735838,1,vm_fail,0.0026508551859744994,0.0026508551859744994,0,vm_fail,0.0025508943168305754,0.0025508943168305754,0,vm_fail,5.687401693098859e-05,0.00017609109757743403,0,GA continue|n100 m10 vm_fail lam=0.2|304
h10_elite_migration,GA continue,n100 m10 vm_fail lam=0.2,vm_fail,100,10,305,20000,4000,2.103234052658081,0.012517337425278385,0.005301082265556724,0.005979220540688503,1.0011979249196457,0.25,0.0030560524746571257,17.625,0.005919657472611427,0.2,,0.012517337425278385,0.048858146460174175,0,vm_fail,0.016869149991468213,0.019233961968192718,1,vm_fail,0.008696364675342166,0.008696364675342164,0,vm_fail,0.007677975088130959,0.010261764767844081,1,vm_fail,0.003503589117053242,0.0035035891170532426,0,vm_fail,0.0027576490846351162,0.0027576490846351162,0,vm_fail,0.0012582843407259675,0.001716477221069719,0,vm_fail,0.0014504578750723506,0.0014504578750723508,0,vm_fail,0.00019518795202577667,0.00021349961629863452,0,GA continue|n100 m10 vm_fail lam=0.2|305
h10_elite_migration,GA continue,n100 m10 vm_fail lam=0.2,vm_fail,100,10,306,20000,4000,2.05110239982605,0.014569156915683546,0.005844528165369489,0.008918013639568616,1.0009014775555658,1.25,0.014519060110145383,19.25,0.008766202200984482,0.2,,0.014569156915683546,0.027101664553981566,0,vm_fail,0.014309521177360241,0.014309521177360241,0,vm_fail,0.015011450614524106,0.020210331122768734,2,vm_fail,0.003812183263957706,0.013149971015250346,4,vm_fail,0.006446411263083365,0.01141651699771581,2,vm_fail,0.004495595490407486,0.004495595490407487,0,vm_fail,0.001657337099862377,0.006109147486972893,2,vm_fail,0.0008125422140655743,0.0012049086714218766,0,vm_fail,0.0002111841996950556,0.00044811715465153685,0,GA continue|n100 m10 vm_fail lam=0.2|306
h10_elite_migration,GA continue,n100 m10 vm_fail lam=0.2,vm_fail,100,10,307,20000,4000,2.1274361610412598,0.011931567065867007,0.005600750502904895,0.008368035791897743,1.0015037439196894,0.875,0.00902061855670103,16.25,0.007428978530831999,0.2,,0.011931567065867007,0.05040881819828238,0,vm_fail,0.013360678336739918,0.03280546685295584,7,vm_fail,0.008021370650671147,0.008021370650671147,0,vm_fail,0.007658830259244141,0.007658830259244141,0,vm_fail,0.00855014140591781,0.008855427291711963,0,vm_fail,0.00410163429088818,0.00410163429088818,0,vm_fail,0.0016109236531924576,0.0031956966594357612,0,vm_fail,0.0010549919454539978,0.0017380799493445299,0,vm_fail,0.0004474334811315121,0.0005677803809303717,0,GA continue|n100 m10 vm_fail lam=0.2|307
h10_elite_migration,GA continue,n100 m10 vm_fail lam=0.2,vm_fail,100,10,308,20000,4000,2.149390935897827,0.017129267264258397,0.007915509425562963,0.00872560973559418,1.0036131498821816,0.375,0.003936015239802779,13.625,0.008717381539657877,0.2,,0.017129267264258397,0.05953833328136455,0,vm_fail,0.025815115510597987,0.03004528093538396,2,vm_fail,0.008069894040864434,0.008069894040864434,0,vm_fail,0.012113961714799898,0.012113961714799898,0,vm_fail,0.005013284467732805,0.007198095955706156,1,vm_fail,0.0070471688808943014,0.007047168880894301,0,vm_fail,0.0042720037689503625,0.0042720037689503625,0,vm_fail,0.0009520979830995208,0.0010179235505899341,0,vm_fail,4.054903756439451e-05,4.054903756439451e-05,0,GA continue|n100 m10 vm_fail lam=0.2|308
h10_elite_migration,GA continue,n100 m10 vm_fail lam=0.2,vm_fail,100,10,309,20000,4000,2.0330824851989746,0.0121631558151105,0.006322506227707153,0.008302026615597924,1.0018372100042263,0.875,0.009786821705426357,21.25,0.008300617736474957,0.2,,0.0121631558151105,0.035984273028589454,0,vm_fail,0.011265405394806836,0.024748944133404338,6,vm_fail,0.009805148135983875,0.009805148135983875,0,vm_fail,0.014481095993767588,0.014481095993767585,0,vm_fail,0.006781932564343098,0.00912328589588803,1,vm_fail,0.0024372514676276524,0.0024372514676276524,0,vm_fail,0.004649306597393908,0.004649306597393909,0,vm_fail,0.0009861394588909502,0.0009861394588909502,0,vm_fail,0.00017377020884331784,0.0001850412418270455,0,GA continue|n100 m10 vm_fail lam=0.2|309
h10_elite_migration,GA continue,n100 m10 vm_fail lam=0.2,vm_fail,100,10,310,20000,4000,2.124366521835327,0.010962395995608108,0.005832239319869278,0.00730296434882422,1.000938159702092,0.625,0.007237554112554112,19.0,0.007297441284163059,0.2,,0.010962395995608108,0.042622125564483526,0,vm_fail,0.017071769361480242,0.024044452968048607,3,vm_fail,0.007201998195172692,0.007201998195172692,0,vm_fail,0.0052774484277909525,0.010064483896494782,2,vm_fail,0.006313131124509875,0.006313131124509876,0,vm_fail,0.00837658074623361,0.008376580746233611,0,vm_fail,0.0019032705132982185,0.001903270513298219,0,vm_fail,0.0003817616115190433,0.00038784276788637304,0,vm_fail,0.00013195457894959577,0.00013195457894959575,0,GA continue|n100 m10 vm_fail lam=0.2|310
h10_elite_migration,QI-MRFO+CXM continue,n100 m10 vm_fail lam=0.2,vm_fail,100,10,301,20000,4000,6.544720411300659,0.0008034395373276679,0.0021954050819282347,0.03488753130067771,0.9983478234674908,11.875,0.13475313122196197,17.0,0.029239519727102776,0.2,,0.0008034395373276679,0.012424251864251949,0,vm_fail,0.0073617122063013496,0.0650966772560103,25,vm_fail,0.0032673955688942297,0.05668270890566668,20,vm_fail,0.0023040647565773717,0.050595529899216375,19,vm_fail,0.0027901054175914664,0.046377224680810285,13,vm_fail,0.00028230356519623673,0.03231548879087938,12,vm_fail,0.000647876194071154,0.015178348538308494,5,vm_fail,0.0008521645893342354,0.003397519137260593,1,vm_fail,5.761835745983368e-05,0.00945675319726961,0,QI-MRFO+CXM continue|n100 m10 vm_fail lam=0.2|301
h10_elite_migration,QI-MRFO+CXM continue,n100 m10 vm_fail lam=0.2,vm_fail,100,10,302,20000,4000,6.379629850387573,0.0005247079719280449,0.0030737746524633082,0.031597246254762935,0.9991496119892542,9.75,0.11316794444361933,16.75,0.02579073009651188,0.2,,0.0005247079719280449,0.0052725963407204745,0,vm_fail,0.006168617081394547,0.065224431516133,23,vm_fail,0.0062335893885887865,0.022956839981110234,7,vm_fail,0.006733729257761737,0.03092336263271906,9,vm_fail,0.000654410735992685,0.05136759842851942,19,vm_fail,0.002260064082462339,0.037262468299648396,13,vm_fail,0.0013665463820977139,0.027040461725333233,5,vm_fail,0.0011312894551291502,0.013324906194609163,2,vm_fail,4.1950836279505345e-05,0.004677901260030975,0,QI-MRFO+CXM continue|n100 m10 vm_fail lam=0.2|302
h10_elite_migration,QI-MRFO+CXM continue,n100 m10 vm_fail lam=0.2,vm_fail,100,10,303,20000,4000,6.869300365447998,0.0005958956312608322,0.004093607021306053,0.030883103112737245,0.9991316248956813,9.0,0.1110708440666016,23.25,0.026411645002669393,0.2,,0.0005958956312608322,0.02378195724463283,0,vm_fail,0.00799684446896928,0.03913207882885739,13,vm_fail,0.015017545702335539,0.03794284397739321,10,vm_fail,0.003930311219258279,0.04436107553191136,14,vm_fail,0.002972260093455302,0.04099266554110896,14,vm_fail,0.0008007612839745441,0.036861729773330944,10,vm_fail,0.0019038954315882676,0.030168962316559824,6,vm_fail,0.00010736087998267356,0.015873676243871995,5,vm_fail,1.987709088454343e-05,0.0017317926888642523,0,QI-MRFO+CXM continue|n100 m10 vm_fail lam=0.2|303
h10_elite_migration,QI-MRFO+CXM continue,n100 m10 vm_fail lam=0.2,vm_fail,100,10,304,20000,4000,6.707398176193237,0.0007500681960792569,0.002354676958374167,0.03821969892953167,0.9975062937402455,12.375,0.14288477439168437,13.625,0.031034026061344155,0.2,,0.0007500681960792569,0.019402401875970005,0,vm_fail,0.005520175247196415,0.07015063711080624,24,vm_fail,0.004797999626848764,0.07639548204857521,24,vm_fail,0.0038361662666227623,0.051401973573922836,18,vm_fail,0.0012792903500320287,0.03759726247919179,15,vm_fail,0.0014633980875545167,0.024157114727430675,7,vm_fail,0.0014426879621284292,0.017884213056971077,5,vm_fail,0.00031464592732425293,0.02617266851030845,6,vm_fail,0.00018305219928616568,0.0019982399290470747,0,QI-MRFO+CXM continue|n100 m10 vm_fail lam=0.2|304
h10_elite_migration,QI-MRFO+CXM continue,n100 m10 vm_fail lam=0.2,vm_fail,100,10,305,20000,4000,6.231437921524048,0.0010851257043272605,0.00289149125286527,0.030730602812700583,0.9988037857590151,9.375,0.11526748590411004,17.75,0.02603252655444175,0.2,,0.0010851257043272605,0.009438774742326688,0,vm_fail,0.008339742815310693,0.049156967917472816,14,vm_fail,0.007257777245971598,0.028883146786717228,9,vm_fail,0.004718190518943229,0.06697840636989821,20,vm_fail,0.001341337506776231,0.023895541222705086,10,vm_fail,0.00023835611716864003,0.042642296038356335,13,vm_fail,0.000641282872938898,0.011943657164703213,4,vm_fail,0.0004123248579216217,0.018379184744491184,4,vm_fail,0.00018291808789124668,0.003965622257260596,1,QI-MRFO+CXM continue|n100 m10 vm_fail lam=0.2|305
h10_elite_migration,QI-MRFO+CXM continue,n100 m10 vm_fail lam=0.2,vm_fail,100,10,306,20000,4000,6.322474718093872,0.0003620227974819096,0.0027684095782488666,0.030953719190635092,0.9978454613012822,10.125,0.1190301420023326,19.75,0.026674858515110894,0.2,,0.0003620227974819096,0.004717346629877374,0,vm_fail,0.004817878354003901,0.06379990551854087,24,vm_fail,0.008347208097350598,0.05004389379272665,15,vm_fail,0.0028553393296203156,0.04487853622942197,15,vm_fail,0.003868936269261651,0.04091527796213501,13,vm_fail,0.000977416200711302,0.02284033556769789,7,vm_fail,0.0011574238840211019,0.012195495907975534,4,vm_fail,6.775948907250671e-05,0.011782204913156574,3,vm_fail,5.5315001949557955e-05,0.001174103633426246,0,QI-MRFO+CXM continue|n100 m10 vm_fail lam=0.2|306
h10_elite_migration,QI-MRFO+CXM continue,n100 m10 vm_fail lam=0.2,vm_fail,100,10,307,20000,4000,6.627716064453125,0.0009377332923246353,0.003998249460902856,0.030169100659559998,0.9999091618312179,9.75,0.11193643343769848,16.375,0.026510765253597607,0.2,,0.0009377332923246353,0.017166833172085578,0,vm_fail,0.007945500094919136,0.05706962711805741,21,vm_fail,0.010713648808073383,0.05006573084312944,16,vm_fail,0.004755526481742557,0.02121283919868171,7,vm_fail,0.0065812737874054615,0.03279045567151138,10,vm_fail,0.0010364425255088591,0.029686940705793936,9,vm_fail,0.0005693045928646576,0.036544079045449464,12,vm_fail,0.0003671202334741217,0.008915743387667917,1,vm_fail,1.7179163234674576e-05,0.005067389306188739,2,QI-MRFO+CXM continue|n100 m10 vm_fail lam=0.2|307
h10_elite_migration,QI-MRFO+CXM continue,n100 m10 vm_fail lam=0.2,vm_fail,100,10,308,20000,4000,6.444115161895752,0.000923051587766865,0.004562796810679031,0.02240815418653394,1.000285481467197,6.5,0.07273749078825992,14.75,0.019197805260344473,0.2,,0.000923051587766865,0.011074100243266155,0,vm_fail,0.006952788843211996,0.04159595329428728,16,vm_fail,0.008993928874662709,0.0300549862195861,9,vm_fail,0.003056464201708682,0.03988331414059171,9,vm_fail,0.010542759214336804,0.02356085531258511,5,vm_fail,0.005225451794516829,0.026343247652726606,8,vm_fail,0.0006753491822156571,0.009324834475925296,3,vm_fail,0.0009842619399803717,0.007192215186878896,2,vm_fail,7.137043479919992e-05,0.0013098272096905058,0,QI-MRFO+CXM continue|n100 m10 vm_fail lam=0.2|308
h10_elite_migration,QI-MRFO+CXM continue,n100 m10 vm_fail lam=0.2,vm_fail,100,10,309,20000,4000,6.340176105499268,0.00021540392440112327,0.002131629385402166,0.0342293986005338,0.997670240253159,10.75,0.1267642536083189,20.875,0.02755306304182241,0.2,,0.00021540392440112327,0.0029424141129715453,0,vm_fail,0.0018723738431423369,0.06270326135328412,23,vm_fail,0.0024028057709501163,0.05283175125457809,15,vm_fail,0.005175587643542582,0.047126653312707614,16,vm_fail,0.0026907176820311312,0.05026811837101409,16,vm_fail,0.0018307711123923295,0.025016790057817765,9,vm_fail,0.0007345476708055105,0.01708091470104626,4,vm_fail,0.0023422321158059044,0.017816194507194176,3,vm_fail,3.999244547416358e-06,0.0009915052466282234,0,QI-MRFO+CXM continue|n100 m10 vm_fail lam=0.2|309
h10_elite_migration,QI-MRFO+CXM continue,n100 m10 vm_fail lam=0.2,vm_fail,100,10,310,20000,4000,6.364238739013672,0.0006800415209223151,0.0030008214921578465,0.036395120652272586,0.998126584444979,11.0,0.12892042829100264,18.625,0.028898104784857253,0.2,,0.0006800415209223151,0.01033210185158088,0,vm_fail,0.006981111263299518,0.07236007771899236,24,vm_fail,0.006732759404655411,0.06643492060319925,18,vm_fail,0.0027973350455759074,0.048419460672050635,16,vm_fail,0.002051560699047676,0.03844139499555202,14,vm_fail,0.001458472488449815,0.0208036445958642,8,vm_fail,0.0008715467828618253,0.017018190966923724,6,vm_fail,0.00311065196154738,0.015769423502876204,2,vm_fail,3.134291825235873e-06,0.011913852162722312,0,QI-MRFO+CXM continue|n100 m10 vm_fail lam=0.2|310
h10_elite_migration,QI-MRFO+CXM continue+elite,n100 m10 vm_fail lam=0.2,vm_fail,100,10,301,20000,4000,6.705107688903809,0.0008034395373276679,0.004857270828714795,0.007751346890329664,1.0009986241877133,1.0,0.011483963872969868,17.0,0.007169594108392705,0.2,,0.0008034395373276679,0.012424251864251949,0,vm_fail,0.008364469663685446,0.013283217075736329,2,vm_fail,0.007432258378770309,0.01334844618272597,1,vm_fail,0.008572641559610336,0.012872554903541278,2,vm_fail,0.005708928805554951,0.011231666905099746,2,vm_fail,0.004361334276762087,0.004393091480779977,0,vm_fail,0.0020747736807862835,0.004421371404897357,1,vm_fail,0.00232635194749359,0.0023263519474935905,0,vm_fail,1.7408317055353448e-05,0.00013407522236306575,0,QI-MRFO+CXM continue+elite|n100 m10 vm_fail lam=0.2|301
h10_elite_migration,QI-MRFO+CXM continue+elite,n100 m10 vm_fail lam=0.2,vm_fail,100,10,302,20000,4000,6.721353769302368,0.0005247079719280449,0.005044374701236429,0.008446121608123192,1.0011082300305603,1.25,0.01407581081903371,16.75,0.007885256549600407,0.2,,0.0005247079719280449,0.0052725963407204745,0,vm_fail,0.011829317169527988,0.021469396298694127,4,vm_fail,0.011320864027933758,0.01553621686529618,2,vm_fail,0.005785243744679958,0.011458807943142805,2,vm_fail,0.00525717191366642,0.012365135381028344,2,vm_fail,0.0018429873880249287,0.0018429873880249287,0,vm_fail,0.003530553149005508,0.003687160040054008,0,vm_fail,0.0007581424718753398,0.0010629768288704866,0,vm_fail,3.0717745177528614e-05,0.00014629211987465167,0,QI-MRFO+CXM continue+elite|n100 m10 vm_fail lam=0.2|302
h10_elite_migration,QI-MRFO+CXM continue+elite,n100 m10 vm_fail lam=0.2,vm_fail,100,10,303,20000,4000,6.647790431976318,0.0005958956312608322,0.005514140401656849,0.009582430859376797,1.0005435197340502,1.375,0.015505587193447109,23.625,0.008643474199793368,0.2,,0.0005958956312608322,0.02378195724463283,0,vm_fail,0.01607032080940966,0.023781173043618254,3,vm_fail,0.008374946752684494,0.019655704577384938,5,vm_fail,0.006643871714022109,0.011789478394045882,2,vm_fail,0.007597744628917772,0.00821429138585697,0,vm_fail,0.0013441180018849968,0.00841114512032432,1,vm_fail,0.003100602835217413,0.0034373445925757343,0,vm_fail,0.0009535533833585691,0.001269261504578667,0,vm_fail,2.7965087759775003e-05,0.00010104825662960204,0,QI-MRFO+CXM continue+elite|n100 m10 vm_fail lam=0.2|303
h10_elite_migration,QI-MRFO+CXM continue+elite,n100 m10 vm_fail lam=0.2,vm_fail,100,10,304,20000,4000,6.823368310928345,0.0007500681960792569,0.0051413181070209145,0.011189345022350524,1.0002755951423628,2.125,0.024022729721259132,12.5,0.009989605759398244,0.2,,0.0007500681960792569,0.019402401875970005,0,vm_fail,0.01175722222463227,0.02942063996127089,6,vm_fail,0.010148329350295658,0.022274661925106604,5,vm_fail,0.006170885743655936,0.015360114113704602,3,vm_fail,0.005014056142383642,0.013348333391149002,3,vm_fail,0.003814864737438135,0.004296839228335336,0,vm_fail,0.0016675053390525535,0.002079108686915961,0,vm_fail,0.0024210121345529024,0.002481047111795623,0,vm_fail,0.00013666918415621907,0.00025401576052617775,0,QI-MRFO+CXM continue+elite|n100 m10 vm_fail lam=0.2|304
h10_elite_migration,QI-MRFO+CXM continue+elite,n100 m10 vm_fail lam=0.2,vm_fail,100,10,305,20000,4000,6.575048923492432,0.0010851257043272605,0.0030837966878084627,0.008381288931276891,0.9989939110339056,2.0,0.023593207118469673,18.125,0.007824513887546174,0.2,,0.0010851257043272605,0.009438774742326688,0,vm_fail,0.011184685599516795,0.019818865154627024,3,vm_fail,0.0042662441773415015,0.017937862926461035,6,vm_fail,0.002914262773761863,0.008171103193831184,2,vm_fail,0.004395563398647702,0.008683592740436499,2,vm_fail,0.001309655300879855,0.007711849557141677,2,vm_fail,0.0002753125938003803,0.0034889198662879143,1,vm_fail,0.00015482354241810732,0.0005565191114103173,0,vm_fail,0.00016982611610149765,0.000681598900019481,0,QI-MRFO+CXM continue+elite|n100 m10 vm_fail lam=0.2|305
h10_elite_migration,QI-MRFO+CXM continue+elite,n100 m10 vm_fail lam=0.2,vm_fail,100,10,306,20000,4000,6.445028305053711,0.0003620227974819096,0.004840681104779059,0.009479124073942139,0.9999056220422524,1.875,0.021228985020524456,20.25,0.0091321602560253,0.2,,0.0003620227974819096,0.004717346629877374,0,vm_fail,0.013385119797450147,0.03340658371088493,9,vm_fail,0.0065308044845541835,0.013772799338776908,3,vm_fail,0.008386440716153166,0.013288915485048632,2,vm_fail,0.00676877743634253,0.010121153653591954,1,vm_fail,0.0025459931313699417,0.0026011083441604076,0,vm_fail,0.0005547090639922244,0.0018998102312911267,0,vm_fail,0.0005329651131033019,0.0005509775134976898,0,vm_fail,2.063909526697867e-05,0.00019164431428545596,0,QI-MRFO+CXM continue+elite|n100 m10 vm_fail lam=0.2|306
h10_elite_migration,QI-MRFO+CXM continue+elite,n100 m10 vm_fail lam=0.2,vm_fail,100,10,307,20000,4000,6.739675521850586,0.0009377332923246353,0.005075774012958586,0.008049425418629956,1.0009818941079658,1.25,0.013238313559102363,16.0,0.007742982822873584,0.2,,0.0009377332923246353,0.017166833172085578,0,vm_fail,0.020267977950632406,0.022494289193999577,1,vm_fail,0.007188894683903914,0.007188894683903914,0,vm_fail,0.00741537042360187,0.022563173484547443,7,vm_fail,0.0021198121502513444,0.004518504684647811,1,vm_fail,0.0008363676593373514,0.00428324895223858,1,vm_fail,0.002020758086685741,0.0021945620866777836,0,vm_fail,0.00019537671748088323,0.0005910958312493672,0,vm_fail,0.0005616344317751764,0.0005616344317751764,0,QI-MRFO+CXM continue+elite|n100 m10 vm_fail lam=0.2|307
h10_elite_migration,QI-MRFO+CXM continue+elite,n100 m10 vm_fail lam=0.2,vm_fail,100,10,308,20000,4000,6.410656213760376,0.000923051587766865,0.004367399450915724,0.009685772830725352,1.0000889628944982,2.0,0.022203675703013768,14.875,0.008839573140832772,0.2,,0.000923051587766865,0.011074100243266155,0,vm_fail,0.011288480309237533,0.025332762881322943,6,vm_fail,0.006504978233044597,0.01804183227020267,5,vm_fail,0.0036170796117939107,0.014047736144597096,4,vm_fail,0.008949235170979512,0.009413850932997195,0,vm_fail,0.0021103716348045603,0.005724620689320707,1,vm_fail,0.0016481257786285905,0.0035259551153009336,0,vm_fail,0.0007272279177981376,0.001068364724089783,0,vm_fail,9.369695103894927e-05,0.00033105988797147703,0,QI-MRFO+CXM continue+elite|n100 m10 vm_fail lam=0.2|308
h10_elite_migration,QI-MRFO+CXM continue+elite,n100 m10 vm_fail lam=0.2,vm_fail,100,10,309,20000,4000,6.5441203117370605,0.00021540392440112327,0.0031987498365887226,0.007383196898069845,0.9987273011287254,1.625,0.01887164877926038,20.5,0.0069902482623528045,0.2,,0.00021540392440112327,0.0029424141129715453,0,vm_fail,0.010322883803698724,0.01745241672825509,3,vm_fail,0.0030659328879547674,0.007860943906167478,2,vm_fail,0.005833932131869548,0.010643862324587222,2,vm_fail,0.001934259551344648,0.014762322531518752,5,vm_fail,0.0029327146124069467,0.003467295112992301,0,vm_fail,0.0010904260749393427,0.004270289357073072,1,vm_fail,0.00040857171030912986,0.0005910807563767221,0,vm_fail,1.2779201866773416e-06,1.7364467588117878e-05,0,QI-MRFO+CXM continue+elite|n100 m10 vm_fail lam=0.2|309
h10_elite_migration,QI-MRFO+CXM continue+elite,n100 m10 vm_fail lam=0.2,vm_fail,100,10,310,20000,4000,6.426455020904541,0.0006800415209223151,0.006148944221947953,0.009771210383233808,1.0012538802325657,1.375,0.015776374788002694,18.375,0.009323516556835783,0.2,,0.0006800415209223151,0.01033210185158088,0,vm_fail,0.00831300682119228,0.016078984065258255,3,vm_fail,0.018427180969104246,0.018427180969104246,0,vm_fail,0.011463919288577892,0.01389339278955663,1,vm_fail,0.005432084292387673,0.018923698215501703,5,vm_fail,0.0025555576385329903,0.0049938850733591495,1,vm_fail,0.0009938578689568812,0.0033702362017907464,1,vm_fail,0.0018109285894792214,0.001926628575343979,0,vm_fail,0.0001950183073524383,0.0005556771759557568,0,QI-MRFO+CXM continue+elite|n100 m10 vm_fail lam=0.2|310
h10_elite_migration,(1+1)-EA+CXM continue,n100 m10 vm_fail lam=1.0,vm_fail,100,10,301,20000,4000,1.4290449619293213,0.0007944499825693696,0.005580734325690035,0.006209100969778374,1.0017149718891252,0.0,0.0,17.25,0.005580734325690035,1.0,,0.0007944499825693696,0.01980602025392085,0,vm_fail,0.013606613962640937,0.013606613962640937,0,vm_fail,0.0095361187696122,0.0095361187696122,0,vm_fail,0.009883947249561013,0.013196660359537968,0,vm_fail,0.005508024815588987,0.005760978455117,0,vm_fail,0.0010864687700162148,0.0011654145219636418,0,vm_fail,0.004215883378145008,0.004215883378145007,0,vm_fail,0.0007337917651974591,0.0018555209720455832,0,vm_fail,7.502589475846232e-05,0.0003356173391646579,0,(1+1)-EA+CXM continue|n100 m10 vm_fail lam=1.0|301
h10_elite_migration,(1+1)-EA+CXM continue,n100 m10 vm_fail lam=1.0,vm_fail,100,10,302,20000,4000,1.499903917312622,0.0005847501359411637,0.009773006548501193,0.013403852528170241,1.0058116274905458,0.25,0.002577319587628866,17.0,0.012399566916333324,1.0,,0.0005847501359411637,0.009146323098066275,0,vm_fail,0.01603202307861356,0.01603202307861356,0,vm_fail,0.0191054227188709,0.04023983896420801,2,vm_fail,0.027886521607297213,0.029079549126854405,0,vm_fail,0.007758198067686147,0.013942200177714957,0,vm_fail,0.005577336558301861,0.00557733655830186,0,vm_fail,0.0006655455200177126,0.0008265976331107101,0,vm_fail,0.001104460287023367,0.0014197507987312576,0,vm_fail,5.454455019877699e-05,0.00011352388782716784,0,(1+1)-EA+CXM continue|n100 m10 vm_fail lam=1.0|302
h10_elite_migration,(1+1)-EA+CXM continue,n100 m10 vm_fail lam=1.0,vm_fail,100,10,303,20000,4000,1.5297398567199707,0.0010572604081618454,0.006538204946412941,0.011844555636621297,1.0015554352906832,0.375,0.0039339539007092195,23.75,0.010559497463508163,1.0,,0.0010572604081618454,0.025301005100177666,0,vm_fail,0.027354659160285528,0.04877288576765104,2,vm_fail,0.012109098666716462,0.024834036739438976,1,vm_fail,0.0081005979278073,0.011110704161621694,0,vm_fail,0.001299563510020184,0.0019800153210755237,0,vm_fail,0.002231246531086816,0.0028240208617439705,0,vm_fail,0.0005924697121450471,0.0015902743638117533,0,vm_fail,0.0005988534774666413,0.0036204699281173532,0,vm_fail,1.915058577554753e-05,2.4037949510062834e-05,0,(1+1)-EA+CXM continue|n100 m10 vm_fail lam=1.0|303
h10_elite_migration,(1+1)-EA+CXM continue,n100 m10 vm_fail lam=1.0,vm_fail,100,10,304,20000,4000,1.440892219543457,0.0006037870269129456,0.008337403598289158,0.009320092141058176,1.0034398836739726,0.0,0.0,13.0,0.008337403598289158,1.0,,0.0006037870269129456,0.009703738369008846,0,vm_fail,0.03433636098134887,0.03433636098134887,0,vm_fail,0.008149928709616453,0.012816194709756317,0,vm_fail,0.008600974616929897,0.009319960579338381,0,vm_fail,0.007578969209346543,0.007578969209346544,0,vm_fail,0.0065661115680688085,0.00798540913403998,0,vm_fail,0.0012745003396556155,0.0019118397374885518,0,vm_fail,0.00017678862568721248,0.00036573752534953377,0,vm_fail,1.5594735659860845e-05,0.0002462652517972277,0,(1+1)-EA+CXM continue|n100 m10 vm_fail lam=1.0|304
h10_elite_migration,(1+1)-EA+CXM continue,n100 m10 vm_fail lam=1.0,vm_fail,100,10,305,20000,4000,1.3966140747070312,0.0006357534804457774,0.005540721464339695,0.00819788267935302,1.0014365534858811,0.125,0.0013736263736263737,17.5,0.006919832726199936,1.0,,0.0006357534804457774,0.023400173272238315,0,vm_fail,0.017157474003009765,0.0210258458748909,0,vm_fail,0.003992998634258229,0.01611803686220321,1,vm_fail,0.006984078445613125,0.009533670908396937,0,vm_fail,0.011614239973739237,0.011614239973739235,0,vm_fail,0.002083279382691352,0.004217261930275124,0,vm_fail,0.0015230533902241925,0.0017438435692402666,0,vm_fail,0.0007147020031507706,0.0007542429569208742,0,vm_fail,0.00025594588203089216,0.0005759193591576106,0,(1+1)-EA+CXM continue|n100 m10 vm_fail lam=1.0|305
h10_elite_migration,(1+1)-EA+CXM continue,n100 m10 vm_fail lam=1.0,vm_fail,100,10,306,20000,4000,1.4265758991241455,0.00022357229419423736,0.005957647396954992,0.009445616107752169,1.0010174731535357,0.25,0.0028089887640449437,20.25,0.008826747509764938,1.0,,0.00022357229419423736,0.006291693778161626,0,vm_fail,0.021399640160335364,0.0443862265654291,2,vm_fail,0.005969716937034564,0.007168716579395675,0,vm_fail,0.009596025381833653,0.009596025381833654,0,vm_fail,0.0029564316476555354,0.005844571966831158,0,vm_fail,0.003828064116415475,0.003828064116415475,0,vm_fail,0.0027166499159348256,0.0027166499159348256,0,vm_fail,0.001117767114875229,0.001881432637427794,0,vm_fail,7.688390155528843e-05,0.00014324169874967269,0,(1+1)-EA+CXM continue|n100 m10 vm_fail lam=1.0|306
h10_elite_migration,(1+1)-EA+CXM continue,n100 m10 vm_fail lam=1.0,vm_fail,100,10,307,20000,4000,1.3954625129699707,0.0003651439638693392,0.005993248196978404,0.0077154493622498595,1.0018940537488517,0.125,0.0013440860215053765,17.25,0.007355812048202215,1.0,,0.0003651439638693392,0.024446273730850863,0,vm_fail,0.013747505310519862,0.024652279863413316,1,vm_fail,0.012207390111024712,0.0127835925186567,0,vm_fail,0.007448646637567394,0.007448646637567393,0,vm_fail,0.009931982033027777,0.009931982033027776,0,vm_fail,0.003514040593257263,0.004831685777628271,0,vm_fail,0.0006620601816816846,0.0011513309526114458,0,vm_fail,0.00031678028803748597,0.0006523286231752839,0,vm_fail,0.00011758042071104673,0.0002717484919186972,0,(1+1)-EA+CXM continue|n100 m10 vm_fail lam=1.0|307
h10_elite_migration,(1+1)-EA+CXM continue,n100 m10 vm_fail lam=1.0,vm_fail,100,10,308,20000,4000,1.5038630962371826,0.0007917903286255392,0.004538298905261312,0.009685584907551245,1.0002578586152142,0.375,0.00402098181961472,14.75,0.008593994495073807,1.0,,0.0007917903286255392,0.01198700297164036,0,vm_fail,0.014665303302261505,0.027772086031868808,1,vm_fail,0.005577968903221331,0.01888938185745993,1,vm_fail,0.0038403986763116665,0.005022612228037497,0,vm_fail,0.006000709767692015,0.017178092825175986,1,vm_fail,0.002826965425625781,0.005115419907204296,0,vm_fail,0.0031366584938876804,0.0031366584938876804,0,vm_fail,0.00024376797889250204,0.0003244829934077308,0,vm_fail,1.4618694198014244e-05,4.594492336804659e-05,0,(1+1)-EA+CXM continue|n100 m10 vm_fail lam=1.0|308
h10_elite_migration,(1+1)-EA+CXM continue,n100 m10 vm_fail lam=1.0,vm_fail,100,10,309,20000,4000,1.4388575553894043,0.0005400188734899088,0.008036751514530975,0.009977935167158471,1.0035316885698862,0.125,0.0014534883720930232,20.125,0.00949401949676467,1.0,,0.0005400188734899088,0.007028549691646947,0,vm_fail,0.021197430756476614,0.021197430756476614,0,vm_fail,0.021980973896134466,0.02198097389613447,0,vm_fail,0.008972427165557304,0.011500084168915542,0,vm_fail,0.002600371776782345,0.014501929088517723,1,vm_fail,0.006693281271026852,0.0066932812710268534,0,vm_fail,0.001876962658914857,0.0023428932558823556,0,vm_fail,0.000890012933400482,0.0014111205099233165,0,vm_fail,8.255165795489023e-05,0.00019576839039091092,0,(1+1)-EA+CXM continue|n100 m10 vm_fail lam=1.0|309
h10_elite_migration,(1+1)-EA+CXM continue,n100 m10 vm_fail lam=1.0,vm_fail,100,10,310,20000,4000,1.5382106304168701,0.0007771588942188509,0.007369273980784529,0.009053060671497692,1.0024568005907029,0.125,0.0015060240963855422,18.5,0.008878767245317372,1.0,,0.0007771588942188509,0.0152880908355526,0,vm_fail,0.03382476131255978,0.033824761312559785,0,vm_fail,0.00941318687870014,0.009678578843425597,0,vm_fail,0.0023035276498090634,0.014559561702435648,1,vm_fail,0.003684984273040547,0.0036849842730405477,0,vm_fail,0.004141985649724647,0.004141985649724647,0,vm_fail,0.0045695533410501366,0.004789731561274026,0,vm_fail,0.0009887394160966714,0.0013557308530076245,0,vm_fail,2.745332529524845e-05,0.00038915117651365554,0,(1+1)-EA+CXM continue|n100 m10 vm_fail lam=1.0|310
h10_elite_migration,Chooser (cheaper of the two),n100 m10 vm_fail lam=1.0,vm_fail,100,10,301,20000,4000,0.0231325626373291,0.0064713761837668785,0.010371344734479114,0.010371344734479114,1.006472655201876,0.0,0.0,17.875,0.010371344734479114,1.0,,0.0064713761837668785,0.0064713761837668785,0,vm_fail,0.02959279066989431,0.02959279066989431,0,vm_fail,0.012178748567956327,0.012178748567956327,0,vm_fail,0.0262493517322694,0.0262493517322694,0,vm_fail,0.005250339893515589,0.005250339893515589,0,vm_fail,0.0020508708133074195,0.0020508708133074195,0,vm_fail,0.005147303939733404,0.005147303939733404,0,vm_fail,0.0014112486939934262,0.0014112486939934262,0,vm_fail,0.0010901035651630301,0.0010901035651630301,0,Chooser (cheaper of the two)|n100 m10 vm_fail lam=1.0|301
h10_elite_migration,Chooser (cheaper of the two),n100 m10 vm_fail lam=1.0,vm_fail,100,10,302,20000,4000,0.022241592407226562,0.01058388271372133,0.01186434517868833,0.01186434517868833,1.0078892204924026,0.0,0.0,17.125,0.01186434517868833,1.0,,0.01058388271372133,0.01058388271372133,0,vm_fail,0.01790345079901912,0.01790345079901912,0,vm_fail,0.04301739660057231,0.04301739660057231,0,vm_fail,0.013497706954592487,0.013497706954592487,0,vm_fail,0.009158314099427859,0.009158314099427859,0,vm_fail,0.004747427816884402,0.004747427816884402,0,vm_fail,0.004038238538500097,0.004038238538500097,0,vm_fail,0.002314600623938059,0.002314600623938059,0,vm_fail,0.00023762599657231264,0.00023762599657231264,0,Chooser (cheaper of the two)|n100 m10 vm_fail lam=1.0|302
h10_elite_migration,Chooser (cheaper of the two),n100 m10 vm_fail lam=1.0,vm_fail,100,10,303,20000,4000,0.022414207458496094,0.008481513833635353,0.012046105234767093,0.012046105234767093,1.007028880434299,0.0,0.0,24.625,0.012046105234767093,1.0,,0.008481513833635353,0.008481513833635353,0,vm_fail,0.03742689764925619,0.03742689764925619,0,vm_fail,0.02662947325334103,0.02662947325334103,0,vm_fail,0.012960214127353115,0.012960214127353115,0,vm_fail,0.009242483178056966,0.009242483178056966,0,vm_fail,0.005055064725130382,0.005055064725130382,0,vm_fail,0.00137306637481015,0.00137306637481015,0,vm_fail,0.0017386562033897593,0.0017386562033897593,0,vm_fail,0.0019429863667991543,0.0019429863667991543,0,Chooser (cheaper of the two)|n100 m10 vm_fail lam=1.0|303
h10_elite_migration,Chooser (cheaper of the two),n100 m10 vm_fail lam=1.0,vm_fail,100,10,304,20000,4000,0.025428295135498047,0.011182541500880099,0.007904453214578432,0.007904453214578432,1.0030167384148707,0.0,0.0,13.125,0.007904453214578432,1.0,,0.011182541500880099,0.011182541500880099,0,vm_fail,0.02380825487900691,0.02380825487900691,0,vm_fail,0.007158453247055794,0.007158453247055794,0,vm_fail,0.010394545705541911,0.010394545705541911,0,vm_fail,0.006779272466337263,0.006779272466337263,0,vm_fail,0.006941853246079547,0.006941853246079547,0,vm_fail,0.004508296892778012,0.004508296892778012,0,vm_fail,0.003584803299485529,0.003584803299485529,0,vm_fail,6.0145980342489554e-05,6.0145980342489554e-05,0,Chooser (cheaper of the two)|n100 m10 vm_fail lam=1.0|304
h10_elite_migration,Chooser (cheaper of the two),n100 m10 vm_fail lam=1.0,vm_fail,100,10,305,20000,4000,0.022429704666137695,0.008223312381346173,0.009053531388966295,0.009053531388966295,1.0049349864330592,0.0,0.0,17.375,0.009053531388966295,1.0,,0.008223312381346173,0.008223312381346173,0,vm_fail,0.016203086934787846,0.016203086934787846,0,vm_fail,0.02574605885995766,0.02574605885995766,0,vm_fail,0.006830824761469244,0.006830824761469244,0,vm_fail,0.011236263488045756,0.011236263488045756,0,vm_fail,0.004235022042056897,0.004235022042056897,0,vm_fail,0.0058898060996359445,0.0058898060996359445,0,vm_fail,0.0018015017335079896,0.0018015017335079896,0,vm_fail,0.00048568719226901863,0.00048568719226901863,0,Chooser (cheaper of the two)|n100 m10 vm_fail lam=1.0|305
h10_elite_migration,Chooser (cheaper of the two),n100 m10 vm_fail lam=1.0,vm_fail,100,10,306,20000,4000,0.02009725570678711,0.011498194450387201,0.009362131210611505,0.009362131210611505,1.004400310918533,0.0,0.0,20.0,0.009362131210611505,1.0,,0.011498194450387201,0.011498194450387201,0,vm_fail,0.0428620278083959,0.0428620278083959,0,vm_fail,0.010601164004649801,0.010601164004649801,0,vm_fail,0.006241134802701479,0.006241134802701479,0,vm_fail,0.0028646157160661964,0.0028646157160661964,0,vm_fail,0.008061647228471224,0.008061647228471224,0,vm_fail,0.0022605776212754895,0.0022605776212754895,0,vm_fail,0.0018471289552330797,0.0018471289552330797,0,vm_fail,0.00015875354809886426,0.00015875354809886426,0,Chooser (cheaper of the two)|n100 m10 vm_fail lam=1.0|306
h10_elite_migration,Chooser (cheaper of the two),n100 m10 vm_fail lam=1.0,vm_fail,100,10,307,20000,4000,0.023125886917114258,0.005184865225037136,0.011666054710822132,0.011666054710822132,1.0075382682229845,0.0,0.0,16.0,0.011666054710822132,1.0,,0.005184865225037136,0.005184865225037136,0,vm_fail,0.03725695672586037,0.03725695672586037,0,vm_fail,0.010678822449328542,0.010678822449328542,0,vm_fail,0.025373334652504066,0.025373334652504066,0,vm_fail,0.005381791617992411,0.005381791617992411,0,vm_fail,0.005303282129563032,0.005303282129563032,0,vm_fail,0.004877847210498775,0.004877847210498775,0,vm_fail,0.0026509367612499927,0.0026509367612499927,0,vm_fail,0.0018054661395798593,0.0018054661395798593,0,Chooser (cheaper of the two)|n100 m10 vm_fail lam=1.0|307
h10_elite_migration,Chooser (cheaper of the two),n100 m10 vm_fail lam=1.0,vm_fail,100,10,308,20000,4000,0.021545886993408203,0.009829057547112767,0.013722116963385284,0.013722116963385284,1.0093808882951807,0.0,0.0,13.125,0.013722116963385284,1.0,,0.009829057547112767,0.009829057547112767,0,vm_fail,0.04783636759774687,0.04783636759774687,0,vm_fail,0.02378406826889705,0.02378406826889705,0,vm_fail,0.01316910772632128,0.01316910772632128,0,vm_fail,0.01156413815285622,0.01156413815285622,0,vm_fail,0.004784044599123356,0.004784044599123356,0,vm_fail,0.00488372693459214,0.00488372693459214,0,vm_fail,0.002123716383590465,0.002123716383590465,0,vm_fail,0.0016317660439548864,0.0016317660439548864,0,Chooser (cheaper of the two)|n100 m10 vm_fail lam=1.0|308
h10_elite_migration,Chooser (cheaper of the two),n100 m10 vm_fail lam=1.0,vm_fail,100,10,309,20000,4000,0.023885488510131836,0.01350451577407029,0.008780718639092768,0.008780718639092768,1.0042746553434734,0.0,0.0,21.625,0.008780718639092768,1.0,,0.01350451577407029,0.01350451577407029,0,vm_fail,0.0225177641360711,0.0225177641360711,0,vm_fail,0.013147968155609842,0.013147968155609842,0,vm_fail,0.009196697949275658,0.009196697949275658,0,vm_fail,0.009233922559949355,0.009233922559949355,0,vm_fail,0.005031874036753873,0.005031874036753873,0,vm_fail,0.005351892229039177,0.005351892229039177,0,vm_fail,0.0040131808844549414,0.0040131808844549414,0,vm_fail,0.001752449161588192,0.001752449161588192,0,Chooser (cheaper of the two)|n100 m10 vm_fail lam=1.0|309
h10_elite_migration,Chooser (cheaper of the two),n100 m10 vm_fail lam=1.0,vm_fail,100,10,310,20000,4000,0.024506092071533203,0.004135430617277745,0.006844932981877702,0.006844932981877702,1.0019457199502395,0.0,0.0,18.5,0.006844932981877702,1.0,,0.004135430617277745,0.004135430617277745,0,vm_fail,0.019965414272303868,0.019965414272303868,0,vm_fail,0.006035764385561387,0.006035764385561387,0,vm_fail,0.007048429571346865,0.007048429571346865,0,vm_fail,0.007193646264463271,0.007193646264463271,0,vm_fail,0.0034621136164600377,0.0034621136164600377,0,vm_fail,0.005217737095016335,0.005217737095016335,0,vm_fail,0.003950552950983783,0.003950552950983783,0,vm_fail,0.0018858056988860694,0.0018858056988860694,0,Chooser (cheaper of the two)|n100 m10 vm_fail lam=1.0|310
h10_elite_migration,GA continue,n100 m10 vm_fail lam=1.0,vm_fail,100,10,301,20000,4000,2.0221354961395264,0.011938736375147578,0.006749819034233339,0.00816371476672381,1.002879391333094,0.125,0.0013297872340425532,18.0,0.008098601593042584,1.0,,0.011938736375147578,0.05744306001563476,0,vm_fail,0.014284484224547525,0.025503453331652416,1,vm_fail,0.009924381568342189,0.009924381568342187,0,vm_fail,0.012202962383767378,0.012202962383767382,0,vm_fail,0.005680200773916485,0.005680200773916487,0,vm_fail,0.004395047700089587,0.004395047700089588,0,vm_fail,0.005403855049086369,0.00540385504908637,0,vm_fail,0.0020980456269944023,0.002098045626994403,0,vm_fail,9.574947122774098e-06,0.00010177169994164493,0,GA continue|n100 m10 vm_fail lam=1.0|301
h10_elite_migration,GA continue,n100 m10 vm_fail lam=1.0,vm_fail,100,10,302,20000,4000,2.1062018871307373,0.013343169677647456,0.009663729854103825,0.011149670533377065,1.0057020400167662,0.125,0.001288659793814433,16.75,0.01098447173246374,1.0,,0.013343169677647456,0.036908306114355444,0,vm_fail,0.0220436741990468,0.022043674199046796,0,vm_fail,0.024895697607297013,0.03596471689345773,1,vm_fail,0.008085790727976905,0.008085790727976907,0,vm_fail,0.008510131712532908,0.008510131712532908,0,vm_fail,0.006391982624427132,0.006613928573807843,0,vm_fail,0.0038033021233312377,0.004387490032829289,0,vm_fail,0.00351877300885909,0.0035311452980055402,0,vm_fail,6.048682935951143e-05,6.048682935951143e-05,0,GA continue|n100 m10 vm_fail lam=1.0|302
h10_elite_migration,GA continue,n100 m10 vm_fail lam=1.0,vm_fail,100,10,303,20000,4000,2.0439453125,0.015183178216340744,0.007517847358074192,0.011037158279237493,1.0025353013617786,0.25,0.0026041666666666665,24.875,0.010175987863179416,1.0,,0.015183178216340744,0.05159998247577159,0,vm_fail,0.020725953960411422,0.04863372130653073,2,vm_fail,0.011561307825210889,0.01156130782521089,0,vm_fail,0.01545069473181404,0.015450694731814037,0,vm_fail,0.005102533554341634,0.005102533554341634,0,vm_fail,0.0027342769853521062,0.0027342769853521062,0,vm_fail,0.002551103144600867,0.002551103144600867,0,vm_fail,0.0020094971262994425,0.0022512923646744254,0,vm_fail,7.411536563128794e-06,1.2336321375247623e-05,0,GA continue|n100 m10 vm_fail lam=1.0|303
h10_elite_migration,GA continue,n100 m10 vm_fail lam=1.0,vm_fail,100,10,304,20000,4000,2.1994993686676025,0.014925746594301471,0.00998059299456792,0.010038826784692985,1.0050807214178625,0.0,0.0,13.125,0.00998059299456792,1.0,,0.014925746594301471,0.045784041999774636,0,vm_fail,0.023506012137968112,0.02350601213796812,0,vm_fail,0.011906668220586055,0.011906668220586055,0,vm_fail,0.02016425061509193,0.02016425061509193,0,vm_fail,0.007484411932205966,0.007484411932205965,0,vm_fail,0.012030981294281356,0.012030981294281354,0,vm_fail,0.0013265150982149612,0.001326515098214961,0,vm_fail,0.0032232911141637133,0.00322534253651142,0,vm_fail,0.00020261354403126164,0.0006664324426840716,0,GA continue|n100 m10 vm_fail lam=1.0|304
h10_elite_migration,GA continue,n100 m10 vm_fail lam=1.0,vm_fail,100,10,305,20000,4000,2.094867706298828,0.012517337425278385,0.007210546080528624,0.008605205159515092,1.0030971883694284,0.125,0.001358695652173913,17.375,0.00858141050101067,1.0,,0.012517337425278385,0.048858146460174175,0,vm_fail,0.0197029100453275,0.0197029100453275,0,vm_fail,0.008956213474775756,0.019923128838632113,1,vm_fail,0.011254453605409404,0.011254453605409406,0,vm_fail,0.009508818439382309,0.009508818439382309,0,vm_fail,0.005698178725676823,0.005698178725676822,0,vm_fail,0.002146270361505118,0.0021462703615051184,0,vm_fail,0.00038284699316091093,0.000573204261196286,0,vm_fail,3.467699899117288e-05,3.467699899117288e-05,0,GA continue|n100 m10 vm_fail lam=1.0|305
h10_elite_migration,GA continue,n100 m10 vm_fail lam=1.0,vm_fail,100,10,306,20000,4000,2.058427333831787,0.014569156915683546,0.009063301133607935,0.0105880862254273,1.0041004705707577,0.125,0.0014204545454545455,18.5,0.01050810001398392,1.0,,0.014569156915683546,0.027101664553981566,0,vm_fail,0.014309521177360241,0.014309521177360241,0,vm_fail,0.017138411784681378,0.028796056605336805,1,vm_fail,0.015191783080263954,0.015191783080263952,0,vm_fail,0.017213887688633914,0.017213887688633914,0,vm_fail,0.0017306858299783634,0.0017306858299783634,0,vm_fail,0.00560451627056607,0.005604516270566071,0,vm_fail,0.00129454692092591,0.001811692650079126,0,vm_fail,2.3056316453656615e-05,4.6546501199926625e-05,0,GA continue|n100 m10 vm_fail lam=1.0|306
h10_elite_migration,GA continue,n100 m10 vm_fail lam=1.0,vm_fail,100,10,307,20000,4000,2.136927604675293,0.011931567065867007,0.010495737932326488,0.010552287399425216,1.006374867810693,0.0,0.0,16.125,0.010495737932326488,1.0,,0.011931567065867007,0.05040881819828238,0,vm_fail,0.042397771877751594,0.042397771877751594,0,vm_fail,0.007608152967259047,0.007608152967259048,0,vm_fail,0.013246909473523067,0.01324690947352307,0,vm_fail,0.011588663938464472,0.01158866393846447,0,vm_fail,0.004155040632313006,0.004155040632313005,0,vm_fail,0.0036699653466767913,0.0036699653466767904,0,vm_fail,0.0009398767545952576,0.0013676795527774544,0,vm_fail,0.00035952246802867694,0.00038411540663630317,0,GA continue|n100 m10 vm_fail lam=1.0|307
h10_elite_migration,GA continue,n100 m10 vm_fail lam=1.0,vm_fail,100,10,308,20000,4000,2.21303129196167,0.017129267264258397,0.009013899072690807,0.012073288285075714,1.0047087493008053,0.25,0.0026327458153198096,13.5,0.011691982992496896,1.0,,0.017129267264258397,0.05953833328136455,0,vm_fail,0.01752491510782357,0.03023251129001184,1,vm_fail,0.016929311541623776,0.028597253615302572,1,vm_fail,0.017505917414822516,0.01750591741482252,0,vm_fail,0.0028002833594660335,0.0028002833594660344,0,vm_fail,0.007800569105013634,0.007800569105013634,0,vm_fail,0.008865430440794363,0.008865430440794363,0,vm_fail,0.0005253794896178349,0.0006229502997094704,0,vm_fail,0.00015938612236473596,0.00016139075548529162,0,GA continue|n100 m10 vm_fail lam=1.0|308
h10_elite_migration,GA continue,n100 m10 vm_fail lam=1.0,vm_fail,100,10,309,20000,4000,2.0831758975982666,0.0121631558151105,0.008476749953138043,0.008866110999059705,1.0039673609981468,0.0,0.0,20.625,0.008476749953138043,1.0,,0.0121631558151105,0.035984273028589454,0,vm_fail,0.02674762181455356,0.02674762181455356,0,vm_fail,0.014003828915155775,0.014003828915155775,0,vm_fail,0.010908848302240478,0.010908848302240478,0,vm_fail,0.010440930793621676,0.013536016334445854,0,vm_fail,0.003145146718106255,0.0031451467181062543,0,vm_fail,0.0019926008778242492,0.0019926008778242492,0,vm_fail,0.00043888841035829483,0.00043888841035829467,0,vm_fail,0.00013613379324405633,0.00015593661979317297,0,GA continue|n100 m10 vm_fail lam=1.0|309
h10_elite_migration,GA continue,n100 m10 vm_fail lam=1.0,vm_fail,100,10,310,20000,4000,2.1423280239105225,0.010962395995608108,0.008105536827365607,0.008110598738534258,1.0031952185689024,0.0,0.0,18.875,0.008105536827365607,1.0,,0.010962395995608108,0.042622125564483526,0,vm_fail,0.024320413672907524,0.02432041367290752,0,vm_fail,0.010474754409736761,0.010474754409736761,0,vm_fail,0.007441569479340739,0.00744156947934074,0,vm_fail,0.009010207483674683,0.009010207483674681,0,vm_fail,0.011012848615483378,0.011012848615483376,0,vm_fail,0.0014589057432656124,0.0014598936873512823,0,vm_fail,0.0011217494309484683,0.0011217494309484681,0,vm_fail,3.8457835676885004e-06,4.335312883124341e-05,0,GA continue|n100 m10 vm_fail lam=1.0|310
h10_elite_migration,QI-MRFO+CXM continue,n100 m10 vm_fail lam=1.0,vm_fail,100,10,301,20000,4000,6.073668956756592,0.0008034395373276679,0.010985430401922366,0.0631508150564501,1.0070969169926878,3.5,0.03961836714003973,17.5,0.05116203977996021,1.0,,0.0008034395373276679,0.012424251864251949,0,vm_fail,0.02129728982927297,0.1298311180375989,9,vm_fail,0.007230695310274216,0.08256873742201885,5,vm_fail,0.01597206093347626,0.08162776463193469,5,vm_fail,0.010866185004527112,0.0768303137902329,4,vm_fail,0.008202219899591365,0.06496751844344978,3,vm_fail,0.01400186859827415,0.043571227312293764,2,vm_fail,0.010189920610449977,0.013192054591150042,0,vm_fail,0.00012320302951287804,0.012617786222921803,0,QI-MRFO+CXM continue|n100 m10 vm_fail lam=1.0|301
h10_elite_migration,QI-MRFO+CXM continue,n100 m10 vm_fail lam=1.0,vm_fail,100,10,302,20000,4000,6.224368333816528,0.0005247079719280449,0.008581192497874342,0.06571206032809107,1.0046281427042536,3.5,0.04138985504288849,17.0,0.05029087053433068,1.0,,0.0005247079719280449,0.0052725963407204745,0,vm_fail,0.009143166173442616,0.17022844413940066,10,vm_fail,0.027402762610222776,0.04039734627115308,1,vm_fail,0.016510287839075613,0.041696125331315705,2,vm_fail,0.002981813743519396,0.08760595797447765,4,vm_fail,0.009241660354343727,0.0795652815176225,5,vm_fail,0.0029118449452768987,0.07901107527809513,5,vm_fail,0.00040828097283719905,0.02170157987737475,1,vm_fail,4.972334427651445e-05,0.005490672235289132,0,QI-MRFO+CXM continue|n100 m10 vm_fail lam=1.0|302
h10_elite_migration,QI-MRFO+CXM continue,n100 m10 vm_fail lam=1.0,vm_fail,100,10,303,20000,4000,6.273764610290527,0.0005958956312608322,0.00878249337495871,0.06240515744175715,1.0037880199893607,2.75,0.034568159944841054,23.5,0.04364546754436346,1.0,,0.0005958956312608322,0.02378195724463283,0,vm_fail,0.021875326402536203,0.06519574456318109,4,vm_fail,0.02713344078214615,0.06480045979718785,1,vm_fail,0.007719061856315178,0.09375347240722989,6,vm_fail,0.007344907866995288,0.08545175087164135,5,vm_fail,0.0006789718284631503,0.09351490360070047,3,vm_fail,0.003723082904461228,0.05024778086181935,1,vm_fail,0.0016277243604451183,0.04307958696887694,2,vm_fail,0.00015743099830736306,0.0031975604634202396,0,QI-MRFO+CXM continue|n100 m10 vm_fail lam=1.0|303
h10_elite_migration,QI-MRFO+CXM continue,n100 m10 vm_fail lam=1.0,vm_fail,100,10,304,20000,4000,6.045351982116699,0.0007500681960792569,0.00873315568873358,0.08294625081213175,1.0038501435081482,5.125,0.05800010374446822,13.125,0.06736063563949311,1.0,,0.0007500681960792569,0.019402401875970005,0,vm_fail,0.012604188670000798,0.21662281383257226,17,vm_fail,0.03439632617735716,0.09428293719002391,4,vm_fail,0.007086221522785985,0.07693842064571774,4,vm_fail,0.007934671354394544,0.0753727098964111,4,vm_fail,0.0035949885949236177,0.04762349379521809,3,vm_fail,0.0029302810595175275,0.09964525626137453,6,vm_fail,0.0012827640394864146,0.05276323849671782,3,vm_fail,3.580409140258354e-05,0.00032113637901863524,0,QI-MRFO+CXM continue|n100 m10 vm_fail lam=1.0|304
h10_elite_migration,QI-MRFO+CXM continue,n100 m10 vm_fail lam=1.0,vm_fail,100,10,305,20000,4000,6.55953574180603,0.0010851257043272605,0.006825568640299611,0.06242672719899918,1.0027160992697506,2.875,0.03557161288689376,18.625,0.0427020987398778,1.0,,0.0010851257043272605,0.009438774742326688,0,vm_fail,0.01844021593116724,0.10113897514917068,5,vm_fail,0.005997107793211929,0.05569008530517576,3,vm_fail,0.00471453757612741,0.13193044520252745,7,vm_fail,0.01564643568139973,0.05696772507850165,3,vm_fail,0.0028150340896139813,0.07929761926399903,4,vm_fail,0.005501699585155521,0.0512579392195622,1,vm_fail,0.0013775698311653446,0.011045954007648595,0,vm_fail,0.00011194863455573282,0.012085074365408082,0,QI-MRFO+CXM continue|n100 m10 vm_fail lam=1.0|305
h10_elite_migration,QI-MRFO+CXM continue,n100 m10 vm_fail lam=1.0,vm_fail,100,10,306,20000,4000,6.385619163513184,0.0003620227974819096,0.013511810861339027,0.05992620918885482,1.0085205985179657,3.25,0.03745316382060886,19.875,0.05159423130873041,1.0,,0.0003620227974819096,0.004717346629877374,0,vm_fail,0.018713936909825986,0.1005846051240647,7,vm_fail,0.014326112056878643,0.06787252543715415,3,vm_fail,0.03179659324541291,0.09872656254377946,5,vm_fail,0.03572816259831865,0.07210652324059452,2,vm_fail,0.0034572345974274964,0.07990860470753791,6,vm_fail,0.002274748776545358,0.039262013977675723,3,vm_fail,0.0017568260951584033,0.020747319117787138,0,vm_fail,4.087261114475422e-05,0.00020151936224491887,0,QI-MRFO+CXM continue|n100 m10 vm_fail lam=1.0|306
h10_elite_migration,QI-MRFO+CXM continue,n100 m10 vm_fail lam=1.0,vm_fail,100,10,307,20000,4000,6.481566429138184,0.0009377332923246353,0.011754936845117959,0.05185205786411181,1.007631042991456,2.375,0.027888467895609226,14.75,0.04003985427535415,1.0,,0.0009377332923246353,0.017166833172085578,0,vm_fail,0.023238131091309202,0.07358638163391026,3,vm_fail,0.022335091906989835,0.10617037041372251,5,vm_fail,0.011893251484671673,0.04829389952878421,3,vm_fail,0.007163818190234637,0.02928574582835311,1,vm_fail,0.025558926786630902,0.055502674651124316,2,vm_fail,0.0033598953479759735,0.04152487812814257,2,vm_fail,0.0004209890882214509,0.045655501508773275,2,vm_fail,6.939086490999829e-05,0.014797011220084201,1,QI-MRFO+CXM continue|n100 m10 vm_fail lam=1.0|307
h10_elite_migration,QI-MRFO+CXM continue,n100 m10 vm_fail lam=1.0,vm_fail,100,10,308,20000,4000,6.634232759475708,0.000923051587766865,0.009301551557537788,0.047708902109814856,1.0049963689749082,2.75,0.03082560465932235,14.125,0.04044100972834687,1.0,,0.000923051587766865,0.011074100243266155,0,vm_fail,0.01598898109756971,0.07712395948579005,5,vm_fail,0.009192832537935642,0.07753198564240403,5,vm_fail,0.015806857952803993,0.06276307228690885,3,vm_fail,0.01907605966708595,0.03379878578595268,1,vm_fail,0.0053448417995261895,0.05352371180273294,3,vm_fail,0.00831045002098212,0.03826207467386995,2,vm_fail,0.0006650770376234154,0.03805250557953569,3,vm_fail,2.7312346775285935e-05,0.000615121621324688,0,QI-MRFO+CXM continue|n100 m10 vm_fail lam=1.0|308
h10_elite_migration,QI-MRFO+CXM continue,n100 m10 vm_fail lam=1.0,vm_fail,100,10,309,20000,4000,6.787806272506714,0.00021540392440112327,0.008615099140672699,0.05854447391630892,1.0041104497105815,3.125,0.03678182029474929,20.375,0.04587556770663798,1.0,,0.00021540392440112327,0.0029424141129715453,0,vm_fail,0.017064461701006017,0.11993998750558361,7,vm_fail,0.018054541216778696,0.12253027689483674,7,vm_fail,0.009862393514152816,0.07403790908691704,4,vm_fail,0.00927472586292571,0.04571252158317581,3,vm_fail,0.009140083842112786,0.03129758096864172,1,vm_fail,0.003435285483087737,0.0348047368548459,2,vm_fail,0.00203237483722132,0.039249656959998803,1,vm_fail,5.692666809650839e-05,0.0007831214764716823,0,QI-MRFO+CXM continue|n100 m10 vm_fail lam=1.0|309
h10_elite_migration,QI-MRFO+CXM continue,n100 m10 vm_fail lam=1.0,vm_fail,100,10,310,20000,4000,6.44871973991394,0.0006800415209223151,0.006324570994413677,0.08822168265289242,1.0014282490871678,5.5,0.06504620628395139,18.375,0.07203309980658767,1.0,,0.0006800415209223151,0.01033210185158088,0,vm_fail,0.016543764614625166,0.24840307156591965,17,vm_fail,0.009507119162901662,0.14794716485486462,10,vm_fail,0.0053160656671256854,0.16409862250262033,11,vm_fail,0.005938036193751365,0.03469175425576762,2,vm_fail,0.009003308631053529,0.01416228303560855,0,vm_fail,0.003200875505051014,0.03027728901405775,2,vm_fail,0.0008105501539641887,0.049916861566128415,2,vm_fail,0.00027684802683681093,0.016276414428172424,0,QI-MRFO+CXM continue|n100 m10 vm_fail lam=1.0|310
h10_elite_migration,QI-MRFO+CXM continue+elite,n100 m10 vm_fail lam=1.0,vm_fail,100,10,301,20000,4000,6.483555316925049,0.0008034395373276679,0.007181380571582761,0.009461425727990838,1.003306380513827,0.125,0.0013297872340425532,17.625,0.008525999073118717,1.0,,0.0008034395373276679,0.012424251864251949,0,vm_fail,0.01866256417159014,0.018662564171590144,0,vm_fail,0.012174187548526479,0.012505847878239858,0,vm_fail,0.011153113155032708,0.023322441136060034,1,vm_fail,0.00337684267325781,0.00891798488546546,0,vm_fail,0.005268196863714899,0.005268196863714899,0,vm_fail,0.004181917615674887,0.004181917615674886,0,vm_fail,0.0026252280439023456,0.0027155794978251956,0,vm_fail,8.994500962817715e-06,0.00011687377535622878,0,QI-MRFO+CXM continue+elite|n100 m10 vm_fail lam=1.0|301
h10_elite_migration,QI-MRFO+CXM continue+elite,n100 m10 vm_fail lam=1.0,vm_fail,100,10,302,20000,4000,6.290107727050781,0.0005247079719280449,0.007888710059455765,0.009724151710846621,1.0039352014200096,0.125,0.0013157894736842105,16.75,0.009218939236609254,1.0,,0.0005247079719280449,0.0052725963407204745,0,vm_fail,0.024076482297718006,0.024076482297718006,0,vm_fail,0.01097417463664579,0.021984361234777993,1,vm_fail,0.008979379259032416,0.011187183214246728,0,vm_fail,0.013418883645650135,0.01375577198823414,0,vm_fail,0.0032018401575977374,0.003729311175095688,0,vm_fail,0.0018465173923879533,0.002172109843406914,0,vm_fail,0.0005970528785895367,0.0007770706720864919,0,vm_fail,1.5350208024548634e-05,0.00011092326120701886,0,QI-MRFO+CXM continue+elite|n100 m10 vm_fail lam=1.0|302
h10_elite_migration,QI-MRFO+CXM continue+elite,n100 m10 vm_fail lam=1.0,vm_fail,100,10,303,20000,4000,6.507721424102783,0.0005958956312608322,0.007269218692985915,0.0083203893960103,1.0022811974957955,0.0,0.0,23.875,0.007269218692985915,1.0,,0.0005958956312608322,0.02378195724463283,0,vm_fail,0.023885505812715,0.023885505812715,0,vm_fail,0.022611392196869244,0.02261139219686924,0,vm_fail,0.00359515344567676,0.006183645077247505,0,vm_fail,0.00450241367611641,0.0062415544571946995,0,vm_fail,0.0009620749637133356,0.003296916626083369,0,vm_fail,0.0023842092446214698,0.0028433891216859105,0,vm_fail,0.0001542069683228954,0.001280115522665858,0,vm_fail,5.8793235852201035e-05,0.0002205963536208142,0,QI-MRFO+CXM continue+elite|n100 m10 vm_fail lam=1.0|303
h10_elite_migration,QI-MRFO+CXM continue+elite,n100 m10 vm_fail lam=1.0,vm_fail,100,10,304,20000,4000,6.139625549316406,0.0007500681960792569,0.008951507594521691,0.013802058778529469,1.004053151286527,0.25,0.0027472527472527475,12.625,0.011763814743936564,1.0,,0.0007500681960792569,0.019402401875970005,0,vm_fail,0.023679802387017515,0.04701997357319344,2,vm_fail,0.015134402406997781,0.02765015345155459,0,vm_fail,0.018023349975781172,0.018023349975781172,0,vm_fail,0.008829455389736304,0.008829455389736304,0,vm_fail,0.00269850281407904,0.0031318466071396877,0,vm_fail,0.0021545207618121317,0.0033765249426037105,0,vm_fail,0.0005272538012206975,0.001808164099319783,0,vm_fail,0.0005647732195288878,0.0005770021889070781,0,QI-MRFO+CXM continue+elite|n100 m10 vm_fail lam=1.0|304
h10_elite_migration,QI-MRFO+CXM continue+elite,n100 m10 vm_fail lam=1.0,vm_fail,100,10,305,20000,4000,6.181445121765137,0.0010851257043272605,0.004729166831627776,0.008348780200290416,1.0006321725076506,0.25,0.0028292838874680306,17.75,0.007584448567754234,1.0,,0.0010851257043272605,0.009438774742326688,0,vm_fail,0.011014034350887058,0.023623853807618375,1,vm_fail,0.007213344138706284,0.018226878066701323,1,vm_fail,0.007535130659239318,0.009327647134031234,0,vm_fail,0.006811745567261075,0.006811745567261076,0,vm_fail,0.0024471998463415964,0.004293168309304949,0,vm_fail,0.001489047052015014,0.002411971237604361,0,vm_fail,0.0010047369364060024,0.0017273183572206936,0,vm_fail,0.000318096102165858,0.00036765912258131836,0,QI-MRFO+CXM continue+elite|n100 m10 vm_fail lam=1.0|305
h10_elite_migration,QI-MRFO+CXM continue+elite,n100 m10 vm_fail lam=1.0,vm_fail,100,10,306,20000,4000,6.260807752609253,0.0003620227974819096,0.011108532663423647,0.011387839105131001,1.0061351486959147,0.0,0.0,20.125,0.011108532663423647,1.0,,0.0003620227974819096,0.004717346629877374,0,vm_fail,0.043448825708661216,0.043448825708661216,0,vm_fail,0.007857231928746732,0.009041463709386516,0,vm_fail,0.016958759365231134,0.016958759365231137,0,vm_fail,0.010765820552000151,0.01089512263711845,0,vm_fail,0.009103483025792381,0.009103483025792381,0,vm_fail,0.0004474928807543917,0.0004474928807543918,0,vm_fail,0.00027446337444737395,0.0008401795511068731,0,vm_fail,1.2184471755784179e-05,0.00036738596299703733,0,QI-MRFO+CXM continue+elite|n100 m10 vm_fail lam=1.0|306
h10_elite_migration,QI-MRFO+CXM continue+elite,n100 m10 vm_fail lam=1.0,vm_fail,100,10,307,20000,4000,6.559387445449829,0.0009377332923246353,0.009572596265234833,0.01239481116020616,1.0054503770187952,0.125,0.001288659793814433,16.25,0.010898723353597931,1.0,,0.0009377332923246353,0.017166833172085578,0,vm_fail,0.02310564272802123,0.023105642728021236,0,vm_fail,0.009244089171863116,0.010117030830669598,0,vm_fail,0.02907462056976033,0.045734128081224616,1,vm_fail,0.008935855964750853,0.008935855964750855,0,vm_fail,0.004694576712975031,0.008293692971485526,0,vm_fail,0.0009245611608513089,0.0017280713597372837,0,vm_fail,0.0004397770831678045,0.0008544326399024695,0,vm_fail,0.0001616467304889876,0.00038963470585769286,0,QI-MRFO+CXM continue+elite|n100 m10 vm_fail lam=1.0|307
h10_elite_migration,QI-MRFO+CXM continue+elite,n100 m10 vm_fail lam=1.0,vm_fail,100,10,308,20000,4000,6.446230888366699,0.000923051587766865,0.009072117446578612,0.011155234520519827,1.0047632794354904,0.125,0.001288659793814433,14.375,0.010388664054610738,1.0,,0.000923051587766865,0.011074100243266155,0,vm_fail,0.021640167832927115,0.032685765499126385,1,vm_fail,0.022449589324398334,0.022449589324398334,0,vm_fail,0.010917252596858277,0.011743777161212924,0,vm_fail,0.009731832558286238,0.009731832558286238,0,vm_fail,0.00585578357647622,0.010615777136868117,0,vm_fail,0.0017756611707587285,0.0017756611707587283,0,vm_fail,0.00016122189202056166,0.00016969051025693418,0,vm_fail,4.543062090342966e-05,6.978280325095657e-05,0,QI-MRFO+CXM continue+elite|n100 m10 vm_fail lam=1.0|308
h10_elite_migration,QI-MRFO+CXM continue+elite,n100 m10 vm_fail lam=1.0,vm_fail,100,10,309,20000,4000,6.281259536743164,0.00021540392440112327,0.006789965422864835,0.00956430021589323,1.0022971111159986,0.125,0.0014204545454545455,20.375,0.008231699981399661,1.0,,0.00021540392440112327,0.0029424141129715453,0,vm_fail,0.014981129208509488,0.026583893460741675,1,vm_fail,0.0057080694592913424,0.008897689694203115,0,vm_fail,0.008621264485605214,0.010632297668961002,0,vm_fail,0.01344514822762712,0.01800637744808247,0,vm_fail,0.006415984067382677,0.006415984067382677,0,vm_fail,0.004614028507880713,0.004800173711960864,0,vm_fail,0.0005296120857151901,0.0008210300920011267,0,vm_fail,4.487340906939517e-06,0.00035695558381290064,0,QI-MRFO+CXM continue+elite|n100 m10 vm_fail lam=1.0|309
h10_elite_migration,QI-MRFO+CXM continue+elite,n100 m10 vm_fail lam=1.0,vm_fail,100,10,310,20000,4000,6.669125080108643,0.0006800415209223151,0.007832216063689371,0.009336088776814295,1.0029245995639888,0.0,0.0,18.25,0.007832216063689371,1.0,,0.0006800415209223151,0.01033210185158088,0,vm_fail,0.01974135863212037,0.01974516115983476,0,vm_fail,0.007927364150350866,0.01645859031764659,0,vm_fail,0.017787487286159514,0.0181201478936238,0,vm_fail,0.010881192507927307,0.012871327898947163,0,vm_fail,0.0027056693495307645,0.0027983913769366662,0,vm_fail,0.00219817633719507,0.002663710490251603,0,vm_fail,0.0013354509689648447,0.0019078835839892107,0,vm_fail,8.102927726622387e-05,0.00012349749328457101,0,QI-MRFO+CXM continue+elite|n100 m10 vm_fail lam=1.0|310
h10_elite_migration,(1+1)-EA+CXM continue,n200 m20 lognormal mixed lam=0.05,mixed,200,20,301,20000,4000,1.6724188327789307,0.0006356604173605039,0.05321388844520645,0.08358842485448789,1.0504272412302669,47.375,0.2521343285141234,2.625,0.06590553964569211,0.05,,0.0006356604173605039,0.042827833186112656,0,churn,0.0018482816774859346,0.06834397379261474,94,drift,0.003205773433496842,0.05466734415092217,110,vm_fail,0.013075378436561282,0.01576228252381331,3,vm_fail,0.00509807712775395,0.011337256229407962,19,vm_add,0.14137004431220965,0.14207069216546622,2,vm_add,0.1713406482279551,0.1721435664797432,2,drift,0.006699736856934135,0.11994727117273322,144,vm_add,0.08307316748925472,0.08443501232120232,5,(1+1)-EA+CXM continue|n200 m20 lognormal mixed lam=0.05|301
h10_elite_migration,(1+1)-EA+CXM continue,n200 m20 lognormal mixed lam=0.05,mixed,200,20,302,20000,4000,1.5645227432250977,0.0004559558128719511,0.007719198656542461,0.046176255602198006,1.0045953725584413,83.5,0.42795119382022473,2.75,0.029196415109223113,0.05,,0.0004559558128719511,0.02592810745539296,0,drift,0.004649764933073647,0.06543232088768351,124,vm_fail,0.004618253288322766,0.012078217797723783,20,drift,0.0031852844133947664,0.04063320844589142,94,drift,0.003144435431148635,0.05597886181687569,119,churn,0.007369989004055194,0.03488954812145014,57,drift,0.001486493545270778,0.06826326177384204,129,vm_add,0.033473843725830364,0.033473843725830364,0,drift,0.003825524911243534,0.058660782248287115,125,(1+1)-EA+CXM continue|n200 m20 lognormal mixed lam=0.05|302
h10_elite_migration,(1+1)-EA+CXM continue,n200 m20 lognormal mixed lam=0.05,mixed,200,20,303,20000,4000,1.724381446838379,0.0006978326714735734,0.006436279692204012,0.035210283573193946,1.0036653737642387,47.25,0.27310070715621065,5.25,0.020166288703012444,0.05,,0.0006978326714735734,0.06520182610626442,0,vm_fail,0.004570247349936401,0.013049033613297732,25,vm_add,0.013734702013651711,0.01373470201365171,0,churn,0.007990733238777532,0.0850177582884943,105,churn,0.00331172256420185,0.09041046104257357,95,vm_fail,0.011301834045034646,0.023816073524854733,27,vm_fail,0.0040103881542688765,0.0192736356898128,44,vm_fail,0.004457304681325106,0.026968286104861884,60,vm_fail,0.002113305490435972,0.009412318308004819,22,(1+1)-EA+CXM continue|n200 m20 lognormal mixed lam=0.05|303
h10_elite_migration,(1+1)-EA+CXM continue,n200 m20 lognormal mixed lam=0.05,mixed,200,20,304,20000,4000,1.7249305248260498,0.0005276873819234414,0.024000653692420562,0.05017652879461057,1.0214075027826686,46.125,0.24451435810810812,1.875,0.03627641228646746,0.05,,0.0005276873819234414,0.02242114220457425,0,vm_add,0.024693877699439953,0.024693877699439953,0,drift,0.0032025134399493835,0.07991297036605771,137,vm_add,0.024539741668958726,0.02453974166895873,0,drift,0.004653970086202274,0.09163689927579212,135,churn,0.004314038371935467,0.04624096494798998,85,vm_add,0.04230341158445877,0.04230341158445878,0,vm_add,0.08244665420055229,0.0824466542005523,0,vm_fail,0.005851022487867598,0.009637710613634966,12,(1+1)-EA+CXM continue|n200 m20 lognormal mixed lam=0.05|304
h10_elite_migration,(1+1)-EA+CXM continue,n200 m20 lognormal mixed lam=0.05,mixed,200,20,305,20000,4000,1.6683261394500732,0.00035838912941061815,0.03272491642023151,0.059333352962683106,1.0288769389149537,42.875,0.2467536256341024,2.125,0.0451345998535924,0.05,,0.00035838912941061815,0.015942738920234872,0,vm_fail,0.003327224092514033,0.03158726351748866,75,vm_add,0.08268188631794739,0.08268188631794737,0,churn,0.009351154609236193,0.09022840524913082,97,vm_add,0.02899046170854868,0.029505215427020417,2,vm_add,0.03686255969353322,0.03686255969353321,0,vm_add,0.09192776489835586,0.09192776489835584,0,churn,0.005591856300272232,0.07698774707591452,82,vm_fail,0.003066423741444494,0.03488598152207401,87,(1+1)-EA+CXM continue|n200 m20 lognormal mixed lam=0.05|305
h10_elite_migration,(1+1)-EA+CXM continue,n200 m20 lognormal mixed lam=0.05,mixed,200,20,306,20000,4000,1.599515676498413,0.0005183697211894313,0.019871532356758738,0.07029105591263682,1.0166524117311524,81.875,0.4228108638743456,1.125,0.04127304422068151,0.05,,0.0005183697211894313,0.0415707928396334,0,vm_add,0.012827136709927496,0.012827136709927495,0,vm_add,0.06900765153232867,0.06900765153232867,0,drift,0.01573405845110514,0.10167819525789454,147,vm_fail,0.0035260453921702488,0.021079359936561713,53,churn,0.047113369679471315,0.08787950188361379,76,drift,0.0023311291903263787,0.052251764402424745,119,drift,0.0033360896303212297,0.10442293339091466,134,drift,0.0050967782684194175,0.11318190418742892,126,(1+1)-EA+CXM continue|n200 m20 lognormal mixed lam=0.05|306
h10_elite_migration,(1+1)-EA+CXM continue,n200 m20 lognormal mixed lam=0.05,mixed,200,20,307,20000,4000,1.6486310958862305,0.0004217004888236355,0.01545730957376026,0.06426501017215161,1.012934550590999,75.375,0.44725967639593905,0.375,0.037904492672191994,0.05,,0.0004217004888236355,0.05290024070054832,0,churn,0.0018444699704602385,0.04398852477786812,82,churn,0.0037418378122669204,0.07527409244626371,96,vm_fail,0.008045746137855726,0.015437795200265898,24,drift,0.005703584595868986,0.08043479513115291,130,churn,0.001963609069669514,0.0642879571211275,87,churn,0.0012909202139727695,0.05205874650092997,86,vm_add,0.09481135111242822,0.09481135111242821,0,churn,0.006256957677559713,0.08782681908717663,98,(1+1)-EA+CXM continue|n200 m20 lognormal mixed lam=0.05|307
h10_elite_migration,(1+1)-EA+CXM continue,n200 m20 lognormal mixed lam=0.05,mixed,200,20,308,20000,4000,1.6361773014068604,0.0004407812323239611,0.10680080214131031,0.13153648420912684,1.1042850252022354,43.5,0.24075016361256543,1.625,0.12030586021051369,0.05,,0.0004407812323239611,0.03279603558980968,0,vm_fail,0.00857673758580175,0.029207403059239342,52,vm_add,0.02130029042835774,0.02130029042835774,0,vm_fail,0.011780556604222846,0.011780556604222848,0,churn,0.028822377941867764,0.08114784787176357,66,drift,0.16693296137746957,0.19779806054552407,71,drift,0.22569578920916866,0.24987696389729258,53,churn,0.12686357648223248,0.18212578817048783,73,drift,0.2644341275013616,0.2790549630961267,33,(1+1)-EA+CXM continue|n200 m20 lognormal mixed lam=0.05|308
h10_elite_migration,(1+1)-EA+CXM continue,n200 m20 lognormal mixed lam=0.05,mixed,200,20,309,20000,4000,1.5576963424682617,0.000290945526970815,0.010963791019163789,0.05916394355939962,1.0085281227683511,70.75,0.37972324631327226,1.5,0.03002454272224339,0.05,,0.000290945526970815,0.029922260637064303,0,vm_fail,0.009709161677711074,0.012477401231570585,9,drift,0.003621529521649173,0.10247813842429983,126,vm_add,0.050406464627203704,0.0504064646272037,0,churn,0.0033928813968424846,0.05449862664501215,81,vm_fail,0.008857339831960624,0.016141491994376485,9,churn,0.003762957788400738,0.05598053558207446,83,drift,0.005249695782130749,0.11473169501948659,128,drift,0.0027102975274117583,0.06659719495117311,130,(1+1)-EA+CXM continue|n200 m20 lognormal mixed lam=0.05|309
h10_elite_migration,(1+1)-EA+CXM continue,n200 m20 lognormal mixed lam=0.05,mixed,200,20,310,20000,4000,1.7040438652038574,0.00030302904524236917,0.022510983457281926,0.05919610701977298,1.0204208759383881,66.5,0.38988950276243095,2.375,0.042239345391657884,0.05,,0.00030302904524236917,0.03619680219989585,0,drift,0.004168657924600252,0.08105344845627831,127,churn,0.030653543166684928,0.08252915631819788,83,churn,0.034885968785429,0.0492012745558626,34,churn,0.019026197709417474,0.06185060548229892,65,churn,0.002594019045248759,0.05584955610578395,93,vm_fail,0.0027608492023052295,0.025915614785457456,65,churn,0.0030310502432318353,0.034201618872966806,65,vm_add,0.08296758158133793,0.08296758158133792,0,(1+1)-EA+CXM continue|n200 m20 lognormal mixed lam=0.05|310
h10_elite_migration,Chooser (cheaper of the two),n200 m20 lognormal mixed lam=0.05,mixed,200,20,301,20000,4000,0.06810140609741211,0.0025710510296370966,0.011236909611418752,0.04001426879374713,1.0085444508802601,113.375,0.5740006684491978,2.125,0.04001426879374713,0.05,,0.0025710510296370966,0.0025710510296370966,0,churn,0.009309868518590655,0.009309868518590655,0,drift,0.0020172067148978763,0.05036453693889167,193,vm_fail,0.0026848977737152216,0.04665289863865895,164,vm_fail,0.037127850968099604,0.037127850968099604,0,vm_add,0.0028560407421811553,0.049739560646878136,187,vm_add,0.02995608811899619,0.02995608811899619,0,drift,0.0034305100314408073,0.049337455865379194,183,vm_add,0.002512814023428492,0.04762589065448265,180,Chooser (cheaper of the two)|n200 m20 lognormal mixed lam=0.05|301
h10_elite_migration,Chooser (cheaper of the two),n200 m20 lognormal mixed lam=0.05,mixed,200,20,302,20000,4000,0.06633806228637695,0.002375561118700424,0.008142223137816885,0.043354660491352455,1.0050162604868726,138.0,0.7022451117318436,2.625,0.043354660491352455,0.05,,0.002375561118700424,0.002375561118700424,0,drift,0.0018888374030291168,0.04897761276097137,188,vm_fail,0.003985216061641281,0.050819163291332514,167,drift,0.0028543808172478936,0.049988536715658484,188,drift,0.0030793642238028224,0.050976403865489406,191,churn,0.013457153521477703,0.013457153521477703,0,drift,0.002538190404544649,0.0496574853535582,188,vm_add,0.03455913164792756,0.03455913164792756,0,drift,0.002775511022864062,0.048401796774404406,182,Chooser (cheaper of the two)|n200 m20 lognormal mixed lam=0.05|302
h10_elite_migration,Chooser (cheaper of the two),n200 m20 lognormal mixed lam=0.05,mixed,200,20,303,20000,4000,0.06170964241027832,0.0022221026374248053,0.00889944154330131,0.034673188938712574,1.0061187183417402,98.125,0.5140161622785309,5.25,0.034673188938712574,0.05,,0.0022221026374248053,0.0022221026374248053,0,vm_fail,0.003477723406115649,0.037606153593024154,134,vm_add,0.012632211234581178,0.012632211234581178,0,churn,0.00791092517702816,0.00791092517702816,0,churn,0.03625187350110961,0.03625187350110961,0,vm_fail,0.002204423499742435,0.04835857458196737,175,vm_fail,0.0034890173882489764,0.04642179493630303,166,vm_fail,0.0024690923274342733,0.05065407079842154,174,vm_fail,0.0027602658121501913,0.037549907687265585,136,Chooser (cheaper of the two)|n200 m20 lognormal mixed lam=0.05|303
h10_elite_migration,Chooser (cheaper of the two),n200 m20 lognormal mixed lam=0.05,mixed,200,20,304,20000,4000,0.0715780258178711,0.004035167822420642,0.01626067677290282,0.03351483898561254,1.0136911256786045,68.875,0.344375,1.875,0.03351483898561254,0.05,,0.004035167822420642,0.004035167822420642,0,vm_add,0.02828607587531719,0.02828607587531719,0,drift,0.001741013465093502,0.048572405844586636,187,vm_add,0.02304715688510126,0.02304715688510126,0,drift,0.0022163332439807315,0.04982160907306991,190,churn,0.01086352506308381,0.01086352506308381,0,vm_add,0.002221367657363762,0.04581799715045922,174,vm_add,0.04082089162490337,0.04082089162490337,0,vm_fail,0.02088905036837892,0.02088905036837892,0,Chooser (cheaper of the two)|n200 m20 lognormal mixed lam=0.05|304
h10_elite_migration,Chooser (cheaper of the two),n200 m20 lognormal mixed lam=0.05,mixed,200,20,305,20000,4000,0.06950116157531738,0.004074660103952225,0.01226141933550473,0.03540849491032309,1.0084802704226559,90.125,0.46136299746444714,2.375,0.03540849491032309,0.05,,0.004074660103952225,0.004074660103952225,0,vm_fail,0.0031656937469751747,0.04905518824816655,172,vm_add,0.0020766637499892993,0.04842270944842612,185,churn,0.007749880149563148,0.007749880149563148,0,vm_add,0.027906694509980033,0.027906694509980033,0,vm_add,0.035770501337857176,0.035770501337857176,0,vm_add,0.004471261743655781,0.052937000122787,193,churn,0.013004703677712767,0.013004703677712767,0,vm_fail,0.003945955768304471,0.04842128178809198,171,Chooser (cheaper of the two)|n200 m20 lognormal mixed lam=0.05|305
h10_elite_migration,Chooser (cheaper of the two),n200 m20 lognormal mixed lam=0.05,mixed,200,20,306,20000,4000,0.0724642276763916,0.003710113737548547,0.004740405533586561,0.04475099426443438,1.0015741984999242,154.375,0.7977121113989638,0.875,0.04475099426443438,0.05,,0.003710113737548547,0.003710113737548547,0,vm_add,0.016058146805325232,0.016058146805325232,0,vm_add,0.004067486673164408,0.05050560793179815,185,drift,0.003245999683794159,0.05064937316885334,189,vm_fail,0.002544782765688663,0.04436076981886895,161,churn,0.0028044414088668266,0.047303888496385296,142,drift,0.00320345357694776,0.04935081244148739,184,drift,0.0030275031680183405,0.0494175251895391,185,drift,0.0029714301868870975,0.05036183026321758,189,Chooser (cheaper of the two)|n200 m20 lognormal mixed lam=0.05|306
h10_elite_migration,Chooser (cheaper of the two),n200 m20 lognormal mixed lam=0.05,mixed,200,20,307,20000,4000,0.07346034049987793,0.0009668615253899487,0.01208569986752423,0.04056053087587912,1.0095807056642414,103.875,0.5679751275510204,0.5,0.04056053087587912,0.05,,0.0009668615253899487,0.0009668615253899487,0,churn,0.03267756475653051,0.03267756475653051,0,churn,0.02467736963626279,0.02467736963626279,0,vm_fail,0.0020799627659710304,0.046048777458763616,172,drift,0.003313928270454262,0.048964712006759926,182,churn,0.0018372708128279844,0.048172244587921215,148,churn,0.003088618057059723,0.04979493183534161,149,vm_add,0.003061379652573506,0.04819914173693926,180,churn,0.02594950498851403,0.02594950498851403,0,Chooser (cheaper of the two)|n200 m20 lognormal mixed lam=0.05|307
h10_elite_migration,Chooser (cheaper of the two),n200 m20 lognormal mixed lam=0.05,mixed,200,20,308,20000,4000,0.06888580322265625,0.002325846772371159,0.0046264134466600295,0.03992583485435146,1.0023352246212274,130.125,0.7044813829787234,1.875,0.03992583485435146,0.05,,0.002325846772371159,0.002325846772371159,0,vm_fail,0.0041115289506399,0.050845443197012744,175,vm_add,0.016778751604420657,0.016778751604420657,0,vm_fail,0.007301163901737777,0.007301163901737777,0,churn,0.0,0.047187499999999966,151,drift,0.0,0.048,192,drift,0.003557831067627494,0.0502232702122722,186,churn,0.002966024644975468,0.04966663016750721,149,drift,0.002296007403878937,0.04940391975186112,188,Chooser (cheaper of the two)|n200 m20 lognormal mixed lam=0.05|308
h10_elite_migration,Chooser (cheaper of the two),n200 m20 lognormal mixed lam=0.05,mixed,200,20,309,20000,4000,0.06767773628234863,0.00454000159338466,0.009552563579218529,0.03733542112070623,1.007122367718054,110.5,0.5543750000000001,1.0,0.03733542112070623,0.05,,0.00454000159338466,0.00454000159338466,0,vm_fail,0.0026168609399982393,0.04021499322524828,147,drift,0.002006701856394699,0.04985252187003749,191,vm_add,0.00293185265534391,0.04706085417217915,176,churn,0.014304277689809937,0.014304277689809937,0,vm_fail,0.035993036456469306,0.035993036456469306,0,churn,0.014464583061489867,0.014464583061489867,0,drift,0.002185300351832569,0.049037463143280856,187,drift,0.0019178956224097088,0.04775563934713496,183,Chooser (cheaper of the two)|n200 m20 lognormal mixed lam=0.05|309
h10_elite_migration,Chooser (cheaper of the two),n200 m20 lognormal mixed lam=0.05,mixed,200,20,310,20000,4000,0.06528425216674805,0.002975374652622663,0.00965959801199481,0.03274644654798298,1.0076025417226107,85.375,0.4607986111111111,2.5,0.03274644654798298,0.05,,0.002975374652622663,0.002975374652622663,0,drift,0.0013012359794997248,0.04761141814355151,185,churn,0.04652056339604074,0.04652056339604074,0,churn,0.0021367913385566422,0.046606611454205166,142,churn,0.006100984041795727,0.006100984041795727,0,churn,0.012112383491126137,0.012112383491126137,0,vm_fail,0.002194144999391706,0.04924159236186316,169,churn,0.004400763293749464,0.004400763293749464,0,vm_add,0.002509917555798337,0.04937725620153192,187,Chooser (cheaper of the two)|n200 m20 lognormal mixed lam=0.05|310
h10_elite_migration,GA continue,n200 m20 lognormal mixed lam=0.05,mixed,200,20,301,20000,4000,2.284891366958618,0.022032926728679333,0.11932745453441936,0.1947912448540333,1.1163485941411595,25.125,0.13214677395334018,2.5,0.12681029801179383,0.05,,0.022032926728679333,0.2137334054620777,0,churn,0.07697116406565396,0.3095055851809759,37,drift,0.07733623310493234,0.25012736804630337,55,vm_fail,0.014568728376441836,0.01983264880812525,16,vm_fail,0.014213615470005735,0.01473911475263259,2,vm_add,0.1526302284285877,0.1526302284285877,0,vm_add,0.18305129968868225,0.18371764734554497,2,drift,0.22876592633504467,0.3493804950552562,52,vm_add,0.2070824408060063,0.27839687121484025,37,GA continue|n200 m20 lognormal mixed lam=0.05|301
h10_elite_migration,GA continue,n200 m20 lognormal mixed lam=0.05,mixed,200,20,302,20000,4000,2.2385494709014893,0.026415370247047567,0.06245882418590592,0.17578919299075937,1.0591833696680495,39.125,0.20171875,3.375,0.07326288814901315,0.05,,0.026415370247047567,0.14387540071873423,0,drift,0.08543162248201071,0.30737679174331245,61,vm_fail,0.010996464270295478,0.01099646427029548,0,drift,0.04550716428998804,0.15082102796240424,37,drift,0.06417552738556656,0.16704562590112337,51,churn,0.04083557804890355,0.13872311181926103,39,drift,0.09694859191862848,0.2494508093170547,46,vm_add,0.0618498815178346,0.0995928862505276,33,drift,0.09392576357401992,0.282306826662096,46,GA continue|n200 m20 lognormal mixed lam=0.05|302
h10_elite_migration,GA continue,n200 m20 lognormal mixed lam=0.05,mixed,200,20,303,20000,4000,2.2788805961608887,0.11997212939165548,0.07611089098640092,0.10694064288766421,1.0731458913089775,7.875,0.04762066823558759,5.625,0.07874375757378436,0.05,,0.11997212939165548,0.22124172131583253,0,vm_fail,0.10862128008741277,0.10862128008741274,0,vm_add,0.1187349674949316,0.11873496749493162,0,churn,0.11383286758884047,0.24090702864980057,28,churn,0.1354733655247379,0.2457759206912799,22,vm_fail,0.06412662817710815,0.06469873926752585,2,vm_fail,0.0371135336168356,0.0371135336168356,0,vm_fail,0.021480210481890548,0.0286574581858643,8,vm_fail,0.009504274919450283,0.011016215107663109,3,GA continue|n200 m20 lognormal mixed lam=0.05|303
h10_elite_migration,GA continue,n200 m20 lognormal mixed lam=0.05,mixed,200,20,304,20000,4000,2.3667373657226562,0.023775797786096457,0.0900515838693598,0.17797694518321272,1.0873083759017335,28.625,0.14875,2.0,0.09832223468305001,0.05,,0.023775797786096457,0.0993318234656349,0,vm_add,0.04850351005611384,0.04850351005611384,0,drift,0.11643392928841087,0.2851405524856381,53,vm_add,0.08789350782858692,0.11473560001042168,25,drift,0.12261822386244527,0.3913335899809204,66,churn,0.11062046095074236,0.30335048205288123,36,vm_add,0.10584181420711644,0.1288747223631596,21,vm_add,0.10711030264404403,0.13048618239914828,28,vm_fail,0.021390922117418647,0.021390922117418647,0,GA continue|n200 m20 lognormal mixed lam=0.05|304
h10_elite_migration,GA continue,n200 m20 lognormal mixed lam=0.05,mixed,200,20,305,20000,4000,2.340136766433716,0.01966516429028881,0.06186579810565177,0.09581721994692824,1.0579107036128659,21.5,0.1199615233842378,2.125,0.06825286969097705,0.05,,0.01966516429028881,0.08460288835029704,0,vm_fail,0.03732389876843895,0.06327246878363116,34,vm_add,0.09991527219330677,0.10806497015267474,11,churn,0.08276549917636529,0.17346976117906965,42,vm_add,0.05582722276439931,0.07437473820392156,19,vm_add,0.034183392320893534,0.050612339710593784,14,vm_add,0.07809448653961362,0.08441205306548855,12,churn,0.07942432012655172,0.17065391296117616,29,vm_fail,0.027392292955644996,0.041677515518870424,11,GA continue|n200 m20 lognormal mixed lam=0.05|305
h10_elite_migration,GA continue,n200 m20 lognormal mixed lam=0.05,mixed,200,20,306,20000,4000,2.292020797729492,0.027036151391656927,0.09265687152297483,0.17794589103544672,1.089214053768483,29.375,0.15117271505376345,1.75,0.10105600038914994,0.05,,0.027036151391656927,0.16200312574337825,0,vm_add,0.035427413210724415,0.037907940934505,5,vm_add,0.08018976043570336,0.08916145234226557,11,drift,0.10569960381062847,0.23483900618625536,53,vm_fail,0.03713690360810707,0.06060385898289463,5,churn,0.09193610740213119,0.15408835128258788,26,drift,0.1346746546314653,0.20266253557399902,35,drift,0.16211293813080901,0.37098033859477225,43,drift,0.09407759095422978,0.273323644386294,57,GA continue|n200 m20 lognormal mixed lam=0.05|306
h10_elite_migration,GA continue,n200 m20 lognormal mixed lam=0.05,mixed,200,20,307,20000,4000,2.4999969005584717,0.07813807080212312,0.12235820302734086,0.196087552072244,1.1195629540763434,25.5,0.14546874999999998,0.375,0.1305744628497551,0.05,,0.07813807080212312,0.3926996621287943,0,churn,0.11297391409364578,0.12865270744790008,8,churn,0.107132971670853,0.1517753846155846,12,vm_fail,0.08908552329032669,0.08908552329032669,0,drift,0.21610262468106028,0.4849835474180321,41,churn,0.10366695547875465,0.21848242610022606,38,churn,0.1410329646680326,0.18557660506780216,27,vm_add,0.10063618180401848,0.17038810707966034,48,churn,0.10823448853203549,0.13975611555842005,30,GA continue|n200 m20 lognormal mixed lam=0.05|307
h10_elite_migration,GA continue,n200 m20 lognormal mixed lam=0.05,mixed,200,20,308,20000,4000,2.3065032958984375,0.02724275179514085,0.0661344481450371,0.17511948128867916,1.0637053750070178,30.5,0.16715188746438747,2.0,0.0751009620061622,0.05,,0.02724275179514085,0.13239366624040147,0,vm_fail,0.024336597548038828,0.031622983908406996,14,vm_add,0.027493790371390197,0.034941585984529136,8,vm_fail,0.016178976156269495,0.02472475455702589,5,churn,0.029804202487913534,0.12109929894166013,33,drift,0.13108695471269902,0.20498531134534267,36,drift,0.22054600921450082,0.38997976962426073,35,churn,0.04557841897309005,0.4516421484607106,57,drift,0.03405063569639495,0.14195999748749713,56,GA continue|n200 m20 lognormal mixed lam=0.05|308
h10_elite_migration,GA continue,n200 m20 lognormal mixed lam=0.05,mixed,200,20,309,20000,4000,2.332211971282959,0.024198185464914482,0.08916960443458073,0.16410450358295936,1.0865535007779568,29.5,0.15608883491937614,1.375,0.09780715125794819,0.05,,0.024198185464914482,0.15709619733747124,0,vm_fail,0.018065192863992913,0.022359235520998083,7,drift,0.10459295181713525,0.23856146815046994,48,vm_add,0.0946534337812099,0.12390151373758802,22,churn,0.09153828014644434,0.19751117788472244,37,vm_fail,0.0761493020933039,0.07699508488876715,1,churn,0.057639826348299505,0.10950798265359271,17,drift,0.1822998887071623,0.31410331779618883,50,drift,0.08841795971909776,0.22989624803134762,54,GA continue|n200 m20 lognormal mixed lam=0.05|309
h10_elite_migration,GA continue,n200 m20 lognormal mixed lam=0.05,mixed,200,20,310,20000,4000,2.323420524597168,0.020322321385238377,0.0628980642189618,0.14148200907518788,1.0607361939245763,30.0,0.17451815642458102,2.625,0.07220445995053903,0.05,,0.020322321385238377,0.14980405377634215,0,drift,0.10591598378936289,0.2818759454342619,51,churn,0.10576174478140928,0.16665021447116538,35,churn,0.033922597841548066,0.1763841322692319,28,churn,0.03767961181158344,0.11384889307168543,29,churn,0.04024069237192189,0.10378882583686737,30,vm_fail,0.01801039935721173,0.033403872980216395,19,churn,0.05199033238584472,0.13337460019711642,26,vm_add,0.10966315141281231,0.12252958834095826,22,GA continue|n200 m20 lognormal mixed lam=0.05|310
h10_elite_migration,QI-MRFO+CXM continue,n200 m20 lognormal mixed lam=0.05,mixed,200,20,301,20000,4000,10.151182651519775,0.0014307018820424065,0.016410090502881104,0.06488800451282656,1.013701705111149,81.0,0.41996241315675203,2.0,0.03780394517242542,0.05,,0.0014307018820424065,0.06225845901833462,0,churn,0.014792198229132338,0.07634322455608746,74,drift,0.03361124374203376,0.1305665034036162,113,vm_fail,0.007603649731332936,0.0377099341628298,67,vm_fail,0.008876580402156565,0.029842321842244293,57,vm_add,0.013653720362936543,0.06821434615861402,90,vm_add,0.010987781548331865,0.029706978516598904,52,drift,0.03709265293702239,0.11046778016481747,115,vm_add,0.004662897070102434,0.03625294729780438,80,QI-MRFO+CXM continue|n200 m20 lognormal mixed lam=0.05|301
h10_elite_migration,QI-MRFO+CXM continue,n200 m20 lognormal mixed lam=0.05,mixed,200,20,302,20000,4000,10.205158948898315,0.0027998391476135266,0.010068407709233099,0.07194045959203342,1.006941290574309,94.875,0.49332760989010993,2.25,0.034983795148604155,0.05,,0.0027998391476135266,0.06241220580765677,0,drift,0.009890788580250992,0.08878307799507902,131,vm_fail,0.011190064213973927,0.042936425461186985,69,drift,0.012442318528621082,0.06954449435378793,102,drift,0.009746136721073561,0.09118502471148908,111,churn,0.011273942362183627,0.09781456959894637,94,drift,0.007751097058063871,0.0875123133077753,115,vm_add,0.008977015845215512,0.027767927680520502,46,drift,0.00927589836448222,0.06997984362748218,91,QI-MRFO+CXM continue|n200 m20 lognormal mixed lam=0.05|302
h10_elite_migration,QI-MRFO+CXM continue,n200 m20 lognormal mixed lam=0.05,mixed,200,20,303,20000,4000,10.441969394683838,0.0013893381843933935,0.007527521072905799,0.03353956219901666,1.0047518975310612,53.625,0.29966064290841077,6.25,0.02262367927120481,0.05,,0.0013893381843933935,0.02835258509320053,0,vm_fail,0.008208030018147771,0.029563510938135317,60,vm_add,0.011916188250092954,0.028204980116752997,50,churn,0.005883281359754158,0.04728657557659482,71,churn,0.008778848390704815,0.06838173036419419,78,vm_fail,0.00401766537321577,0.0313012836224591,60,vm_fail,0.007633242774764513,0.019431362844512,35,vm_fail,0.008445836301857147,0.028432359692309044,51,vm_fail,0.0053370761147092625,0.015714694437175845,24,QI-MRFO+CXM continue|n200 m20 lognormal mixed lam=0.05|303
h10_elite_migration,QI-MRFO+CXM continue,n200 m20 lognormal mixed lam=0.05,mixed,200,20,304,20000,4000,10.643592596054077,0.0014239213992275736,0.01685159023095825,0.05460644550231132,1.0142861052020034,66.875,0.3479315476190476,1.375,0.03453197923004176,0.05,,0.0014239213992275736,0.03588618720651799,0,vm_add,0.025485428561834354,0.027783197677465083,8,drift,0.01667333123996867,0.09038471481334844,116,vm_add,0.009934491337215232,0.028718706921693253,55,drift,0.022365951774397985,0.1098912158712486,125,churn,0.012019976548004744,0.05886342797526194,70,vm_add,0.01302916337317425,0.03566293608234435,51,vm_add,0.02105896224146241,0.041255078560430286,38,vm_fail,0.014245416771608347,0.04429228611669863,72,QI-MRFO+CXM continue|n200 m20 lognormal mixed lam=0.05|304
h10_elite_migration,QI-MRFO+CXM continue,n200 m20 lognormal mixed lam=0.05,mixed,200,20,305,20000,4000,10.80857801437378,0.0009032253936652734,0.014356031893400404,0.0430786652519726,1.0105673016627486,56.625,0.3094119011470985,1.875,0.030023009039561514,0.05,,0.0009032253936652734,0.024691511861046952,0,vm_fail,0.007623529313716546,0.04955100052243026,88,vm_add,0.010256525792254074,0.03283122961126247,59,churn,0.011265141838424962,0.05890590733868085,80,vm_add,0.00650385400115993,0.029735846732502673,57,vm_add,0.01408188396220822,0.01876437313570353,18,vm_add,0.04332988322420964,0.0676621848001138,41,churn,0.011936818304766327,0.06078828568193233,71,vm_fail,0.009850618710463548,0.02639049419315485,39,QI-MRFO+CXM continue|n200 m20 lognormal mixed lam=0.05|305
h10_elite_migration,QI-MRFO+CXM continue,n200 m20 lognormal mixed lam=0.05,mixed,200,20,306,20000,4000,10.880826473236084,0.0011918544660025404,0.02041585128432316,0.0632962768551628,1.0172014334186987,78.5,0.4038374352331606,0.875,0.041054492526314976,0.05,,0.0011918544660025404,0.0362783176405424,0,vm_add,0.011006826911744273,0.02326027410501662,42,vm_add,0.01509523546428478,0.04360770938516526,65,drift,0.02268355487050317,0.08258293362793195,104,vm_fail,0.011391395967101384,0.03209153361931109,59,churn,0.01867188815706225,0.05762931995979784,64,drift,0.02520764330634924,0.06154385921126567,71,drift,0.010727036450999036,0.08528798312337364,114,drift,0.048543229146541154,0.12036660180944035,109,QI-MRFO+CXM continue|n200 m20 lognormal mixed lam=0.05|306
h10_elite_migration,QI-MRFO+CXM continue,n200 m20 lognormal mixed lam=0.05,mixed,200,20,307,20000,4000,10.61334776878357,0.0010933428926233509,0.021980688120840083,0.08330080466577361,1.0194510827102725,80.5,0.46764815414507765,0.875,0.04591186779706859,0.05,,0.0010933428926233509,0.052829496426272736,0,churn,0.006271560877322296,0.06567328241696557,76,churn,0.013325130440724935,0.07235029253971438,76,vm_fail,0.007081310655350019,0.02177581468774221,41,drift,0.005945266667967087,0.07860810054732305,111,churn,0.0674926623370945,0.12010616767896506,78,churn,0.03367858417653863,0.11365242406846197,89,vm_add,0.012497415884014122,0.05536356579542289,81,churn,0.029553573927709086,0.13887678959159375,92,QI-MRFO+CXM continue|n200 m20 lognormal mixed lam=0.05|307
h10_elite_migration,QI-MRFO+CXM continue,n200 m20 lognormal mixed lam=0.05,mixed,200,20,308,20000,4000,10.80018138885498,0.0012895153501454048,0.016009657960455906,0.0500123039232411,1.01369916066221,64.375,0.34341218966218967,2.0,0.03344709857425295,0.05,,0.0012895153501454048,0.033231752660136005,0,vm_fail,0.012030667484762371,0.03840981147520293,59,vm_add,0.011185940771344957,0.021524982575953002,31,vm_fail,0.014418033798031485,0.02767627750228353,40,churn,0.03825647380820812,0.055241759263511325,34,drift,0.0,0.028150595393615408,72,drift,0.013055532240583919,0.06470150242198976,93,churn,0.012810094289408328,0.08579441509574197,86,drift,0.026320521291308078,0.07859908765763093,100,QI-MRFO+CXM continue|n200 m20 lognormal mixed lam=0.05|308
h10_elite_migration,QI-MRFO+CXM continue,n200 m20 lognormal mixed lam=0.05,mixed,200,20,309,20000,4000,10.14947509765625,0.0012300337167735925,0.01364438875400083,0.0756804309092804,1.0112055262185997,79.75,0.42632508467371943,1.875,0.03527530667194455,0.05,,0.0012300337167735925,0.056037492491454025,0,vm_fail,0.007637696891138085,0.018429920785066896,34,drift,0.013311031851679048,0.08178007763350223,116,vm_add,0.010254565801113084,0.032740091547522235,57,churn,0.02412936812573979,0.10013150723300952,86,vm_fail,0.011824766567024626,0.03008869982474253,41,churn,0.013176035550688692,0.08270498713192985,79,drift,0.015908182205493487,0.1930155587345275,123,drift,0.012913463039129821,0.06655260438394232,102,QI-MRFO+CXM continue|n200 m20 lognormal mixed lam=0.05|309
h10_elite_migration,QI-MRFO+CXM continue,n200 m20 lognormal mixed lam=0.05,mixed,200,20,310,20000,4000,10.575973749160767,0.001006769392029388,0.013522543592426339,0.06202286728524435,1.0114555903867681,73.375,0.42659007352941175,3.75,0.03513985362591282,0.05,,0.001006769392029388,0.04351032019915272,0,drift,0.020725491234231865,0.08835026982860412,115,churn,0.00770497805591987,0.07284271798945752,87,churn,0.014727581094739152,0.048677886614156125,61,churn,0.009828690386503053,0.06090407333895348,66,churn,0.011577034822238118,0.07148878143334302,68,vm_fail,0.0083337694415554,0.042680224962554074,64,churn,0.027555682681819377,0.07360770362475422,55,vm_add,0.0077271210224038765,0.03763128049013227,71,QI-MRFO+CXM continue|n200 m20 lognormal mixed lam=0.05|310
h10_elite_migration,QI-MRFO+CXM continue+elite,n200 m20 lognormal mixed lam=0.05,mixed,200,20,301,20000,4000,10.03909158706665,0.0014307018820424065,0.025549147972280153,0.06371412149602512,1.0228218247407883,56.5,0.29781127491295883,2.25,0.04066514496264835,0.05,,0.0014307018820424065,0.06225845901833462,0,churn,0.01761438033621981,0.09604739049103535,92,drift,0.015912690126549747,0.09878150065050953,124,vm_fail,0.011502207921637628,0.019118762617219603,22,vm_fail,0.006679886897045205,0.008380936043481167,6,vm_add,0.008362710717392412,0.04645914730778333,93,vm_add,0.03561156411536505,0.03561156411536505,0,drift,0.015823889726331673,0.1112002514290273,111,vm_add,0.0928858539376997,0.09411341931377962,4,QI-MRFO+CXM continue+elite|n200 m20 lognormal mixed lam=0.05|301
h10_elite_migration,QI-MRFO+CXM continue+elite,n200 m20 lognormal mixed lam=0.05,mixed,200,20,302,20000,4000,10.128565549850464,0.0027998391476135266,0.017749667496658413,0.071522504082545,1.0145955284932635,80.25,0.4171127717391304,2.0,0.03890833196331914,0.05,,0.0027998391476135266,0.06241220580765677,0,drift,0.011944406458464316,0.10858366108672905,130,vm_fail,0.008801932202921567,0.023012959788028267,36,drift,0.012164142525768029,0.05132167295341417,79,drift,0.01975938458352993,0.09462148887427124,99,churn,0.013813554365980602,0.09327945584530384,89,drift,0.010853599103069,0.07936664100417531,108,vm_add,0.04314013343397581,0.04314013343397581,0,drift,0.021520187299558055,0.07885401967446233,101,QI-MRFO+CXM continue+elite|n200 m20 lognormal mixed lam=0.05|302
h10_elite_migration,QI-MRFO+CXM continue+elite,n200 m20 lognormal mixed lam=0.05,mixed,200,20,303,20000,4000,10.639980792999268,0.0013893381843933935,0.011974538246694505,0.03308311179842728,1.0091858853654707,37.375,0.21297886325788112,5.875,0.022785155763017848,0.05,,0.0013893381843933935,0.02835258509320053,0,vm_fail,0.007169572671603407,0.014417506836363322,25,vm_add,0.01070194587169078,0.01497727284303107,15,churn,0.012857736018679395,0.07401101927562082,73,churn,0.03507115422742793,0.08185717067701803,58,vm_fail,0.007454059637524784,0.014084513355143772,19,vm_fail,0.006975480914305519,0.016305430762938833,25,vm_fail,0.009176609642324907,0.0366648948978505,68,vm_fail,0.006389746989999327,0.01234708573945194,16,QI-MRFO+CXM continue+elite|n200 m20 lognormal mixed lam=0.05|303
h10_elite_migration,QI-MRFO+CXM continue+elite,n200 m20 lognormal mixed lam=0.05,mixed,200,20,304,20000,4000,10.721920490264893,0.0014239213992275736,0.03481465758701162,0.06374303157294313,1.0321984103475668,38.625,0.20257854278074866,1.625,0.0451247276587419,0.05,,0.0014239213992275736,0.03588618720651799,0,vm_add,0.025611758855653234,0.025611758855653238,0,drift,0.03279621673932657,0.10663016646831604,105,vm_add,0.05476287680585711,0.05476287680585711,0,drift,0.009978909104336619,0.1282273802461883,134,churn,0.01102814139866399,0.046397935055219316,58,vm_add,0.0482721813975231,0.04907614370120131,3,vm_add,0.08864530503680278,0.08864530503680278,0,vm_fail,0.007421871357929526,0.01059268641430694,9,QI-MRFO+CXM continue+elite|n200 m20 lognormal mixed lam=0.05|304
h10_elite_migration,QI-MRFO+CXM continue+elite,n200 m20 lognormal mixed lam=0.05,mixed,200,20,305,20000,4000,10.851863384246826,0.0009032253936652734,0.04690616132894658,0.07154285361489338,1.0430082701722778,45.875,0.25176319224160715,1.375,0.059987413664083035,0.05,,0.0009032253936652734,0.024691511861046952,0,vm_fail,0.006650854609200421,0.042371487948629806,86,vm_add,0.08626838778110126,0.08626838778110124,0,churn,0.06562135263574005,0.1065876962739563,68,vm_add,0.07498921536851774,0.08470414454305611,26,vm_add,0.044690670886544805,0.07939154780424411,46,vm_add,0.052334767951201205,0.08055449828251571,50,churn,0.0341220800518,0.0719061704850286,63,vm_fail,0.010571961347467101,0.020558895800615172,28,QI-MRFO+CXM continue+elite|n200 m20 lognormal mixed lam=0.05|305
h10_elite_migration,QI-MRFO+CXM continue+elite,n200 m20 lognormal mixed lam=0.05,mixed,200,20,306,20000,4000,11.002875089645386,0.0011918544660025404,0.019033167331645947,0.06565958282044745,1.015815013651817,72.125,0.3739201570680628,1.125,0.03796238128136958,0.05,,0.0011918544660025404,0.0362783176405424,0,vm_add,0.013508906926597243,0.013508906926597243,0,vm_add,0.06972723886543894,0.06972723886543893,0,drift,0.03077209896925593,0.10756450934097625,119,vm_fail,0.0066277833563929715,0.015549743435045069,27,churn,0.006073202800017641,0.054422912418902035,80,drift,0.006589689994761942,0.06357181331060792,107,drift,0.011647729797861906,0.11272820981213039,119,drift,0.007318687942840989,0.08820332845388176,125,QI-MRFO+CXM continue+elite|n200 m20 lognormal mixed lam=0.05|306
h10_elite_migration,QI-MRFO+CXM continue+elite,n200 m20 lognormal mixed lam=0.05,mixed,200,20,307,20000,4000,10.653071880340576,0.0010933428926233509,0.021330919090251796,0.07168767338827264,1.0187940249124852,64.0,0.3815104166666667,1.0,0.040614698937724764,0.05,,0.0010933428926233509,0.052829496426272736,0,churn,0.006271560877322296,0.06567328241696557,76,churn,0.01998929145598163,0.07171236901637029,77,vm_fail,0.0033623780162524313,0.00521577221906911,4,drift,0.007377064328330008,0.08797706975949626,115,churn,0.0058324697529720205,0.0879360256934644,93,churn,0.006925904939800021,0.04320796986781252,65,vm_add,0.1009726426178605,0.10097264261786049,0,churn,0.019916040733495455,0.11080625551514257,82,QI-MRFO+CXM continue+elite|n200 m20 lognormal mixed lam=0.05|307
h10_elite_migration,QI-MRFO+CXM continue+elite,n200 m20 lognormal mixed lam=0.05,mixed,200,20,308,20000,4000,10.366275787353516,0.0012895153501454048,0.030871372170368276,0.06812377190546647,1.0285410622600897,59.75,0.3212910816035816,2.0,0.04749859647243891,0.05,,0.0012895153501454048,0.033231752660136005,0,vm_fail,0.00890665329948865,0.024841329398207438,41,vm_add,0.02026733614450846,0.021617001132209292,5,vm_fail,0.00806239639526957,0.010294360113264065,7,churn,0.029804202487913534,0.05924070539344538,55,drift,0.08854592751947847,0.1244981774005169,73,drift,0.07487467612752521,0.14370090456160192,95,churn,0.008119139977558431,0.07540338235323514,79,drift,0.008390645411203896,0.08539431489125152,123,QI-MRFO+CXM continue+elite|n200 m20 lognormal mixed lam=0.05|308
h10_elite_migration,QI-MRFO+CXM continue+elite,n200 m20 lognormal mixed lam=0.05,mixed,200,20,309,20000,4000,10.614848136901855,0.0012300337167735925,0.02280322426732769,0.07273803284478225,1.020339830664211,63.75,0.3406410984591596,2.0,0.040223104746042314,0.05,,0.0012300337167735925,0.056037492491454025,0,vm_fail,0.0053245950561853755,0.007097002118180713,5,drift,0.014840618305467347,0.08719580875095823,122,vm_add,0.06143516766159954,0.06197003657455345,2,churn,0.024615885226311817,0.11508029459475862,86,vm_fail,0.006350746285569371,0.010027458767792596,8,churn,0.01471757168396338,0.04669731935702652,52,drift,0.04853886455264861,0.18975593085518444,125,drift,0.006602345366876094,0.06408041173980338,110,QI-MRFO+CXM continue+elite|n200 m20 lognormal mixed lam=0.05|309
h10_elite_migration,QI-MRFO+CXM continue+elite,n200 m20 lognormal mixed lam=0.05,mixed,200,20,310,20000,4000,10.180187225341797,0.001006769392029388,0.017120707631956174,0.0672621787733625,1.0150481167131562,78.25,0.4521710980662983,2.375,0.040159238516721,0.05,,0.001006769392029388,0.04351032019915272,0,drift,0.015662358930171077,0.08613059461994037,124,churn,0.050775459619812724,0.12291819914365251,100,churn,0.012480036625195725,0.05719291205306357,68,churn,0.020242843072550403,0.07549722664637593,60,churn,0.006386458993208121,0.060514174111469234,78,vm_fail,0.01004334717933002,0.02902612271889282,45,churn,0.014565489084831476,0.06321029105988261,65,vm_add,0.006809667550549836,0.04360790983362305,86,QI-MRFO+CXM continue+elite|n200 m20 lognormal mixed lam=0.05|310
h10_elite_migration,(1+1)-EA+CXM continue,n200 m20 lognormal mixed lam=0.2,mixed,200,20,301,20000,4000,1.5551846027374268,0.0006356604173605039,0.0667762905725313,0.12762783955018844,1.0639527549338728,33.0,0.1767060810810811,2.875,0.10288611765503292,0.2,,0.0006356604173605039,0.042827833186112656,0,churn,0.009390615839397546,0.1511034257951456,72,drift,0.01789591167635625,0.164175458313244,82,vm_fail,0.015904066694503644,0.02734286466671454,9,vm_fail,0.01176320710857206,0.011763207108572059,0,vm_add,0.14865863650870287,0.14982186292049302,1,vm_add,0.17969868832524902,0.179698688325249,0,drift,0.03532865840226314,0.22154666924688338,100,vm_add,0.11557054002520595,0.11557054002520599,0,(1+1)-EA+CXM continue|n200 m20 lognormal mixed lam=0.2|301
h10_elite_migration,(1+1)-EA+CXM continue,n200 m20 lognormal mixed lam=0.2,mixed,200,20,302,20000,4000,1.5947175025939941,0.0004559558128719511,0.014815570060163779,0.11568065257399973,1.0116698313531025,63.0,0.32432493093922654,2.375,0.0803651742617313,0.2,,0.0004559558128719511,0.02592810745539296,0,drift,0.010644404342365348,0.19454774904347666,107,vm_fail,0.014557617443355549,0.01994681222697726,4,drift,0.005749083352293478,0.10355976791871915,77,drift,0.025166892601597428,0.15365624424315097,74,churn,0.003573296475640873,0.10792628833960762,58,drift,0.008079269898387732,0.13828976338644647,91,vm_add,0.04027719251025663,0.04027719251025662,0,drift,0.010476803857413192,0.1672414029233631,93,(1+1)-EA+CXM continue|n200 m20 lognormal mixed lam=0.2|302
h10_elite_migration,(1+1)-EA+CXM continue,n200 m20 lognormal mixed lam=0.2,mixed,200,20,303,20000,4000,1.5587890148162842,0.0006978326714735734,0.015167333545484853,0.05270479903222938,1.012370697438968,22.125,0.13235459365499586,6.375,0.04187552013128959,0.2,,0.0006978326714735734,0.06520182610626442,0,vm_fail,0.013094135150382678,0.026153135721270485,12,vm_add,0.022336351208596637,0.022336351208596648,0,churn,0.003477319185490882,0.12548215427129178,61,churn,0.00979557734841696,0.12451665004972784,67,vm_fail,0.016425082885430348,0.03909835247103432,16,vm_fail,0.016097782624137195,0.0379467155343207,16,vm_fail,0.017994629066328913,0.023987242106498028,5,vm_fail,0.022117790895095222,0.02211779089509522,0,(1+1)-EA+CXM continue|n200 m20 lognormal mixed lam=0.2|303
h10_elite_migration,(1+1)-EA+CXM continue,n200 m20 lognormal mixed lam=0.2,mixed,200,20,304,20000,4000,1.6028375625610352,0.0005276873819234414,0.048913905248505085,0.10514820244820149,1.04627124035015,35.0,0.18456317204301076,1.75,0.08701620812794131,0.2,,0.0005276873819234414,0.02242114220457425,0,vm_add,0.024693877699439953,0.024693877699439953,0,drift,0.08966916636957153,0.21242630944771046,88,vm_add,0.11284546366294315,0.11284546366294314,0,drift,0.0059766030057635785,0.22108414835827475,128,churn,0.011017100856156904,0.11863037972351628,60,vm_add,0.04926002538096969,0.04926002538096969,0,vm_add,0.08967119481406871,0.08967119481406872,0,vm_fail,0.008177810199127127,0.012574220498688872,4,(1+1)-EA+CXM continue|n200 m20 lognormal mixed lam=0.2|304
h10_elite_migration,(1+1)-EA+CXM continue,n200 m20 lognormal mixed lam=0.2,mixed,200,20,305,20000,4000,1.713329553604126,0.00035838912941061815,0.050061953304974996,0.09542015315467123,1.0461486302322127,25.0,0.14852234753550542,2.625,0.08040662510679705,0.2,,0.00035838912941061815,0.015942738920234872,0,vm_fail,0.017291600866223597,0.08141465922762325,48,vm_add,0.09775072669581032,0.0977507266958103,0,churn,0.027892054321234334,0.1770407516712595,72,vm_add,0.04845174847711525,0.04845174847711526,0,vm_add,0.05647273137605873,0.05647273137605873,0,vm_add,0.11257938428067991,0.11257938428067991,0,churn,0.01675767248986686,0.1447241649356019,64,vm_fail,0.02329970793281099,0.044927058573220935,16,(1+1)-EA+CXM continue|n200 m20 lognormal mixed lam=0.2|305
h10_elite_migration,(1+1)-EA+CXM continue,n200 m20 lognormal mixed lam=0.2,mixed,200,20,306,20000,4000,1.6734795570373535,0.0005183697211894313,0.03185041947429461,0.127553803462591,1.028593364360027,56.5,0.2937239583333333,1.0,0.09233564065642422,0.2,,0.0005183697211894313,0.0415707928396334,0,vm_add,0.012827136709927496,0.012827136709927495,0,vm_add,0.06900765153232867,0.06900765153232867,0,drift,0.012291437445144665,0.16439716008907418,90,vm_fail,0.014759654491102793,0.03468068506355369,17,churn,0.012305131248297716,0.1317128600496088,69,drift,0.08222379234340225,0.1961109213533888,78,drift,0.022493200354382844,0.19411973086195672,100,drift,0.02889535166977042,0.2175742820408897,98,(1+1)-EA+CXM continue|n200 m20 lognormal mixed lam=0.2|306
h10_elite_migration,(1+1)-EA+CXM continue,n200 m20 lognormal mixed lam=0.2,mixed,200,20,307,20000,4000,1.6802663803100586,0.0004217004888236355,0.037257458656953894,0.12142206535448168,1.034676978049676,47.875,0.28540753865979385,0.75,0.09576224315220885,0.2,,0.0004217004888236355,0.05290024070054832,0,churn,0.008445373068739562,0.1069554093537723,63,churn,0.011313675278173016,0.1077553163734371,63,vm_fail,0.01170560584674484,0.02668448617615451,13,drift,0.01447164819962834,0.12267360039606,77,churn,0.019734581784257414,0.16269496286201388,60,churn,0.028077631221636458,0.14210763745440633,56,vm_add,0.12409993715482584,0.12409993715482583,0,churn,0.08021121670162566,0.17840517306518347,51,(1+1)-EA+CXM continue|n200 m20 lognormal mixed lam=0.2|307
h10_elite_migration,(1+1)-EA+CXM continue,n200 m20 lognormal mixed lam=0.2,mixed,200,20,308,20000,4000,1.599635362625122,0.0004407812323239611,0.016114310837973024,0.0930770420872535,1.0137982422931846,50.375,0.2706004581151833,1.625,0.07098775255975487,0.2,,0.0004407812323239611,0.03279603558980968,0,vm_fail,0.010046334890958302,0.050603444594166706,31,vm_add,0.02278842722413768,0.02278842722413768,0,vm_fail,0.013254822194518465,0.013254822194518465,0,churn,0.0,0.08535037442933761,58,drift,0.011092954122392097,0.15840164796919795,98,drift,0.0019363195969197258,0.12408968436937905,97,churn,0.00409032631196313,0.11382520267589338,56,drift,0.06570530236289478,0.17630273324139722,63,(1+1)-EA+CXM continue|n200 m20 lognormal mixed lam=0.2|308
h10_elite_migration,(1+1)-EA+CXM continue,n200 m20 lognormal mixed lam=0.2,mixed,200,20,309,20000,4000,1.6545703411102295,0.000290945526970815,0.019781103441880776,0.12183911581612597,1.0173239122674005,54.75,0.2932711301813472,1.875,0.07922324251791138,0.2,,0.000290945526970815,0.029922260637064303,0,vm_fail,0.010472230311505624,0.013890667074793393,3,drift,0.026977525048602645,0.21285634756815805,98,vm_add,0.07485122589194974,0.07485122589194974,0,churn,0.013985217203735557,0.15959289219470096,65,vm_fail,0.006905895191878916,0.01017326384367527,3,churn,0.006242165697400447,0.12849515038335702,59,drift,0.010683495883779301,0.22468876398184276,118,drift,0.008131072306193955,0.1501646155905306,92,(1+1)-EA+CXM continue|n200 m20 lognormal mixed lam=0.2|309
h10_elite_migration,(1+1)-EA+CXM continue,n200 m20 lognormal mixed lam=0.2,mixed,200,20,310,20000,4000,1.6593949794769287,0.00030302904524236917,0.030206294599108972,0.09585393100623926,1.028100477993752,40.75,0.23597972972972975,1.875,0.07830429604597507,0.2,,0.00030302904524236917,0.03619680219989585,0,drift,0.01874234096960019,0.1651470319157525,90,churn,0.030653543166684928,0.09023746772574527,38,churn,0.034885968785429,0.07973964973095701,29,churn,0.019026197709417474,0.0821371881238659,44,churn,0.00881821041858703,0.11207205010725728,56,vm_fail,0.012184923812044814,0.0703368976291834,44,churn,0.01810082755691858,0.06792281844296297,25,vm_add,0.09923834437418974,0.09923834437418974,0,(1+1)-EA+CXM continue|n200 m20 lognormal mixed lam=0.2|310
h10_elite_migration,Chooser (cheaper of the two),n200 m20 lognormal mixed lam=0.2,mixed,200,20,301,20000,4000,0.07213664054870605,0.0025710510296370966,0.028956366494956823,0.09852240843552924,1.0262173917806983,69.375,0.346875,2.125,0.09852240843552924,0.2,,0.0025710510296370966,0.0025710510296370966,0,churn,0.009309868518590655,0.009309868518590655,0,drift,0.0020172067148978763,0.19540652761087315,193,vm_fail,0.04932732395048465,0.04932732395048465,0,vm_fail,0.053553729211667386,0.053553729211667386,0,vm_add,0.0028560407421811553,0.18236727203503156,179,vm_add,0.02995608811899619,0.02995608811899619,0,drift,0.0034305100314408073,0.1870582933671945,183,vm_add,0.08120016467139586,0.08120016467139586,0,Chooser (cheaper of the two)|n200 m20 lognormal mixed lam=0.2|301
h10_elite_migration,Chooser (cheaper of the two),n200 m20 lognormal mixed lam=0.2,mixed,200,20,302,20000,4000,0.06538629531860352,0.002375561118700424,0.03155657284215346,0.14861327824864373,1.0283376693380752,116.75,0.58375,2.625,0.14861327824864373,0.2,,0.002375561118700424,0.002375561118700424,0,drift,0.0018888374030291168,0.19024393883479848,188,vm_fail,0.1913000136963339,0.1913000136963339,0,drift,0.0028543808172478936,0.18838244126843884,185,drift,0.0030793642238028224,0.19466752279054916,191,churn,0.013457153521477703,0.013457153521477703,0,drift,0.002538190404544649,0.191015370200599,188,vm_add,0.03455913164792756,0.03455913164792756,0,drift,0.002775511022864062,0.18528065402902527,182,Chooser (cheaper of the two)|n200 m20 lognormal mixed lam=0.2|302
h10_elite_migration,Chooser (cheaper of the two),n200 m20 lognormal mixed lam=0.2,mixed,200,20,303,20000,4000,0.07378625869750977,0.0022221026374248053,0.05533392470359381,0.06335378578335824,1.0524287869064803,8.0,0.04,5.0,0.06335378578335824,0.2,,0.0022221026374248053,0.0022221026374248053,0,vm_fail,0.06460821101818892,0.06460821101818892,0,vm_add,0.0024826349705516005,0.06664152360866699,64,churn,0.08348541227242777,0.08348541227242777,0,churn,0.019271685091489958,0.019271685091489958,0,vm_fail,0.09849800616966933,0.09849800616966933,0,vm_fail,0.09204999487905503,0.09204999487905503,0,vm_fail,0.026084144993566198,0.026084144993566198,0,vm_fail,0.05619130823380162,0.05619130823380162,0,Chooser (cheaper of the two)|n200 m20 lognormal mixed lam=0.2|303
h10_elite_migration,Chooser (cheaper of the two),n200 m20 lognormal mixed lam=0.2,mixed,200,20,304,20000,4000,0.06927704811096191,0.004035167822420642,0.02688690319731482,0.07410523730160591,1.024284859425797,47.125,0.235625,1.875,0.07410523730160591,0.2,,0.004035167822420642,0.004035167822420642,0,vm_add,0.02828607587531719,0.02828607587531719,0,drift,0.001741013465093502,0.18906658298306603,187,vm_add,0.02304715688510126,0.02304715688510126,0,drift,0.0022163332439807315,0.19263743656033694,190,churn,0.01086352506308381,0.01086352506308381,0,vm_add,0.049100640400833034,0.049100640400833034,0,vm_add,0.08950567128554406,0.08950567128554406,0,vm_fail,0.010334809359564975,0.010334809359564975,0,Chooser (cheaper of the two)|n200 m20 lognormal mixed lam=0.2|304
h10_elite_migration,Chooser (cheaper of the two),n200 m20 lognormal mixed lam=0.2,mixed,200,20,305,20000,4000,0.07117271423339844,0.004074660103952225,0.06038281231140261,0.0806748647523399,1.0564163751452398,20.25,0.10125,2.75,0.0806748647523399,0.2,,0.004074660103952225,0.004074660103952225,0,vm_fail,0.15587019897515159,0.15587019897515159,0,vm_add,0.0020766637499892993,0.16441308327748752,162,churn,0.007749880149563148,0.007749880149563148,0,vm_add,0.027906694509980033,0.027906694509980033,0,vm_add,0.035770501337857176,0.035770501337857176,0,vm_add,0.09077771002531233,0.09077771002531233,0,churn,0.08684819899026465,0.08684819899026465,0,vm_fail,0.07606265075310271,0.07606265075310271,0,Chooser (cheaper of the two)|n200 m20 lognormal mixed lam=0.2|305
h10_elite_migration,Chooser (cheaper of the two),n200 m20 lognormal mixed lam=0.2,mixed,200,20,306,20000,4000,0.06920194625854492,0.003710113737548547,0.03790176286995718,0.13244515907035218,1.0346349786920235,94.25,0.47125,0.875,0.13244515907035218,0.2,,0.003710113737548547,0.003710113737548547,0,vm_add,0.016058146805325232,0.016058146805325232,0,vm_add,0.0724178825470488,0.0724178825470488,0,drift,0.003245999683794159,0.19586923162308256,192,vm_fail,0.09173001763987919,0.09173001763987919,0,churn,0.1105596693517569,0.1105596693517569,0,drift,0.00320345357694776,0.19180570284941395,188,drift,0.0030275031680183405,0.1885875912541018,185,drift,0.0029714301868870975,0.19253303049220882,189,Chooser (cheaper of the two)|n200 m20 lognormal mixed lam=0.2|306
h10_elite_migration,Chooser (cheaper of the two),n200 m20 lognormal mixed lam=0.2,mixed,200,20,307,20000,4000,0.06981587409973145,0.0009668615253899487,0.05905931695969317,0.10627235718191161,1.0564417114545437,42.25,0.2353125,0.5,0.10627235718191161,0.2,,0.0009668615253899487,0.0009668615253899487,0,churn,0.03267756475653051,0.03267756475653051,0,churn,0.02467736963626279,0.02467736963626279,0,vm_fail,0.09525396432019291,0.09525396432019291,0,drift,0.003313928270454262,0.18792369107221785,184,churn,0.09487516783559045,0.09487516783559045,0,churn,0.003088618057059723,0.1961831770330437,154,vm_add,0.09677695368082197,0.09677695368082197,0,churn,0.12181096912063277,0.12181096912063277,0,Chooser (cheaper of the two)|n200 m20 lognormal mixed lam=0.2|307
h10_elite_migration,Chooser (cheaper of the two),n200 m20 lognormal mixed lam=0.2,mixed,200,20,308,20000,4000,0.0672917366027832,0.002325846772371159,0.055716058479686366,0.148569188218596,1.0532665916882535,88.125,0.46359375,1.875,0.148569188218596,0.2,,0.002325846772371159,0.002325846772371159,0,vm_fail,0.10831032421364581,0.10831032421364581,0,vm_add,0.1222920515830846,0.1222920515830846,0,vm_fail,0.11183095438753583,0.11183095438753583,0,churn,0.0,0.1837500000000001,147,drift,0.0,0.192,192,drift,0.003557831067627494,0.1902195876462062,186,churn,0.09744129918171826,0.09744129918171826,0,drift,0.002296007403878937,0.18270928873657713,180,Chooser (cheaper of the two)|n200 m20 lognormal mixed lam=0.2|308
h10_elite_migration,Chooser (cheaper of the two),n200 m20 lognormal mixed lam=0.2,mixed,200,20,309,20000,4000,0.06747889518737793,0.00454000159338466,0.024197241534661393,0.09358839358506904,1.0217273742222535,69.25,0.34625,1.0,0.09358839358506904,0.2,,0.00454000159338466,0.00454000159338466,0,vm_fail,0.07148981141194245,0.07148981141194245,0,drift,0.002006701856394699,0.1843719215942584,182,vm_add,0.04871635997226409,0.04871635997226409,0,churn,0.005723961549521674,0.005723961549521674,0,vm_fail,0.043090392373533154,0.043090392373533154,0,churn,0.018447509139392793,0.018447509139392793,0,drift,0.002185300351832569,0.19159832211832903,189,drift,0.0019178956224097088,0.18526887052131072,183,Chooser (cheaper of the two)|n200 m20 lognormal mixed lam=0.2|309
h10_elite_migration,Chooser (cheaper of the two),n200 m20 lognormal mixed lam=0.2,mixed,200,20,310,20000,4000,0.06455135345458984,0.002975374652622663,0.04062785717694825,0.06378294825897421,1.0385037366920296,23.125,0.115625,2.75,0.06378294825897421,0.2,,0.002975374652622663,0.002975374652622663,0,drift,0.0013012359794997248,0.1865419646357073,185,churn,0.04652056339604074,0.04652056339604074,0,churn,0.05081814765452084,0.05081814765452084,0,churn,0.0076876858912562915,0.0076876858912562915,0,churn,0.09539976269687306,0.09539976269687306,0,vm_fail,0.021767436631840543,0.021767436631840543,0,churn,0.010498199777660887,0.010498199777660887,0,vm_add,0.09102982538789392,0.09102982538789392,0,Chooser (cheaper of the two)|n200 m20 lognormal mixed lam=0.2|310
h10_elite_migration,GA continue,n200 m20 lognormal mixed lam=0.2,mixed,200,20,301,20000,4000,2.3190863132476807,0.022032926728679333,0.11957502016650468,0.20429831894594708,1.1165954863106697,19.0,0.10001717032967034,2.875,0.14218854675949388,0.2,,0.022032926728679333,0.2137334054620777,0,churn,0.13006947863967014,0.3470184262263693,30,drift,0.07942766222929822,0.3100939168767997,47,vm_fail,0.015471294669480221,0.021205808133737698,3,vm_fail,0.014095620384436123,0.02671578027813584,9,vm_add,0.15249612975316168,0.15249612975316168,0,vm_add,0.18363988164679573,0.18363988164679573,0,drift,0.19463762565262321,0.36241065348155455,41,vm_add,0.18676246835657206,0.23080595517102206,22,GA continue|n200 m20 lognormal mixed lam=0.2|301
h10_elite_migration,GA continue,n200 m20 lognormal mixed lam=0.2,mixed,200,20,302,20000,4000,2.225923538208008,0.026415370247047567,0.10101540639264281,0.2012252824895494,1.0976315825618657,26.5,0.1360248940677966,2.875,0.1314069787914715,0.2,,0.026415370247047567,0.14387540071873423,0,drift,0.18645786630137479,0.35874362338427374,47,vm_fail,0.03535975179131218,0.041573423909173395,3,drift,0.1001555652772829,0.18470583739097982,26,drift,0.11987390652718112,0.2230063330905984,29,churn,0.040758870510244655,0.18402835441467988,21,drift,0.11252520576664951,0.2597957345729092,37,vm_add,0.10281421542903316,0.1273296400181367,14,drift,0.11017786953806419,0.23061931313564424,35,GA continue|n200 m20 lognormal mixed lam=0.2|302
h10_elite_migration,GA continue,n200 m20 lognormal mixed lam=0.2,mixed,200,20,303,20000,4000,2.2965633869171143,0.11997212939165548,0.07611219817740397,0.11444179381720215,1.0731459539763324,8.375,0.04965765609682517,5.625,0.08696231714407904,0.2,,0.11997212939165548,0.22124172131583253,0,vm_fail,0.10862128008741277,0.10862128008741274,0,vm_add,0.1187349674949316,0.11873496749493162,0,churn,0.10292063566870262,0.22855503500563126,25,churn,0.1354733655247379,0.29023441756007096,20,vm_fail,0.06412662817710815,0.06526283972862715,1,vm_fail,0.037501156273624214,0.05273555112896088,12,vm_fail,0.02188618351824812,0.030676602301200808,8,vm_fail,0.019633368674466502,0.02071365723078187,1,GA continue|n200 m20 lognormal mixed lam=0.2|303
h10_elite_migration,GA continue,n200 m20 lognormal mixed lam=0.2,mixed,200,20,304,20000,4000,2.2729947566986084,0.023775797786096457,0.15425412793636234,0.24487465823966742,1.1513446660128435,22.75,0.11761612021857923,2.125,0.18218935695516997,0.2,,0.023775797786096457,0.0993318234656349,0,vm_add,0.04850351005611384,0.04850351005611384,0,drift,0.1801672508246253,0.35012674221171547,44,vm_add,0.10757999917303898,0.16670305344740943,23,drift,0.22318891142643815,0.4810263389255136,47,churn,0.21501427518399796,0.36543699361437143,24,vm_add,0.18321608454248303,0.23661903626088907,24,vm_add,0.1867166293061462,0.2176685959507405,18,vm_fail,0.08964636297805513,0.09291299545058601,2,GA continue|n200 m20 lognormal mixed lam=0.2|304
h10_elite_migration,GA continue,n200 m20 lognormal mixed lam=0.2,mixed,200,20,305,20000,4000,2.4216620922088623,0.01966516429028881,0.12530604020654554,0.16243997802281143,1.1210871138721008,13.0,0.07470859183256068,2.125,0.14185250667528665,0.2,,0.01966516429028881,0.08460288835029704,0,vm_fail,0.03694722468184386,0.09123610751344811,27,vm_add,0.10673886266116363,0.11575761173201665,5,churn,0.13571533825637527,0.2477467784666133,33,vm_add,0.15244049448918456,0.1563655034151722,3,vm_add,0.1612570237303006,0.16125702373030057,0,vm_add,0.2088528954232847,0.22060287634894726,4,churn,0.13336617806492831,0.22485839162396146,22,vm_fail,0.06713030434528351,0.08169553135203192,10,GA continue|n200 m20 lognormal mixed lam=0.2|305
h10_elite_migration,GA continue,n200 m20 lognormal mixed lam=0.2,mixed,200,20,306,20000,4000,2.347799301147461,0.027036151391656927,0.14969724304433918,0.2589236578711424,1.1460862599306627,21.125,0.10875000000000001,1.5,0.1756238413157456,0.2,,0.027036151391656927,0.16200312574337825,0,vm_add,0.0360705074788801,0.03924686457882482,1,vm_add,0.09354030898079259,0.0935403089807926,0,drift,0.11221175204927089,0.2722140567035864,40,vm_fail,0.07761953058858292,0.07761953058858294,0,churn,0.19452436510684734,0.3667748980940094,20,drift,0.17577903204920592,0.34186102429702614,32,drift,0.1898143955300681,0.4219037734436145,45,drift,0.31801805257106575,0.45822880628270235,31,GA continue|n200 m20 lognormal mixed lam=0.2|306
h10_elite_migration,GA continue,n200 m20 lognormal mixed lam=0.2,mixed,200,20,307,20000,4000,2.3572962284088135,0.07813807080212312,0.1670251147946914,0.26116336963900844,1.1640991530983746,15.5,0.09156249999999999,0.125,0.18812684355285533,0.2,,0.07813807080212312,0.3926996621287943,0,churn,0.11297391409364578,0.13235339362158252,7,churn,0.107132971670853,0.1654742101656351,11,vm_fail,0.08908552329032669,0.08908552329032669,0,drift,0.420698986945507,0.5229960781828784,7,churn,0.18677938099775326,0.4215065502418728,18,churn,0.1787039564530124,0.34135655854274305,22,vm_add,0.14173886332808153,0.2086888098170808,27,churn,0.09908732157835146,0.20784583324994804,32,GA continue|n200 m20 lognormal mixed lam=0.2|307
h10_elite_migration,GA continue,n200 m20 lognormal mixed lam=0.2,mixed,200,20,308,20000,4000,2.2326419353485107,0.02724275179514085,0.08794927824672942,0.24334051696414516,1.0854469460662945,21.625,0.11787450396825398,1.875,0.11448418564105464,0.2,,0.02724275179514085,0.13239366624040147,0,vm_fail,0.0157860248691124,0.03257583577251511,6,vm_add,0.027493790371390197,0.02854604705643164,1,vm_fail,0.01791632575891612,0.017916325758916118,0,churn,0.029804202487913534,0.13391921837801002,19,drift,0.0887917210987007,0.23429599527800035,38,drift,0.24170340520547987,0.37968290629759,24,churn,0.16202808779857542,0.8938522843623475,42,drift,0.12007066838374723,0.22593552280935048,43,GA continue|n200 m20 lognormal mixed lam=0.2|308
h10_elite_migration,GA continue,n200 m20 lognormal mixed lam=0.2,mixed,200,20,309,20000,4000,2.263112783432007,0.024198185464914482,0.1248422746191365,0.2213512699100101,1.1221477152622623,27.125,0.1439534182527095,1.375,0.1579904035471905,0.2,,0.024198185464914482,0.15709619733747124,0,vm_fail,0.020409624263944506,0.02873635670285644,7,drift,0.17079835555643874,0.31701247705872615,44,vm_add,0.1143743173438514,0.1844491231942773,27,churn,0.1567637384205548,0.3575321412733914,30,vm_fail,0.05995374735429083,0.09753623053293828,14,churn,0.043545664574929026,0.09988268896256394,21,drift,0.23738858701347093,0.3634993809782604,42,drift,0.19550416242561183,0.322161760577067,32,GA continue|n200 m20 lognormal mixed lam=0.2|309
h10_elite_migration,GA continue,n200 m20 lognormal mixed lam=0.2,mixed,200,20,310,20000,4000,2.2085788249969482,0.020322321385238377,0.09600066873587045,0.1888339771538985,1.0937780364777623,19.625,0.11481142241379311,3.25,0.12165105883392667,0.2,,0.020322321385238377,0.14980405377634215,0,drift,0.18718506820599531,0.3432788174520509,44,churn,0.13592117791886676,0.2722474575606827,25,churn,0.06342793964025269,0.2383373644589629,23,churn,0.08795184000598048,0.15557536957422416,16,churn,0.10332401283757646,0.224663473013907,32,vm_fail,0.008622411735900951,0.012100420052231504,3,churn,0.05888281297587991,0.1314549645134379,9,vm_add,0.12269008656651104,0.13301395060569082,5,GA continue|n200 m20 lognormal mixed lam=0.2|310
h10_elite_migration,QI-MRFO+CXM continue,n200 m20 lognormal mixed lam=0.2,mixed,200,20,301,20000,4000,10.377280235290527,0.0014307018820424065,0.0332441724006839,0.1061184665645927,1.0304924480765807,48.25,0.2534901287085515,2.125,0.08505340637585121,0.2,,0.0014307018820424065,0.06225845901833462,0,churn,0.011192138271674281,0.14020767730353373,66,drift,0.009139272564373859,0.1437019617370921,89,vm_fail,0.012929143230206098,0.08150648654461361,46,vm_fail,0.012123213683887888,0.04095948167092057,22,vm_add,0.026891090428244183,0.10212078933131873,58,vm_add,0.0268694735369522,0.06190338968384843,24,drift,0.04298681490605129,0.14651654765334582,74,vm_add,0.12382223258408143,0.1320313985920685,7,QI-MRFO+CXM continue|n200 m20 lognormal mixed lam=0.2|301
h10_elite_migration,QI-MRFO+CXM continue,n200 m20 lognormal mixed lam=0.2,mixed,200,20,302,20000,4000,10.302919626235962,0.0027998391476135266,0.02666124572097408,0.1239713240740416,1.0234811198520635,62.5,0.3238394050802139,1.625,0.09300015112008361,0.2,,0.0027998391476135266,0.06241220580765677,0,drift,0.03250130485781432,0.16290157771404468,87,vm_fail,0.01734102350442037,0.09443813199478873,56,drift,0.029035128022543287,0.12006990736124892,57,drift,0.04356799115291826,0.1382117334043021,66,churn,0.027993686089605077,0.14152147297378467,57,drift,0.013920657271574762,0.15638578175796397,87,vm_add,0.04264185379373483,0.05430835208465172,11,drift,0.006288321075181694,0.12393363530154795,79,QI-MRFO+CXM continue|n200 m20 lognormal mixed lam=0.2|302
h10_elite_migration,QI-MRFO+CXM continue,n200 m20 lognormal mixed lam=0.2,mixed,200,20,303,20000,4000,10.506807327270508,0.0013893381843933935,0.019032309079228905,0.07896332724021599,1.0162251425756992,36.5,0.2074563493536708,5.5,0.06144960926346918,0.2,,0.0013893381843933935,0.02835258509320053,0,vm_fail,0.011643041561391997,0.045344302286297315,30,vm_add,0.02014528699780204,0.03691104112641225,16,churn,0.020350649499367015,0.14161766966188244,63,churn,0.03608283233863259,0.18335189343660455,65,vm_fail,0.017700282553531937,0.08639800614579425,47,vm_fail,0.01698377646707046,0.033697644297544405,14,vm_fail,0.020805873096314743,0.07835412619027679,41,vm_fail,0.008546730119720456,0.02603193477691593,16,QI-MRFO+CXM continue|n200 m20 lognormal mixed lam=0.2|303
h10_elite_migration,QI-MRFO+CXM continue,n200 m20 lognormal mixed lam=0.2,mixed,200,20,304,20000,4000,11.000040292739868,0.0014239213992275736,0.03423312572056662,0.11382039357231455,1.031621718535976,48.75,0.25336768617021277,1.5,0.08642200331043344,0.2,,0.0014239213992275736,0.03588618720651799,0,vm_add,0.026438326178454357,0.03477149956095395,7,drift,0.05023732510125508,0.21381675424515043,99,vm_add,0.02856549010671246,0.06904888577361924,32,drift,0.013598312555432819,0.23514880013051773,114,churn,0.016696511615584043,0.09605383722153497,47,vm_add,0.050865211453052325,0.0639116454162779,11,vm_add,0.06228334312053022,0.09197015464778328,23,vm_fail,0.025180485633511652,0.1058415715826788,57,QI-MRFO+CXM continue|n200 m20 lognormal mixed lam=0.2|304
h10_elite_migration,QI-MRFO+CXM continue,n200 m20 lognormal mixed lam=0.2,mixed,200,20,305,20000,4000,10.484633445739746,0.0009032253936652734,0.04724777385326437,0.09736783557243354,1.0433467200371107,32.25,0.17897286968049403,1.75,0.0843601615542363,0.2,,0.0009032253936652734,0.024691511861046952,0,vm_fail,0.009247059066961551,0.07610842103573293,55,vm_add,0.08628443367110333,0.0962512782275675,9,churn,0.0592600245397538,0.16992684243770784,50,vm_add,0.05400115265161537,0.08539883701805354,27,vm_add,0.03578723769050863,0.05905852901038654,21,vm_add,0.0825341884070507,0.09351525327285576,9,churn,0.025741413198958785,0.12422092742311831,51,vm_fail,0.025126681600162817,0.07446259615404596,36,QI-MRFO+CXM continue|n200 m20 lognormal mixed lam=0.2|305
h10_elite_migration,QI-MRFO+CXM continue,n200 m20 lognormal mixed lam=0.2,mixed,200,20,306,20000,4000,10.713580131530762,0.0011918544660025404,0.02092924290214744,0.10895197168799944,1.0177116542886622,59.125,0.30387025523560207,1.125,0.08299519962875387,0.2,,0.0011918544660025404,0.0362783176405424,0,vm_add,0.013483579400230164,0.04836271249136502,28,vm_add,0.030253569778134374,0.06856269195503795,31,drift,0.02007957042808972,0.15085636326997992,86,vm_fail,0.014595617109584525,0.04115415455604699,20,churn,0.014766701612607317,0.09303992877928688,49,drift,0.011555455436405232,0.12690078148463158,85,drift,0.01364011625203764,0.17390758134632428,97,drift,0.049059333200090545,0.16883155962132282,77,QI-MRFO+CXM continue|n200 m20 lognormal mixed lam=0.2|306
h10_elite_migration,QI-MRFO+CXM continue,n200 m20 lognormal mixed lam=0.2,mixed,200,20,307,20000,4000,10.395378589630127,0.0010933428926233509,0.03821297494616887,0.13750057283410125,1.0356312941378814,52.125,0.3082565789473684,1.25,0.1020537591715845,0.2,,0.0010933428926233509,0.052829496426272736,0,churn,0.042187478669104425,0.13864041634874455,46,churn,0.010631939418670031,0.10272757490783012,53,vm_fail,0.015924773151151976,0.04525177042809773,23,drift,0.027937872429794272,0.12116460325456842,65,churn,0.01608639881399167,0.13190855873641563,61,churn,0.044171576377900014,0.20071042939262052,64,vm_add,0.10164816146877564,0.139733293680637,29,churn,0.04711559923996292,0.21986793592389597,76,QI-MRFO+CXM continue|n200 m20 lognormal mixed lam=0.2|307
h10_elite_migration,QI-MRFO+CXM continue,n200 m20 lognormal mixed lam=0.2,mixed,200,20,308,20000,4000,10.463289737701416,0.0012895153501454048,0.015474401919471971,0.08681031743089536,1.0131630709668409,49.375,0.26067673389516177,2.125,0.06835592990560774,0.2,,0.0012895153501454048,0.033231752660136005,0,vm_fail,0.01738980799923645,0.07083454822284614,38,vm_add,0.012277083773187102,0.05000392041696955,32,vm_fail,0.012250976070024053,0.026548714301889,12,churn,0.03825647380820812,0.08425415682349592,30,drift,0.0,0.09591956953526723,73,drift,0.01951949157616773,0.13060717719309067,81,churn,0.011531272918926474,0.10111638116253346,48,drift,0.012570109210025845,0.13519807179107085,81,QI-MRFO+CXM continue|n200 m20 lognormal mixed lam=0.2|308
h10_elite_migration,QI-MRFO+CXM continue,n200 m20 lognormal mixed lam=0.2,mixed,200,20,309,20000,4000,10.441817283630371,0.0012300337167735925,0.018330698941360565,0.10589634451295943,1.0158792344962673,56.125,0.30024243334053,1.875,0.07942329149608207,0.2,,0.0012300337167735925,0.056037492491454025,0,vm_fail,0.01227099966096109,0.03994462424138824,23,drift,0.025644027443278573,0.1489603830681106,85,vm_add,0.028886799253789886,0.06615398647670644,29,churn,0.028752023525083867,0.13522956955845858,54,vm_fail,0.019078947357766923,0.05063069582024933,26,churn,0.01039917641128826,0.1175128585472499,64,drift,0.00808960825573253,0.17169026075204533,95,drift,0.0135240096229834,0.11704837763946697,73,QI-MRFO+CXM continue|n200 m20 lognormal mixed lam=0.2|309
h10_elite_migration,QI-MRFO+CXM continue,n200 m20 lognormal mixed lam=0.2,mixed,200,20,310,20000,4000,10.531108140945435,0.001006769392029388,0.030496101873380758,0.13726831223374097,1.0283903999396056,58.5,0.34189571823204423,2.375,0.10034071083662019,0.2,,0.001006769392029388,0.04351032019915272,0,drift,0.03409866865759541,0.17159497875833787,99,churn,0.018534749762913107,0.18762602530171704,65,churn,0.014250221263619113,0.12063083126896454,58,churn,0.008170901348531823,0.1111275057795939,57,churn,0.013107185468790196,0.15017109338827536,70,vm_fail,0.014988205953945566,0.13109715297148805,67,churn,0.029812566729853454,0.09831927640856855,38,vm_add,0.11100631580179739,0.12757963399298247,14,QI-MRFO+CXM continue|n200 m20 lognormal mixed lam=0.2|310
h10_elite_migration,QI-MRFO+CXM continue+elite,n200 m20 lognormal mixed lam=0.2,mixed,200,20,301,20000,4000,10.284911155700684,0.0014307018820424065,0.0915385350537789,0.14114950199805168,1.0886445778140106,28.625,0.1514283816782075,2.875,0.12385436566839793,0.2,,0.0014307018820424065,0.06225845901833462,0,churn,0.03365331353632579,0.13134791995100606,49,drift,0.05090430069993273,0.1620559596242132,70,vm_fail,0.01176343060099497,0.026902744886642935,10,vm_fail,0.007259358073315842,0.015807547265820936,6,vm_add,0.1447268763443394,0.1447268763443394,0,vm_add,0.17566068072117358,0.1756606807211736,0,drift,0.11111245420468932,0.2754664209417576,94,vm_add,0.19722786624945965,0.19722786624945968,0,QI-MRFO+CXM continue+elite|n200 m20 lognormal mixed lam=0.2|301
h10_elite_migration,QI-MRFO+CXM continue+elite,n200 m20 lognormal mixed lam=0.2,mixed,200,20,302,20000,4000,10.61025619506836,0.0027998391476135266,0.02395609415506376,0.12254640296992511,1.0207794113482231,62.875,0.3231725543478261,2.0,0.0898208241830222,0.2,,0.0027998391476135266,0.06241220580765677,0,drift,0.0072906016800637465,0.1525852624628601,101,vm_fail,0.015127080755737635,0.04088154729592678,21,drift,0.01639865043136508,0.13577016861541957,79,drift,0.02925945062963201,0.11940304162577269,63,churn,0.037266003557898476,0.1327971091792519,49,drift,0.01878623122752846,0.18470844452057594,101,vm_add,0.05132613281126799,0.051326132811268,0,drift,0.016194602147016703,0.162899517248326,89,QI-MRFO+CXM continue+elite|n200 m20 lognormal mixed lam=0.2|302
h10_elite_migration,QI-MRFO+CXM continue+elite,n200 m20 lognormal mixed lam=0.2,mixed,200,20,303,20000,4000,10.47981858253479,0.0013893381843933935,0.02145394032832199,0.05101768072064864,1.0186377649958271,17.125,0.10172876656592664,6.375,0.0425068673683588,0.2,,0.0013893381843933935,0.02835258509320053,0,vm_fail,0.009527868998968196,0.020346817226896192,10,vm_add,0.01873755086203792,0.01873755086203792,0,churn,0.02026976988146612,0.0953114003933352,44,churn,0.06496936756006848,0.16740934619983117,45,vm_fail,0.007857044972358656,0.017253270408701858,8,vm_fail,0.014646242963203089,0.022235379677246283,6,vm_fail,0.02437752204735923,0.0545330616702885,23,vm_fail,0.011246155341114242,0.012314619326852001,1,QI-MRFO+CXM continue+elite|n200 m20 lognormal mixed lam=0.2|303
h10_elite_migration,QI-MRFO+CXM continue+elite,n200 m20 lognormal mixed lam=0.2,mixed,200,20,304,20000,4000,10.69202184677124,0.0014239213992275736,0.04967018464130114,0.10181753425233972,1.047016223304464,30.625,0.16062077702702704,1.875,0.08329145190917729,0.2,,0.0014239213992275736,0.03588618720651799,0,vm_add,0.025611758855653234,0.025611758855653238,0,drift,0.033964062051903436,0.15581374963368883,86,vm_add,0.055955561153062376,0.05595556115306237,0,drift,0.0654163509287597,0.262019279500652,105,churn,0.030593936529768703,0.12037385000311206,47,vm_add,0.06662801849561013,0.06877982234213618,2,vm_add,0.10452424152581984,0.10764163409771972,2,vm_fail,0.014667547589831716,0.01834461843269342,3,QI-MRFO+CXM continue+elite|n200 m20 lognormal mixed lam=0.2|304
h10_elite_migration,QI-MRFO+CXM continue+elite,n200 m20 lognormal mixed lam=0.2,mixed,200,20,305,20000,4000,10.694336652755737,0.0009032253936652734,0.07319476020797241,0.10767513052306243,1.069186814505592,20.875,0.11869391025641027,2.0,0.09829483391324792,0.2,,0.0009032253936652734,0.024691511861046952,0,vm_fail,0.009247059066961551,0.07610842103573293,55,vm_add,0.08906992996205647,0.08906992996205647,0,churn,0.08884359642969333,0.18063212058794623,44,vm_add,0.10328218686251377,0.10819442590129105,4,vm_add,0.07921532140205904,0.1087105863108373,19,vm_add,0.13220952322175156,0.13562714327330866,3,churn,0.06033253393433377,0.13970048632891713,42,vm_fail,0.02335793078440978,0.02335793078440978,0,QI-MRFO+CXM continue+elite|n200 m20 lognormal mixed lam=0.2|305
h10_elite_migration,QI-MRFO+CXM continue+elite,n200 m20 lognormal mixed lam=0.2,mixed,200,20,306,20000,4000,10.741561889648438,0.0011918544660025404,0.03145535369170859,0.11472488371379978,1.0282002567774238,50.625,0.26265625,0.875,0.0855766306788466,0.2,,0.0011918544660025404,0.0362783176405424,0,vm_add,0.013508906926597243,0.013508906926597243,0,vm_add,0.06972723886543894,0.06972723886543893,0,drift,0.04966689639243911,0.16478317462692324,76,vm_fail,0.017019956928746294,0.017019956928746294,0,churn,0.023616951910925915,0.15341222862669232,61,drift,0.014798974273868127,0.12404143418605652,80,drift,0.036779076122773445,0.1881193544847392,95,drift,0.02652482811287965,0.18718677506520448,93,QI-MRFO+CXM continue+elite|n200 m20 lognormal mixed lam=0.2|306
h10_elite_migration,QI-MRFO+CXM continue+elite,n200 m20 lognormal mixed lam=0.2,mixed,200,20,307,20000,4000,10.796082258224487,0.0010933428926233509,0.049061651159169065,0.1344056001194156,1.0464550553450804,44.625,0.265625,0.625,0.10421697033626198,0.2,,0.0010933428926233509,0.052829496426272736,0,churn,0.042187478669104425,0.13864041634874455,46,churn,0.044158779252486645,0.11337057023230006,37,vm_fail,0.0271378773808775,0.027137877380877504,0,drift,0.014630313594313264,0.1337861486143495,79,churn,0.008470289121198975,0.15982104720389761,66,churn,0.0394349015265543,0.18403857625057288,73,vm_add,0.12757870169834482,0.13439357847666708,6,churn,0.08889486803047261,0.1840565864479155,50,QI-MRFO+CXM continue+elite|n200 m20 lognormal mixed lam=0.2|307
h10_elite_migration,QI-MRFO+CXM continue+elite,n200 m20 lognormal mixed lam=0.2,mixed,200,20,308,20000,4000,10.641141176223755,0.0012895153501454048,0.023968287030880258,0.09835985326486298,1.0216346457596197,44.0,0.2343318198005698,2.0,0.07184568890966118,0.2,,0.0012895153501454048,0.033231752660136005,0,vm_fail,0.017948501156433542,0.05193830055876014,28,vm_add,0.03079028211646952,0.03079028211646952,0,vm_fail,0.018542835561835964,0.0208779589618995,2,churn,0.03825647380820812,0.0888065069018293,33,drift,0.0,0.11970962365653538,84,drift,0.008387900051615785,0.1307254480043945,80,churn,0.0514417982691419,0.2095890549316215,52,drift,0.026378505283337236,0.13444165098739402,73,QI-MRFO+CXM continue+elite|n200 m20 lognormal mixed lam=0.2|308
h10_elite_migration,QI-MRFO+CXM continue+elite,n200 m20 lognormal mixed lam=0.2,mixed,200,20,309,20000,4000,10.731040239334106,0.0012300337167735925,0.028657658955224867,0.11363933415239802,1.026179812976483,48.5,0.2597169502617801,1.875,0.08187118633703719,0.2,,0.0012300337167735925,0.056037492491454025,0,vm_fail,0.007058866244110454,0.008400644200756128,1,drift,0.02720701626981065,0.2166167448320354,111,vm_add,0.07509141510196696,0.07509141510196694,0,churn,0.03465670587190623,0.136331150561724,50,vm_fail,0.020920770140182718,0.020920770140182718,0,churn,0.01697036347775752,0.14251099598362013,60,drift,0.012966603740929237,0.17273923074374273,94,drift,0.03438953079513519,0.13650372165515615,72,QI-MRFO+CXM continue+elite|n200 m20 lognormal mixed lam=0.2|309
h10_elite_migration,QI-MRFO+CXM continue+elite,n200 m20 lognormal mixed lam=0.2,mixed,200,20,310,20000,4000,10.58234453201294,0.001006769392029388,0.02776711908674214,0.10212025460634938,1.0256669512720897,41.25,0.24130434782608695,2.0,0.07696679638377989,0.2,,0.001006769392029388,0.04351032019915272,0,drift,0.03086976220931709,0.16736993539548806,90,churn,0.012993622119737301,0.10821850690279149,50,churn,0.020970192871756582,0.1071371937807393,43,churn,0.019074392769174376,0.092134973254703,39,churn,0.013657459337117182,0.11206623645193134,45,vm_fail,0.016204278803900345,0.04772145677822153,24,churn,0.013786768298464659,0.0877332580024507,39,vm_add,0.09458047628446961,0.09458047628446963,0,QI-MRFO+CXM continue+elite|n200 m20 lognormal mixed lam=0.2|310
h10_elite_migration,(1+1)-EA+CXM continue,n200 m20 lognormal mixed lam=1.0,mixed,200,20,301,20000,4000,1.7141034603118896,0.0006356604173605039,0.19941069455584814,0.2801882765991254,1.1962131166092316,10.5,0.057812499999999996,2.375,0.2643425456445129,1.0,,0.0006356604173605039,0.042827833186112656,0,churn,0.017610422382821816,0.32229595162818325,34,drift,0.12198970683108606,0.3594665977948382,36,vm_fail,0.04725279904114829,0.04725279904114829,0,vm_fail,0.030171164476282347,0.03017116447628235,0,vm_add,0.17076561241053242,0.17076561241053245,0,vm_add,0.20240305814002174,0.20240305814002177,0,drift,0.44649209604818824,0.5505503321852924,14,vm_add,0.5586006971167042,0.5586006971167043,0,(1+1)-EA+CXM continue|n200 m20 lognormal mixed lam=1.0|301
h10_elite_migration,(1+1)-EA+CXM continue,n200 m20 lognormal mixed lam=1.0,mixed,200,20,302,20000,4000,1.6911289691925049,0.0004559558128719511,0.1365457726991836,0.30961154577554617,1.1330173794401182,24.25,0.12390625,2.75,0.27660478680573,1.0,,0.0004559558128719511,0.02592810745539296,0,drift,0.05444455308299163,0.37602310038786263,47,vm_fail,0.023236617997280436,0.023236617997280436,0,drift,0.0811285349481343,0.27476627299020395,32,drift,0.19655525026654982,0.3208128620715127,19,churn,0.15004832817719238,0.28413547623402446,17,drift,0.1958306220580913,0.49521135560310164,35,vm_add,0.23402529878208594,0.23402529878208592,0,drift,0.15709697628114316,0.4686813821382976,44,(1+1)-EA+CXM continue|n200 m20 lognormal mixed lam=1.0|302
h10_elite_migration,(1+1)-EA+CXM continue,n200 m20 lognormal mixed lam=1.0,mixed,200,20,303,20000,4000,1.5955650806427002,0.0006978326714735734,0.025263793534539405,0.1066894724967879,1.0224385437190955,10.5,0.06358633331102256,5.5,0.09044149830002457,1.0,,0.0006978326714735734,0.06520182610626442,0,vm_fail,0.013094135150382678,0.04945362647877544,7,vm_add,0.022336351208596637,0.022336351208596648,0,churn,0.014803552884598172,0.31460227629858073,39,churn,0.039581796400671755,0.3077973234624199,30,vm_fail,0.028338788533670684,0.03954029189844553,2,vm_fail,0.029975944164849083,0.06580613069393874,6,vm_fail,0.033045654958542246,0.03304565495854224,0,vm_fail,0.02093412497500398,0.02093412497500398,0,(1+1)-EA+CXM continue|n200 m20 lognormal mixed lam=1.0|303
h10_elite_migration,(1+1)-EA+CXM continue,n200 m20 lognormal mixed lam=1.0,mixed,200,20,304,20000,4000,1.5541179180145264,0.0005276873819234414,0.19410911249374352,0.3051551791111018,1.191092279779118,12.875,0.0678125,1.625,0.2774843362299261,1.0,,0.0005276873819234414,0.02242114220457425,0,vm_add,0.024693877699439953,0.024693877699439953,0,drift,0.19033258462310335,0.4396160835358163,33,vm_add,0.21564990359536093,0.215649903595361,0,drift,0.28646414449339547,0.7083396761802416,48,churn,0.1770583181689696,0.39426782050827675,22,vm_add,0.2215819492578204,0.22158194925782038,0,vm_add,0.2686299201456366,0.2686299201456365,0,vm_fail,0.168462201966222,0.168462201966222,0,(1+1)-EA+CXM continue|n200 m20 lognormal mixed lam=1.0|304
h10_elite_migration,(1+1)-EA+CXM continue,n200 m20 lognormal mixed lam=1.0,mixed,200,20,305,20000,4000,1.710726022720337,0.00035838912941061815,0.09401345053209802,0.15483573985539087,1.0899235567214598,7.5,0.04447751322751323,2.375,0.14160681458480154,1.0,,0.00035838912941061815,0.015942738920234872,0,vm_fail,0.03368646361236391,0.15193321826426043,20,vm_add,0.115442283844546,0.11544228384454602,0,churn,0.07002994573205157,0.3002385733427635,25,vm_add,0.09143247368175163,0.09143247368175163,0,vm_add,0.09978227253464943,0.09978227253464941,0,vm_add,0.15818898801644515,0.15818898801644518,0,churn,0.11114583932505563,0.24926877164879005,15,vm_fail,0.07239933750992084,0.07239933750992086,0,(1+1)-EA+CXM continue|n200 m20 lognormal mixed lam=1.0|305
h10_elite_migration,(1+1)-EA+CXM continue,n200 m20 lognormal mixed lam=1.0,mixed,200,20,306,20000,4000,1.6166205406188965,0.0005183697211894313,0.1323298496025763,0.32622945825563465,1.128775219751544,24.375,0.1275,1.0,0.27743583280599315,1.0,,0.0005183697211894313,0.0415707928396334,0,vm_add,0.012827136709927496,0.012827136709927495,0,vm_add,0.06900765153232867,0.06900765153232867,0,drift,0.25285604370436005,0.42720947912341883,26,vm_fail,0.21388947673334077,0.21388947673334074,0,churn,0.07554021257815727,0.384380079597715,36,drift,0.17949768908864755,0.37112123580795964,24,drift,0.13103031917552732,0.6067132639180874,53,drift,0.12399026729832115,0.524687342622299,56,(1+1)-EA+CXM continue|n200 m20 lognormal mixed lam=1.0|306
h10_elite_migration,(1+1)-EA+CXM continue,n200 m20 lognormal mixed lam=1.0,mixed,200,20,307,20000,4000,1.656123399734497,0.0004217004888236355,0.1534216211315162,0.3238651428727949,1.150530115062272,18.75,0.11265625,0.625,0.28088706602203717,1.0,,0.0004217004888236355,0.05290024070054832,0,churn,0.014214208177632394,0.276881432482882,36,churn,0.04822838786311934,0.25385333479801675,25,vm_fail,0.031141147030239354,0.03114114703023935,0,drift,0.1960687223914237,0.4039979716028912,29,churn,0.24454970026120268,0.44359565278794383,19,churn,0.18997557678848997,0.42440556547081726,20,vm_add,0.30111912803143537,0.30111912803143537,0,churn,0.2020760985085868,0.4559269107781331,21,(1+1)-EA+CXM continue|n200 m20 lognormal mixed lam=1.0|307
h10_elite_migration,(1+1)-EA+CXM continue,n200 m20 lognormal mixed lam=1.0,mixed,200,20,308,20000,4000,1.7140154838562012,0.0004407812323239611,0.07680685414933393,0.24925268099570053,1.0743372527532042,22.0,0.12192490183246074,1.625,0.20951131118552602,1.0,,0.0004407812323239611,0.03279603558980968,0,vm_fail,0.039264894491247614,0.08036842638445327,7,vm_add,0.05237558930473754,0.052375589304737534,0,vm_fail,0.042566196722467475,0.042566196722467475,0,churn,0.029804202487913534,0.32299997741043435,37,drift,0.09645942778096253,0.3032986940787058,27,drift,0.2177806610005259,0.5231638687319579,36,churn,0.055406691019878586,0.3783549390786346,38,drift,0.08079717038693819,0.2908937562542134,31,(1+1)-EA+CXM continue|n200 m20 lognormal mixed lam=1.0|308
h10_elite_migration,(1+1)-EA+CXM continue,n200 m20 lognormal mixed lam=1.0,mixed,200,20,309,20000,4000,1.6116621494293213,0.000290945526970815,0.19618147904886946,0.3682769169507424,1.1933079130310662,20.0,0.10999999999999999,1.5,0.32726747113805343,1.0,,0.000290945526970815,0.029922260637064303,0,vm_fail,0.015621852336709202,0.015621852336709202,0,drift,0.3195476967541507,0.5088391825344605,26,vm_add,0.3810598819209548,0.3810598819209548,0,churn,0.14800885201092034,0.49301271195961255,31,vm_fail,0.13276807144942662,0.13276807144942665,0,churn,0.04407787943684457,0.3702170935503043,33,drift,0.302750940614397,0.4942895211433341,27,drift,0.22561665786755222,0.5504070207111373,43,(1+1)-EA+CXM continue|n200 m20 lognormal mixed lam=1.0|309
h10_elite_migration,(1+1)-EA+CXM continue,n200 m20 lognormal mixed lam=1.0,mixed,200,20,310,20000,4000,1.5583860874176025,0.00030302904524236917,0.08493330395205104,0.2656772849620374,1.0827386904649603,20.875,0.12589673913043478,2.0,0.22087654356534037,1.0,,0.00030302904524236917,0.03619680219989585,0,drift,0.2716055058923874,0.5027881371560572,26,churn,0.08585656724654514,0.37421132164010035,32,churn,0.07938580703062745,0.2633066419633219,21,churn,0.062844069758556,0.2637469378209671,26,churn,0.015764164380799778,0.3095231748308906,36,vm_fail,0.0447366701074823,0.07351345156406822,5,churn,0.0190310001519692,0.23808596767285284,21,vm_add,0.10024264704804109,0.10024264704804109,0,(1+1)-EA+CXM continue|n200 m20 lognormal mixed lam=1.0|310
h10_elite_migration,Chooser (cheaper of the two),n200 m20 lognormal mixed lam=1.0,mixed,200,20,301,20000,4000,0.06888175010681152,0.0025710510296370966,0.37305852500764236,0.49096160993633664,1.3694988481745676,23.5,0.1175,2.0,0.49096160993633664,1.0,,0.0025710510296370966,0.0025710510296370966,0,churn,0.009309868518590655,0.009309868518590655,0,drift,0.5886873034543303,0.5886873034543303,0,vm_fail,0.4828631806638827,0.4828631806638827,0,vm_fail,0.4586763491892026,0.4586763491892026,0,vm_add,0.6577518068421672,0.6577518068421672,0,vm_add,0.7025490166901288,0.7025490166901288,0,drift,0.0034305100314408073,0.946655189460995,188,vm_add,0.08120016467139586,0.08120016467139586,0,Chooser (cheaper of the two)|n200 m20 lognormal mixed lam=1.0|301
h10_elite_migration,Chooser (cheaper of the two),n200 m20 lognormal mixed lam=1.0,mixed,200,20,302,20000,4000,0.11151313781738281,0.002375561118700424,0.35792259308328334,0.590309837005659,1.3537173746842384,46.375,0.231875,2.625,0.590309837005659,1.0,,0.002375561118700424,0.002375561118700424,0,drift,0.0018888374030291168,0.9436643445618763,188,vm_fail,0.1913000136963339,0.1913000136963339,0,drift,0.5295854961821923,0.5295854961821923,0,drift,0.6945645912461951,0.6945645912461951,0,churn,0.5308913038886324,0.5308913038886324,0,drift,0.002538190404544649,0.919860634624703,183,vm_add,0.03455913164792756,0.03455913164792756,0,drift,0.8780531801974113,0.8780531801974113,0,Chooser (cheaper of the two)|n200 m20 lognormal mixed lam=1.0|302
h10_elite_migration,Chooser (cheaper of the two),n200 m20 lognormal mixed lam=1.0,mixed,200,20,303,20000,4000,0.08133435249328613,0.0022221026374248053,0.06446475717486938,0.06446475717486938,1.0615377128010934,0.0,0.0,5.375,0.06446475717486938,1.0,,0.0022221026374248053,0.0022221026374248053,0,vm_fail,0.06460821101818892,0.06460821101818892,0,vm_add,0.07432037769865064,0.07432037769865064,0,churn,0.08312750499335539,0.08312750499335539,0,churn,0.014759041489331463,0.014759041489331463,0,vm_fail,0.10023518780876252,0.10023518780876252,0,vm_fail,0.09617384348335292,0.09617384348335292,0,vm_fail,0.045621676105090325,0.045621676105090325,0,vm_fail,0.03687221480222294,0.03687221480222294,0,Chooser (cheaper of the two)|n200 m20 lognormal mixed lam=1.0|303
h10_elite_migration,Chooser (cheaper of the two),n200 m20 lognormal mixed lam=1.0,mixed,200,20,304,20000,4000,0.07106184959411621,0.004035167822420642,0.02688690319731482,0.2629785737187703,1.024284859425797,47.125,0.235625,1.875,0.2629785737187703,1.0,,0.004035167822420642,0.004035167822420642,0,vm_add,0.02828607587531719,0.02828607587531719,0,drift,0.001741013465093502,0.9383688610549561,187,vm_add,0.02304715688510126,0.02304715688510126,0,drift,0.0022163332439807315,0.9543218498257624,190,churn,0.01086352506308381,0.01086352506308381,0,vm_add,0.049100640400833034,0.049100640400833034,0,vm_add,0.08950567128554406,0.08950567128554406,0,vm_fail,0.010334809359564975,0.010334809359564975,0,Chooser (cheaper of the two)|n200 m20 lognormal mixed lam=1.0|304
h10_elite_migration,Chooser (cheaper of the two),n200 m20 lognormal mixed lam=1.0,mixed,200,20,305,20000,4000,0.07276725769042969,0.004074660103952225,0.12241736379431101,0.12241736379431101,1.1182586520442572,0.0,0.0,2.625,0.12241736379431101,1.0,,0.004074660103952225,0.004074660103952225,0,vm_fail,0.15587019897515159,0.15587019897515159,0,vm_add,0.24728971497510818,0.24728971497510818,0,churn,0.06049463666872416,0.06049463666872416,0,vm_add,0.08170644124703552,0.08170644124703552,0,vm_add,0.08998183291815624,0.08998183291815624,0,vm_add,0.14786807129955482,0.14786807129955482,0,churn,0.1146049080457774,0.1146049080457774,0,vm_fail,0.08152310622498021,0.08152310622498021,0,Chooser (cheaper of the two)|n200 m20 lognormal mixed lam=1.0|305
h10_elite_migration,Chooser (cheaper of the two),n200 m20 lognormal mixed lam=1.0,mixed,200,20,306,20000,4000,0.0774691104888916,0.003710113737548547,0.28172279632522457,0.5168007437593327,1.2777228764440056,46.875,0.234375,0.75,0.5168007437593327,1.0,,0.003710113737548547,0.003710113737548547,0,vm_add,0.016058146805325232,0.016058146805325232,0,vm_add,0.0724178825470488,0.0724178825470488,0,drift,0.6483093071180913,0.6483093071180913,0,vm_fail,0.5970432775311136,0.5970432775311136,0,churn,0.26146989949367744,0.26146989949367744,0,drift,0.6524849237516346,0.6524849237516346,0,drift,0.0030275031680183405,0.9358430811142756,186,drift,0.0029714301868870975,0.9507794317134952,189,Chooser (cheaper of the two)|n200 m20 lognormal mixed lam=1.0|306
h10_elite_migration,Chooser (cheaper of the two),n200 m20 lognormal mixed lam=1.0,mixed,200,20,307,20000,4000,0.06917357444763184,0.0009668615253899487,0.3689756147918245,0.3689756147918245,1.3654727120976262,0.0,0.0,0.5,0.3689756147918245,1.0,,0.0009668615253899487,0.0009668615253899487,0,churn,0.03267756475653051,0.03267756475653051,0,churn,0.02467736963626279,0.02467736963626279,0,vm_fail,0.09525396432019291,0.09525396432019291,0,drift,0.8906606914616446,0.8906606914616446,0,churn,0.5394638755504629,0.5394638755504629,0,churn,0.3587279843073214,0.3587279843073214,0,vm_add,0.48563298664076543,0.48563298664076543,0,churn,0.5247104816614157,0.5247104816614157,0,Chooser (cheaper of the two)|n200 m20 lognormal mixed lam=1.0|307
h10_elite_migration,Chooser (cheaper of the two),n200 m20 lognormal mixed lam=1.0,mixed,200,20,308,20000,4000,0.06432652473449707,0.002325846772371159,0.4718633066175032,0.4718633066175032,1.468621494673567,0.0,0.0,1.875,0.4718633066175032,1.0,,0.002325846772371159,0.002325846772371159,0,vm_fail,0.10831032421364581,0.10831032421364581,0,vm_add,0.1222920515830846,0.1222920515830846,0,vm_fail,0.11183095438753583,0.11183095438753583,0,churn,0.5052323984688708,0.5052323984688708,0,drift,0.7072969425688753,0.7072969425688753,0,drift,0.8639544188603937,0.8639544188603937,0,churn,0.7136571417872768,0.7136571417872768,0,drift,0.6423322210703429,0.6423322210703429,0,Chooser (cheaper of the two)|n200 m20 lognormal mixed lam=1.0|308
h10_elite_migration,Chooser (cheaper of the two),n200 m20 lognormal mixed lam=1.0,mixed,200,20,309,20000,4000,0.06621837615966797,0.00454000159338466,0.4484666559895917,0.5624652339046126,1.4449943553475282,22.75,0.11375,1.0,0.5624652339046126,1.0,,0.00454000159338466,0.00454000159338466,0,vm_fail,0.07148981141194245,0.07148981141194245,0,drift,0.7351179755132089,0.7351179755132089,0,vm_add,0.8160024319512426,0.8160024319512426,0,churn,0.4091696546201247,0.4091696546201247,0,vm_fail,0.3904617453192852,0.3904617453192852,0,churn,0.3197286305246056,0.3197286305246056,0,drift,0.002185300351832569,0.9141739236720002,182,drift,0.8435776982244909,0.8435776982244909,0,Chooser (cheaper of the two)|n200 m20 lognormal mixed lam=1.0|309
h10_elite_migration,Chooser (cheaper of the two),n200 m20 lognormal mixed lam=1.0,mixed,200,20,310,20000,4000,0.0711967945098877,0.002975374652622663,0.04062785717694825,0.15640331258707793,1.0385037366920296,23.125,0.115625,2.75,0.15640331258707793,1.0,,0.002975374652622663,0.002975374652622663,0,drift,0.0013012359794997248,0.9275048792605372,185,churn,0.04652056339604074,0.04652056339604074,0,churn,0.05081814765452084,0.05081814765452084,0,churn,0.0076876858912562915,0.0076876858912562915,0,churn,0.09539976269687306,0.09539976269687306,0,vm_fail,0.021767436631840543,0.021767436631840543,0,churn,0.010498199777660887,0.010498199777660887,0,vm_add,0.09102982538789392,0.09102982538789392,0,Chooser (cheaper of the two)|n200 m20 lognormal mixed lam=1.0|310
h10_elite_migration,GA continue,n200 m20 lognormal mixed lam=1.0,mixed,200,20,301,20000,4000,2.5138401985168457,0.022032926728679333,0.2543887322347524,0.3391017465059043,1.2510352984291015,5.75,0.03140625,3.375,0.2935544710143434,1.0,,0.022032926728679333,0.2137334054620777,0,churn,0.12984119315177006,0.42843310657294015,17,drift,0.17694876386213781,0.35646903960648973,16,vm_fail,0.0985509758051674,0.09855097580516742,0,vm_fail,0.0806326218635386,0.0806326218635386,0,vm_add,0.22811388723935988,0.22811388723935982,0,vm_add,0.26130104788475045,0.26130104788475045,0,drift,0.5509648244980007,0.6013990415987166,5,vm_add,0.508756543573294,0.6579142514762717,8,GA continue|n200 m20 lognormal mixed lam=1.0|301
h10_elite_migration,GA continue,n200 m20 lognormal mixed lam=1.0,mixed,200,20,302,20000,4000,2.3551437854766846,0.026415370247047567,0.2039678178181264,0.3150811231549095,1.20026869766818,11.875,0.060781249999999995,2.625,0.27769796525779067,1.0,,0.026415370247047567,0.14387540071873423,0,drift,0.3014791501694145,0.48785958809266217,18,vm_fail,0.1474421022040033,0.1474421022040033,0,drift,0.12693390228282464,0.2605479411916679,15,drift,0.21119380658059625,0.3161047750944824,13,churn,0.13478133282067084,0.2564755166490218,9,drift,0.14948771476338116,0.3749844296370607,26,vm_add,0.186202204971057,0.18620220497105694,0,drift,0.37422232875306327,0.49103242739932074,14,GA continue|n200 m20 lognormal mixed lam=1.0|302
h10_elite_migration,GA continue,n200 m20 lognormal mixed lam=1.0,mixed,200,20,303,20000,4000,2.359689950942993,0.11997212939165548,0.09496107266611904,0.13970087440608686,1.0919489377343936,3.125,0.018695868608666594,4.75,0.11615729220231859,1.0,,0.11997212939165548,0.22124172131583253,0,vm_fail,0.10862128008741277,0.10862128008741274,0,vm_add,0.1187349674949316,0.11873496749493162,0,churn,0.16547846751208975,0.3299777892998457,9,churn,0.15451877286522112,0.3030483425673927,9,vm_fail,0.08365908998038464,0.09562039569745864,2,vm_fail,0.05615015947003285,0.05615015947003286,0,vm_fail,0.04237336645979745,0.07530158317253836,5,vm_fail,0.030152477459082175,0.030152477459082172,0,GA continue|n200 m20 lognormal mixed lam=1.0|303
h10_elite_migration,GA continue,n200 m20 lognormal mixed lam=1.0,mixed,200,20,304,20000,4000,2.264636754989624,0.023775797786096457,0.36884100208074866,0.4627495984406582,1.3653762380354308,6.25,0.032343750000000004,2.25,0.41639455658445573,1.0,,0.023775797786096457,0.0993318234656349,0,vm_add,0.04850351005611384,0.04850351005611384,0,drift,0.26986470891679604,0.44468583092010666,13,vm_add,0.2968736056760485,0.2968736056760485,0,drift,0.645430753178275,0.8868445373212386,17,churn,0.5379992564679049,0.7470379291578514,7,vm_add,0.39269903821407803,0.5106677368935908,12,vm_add,0.43524123331929293,0.4432677266828361,1,vm_fail,0.3241159108174796,0.3241159108174796,0,GA continue|n200 m20 lognormal mixed lam=1.0|304
h10_elite_migration,GA continue,n200 m20 lognormal mixed lam=1.0,mixed,200,20,305,20000,4000,2.5327696800231934,0.01966516429028881,0.21237500091625935,0.2527527333447286,1.207813423730877,4.125,0.023141447368421053,2.5,0.2399987598682069,1.0,,0.01966516429028881,0.08460288835029704,0,vm_fail,0.05938006062863118,0.12415818333423553,9,vm_add,0.1323607833621168,0.1389116888521141,1,churn,0.25646714813642696,0.37129070220219995,8,vm_add,0.2815987562406022,0.28159875624060227,0,vm_add,0.23725032320830103,0.28922756251960485,8,vm_add,0.30295762674652055,0.30295762674652055,0,churn,0.24235504398724964,0.3209337459045052,6,vm_fail,0.18663026502022648,0.19294360095804655,1,GA continue|n200 m20 lognormal mixed lam=1.0|305
h10_elite_migration,GA continue,n200 m20 lognormal mixed lam=1.0,mixed,200,20,306,20000,4000,2.4537546634674072,0.027036151391656927,0.2282497080411883,0.35497005366091705,1.224407300818597,11.5,0.05828125,1.5,0.3025673684882225,1.0,,0.027036151391656927,0.16200312574337825,0,vm_add,0.03967115046719913,0.03967115046719913,0,vm_add,0.09734067605769849,0.09734067605769849,0,drift,0.3700590898414251,0.4416277782167844,9,vm_fail,0.32744725143682274,0.3274472514368227,0,churn,0.18675221273092285,0.27355722229754204,5,drift,0.22009568688725187,0.4062205629991856,21,drift,0.3334779182547479,0.6568095544344053,27,drift,0.25115367865343835,0.597086233377699,30,GA continue|n200 m20 lognormal mixed lam=1.0|306
h10_elite_migration,GA continue,n200 m20 lognormal mixed lam=1.0,mixed,200,20,307,20000,4000,2.3078176975250244,0.07813807080212312,0.22192263900350845,0.2936445480882886,1.2188448460025008,4.25,0.026253140703517586,0.125,0.2530699836310444,1.0,,0.07813807080212312,0.3926996621287943,0,churn,0.11297391409364578,0.15273365668123365,3,churn,0.1417833326012173,0.31489320050687575,9,vm_fail,0.09616968022036367,0.10445486458459237,1,drift,0.421437139390971,0.43592394311277893,1,churn,0.16768563062089145,0.29635677709297176,8,churn,0.19827130883035096,0.3651496034695429,8,vm_add,0.3101896802774056,0.31018968027740557,0,churn,0.32687042599322147,0.36945465898090796,4,GA continue|n200 m20 lognormal mixed lam=1.0|307
h10_elite_migration,GA continue,n200 m20 lognormal mixed lam=1.0,mixed,200,20,308,20000,4000,2.4899325370788574,0.02724275179514085,0.12163018381258948,0.272540511114247,1.119041975434644,12.125,0.06662450396825398,1.875,0.19967832317848735,1.0,,0.02724275179514085,0.13239366624040147,0,vm_fail,0.018689252927499612,0.054675147850598314,6,vm_add,0.031540378733545954,0.03154037873354596,0,vm_fail,0.021925195103007753,0.02192519510300776,0,churn,0.034933085155209896,0.2334507820299139,17,drift,0.10664245543386057,0.3222246244182176,19,drift,0.2634566016855789,0.41777379197843023,16,churn,0.29234647422367593,0.7411110872784796,20,drift,0.20350802723833716,0.3576230815217824,19,GA continue|n200 m20 lognormal mixed lam=1.0|308
h10_elite_migration,GA continue,n200 m20 lognormal mixed lam=1.0,mixed,200,20,309,20000,4000,2.2946016788482666,0.024198185464914482,0.23024671889717313,0.3366634452151967,1.2273015262649603,9.875,0.053023435434840074,1.375,0.297576669427983,1.0,,0.024198185464914482,0.15709619733747124,0,vm_fail,0.01911258506871176,0.03653782395750785,2,drift,0.19004116554428843,0.36033012211588406,20,vm_add,0.24551625955653483,0.24551625955653483,0,churn,0.20925980700982882,0.39754625959653717,14,vm_fail,0.18385320271649552,0.190346512557337,1,churn,0.2071367112251751,0.34215986495808454,9,drift,0.510626901542879,0.6625103302807038,16,drift,0.2764271185134714,0.45836038869898416,17,GA continue|n200 m20 lognormal mixed lam=1.0|309
h10_elite_migration,GA continue,n200 m20 lognormal mixed lam=1.0,mixed,200,20,310,20000,4000,2.245297908782959,0.020322321385238377,0.10214480486886954,0.20965268479657753,1.0999089362101504,8.375,0.04890625,3.125,0.15689158284362437,1.0,,0.020322321385238377,0.14980405377634215,0,drift,0.16394023342728878,0.4172879160408246,22,churn,0.16473968591294086,0.3384059568058538,12,churn,0.11135440640065507,0.21143511556689232,7,churn,0.07530582393365487,0.19702593709907193,10,churn,0.10335673617121438,0.168729638187975,5,vm_fail,0.012072802415243354,0.012072802415243354,0,churn,0.051302609401216254,0.1971779709680165,11,vm_add,0.13508614128874277,0.13508614128874274,0,GA continue|n200 m20 lognormal mixed lam=1.0|310
h10_elite_migration,QI-MRFO+CXM continue,n200 m20 lognormal mixed lam=1.0,mixed,200,20,301,20000,4000,10.641491174697876,0.0014307018820424065,0.15807022940977816,0.27739062718438573,1.1549874321235347,16.75,0.08786658653846154,1.625,0.2599744104397085,1.0,,0.0014307018820424065,0.06225845901833462,0,churn,0.06098645262211045,0.2722861724836553,24,drift,0.1371052091437086,0.38092260770686504,36,vm_fail,0.0688488985933115,0.14051599488157315,11,vm_fail,0.05073514908451147,0.08705624768332476,5,vm_add,0.16862985836239086,0.23681942136943301,11,vm_add,0.17828062530432617,0.24108558904871388,10,drift,0.2898113901892321,0.4496925726852597,23,vm_add,0.3101642519786342,0.410746411616261,14,QI-MRFO+CXM continue|n200 m20 lognormal mixed lam=1.0|301
h10_elite_migration,QI-MRFO+CXM continue,n200 m20 lognormal mixed lam=1.0,mixed,200,20,302,20000,4000,10.489485740661621,0.0027998391476135266,0.09197318617578029,0.31427036594062374,1.0886039260755311,32.125,0.16678427419354838,1.75,0.2741450227199008,1.0,,0.0027998391476135266,0.06241220580765677,0,drift,0.13156781381837981,0.39765544560208516,40,vm_fail,0.08555943910442801,0.21000337631708585,18,drift,0.06607332720579477,0.22028486571393172,27,drift,0.12330902435517228,0.3273969511580454,28,churn,0.060527459965234585,0.36901291360965793,34,drift,0.04974816766828483,0.4144299335852124,57,vm_add,0.06308545738704567,0.1330278726939552,13,drift,0.15591479990190243,0.44235156884501603,40,QI-MRFO+CXM continue|n200 m20 lognormal mixed lam=1.0|302
h10_elite_migration,QI-MRFO+CXM continue,n200 m20 lognormal mixed lam=1.0,mixed,200,20,303,20000,4000,10.647641658782959,0.0013893381843933935,0.03969833591274756,0.1354057407477387,1.0368418876946006,14.0,0.07947206301201011,5.375,0.12268015688205601,1.0,,0.0013893381843933935,0.02835258509320053,0,vm_fail,0.027807530118448245,0.08933107589583317,11,vm_add,0.03674185608115027,0.06266040248317903,5,churn,0.08849324302707834,0.27602963759612587,21,churn,0.03650936070462674,0.23870161353051816,27,vm_fail,0.04571587168550219,0.13181514925471666,14,vm_fail,0.027927718761817266,0.09918651163300596,13,vm_fail,0.019045986486751855,0.12389720294490791,16,vm_fail,0.03534512043660554,0.06162433264362296,5,QI-MRFO+CXM continue|n200 m20 lognormal mixed lam=1.0|303
h10_elite_migration,QI-MRFO+CXM continue,n200 m20 lognormal mixed lam=1.0,mixed,200,20,304,20000,4000,11.207753658294678,0.0014239213992275736,0.1273529048077101,0.27093610579902283,1.1245189301653307,20.25,0.10559689153439153,1.375,0.24877756437880819,1.0,,0.0014239213992275736,0.03588618720651799,0,vm_add,0.02554645293796469,0.06529037904202097,6,drift,0.15294409917569077,0.43815339034241074,39,vm_add,0.1748171551930269,0.2545873875691797,13,drift,0.23772578204845676,0.5400170826043524,41,churn,0.06735134694440639,0.24174572435507605,22,vm_add,0.10319692547690865,0.14590246051893674,7,vm_add,0.12563260240497262,0.17716747962269944,9,vm_fail,0.13160887428025414,0.30462494233750653,25,QI-MRFO+CXM continue|n200 m20 lognormal mixed lam=1.0|304
h10_elite_migration,QI-MRFO+CXM continue,n200 m20 lognormal mixed lam=1.0,mixed,200,20,305,20000,4000,10.908611536026001,0.0009032253936652734,0.07149009546272114,0.1755046543907828,1.0674906517809999,15.875,0.08688810032560032,2.0,0.16422955707044148,1.0,,0.0009032253936652734,0.024691511861046952,0,vm_fail,0.047254798667459526,0.18738760855179906,23,vm_add,0.09193700685599214,0.17229301933084734,14,churn,0.06959101020923576,0.21583064874991556,17,vm_add,0.06114047739381182,0.14997254228323378,16,vm_add,0.06882877506314207,0.1172602818729734,9,vm_add,0.11715103806722083,0.15694961666497081,7,churn,0.0767829495592588,0.2716997904412893,25,vm_fail,0.03923470788564825,0.13264372723123324,16,QI-MRFO+CXM continue|n200 m20 lognormal mixed lam=1.0|305
h10_elite_migration,QI-MRFO+CXM continue,n200 m20 lognormal mixed lam=1.0,mixed,200,20,306,20000,4000,10.709670066833496,0.0011918544660025404,0.09845345077883816,0.27378483330739467,1.0949946799648866,25.875,0.13343750000000001,1.0,0.24651698199721334,1.0,,0.0011918544660025404,0.0362783176405424,0,vm_add,0.013469966220671328,0.1591165547107567,27,vm_add,0.06900114567563383,0.10643385445385158,7,drift,0.082551037500957,0.2668852452640947,30,vm_fail,0.049868963681987025,0.12123225351342606,12,churn,0.06218185619200753,0.2697518353107233,24,drift,0.2149545563569435,0.37166640538959483,24,drift,0.1711273670624567,0.4967088342132565,45,drift,0.12447271354004825,0.3984836836034537,38,QI-MRFO+CXM continue|n200 m20 lognormal mixed lam=1.0|306
h10_elite_migration,QI-MRFO+CXM continue,n200 m20 lognormal mixed lam=1.0,mixed,200,20,307,20000,4000,10.455065488815308,0.0010933428926233509,0.13948132171285038,0.3169323911727611,1.1366408533217975,21.375,0.12677765052356021,1.125,0.28190742368467037,1.0,,0.0010933428926233509,0.052829496426272736,0,churn,0.1410822534261538,0.34661773240613303,25,churn,0.14527793601724506,0.27225120933235775,15,vm_fail,0.12329377469893689,0.13505601317745955,2,drift,0.16142414119531864,0.37569882936461746,32,churn,0.057341269667842046,0.2934082390449338,30,churn,0.15092881576887682,0.36035257831517387,21,vm_add,0.25068071534828407,0.32060034426792433,10,churn,0.08582166758014587,0.4314741834734892,36,QI-MRFO+CXM continue|n200 m20 lognormal mixed lam=1.0|307
h10_elite_migration,QI-MRFO+CXM continue,n200 m20 lognormal mixed lam=1.0,mixed,200,20,308,20000,4000,10.42932415008545,0.0012895153501454048,0.05525480006158123,0.24067513416629788,1.0528376543493847,28.25,0.1493507889266818,1.875,0.2135346014964722,1.0,,0.0012895153501454048,0.033231752660136005,0,vm_fail,0.03884485999607112,0.2046280635440456,28,vm_add,0.03517262553881856,0.11460688599231877,13,vm_fail,0.025523585046499524,0.048073025662572565,4,churn,0.03825647380820812,0.1969079289999941,22,drift,0.026155904591645678,0.2987915744439551,46,drift,0.05486399147879545,0.3500392158908577,46,churn,0.13289516866349302,0.3388902378043348,23,drift,0.09032579136911835,0.3734641409923042,44,QI-MRFO+CXM continue|n200 m20 lognormal mixed lam=1.0|308
h10_elite_migration,QI-MRFO+CXM continue,n200 m20 lognormal mixed lam=1.0,mixed,200,20,309,20000,4000,10.206007957458496,0.0012300337167735925,0.15729914517562538,0.3437324099227771,1.1545059226411385,25.375,0.13685700261780104,2.125,0.3126015077942442,1.0,,0.0012300337167735925,0.056037492491454025,0,vm_fail,0.015983365174445766,0.0855395575456559,10,drift,0.30974339317754385,0.4858975079572747,24,vm_add,0.36812682382167966,0.4179948153766618,7,churn,0.14239014642954095,0.45357987379623,36,vm_fail,0.1272239588981057,0.16420404353229362,6,churn,0.05622105148693914,0.27553611852675886,25,drift,0.19347471415221662,0.4938171014465102,41,drift,0.04522970826453125,0.37329026120083203,54,QI-MRFO+CXM continue|n200 m20 lognormal mixed lam=1.0|309
h10_elite_migration,QI-MRFO+CXM continue,n200 m20 lognormal mixed lam=1.0,mixed,200,20,310,20000,4000,10.469458103179932,0.001006769392029388,0.10705489867049192,0.298766412519961,1.104806171359975,23.875,0.14059027777777777,2.5,0.2629125093178533,1.0,,0.001006769392029388,0.04351032019915272,0,drift,0.15413102588695063,0.3785907602234977,35,churn,0.18776201414900373,0.3969527892473646,23,churn,0.12816496824700616,0.3537498986536722,26,churn,0.11189386824717568,0.3327341945770213,25,churn,0.05748099387036789,0.4154739622074822,40,vm_fail,0.06823053231466152,0.21509658987953986,22,churn,0.03440435492364521,0.1308913194790984,12,vm_add,0.11437143172512462,0.16664178589201187,8,QI-MRFO+CXM continue|n200 m20 lognormal mixed lam=1.0|310
h10_elite_migration,QI-MRFO+CXM continue+elite,n200 m20 lognormal mixed lam=1.0,mixed,200,20,301,20000,4000,10.6437349319458,0.0014307018820424065,0.15537586863222266,0.23217392684798505,1.1523015672109795,11.125,0.05975550518134715,1.625,0.22326211801719684,1.0,,0.0014307018820424065,0.06225845901833462,0,churn,0.05811130247687841,0.25486036238600135,26,drift,0.09810111628421124,0.31304394325437473,34,vm_fail,0.024955452494163522,0.04118647130141291,3,vm_fail,0.019616569177339886,0.019616569177339886,0,vm_add,0.1587705598842916,0.15877055988429156,0,vm_add,0.19008386488117093,0.19008386488117093,0,drift,0.296444374001656,0.4829059340412197,26,vm_add,0.3969237098580696,0.3969237098580696,0,QI-MRFO+CXM continue+elite|n200 m20 lognormal mixed lam=1.0|301
h10_elite_migration,QI-MRFO+CXM continue+elite,n200 m20 lognormal mixed lam=1.0,mixed,200,20,302,20000,4000,10.154948234558105,0.0027998391476135266,0.0859262181807465,0.2626650840473898,1.082566295357036,25.875,0.1325,2.375,0.22934346416081688,1.0,,0.0027998391476135266,0.06241220580765677,0,drift,0.0937273289271762,0.43849559421302436,54,vm_fail,0.022430396945679058,0.02243039694567906,0,drift,0.04353614277156407,0.2164352430891007,30,drift,0.18233610829409697,0.28073293832965285,14,churn,0.08516445215952424,0.25827122674727815,20,drift,0.0826559750629962,0.4233976905989351,47,vm_add,0.11723586807465346,0.11723586807465347,0,drift,0.060323473210281815,0.34432171438079473,42,QI-MRFO+CXM continue+elite|n200 m20 lognormal mixed lam=1.0|302
h10_elite_migration,QI-MRFO+CXM continue+elite,n200 m20 lognormal mixed lam=1.0,mixed,200,20,303,20000,4000,10.496692657470703,0.0013893381843933935,0.031905245191402844,0.08591166839728202,1.029069909811119,7.25,0.04281717471005387,5.875,0.07664824276861307,1.0,,0.0013893381843933935,0.02835258509320053,0,vm_fail,0.01860009105393027,0.04619665694037414,5,vm_add,0.027892536634063266,0.027892536634063263,0,churn,0.06984115772770337,0.2495321703406445,21,churn,0.031655432144608565,0.1532058627693667,16,vm_fail,0.033252334984180426,0.04445928267870442,2,vm_fail,0.015306975657320908,0.036556938156846235,4,vm_fail,0.03541637895843544,0.10617284528727639,10,vm_fail,0.023277054370980512,0.023277054370980516,0,QI-MRFO+CXM continue+elite|n200 m20 lognormal mixed lam=1.0|303
h10_elite_migration,QI-MRFO+CXM continue+elite,n200 m20 lognormal mixed lam=1.0,mixed,200,20,304,20000,4000,10.950660705566406,0.0014239213992275736,0.1517183127445551,0.26721814407481137,1.1487960913617612,14.875,0.0771875,1.125,0.2425751951994392,1.0,,0.0014239213992275736,0.03588618720651799,0,vm_add,0.025611758855653234,0.025611758855653238,0,drift,0.08254375665020522,0.39696362411710234,49,vm_add,0.10556850279476043,0.10556850279476045,0,drift,0.2784232895300272,0.7081872590170257,52,churn,0.14881585761746943,0.32863067130562396,18,vm_add,0.19227118403931567,0.1922711840393157,0,vm_add,0.23819028098663395,0.23819028098663397,0,vm_fail,0.1423218714823757,0.1423218714823757,0,QI-MRFO+CXM continue+elite|n200 m20 lognormal mixed lam=1.0|304
h10_elite_migration,QI-MRFO+CXM continue+elite,n200 m20 lognormal mixed lam=1.0,mixed,200,20,305,20000,4000,10.938925981521606,0.0009032253936652734,0.13265097065867115,0.1700303427786262,1.1284103144675874,4.375,0.025100160256410257,1.875,0.16042660345478696,1.0,,0.0009032253936652734,0.024691511861046952,0,vm_fail,0.053570342825836274,0.1519241042323826,16,vm_add,0.13689880903116394,0.1368988090311639,0,churn,0.11616129768712087,0.18079245038551997,4,vm_add,0.13848653584088008,0.13848653584088003,0,vm_add,0.14719631294595056,0.14719631294595054,0,vm_add,0.20812107080513695,0.20812107080513695,0,churn,0.1504451473779243,0.2864952102326195,15,vm_fail,0.11032824875535607,0.11032824875535606,0,QI-MRFO+CXM continue+elite|n200 m20 lognormal mixed lam=1.0|305
h10_elite_migration,QI-MRFO+CXM continue+elite,n200 m20 lognormal mixed lam=1.0,mixed,200,20,306,20000,4000,10.414446353912354,0.0011918544660025404,0.14307364061049108,0.29548225824265695,1.1394927023711277,21.875,0.11281250000000001,1.0,0.26767295930673873,1.0,,0.0011918544660025404,0.0362783176405424,0,vm_add,0.013508906926597243,0.013508906926597243,0,vm_add,0.06972723886543894,0.06972723886543893,0,drift,0.37541489905937303,0.45931987835285737,12,vm_fail,0.33263648325777134,0.3326364832577714,0,churn,0.11145758538434089,0.2946311347881945,22,drift,0.09285045780800485,0.3547075731752463,42,drift,0.0884441737404598,0.45640160388220186,50,drift,0.060549379841942516,0.38292524669294803,49,QI-MRFO+CXM continue+elite|n200 m20 lognormal mixed lam=1.0|306
h10_elite_migration,QI-MRFO+CXM continue+elite,n200 m20 lognormal mixed lam=1.0,mixed,200,20,307,20000,4000,10.312041997909546,0.0010933428926233509,0.12998704668700722,0.2803335726527096,1.1271733270607367,19.0,0.11218750000000001,1.125,0.2543124531180242,1.0,,0.0010933428926233509,0.052829496426272736,0,churn,0.1410822534261538,0.34661773240613303,25,churn,0.10791195995099978,0.2652841605206887,17,vm_fail,0.08985181323058593,0.08985181323058594,0,drift,0.0425528896687883,0.30020433752734743,42,churn,0.022213414322261166,0.25464989810517014,30,churn,0.1365955095200673,0.26446226125647143,14,vm_add,0.2427533699996683,0.2427533699996683,0,churn,0.25693516337753325,0.47884500817561193,24,QI-MRFO+CXM continue+elite|n200 m20 lognormal mixed lam=1.0|307
h10_elite_migration,QI-MRFO+CXM continue+elite,n200 m20 lognormal mixed lam=1.0,mixed,200,20,308,20000,4000,10.416362762451172,0.0012895153501454048,0.05535556758754896,0.1977123643431573,1.0529444892824722,20.875,0.11096312830687831,2.0,0.17243425774996549,1.0,,0.0012895153501454048,0.033231752660136005,0,vm_fail,0.04592016717574093,0.08059873707166433,5,vm_add,0.059114820611839446,0.059114820611839446,0,vm_fail,0.049242610375619646,0.04924261037561965,0,churn,0.03825647380820812,0.19887643652611972,22,drift,0.030763614158808603,0.31265500182678063,44,drift,0.04157819287551489,0.3360238148106428,45,churn,0.05208882242061797,0.21539370729112378,19,drift,0.12587983927404212,0.329793786231468,32,QI-MRFO+CXM continue+elite|n200 m20 lognormal mixed lam=1.0|308
h10_elite_migration,QI-MRFO+CXM continue+elite,n200 m20 lognormal mixed lam=1.0,mixed,200,20,309,20000,4000,10.378665685653687,0.0012300337167735925,0.1527923675635677,0.30287307659914475,1.150038784380437,18.625,0.10234375,1.875,0.2718149783205103,1.0,,0.0012300337167735925,0.056037492491454025,0,vm_fail,0.011560570803767668,0.011560570803767671,0,drift,0.10164563056450257,0.4308060199372293,47,vm_add,0.153000068287499,0.153000068287499,0,churn,0.09562560976476138,0.4016671346109268,30,vm_fail,0.0810802606877678,0.08108026068776783,0,churn,0.09956874650486704,0.3443027191640583,29,drift,0.37211468989634916,0.5499189769134172,23,drift,0.30774336399902713,0.45064886238849217,20,QI-MRFO+CXM continue+elite|n200 m20 lognormal mixed lam=1.0|309
h10_elite_migration,QI-MRFO+CXM continue+elite,n200 m20 lognormal mixed lam=1.0,mixed,200,20,310,20000,4000,10.299990892410278,0.001006769392029388,0.1158946455299355,0.27149874058932705,1.113627070557915,17.875,0.10593749999999999,2.75,0.23506464825402162,1.0,,0.001006769392029388,0.04351032019915272,0,drift,0.12006136805629862,0.37459757080456174,37,churn,0.19054823524270836,0.4039717710236642,21,churn,0.14466087416191512,0.3209520822349295,20,churn,0.07300178803102601,0.305438651417902,28,churn,0.14758368692650609,0.3803400357455478,23,vm_fail,0.015542705009671143,0.015542705009671145,0,churn,0.07504155034643943,0.21043015201342077,14,vm_add,0.16071695646491935,0.1607169564649193,0,QI-MRFO+CXM continue+elite|n200 m20 lognormal mixed lam=1.0|310
