key,problem_set,variant,problem,tasks,vms,task_lengths,vm_heterogeneity,instance_seed,run_seed,budget,makespan_s,energy_Wh,lower_bound_s,lower_bound_pmtn_s,gap_pct,gap_pmtn_pct,runtime_s,evaluations,best_at_005pct_s,best_at_010pct_s,best_at_015pct_s,best_at_020pct_s,best_at_025pct_s,best_at_030pct_s,best_at_035pct_s,best_at_040pct_s,best_at_045pct_s,best_at_050pct_s,best_at_055pct_s,best_at_060pct_s,best_at_065pct_s,best_at_070pct_s,best_at_075pct_s,best_at_080pct_s,best_at_085pct_s,best_at_090pct_s,best_at_095pct_s,best_at_100pct_s
large|QI-DMO|500-50-uniform-high|inst1|run3|b20000,large,QI-DMO,"500 tasks, 50 VMs, uniform/high",500,50,uniform,high,1,3,20000,88.99405801359977,212.97139160854036,53.37641689727649,53.37641689727644,66.72917214520004,66.7291721452002,13.877701759338379,19920,194.07869659124566,194.0143942751326,188.22196496511995,186.85276657510298,155.174653134176,145.6821881960916,145.6821881960916,145.6821881960916,145.54133812139932,126.55844380312871,126.55844380312871,118.21041184444066,118.21041184444066,105.18894905141066,102.78561173931365,97.86228234922909,95.59504636531251,90.78867379473738,89.2731615775644,88.99405801359977
large|QI-DMO|500-50-uniform-high|inst1|run0|b20000,large,QI-DMO,"500 tasks, 50 VMs, uniform/high",500,50,uniform,high,1,0,20000,94.08276265756845,223.79357222626012,53.37641689727649,53.37641689727644,76.2627919341828,76.26279193418296,14.51622748374939,19920,203.3558877182279,171.3098970405174,171.3098970405174,165.80259074499182,163.08013952834995,159.86618786611945,159.86618786611945,155.19603181539628,155.19603181539628,152.31874885871676,136.65135816678804,121.21364545013253,114.28066213145783,113.0450108731835,105.35184216848506,104.16750084174996,104.00226722677303,100.4309634305271,94.08276265756845,94.08276265756845
large|QI-DMO|500-50-uniform-high|inst1|run2|b20000,large,QI-DMO,"500 tasks, 50 VMs, uniform/high",500,50,uniform,high,1,2,20000,88.67934403422569,212.63181686983822,53.37641689727649,53.37641689727644,66.13955973270008,66.13955973270023,15.006566524505615,19920,197.63402736446238,166.94071273311877,162.13335383660603,162.13335383660603,162.13335383660603,157.13885116399413,157.13885116399413,157.13885116399413,154.74294934775477,142.41226480491878,133.58403547698364,128.58443401653378,118.88918862957085,111.08664689282887,110.79384392315494,102.72303606968816,102.24524439192834,97.38224181586286,93.25398023834502,88.67934403422569
large|QI-DMO|500-50-uniform-high|inst1|run1|b20000,large,QI-DMO,"500 tasks, 50 VMs, uniform/high",500,50,uniform,high,1,1,20000,85.19610683851691,207.48677040664253,53.37641689727649,53.37641689727644,59.6137616402348,59.61376164023495,15.210580825805664,19920,207.15631565427847,197.2744115786725,190.46198114528235,170.86543009113134,170.86543009113134,165.01302407286116,160.0560816849132,151.54747343979034,139.88037759661785,130.99478143813656,126.05831482616486,116.88190720637856,109.15978726126238,104.1344426336104,99.11194344310508,96.06904434710799,92.74722342914211,89.32811498839312,87.8508049511951,85.19610683851691
large|QI-DMO|500-50-uniform-high|inst1|run4|b20000,large,QI-DMO,"500 tasks, 50 VMs, uniform/high",500,50,uniform,high,1,4,20000,97.28485569472292,228.9970301835427,53.37641689727649,53.37641689727644,82.26187022247805,82.26187022247821,13.239413738250732,19920,195.78301707626767,181.1353656485436,181.1353656485436,167.73169558631568,167.73169558631568,167.73169558631568,158.89727899119356,158.89727899119356,148.13377666997818,142.0868556399658,142.0868556399658,137.6503541472295,125.60560584620761,120.62910249720892,109.12407762940308,101.31311679346241,101.31311679346241,98.63142210174337,98.63142210174337,97.28485569472292
large|QI-DMO|500-50-uniform-high|inst1|run5|b20000,large,QI-DMO,"500 tasks, 50 VMs, uniform/high",500,50,uniform,high,1,5,20000,78.26349399543285,193.5308806851192,53.37641689727649,53.37641689727644,46.62560461121213,46.62560461121227,13.242743730545044,19920,201.0475595517208,188.48366593830002,179.19777586117047,178.3288601126375,174.69067160268972,162.70255548723028,150.42013357156813,146.542633117778,135.4442833990895,135.4442833990895,122.43473309116482,113.28726079034956,104.19641265819924,101.61122756161976,90.09219899433015,86.61152776440284,84.76174621325183,84.76174621325183,80.44207174797927,78.26349399543285
large|QI-DMO|500-50-uniform-high|inst1|run6|b20000,large,QI-DMO,"500 tasks, 50 VMs, uniform/high",500,50,uniform,high,1,6,20000,81.40491381920714,199.73062080892035,53.37641689727649,53.37641689727644,52.511012449321576,52.51101244932172,13.334117650985718,19920,210.902241499674,176.89376364868258,152.5927143890029,152.5927143890029,152.5927143890029,152.5927143890029,152.5927143890029,152.5927143890029,152.5927143890029,128.02028365605406,124.6739896054378,109.2185048052311,102.5512304491823,100.30317250503501,95.03590807119933,90.08093834803003,85.74688715089385,83.39653071513013,82.25914445841205,81.40491381920714
large|QI-DMO|500-50-uniform-high|inst1|run7|b20000,large,QI-DMO,"500 tasks, 50 VMs, uniform/high",500,50,uniform,high,1,7,20000,98.19082601137156,231.70365833052512,53.37641689727649,53.37641689727644,83.9591934399435,83.95919343994369,13.288466215133667,19920,201.50645102023998,195.1974034030105,192.62627407097344,176.98321508358418,176.98321508358418,172.5769025086957,152.11012775008547,140.70576020602627,140.70576020602627,140.70576020602627,140.70576020602627,135.9834798118785,129.00499776548017,119.07211607195723,113.8557728382641,105.37082750581905,104.81995660240402,101.05236232323354,98.79139882852402,98.19082601137156
large|QI-DMO|500-50-uniform-high|inst1|run8|b20000,large,QI-DMO,"500 tasks, 50 VMs, uniform/high",500,50,uniform,high,1,8,20000,103.79603596527248,240.80721071220552,53.37641689727649,53.37641689727644,94.46047898836879,94.46047898836896,12.766280889511108,19920,196.40524562282977,184.24608487807402,162.11431349955538,162.11431349955538,161.67236543113862,154.43933883703292,153.12131709903068,142.43204802803112,142.43204802803112,142.18490585315067,142.18490585315067,138.01956827377902,129.93286136303365,128.66834511870616,121.62955712362596,119.09721206059423,113.65737457792507,108.72638221582443,105.78906946370594,103.79603596527248
large|QI-DMO|500-50-uniform-high|inst1|run9|b20000,large,QI-DMO,"500 tasks, 50 VMs, uniform/high",500,50,uniform,high,1,9,20000,91.38574894878101,218.1805743583559,53.37641689727649,53.37641689727644,71.20997298236392,71.20997298236408,12.848060846328735,19920,184.08512581314844,172.7750648649234,172.7750648649234,172.7750648649234,169.9457041910792,162.96900603049286,159.58409657148093,156.3055154343631,151.4704966921688,151.4704966921688,136.67587065629445,124.48490112914607,114.59023460322518,104.36527318968027,102.93312480972062,98.52717126940682,95.19928565434414,93.45520114185487,91.44338379374906,91.38574894878101
large|QI-DMO|1000-50-uniform-high|inst1|run1|b20000,large,QI-DMO,"1000 tasks, 50 VMs, uniform/high",1000,50,uniform,high,1,1,20000,148.06319575733164,381.3967462555832,101.37563564637229,101.37563564637225,46.0540245328958,46.05402453289586,25.62269353866577,19920,308.12470134496414,284.7255029658064,277.21703603746977,277.21703603746977,275.1561978195377,257.0388552988062,257.0388552988062,253.17878412523288,240.36865600455548,215.3669358357222,206.53138493483974,187.18185506693436,180.67823633815382,168.1207443940712,164.24068561563706,158.01889341217216,151.02039557160353,150.69346362637538,149.47343872574677,148.06319575733164
large|QI-DMO|1000-50-uniform-high|inst1|run0|b20000,large,QI-DMO,"1000 tasks, 50 VMs, uniform/high",1000,50,uniform,high,1,0,20000,144.81489611526595,375.2562636656877,101.37563564637229,101.37563564637225,42.849803300294404,42.84980330029447,26.042186737060547,19920,358.20132880911586,285.24279961553134,243.51599489530818,243.51599489530818,243.51599489530818,243.51599489530818,225.23775446854677,224.17284130541336,204.51582040971024,204.51582040971024,204.38465680254816,190.1851722113723,177.9239926832836,169.92228873179502,158.20218207084167,158.20218207084167,153.3340000216247,151.72002215600585,149.07085090601686,144.81489611526595
large|QI-DMO|1000-50-uniform-high|inst1|run2|b20000,large,QI-DMO,"1000 tasks, 50 VMs, uniform/high",1000,50,uniform,high,1,2,20000,148.19382862530964,381.97918642113035,101.37563564637229,101.37563564637225,46.182884753741845,46.1828847537419,25.498594999313354,19920,334.0433055228715,318.0352260652917,277.36003515946254,277.36003515946254,264.1662578887743,260.8042820836473,242.77698102465905,236.99454148314405,232.26050252575928,221.18815749998032,198.15479118622443,190.3555596094551,180.5455391335676,167.10972111342997,167.10972111342997,162.71665874446597,159.9504085000021,150.98174484620984,148.87620961710581,148.19382862530964
large|QI-DMO|1000-50-uniform-high|inst1|run3|b20000,large,QI-DMO,"1000 tasks, 50 VMs, uniform/high",1000,50,uniform,high,1,3,20000,141.56327531443176,369.64874678055094,101.37563564637229,101.37563564637225,39.64230597600952,39.642305976009574,25.849807024002075,19920,348.83890113816966,316.348939611321,316.348939611321,291.3789148790196,255.78262807031595,251.43232579663325,251.43232579663325,243.37148332569618,220.79055324883532,211.99710309199935,211.99710309199935,193.2489744082439,179.0143501182609,169.08969846196393,159.82021189533552,149.25629557030717,147.64513899710713,143.43635711129713,141.56327531443176,141.56327531443176
large|QI-DMO|1000-50-uniform-high|inst1|run4|b20000,large,QI-DMO,"1000 tasks, 50 VMs, uniform/high",1000,50,uniform,high,1,4,20000,138.24971300196518,362.0394803469266,101.37563564637229,101.37563564637225,36.37370766701814,36.373707667018195,26.028576612472534,19920,320.7520361677849,301.8468237986945,259.0752304087801,256.24723865446634,255.26881761166396,250.6003474048473,247.72334790181353,233.69266114087284,213.30302790413336,198.47330633458404,198.47330633458404,180.40501181724994,165.4712168087168,157.8915119372825,150.75337838953809,147.22865992999388,142.77486916375918,139.8387368755924,139.8387368755924,138.24971300196518
large|QI-DMO|1000-50-uniform-high|inst1|run5|b20000,large,QI-DMO,"1000 tasks, 50 VMs, uniform/high",1000,50,uniform,high,1,5,20000,136.98366641441888,360.3745045118944,101.37563564637229,101.37563564637225,35.124840935407555,35.12484093540762,26.262585639953613,19920,330.60244765742505,272.2835100528164,267.67010487457776,267.67010487457776,258.22290369952833,214.30213414413197,214.30213414413197,214.30213414413197,212.09028762960597,191.18271356425882,191.18271356425882,184.11454310397207,169.02973149768331,159.27831387491233,152.48059369769803,149.73260977947254,141.0719814057063,139.36290067160203,138.48838797233807,136.98366641441888
large|QI-DMO|1000-50-uniform-high|inst1|run6|b20000,large,QI-DMO,"1000 tasks, 50 VMs, uniform/high",1000,50,uniform,high,1,6,20000,139.09058911069934,364.4475547775824,101.37563564637229,101.37563564637225,37.203173350140844,37.2031733501409,26.03407073020935,19920,357.0910428178247,293.7801060723372,266.7793598578271,264.45902968576905,264.45902968576905,257.6201331332187,255.90748592755978,255.90748592755978,251.78090710740165,219.39330034576497,204.75317516530882,186.86739413942394,182.91726995359573,170.67547133088738,161.64251787340075,149.75025123734903,148.86045907007934,146.28573969654292,141.3345295524826,139.09058911069934
large|QI-DMO|1000-50-uniform-high|inst1|run7|b20000,large,QI-DMO,"1000 tasks, 50 VMs, uniform/high",1000,50,uniform,high,1,7,20000,142.9818168139506,371.5404289709335,101.37563564637229,101.37563564637225,41.041598311366215,41.04159831136628,26.44240975379944,19920,365.8998446590636,309.6494499885651,298.70924801146566,269.13724366667515,266.8106830029236,245.7344702717234,245.7344702717234,245.7344702717234,245.7344702717234,225.8687409880537,221.90155681004643,214.81800330650952,203.70210392612603,185.05203347508487,163.8452543926596,151.0408720002615,148.83867218277692,145.6016559273017,144.40790025770744,142.9818168139506
large|QI-DMO|1000-50-uniform-high|inst1|run8|b20000,large,QI-DMO,"1000 tasks, 50 VMs, uniform/high",1000,50,uniform,high,1,8,20000,152.5174364490348,388.5899050340539,101.37563564637229,101.37563564637225,50.44782257253605,50.44782257253612,26.250831842422485,19920,332.9687532676667,292.02295846704357,292.02295846704357,274.4855065116386,274.4855065116386,257.5497240414526,248.25891120569034,243.2164509804776,243.2164509804776,234.681975775962,221.8261366812777,210.2952558711608,192.94175504338915,188.26782855691292,173.53257436147447,169.45123141231952,161.85331321407415,158.3099348341157,158.3099348341157,152.5174364490348
large|QI-DMO|1000-50-uniform-high|inst1|run9|b20000,large,QI-DMO,"1000 tasks, 50 VMs, uniform/high",1000,50,uniform,high,1,9,20000,143.03672914798943,371.9597208694684,101.37563564637229,101.37563564637225,41.09576550221905,41.095765502219116,26.133211374282837,19920,344.75189873153977,300.382821564692,298.58677878880087,283.2511161036996,273.66125301532577,273.66125301532577,273.66125301532577,261.0429489581827,253.21524692897603,223.23423456634322,211.97443768277122,193.39664110581708,179.05531244565105,169.9715384858449,163.32141812778184,158.38224405578987,152.91855130607954,148.54067174613067,143.24870664357357,143.03672914798943
large|QI-DMO|1500-50-uniform-high|inst1|run0|b20000,large,QI-DMO,"1500 tasks, 50 VMs, uniform/high",1500,50,uniform,high,1,0,20000,332.034549679589,768.0838385088749,164.78258356999368,164.78258356999373,101.49857010741233,101.49857010741228,38.58608317375183,19920,674.1827639840735,626.406816681089,576.3660492801772,502.64199520874604,497.96824048251835,489.0299792457836,489.0299792457836,469.8427934623233,466.19264121747995,448.87805319152017,432.4207362328338,400.23193995664343,400.23193995664343,389.59770190930794,363.5118677405261,361.1774099852411,344.58718794910993,344.58718794910993,337.0120691546809,332.034549679589
large|QI-DMO|1500-50-uniform-high|inst1|run1|b20000,large,QI-DMO,"1500 tasks, 50 VMs, uniform/high",1500,50,uniform,high,1,1,20000,305.67663399944513,720.0129327009585,164.78258356999368,164.78258356999373,85.50299878603661,85.50299878603654,38.43963599205017,19920,667.9736606008651,632.8572126761184,574.3322938096268,539.2536037681432,526.9091569140228,514.2098327769808,479.8492835259943,454.97929942237494,451.0987467918027,422.6510907504505,389.76841644433296,371.12500810602467,349.7465561868788,342.47445791108504,338.7244441128625,318.84465505767565,309.6458791209741,309.6458791209741,307.99799698797534,305.67663399944513
large|QI-DMO|1500-50-uniform-high|inst1|run2|b20000,large,QI-DMO,"1500 tasks, 50 VMs, uniform/high",1500,50,uniform,high,1,2,20000,332.2284359187718,770.6937213953306,164.78258356999368,164.78258356999373,101.61623195915799,101.61623195915793,38.7698187828064,19920,679.4592897634059,641.9014843431016,586.3380014174385,571.8501176185548,552.9631804810076,552.9631804810076,540.5040431886645,490.969748463169,480.4857815513956,450.9920331443611,415.88795857047893,415.88795857047893,387.45646159199487,379.7087544661005,358.3129360909724,350.70045098033404,344.02683002098274,332.2284359187718,332.2284359187718,332.2284359187718
large|QI-DMO|1500-50-uniform-high|inst1|run3|b20000,large,QI-DMO,"1500 tasks, 50 VMs, uniform/high",1500,50,uniform,high,1,3,20000,328.7355593115456,762.057263010115,164.78258356999368,164.78258356999373,99.49654398512973,99.49654398512968,38.820302963256836,19920,591.1154973269572,574.8051118054324,541.0280359531619,510.2288898364193,487.71818369730175,487.71818369730175,487.71818369730175,487.71818369730175,463.1376116967162,430.4135581890705,420.19309261017656,400.5394837165595,395.11748111095903,371.5319153146007,360.76203133199675,346.73239439491607,341.60489450820637,338.5930750779526,332.44257686401494,328.7355593115456
large|QI-DMO|1500-50-uniform-high|inst1|run4|b20000,large,QI-DMO,"1500 tasks, 50 VMs, uniform/high",1500,50,uniform,high,1,4,20000,315.70845689697694,739.5018714760982,164.78258356999368,164.78258356999373,91.59091334605482,91.59091334605475,37.9798104763031,19920,633.6003228450138,586.1570165543347,581.4241453057281,544.8162803206703,530.4669016587038,530.4669016587038,509.8528866173734,507.9734544798318,463.0310869744487,432.2661673767813,413.31920843479804,387.08019096843225,374.8326308343458,362.3787470737902,340.80886678671214,324.668697618933,324.668697618933,324.668697618933,319.38755033903044,315.70845689697694
large|QI-DMO|1500-50-uniform-high|inst1|run5|b20000,large,QI-DMO,"1500 tasks, 50 VMs, uniform/high",1500,50,uniform,high,1,5,20000,320.5540009888207,745.5273381284028,164.78258356999368,164.78258356999373,94.53148144910651,94.53148144910645,37.686567306518555,19920,618.6020537031025,600.7270895261132,557.3815349469656,557.3815349469656,520.5811692314571,520.1521631274525,520.1521631274525,490.96580659118933,478.30078933427694,461.64927201852555,451.39724588017356,422.1125745926121,411.9276250659587,403.1039502749765,390.2576225635233,362.1009072987308,338.5486064031102,335.6723870074634,323.64063852901694,320.5540009888207
large|QI-DMO|1500-50-uniform-high|inst1|run7|b20000,large,QI-DMO,"1500 tasks, 50 VMs, uniform/high",1500,50,uniform,high,1,7,20000,322.1681071138167,749.7787631021647,164.78258356999368,164.78258356999373,95.51101829701034,95.51101829701028,38.01389980316162,19920,639.5367166489411,575.3246525604754,551.2354482985644,551.2354482985644,551.2354482985644,514.2513145086486,497.46943475312025,486.74394119439285,481.7439730866031,447.8723282518061,425.02564498239906,424.62964212140224,391.68469594165725,379.3826047902881,357.4473253473372,344.1869622949106,337.9748921279016,327.4191402523441,323.174430532181,322.1681071138167
large|QI-DMO|1500-50-uniform-high|inst1|run6|b20000,large,QI-DMO,"1500 tasks, 50 VMs, uniform/high",1500,50,uniform,high,1,6,20000,323.7372338140289,753.652346876466,164.78258356999368,164.78258356999373,96.46325891990706,96.46325891990699,38.9418044090271,19920,668.0789619964179,602.9874351804067,591.9653524471033,579.1299481661141,517.4370521302955,498.84869269974666,498.84869269974666,498.84869269974666,498.84869269974666,477.0554569113118,438.70466256064014,428.252784910663,398.9398902341022,375.3669606502135,375.3669606502135,354.83617400979193,348.18847594168824,334.6735271414193,329.71743179785904,323.7372338140289
large|QI-DMO|1500-50-uniform-high|inst1|run8|b20000,large,QI-DMO,"1500 tasks, 50 VMs, uniform/high",1500,50,uniform,high,1,8,20000,335.8526003968828,774.9425665639802,164.78258356999368,164.78258356999373,103.81559332344413,103.81559332344406,38.25019145011902,19920,664.4299846300977,598.12146015089,564.8285564480109,543.4289449437725,528.4692584167087,503.6713556259223,501.000434870726,490.9818505383773,468.0253655682215,461.4878228024549,439.14368599929816,413.32952804980414,386.50451650406865,381.6567522392633,357.7515079516757,356.1472147893847,342.50612038002805,337.986318018409,335.8526003968828,335.8526003968828
large|QI-DMO|1500-50-uniform-high|inst1|run9|b20000,large,QI-DMO,"1500 tasks, 50 VMs, uniform/high",1500,50,uniform,high,1,9,20000,323.34850929754634,752.3577372615422,164.78258356999368,164.78258356999373,96.22735746232526,96.22735746232519,38.285887241363525,19920,661.6573994735984,646.6826516163266,599.093335107733,567.3697992867674,567.3697992867674,558.3492367198618,514.4619716056799,487.3098196484384,451.0680474348481,451.0680474348481,450.63242760296407,420.3152466618737,390.36060249402465,368.52880988659376,354.9788900423851,341.36132331032337,339.32746039371546,327.66988211623715,323.435660351377,323.34850929754634
large|QI-DMO|2000-50-uniform-high|inst1|run0|b20000,large,QI-DMO,"2000 tasks, 50 VMs, uniform/high",2000,50,uniform,high,1,0,20000,477.5264987665829,1077.069310829087,231.5471043556684,231.54710435566892,106.23298231062192,106.23298231062147,58.20292329788208,19920,837.0508669149815,787.8144845836907,779.7368519455555,769.8170072651853,692.9600527835579,692.9600527835579,677.315255526691,632.8496479785546,611.76880221485,591.3748436867338,564.3974761941331,546.3503672018774,531.7477821950852,508.57327627559886,503.822395198339,500.69989880559876,488.80026062279217,484.87612751200714,484.87612751200714,477.5264987665829
large|QI-DMO|2000-50-uniform-high|inst1|run1|b20000,large,QI-DMO,"2000 tasks, 50 VMs, uniform/high",2000,50,uniform,high,1,1,20000,467.99929446274774,1060.5452731234136,231.5471043556684,231.54710435566892,102.11839649865647,102.11839649865603,58.821632862091064,19920,810.4608426449807,787.430727396881,733.2312267555271,723.5292581914782,723.5292581914782,675.9361824821684,650.156060988071,650.156060988071,639.7843559538048,596.4838697496505,560.071294518922,547.220803594358,525.4800863163495,515.4309928325113,499.2705946264506,489.6387293906016,481.77349503332596,478.7419031501142,470.9533280692453,467.99929446274774
large|QI-DMO|2000-50-uniform-high|inst1|run2|b20000,large,QI-DMO,"2000 tasks, 50 VMs, uniform/high",2000,50,uniform,high,1,2,20000,477.9646559685958,1077.0286035620384,231.5471043556684,231.54710435566892,106.42221257684882,106.42221257684837,65.24002933502197,19920,848.3079196227557,816.0450384369367,758.725838929946,741.1347490812421,709.9774338758353,709.9774338758353,697.0351117593281,644.7041784348744,644.7041784348744,644.7041784348744,613.5547173615769,578.0344901635316,551.5040950904382,527.3109601930233,515.1724978870101,503.67898254366287,495.06269684733877,489.52087962114206,479.0653922740969,477.9646559685958
large|QI-DMO|2000-50-uniform-high|inst1|run3|b20000,large,QI-DMO,"2000 tasks, 50 VMs, uniform/high",2000,50,uniform,high,1,3,20000,477.95875735186246,1077.8834562670327,231.5471043556684,231.54710435566892,106.41966509660726,106.4196650966068,66.01790261268616,19920,869.4425641403865,789.1310927778042,762.2456224516715,719.6437038162155,709.1771485148546,709.1771485148546,688.4025975195598,681.5026278817287,652.9678249781017,600.3438464555755,580.1091446705376,562.9568491113795,538.2107482380032,514.1566544203824,514.1566544203824,512.1293276869997,499.477218916613,485.5802548969864,477.95875735186246,477.95875735186246
large|QI-DMO|2000-50-uniform-high|inst1|run4|b20000,large,QI-DMO,"2000 tasks, 50 VMs, uniform/high",2000,50,uniform,high,1,4,20000,493.62794735518094,1106.0923907037231,231.5471043556684,231.54710435566892,113.18683674702436,113.18683674702389,58.911579847335815,19920,856.1075794315257,789.4633141051991,724.828789406651,713.0064164478626,713.0064164478626,670.7646645963871,657.6255064731389,647.6863225791459,630.3276631773688,616.7435524805172,604.5305789890359,570.5041960510167,564.7780488614454,538.2404307173808,529.2841312682368,511.2561147667886,506.5528719615618,504.15915769209215,494.8134759349395,493.62794735518094
large|QI-DMO|2000-50-uniform-high|inst1|run5|b20000,large,QI-DMO,"2000 tasks, 50 VMs, uniform/high",2000,50,uniform,high,1,5,20000,473.77884696244354,1071.507996611271,231.5471043556684,231.54710435566892,104.61445556870127,104.61445556870083,57.8796021938324,19920,794.9042616420509,794.9042616420509,777.9623884421115,777.9623884421115,758.4202292578926,709.5738104977808,679.6012550602402,663.0394466437931,637.2982972967066,617.0735020191552,586.5043717754336,557.7814559330437,533.830938514423,518.7395892275258,499.50833918437314,494.9145960969265,484.30257398008416,481.1547763692161,476.5134820153134,473.77884696244354
large|QI-DMO|2000-50-uniform-high|inst1|run6|b20000,large,QI-DMO,"2000 tasks, 50 VMs, uniform/high",2000,50,uniform,high,1,6,20000,463.75384957217915,1051.9464148624716,231.5471043556684,231.54710435566892,100.28488408986065,100.28488408986021,50.533427000045776,19920,894.3360700365382,819.7831562215114,782.686184169098,757.6851314196401,757.6851314196401,725.1054956896364,719.3117728957997,662.4467107912064,621.708263475872,621.708263475872,610.076479145947,591.3148197951683,574.6768719127606,543.2915242152319,523.6675124375722,503.366759333336,482.66027718263945,472.5443448237028,465.8561149007689,463.75384957217915
large|QI-DMO|2000-50-uniform-high|inst1|run7|b20000,large,QI-DMO,"2000 tasks, 50 VMs, uniform/high",2000,50,uniform,high,1,7,20000,492.6763064779513,1102.9753788891053,231.5471043556684,231.54710435566892,112.775844400617,112.77584440061653,51.178858280181885,19920,896.1519249536892,809.8509065084696,796.2897133899861,734.4143938470309,718.5451831345121,694.652912118709,657.1541181476366,653.923590268862,635.4706334148019,626.6021705024062,604.9879142553277,583.5576345113084,545.987441991782,545.987441991782,532.8270312172398,522.2503167757637,511.82497477745306,502.536962897767,498.0323064420303,492.6763064779513
large|QI-DMO|2000-50-uniform-high|inst1|run9|b20000,large,QI-DMO,"2000 tasks, 50 VMs, uniform/high",2000,50,uniform,high,1,9,20000,485.1082368572807,1089.801049058059,231.5471043556684,231.54710435566892,109.50736490840723,109.50736490840677,50.49470138549805,19920,880.3582657009104,836.8020886401458,787.0884715334969,773.4613197703966,732.5886161782855,711.0587864102946,699.6051801809738,674.9291479401197,662.44098263031,630.7477911145935,621.886594131188,590.8916369507776,568.8372412973987,551.2467861680049,536.9153545103892,517.1070407808758,503.8326070119632,494.903724395204,491.2185025875455,485.1082368572807
large|QI-DMO|2000-50-uniform-high|inst1|run8|b20000,large,QI-DMO,"2000 tasks, 50 VMs, uniform/high",2000,50,uniform,high,1,8,20000,477.9903890127847,1077.7090306636221,231.5471043556684,231.54710435566892,106.43332610135629,106.43332610135583,51.248799562454224,19920,852.7726421316927,822.3445372672019,777.577559297223,756.9110123092064,746.7950311775576,722.7746207788298,695.2897419574161,695.2897419574161,621.849578266476,621.3128303643014,606.5423597383351,565.5700557191603,551.7028171718492,539.9601053326546,524.6064014282942,503.0137011760354,499.4816511335713,488.3624842274233,477.9903890127847,477.9903890127847
large|QI-DMO|5000-50-uniform-high|inst1|run0|b20000,large,QI-DMO,"5000 tasks, 50 VMs, uniform/high",5000,50,uniform,high,1,0,20000,1389.548426131448,3095.009428593207,528.1700438852678,528.1700438852673,163.08732239144067,163.0873223914409,137.5237421989441,19920,2227.0332803498877,2129.8662501686667,2087.365818826501,2055.7845623972967,2009.4568407631782,1948.1281110882946,1909.2813234728583,1840.8760626134488,1784.2243456173767,1726.9621979934125,1672.7181484437085,1626.1396114288393,1560.7814560276843,1511.6858584564952,1463.206154396105,1449.2772152707469,1431.7055505569392,1408.6154241744923,1402.353061251234,1389.548426131448
large|QI-DMO|5000-50-uniform-high|inst1|run1|b20000,large,QI-DMO,"5000 tasks, 50 VMs, uniform/high",5000,50,uniform,high,1,1,20000,1418.3453401036559,3146.557167629193,528.1700438852678,528.1700438852673,168.53952747304186,168.53952747304209,139.4547688961029,19920,2228.7049561637186,2105.8795969937546,2040.2669181064832,2040.2669181064832,1974.4667418474037,1913.0086764983462,1906.3354691499937,1883.2555128782421,1871.1747888017712,1756.694119052106,1753.5988713288407,1650.6599191276166,1606.099210448233,1566.3158743670788,1511.1287363348479,1482.0355488868563,1464.174255528112,1444.047450826888,1437.3297618835618,1418.3453401036559
large|QI-DMO|5000-50-uniform-high|inst1|run2|b20000,large,QI-DMO,"5000 tasks, 50 VMs, uniform/high",5000,50,uniform,high,1,2,20000,1383.4490700059453,3086.0084859454214,528.1700438852678,528.1700438852673,161.93251321660836,161.93251321660858,146.90144038200378,19920,2148.184013150009,2148.184013150009,2064.7504506331297,1964.378695026678,1948.3333084104684,1874.0585665196961,1830.3336699751555,1751.1786646239013,1736.9587267894049,1683.368347832662,1656.1497877814759,1588.9983431391167,1508.3704436654407,1495.723626286575,1452.65481420542,1437.3092891654735,1420.79782793809,1405.5918406587202,1387.8344756890285,1383.4490700059453
large|QI-DMO|5000-50-uniform-high|inst1|run3|b20000,large,QI-DMO,"5000 tasks, 50 VMs, uniform/high",5000,50,uniform,high,1,3,20000,1408.951462358071,3132.6466991937828,528.1700438852678,528.1700438852673,166.76095675432356,166.7609567543238,146.92770147323608,19920,2269.736754488312,2125.716790184053,2037.6282529417879,1984.9490367220546,1967.8104844608486,1934.3583793984599,1923.6481694456918,1876.6101459915776,1793.3200811273218,1727.0171660787225,1692.6760904388123,1643.8887686027074,1551.2615236157635,1530.5648614683548,1506.016387079576,1473.6099029322638,1452.2772688598175,1429.0179399912129,1413.885240086294,1408.951462358071
large|QI-DMO|5000-50-uniform-high|inst1|run4|b20000,large,QI-DMO,"5000 tasks, 50 VMs, uniform/high",5000,50,uniform,high,1,4,20000,1379.7220954705163,3075.911971458275,528.1700438852678,528.1700438852673,161.22687408039135,161.2268740803916,142.21926856040955,19920,2230.347927559534,2142.551531352148,1966.4565109445682,1940.9974880151817,1914.059276765567,1889.2698052325634,1786.5681776786503,1771.5766135936433,1771.5766135936433,1718.5921966575354,1683.6340000990979,1630.9305672798869,1594.1172675426124,1552.7666050254702,1504.4507650031308,1461.2555159934063,1442.3756931398968,1419.2632413841427,1394.3888482901868,1379.7220954705163
large|QI-DMO|5000-50-uniform-high|inst1|run5|b20000,large,QI-DMO,"5000 tasks, 50 VMs, uniform/high",5000,50,uniform,high,1,5,20000,1390.9934934940213,3099.9399696097175,528.1700438852678,528.1700438852673,163.36092127863677,163.360921278637,140.54037737846375,19920,2301.522943835083,2090.543351343444,2027.9191466427321,1957.5852461296417,1957.5852461296417,1942.173566190055,1880.7746054007907,1808.606815768711,1762.9681199278764,1691.8100738328317,1668.667326956537,1595.238122135867,1562.1390350365652,1516.8818638412122,1470.6458684776383,1435.6286388864326,1409.4366526833815,1405.5474964774114,1405.4843243024293,1390.9934934940213
large|QI-DMO|5000-50-uniform-high|inst1|run6|b20000,large,QI-DMO,"5000 tasks, 50 VMs, uniform/high",5000,50,uniform,high,1,6,20000,1378.5480873819697,3079.125151341757,528.1700438852678,528.1700438852673,161.00459564901527,161.00459564901553,130.21424531936646,19920,2280.27954071955,2106.6113296788603,2075.597382016473,2012.6664280404118,1958.9746763793073,1883.1405887654091,1820.8265339182472,1733.5488411502897,1701.544268003993,1618.3979161557668,1557.599865251529,1517.0410381996985,1473.4733986986246,1432.7280439621113,1413.016012215094,1408.8091046001944,1399.6598027585749,1389.6988160617889,1387.8092873271291,1378.5480873819697
large|QI-DMO|5000-50-uniform-high|inst1|run7|b20000,large,QI-DMO,"5000 tasks, 50 VMs, uniform/high",5000,50,uniform,high,1,7,20000,1450.768093774359,3207.687342149661,528.1700438852678,528.1700438852673,174.67822353240152,174.67822353240174,130.77759671211243,19920,2255.0168036389837,2111.072349146311,1997.8060408419772,1983.207445133222,1941.6848588390897,1905.1288963604773,1900.0920525581944,1838.0901393259307,1805.702931823295,1747.818555411823,1673.8047249313897,1609.2239010027315,1571.4500747515347,1550.1600448452866,1525.6082700700151,1498.008894514834,1481.628468680089,1472.8879813283554,1459.1224769600267,1450.768093774359
large|QI-DMO|5000-50-uniform-high|inst1|run8|b20000,large,QI-DMO,"5000 tasks, 50 VMs, uniform/high",5000,50,uniform,high,1,8,20000,1383.712815530342,3089.47581040717,528.1700438852678,528.1700438852673,161.98244893853166,161.9824489385319,124.55248308181763,19920,2268.4548737599193,2099.6509371143243,2026.7976197891958,1948.2750377930113,1892.2756815568414,1838.1476232165971,1791.6617492892508,1764.035950707779,1737.743835039104,1717.8966492047753,1642.7369251448954,1580.0735511002754,1559.3782476606639,1513.2859828853489,1459.700184454075,1445.6213003533333,1411.8315655503845,1398.004945079343,1397.828302102081,1383.712815530342
large|QI-DMO|5000-50-uniform-high|inst1|run9|b20000,large,QI-DMO,"5000 tasks, 50 VMs, uniform/high",5000,50,uniform,high,1,9,20000,1444.8717371111215,3201.289104339481,528.1700438852678,528.1700438852673,173.5618488474869,173.56184884748717,124.59154915809631,19920,2305.9961096073152,2208.414244732305,2093.178633252013,2064.4381075268643,1975.9206719219205,1911.3298545641744,1861.4112058371618,1836.6796119853248,1765.240321304129,1734.1171410500647,1683.6996771706442,1632.861082128005,1600.0743160137854,1551.5283916459673,1519.3183391841824,1500.6347373634164,1477.8654046902593,1462.033273501185,1453.2759932464396,1444.8717371111215
large|DMO (original)|500-50-uniform-high|inst1|run2|b20000,large,DMO (original),"500 tasks, 50 VMs, uniform/high",500,50,uniform,high,1,2,20000,206.8408648644584,422.81339345160137,53.37641689727649,53.37641689727644,287.5135816301157,287.51358163011605,0.9561934471130371,19920,208.7848571076353,208.7848571076353,208.7848571076353,208.7848571076353,208.7848571076353,208.7848571076353,208.7848571076353,208.7848571076353,208.7848571076353,208.7848571076353,208.7848571076353,208.7848571076353,208.7848571076353,208.7848571076353,208.7848571076353,208.7848571076353,206.8408648644584,206.8408648644584,206.8408648644584,206.8408648644584
large|DMO (original)|500-50-uniform-high|inst1|run3|b20000,large,DMO (original),"500 tasks, 50 VMs, uniform/high",500,50,uniform,high,1,3,20000,205.2946972215815,420.55630394949463,53.37641689727649,53.37641689727644,284.61685732235156,284.61685732235196,1.078819751739502,19920,214.82532659754182,214.82532659754182,214.82532659754182,214.82532659754182,214.82532659754182,214.82532659754182,214.82532659754182,214.82532659754182,214.82532659754182,214.82532659754182,214.82532659754182,214.82532659754182,214.82532659754182,214.82532659754182,214.82532659754182,205.2946972215815,205.2946972215815,205.2946972215815,205.2946972215815,205.2946972215815
large|DMO (original)|500-50-uniform-high|inst1|run1|b20000,large,DMO (original),"500 tasks, 50 VMs, uniform/high",500,50,uniform,high,1,1,20000,205.25509111685335,418.03448965523756,53.37641689727649,53.37641689727644,284.5426558172105,284.5426558172109,1.080152988433838,19920,205.25509111685335,205.25509111685335,205.25509111685335,205.25509111685335,205.25509111685335,205.25509111685335,205.25509111685335,205.25509111685335,205.25509111685335,205.25509111685335,205.25509111685335,205.25509111685335,205.25509111685335,205.25509111685335,205.25509111685335,205.25509111685335,205.25509111685335,205.25509111685335,205.25509111685335,205.25509111685335
large|DMO (original)|500-50-uniform-high|inst1|run0|b20000,large,DMO (original),"500 tasks, 50 VMs, uniform/high",500,50,uniform,high,1,0,20000,200.3964358069844,408.4692344111136,53.37641689727649,53.37641689727644,275.44003036518836,275.44003036518876,1.0916523933410645,19920,222.6186403334598,221.23228986584667,221.23228986584667,221.23228986584667,221.23228986584667,221.23228986584667,221.23228986584667,221.23228986584667,221.23228986584667,221.23228986584667,221.23228986584667,221.23228986584667,221.23228986584667,202.38281096759374,202.38281096759374,202.38281096759374,202.38281096759374,202.38281096759374,202.38281096759374,200.3964358069844
large|DMO (original)|500-50-uniform-high|inst1|run4|b20000,large,DMO (original),"500 tasks, 50 VMs, uniform/high",500,50,uniform,high,1,4,20000,196.10389353791595,404.3668535169596,53.37641689727649,53.37641689727644,267.39801008996176,267.3980100899621,1.046623706817627,19920,196.10389353791595,196.10389353791595,196.10389353791595,196.10389353791595,196.10389353791595,196.10389353791595,196.10389353791595,196.10389353791595,196.10389353791595,196.10389353791595,196.10389353791595,196.10389353791595,196.10389353791595,196.10389353791595,196.10389353791595,196.10389353791595,196.10389353791595,196.10389353791595,196.10389353791595,196.10389353791595
large|DMO (original)|500-50-uniform-high|inst1|run6|b20000,large,DMO (original),"500 tasks, 50 VMs, uniform/high",500,50,uniform,high,1,6,20000,192.24609456377263,395.297544994317,53.37641689727649,53.37641689727644,260.17047553745016,260.1704755374505,0.999248743057251,19920,225.19560721346275,225.19560721346275,225.19560721346275,225.19560721346275,225.19560721346275,225.19560721346275,225.19560721346275,225.19560721346275,225.19560721346275,225.19560721346275,225.19560721346275,225.19560721346275,225.19560721346275,225.19560721346275,220.9468146528591,211.38668305212533,210.89424159294222,210.89424159294222,192.24609456377263,192.24609456377263
large|DMO (original)|500-50-uniform-high|inst1|run5|b20000,large,DMO (original),"500 tasks, 50 VMs, uniform/high",500,50,uniform,high,1,5,20000,200.4834731822794,409.91629997920825,53.37641689727649,53.37641689727644,275.60309371854623,275.60309371854663,1.0106487274169922,19920,219.26120945824576,219.26120945824576,219.26120945824576,219.26120945824576,219.26120945824576,219.26120945824576,219.26120945824576,219.26120945824576,219.26120945824576,219.26120945824576,219.26120945824576,219.26120945824576,219.26120945824576,205.7891777118787,205.66373855903842,202.87776162287474,202.87776162287474,202.87776162287474,202.87776162287474,200.4834731822794
large|DMO (original)|500-50-uniform-high|inst1|run7|b20000,large,DMO (original),"500 tasks, 50 VMs, uniform/high",500,50,uniform,high,1,7,20000,195.31389564832696,400.52332829724315,53.37641689727649,53.37641689727644,265.9179596566227,265.91795965662305,1.052290678024292,19920,195.31389564832696,195.31389564832696,195.31389564832696,195.31389564832696,195.31389564832696,195.31389564832696,195.31389564832696,195.31389564832696,195.31389564832696,195.31389564832696,195.31389564832696,195.31389564832696,195.31389564832696,195.31389564832696,195.31389564832696,195.31389564832696,195.31389564832696,195.31389564832696,195.31389564832696,195.31389564832696
large|DMO (original)|500-50-uniform-high|inst1|run9|b20000,large,DMO (original),"500 tasks, 50 VMs, uniform/high",500,50,uniform,high,1,9,20000,202.256448514515,412.5798046338834,53.37641689727649,53.37641689727644,278.92473918539673,278.92473918539713,0.9556338787078857,19920,202.256448514515,202.256448514515,202.256448514515,202.256448514515,202.256448514515,202.256448514515,202.256448514515,202.256448514515,202.256448514515,202.256448514515,202.256448514515,202.256448514515,202.256448514515,202.256448514515,202.256448514515,202.256448514515,202.256448514515,202.256448514515,202.256448514515,202.256448514515
large|DMO (original)|500-50-uniform-high|inst1|run8|b20000,large,DMO (original),"500 tasks, 50 VMs, uniform/high",500,50,uniform,high,1,8,20000,201.93097304838804,412.41201330804,53.37641689727649,53.37641689727644,278.3149652720347,278.31496527203507,1.0462391376495361,19920,212.08698737225748,212.08698737225748,212.08698737225748,212.08698737225748,212.08698737225748,212.08698737225748,212.08698737225748,212.08698737225748,212.08698737225748,212.08698737225748,212.08698737225748,212.08698737225748,212.08698737225748,212.08698737225748,201.93097304838804,201.93097304838804,201.93097304838804,201.93097304838804,201.93097304838804,201.93097304838804
large|QI-DMO + swap in every phase|500-50-uniform-high|inst1|run0|b20000,large,QI-DMO + swap in every phase,"500 tasks, 50 VMs, uniform/high",500,50,uniform,high,1,0,20000,75.9148053702784,187.96673172519027,53.37641689727649,53.37641689727644,42.22536802419182,42.22536802419196,14.065202951431274,19920,185.79107018607868,154.26641098627718,147.56012347507297,147.56012347507297,147.56012347507297,147.56012347507297,147.56012347507297,144.56330404265066,144.3690154215946,110.66887963359792,103.27850724475135,103.27850724475135,103.27850724475135,97.42794095851266,91.64095678206849,86.65156614992091,84.11110743263755,75.9148053702784,75.9148053702784,75.9148053702784
large|QI-DMO + swap in every phase|500-50-uniform-high|inst1|run1|b20000,large,QI-DMO + swap in every phase,"500 tasks, 50 VMs, uniform/high",500,50,uniform,high,1,1,20000,76.87521131017276,190.96353300342793,53.37641689727649,53.37641689727644,44.024675650521765,44.0246756505219,14.5083646774292,19920,172.70202673241127,163.21141217553716,159.95414195250498,143.38825040275995,143.38825040275995,143.38825040275995,143.38825040275995,143.38825040275995,143.38825040275995,136.65472083146375,136.65472083146375,124.7618789618679,121.6578087472825,102.59202442002479,94.18915297008684,86.31972368509817,85.0965442785406,82.05060598538876,76.87521131017276,76.87521131017276
large|QI-DMO + swap in every phase|500-50-uniform-high|inst1|run2|b20000,large,QI-DMO + swap in every phase,"500 tasks, 50 VMs, uniform/high",500,50,uniform,high,1,2,20000,82.65808046986537,200.02841656483585,53.37641689727649,53.37641689727644,54.85880333432977,54.85880333432992,14.095714092254639,19920,181.05889705440322,176.5939707868708,176.5939707868708,176.3039137626562,160.01480142121866,160.01480142121866,147.4638817735975,147.4638817735975,147.02012104781406,143.37230270841485,142.94169035692101,132.14984821230107,129.66738352194128,112.40241828256006,107.5447817169533,98.7975535108979,96.91580615197475,90.06717986738647,85.3416304202798,82.65808046986537
large|QI-DMO + swap in every phase|500-50-uniform-high|inst1|run3|b20000,large,QI-DMO + swap in every phase,"500 tasks, 50 VMs, uniform/high",500,50,uniform,high,1,3,20000,74.75638273321775,186.17934104272112,53.37641689727649,53.37641689727644,40.0550787758707,40.055078775870825,14.267863988876343,19920,187.8146740898039,171.00024535541453,169.71249019705175,151.53798511709533,145.11346485834719,129.85853447757154,129.4700344776975,129.39679834949766,121.94343247175478,121.2639599485991,106.86228703371017,106.86228703371017,106.86228703371017,98.2495967106132,94.68920680739103,89.80989683255928,86.60217292053007,80.0482725075578,76.84102607581836,74.75638273321775
large|QI-DMO + swap in every phase|500-50-uniform-high|inst1|run4|b20000,large,QI-DMO + swap in every phase,"500 tasks, 50 VMs, uniform/high",500,50,uniform,high,1,4,20000,76.87799143939633,190.35554428448114,53.37641689727649,53.37641689727644,44.02988418527395,44.029884185274085,14.233081817626953,19920,188.1462506785283,170.61901643097565,161.30471155502352,146.67224152442446,146.67224152442446,146.67224152442446,143.3057736527319,141.9024323381968,141.00558341874333,139.1863210275464,139.1863210275464,128.66507730004002,118.02531819588945,106.91577016741847,91.87457632382022,90.3327711966816,84.52714215978591,78.98594728557646,76.87799143939633,76.87799143939633
large|QI-DMO + swap in every phase|500-50-uniform-high|inst1|run5|b20000,large,QI-DMO + swap in every phase,"500 tasks, 50 VMs, uniform/high",500,50,uniform,high,1,5,20000,72.23581622286831,180.4876601186641,53.37641689727649,53.37641689727644,35.33283127993949,35.33283127993962,14.374884843826294,19920,190.2881140694404,159.89843328765488,159.89843328765488,159.89843328765488,157.12605385948464,155.88680129824678,147.18476027893556,135.90643188511046,127.19390537051481,122.16171361939159,121.33946868387447,121.33946868387447,112.773193580601,108.38356261085724,92.7019631666786,84.58087479411147,80.42763624847223,77.10803212804706,74.2001847798824,72.23581622286831
large|QI-DMO + swap in every phase|500-50-uniform-high|inst1|run6|b20000,large,QI-DMO + swap in every phase,"500 tasks, 50 VMs, uniform/high",500,50,uniform,high,1,6,20000,80.45310596526674,197.49399269124072,53.37641689727649,53.37641689727644,50.72781322151998,50.72781322152012,14.266809225082397,19920,197.58479278110747,184.71664268494257,169.2520788654157,158.01513779196196,151.82848008250974,151.82848008250974,145.1289276737631,140.03931712594357,126.85791499448983,122.99148552246501,122.99148552246501,122.99148552246501,111.48846565468716,105.15228670763634,102.97855478170356,94.4367496442343,89.96521060945547,85.93925043857155,83.12912993771876,80.45310596526674
large|QI-DMO + swap in every phase|500-50-uniform-high|inst1|run7|b20000,large,QI-DMO + swap in every phase,"500 tasks, 50 VMs, uniform/high",500,50,uniform,high,1,7,20000,76.37249430561776,189.533423735875,53.37641689727649,53.37641689727644,43.082842095971856,43.08284209597199,14.3323392868042,19920,175.6261478703411,175.6261478703411,164.96905184603813,164.96905184603813,160.34400235562495,141.9511372307149,141.9511372307149,141.1332096374968,141.1332096374968,141.11026787666367,132.01871979171818,120.58919090023896,105.79774062585076,99.66990604636831,91.59370988407248,90.30318081389383,82.89949341813802,81.40860240121656,79.35871612633332,76.37249430561776
large|QI-DMO + swap in improving phases|500-50-uniform-high|inst1|run0|b20000,large,QI-DMO + swap in improving phases,"500 tasks, 50 VMs, uniform/high",500,50,uniform,high,1,0,20000,79.57564849029073,196.01669729925962,53.37641689727649,53.37641689727644,49.083908429887586,49.08390842988773,12.911934614181519,19920,193.49941876249363,171.370701262896,171.370701262896,162.3057425283854,162.3057425283854,162.3057425283854,159.35764786384334,158.04090733599188,151.4733915228419,151.4733915228419,145.8041858781704,131.68462085617384,115.90335200942695,111.07081240545436,111.00761979428042,99.38835315607615,93.7657340710225,90.30458835482098,84.40001683232259,79.57564849029073
large|QI-DMO + swap in every phase|500-50-uniform-high|inst1|run8|b20000,large,QI-DMO + swap in every phase,"500 tasks, 50 VMs, uniform/high",500,50,uniform,high,1,8,20000,78.00335009392084,191.1330591246729,53.37641689727649,53.37641689727644,46.13822850649409,46.13822850649422,14.151437997817993,19920,185.36270539903558,168.0784808834777,154.62302981472794,154.62302981472794,154.62302981472794,149.34661467111175,138.7828167463032,138.7828167463032,138.7828167463032,137.12806596553415,121.27184896506745,119.08639680247335,119.08639680247335,102.74141359981745,102.74141359981745,92.02350641297713,85.9537368642106,82.60082600351922,78.5506774701975,78.00335009392084
large|QI-DMO + swap in improving phases|500-50-uniform-high|inst1|run1|b20000,large,QI-DMO + swap in improving phases,"500 tasks, 50 VMs, uniform/high",500,50,uniform,high,1,1,20000,87.36960829566274,209.90302882554525,53.37641689727649,53.37641689727644,63.685787421449675,63.68578742144983,13.045207738876343,19920,197.02603934943187,180.9557085876304,164.99550741662344,150.38386570510772,150.38386570510772,150.38386570510772,150.38386570510772,150.38386570510772,142.91848900169813,130.42025440947452,130.42025440947452,121.49509494674462,112.65881664118989,112.65881664118989,112.65881664118989,107.5396072627424,104.58163960092219,97.71000317782226,88.15495221578036,87.36960829566274
large|QI-DMO + swap in every phase|500-50-uniform-high|inst1|run9|b20000,large,QI-DMO + swap in every phase,"500 tasks, 50 VMs, uniform/high",500,50,uniform,high,1,9,20000,77.40487602447612,191.55588288907117,53.37641689727649,53.37641689727644,45.016995377270575,45.01699537727072,13.865099668502808,19920,196.36081281162302,155.0606762149608,155.0606762149608,155.0606762149608,155.0606762149608,155.0606762149608,150.41381549415118,135.01285752557382,129.06621463060756,116.02974317945672,116.02974317945672,115.7558342303638,114.76311353791573,107.26465276007883,100.38627936270653,95.7052399753041,86.83218528260223,82.54034246035805,82.54034246035805,77.40487602447612
large|QI-DMO + swap in improving phases|500-50-uniform-high|inst1|run3|b20000,large,QI-DMO + swap in improving phases,"500 tasks, 50 VMs, uniform/high",500,50,uniform,high,1,3,20000,70.21570418584871,178.44075445090576,53.37641689727649,53.37641689727644,31.54817851670263,31.548178516702755,12.936287641525269,19920,202.6504213390354,168.44643795948033,168.44643795948033,160.94895754219317,160.94895754219317,154.26888752659298,146.80876670394042,146.80876670394042,134.80205266303,127.81768062427184,122.96125445297471,106.4188115606202,100.66960311844518,99.00221838967691,88.1231023833539,80.22020054389277,74.31169095037396,72.05062100870757,72.05062100870757,70.21570418584871
large|QI-DMO + swap in improving phases|500-50-uniform-high|inst1|run2|b20000,large,QI-DMO + swap in improving phases,"500 tasks, 50 VMs, uniform/high",500,50,uniform,high,1,2,20000,82.15631328685032,200.93388310745013,53.37641689727649,53.37641689727644,53.91874925767509,53.91874925767523,13.209975957870483,19920,181.10264392815427,181.10264392815427,177.88769675619318,167.4291858161641,167.4291858161641,156.27589990542722,146.55386842576874,146.16878884738404,137.90400101325335,126.54311245508705,126.54311245508705,123.31192435568494,119.31050821555226,112.31903563662131,101.53269376930392,92.06227645908423,91.28374932110205,86.07343529297566,82.15631328685032,82.15631328685032
large|QI-DMO + swap in improving phases|500-50-uniform-high|inst1|run4|b20000,large,QI-DMO + swap in improving phases,"500 tasks, 50 VMs, uniform/high",500,50,uniform,high,1,4,20000,89.95522870100068,216.12556079142817,53.37641689727649,53.37641689727644,68.52991251570991,68.52991251571007,12.83109164237976,19920,196.69368136262023,183.15386991339574,183.15386991339574,173.87445853222755,159.80878894091495,159.80878894091495,155.58425652367245,155.58425652367245,147.10330836261195,130.57603918490295,129.26352628425522,129.26352628425522,126.60754917308459,118.63851565331164,109.92931227935699,102.41293073061486,101.9605036264945,96.9262829016667,94.0450598377585,89.95522870100068
large|QI-DMO + swap in improving phases|500-50-uniform-high|inst1|run5|b20000,large,QI-DMO + swap in improving phases,"500 tasks, 50 VMs, uniform/high",500,50,uniform,high,1,5,20000,75.67244448629286,188.3229510427039,53.37641689727649,53.37641689727644,41.77130816391314,41.77130816391327,12.872212886810303,19920,198.7076434681465,191.1810976575885,166.86779552722788,157.76816206574193,157.76816206574193,156.61484950147897,143.35133510933952,142.0445339463424,133.19530335410664,133.19530335410664,119.489742798034,117.1898908149813,113.34572106908956,98.36047238907142,90.27226232808684,84.85147086392348,80.67656620683314,78.8673603593992,77.63314640000567,75.67244448629286
large|QI-DMO + swap in improving phases|500-50-uniform-high|inst1|run8|b20000,large,QI-DMO + swap in improving phases,"500 tasks, 50 VMs, uniform/high",500,50,uniform,high,1,8,20000,88.758086897333,213.4565294143772,53.37641689727649,53.37641689727644,66.28708342890256,66.28708342890272,12.672600984573364,19920,199.16363060034269,163.7118761857,161.3304900982842,155.69239077512995,155.69239077512995,154.4121126987066,154.4121126987066,154.4121126987066,147.67476241708582,144.24589664982807,142.9391257948398,129.27154837113824,120.04730190385492,119.44142357629207,111.70187068146345,104.00424873437018,97.81996644075065,92.34567067088665,88.758086897333,88.758086897333
large|QI-DMO + swap in improving phases|500-50-uniform-high|inst1|run6|b20000,large,QI-DMO + swap in improving phases,"500 tasks, 50 VMs, uniform/high",500,50,uniform,high,1,6,20000,78.9411302708579,195.03461625073845,53.37641689727649,53.37641689727644,47.89514706987728,47.89514706987742,12.801900386810303,19920,185.58057860969208,159.8261342457402,159.8261342457402,159.8261342457402,159.8261342457402,149.25647221334813,149.25647221334813,149.25647221334813,149.25647221334813,143.38117040590703,133.14605316648306,122.67784735770238,116.89707432644464,109.31104338887795,95.02926598358559,89.80282715182712,88.32807309801686,86.52597960644765,83.70764767046866,78.9411302708579
large|QI-DMO + swap in improving phases|500-50-uniform-high|inst1|run9|b20000,large,QI-DMO + swap in improving phases,"500 tasks, 50 VMs, uniform/high",500,50,uniform,high,1,9,20000,78.63895826159448,194.18123321741243,53.37641689727649,53.37641689727644,47.32903186989122,47.32903186989135,12.795923709869385,19920,212.09970754458368,170.66693540704063,158.5673866064311,158.5673866064311,158.5673866064311,158.5673866064311,158.5673866064311,141.19126193924328,137.85841268649548,129.7288490541415,124.53231121257458,124.31142738391199,106.68341884243192,100.8503416809901,90.38181634252943,86.88329853471492,84.48974826221323,83.70203152698919,81.02189388208039,78.63895826159448
large|QI-DMO + swap in improving phases|500-50-uniform-high|inst1|run7|b20000,large,QI-DMO + swap in improving phases,"500 tasks, 50 VMs, uniform/high",500,50,uniform,high,1,7,20000,86.14630464739335,208.51648695579965,53.37641689727649,53.37641689727644,61.39394447023837,61.393944470238516,13.19305682182312,19920,203.65235179324895,194.90236038626415,181.14382589617958,181.14382589617958,176.28928192920682,176.26379163783145,161.6787806764773,161.6787806764773,153.4643154121729,144.2740877629954,142.29969055417206,126.97063943167686,126.97063943167686,116.41421169804323,112.31842102578452,105.15876376846032,97.27450447560754,95.21218159018638,90.49003413347958,86.14630464739335
large|DMO (original)|1000-50-uniform-high|inst1|run0|b20000,large,DMO (original),"1000 tasks, 50 VMs, uniform/high",1000,50,uniform,high,1,0,20000,392.67634788118454,819.4390635392227,101.37563564637229,101.37563564637225,287.34785274338884,287.347852743389,1.1411375999450684,19920,392.67634788118454,392.67634788118454,392.67634788118454,392.67634788118454,392.67634788118454,392.67634788118454,392.67634788118454,392.67634788118454,392.67634788118454,392.67634788118454,392.67634788118454,392.67634788118454,392.67634788118454,392.67634788118454,392.67634788118454,392.67634788118454,392.67634788118454,392.67634788118454,392.67634788118454,392.67634788118454
large|DMO (original)|1000-50-uniform-high|inst1|run1|b20000,large,DMO (original),"1000 tasks, 50 VMs, uniform/high",1000,50,uniform,high,1,1,20000,356.75764747745006,753.2596574852008,101.37563564637229,101.37563564637225,251.91655786201383,251.916557862014,1.2630929946899414,19920,356.75764747745006,356.75764747745006,356.75764747745006,356.75764747745006,356.75764747745006,356.75764747745006,356.75764747745006,356.75764747745006,356.75764747745006,356.75764747745006,356.75764747745006,356.75764747745006,356.75764747745006,356.75764747745006,356.75764747745006,356.75764747745006,356.75764747745006,356.75764747745006,356.75764747745006,356.75764747745006
large|DMO (original)|1000-50-uniform-high|inst1|run2|b20000,large,DMO (original),"1000 tasks, 50 VMs, uniform/high",1000,50,uniform,high,1,2,20000,414.9172764525337,855.8602772618173,101.37563564637229,101.37563564637225,309.2869788751667,309.2869788751669,1.1892423629760742,19920,423.03874089180783,423.03874089180783,423.03874089180783,423.03874089180783,423.03874089180783,423.03874089180783,423.03874089180783,423.03874089180783,423.03874089180783,423.03874089180783,423.03874089180783,423.03874089180783,423.03874089180783,423.03874089180783,419.2115193004055,415.9317442380315,415.9317442380315,415.9317442380315,415.9317442380315,414.9172764525337
large|DMO (original)|1000-50-uniform-high|inst1|run3|b20000,large,DMO (original),"1000 tasks, 50 VMs, uniform/high",1000,50,uniform,high,1,3,20000,375.6414891265903,784.5348243927838,101.37563564637229,101.37563564637225,270.54415169038947,270.54415169038964,1.2736918926239014,19920,375.6414891265903,375.6414891265903,375.6414891265903,375.6414891265903,375.6414891265903,375.6414891265903,375.6414891265903,375.6414891265903,375.6414891265903,375.6414891265903,375.6414891265903,375.6414891265903,375.6414891265903,375.6414891265903,375.6414891265903,375.6414891265903,375.6414891265903,375.6414891265903,375.6414891265903,375.6414891265903
large|DMO (original)|1000-50-uniform-high|inst1|run4|b20000,large,DMO (original),"1000 tasks, 50 VMs, uniform/high",1000,50,uniform,high,1,4,20000,364.64001275814513,768.0156537276196,101.37563564637229,101.37563564637225,259.69196191293497,259.6919619129351,1.216374397277832,19920,364.64001275814513,364.64001275814513,364.64001275814513,364.64001275814513,364.64001275814513,364.64001275814513,364.64001275814513,364.64001275814513,364.64001275814513,364.64001275814513,364.64001275814513,364.64001275814513,364.64001275814513,364.64001275814513,364.64001275814513,364.64001275814513,364.64001275814513,364.64001275814513,364.64001275814513,364.64001275814513
large|DMO (original)|1000-50-uniform-high|inst1|run5|b20000,large,DMO (original),"1000 tasks, 50 VMs, uniform/high",1000,50,uniform,high,1,5,20000,379.5994503362652,798.2153841641782,101.37563564637229,101.37563564637225,274.4484046052431,274.4484046052433,1.2632665634155273,19920,379.5994503362652,379.5994503362652,379.5994503362652,379.5994503362652,379.5994503362652,379.5994503362652,379.5994503362652,379.5994503362652,379.5994503362652,379.5994503362652,379.5994503362652,379.5994503362652,379.5994503362652,379.5994503362652,379.5994503362652,379.5994503362652,379.5994503362652,379.5994503362652,379.5994503362652,379.5994503362652
large|DMO (original)|1000-50-uniform-high|inst1|run6|b20000,large,DMO (original),"1000 tasks, 50 VMs, uniform/high",1000,50,uniform,high,1,6,20000,384.39430890754267,805.4170406902213,101.37563564637229,101.37563564637225,279.1781984464412,279.1781984464413,1.21817946434021,19920,384.39430890754267,384.39430890754267,384.39430890754267,384.39430890754267,384.39430890754267,384.39430890754267,384.39430890754267,384.39430890754267,384.39430890754267,384.39430890754267,384.39430890754267,384.39430890754267,384.39430890754267,384.39430890754267,384.39430890754267,384.39430890754267,384.39430890754267,384.39430890754267,384.39430890754267,384.39430890754267
large|DMO (original)|1000-50-uniform-high|inst1|run7|b20000,large,DMO (original),"1000 tasks, 50 VMs, uniform/high",1000,50,uniform,high,1,7,20000,390.9586698997235,818.4124649172807,101.37563564637229,101.37563564637225,285.65348311452374,285.6534831145239,1.2720167636871338,19920,390.9586698997235,390.9586698997235,390.9586698997235,390.9586698997235,390.9586698997235,390.9586698997235,390.9586698997235,390.9586698997235,390.9586698997235,390.9586698997235,390.9586698997235,390.9586698997235,390.9586698997235,390.9586698997235,390.9586698997235,390.9586698997235,390.9586698997235,390.9586698997235,390.9586698997235,390.9586698997235
large|DMO (original)|1000-50-uniform-high|inst1|run8|b20000,large,DMO (original),"1000 tasks, 50 VMs, uniform/high",1000,50,uniform,high,1,8,20000,324.71365760783607,699.039782130099,101.37563564637229,101.37563564637225,220.30739490554888,220.30739490554902,1.2671382427215576,19920,324.71365760783607,324.71365760783607,324.71365760783607,324.71365760783607,324.71365760783607,324.71365760783607,324.71365760783607,324.71365760783607,324.71365760783607,324.71365760783607,324.71365760783607,324.71365760783607,324.71365760783607,324.71365760783607,324.71365760783607,324.71365760783607,324.71365760783607,324.71365760783607,324.71365760783607,324.71365760783607
large|DMO (original)|1000-50-uniform-high|inst1|run9|b20000,large,DMO (original),"1000 tasks, 50 VMs, uniform/high",1000,50,uniform,high,1,9,20000,394.13158465366547,817.9673826436634,101.37563564637229,101.37563564637225,288.78334240833874,288.7833424083389,1.2317912578582764,19920,394.13158465366547,394.13158465366547,394.13158465366547,394.13158465366547,394.13158465366547,394.13158465366547,394.13158465366547,394.13158465366547,394.13158465366547,394.13158465366547,394.13158465366547,394.13158465366547,394.13158465366547,394.13158465366547,394.13158465366547,394.13158465366547,394.13158465366547,394.13158465366547,394.13158465366547,394.13158465366547
large|QI-DMO + swap in every phase|1000-50-uniform-high|inst1|run0|b20000,large,QI-DMO + swap in every phase,"1000 tasks, 50 VMs, uniform/high",1000,50,uniform,high,1,0,20000,134.61655213678839,353.3354323275105,101.37563564637229,101.37563564637225,32.78984765764635,32.7898476576464,27.01477885246277,19920,316.70923750111035,309.4978597602287,285.8672699240375,268.2458507390068,268.02732407587837,239.95615894882152,232.4580139021956,220.30135756404258,214.012308041493,204.9496356730642,191.04848354689065,185.30257699704242,174.72042360913363,161.2350349900803,159.05797275254437,151.14136109823446,142.63836199640642,135.4782038190586,135.4782038190586,134.61655213678839
large|QI-DMO + swap in every phase|1000-50-uniform-high|inst1|run1|b20000,large,QI-DMO + swap in every phase,"1000 tasks, 50 VMs, uniform/high",1000,50,uniform,high,1,1,20000,130.89602507500413,347.5546503353652,101.37563564637229,101.37563564637225,29.11980698361049,29.119806983610548,27.737231016159058,19920,336.0615248904934,291.37034648728786,286.87012859218544,272.49362249957017,243.21206845084427,212.48101525831902,212.48101525831902,204.63379475587058,187.9590261604811,187.70976795330924,176.91500831093998,168.46519275482947,165.73104612474353,156.28131790670142,147.72687272052482,139.26288253635937,139.26288253635937,134.4676687565291,131.37487214814715,130.89602507500413
large|QI-DMO + swap in every phase|1000-50-uniform-high|inst1|run2|b20000,large,QI-DMO + swap in every phase,"1000 tasks, 50 VMs, uniform/high",1000,50,uniform,high,1,2,20000,129.54430541678755,343.2664152219485,101.37563564637229,101.37563564637225,27.78642973808399,27.786429738084045,27.29348921775818,19920,335.44651826807694,298.41982582377466,277.3061402831706,254.79664022320952,244.07453220641636,240.47279330062955,227.7351139856502,227.7351139856502,214.576133258409,200.97205894557533,183.81570279167585,175.96133028518707,163.66731931663895,157.03331819805766,153.86170051301391,140.8754035044086,135.14486274171554,132.87798863328777,132.87798863328777,129.54430541678755
large|QI-DMO + swap in every phase|1000-50-uniform-high|inst1|run3|b20000,large,QI-DMO + swap in every phase,"1000 tasks, 50 VMs, uniform/high",1000,50,uniform,high,1,3,20000,128.97641628895371,344.1412486161776,101.37563564637229,101.37563564637225,27.226246687972424,27.226246687972473,27.59014320373535,19920,315.9362639053618,271.5730825879155,263.59441704223235,225.21045038290114,225.21045038290114,225.21045038290114,225.21045038290114,225.21045038290114,225.1360122746143,206.96948971638935,206.58009724113688,199.74221787211354,180.25815589774604,158.8369615671868,151.5056695194864,143.2924904387723,138.0147741505205,135.5155663100533,129.51821917712164,128.97641628895371
large|QI-DMO + swap in every phase|1000-50-uniform-high|inst1|run4|b20000,large,QI-DMO + swap in every phase,"1000 tasks, 50 VMs, uniform/high",1000,50,uniform,high,1,4,20000,125.37720672643981,335.8532070461687,101.37563564637229,101.37563564637225,23.67587727271273,23.675877272712782,27.659913539886475,19920,370.3241884779012,317.2168998948737,291.82491079074333,254.02932727329886,246.92282263765267,221.21925535213333,218.16691003829195,207.68113202952068,199.9067861338082,198.02032424252053,177.28543237204693,159.58962575725204,154.236742917362,147.95421525510204,147.27446735361153,137.5886005343719,133.49883090524585,129.71861577449744,127.98173819878212,125.37720672643981
large|QI-DMO + swap in every phase|1000-50-uniform-high|inst1|run6|b20000,large,QI-DMO + swap in every phase,"1000 tasks, 50 VMs, uniform/high",1000,50,uniform,high,1,6,20000,131.889335393882,349.1858491107807,101.37563564637229,101.37563564637225,30.099638392355306,30.09963839235536,27.48194169998169,19920,321.3987724930659,298.07016647402486,284.8679168262657,274.95686876177547,260.2763899875176,236.8230446729206,236.8230446729206,236.8230446729206,213.56752971204483,213.56752971204483,182.57152692882576,172.20377901997517,160.95138001053388,153.3327681255175,145.08482425734113,140.1372254088802,135.96636148336103,134.62176089061307,132.50161026222662,131.889335393882
large|QI-DMO + swap in every phase|1000-50-uniform-high|inst1|run5|b20000,large,QI-DMO + swap in every phase,"1000 tasks, 50 VMs, uniform/high",1000,50,uniform,high,1,5,20000,124.50266063181469,335.312926504033,101.37563564637229,101.37563564637225,22.813198494869315,22.813198494869365,27.876394748687744,19920,332.75587918971576,256.740716784736,256.740716784736,256.740716784736,249.40184954665528,245.6795899104138,238.97005296005108,238.97005296005108,229.44831010008667,222.7790959648132,207.84444973983173,188.36006637828814,176.7584636575651,167.83497342306927,160.74542619316648,150.95928242737776,141.9083230299987,132.29673001814774,130.72599999946786,124.50266063181469
large|QI-DMO + swap in every phase|1000-50-uniform-high|inst1|run7|b20000,large,QI-DMO + swap in every phase,"1000 tasks, 50 VMs, uniform/high",1000,50,uniform,high,1,7,20000,128.3066829918776,342.05553516992813,101.37563564637229,101.37563564637225,26.56560146211921,26.565601462119265,27.991313695907593,19920,342.28497214853934,301.47299103224896,248.40604819168888,248.40604819168888,246.498332192006,246.498332192006,228.06503007794817,222.58778450001293,206.99202788367998,195.7069234009054,185.42037908273713,175.2578307150583,164.33969416818744,153.3407538351238,150.77687062141925,138.644439603744,133.6638520281069,133.6638520281069,128.3685203963934,128.3066829918776
large|QI-DMO + swap in improving phases|1000-50-uniform-high|inst1|run0|b20000,large,QI-DMO + swap in improving phases,"1000 tasks, 50 VMs, uniform/high",1000,50,uniform,high,1,0,20000,139.99862856516768,365.9574120092846,101.37563564637229,101.37563564637225,38.09889099341742,38.09889099341748,25.144027948379517,19920,316.99572006152425,295.32573097364946,269.73646059513646,269.73646059513646,268.72624948585894,267.41846106822305,249.5456020467885,249.5456020467885,244.36974643664308,219.59059739929705,202.59077553267215,187.6882016305908,177.01281762733902,169.63932458677166,163.91279363553178,157.52189496752723,153.77953840764982,147.20080957543496,144.63208890937346,139.99862856516768
large|QI-DMO + swap in every phase|1000-50-uniform-high|inst1|run8|b20000,large,QI-DMO + swap in every phase,"1000 tasks, 50 VMs, uniform/high",1000,50,uniform,high,1,8,20000,139.1718570827953,363.95539489227355,101.37563564637229,101.37563564637225,37.28333854129135,37.28333854129141,27.50505542755127,19920,330.96778854739625,287.2720811044642,271.2092968126367,271.2092968126367,250.8598532680629,215.91784741028846,215.91784741028846,215.91784741028846,215.91784741028846,196.26242615548244,191.16782043286048,180.68950979024714,171.25256721519702,159.8079628854198,151.09878093766363,151.09878093766363,144.83855990964489,144.62885004956334,142.4669019691078,139.1718570827953
large|QI-DMO + swap in improving phases|1000-50-uniform-high|inst1|run1|b20000,large,QI-DMO + swap in improving phases,"1000 tasks, 50 VMs, uniform/high",1000,50,uniform,high,1,1,20000,149.64623352923104,383.57259232655497,101.37563564637229,101.37563564637225,47.61558097770222,47.61558097770228,25.85027503967285,19920,334.17275037068873,287.3794619784151,287.3794619784151,246.81242164208345,244.31405523623133,239.5353360389194,232.91233733535563,223.60718841204877,217.83288808363284,217.7786340604044,205.14882772232326,204.93515656013548,191.31593703855108,180.64187013146017,165.5261556173624,159.35616575176414,154.37831028875956,153.4680421047313,150.3509003107479,149.64623352923104
large|QI-DMO + swap in every phase|1000-50-uniform-high|inst1|run9|b20000,large,QI-DMO + swap in every phase,"1000 tasks, 50 VMs, uniform/high",1000,50,uniform,high,1,9,20000,125.41923792481683,337.02166997806967,101.37563564637229,101.37563564637225,23.717338120883028,23.71733812088308,27.64955449104309,19920,306.0650595422402,296.27331273450864,263.2213574595068,263.2213574595068,258.0673484878501,238.41432572232452,236.35345567525437,233.68016199398988,222.44438914780972,196.36225130967443,186.58455935653626,169.39507749438147,161.55532779360757,155.2722874006892,143.95702742290308,135.7184676680614,135.2999228665652,130.85146170547134,128.90009233665413,125.41923792481683
large|QI-DMO + swap in improving phases|1000-50-uniform-high|inst1|run2|b20000,large,QI-DMO + swap in improving phases,"1000 tasks, 50 VMs, uniform/high",1000,50,uniform,high,1,2,20000,130.70334871186435,348.4176716523485,101.37563564637229,101.37563564637225,28.929745178413143,28.9297451784132,25.500519275665283,19920,326.780628310826,298.28476275439425,276.4038313898439,253.87148439987624,253.61061766155376,253.61061766155376,235.95117828341125,235.95117828341125,225.52673209447457,203.03471186814855,193.37474154458144,188.81346670205218,171.611150892773,154.91068968413504,143.88497754245435,142.92557466920533,138.5068574889049,135.911526433723,134.8718708274397,130.70334871186435
large|QI-DMO + swap in improving phases|1000-50-uniform-high|inst1|run3|b20000,large,QI-DMO + swap in improving phases,"1000 tasks, 50 VMs, uniform/high",1000,50,uniform,high,1,3,20000,138.97159454268592,364.6434387455238,101.37563564637229,101.37563564637225,37.0857935011715,37.08579350117156,25.297049045562744,19920,332.12483414866233,325.12101434244,291.87031753763927,273.1601002788766,258.7052543414492,258.7052543414492,258.7052543414492,258.7052543414492,258.7052543414492,227.3243600035793,216.7959304899013,195.43918479495176,175.41028093465525,166.93201641877138,159.7786938273817,151.52911889468206,150.03699344370474,144.66835407860592,140.5891099404528,138.97159454268592
large|QI-DMO + swap in improving phases|1000-50-uniform-high|inst1|run5|b20000,large,QI-DMO + swap in improving phases,"1000 tasks, 50 VMs, uniform/high",1000,50,uniform,high,1,5,20000,138.388887492123,361.7251488337507,101.37563564637229,101.37563564637225,36.51099360290444,36.5109936029045,24.929075002670288,19920,333.85941321408853,296.4159545225795,272.7586438187222,262.50802518740176,249.53787809869323,245.34667970883885,214.73729830323728,214.73729830323728,214.73729830323728,208.9574955147536,208.9574955147536,193.23551899860658,187.66419378214502,180.79063130268523,164.425652690939,157.59100763025225,150.23342246105236,143.6471877561322,138.388887492123,138.388887492123
large|QI-DMO + swap in improving phases|1000-50-uniform-high|inst1|run4|b20000,large,QI-DMO + swap in improving phases,"1000 tasks, 50 VMs, uniform/high",1000,50,uniform,high,1,4,20000,146.8260374328749,378.2120280469311,101.37563564637229,101.37563564637225,44.833654059686324,44.83365405968639,25.764549493789673,19920,317.29739872978104,292.41896741373455,280.5747872916721,252.2880522533353,252.2880522533353,252.2880522533353,252.2880522533353,251.4452339382833,247.63851815528886,229.51203773290047,212.88678369617227,212.88678369617227,207.13456348891373,189.44201740971553,179.27448488686323,177.11406741146803,167.40855788997808,156.93335953941548,155.0527597895966,146.8260374328749
large|QI-DMO + swap in improving phases|1000-50-uniform-high|inst1|run6|b20000,large,QI-DMO + swap in improving phases,"1000 tasks, 50 VMs, uniform/high",1000,50,uniform,high,1,6,20000,137.461583464723,360.27802869515284,101.37563564637229,101.37563564637225,35.596272800921305,35.59627280092136,25.487674236297607,19920,362.0215715108591,314.0383837865503,289.9474001158164,282.35397909315026,252.20183652379163,251.66945798402622,246.06195486771912,246.06195486771912,228.81837671543428,227.52086712766936,219.05054004296073,185.1868078098822,181.35508373889135,169.2964565162899,158.37483064472156,152.84332700554305,142.50648537270388,142.03359961164554,139.51891098235896,137.461583464723
large|QI-DMO + swap in improving phases|1000-50-uniform-high|inst1|run7|b20000,large,QI-DMO + swap in improving phases,"1000 tasks, 50 VMs, uniform/high",1000,50,uniform,high,1,7,20000,130.52905528796197,347.21198217526893,101.37563564637229,101.37563564637225,28.75781686172138,28.757816861721434,25.47932004928589,19920,341.02354242966396,332.8703508263029,305.4769449352987,286.9863871112646,285.204582960142,258.6602333201886,241.97729813805665,241.97729813805665,224.54045394856072,213.3840251557286,204.13408480934368,194.00714892036714,168.21553235761752,160.85188148271203,144.3664427727024,140.897544995806,137.64477169712137,134.79398352348562,130.90515167289297,130.52905528796197
large|QI-DMO + swap in improving phases|1000-50-uniform-high|inst1|run8|b20000,large,QI-DMO + swap in improving phases,"1000 tasks, 50 VMs, uniform/high",1000,50,uniform,high,1,8,20000,122.21737431004533,332.154909670866,101.37563564637229,101.37563564637225,20.55892279321936,20.558922793219413,25.2602276802063,19920,321.9681899782829,282.94637965250087,277.45904529472114,271.43813036446267,271.43813036446267,258.89289390268146,230.3869991509983,230.3869991509983,210.96372048792608,199.03115375600274,183.31363749721217,181.2153699063108,166.65152489309963,145.6888823365171,136.41801617115738,131.36665993532512,129.8142260909575,126.08994128191132,123.87925447791964,122.21737431004533
large|DMO (original)|1500-50-uniform-high|inst1|run0|b20000,large,DMO (original),"1500 tasks, 50 VMs, uniform/high",1500,50,uniform,high,1,0,20000,703.8695682485242,1412.0915969505597,164.78258356999368,164.78258356999373,327.15046274872,327.15046274871975,1.453192949295044,19920,703.8695682485242,703.8695682485242,703.8695682485242,703.8695682485242,703.8695682485242,703.8695682485242,703.8695682485242,703.8695682485242,703.8695682485242,703.8695682485242,703.8695682485242,703.8695682485242,703.8695682485242,703.8695682485242,703.8695682485242,703.8695682485242,703.8695682485242,703.8695682485242,703.8695682485242,703.8695682485242
large|QI-DMO + swap in improving phases|1000-50-uniform-high|inst1|run9|b20000,large,QI-DMO + swap in improving phases,"1000 tasks, 50 VMs, uniform/high",1000,50,uniform,high,1,9,20000,137.29147694409775,359.5724931097998,101.37563564637229,101.37563564637225,35.42847457253967,35.42847457253972,25.482173919677734,19920,348.52950516122183,299.3572471742318,288.4512300950972,278.7937114620102,259.4224654750897,256.74307627557994,237.75317830199504,237.75317830199504,222.9736691247403,200.7059266023022,200.7059266023022,177.65795120895092,166.80162884759224,161.87328754057214,152.97478536412675,150.40405523767208,143.18901281185097,140.97516885335463,139.4043026118751,137.29147694409775
large|DMO (original)|1500-50-uniform-high|inst1|run1|b20000,large,DMO (original),"1500 tasks, 50 VMs, uniform/high",1500,50,uniform,high,1,1,20000,729.9250665585993,1467.0959463848308,164.78258356999368,164.78258356999373,342.96250898903617,342.962508989036,1.430959939956665,19920,729.9250665585993,729.9250665585993,729.9250665585993,729.9250665585993,729.9250665585993,729.9250665585993,729.9250665585993,729.9250665585993,729.9250665585993,729.9250665585993,729.9250665585993,729.9250665585993,729.9250665585993,729.9250665585993,729.9250665585993,729.9250665585993,729.9250665585993,729.9250665585993,729.9250665585993,729.9250665585993
large|DMO (original)|1500-50-uniform-high|inst1|run2|b20000,large,DMO (original),"1500 tasks, 50 VMs, uniform/high",1500,50,uniform,high,1,2,20000,644.1819557137268,1294.1755322229694,164.78258356999368,164.78258356999373,290.9284232335765,290.9284232335764,1.3970773220062256,19920,644.1819557137268,644.1819557137268,644.1819557137268,644.1819557137268,644.1819557137268,644.1819557137268,644.1819557137268,644.1819557137268,644.1819557137268,644.1819557137268,644.1819557137268,644.1819557137268,644.1819557137268,644.1819557137268,644.1819557137268,644.1819557137268,644.1819557137268,644.1819557137268,644.1819557137268,644.1819557137268
large|DMO (original)|1500-50-uniform-high|inst1|run3|b20000,large,DMO (original),"1500 tasks, 50 VMs, uniform/high",1500,50,uniform,high,1,3,20000,684.796226404903,1366.9165986010091,164.78258356999368,164.78258356999373,315.57560973306767,315.5756097330675,1.3955614566802979,19920,684.796226404903,684.796226404903,684.796226404903,684.796226404903,684.796226404903,684.796226404903,684.796226404903,684.796226404903,684.796226404903,684.796226404903,684.796226404903,684.796226404903,684.796226404903,684.796226404903,684.796226404903,684.796226404903,684.796226404903,684.796226404903,684.796226404903,684.796226404903
large|DMO (original)|1500-50-uniform-high|inst1|run4|b20000,large,DMO (original),"1500 tasks, 50 VMs, uniform/high",1500,50,uniform,high,1,4,20000,717.4515019841932,1442.5824237338898,164.78258356999368,164.78258356999373,335.39279846249394,335.3927984624938,1.3728671073913574,19920,717.4515019841932,717.4515019841932,717.4515019841932,717.4515019841932,717.4515019841932,717.4515019841932,717.4515019841932,717.4515019841932,717.4515019841932,717.4515019841932,717.4515019841932,717.4515019841932,717.4515019841932,717.4515019841932,717.4515019841932,717.4515019841932,717.4515019841932,717.4515019841932,717.4515019841932,717.4515019841932
large|DMO (original)|1500-50-uniform-high|inst1|run5|b20000,large,DMO (original),"1500 tasks, 50 VMs, uniform/high",1500,50,uniform,high,1,5,20000,716.3608197363875,1442.5937772627083,164.78258356999368,164.78258356999373,334.7309067599995,334.7309067599993,1.442220687866211,19920,716.3608197363875,716.3608197363875,716.3608197363875,716.3608197363875,716.3608197363875,716.3608197363875,716.3608197363875,716.3608197363875,716.3608197363875,716.3608197363875,716.3608197363875,716.3608197363875,716.3608197363875,716.3608197363875,716.3608197363875,716.3608197363875,716.3608197363875,716.3608197363875,716.3608197363875,716.3608197363875
large|DMO (original)|1500-50-uniform-high|inst1|run7|b20000,large,DMO (original),"1500 tasks, 50 VMs, uniform/high",1500,50,uniform,high,1,7,20000,733.5157252003785,1466.5950227546552,164.78258356999368,164.78258356999373,345.1415369930813,345.14153699308116,1.394338846206665,19920,733.5157252003785,733.5157252003785,733.5157252003785,733.5157252003785,733.5157252003785,733.5157252003785,733.5157252003785,733.5157252003785,733.5157252003785,733.5157252003785,733.5157252003785,733.5157252003785,733.5157252003785,733.5157252003785,733.5157252003785,733.5157252003785,733.5157252003785,733.5157252003785,733.5157252003785,733.5157252003785
large|DMO (original)|1500-50-uniform-high|inst1|run6|b20000,large,DMO (original),"1500 tasks, 50 VMs, uniform/high",1500,50,uniform,high,1,6,20000,711.4846219959212,1430.2913176866568,164.78258356999368,164.78258356999373,331.77173617605547,331.77173617605524,1.421034812927246,19920,711.4846219959212,711.4846219959212,711.4846219959212,711.4846219959212,711.4846219959212,711.4846219959212,711.4846219959212,711.4846219959212,711.4846219959212,711.4846219959212,711.4846219959212,711.4846219959212,711.4846219959212,711.4846219959212,711.4846219959212,711.4846219959212,711.4846219959212,711.4846219959212,711.4846219959212,711.4846219959212
large|DMO (original)|1500-50-uniform-high|inst1|run8|b20000,large,DMO (original),"1500 tasks, 50 VMs, uniform/high",1500,50,uniform,high,1,8,20000,712.1746617930969,1435.1648036084443,164.78258356999368,164.78258356999373,332.19049390046183,332.1904939004617,1.4676568508148193,19920,712.1746617930969,712.1746617930969,712.1746617930969,712.1746617930969,712.1746617930969,712.1746617930969,712.1746617930969,712.1746617930969,712.1746617930969,712.1746617930969,712.1746617930969,712.1746617930969,712.1746617930969,712.1746617930969,712.1746617930969,712.1746617930969,712.1746617930969,712.1746617930969,712.1746617930969,712.1746617930969
large|DMO (original)|1500-50-uniform-high|inst1|run9|b20000,large,DMO (original),"1500 tasks, 50 VMs, uniform/high",1500,50,uniform,high,1,9,20000,717.4859933595931,1437.5310816775439,164.78258356999368,164.78258356999373,335.41372990722107,335.41372990722095,1.3441829681396484,19920,717.4859933595931,717.4859933595931,717.4859933595931,717.4859933595931,717.4859933595931,717.4859933595931,717.4859933595931,717.4859933595931,717.4859933595931,717.4859933595931,717.4859933595931,717.4859933595931,717.4859933595931,717.4859933595931,717.4859933595931,717.4859933595931,717.4859933595931,717.4859933595931,717.4859933595931,717.4859933595931
large|QI-DMO + swap in every phase|1500-50-uniform-high|inst1|run0|b20000,large,QI-DMO + swap in every phase,"1500 tasks, 50 VMs, uniform/high",1500,50,uniform,high,1,0,20000,251.8623024385247,618.8075074583251,164.78258356999368,164.78258356999373,52.84522003597711,52.84522003597706,40.34911298751831,19920,635.0655994887048,574.8457735778056,542.8960215488779,542.8960215488779,526.0399651522896,513.6316570809587,506.10509437470415,474.2908208774328,442.6392512173042,423.58001881943767,404.7053528106621,372.7020540702375,351.5358674406494,336.56614370042166,323.78072283333165,300.8384605536649,288.83983283192646,278.7617343343507,254.70367453681453,251.8623024385247
large|QI-DMO + swap in every phase|1500-50-uniform-high|inst1|run1|b20000,large,QI-DMO + swap in every phase,"1500 tasks, 50 VMs, uniform/high",1500,50,uniform,high,1,1,20000,260.67558003952473,634.4299870287116,164.78258356999368,164.78258356999373,58.19364789167733,58.193647891677266,40.70647478103638,19920,624.1337309126906,548.3253965932855,516.6910481026065,516.6910481026065,516.6910481026065,478.956900161202,455.6465116070529,428.61425326325224,427.04638747241734,410.07406940431713,396.28674561762193,373.338551920119,341.5839252359842,319.43724746221073,319.43724746221073,298.03876482225576,285.3797848798617,275.3288758386676,269.679218822137,260.67558003952473
large|QI-DMO + swap in every phase|1500-50-uniform-high|inst1|run2|b20000,large,QI-DMO + swap in every phase,"1500 tasks, 50 VMs, uniform/high",1500,50,uniform,high,1,2,20000,273.24871587814744,657.61086718398,164.78258356999368,164.78258356999373,65.82378426059891,65.82378426059886,41.230406522750854,19920,634.080839310369,577.2396446188577,562.367930566466,549.5604825734764,541.7778153799204,541.7778153799204,541.7778153799204,469.38466538422307,449.3837241932897,449.1661535407853,431.85830626348314,386.88878336322773,382.3811979742312,364.8233929324074,342.28667823324326,324.3319253424326,308.58314412965206,292.40876178083874,281.68051780825886,273.24871587814744
large|QI-DMO + swap in every phase|1500-50-uniform-high|inst1|run3|b20000,large,QI-DMO + swap in every phase,"1500 tasks, 50 VMs, uniform/high",1500,50,uniform,high,1,3,20000,264.19246029106046,641.8441716519612,164.78258356999368,164.78258356999373,60.32790272331242,60.32790272331236,40.68518352508545,19920,650.7821069790259,588.6790145198789,533.1212783466925,530.027970295991,501.5883995702606,501.5883995702606,491.91341382674153,491.91341382674153,473.18957222964104,456.90946493140353,427.9609402741585,402.29320116628435,388.9002910960896,369.7725413151578,345.4163566770463,310.4974796361817,300.6320143109474,277.21115734512153,276.9922524741391,264.19246029106046
large|QI-DMO + swap in every phase|1500-50-uniform-high|inst1|run4|b20000,large,QI-DMO + swap in every phase,"1500 tasks, 50 VMs, uniform/high",1500,50,uniform,high,1,4,20000,253.3555518901437,621.5807092648828,164.78258356999368,164.78258356999373,53.75141377275919,53.75141377275914,40.60984969139099,19920,642.7698229888173,567.0103243264629,517.7438132696548,506.47874069711514,492.5595903452763,472.88701424339547,470.59824232944095,439.2746961060609,430.10769815944604,430.10769815944604,416.44261353549064,382.9266368192847,345.46102729963536,336.40347283858716,315.0700513789599,292.0141589693741,278.9296098682189,271.30286940514475,255.61734410672108,253.3555518901437
large|QI-DMO + swap in every phase|1500-50-uniform-high|inst1|run5|b20000,large,QI-DMO + swap in every phase,"1500 tasks, 50 VMs, uniform/high",1500,50,uniform,high,1,5,20000,257.1483107700826,627.5245963943399,164.78258356999368,164.78258356999373,56.05308837802955,56.053088378029486,40.438103437423706,19920,613.7203094086784,588.8012291742048,537.9198259663664,474.91106305698133,474.91106305698133,474.91106305698133,459.84749207957344,445.0642676515887,430.1916793679774,394.3692306548034,377.3133946490375,365.4868135904393,359.9062608530007,334.6216625937199,312.3367517940639,304.22762058198435,290.07859730339965,276.9511566845043,266.6692771935687,257.1483107700826
large|QI-DMO + swap in every phase|1500-50-uniform-high|inst1|run7|b20000,large,QI-DMO + swap in every phase,"1500 tasks, 50 VMs, uniform/high",1500,50,uniform,high,1,7,20000,275.32964605867477,662.0006462348329,164.78258356999368,164.78258356999373,67.08661807194248,67.08661807194242,40.746121406555176,19920,631.351799657325,583.7982365325435,542.6352509221427,526.3088097911442,519.5010545705925,519.5010545705925,491.8196684208957,491.8196684208957,463.1377065561336,463.1377065561336,452.4772477872253,417.5702333360863,399.4672200303008,383.3941282845411,358.1557761244579,342.370851964264,316.0834979020003,296.36347469756777,283.6954237078807,275.32964605867477
large|QI-DMO + swap in every phase|1500-50-uniform-high|inst1|run6|b20000,large,QI-DMO + swap in every phase,"1500 tasks, 50 VMs, uniform/high",1500,50,uniform,high,1,6,20000,254.66274347543484,623.4132765709209,164.78258356999368,164.78258356999373,54.544696386110076,54.544696386110026,41.014228105545044,19920,638.9294215896307,602.3310424504565,594.3662825078327,566.0595575910075,538.2983892102862,506.4855235897488,497.9032952942283,467.85702059563124,467.85702059563124,441.10525020359387,403.69539782500595,379.7875195523108,366.27593713735797,352.117219759598,334.8310106062656,325.20391730537034,308.22239222529646,280.7019045769958,260.7141690726898,254.66274347543484
large|QI-DMO + swap in improving phases|1500-50-uniform-high|inst1|run0|b20000,large,QI-DMO + swap in improving phases,"1500 tasks, 50 VMs, uniform/high",1500,50,uniform,high,1,0,20000,331.490005261504,767.3628980558017,164.78258356999368,164.78258356999373,101.16810774525759,101.1681077452575,37.88872504234314,19920,669.1127308917937,579.1551277828038,546.1958772667011,546.1958772667011,546.1958772667011,516.9568533804811,516.9568533804811,505.8511918701554,494.836761426704,464.08079227734413,430.0091087265106,406.9379400988369,394.01577501252837,387.55565279152665,375.0084265142995,364.43195213036915,358.23395631099936,341.5563957203821,333.5217869590666,331.490005261504
large|QI-DMO + swap in improving phases|1500-50-uniform-high|inst1|run1|b20000,large,QI-DMO + swap in improving phases,"1500 tasks, 50 VMs, uniform/high",1500,50,uniform,high,1,1,20000,302.72953361995167,714.1774692373485,164.78258356999368,164.78258356999373,83.71452071047491,83.71452071047486,38.20012044906616,19920,613.3025671500939,595.4040567223824,542.1295141499583,537.0453660209122,520.1689713848358,503.223276560833,471.10949630145353,471.10949630145353,451.3560430688215,440.3395207560401,430.88357519468786,416.60759728626505,391.6083268184771,367.72843972231516,347.53512455380456,341.6658567360933,324.79658080260015,315.0857228138097,307.17101387422605,302.72953361995167
large|QI-DMO + swap in every phase|1500-50-uniform-high|inst1|run8|b20000,large,QI-DMO + swap in every phase,"1500 tasks, 50 VMs, uniform/high",1500,50,uniform,high,1,8,20000,274.2043280631226,659.6789045588628,164.78258356999368,164.78258356999373,66.40370731088248,66.40370731088242,40.358076333999634,19920,616.1922686186298,554.8268583422997,531.5199400154056,517.0698906452561,517.0698906452561,516.1402006489591,484.17234045893906,456.65049551894964,445.3826170036724,416.55992154027905,405.68160164116154,391.55183028012624,369.40843373699954,350.35171923608584,338.17877285082864,322.00702841105795,307.31943979169944,292.2531764433661,285.33089514064625,274.2043280631226
large|QI-DMO + swap in every phase|1500-50-uniform-high|inst1|run9|b20000,large,QI-DMO + swap in every phase,"1500 tasks, 50 VMs, uniform/high",1500,50,uniform,high,1,9,20000,253.75898281008256,623.8571578069722,164.78258356999368,164.78258356999373,53.9962399620315,53.99623996203145,40.60399055480957,19920,658.3104770179488,626.8024893893975,563.8044046268906,563.8044046268906,542.7611474753485,506.7504622754206,478.1704426688665,478.1704426688665,465.0469740240978,432.5206073868187,414.0591162747711,385.9391514977499,355.004238163041,340.9240605578237,323.61938606436564,305.7471411066465,290.2637588480838,278.1347983174063,269.16805694752145,253.75898281008256
large|QI-DMO + swap in improving phases|1500-50-uniform-high|inst1|run2|b20000,large,QI-DMO + swap in improving phases,"1500 tasks, 50 VMs, uniform/high",1500,50,uniform,high,1,2,20000,328.38074462260136,760.1484257423025,164.78258356999368,164.78258356999373,99.28122105399392,99.28122105399385,38.19278144836426,19920,675.5768493176729,618.674848934867,578.5533163844964,567.2327852633709,547.4824997326044,547.4824997326044,536.4274550491772,508.4485572415756,498.0569527055866,459.9864432404638,434.4226461062713,416.96142652578885,416.82314243817626,396.70514684094985,381.67193092596676,360.2666126683786,350.3238219250142,341.1975057169319,332.208729340639,328.38074462260136
large|QI-DMO + swap in improving phases|1500-50-uniform-high|inst1|run5|b20000,large,QI-DMO + swap in improving phases,"1500 tasks, 50 VMs, uniform/high",1500,50,uniform,high,1,5,20000,289.33166482096857,689.3725555671365,164.78258356999368,164.78258356999373,75.58388669034974,75.58388669034969,37.8335075378418,19920,639.5631581853307,638.1963663832444,597.7457781632878,544.9649459428141,534.6501906888082,508.85172199802633,508.85172199802633,508.85172199802633,508.85172199802633,453.8468743386846,440.92936765639064,404.02417688417694,395.593533499632,368.8843029213055,338.60634967511214,326.3197272849743,316.227301538024,306.93373620621924,295.878761545629,289.33166482096857
large|QI-DMO + swap in improving phases|1500-50-uniform-high|inst1|run4|b20000,large,QI-DMO + swap in improving phases,"1500 tasks, 50 VMs, uniform/high",1500,50,uniform,high,1,4,20000,321.2621026168333,748.1116685415649,164.78258356999368,164.78258356999373,94.96120018070526,94.96120018070519,38.367767572402954,19920,668.8438734493882,596.1927409272555,596.1927409272555,563.3230826156754,542.8866817312212,542.8866817312212,519.9394896254174,519.9394896254174,479.26227941005294,449.48015209466814,412.1007124072781,402.74811633207025,388.0505134396909,376.3202361604272,366.2091230121906,360.5137582844545,347.57959261080106,337.7552623450507,328.67653866175726,321.2621026168333
large|QI-DMO + swap in improving phases|1500-50-uniform-high|inst1|run3|b20000,large,QI-DMO + swap in improving phases,"1500 tasks, 50 VMs, uniform/high",1500,50,uniform,high,1,3,20000,311.35542506134084,730.6220770350602,164.78258356999368,164.78258356999373,88.94923135434901,88.94923135434894,39.08759331703186,19920,631.68832698611,603.0288578220278,569.2552120071598,552.4155159865713,552.4155159865713,490.4967666577352,490.4967666577352,488.07099267795616,465.2975442854647,460.543433422408,427.8775965999985,406.8388914840524,390.58406328119884,376.4542320461319,366.21422592282175,346.01069350974103,333.4732273313909,325.5367934440884,314.4828229948684,311.35542506134084
large|QI-DMO + swap in improving phases|1500-50-uniform-high|inst1|run6|b20000,large,QI-DMO + swap in improving phases,"1500 tasks, 50 VMs, uniform/high",1500,50,uniform,high,1,6,20000,306.7417167884719,722.199875254916,164.78258356999368,164.78258356999373,86.14935519455496,86.14935519455489,37.99462127685547,19920,625.8245484498457,561.4770527824971,561.4770527824971,551.3059484154795,530.880697851944,529.3420402418471,529.3420402418471,513.0601329914342,493.3832757972997,477.66197983654894,439.06944535183885,419.0423988602665,401.4676703950639,388.54886597467384,368.0622134838559,352.8969401789716,341.78724493319436,327.11246979363835,319.2202301885259,306.7417167884719
large|QI-DMO + swap in improving phases|1500-50-uniform-high|inst1|run8|b20000,large,QI-DMO + swap in improving phases,"1500 tasks, 50 VMs, uniform/high",1500,50,uniform,high,1,8,20000,316.9932808655972,741.6259012798104,164.78258356999368,164.78258356999373,92.37062194194203,92.37062194194198,37.986835956573486,19920,644.9831172806591,643.5250795226118,603.7141352908177,564.9534627116134,514.0528490793321,487.0632471957376,485.7267876347273,480.45650329399433,454.368621132858,442.2495375848706,429.0945148674864,402.34709734890595,389.16914996422594,366.5677277467394,353.1188798769814,343.6287367451207,338.22624827902575,329.71401483477314,325.379986958182,316.9932808655972
large|QI-DMO + swap in improving phases|1500-50-uniform-high|inst1|run7|b20000,large,QI-DMO + swap in improving phases,"1500 tasks, 50 VMs, uniform/high",1500,50,uniform,high,1,7,20000,304.6310403040379,719.0498853092055,164.78258356999368,164.78258356999373,84.86846953376094,84.86846953376089,38.099973917007446,19920,583.8143486337376,572.0884742480971,572.0884742480971,541.9777456094438,541.9777456094438,498.52392424892895,490.55163526255967,478.7957428357139,455.32957360635044,445.4126056001523,431.8391851246054,422.87892938659587,394.6859075586957,368.2584109440243,356.29112870996227,343.81649608481183,333.1499354126429,326.388627376061,312.89216176717247,304.6310403040379
large|DMO (original)|2000-50-uniform-high|inst1|run0|b20000,large,DMO (original),"2000 tasks, 50 VMs, uniform/high",2000,50,uniform,high,1,0,20000,999.9019497400847,1966.8496724203435,231.5471043556684,231.54710435566892,331.8352209683362,331.8352209683352,1.5864408016204834,19920,999.9019497400847,999.9019497400847,999.9019497400847,999.9019497400847,999.9019497400847,999.9019497400847,999.9019497400847,999.9019497400847,999.9019497400847,999.9019497400847,999.9019497400847,999.9019497400847,999.9019497400847,999.9019497400847,999.9019497400847,999.9019497400847,999.9019497400847,999.9019497400847,999.9019497400847,999.9019497400847
large|QI-DMO + swap in improving phases|1500-50-uniform-high|inst1|run9|b20000,large,QI-DMO + swap in improving phases,"1500 tasks, 50 VMs, uniform/high",1500,50,uniform,high,1,9,20000,298.422036209458,707.2833431621922,164.78258356999368,164.78258356999373,81.10047175143306,81.100471751433,38.828269481658936,19920,664.5306976330371,569.1177890695493,569.1177890695493,558.5236897002392,552.2399392311557,513.4152870992797,513.4152870992797,486.93939551639994,454.20849894330365,433.06524726954655,419.88420059318673,412.57249180816905,386.094714826785,371.82062458108663,352.60773271605643,337.076311388769,332.9752301319196,321.9295442574636,308.4045816634197,298.422036209458
large|DMO (original)|2000-50-uniform-high|inst1|run1|b20000,large,DMO (original),"2000 tasks, 50 VMs, uniform/high",2000,50,uniform,high,1,1,20000,999.0851168760557,1972.057075225727,231.5471043556684,231.54710435566892,331.48244917863843,331.48244917863747,1.6182913780212402,19920,999.0851168760557,999.0851168760557,999.0851168760557,999.0851168760557,999.0851168760557,999.0851168760557,999.0851168760557,999.0851168760557,999.0851168760557,999.0851168760557,999.0851168760557,999.0851168760557,999.0851168760557,999.0851168760557,999.0851168760557,999.0851168760557,999.0851168760557,999.0851168760557,999.0851168760557,999.0851168760557
large|DMO (original)|2000-50-uniform-high|inst1|run2|b20000,large,DMO (original),"2000 tasks, 50 VMs, uniform/high",2000,50,uniform,high,1,2,20000,934.9592405800295,1856.671927843979,231.5471043556684,231.54710435566892,303.7879217629444,303.7879217629435,1.6403930187225342,19920,934.9592405800295,934.9592405800295,934.9592405800295,934.9592405800295,934.9592405800295,934.9592405800295,934.9592405800295,934.9592405800295,934.9592405800295,934.9592405800295,934.9592405800295,934.9592405800295,934.9592405800295,934.9592405800295,934.9592405800295,934.9592405800295,934.9592405800295,934.9592405800295,934.9592405800295,934.9592405800295
large|DMO (original)|2000-50-uniform-high|inst1|run3|b20000,large,DMO (original),"2000 tasks, 50 VMs, uniform/high",2000,50,uniform,high,1,3,20000,1039.593786515168,2023.9956382097344,231.5471043556684,231.54710435566892,348.97723485166017,348.97723485165915,1.5262627601623535,19920,1039.593786515168,1039.593786515168,1039.593786515168,1039.593786515168,1039.593786515168,1039.593786515168,1039.593786515168,1039.593786515168,1039.593786515168,1039.593786515168,1039.593786515168,1039.593786515168,1039.593786515168,1039.593786515168,1039.593786515168,1039.593786515168,1039.593786515168,1039.593786515168,1039.593786515168,1039.593786515168
large|DMO (original)|2000-50-uniform-high|inst1|run4|b20000,large,DMO (original),"2000 tasks, 50 VMs, uniform/high",2000,50,uniform,high,1,4,20000,1009.4609618288617,1982.7858743440515,231.5471043556684,231.54710435566892,335.9635438490636,335.9635438490627,1.64028000831604,19920,1009.4609618288617,1009.4609618288617,1009.4609618288617,1009.4609618288617,1009.4609618288617,1009.4609618288617,1009.4609618288617,1009.4609618288617,1009.4609618288617,1009.4609618288617,1009.4609618288617,1009.4609618288617,1009.4609618288617,1009.4609618288617,1009.4609618288617,1009.4609618288617,1009.4609618288617,1009.4609618288617,1009.4609618288617,1009.4609618288617
large|DMO (original)|2000-50-uniform-high|inst1|run5|b20000,large,DMO (original),"2000 tasks, 50 VMs, uniform/high",2000,50,uniform,high,1,5,20000,1034.1250511846854,2031.6344153123866,231.5471043556684,231.54710435566892,346.61541074433626,346.61541074433524,1.7063355445861816,19920,1034.1250511846854,1034.1250511846854,1034.1250511846854,1034.1250511846854,1034.1250511846854,1034.1250511846854,1034.1250511846854,1034.1250511846854,1034.1250511846854,1034.1250511846854,1034.1250511846854,1034.1250511846854,1034.1250511846854,1034.1250511846854,1034.1250511846854,1034.1250511846854,1034.1250511846854,1034.1250511846854,1034.1250511846854,1034.1250511846854
large|DMO (original)|2000-50-uniform-high|inst1|run6|b20000,large,DMO (original),"2000 tasks, 50 VMs, uniform/high",2000,50,uniform,high,1,6,20000,1047.1078334517686,2055.198084255096,231.5471043556684,231.54710435566892,352.22238315852854,352.22238315852746,1.6740405559539795,19920,1047.1078334517686,1047.1078334517686,1047.1078334517686,1047.1078334517686,1047.1078334517686,1047.1078334517686,1047.1078334517686,1047.1078334517686,1047.1078334517686,1047.1078334517686,1047.1078334517686,1047.1078334517686,1047.1078334517686,1047.1078334517686,1047.1078334517686,1047.1078334517686,1047.1078334517686,1047.1078334517686,1047.1078334517686,1047.1078334517686
large|DMO (original)|2000-50-uniform-high|inst1|run7|b20000,large,DMO (original),"2000 tasks, 50 VMs, uniform/high",2000,50,uniform,high,1,7,20000,968.2472757155351,1922.0737719483623,231.5471043556684,231.54710435566892,318.16427737669176,318.16427737669085,1.7295103073120117,19920,968.2472757155351,968.2472757155351,968.2472757155351,968.2472757155351,968.2472757155351,968.2472757155351,968.2472757155351,968.2472757155351,968.2472757155351,968.2472757155351,968.2472757155351,968.2472757155351,968.2472757155351,968.2472757155351,968.2472757155351,968.2472757155351,968.2472757155351,968.2472757155351,968.2472757155351,968.2472757155351
large|DMO (original)|2000-50-uniform-high|inst1|run8|b20000,large,DMO (original),"2000 tasks, 50 VMs, uniform/high",2000,50,uniform,high,1,8,20000,929.7096626259361,1847.8264151488258,231.5471043556684,231.54710435566892,301.52074681005456,301.52074681005365,1.7825608253479004,19920,929.7096626259361,929.7096626259361,929.7096626259361,929.7096626259361,929.7096626259361,929.7096626259361,929.7096626259361,929.7096626259361,929.7096626259361,929.7096626259361,929.7096626259361,929.7096626259361,929.7096626259361,929.7096626259361,929.7096626259361,929.7096626259361,929.7096626259361,929.7096626259361,929.7096626259361,929.7096626259361
large|DMO (original)|2000-50-uniform-high|inst1|run9|b20000,large,DMO (original),"2000 tasks, 50 VMs, uniform/high",2000,50,uniform,high,1,9,20000,993.7760383647512,1962.4529398977613,231.5471043556684,231.54710435566892,329.18957726988435,329.1895772698834,1.6482737064361572,19920,993.7760383647512,993.7760383647512,993.7760383647512,993.7760383647512,993.7760383647512,993.7760383647512,993.7760383647512,993.7760383647512,993.7760383647512,993.7760383647512,993.7760383647512,993.7760383647512,993.7760383647512,993.7760383647512,993.7760383647512,993.7760383647512,993.7760383647512,993.7760383647512,993.7760383647512,993.7760383647512
large|QI-DMO + swap in every phase|2000-50-uniform-high|inst1|run0|b20000,large,QI-DMO + swap in every phase,"2000 tasks, 50 VMs, uniform/high",2000,50,uniform,high,1,0,20000,432.8373586863803,995.2061310573473,231.5471043556684,231.54710435566892,86.9327452359411,86.93274523594069,53.794806480407715,19920,848.8987141663694,811.9652664705288,760.7242795541999,722.4181723930354,705.1144774562858,635.7713302542421,613.2976347980633,602.1857430126703,595.9276914830141,573.4270560538703,565.0566186648118,551.3646735314449,534.3841081319897,506.3411699474191,494.12800499032136,485.4353168285981,467.52644148678894,457.7820710983011,449.4670023382335,432.8373586863803
large|QI-DMO + swap in every phase|2000-50-uniform-high|inst1|run1|b20000,large,QI-DMO + swap in every phase,"2000 tasks, 50 VMs, uniform/high",2000,50,uniform,high,1,1,20000,431.4421071814046,992.6756678643843,231.5471043556684,231.54710435566892,86.33016741107116,86.33016741107076,54.122655391693115,19920,814.0024401846051,748.5290661432682,748.5290661432682,725.6963433720659,708.4162268112736,674.7305907625766,608.0339967934864,608.0339967934864,608.0339967934864,602.7517895348304,545.2077633731751,528.6816576687944,518.331056611866,499.01020484047456,489.0225221892565,476.33826111817916,457.3737819360379,439.34942957839075,439.34942957839075,431.4421071814046
large|QI-DMO + swap in every phase|2000-50-uniform-high|inst1|run3|b20000,large,QI-DMO + swap in every phase,"2000 tasks, 50 VMs, uniform/high",2000,50,uniform,high,1,3,20000,444.58487311187446,1013.8084527316882,231.5471043556684,231.54710435566892,92.00623318051473,92.00623318051431,54.14438796043396,19920,827.8257896335992,763.0793736501606,753.7426435053299,748.6049940038401,711.9087039703193,673.7692904084512,660.6663266449193,648.4495038219125,611.6972701010598,611.6972701010598,584.8813739984553,549.254356290655,524.8611535102035,513.1442199350789,487.8170176254337,482.3219872587807,478.2169046251925,461.36075771484866,456.67232184363485,444.58487311187446
large|QI-DMO + swap in every phase|2000-50-uniform-high|inst1|run2|b20000,large,QI-DMO + swap in every phase,"2000 tasks, 50 VMs, uniform/high",2000,50,uniform,high,1,2,20000,421.3157751245967,972.7793639505512,231.5471043556684,231.54710435566892,81.9568317630238,81.9568317630234,55.202186584472656,19920,852.1180932966905,771.8586462295916,743.6528695719524,743.6528695719524,683.7170812316516,683.7170812316516,658.5841539524852,643.2827879648007,623.1276652357664,610.9974550883653,586.6767124347401,542.8605495605672,520.9832483087317,499.82277189126876,477.56330263506254,469.61143769942714,450.9970806397287,442.135352641493,437.7250409043964,421.3157751245967
large|QI-DMO + swap in every phase|2000-50-uniform-high|inst1|run4|b20000,large,QI-DMO + swap in every phase,"2000 tasks, 50 VMs, uniform/high",2000,50,uniform,high,1,4,20000,427.3065472369707,983.3104752895708,231.5471043556684,231.54710435566892,84.54411184542631,84.5441118454259,53.58593249320984,19920,874.6469860956379,819.4348449191798,769.2632984976768,748.1644792357772,738.9501812733255,726.2693503573736,711.4325726532358,661.658000373762,602.0392936018288,600.5767182149244,588.7921354126693,552.7168560743337,542.7134721150858,517.1068787443216,495.17543618482637,482.6103919946579,465.14031893897766,447.0845136618629,433.2075472004844,427.3065472369707
large|QI-DMO + swap in every phase|2000-50-uniform-high|inst1|run5|b20000,large,QI-DMO + swap in every phase,"2000 tasks, 50 VMs, uniform/high",2000,50,uniform,high,1,5,20000,407.9047967700195,951.5965845996101,231.5471043556684,231.54710435566892,76.16493106450449,76.1649310645041,54.73160672187805,19920,839.1268501457013,791.1995233047137,729.2596541876582,729.2596541876582,682.9110897088345,645.6116510133614,600.814083390902,577.2493019618734,562.7690151831458,535.8431620801176,519.6341685893885,495.12464880362666,481.3539271695408,469.33361057727507,451.68009459994306,435.08180294483304,426.14020030255887,419.1851537250501,408.3113687604129,407.9047967700195
large|QI-DMO + swap in every phase|2000-50-uniform-high|inst1|run6|b20000,large,QI-DMO + swap in every phase,"2000 tasks, 50 VMs, uniform/high",2000,50,uniform,high,1,6,20000,410.8999083085144,954.9793402751981,231.5471043556684,231.54710435566892,77.45845254767288,77.45845254767247,54.01946949958801,19920,831.465006336782,787.2789334023729,746.5262768835763,699.906812693485,669.6663502388011,641.3882144291271,631.240441881273,629.7483505729656,596.370592830244,579.1530568041145,555.4294348338501,533.7930886983647,499.12172332934335,488.489714510819,462.35856866016724,442.47112242462117,438.83686679546855,428.7622097533482,425.56460681843055,410.8999083085144
large|QI-DMO + swap in every phase|2000-50-uniform-high|inst1|run7|b20000,large,QI-DMO + swap in every phase,"2000 tasks, 50 VMs, uniform/high",2000,50,uniform,high,1,7,20000,447.7347931361813,1023.4021885108834,231.5471043556684,231.54710435566892,93.36661297583636,93.36661297583593,55.52586030960083,19920,864.1049282772161,788.0161971440951,784.1247904341,758.3980715159471,698.7487092125991,698.7487092125991,653.242799268035,620.7368145266344,620.7368145266344,608.8236062835311,579.1880815576039,576.1893096275118,546.0009925317803,532.7417116992721,508.20846740895405,488.48845600337484,479.6528122853622,462.54192128055786,453.2981008227036,447.7347931361813
large|QI-DMO + swap in improving phases|2000-50-uniform-high|inst1|run0|b20000,large,QI-DMO + swap in improving phases,"2000 tasks, 50 VMs, uniform/high",2000,50,uniform,high,1,0,20000,442.75626226450163,1013.0498954158035,231.5471043556684,231.54710435566892,91.21649717735401,91.21649717735359,50.22193360328674,19920,857.588207622655,811.2403841821673,738.080047102704,736.1474364957626,709.8578279209577,691.7396711245862,667.9147415298713,614.7553364065616,578.6596181353976,578.6596181353976,572.546170158857,530.5932272896632,506.8285538622247,499.72377530737725,486.84916836993364,475.53841100493963,460.4310763705922,450.98605224275764,449.20940902679166,442.75626226450163
large|QI-DMO + swap in every phase|2000-50-uniform-high|inst1|run8|b20000,large,QI-DMO + swap in every phase,"2000 tasks, 50 VMs, uniform/high",2000,50,uniform,high,1,8,20000,427.778930135586,986.9212706173141,231.5471043556684,231.54710435566892,84.74812342221965,84.74812342221925,53.84303116798401,19920,834.2289356043536,781.9874399367548,747.7296253248368,729.7675758267302,699.5945462633487,699.5945462633487,696.8695266985326,641.7712862682179,641.7712862682179,621.8784174961069,609.3685757884243,582.6576427366838,549.1834971442112,549.1834971442112,516.993612657079,499.03596022200327,481.0840115851505,455.10041073066566,435.71492494042656,427.778930135586
large|QI-DMO + swap in improving phases|2000-50-uniform-high|inst1|run1|b20000,large,QI-DMO + swap in improving phases,"2000 tasks, 50 VMs, uniform/high",2000,50,uniform,high,1,1,20000,463.33518010699385,1051.053930778329,231.5471043556684,231.54710435566892,100.10407013999489,100.10407013999445,51.17988133430481,19920,830.3008177120203,830.3008177120203,788.951347494057,734.3251267569626,717.1184514918511,707.7774252304531,677.9107029931802,628.7010679102891,606.7134024218345,582.4332888674533,582.4332888674533,551.7220869916151,533.7049251889753,519.3997842559728,511.81121164521335,484.2345150393621,480.6278451429397,478.028448754662,467.8555051996264,463.33518010699385
large|QI-DMO + swap in every phase|2000-50-uniform-high|inst1|run9|b20000,large,QI-DMO + swap in every phase,"2000 tasks, 50 VMs, uniform/high",2000,50,uniform,high,1,9,20000,415.42000354773836,961.7916316800048,231.5471043556684,231.54710435566892,79.41058028073269,79.41058028073229,54.29624366760254,19920,850.6549342697758,765.320734284155,712.5265361168139,693.6302629190833,680.6167904621443,639.4299298019334,620.6999088832489,618.9334942709188,562.827346300945,556.0026606942067,539.2419385793122,533.2365994251417,504.7479057034145,491.3489735899287,477.16643490007846,463.1292889573359,445.74852438919885,434.5379057158207,420.9598552973912,415.42000354773836
large|QI-DMO + swap in improving phases|2000-50-uniform-high|inst1|run2|b20000,large,QI-DMO + swap in improving phases,"2000 tasks, 50 VMs, uniform/high",2000,50,uniform,high,1,2,20000,466.3316665043798,1057.0676181436568,231.5471043556684,231.54710435566892,101.39818539387566,101.39818539387522,50.223889112472534,19920,809.4951545856565,776.788431993469,743.7216596852511,716.2778558929048,716.2778558929048,670.0698465672533,670.0698465672533,670.0698465672533,632.9531101910361,632.9531101910361,600.758061211872,596.3173595835341,564.9367096411089,550.6779501332718,523.8519043254083,493.56094703072847,483.4564564601926,476.92215123232086,473.145716427111,466.3316665043798
large|QI-DMO + swap in improving phases|2000-50-uniform-high|inst1|run3|b20000,large,QI-DMO + swap in improving phases,"2000 tasks, 50 VMs, uniform/high",2000,50,uniform,high,1,3,20000,453.96849333976445,1034.5558150624229,231.5471043556684,231.54710435566892,96.05880825114755,96.05880825114713,49.16333031654358,19920,861.9351431858645,818.2454294301567,732.0650212650329,732.0650212650329,714.4802506190567,693.5019830088966,642.8903868031346,623.8777919028445,594.0020055307002,564.5614388780772,550.3871752856373,543.3910758295704,523.3128007659035,520.2408716792585,498.5570270561009,493.4176387001085,480.15365403692203,471.71604506558543,460.66058018462564,453.96849333976445
large|QI-DMO + swap in improving phases|2000-50-uniform-high|inst1|run5|b20000,large,QI-DMO + swap in improving phases,"2000 tasks, 50 VMs, uniform/high",2000,50,uniform,high,1,5,20000,474.4619928399218,1071.91352341028,231.5471043556684,231.54710435566892,104.90949094795133,104.90949094795087,50.00376510620117,19920,847.2156673488688,811.8670689483818,760.761256048709,760.761256048709,700.4974944299121,681.308127157722,676.7512484060059,667.9666838295525,633.5387240880978,633.5387240880978,605.0099813051833,585.9022529452981,555.856353601033,543.0084612953632,531.4990346622636,513.7946717503471,499.5160313069664,490.49761433830383,482.0890701768956,474.4619928399218
large|QI-DMO + swap in improving phases|2000-50-uniform-high|inst1|run4|b20000,large,QI-DMO + swap in improving phases,"2000 tasks, 50 VMs, uniform/high",2000,50,uniform,high,1,4,20000,469.1476274729712,1062.2837605422446,231.5471043556684,231.54710435566892,102.61433576484549,102.61433576484505,50.94438862800598,19920,832.1974143861953,813.0893443282403,770.3990354828254,748.2398871634265,748.2398871634265,717.4914234306656,717.4914234306656,668.8262753527885,644.3753067894454,597.0761096225807,592.4610592150985,553.3937679332624,540.8341522771892,513.0796097617153,501.9126584411166,490.2676532650537,488.2969384630232,482.02594199613776,472.4798877340096,469.1476274729712
large|QI-DMO + swap in improving phases|2000-50-uniform-high|inst1|run7|b20000,large,QI-DMO + swap in improving phases,"2000 tasks, 50 VMs, uniform/high",2000,50,uniform,high,1,7,20000,486.11528342328876,1092.323253484584,231.5471043556684,231.54710435566892,109.94228572886422,109.94228572886374,49.362988233566284,19920,839.8799548309806,791.31390106389,767.4089374917803,728.2500670549994,728.2500670549994,711.8432112246601,692.9229364353555,671.3350349185038,671.3350349185038,647.2955841306781,620.3958261786946,567.7305259334391,565.5711575202713,546.3764335157999,524.8030072880049,507.99046144494315,499.8947166411393,495.3749323766453,488.26198232086216,486.11528342328876
large|QI-DMO + swap in improving phases|2000-50-uniform-high|inst1|run6|b20000,large,QI-DMO + swap in improving phases,"2000 tasks, 50 VMs, uniform/high",2000,50,uniform,high,1,6,20000,502.22700873835095,1122.1322660214441,231.5471043556684,231.54710435566892,116.90057845288538,116.90057845288491,50.02207374572754,19920,882.5975471047961,822.8875138804506,780.1513062950976,746.2190506697619,707.016443088085,707.016443088085,681.883955284397,671.2181794752526,629.4695188018085,620.0948357679321,595.520126345502,580.4861136450853,558.985454174512,544.6413607539831,535.6467991037622,527.358491347941,515.7159686433013,514.0367263808548,502.5859231822958,502.22700873835095
large|DMO (original)|5000-50-uniform-high|inst1|run0|b20000,large,DMO (original),"5000 tasks, 50 VMs, uniform/high",5000,50,uniform,high,1,0,20000,2180.1653006221222,4466.667112612314,528.1700438852678,528.1700438852673,312.77715876966903,312.77715876966937,2.9617297649383545,19920,2180.1653006221222,2180.1653006221222,2180.1653006221222,2180.1653006221222,2180.1653006221222,2180.1653006221222,2180.1653006221222,2180.1653006221222,2180.1653006221222,2180.1653006221222,2180.1653006221222,2180.1653006221222,2180.1653006221222,2180.1653006221222,2180.1653006221222,2180.1653006221222,2180.1653006221222,2180.1653006221222,2180.1653006221222,2180.1653006221222
large|QI-DMO + swap in improving phases|2000-50-uniform-high|inst1|run8|b20000,large,QI-DMO + swap in improving phases,"2000 tasks, 50 VMs, uniform/high",2000,50,uniform,high,1,8,20000,481.74799129456915,1084.9779548213971,231.5471043556684,231.54710435566892,108.05615023134953,108.05615023134908,49.63905572891235,19920,817.8353051223654,783.4057850933848,778.7346153289933,739.186811996056,708.8961866427672,701.5379314640647,699.3774523420278,666.7031972166673,637.4423066115163,630.6823802188183,592.1832565400988,582.1906530226152,569.5445284350707,556.9778175788236,539.6313667578656,520.6395578816438,510.9536467805288,498.3322513783304,490.72606305231295,481.74799129456915
large|DMO (original)|5000-50-uniform-high|inst1|run1|b20000,large,DMO (original),"5000 tasks, 50 VMs, uniform/high",5000,50,uniform,high,1,1,20000,2130.4400851774985,4388.7768770512175,528.1700438852678,528.1700438852673,303.3625363350379,303.36253633503816,3.01739239692688,19920,2130.4400851774985,2130.4400851774985,2130.4400851774985,2130.4400851774985,2130.4400851774985,2130.4400851774985,2130.4400851774985,2130.4400851774985,2130.4400851774985,2130.4400851774985,2130.4400851774985,2130.4400851774985,2130.4400851774985,2130.4400851774985,2130.4400851774985,2130.4400851774985,2130.4400851774985,2130.4400851774985,2130.4400851774985,2130.4400851774985
large|QI-DMO + swap in improving phases|2000-50-uniform-high|inst1|run9|b20000,large,QI-DMO + swap in improving phases,"2000 tasks, 50 VMs, uniform/high",2000,50,uniform,high,1,9,20000,475.30641532818703,1074.0929894605915,231.5471043556684,231.54710435566892,105.27417807742982,105.27417807742937,51.179163455963135,19920,860.9443420682826,795.4761693010466,793.8929455840714,742.6852759004689,739.0202731616464,737.1288337837325,737.1288337837325,706.7281871415765,662.9358933625858,606.9668223321509,606.9668223321509,589.9560872721751,559.9442353306481,523.8767992701927,521.7308556939116,503.7495774623293,489.20909702401144,489.20909702401144,477.8941093897345,475.30641532818703
large|DMO (original)|5000-50-uniform-high|inst1|run2|b20000,large,DMO (original),"5000 tasks, 50 VMs, uniform/high",5000,50,uniform,high,1,2,20000,2122.7369360697153,4372.090237825308,528.1700438852678,528.1700438852673,301.90407628093897,301.9040762809393,3.1572041511535645,19920,2122.7369360697153,2122.7369360697153,2122.7369360697153,2122.7369360697153,2122.7369360697153,2122.7369360697153,2122.7369360697153,2122.7369360697153,2122.7369360697153,2122.7369360697153,2122.7369360697153,2122.7369360697153,2122.7369360697153,2122.7369360697153,2122.7369360697153,2122.7369360697153,2122.7369360697153,2122.7369360697153,2122.7369360697153,2122.7369360697153
large|DMO (original)|5000-50-uniform-high|inst1|run3|b20000,large,DMO (original),"5000 tasks, 50 VMs, uniform/high",5000,50,uniform,high,1,3,20000,2096.296481423677,4330.8514932955395,528.1700438852678,528.1700438852673,296.8980266285316,296.89802662853197,2.9546356201171875,19920,2096.296481423677,2096.296481423677,2096.296481423677,2096.296481423677,2096.296481423677,2096.296481423677,2096.296481423677,2096.296481423677,2096.296481423677,2096.296481423677,2096.296481423677,2096.296481423677,2096.296481423677,2096.296481423677,2096.296481423677,2096.296481423677,2096.296481423677,2096.296481423677,2096.296481423677,2096.296481423677
large|DMO (original)|5000-50-uniform-high|inst1|run4|b20000,large,DMO (original),"5000 tasks, 50 VMs, uniform/high",5000,50,uniform,high,1,4,20000,2106.4198760286067,4337.931570293592,528.1700438852678,528.1700438852673,298.8147189366491,298.8147189366494,3.206972360610962,19920,2106.4198760286067,2106.4198760286067,2106.4198760286067,2106.4198760286067,2106.4198760286067,2106.4198760286067,2106.4198760286067,2106.4198760286067,2106.4198760286067,2106.4198760286067,2106.4198760286067,2106.4198760286067,2106.4198760286067,2106.4198760286067,2106.4198760286067,2106.4198760286067,2106.4198760286067,2106.4198760286067,2106.4198760286067,2106.4198760286067
large|DMO (original)|5000-50-uniform-high|inst1|run5|b20000,large,DMO (original),"5000 tasks, 50 VMs, uniform/high",5000,50,uniform,high,1,5,20000,2204.412239715063,4507.346227183196,528.1700438852678,528.1700438852673,317.367903620433,317.3679036204334,3.178074836730957,19920,2204.412239715063,2204.412239715063,2204.412239715063,2204.412239715063,2204.412239715063,2204.412239715063,2204.412239715063,2204.412239715063,2204.412239715063,2204.412239715063,2204.412239715063,2204.412239715063,2204.412239715063,2204.412239715063,2204.412239715063,2204.412239715063,2204.412239715063,2204.412239715063,2204.412239715063,2204.412239715063
large|DMO (original)|5000-50-uniform-high|inst1|run6|b20000,large,DMO (original),"5000 tasks, 50 VMs, uniform/high",5000,50,uniform,high,1,6,20000,2098.2474604015297,4316.036037630674,528.1700438852678,528.1700438852673,297.26741126146175,297.2674112614621,3.0544815063476562,19920,2098.2474604015297,2098.2474604015297,2098.2474604015297,2098.2474604015297,2098.2474604015297,2098.2474604015297,2098.2474604015297,2098.2474604015297,2098.2474604015297,2098.2474604015297,2098.2474604015297,2098.2474604015297,2098.2474604015297,2098.2474604015297,2098.2474604015297,2098.2474604015297,2098.2474604015297,2098.2474604015297,2098.2474604015297,2098.2474604015297
large|DMO (original)|5000-50-uniform-high|inst1|run7|b20000,large,DMO (original),"5000 tasks, 50 VMs, uniform/high",5000,50,uniform,high,1,7,20000,2179.576336104903,4461.302311966415,528.1700438852678,528.1700438852673,312.66564837182693,312.6656483718273,3.1908979415893555,19920,2179.576336104903,2179.576336104903,2179.576336104903,2179.576336104903,2179.576336104903,2179.576336104903,2179.576336104903,2179.576336104903,2179.576336104903,2179.576336104903,2179.576336104903,2179.576336104903,2179.576336104903,2179.576336104903,2179.576336104903,2179.576336104903,2179.576336104903,2179.576336104903,2179.576336104903,2179.576336104903
large|DMO (original)|5000-50-uniform-high|inst1|run8|b20000,large,DMO (original),"5000 tasks, 50 VMs, uniform/high",5000,50,uniform,high,1,8,20000,2121.4928394672183,4382.557311770161,528.1700438852678,528.1700438852673,301.6685277834616,301.668527783462,3.129014730453491,19920,2121.4928394672183,2121.4928394672183,2121.4928394672183,2121.4928394672183,2121.4928394672183,2121.4928394672183,2121.4928394672183,2121.4928394672183,2121.4928394672183,2121.4928394672183,2121.4928394672183,2121.4928394672183,2121.4928394672183,2121.4928394672183,2121.4928394672183,2121.4928394672183,2121.4928394672183,2121.4928394672183,2121.4928394672183,2121.4928394672183
large|DMO (original)|5000-50-uniform-high|inst1|run9|b20000,large,DMO (original),"5000 tasks, 50 VMs, uniform/high",5000,50,uniform,high,1,9,20000,2161.6590763512863,4433.932460416951,528.1700438852678,528.1700438852673,309.27332047268754,309.27332047268794,3.1518912315368652,19920,2161.6590763512863,2161.6590763512863,2161.6590763512863,2161.6590763512863,2161.6590763512863,2161.6590763512863,2161.6590763512863,2161.6590763512863,2161.6590763512863,2161.6590763512863,2161.6590763512863,2161.6590763512863,2161.6590763512863,2161.6590763512863,2161.6590763512863,2161.6590763512863,2161.6590763512863,2161.6590763512863,2161.6590763512863,2161.6590763512863
large|QI-DMO + swap in every phase|5000-50-uniform-high|inst1|run1|b20000,large,QI-DMO + swap in every phase,"5000 tasks, 50 VMs, uniform/high",5000,50,uniform,high,1,1,20000,1138.9164371945294,2634.2202267085954,528.1700438852678,528.1700438852673,115.6344250076272,115.63442500762739,132.8690972328186,19920,2263.7431079521666,2106.9498590384424,1969.1331454649314,1948.7102417437634,1895.3702668966046,1779.2059959718204,1779.2059959718204,1636.5073581745596,1611.3004840783574,1558.2144214504422,1514.362352396884,1419.0362867771871,1359.430520036198,1291.0607315943803,1248.4667544767144,1216.8634953533287,1187.8108755137303,1168.5351066326677,1151.1686086729712,1138.9164371945294
large|QI-DMO + swap in every phase|5000-50-uniform-high|inst1|run0|b20000,large,QI-DMO + swap in every phase,"5000 tasks, 50 VMs, uniform/high",5000,50,uniform,high,1,0,20000,1209.4547225508518,2767.289666657858,528.1700438852678,528.1700438852673,128.98964766233064,128.98964766233084,133.8852686882019,19920,2249.477194200729,2134.9124193629546,2007.613070113267,2007.613070113267,1985.3751936668095,1911.2726999145277,1854.4047110261358,1849.6744944836173,1740.100266558627,1717.510400907954,1634.6563803446404,1565.8547074264322,1522.078692357769,1455.817470762186,1376.5446566137666,1354.5413325032437,1302.4346206243736,1275.2159565843617,1251.4305448967739,1209.4547225508518
large|QI-DMO + swap in every phase|5000-50-uniform-high|inst1|run2|b20000,large,QI-DMO + swap in every phase,"5000 tasks, 50 VMs, uniform/high",5000,50,uniform,high,1,2,20000,1221.9757762654688,2789.675657380768,528.1700438852678,528.1700438852673,131.36029587677893,131.36029587677916,134.13866639137268,19920,2189.219899079204,2099.3173346582935,1964.6240416003309,1953.443798260972,1900.2488199402653,1849.9366478356415,1789.1015379292473,1684.7699070615888,1678.5331042786129,1610.652720667196,1546.2328431826743,1507.9059131204287,1423.3727391407833,1363.105487739435,1321.8672105763371,1296.3680150904158,1288.9741185855341,1267.3914267605612,1239.3179270320725,1221.9757762654688
large|QI-DMO + swap in every phase|5000-50-uniform-high|inst1|run3|b20000,large,QI-DMO + swap in every phase,"5000 tasks, 50 VMs, uniform/high",5000,50,uniform,high,1,3,20000,1199.4518894351133,2745.070388935149,528.1700438852678,528.1700438852673,127.09578161832772,127.0957816183279,135.32731747627258,19920,2258.998886079549,2084.1049154728403,2013.3899107733712,1945.3969747060573,1853.3230070193933,1769.917892150213,1717.8553393373413,1674.7203848209206,1644.0915351058254,1611.3658636720222,1591.2840115069705,1538.6931467910997,1469.5868306425034,1413.2310428044443,1346.6071709997082,1326.7499843319645,1275.586454804422,1238.3245777578572,1226.5194019410987,1199.4518894351133
large|QI-DMO + swap in every phase|5000-50-uniform-high|inst1|run4|b20000,large,QI-DMO + swap in every phase,"5000 tasks, 50 VMs, uniform/high",5000,50,uniform,high,1,4,20000,1227.347014700614,2797.7573468601304,528.1700438852678,528.1700438852673,132.37724837102377,132.37724837102397,133.48499965667725,19920,2234.2523255877445,2155.179478301644,2040.4550201845716,2018.3891999854395,1930.6714366123854,1797.2021942252143,1797.2021942252143,1732.9744435680957,1682.093676455895,1634.8890304176323,1549.1659216128735,1493.392323529485,1447.9873589370848,1423.788316326783,1380.0664010415035,1330.8270931778293,1306.3915019697304,1272.607681908917,1251.3345119407338,1227.347014700614
large|QI-DMO + swap in every phase|5000-50-uniform-high|inst1|run5|b20000,large,QI-DMO + swap in every phase,"5000 tasks, 50 VMs, uniform/high",5000,50,uniform,high,1,5,20000,1183.9462050177785,2718.4063776368803,528.1700438852678,528.1700438852673,124.1600444259505,124.1600444259507,134.10584712028503,19920,2325.985694124399,2191.3868057732293,2122.3797412534896,1984.540003304276,1898.0086423079074,1872.7340902405479,1808.0009783116577,1730.6647633042548,1695.854422334539,1640.1633897558247,1518.4684293625087,1509.5973362910215,1459.099316592834,1392.743798270832,1347.6534330754364,1304.460845077476,1270.2313756193646,1220.2239118774335,1209.9365281688865,1183.9462050177785
large|QI-DMO + swap in every phase|5000-50-uniform-high|inst1|run6|b20000,large,QI-DMO + swap in every phase,"5000 tasks, 50 VMs, uniform/high",5000,50,uniform,high,1,6,20000,1197.4036388766908,2744.7362179301567,528.1700438852678,528.1700438852673,126.70798026871776,126.70798026871795,133.57480311393738,19920,2143.5674355383317,2138.836147937301,1989.3258636822914,1967.0576405073232,1910.625652838906,1910.625652838906,1837.8951937562679,1763.515130476997,1667.8834940191837,1627.5241249889593,1605.2579262181268,1544.7234222679351,1498.7433723651832,1428.7037497651202,1399.6043621828935,1362.1562365620605,1319.1427858942877,1246.607514314124,1234.1097900267173,1197.4036388766908
large|QI-DMO + swap in every phase|5000-50-uniform-high|inst1|run7|b20000,large,QI-DMO + swap in every phase,"5000 tasks, 50 VMs, uniform/high",5000,50,uniform,high,1,7,20000,1144.8376085490431,2648.2389559893527,528.1700438852678,528.1700438852673,116.75549793159635,116.75549793159654,135.290358543396,19920,2268.8411424760584,2093.3929267439753,1974.514966468545,1953.0872769741004,1905.0284514903485,1839.2393292988363,1767.5255264735906,1703.3175462950817,1649.0969222971542,1607.3212083364042,1541.537804121245,1513.7615438677283,1447.9355728845292,1382.2121328708777,1326.0095848288734,1278.9992508145838,1251.530697342092,1227.6494120364293,1188.800885030918,1144.8376085490431
large|QI-DMO + swap in improving phases|5000-50-uniform-high|inst1|run0|b20000,large,QI-DMO + swap in improving phases,"5000 tasks, 50 VMs, uniform/high",5000,50,uniform,high,1,0,20000,1415.4642434442012,3143.5721621193975,528.1700438852678,528.1700438852673,167.99404090241754,167.99404090241777,127.27880716323853,19920,2268.0067355668607,2111.3484599176304,2023.8127886796583,1948.3235480429032,1830.9873717889866,1830.9873717889866,1820.1776980008226,1815.921021851228,1771.2109675558222,1747.3662591297598,1683.8008252925233,1613.3584153790212,1560.9812693436452,1548.556960729654,1516.344634551332,1487.140403770434,1460.6285766891308,1447.3678054560305,1430.2191370378123,1415.4642434442012
large|QI-DMO + swap in every phase|5000-50-uniform-high|inst1|run8|b20000,large,QI-DMO + swap in every phase,"5000 tasks, 50 VMs, uniform/high",5000,50,uniform,high,1,8,20000,1252.4017814316899,2843.988334273963,528.1700438852678,528.1700438852673,137.12094162306258,137.12094162306278,134.33848452568054,19920,2216.907763922551,2083.9404355354873,2013.1147284525525,1956.007895818734,1904.3473999417351,1858.5828084026891,1815.5159043788906,1754.4415232696056,1677.1094786226276,1626.2154617980825,1559.611819526248,1547.6115817366708,1506.450917023615,1462.0968407226235,1399.242509007552,1355.6735789555364,1331.1656133927984,1298.1190763888924,1270.118296144461,1252.4017814316899
large|QI-DMO + swap in improving phases|5000-50-uniform-high|inst1|run1|b20000,large,QI-DMO + swap in improving phases,"5000 tasks, 50 VMs, uniform/high",5000,50,uniform,high,1,1,20000,1374.7284443922936,3072.553475509525,528.1700438852678,528.1700438852673,160.28141131966967,160.28141131966987,128.00672721862793,19920,2309.3072350148796,2208.283642848031,2042.257946195976,1977.221793322497,1963.110429327377,1963.110429327377,1894.9664296442445,1853.6421654644994,1798.5892317140772,1688.230185233302,1609.1844504216624,1579.7646071752208,1535.5570840465643,1468.7067597482996,1451.0477911235823,1425.4204912525706,1415.7725901508734,1396.7036289391604,1382.6402797248147,1374.7284443922936
large|QI-DMO + swap in every phase|5000-50-uniform-high|inst1|run9|b20000,large,QI-DMO + swap in every phase,"5000 tasks, 50 VMs, uniform/high",5000,50,uniform,high,1,9,20000,1213.1466630365508,2771.9443093929526,528.1700438852678,528.1700438852673,129.68865369806502,129.68865369806522,134.72858023643494,19920,2303.2663106065293,2172.8009240046836,2057.2024375437372,2007.5224602249157,1949.2014971031683,1878.6602034872617,1820.7268003314887,1820.7268003314887,1751.2843109338828,1693.012737815608,1633.2468241483214,1532.2090420328298,1458.770514328605,1405.1660866144616,1357.8592446774305,1312.1968581085282,1286.2216536692438,1260.661021528617,1235.0929175081553,1213.1466630365508
large|QI-DMO + swap in improving phases|5000-50-uniform-high|inst1|run2|b20000,large,QI-DMO + swap in improving phases,"5000 tasks, 50 VMs, uniform/high",5000,50,uniform,high,1,2,20000,1365.9038079588438,3051.790280190911,528.1700438852678,528.1700438852673,158.61061674591176,158.61061674591198,127.14018273353577,19920,2233.580830663107,2181.6248703718684,2141.2615172497904,2085.0195860651193,1939.1375225885556,1924.1871750033094,1873.9903369863425,1824.2453181039816,1774.2539386646974,1715.9882188010654,1631.5189917691139,1607.4114596899055,1546.5257692078683,1493.9106770821602,1451.7382583713259,1420.5342885585735,1405.8017397091674,1390.7984836490361,1376.7753037930793,1365.9038079588438
large|QI-DMO + swap in improving phases|5000-50-uniform-high|inst1|run3|b20000,large,QI-DMO + swap in improving phases,"5000 tasks, 50 VMs, uniform/high",5000,50,uniform,high,1,3,20000,1380.1491164334996,3080.923794946602,528.1700438852678,528.1700438852673,161.30772322508008,161.3077232250803,127.84810042381287,19920,2350.9447764624397,2194.0225441611856,2085.713280084241,1958.655214583748,1947.1527347783413,1924.2274039512456,1883.336724515944,1883.336724515944,1793.1060443789224,1745.6305704312376,1667.039282353136,1635.6063742035842,1587.0859733614996,1548.9772422269946,1496.3070045826837,1453.5607828404375,1426.6779199867865,1411.0903300929049,1387.6992827559661,1380.1491164334996
large|QI-DMO + swap in improving phases|5000-50-uniform-high|inst1|run4|b20000,large,QI-DMO + swap in improving phases,"5000 tasks, 50 VMs, uniform/high",5000,50,uniform,high,1,4,20000,1325.3822577739409,2979.511689643269,528.1700438852678,528.1700438852673,150.93855153622616,150.93855153622636,127.91194677352905,19920,2284.700373618295,2133.495131666697,1993.0963996637822,1983.6254695135706,1983.6254695135706,1967.1768829257628,1872.5783089630634,1856.0312482016861,1757.159271219627,1706.4991658271524,1621.168525259763,1597.6784537888645,1540.7660645037047,1483.9367305015007,1456.1671882309743,1407.080383313417,1392.4661484316189,1373.9024452906583,1348.4577020112379,1325.3822577739409
large|QI-DMO + swap in improving phases|5000-50-uniform-high|inst1|run5|b20000,large,QI-DMO + swap in improving phases,"5000 tasks, 50 VMs, uniform/high",5000,50,uniform,high,1,5,20000,1411.4894071224387,3139.1402216597594,528.1700438852678,528.1700438852673,167.241473359487,167.24147335948723,126.41619682312012,19920,2246.5970648341986,2134.220390145394,2054.4961528303206,1992.893031285962,1972.09151986094,1917.3898635558198,1910.8628954236326,1827.9374774851956,1820.490638125709,1717.562979743775,1652.8263197026117,1600.4730108992555,1586.4301104157826,1513.8085609847103,1481.4090513353804,1462.9632722314618,1443.7946978614848,1423.9653185431239,1411.961073418748,1411.4894071224387
large|QI-DMO + swap in improving phases|5000-50-uniform-high|inst1|run6|b20000,large,QI-DMO + swap in improving phases,"5000 tasks, 50 VMs, uniform/high",5000,50,uniform,high,1,6,20000,1385.177307927134,3093.8838713734094,528.1700438852678,528.1700438852673,162.25972562503574,162.25972562503594,125.88079929351807,19920,2329.6239907259874,2132.1249993759634,2023.7763333848263,2023.7763333848263,1941.4038268910153,1901.6592221977387,1901.3682705675008,1807.1430498453271,1750.535979555011,1670.3041491439844,1621.2006595918433,1578.0132036425894,1542.145818298459,1506.9695548998802,1474.4473129489845,1460.3367602654107,1433.561672564044,1409.9958520968505,1395.387222092113,1385.177307927134
large|QI-DMO + swap in improving phases|5000-50-uniform-high|inst1|run9|b20000,large,QI-DMO + swap in improving phases,"5000 tasks, 50 VMs, uniform/high",5000,50,uniform,high,1,9,20000,1313.6037366413916,2959.934365851702,528.1700438852678,528.1700438852673,148.7084892165411,148.7084892165413,126.779301404953,19920,2232.8171348390324,2089.914147939889,2089.914147939889,2018.8312617340857,1946.3458259955205,1909.6754852388842,1790.421244763055,1790.421244763055,1673.319395071833,1620.9885993867135,1565.1299928879432,1521.0959970373547,1497.424172708393,1459.960095548933,1433.1575925977966,1398.225610479241,1369.43007949496,1340.7526323265618,1324.712324517068,1313.6037366413916
large|QI-DMO + swap in improving phases|5000-50-uniform-high|inst1|run7|b20000,large,QI-DMO + swap in improving phases,"5000 tasks, 50 VMs, uniform/high",5000,50,uniform,high,1,7,20000,1355.5686545817239,3037.4500089593616,528.1700438852678,528.1700438852673,156.65383152176435,156.65383152176454,127.1423807144165,19920,2262.8304502095316,2134.7449146144154,2054.005644600438,2023.9253412941553,1996.1254157025887,1889.6475151910781,1852.6977367337602,1795.1403338529353,1735.7035261011679,1640.4754270599421,1612.2560028077803,1551.3464046389754,1491.144454389992,1468.849621814474,1451.6404911484863,1413.9937149829777,1391.795320812407,1373.4549470196237,1360.849764539693,1355.5686545817239
large|QI-DMO + swap in improving phases|5000-50-uniform-high|inst1|run8|b20000,large,QI-DMO + swap in improving phases,"5000 tasks, 50 VMs, uniform/high",5000,50,uniform,high,1,8,20000,1370.116685044669,3064.1048428593813,528.1700438852678,528.1700438852673,159.40825325229804,159.40825325229827,127.99203419685364,19920,2307.532126042826,2202.9792340612526,2109.3040242378947,2051.1802416855026,1997.5120880408713,1969.1630978976495,1914.1823680094726,1850.798982041859,1770.5731833869972,1721.3506569981425,1638.2486127879195,1631.338405616503,1579.3551377260853,1536.381015517425,1490.569262132479,1459.3251787787833,1431.1952619684369,1408.560148209643,1382.1847734269732,1370.116685044669
